C,Story,Emotion,Val
0.003400389008648095,Anxiety,Anxiety,0.09554347975153218
0.003400389008648095,Anxiety,Despair,0.7766739911082163
0.003400389008648095,Anxiety,Irritation,0.08282585635897138
0.003400389008648095,Anxiety,Rage,0.04495667278128037
0.003400389008648095,Despair,Anxiety,0.0955378748589571
0.003400389008648095,Despair,Despair,0.7766766993634595
0.003400389008648095,Despair,Irritation,0.08282820219411267
0.003400389008648095,Despair,Rage,0.04495722358347072
0.003400389008648095,Irritation,Anxiety,0.015792876129168344
0.003400389008648095,Irritation,Despair,0.06945417183879543
0.003400389008648095,Irritation,Irritation,0.028129746228723437
0.003400389008648095,Irritation,Rage,0.8866232058033126
0.003400389008648095,Rage,Anxiety,0.0007952146672618294
0.003400389008648095,Rage,Despair,0.13124024102699078
0.003400389008648095,Rage,Irritation,0.003073522643496321
0.003400389008648095,Rage,Rage,0.8648910216622514
0.003494471633933803,Anxiety,Anxiety,0.147032982233889
0.003494471633933803,Anxiety,Despair,0.7253573124600745
0.003494471633933803,Anxiety,Irritation,0.09390291815314113
0.003494471633933803,Anxiety,Rage,0.03370678715289535
0.003494471633933803,Despair,Anxiety,0.14702448798176532
0.003494471633933803,Despair,Despair,0.7253638412473767
0.003494471633933803,Despair,Irritation,0.09390436391916969
0.003494471633933803,Despair,Rage,0.03370730685168795
0.003494471633933803,Irritation,Anxiety,0.022821741881952205
0.003494471633933803,Irritation,Despair,0.0913275275031116
0.003494471633933803,Irritation,Irritation,0.04819595090220019
0.003494471633933803,Irritation,Rage,0.8376547797127363
0.003494471633933803,Rage,Anxiety,0.001058325039549963
0.003494471633933803,Rage,Despair,0.16977866523807544
0.003494471633933803,Rage,Irritation,0.004897992830189363
0.003494471633933803,Rage,Rage,0.8242650168921852
0.0033133099984181593,Anxiety,Anxiety,0.11114580602138177
0.0033133099984181593,Anxiety,Despair,0.7144154595195364
0.0033133099984181593,Anxiety,Irritation,0.09906637202107252
0.0033133099984181593,Anxiety,Rage,0.07537236243800922
0.0033133099984181593,Despair,Anxiety,0.11114051731811177
0.0033133099984181593,Despair,Despair,0.7144172978826686
0.0033133099984181593,Despair,Irritation,0.09906899468771135
0.0033133099984181593,Despair,Rage,0.07537319011150853
0.0033133099984181593,Irritation,Anxiety,0.0174217093266553
0.0033133099984181593,Irritation,Despair,0.08208155054626387
0.0033133099984181593,Irritation,Irritation,0.02969461165095639
0.0033133099984181593,Irritation,Rage,0.8708021284761243
0.0033133099984181593,Rage,Anxiety,0.0008606268917771032
0.0033133099984181593,Rage,Despair,0.15779781757459918
0.0033133099984181593,Rage,Irritation,0.0034299259046651574
0.0033133099984181593,Rage,Rage,0.8379116296289584
0.0031183701323969594,Anxiety,Anxiety,0.10405791037412553
0.0031183701323969594,Anxiety,Despair,0.7221524926749403
0.0031183701323969594,Anxiety,Irritation,0.08786517486026055
0.0031183701323969594,Anxiety,Rage,0.08592442209067357
0.0031183701323969594,Despair,Anxiety,0.10405317143049309
0.0031183701323969594,Despair,Despair,0.7221538825036831
0.0031183701323969594,Despair,Irritation,0.08786777272552238
0.0031183701323969594,Despair,Rage,0.08592517334030135
0.0031183701323969594,Irritation,Anxiety,0.011089603937779354
0.0031183701323969594,Irritation,Despair,0.0435597019126044
0.0031183701323969594,Irritation,Irritation,0.012127185478989512
0.0031183701323969594,Irritation,Rage,0.9332235086706266
0.0031183701323969594,Rage,Anxiety,0.0005075232430449469
0.0031183701323969594,Rage,Despair,0.08192864870570403
0.0031183701323969594,Rage,Irritation,0.0010307656587890586
0.0031183701323969594,Rage,Rage,0.9165330623924618
0.0032562204733320244,Anxiety,Anxiety,0.09809650644595744
0.0032562204733320244,Anxiety,Despair,0.7665215167332001
0.0032562204733320244,Anxiety,Irritation,0.08269331934097347
0.0032562204733320244,Anxiety,Rage,0.05268865747986935
0.0032562204733320244,Despair,Anxiety,0.09809072214592728
0.0032562204733320244,Despair,Despair,0.7665245193257145
0.0032562204733320244,Despair,Irritation,0.082695478054666
0.0032562204733320244,Despair,Rage,0.052689280473691834
0.0032562204733320244,Irritation,Anxiety,0.017704646653213175
0.0032562204733320244,Irritation,Despair,0.08354214557821638
0.0032562204733320244,Irritation,Irritation,0.03118358935911297
0.0032562204733320244,Irritation,Rage,0.8675696184094576
0.0032562204733320244,Rage,Anxiety,0.0008550801628686584
0.0032562204733320244,Rage,Despair,0.15898843173072608
0.0032562204733320244,Rage,Irritation,0.003402208262840372
0.0032562204733320244,Rage,Rage,0.8367542798435649
0.0030864138252351754,Anxiety,Anxiety,0.09924963684065523
0.0030864138252351754,Anxiety,Despair,0.7199431092120125
0.0030864138252351754,Anxiety,Irritation,0.08656323952821134
0.0030864138252351754,Anxiety,Rage,0.09424401441912107
0.0030864138252351754,Despair,Anxiety,0.09924571568495213
0.0030864138252351754,Despair,Despair,0.7199444050531485
0.0030864138252351754,Despair,Irritation,0.08656529149672923
0.0030864138252351754,Despair,Rage,0.0942445877651701
0.0030864138252351754,Irritation,Anxiety,0.021551684306995066
0.0030864138252351754,Irritation,Despair,0.1112720611378107
0.0030864138252351754,Irritation,Irritation,0.02940571542198407
0.0030864138252351754,Irritation,Rage,0.8377705391332105
0.0030864138252351754,Rage,Anxiety,0.000755641458472767
0.0030864138252351754,Rage,Despair,0.22077415812610046
0.0030864138252351754,Rage,Irritation,0.001961866760291665
0.0030864138252351754,Rage,Rage,0.776508333655135
0.0034190190770895922,Anxiety,Anxiety,0.13891996198024914
0.0034190190770895922,Anxiety,Despair,0.7266446264531846
0.0034190190770895922,Anxiety,Irritation,0.0993163664873049
0.0034190190770895922,Anxiety,Rage,0.035119045079261425
0.0034190190770895922,Despair,Anxiety,0.13891212986528603
0.0034190190770895922,Despair,Despair,0.7266504954873573
0.0034190190770895922,Despair,Irritation,0.09931783597696534
0.0034190190770895922,Despair,Rage,0.03511953867039151
0.0034190190770895922,Irritation,Anxiety,0.016149674658469528
0.0034190190770895922,Irritation,Despair,0.053617607067631634
0.0034190190770895922,Irritation,Irritation,0.034634181978334296
0.0034190190770895922,Irritation,Rage,0.8955985362955646
0.0034190190770895922,Rage,Anxiety,0.0007728686344213727
0.0034190190770895922,Rage,Despair,0.09824336458992824
0.0034190190770895922,Rage,Irritation,0.0031033149887804545
0.0034190190770895922,Rage,Rage,0.8978804517868699
0.003823813273083418,Anxiety,Anxiety,0.22116949837839542
0.003823813273083418,Anxiety,Despair,0.6435724686291563
0.003823813273083418,Anxiety,Irritation,0.1231436507359211
0.003823813273083418,Anxiety,Rage,0.012114382256527152
0.003823813273083418,Despair,Anxiety,0.22115989275727563
0.003823813273083418,Despair,Despair,0.643580063539395
0.003823813273083418,Despair,Irritation,0.12314528153493667
0.003823813273083418,Despair,Rage,0.012114762168392728
0.003823813273083418,Irritation,Anxiety,0.016372672997909128
0.003823813273083418,Irritation,Despair,0.007470169323858527
0.003823813273083418,Irritation,Irritation,0.04819210365097022
0.003823813273083418,Irritation,Rage,0.9279650540272618
0.003823813273083418,Rage,Anxiety,0.00047388535514345697
0.003823813273083418,Rage,Despair,0.005840485362789516
0.003823813273083418,Rage,Irritation,0.0005737083820944863
0.003823813273083418,Rage,Rage,0.9931119208999724
0.003244350632219588,Anxiety,Anxiety,0.06898595279020107
0.003244350632219588,Anxiety,Despair,0.7994226001257874
0.003244350632219588,Anxiety,Irritation,0.0707725840267365
0.003244350632219588,Anxiety,Rage,0.0608188630572753
0.003244350632219588,Despair,Anxiety,0.06898227471091008
0.003244350632219588,Despair,Despair,0.7994234170534359
0.003244350632219588,Despair,Irritation,0.07077494520756951
0.003244350632219588,Despair,Rage,0.06081936302808439
0.003244350632219588,Irritation,Anxiety,0.027916399124669963
0.003244350632219588,Irritation,Despair,0.1344638814220359
0.003244350632219588,Irritation,Irritation,0.04355051097765355
0.003244350632219588,Irritation,Rage,0.7940692084756404
0.003244350632219588,Rage,Anxiety,0.001055739894698519
0.003244350632219588,Rage,Despair,0.2720097760851178
0.003244350632219588,Rage,Irritation,0.0040758154398220425
0.003244350632219588,Rage,Rage,0.7228586685803616
0.0032037886085604195,Anxiety,Anxiety,0.07406652514810082
0.0032037886085604195,Anxiety,Despair,0.8484965125679769
0.0032037886085604195,Anxiety,Irritation,0.05551353128235017
0.0032037886085604195,Anxiety,Rage,0.02192343100157218
0.0032037886085604195,Despair,Anxiety,0.07406067877704779
0.0032037886085604195,Despair,Despair,0.848500357590004
0.0032037886085604195,Despair,Irritation,0.055515271656634
0.0032037886085604195,Despair,Rage,0.021923691976314507
0.0032037886085604195,Irritation,Anxiety,0.024340556041157795
0.0032037886085604195,Irritation,Despair,0.1209365155163319
0.0032037886085604195,Irritation,Irritation,0.041667914434213346
0.0032037886085604195,Irritation,Rage,0.813055014008297
0.0032037886085604195,Rage,Anxiety,0.0009500030542227688
0.0032037886085604195,Rage,Despair,0.2334420170180495
0.0032037886085604195,Rage,Irritation,0.0034455536007011837
0.0032037886085604195,Rage,Rage,0.7621624263270265
0.0035549016572311728,Anxiety,Anxiety,0.12245333133540448
0.0035549016572311728,Anxiety,Despair,0.7349078001806245
0.0035549016572311728,Anxiety,Irritation,0.0976374053321573
0.0035549016572311728,Anxiety,Rage,0.04500146315181353
0.0035549016572311728,Despair,Anxiety,0.12244583892891334
0.0035549016572311728,Despair,Despair,0.7349122263382236
0.0035549016572311728,Despair,Irritation,0.09763966030278186
0.0035549016572311728,Despair,Rage,0.045002274430081396
0.0035549016572311728,Irritation,Anxiety,0.0120741815728528
0.0035549016572311728,Irritation,Despair,0.016480556440339997
0.0035549016572311728,Irritation,Irritation,0.024943014861494105
0.0035549016572311728,Irritation,Rage,0.946502247125313
0.0035549016572311728,Rage,Anxiety,0.000776766972185081
0.0035549016572311728,Rage,Despair,0.028218249451613355
0.0035549016572311728,Rage,Irritation,0.000941395568629051
0.0035549016572311728,Rage,Rage,0.9700635880075726
0.0035128575813108886,Anxiety,Anxiety,0.10872051614401945
0.0035128575813108886,Anxiety,Despair,0.767562615473457
0.0035128575813108886,Anxiety,Irritation,0.08590628166557457
0.0035128575813108886,Anxiety,Rage,0.03781058671694939
0.0035128575813108886,Despair,Anxiety,0.10871379086057231
0.0035128575813108886,Despair,Despair,0.7675668116292276
0.0035128575813108886,Despair,Irritation,0.08590827549976265
0.0035128575813108886,Despair,Rage,0.037811122010437445
0.0035128575813108886,Irritation,Anxiety,0.021524200029830028
0.0035128575813108886,Irritation,Despair,0.09625849922686201
0.0035128575813108886,Irritation,Irritation,0.042161949248967295
0.0035128575813108886,Irritation,Rage,0.8400553514943405
0.0035128575813108886,Rage,Anxiety,0.001056935165923747
0.0035128575813108886,Rage,Despair,0.1834104793214863
0.0035128575813108886,Rage,Irritation,0.004741736903567816
0.0035128575813108886,Rage,Rage,0.8107908486090221
0.003433334912466948,Anxiety,Anxiety,0.15341781029591456
0.003433334912466948,Anxiety,Despair,0.7509911887179034
0.003433334912466948,Anxiety,Irritation,0.08169654603894569
0.003433334912466948,Anxiety,Rage,0.013894454947236224
0.003433334912466948,Despair,Anxiety,0.15340798628197988
0.003433334912466948,Despair,Despair,0.7510005171446789
0.003433334912466948,Despair,Irritation,0.08169696210687996
0.003433334912466948,Despair,Rage,0.013894534466461382
0.003433334912466948,Irritation,Anxiety,0.020805117102986645
0.003433334912466948,Irritation,Despair,0.07865273505493237
0.003433334912466948,Irritation,Irritation,0.045095678420049704
0.003433334912466948,Irritation,Rage,0.8554464694220314
0.003433334912466948,Rage,Anxiety,0.0008476119247206073
0.003433334912466948,Rage,Despair,0.14452297133377898
0.003433334912466948,Rage,Irritation,0.0033517880987962486
0.003433334912466948,Rage,Rage,0.8512776286427041
0.003105760168871869,Anxiety,Anxiety,0.08201772547711207
0.003105760168871869,Anxiety,Despair,0.7895188232400822
0.003105760168871869,Anxiety,Irritation,0.061917404309585235
0.003105760168871869,Anxiety,Rage,0.06654604697322056
0.003105760168871869,Despair,Anxiety,0.08201240881198929
0.003105760168871869,Despair,Despair,0.7895219251086053
0.003105760168871869,Despair,Irritation,0.06191907455032101
0.003105760168871869,Despair,Rage,0.06654659152908422
0.003105760168871869,Irritation,Anxiety,0.030975955444831522
0.003105760168871869,Irritation,Despair,0.1473808926143399
0.003105760168871869,Irritation,Irritation,0.04827359261185273
0.003105760168871869,Irritation,Rage,0.7733695593289759
0.003105760168871869,Rage,Anxiety,0.0009111513553306395
0.003105760168871869,Rage,Despair,0.2963391004828917
0.003105760168871869,Rage,Irritation,0.002793290535010535
0.003105760168871869,Rage,Rage,0.6999564576267671
0.003390749761530518,Anxiety,Anxiety,0.10503032327578112
0.003390749761530518,Anxiety,Despair,0.7679469170078111
0.003390749761530518,Anxiety,Irritation,0.08194828157933429
0.003390749761530518,Anxiety,Rage,0.045074478137072986
0.003390749761530518,Despair,Anxiety,0.10502382261485657
0.003390749761530518,Despair,Despair,0.7679508064085835
0.003390749761530518,Despair,Irritation,0.08195034634920471
0.003390749761530518,Despair,Rage,0.04507502462735532
0.003390749761530518,Irritation,Anxiety,0.024383318799113526
0.003390749761530518,Irritation,Despair,0.1126902344900004
0.003390749761530518,Irritation,Irritation,0.044986921585484486
0.003390749761530518,Irritation,Rage,0.8179395251254017
0.003390749761530518,Rage,Anxiety,0.0011039499847052667
0.003390749761530518,Rage,Despair,0.21820165086270343
0.003390749761530518,Rage,Irritation,0.00489106341464059
0.003390749761530518,Rage,Rage,0.775803335737951
0.0036198741758879153,Anxiety,Anxiety,0.17163328353556373
0.0036198741758879153,Anxiety,Despair,0.6947921157496117
0.0036198741758879153,Anxiety,Irritation,0.11361379119201108
0.0036198741758879153,Anxiety,Rage,0.019960809522813483
0.0036198741758879153,Despair,Anxiety,0.1716245710202661
0.0036198741758879153,Despair,Despair,0.6947991591067592
0.0036198741758879153,Despair,Irritation,0.11361501482369551
0.0036198741758879153,Despair,Rage,0.019961255049279467
0.0036198741758879153,Irritation,Anxiety,0.016198198881336993
0.0036198741758879153,Irritation,Despair,0.025600430030142667
0.0036198741758879153,Irritation,Irritation,0.04659412207142484
0.0036198741758879153,Irritation,Rage,0.9116072490170953
0.0036198741758879153,Rage,Anxiety,0.001177668193227003
0.0036198741758879153,Rage,Despair,0.042064465313283186
0.0036198741758879153,Rage,Irritation,0.0019105978997770176
0.0036198741758879153,Rage,Rage,0.9548472685937128
0.0029749220366647035,Anxiety,Anxiety,0.09555972109777656
0.0029749220366647035,Anxiety,Despair,0.7190585781641843
0.0029749220366647035,Anxiety,Irritation,0.08515660688382795
0.0029749220366647035,Anxiety,Rage,0.1002250938542112
0.0029749220366647035,Despair,Anxiety,0.0955566559100084
0.0029749220366647035,Despair,Despair,0.71905898639052
0.0029749220366647035,Despair,Irritation,0.08515863295153293
0.0029749220366647035,Despair,Rage,0.10022572474793873
0.0029749220366647035,Irritation,Anxiety,0.022970565789003288
0.0029749220366647035,Irritation,Despair,0.1201260428373467
0.0029749220366647035,Irritation,Irritation,0.03160229865491301
0.0029749220366647035,Irritation,Rage,0.8253010927187369
0.0029749220366647035,Rage,Anxiety,0.0006742355113178818
0.0029749220366647035,Rage,Despair,0.24366654107980434
0.0029749220366647035,Rage,Irritation,0.0014064730655314439
0.0029749220366647035,Rage,Rage,0.7542527503433465
0.003255289190192157,Anxiety,Anxiety,0.10667746487598664
0.003255289190192157,Anxiety,Despair,0.7158046388910955
0.003255289190192157,Anxiety,Irritation,0.09775870456068023
0.003255289190192157,Anxiety,Rage,0.0797591916722376
0.003255289190192157,Despair,Anxiety,0.10667239792603891
0.003255289190192157,Despair,Despair,0.7158064907905194
0.003255289190192157,Despair,Irritation,0.09776114595615884
0.003255289190192157,Despair,Rage,0.07975996532728254
0.003255289190192157,Irritation,Anxiety,0.01784578737590754
0.003255289190192157,Irritation,Despair,0.08768104741418414
0.003255289190192157,Irritation,Irritation,0.027165234498613283
0.003255289190192157,Irritation,Rage,0.867307930711295
0.003255289190192157,Rage,Anxiety,0.0008632783748122553
0.003255289190192157,Rage,Despair,0.16984350333552603
0.003255289190192157,Rage,Irritation,0.0033287358511324915
0.003255289190192157,Rage,Rage,0.8259644824385293
0.002798780580292367,Anxiety,Anxiety,0.13203562026777926
0.002798780580292367,Anxiety,Despair,0.6769823547235018
0.002798780580292367,Anxiety,Irritation,0.0898465637470342
0.002798780580292367,Anxiety,Rage,0.10113546126168492
0.002798780580292367,Despair,Anxiety,0.1320304918121053
0.002798780580292367,Despair,Despair,0.6769852757037271
0.002798780580292367,Despair,Irritation,0.08984791796144619
0.002798780580292367,Despair,Rage,0.10113631452272129
0.002798780580292367,Irritation,Anxiety,0.027024098370309866
0.002798780580292367,Irritation,Despair,0.13161031233236234
0.002798780580292367,Irritation,Irritation,0.03585608844403187
0.002798780580292367,Irritation,Rage,0.805509500853296
0.002798780580292367,Rage,Anxiety,0.0005765595890635697
0.002798780580292367,Rage,Despair,0.27263804927263513
0.002798780580292367,Rage,Irritation,0.0010011054311005354
0.002798780580292367,Rage,Rage,0.7257842857072005
0.0029922123613533944,Anxiety,Anxiety,0.11176937272216021
0.0029922123613533944,Anxiety,Despair,0.7036282890674098
0.0029922123613533944,Anxiety,Irritation,0.09014536952666262
0.0029922123613533944,Anxiety,Rage,0.09445696868376734
0.0029922123613533944,Despair,Anxiety,0.1117645100624571
0.0029922123613533944,Despair,Despair,0.7036300363481935
0.0029922123613533944,Despair,Irritation,0.09014777774140137
0.0029922123613533944,Despair,Rage,0.09445767584794815
0.0029922123613533944,Irritation,Anxiety,0.021767146475070328
0.0029922123613533944,Irritation,Despair,0.11152167461126815
0.0029922123613533944,Irritation,Irritation,0.02958158154319589
0.0029922123613533944,Irritation,Rage,0.8371295973704654
0.0029922123613533944,Rage,Anxiety,0.0007401458228919438
0.0029922123613533944,Rage,Despair,0.22164506836819875
0.0029922123613533944,Rage,Irritation,0.0020414417967895737
0.0029922123613533944,Rage,Rage,0.7755733440121196
0.002817592243404184,Anxiety,Anxiety,0.1203587186366636
0.002817592243404184,Anxiety,Despair,0.7349540378201067
0.002817592243404184,Anxiety,Irritation,0.06382362345119222
0.002817592243404184,Anxiety,Rage,0.08086362009203754
0.002817592243404184,Despair,Anxiety,0.12035146428233025
0.002817592243404184,Despair,Despair,0.7349600192093549
0.002817592243404184,Despair,Irritation,0.06382399692408017
0.002817592243404184,Despair,Rage,0.08086451958423461
0.002817592243404184,Irritation,Anxiety,0.041555329442858814
0.002817592243404184,Irritation,Despair,0.1682427611865222
0.002817592243404184,Irritation,Irritation,0.05803119563819531
0.002817592243404184,Irritation,Rage,0.7321707137324236
0.002817592243404184,Rage,Anxiety,0.0006258210513959753
0.002817592243404184,Rage,Despair,0.3613686122501293
0.002817592243404184,Rage,Irritation,0.0009806572323430474
0.002817592243404184,Rage,Rage,0.6370249094661314
0.003325657656809882,Anxiety,Anxiety,0.11427544774371343
0.003325657656809882,Anxiety,Despair,0.7494785155661257
0.003325657656809882,Anxiety,Irritation,0.08773669079246202
0.003325657656809882,Anxiety,Rage,0.04850934589769844
0.003325657656809882,Despair,Anxiety,0.11426839058687989
0.003325657656809882,Despair,Despair,0.7494826996341256
0.003325657656809882,Despair,Irritation,0.08773892125472892
0.003325657656809882,Despair,Rage,0.048509988524265635
0.003325657656809882,Irritation,Anxiety,0.017620565119200578
0.003325657656809882,Irritation,Despair,0.07697434294164411
0.003325657656809882,Irritation,Irritation,0.0315911706013703
0.003325657656809882,Irritation,Rage,0.8738139213377852
0.003325657656809882,Rage,Anxiety,0.0008515037560111958
0.003325657656809882,Rage,Despair,0.14664331530527625
0.003325657656809882,Rage,Irritation,0.003437090163205015
0.003325657656809882,Rage,Rage,0.8490680907755076
0.002999198230627156,Anxiety,Anxiety,0.10752428897149127
0.002999198230627156,Anxiety,Despair,0.7086688249189572
0.002999198230627156,Anxiety,Irritation,0.0897396313202646
0.002999198230627156,Anxiety,Rage,0.09406725478928699
0.002999198230627156,Despair,Anxiety,0.10751946461530909
0.002999198230627156,Despair,Despair,0.7086704466023733
0.002999198230627156,Despair,Irritation,0.08974213864947847
0.002999198230627156,Despair,Rage,0.09406795013283949
0.002999198230627156,Irritation,Anxiety,0.02120528196424484
0.002999198230627156,Irritation,Despair,0.10947491517636651
0.002999198230627156,Irritation,Irritation,0.02938418661698128
0.002999198230627156,Irritation,Rage,0.8399356162424075
0.002999198230627156,Rage,Anxiety,0.0007465819983568378
0.002999198230627156,Rage,Despair,0.21735264150204556
0.002999198230627156,Rage,Irritation,0.002069596509218958
0.002999198230627156,Rage,Rage,0.7798311799903785
0.0034857813221901763,Anxiety,Anxiety,0.110656512573691
0.0034857813221901763,Anxiety,Despair,0.7627524084698286
0.0034857813221901763,Anxiety,Irritation,0.09279591182755782
0.0034857813221901763,Anxiety,Rage,0.03379516712892251
0.0034857813221901763,Despair,Anxiety,0.11065023630977354
0.0034857813221901763,Despair,Despair,0.7627558965253755
0.0034857813221901763,Despair,Irritation,0.09279816339096202
0.0034857813221901763,Despair,Rage,0.03379570377388905
0.0034857813221901763,Irritation,Anxiety,0.014892093188412866
0.0034857813221901763,Irritation,Despair,0.05030077800997153
0.0034857813221901763,Irritation,Irritation,0.032514356068672194
0.0034857813221901763,Irritation,Rage,0.9022927727329436
0.0034857813221901763,Rage,Anxiety,0.0007459195773203991
0.0034857813221901763,Rage,Despair,0.0921801527942018
0.0034857813221901763,Rage,Irritation,0.0028112024184799313
0.0034857813221901763,Rage,Rage,0.9042627252099978
0.0034495690459438906,Anxiety,Anxiety,0.11617467559947538
0.0034495690459438906,Anxiety,Despair,0.7183564148268586
0.0034495690459438906,Anxiety,Irritation,0.10224458458441797
0.0034495690459438906,Anxiety,Rage,0.06322432498924811
0.0034495690459438906,Despair,Anxiety,0.1161689401059996
0.0034495690459438906,Despair,Despair,0.7183593316202513
0.0034495690459438906,Despair,Irritation,0.10224651558285204
0.0034495690459438906,Despair,Rage,0.06322521269089715
0.0034495690459438906,Irritation,Anxiety,0.015860013435418256
0.0034495690459438906,Irritation,Despair,0.0633300172105819
0.0034495690459438906,Irritation,Irritation,0.03171055835081986
0.0034495690459438906,Irritation,Rage,0.88909941100318
0.0034495690459438906,Rage,Anxiety,0.0008224072630165734
0.0034495690459438906,Rage,Despair,0.11862636196404751
0.0034495690459438906,Rage,Irritation,0.0033577266415941182
0.0034495690459438906,Rage,Rage,0.8771935041313418
0.003340887244980252,Anxiety,Anxiety,0.11109319130399088
0.003340887244980252,Anxiety,Despair,0.757135950412141
0.003340887244980252,Anxiety,Irritation,0.08133287328114999
0.003340887244980252,Anxiety,Rage,0.05043798500271776
0.003340887244980252,Despair,Anxiety,0.11108587117658611
0.003340887244980252,Despair,Despair,0.7571411915926497
0.003340887244980252,Despair,Irritation,0.08133428510118844
0.003340887244980252,Despair,Rage,0.05043865212957595
0.003340887244980252,Irritation,Anxiety,0.026845357401445512
0.003340887244980252,Irritation,Despair,0.12276585004489711
0.003340887244980252,Irritation,Irritation,0.044176591529326854
0.003340887244980252,Irritation,Rage,0.8062122010243304
0.003340887244980252,Rage,Anxiety,0.0011170481556858876
0.003340887244980252,Rage,Despair,0.24154897974252612
0.003340887244980252,Rage,Irritation,0.0048112759655701744
0.003340887244980252,Rage,Rage,0.7525226961362178
0.0026041306990460464,Anxiety,Anxiety,0.2846244206065486
0.0026041306990460464,Anxiety,Despair,0.5464183989745387
0.0026041306990460464,Anxiety,Irritation,0.09426255824087883
0.0026041306990460464,Anxiety,Rage,0.07469462217803394
0.0026041306990460464,Despair,Anxiety,0.2846198075849964
0.0026041306990460464,Despair,Despair,0.5464227852769137
0.0026041306990460464,Despair,Irritation,0.09426222212686543
0.0026041306990460464,Despair,Rage,0.07469518501122464
0.0026041306990460464,Irritation,Anxiety,0.05385098184799774
0.0026041306990460464,Irritation,Despair,0.14539977797661305
0.0026041306990460464,Irritation,Irritation,0.04910096657846646
0.0026041306990460464,Irritation,Rage,0.7516482735969229
0.0026041306990460464,Rage,Anxiety,0.0025431565546736915
0.0026041306990460464,Rage,Despair,0.31969865660825003
0.0026041306990460464,Rage,Irritation,0.0005744376820284663
0.0026041306990460464,Rage,Rage,0.6771837491550476
0.003229650348977277,Anxiety,Anxiety,0.10971477536980521
0.003229650348977277,Anxiety,Despair,0.715206730190588
0.003229650348977277,Anxiety,Irritation,0.09205234085790477
0.003229650348977277,Anxiety,Rage,0.08302615358170204
0.003229650348977277,Despair,Anxiety,0.1097092832462719
0.003229650348977277,Despair,Despair,0.7152091645518758
0.003229650348977277,Despair,Irritation,0.0920545652351649
0.003229650348977277,Despair,Rage,0.08302698696668763
0.003229650348977277,Irritation,Anxiety,0.019080901484336395
0.003229650348977277,Irritation,Despair,0.09482351883671807
0.003229650348977277,Irritation,Irritation,0.027955356210300767
0.003229650348977277,Irritation,Rage,0.8581402234686447
0.003229650348977277,Rage,Anxiety,0.000820123196757524
0.003229650348977277,Rage,Despair,0.18560448316088635
0.003229650348977277,Rage,Irritation,0.002815844556002245
0.003229650348977277,Rage,Rage,0.8107595490863537
0.003384662654386114,Anxiety,Anxiety,0.11641562385174906
0.003384662654386114,Anxiety,Despair,0.7188658189802987
0.003384662654386114,Anxiety,Irritation,0.09349416839062466
0.003384662654386114,Anxiety,Rage,0.0712243887773275
0.003384662654386114,Despair,Anxiety,0.11640931314977644
0.003384662654386114,Despair,Despair,0.7188690738710358
0.003384662654386114,Despair,Irritation,0.0934963385170706
0.003384662654386114,Despair,Rage,0.07122527446211716
0.003384662654386114,Irritation,Anxiety,0.017126471192710897
0.003384662654386114,Irritation,Despair,0.07728393584031393
0.003384662654386114,Irritation,Irritation,0.03127457914191209
0.003384662654386114,Irritation,Rage,0.8743150138250629
0.003384662654386114,Rage,Anxiety,0.0008058279086047948
0.003384662654386114,Rage,Despair,0.14746839401257328
0.003384662654386114,Rage,Irritation,0.0030288937087040017
0.003384662654386114,Rage,Rage,0.8486968843701179
0.0034358314475134593,Anxiety,Anxiety,0.11030065826245636
0.0034358314475134593,Anxiety,Despair,0.6989453590275991
0.0034358314475134593,Anxiety,Irritation,0.11706712024285963
0.0034358314475134593,Anxiety,Rage,0.07368686246708508
0.0034358314475134593,Despair,Anxiety,0.11029643619087594
0.0034358314475134593,Despair,Despair,0.6989457654328948
0.0034358314475134593,Despair,Irritation,0.11706997087649387
0.0034358314475134593,Despair,Rage,0.07368782749973556
0.0034358314475134593,Irritation,Anxiety,0.010970962673358339
0.0034358314475134593,Irritation,Despair,0.012674050394826532
0.0034358314475134593,Irritation,Irritation,0.021228767733472854
0.0034358314475134593,Irritation,Rage,0.9551262191983424
0.0034358314475134593,Rage,Anxiety,0.0006256238566948501
0.0034358314475134593,Rage,Despair,0.022044571151126215
0.0034358314475134593,Rage,Irritation,0.0007981074397305582
0.0034358314475134593,Rage,Rage,0.9765316975524484
0.0029161285851717652,Anxiety,Anxiety,0.08853647646939874
0.0029161285851717652,Anxiety,Despair,0.7700842856622585
0.0029161285851717652,Anxiety,Irritation,0.06201367881213481
0.0029161285851717652,Anxiety,Rage,0.07936555905620822
0.0029161285851717652,Despair,Anxiety,0.08853136461000284
0.0029161285851717652,Despair,Despair,0.770087351863358
0.0029161285851717652,Despair,Irritation,0.06201505571462564
0.0029161285851717652,Despair,Rage,0.07936622781201388
0.0029161285851717652,Irritation,Anxiety,0.03721279251810022
0.0029161285851717652,Irritation,Despair,0.16288492519195275
0.0029161285851717652,Irritation,Irritation,0.05399310843954893
0.0029161285851717652,Irritation,Rage,0.7459091738503979
0.0029161285851717652,Rage,Anxiety,0.0007385610807857531
0.0029161285851717652,Rage,Despair,0.3439461962705132
0.0029161285851717652,Rage,Irritation,0.001657902297615779
0.0029161285851717652,Rage,Rage,0.653657340351085
0.003248921148812565,Anxiety,Anxiety,0.09537490211447164
0.003248921148812565,Anxiety,Despair,0.7687932549181111
0.003248921148812565,Anxiety,Irritation,0.08124174732476876
0.003248921148812565,Anxiety,Rage,0.0545900956426484
0.003248921148812565,Despair,Anxiety,0.09536932018782152
0.003248921148812565,Despair,Despair,0.7687959750111037
0.003248921148812565,Despair,Irritation,0.08124400564248929
0.003248921148812565,Despair,Rage,0.054590699158585276
0.003248921148812565,Irritation,Anxiety,0.017810664671498076
0.003248921148812565,Irritation,Despair,0.08550555779084944
0.003248921148812565,Irritation,Irritation,0.02892475489966621
0.003248921148812565,Irritation,Rage,0.8677590226379861
0.003248921148812565,Rage,Anxiety,0.00085037970302304
0.003248921148812565,Rage,Despair,0.1642384449735362
0.003248921148812565,Rage,Irritation,0.0033048269271573187
0.003248921148812565,Rage,Rage,0.8316063483962833
0.003090565097941293,Anxiety,Anxiety,0.08956898660480671
0.003090565097941293,Anxiety,Despair,0.7726320570898357
0.003090565097941293,Anxiety,Irritation,0.06773461630412021
0.003090565097941293,Anxiety,Rage,0.07006434000123742
0.003090565097941293,Despair,Anxiety,0.08956336763934933
0.003090565097941293,Despair,Despair,0.7726352878408287
0.003090565097941293,Despair,Irritation,0.06773638666229394
0.003090565097941293,Despair,Rage,0.07006495785752807
0.003090565097941293,Irritation,Anxiety,0.02176203354874511
0.003090565097941293,Irritation,Despair,0.11067042294057552
0.003090565097941293,Irritation,Irritation,0.030487420368665342
0.003090565097941293,Irritation,Rage,0.8370801231420143
0.003090565097941293,Rage,Anxiety,0.0007798841529869297
0.003090565097941293,Rage,Despair,0.21759974521571532
0.003090565097941293,Rage,Irritation,0.0021854310943648664
0.003090565097941293,Rage,Rage,0.7794349395369328
0.0031442232067052166,Anxiety,Anxiety,0.09957033461840849
0.0031442232067052166,Anxiety,Despair,0.7629044737338926
0.0031442232067052166,Anxiety,Irritation,0.07747958835487928
0.0031442232067052166,Anxiety,Rage,0.06004560329282014
0.0031442232067052166,Despair,Anxiety,0.09956423425957693
0.0031442232067052166,Despair,Despair,0.7629078793018881
0.0031442232067052166,Despair,Irritation,0.07748173577452439
0.0031442232067052166,Despair,Rage,0.060046150664010825
0.0031442232067052166,Irritation,Anxiety,0.0192714932899222
0.0031442232067052166,Irritation,Despair,0.09499089958244648
0.0031442232067052166,Irritation,Irritation,0.03145062744485631
0.0031442232067052166,Irritation,Rage,0.8542869796827754
0.0031442232067052166,Rage,Anxiety,0.0008279904248393317
0.0031442232067052166,Rage,Despair,0.1833559779002763
0.0031442232067052166,Rage,Irritation,0.003041630953748781
0.0031442232067052166,Rage,Rage,0.8127744007211355
0.0034963600013979182,Anxiety,Anxiety,0.12429736778326246
0.0034963600013979182,Anxiety,Despair,0.7492434767980042
0.0034963600013979182,Anxiety,Irritation,0.08912608808635268
0.0034963600013979182,Anxiety,Rage,0.037333067332380385
0.0034963600013979182,Despair,Anxiety,0.12428947512301076
0.0034963600013979182,Despair,Despair,0.7492489699313999
0.0034963600013979182,Despair,Irritation,0.0891279007719692
0.0034963600013979182,Despair,Rage,0.037333654173620424
0.0034963600013979182,Irritation,Anxiety,0.027735627775260466
0.0034963600013979182,Irritation,Despair,0.093695891837184
0.0034963600013979182,Irritation,Irritation,0.05067502290114539
0.0034963600013979182,Irritation,Rage,0.82789345748641
0.0034963600013979182,Rage,Anxiety,0.0010872602609822727
0.0034963600013979182,Rage,Despair,0.18340391278446513
0.0034963600013979182,Rage,Irritation,0.00500009638143185
0.0034963600013979182,Rage,Rage,0.8105087305731208
0.00307112814939055,Anxiety,Anxiety,0.098007032804324
0.00307112814939055,Anxiety,Despair,0.7164249726370133
0.00307112814939055,Anxiety,Irritation,0.09446283550574014
0.00307112814939055,Anxiety,Rage,0.09110515905292262
0.00307112814939055,Despair,Anxiety,0.09800305863877817
0.00307112814939055,Despair,Despair,0.716425449620565
0.00307112814939055,Despair,Irritation,0.09446587923416007
0.00307112814939055,Despair,Rage,0.09110561250649675
0.00307112814939055,Irritation,Anxiety,0.022998732969457106
0.00307112814939055,Irritation,Despair,0.09977015655490548
0.00307112814939055,Irritation,Irritation,0.03126042705206647
0.00307112814939055,Irritation,Rage,0.8459706834235711
0.00307112814939055,Rage,Anxiety,0.0008199036733907549
0.00307112814939055,Rage,Despair,0.20098943631768426
0.00307112814939055,Rage,Irritation,0.002789438623105444
0.00307112814939055,Rage,Rage,0.7954012213858195
0.0036373135051545403,Anxiety,Anxiety,0.16031804831458477
0.0036373135051545403,Anxiety,Despair,0.7117345678703819
0.0036373135051545403,Anxiety,Irritation,0.09911902516460519
0.0036373135051545403,Anxiety,Rage,0.028828358650428466
0.0036373135051545403,Despair,Anxiety,0.16030848361204098
0.0036373135051545403,Despair,Despair,0.7117425235251588
0.0036373135051545403,Despair,Irritation,0.09911999456350684
0.0036373135051545403,Despair,Rage,0.02882899829929336
0.0036373135051545403,Irritation,Anxiety,0.02633382975130625
0.0036373135051545403,Irritation,Despair,0.07134194748409114
0.0036373135051545403,Irritation,Irritation,0.05330567222716234
0.0036373135051545403,Irritation,Rage,0.8490185505374406
0.0036373135051545403,Rage,Anxiety,0.0009691873042727267
0.0036373135051545403,Rage,Despair,0.1358459343400629
0.0036373135051545403,Rage,Irritation,0.004333740198579156
0.0036373135051545403,Rage,Rage,0.8588511381570852
0.0036974326790586544,Anxiety,Anxiety,0.16485932349118115
0.0036974326790586544,Anxiety,Despair,0.6851677246417291
0.0036974326790586544,Anxiety,Irritation,0.11526228532474608
0.0036974326790586544,Anxiety,Rage,0.034710666542343664
0.0036974326790586544,Despair,Anxiety,0.16485181277400632
0.0036974326790586544,Despair,Despair,0.6851714743760002
0.0036974326790586544,Despair,Irritation,0.11526524376396036
0.0036974326790586544,Despair,Rage,0.03471146908603268
0.0036974326790586544,Irritation,Anxiety,0.02088339869933566
0.0036974326790586544,Irritation,Despair,0.02764290828955445
0.0036974326790586544,Irritation,Irritation,0.05544320055817262
0.0036974326790586544,Irritation,Rage,0.8960304924529376
0.0036974326790586544,Rage,Anxiety,0.0006720179161347304
0.0036974326790586544,Rage,Despair,0.047554419009726935
0.0036974326790586544,Rage,Irritation,0.0020876261886443154
0.0036974326790586544,Rage,Rage,0.9496859368854941
0.0027830285008717576,Anxiety,Anxiety,0.11680533060286297
0.0027830285008717576,Anxiety,Despair,0.7407808616300499
0.0027830285008717576,Anxiety,Irritation,0.06524882308407172
0.0027830285008717576,Anxiety,Rage,0.07716498468301566
0.0027830285008717576,Despair,Anxiety,0.1167969189340835
0.0027830285008717576,Despair,Despair,0.7407875554516088
0.0027830285008717576,Despair,Irritation,0.06524964988159428
0.0027830285008717576,Despair,Rage,0.07716587573271338
0.0027830285008717576,Irritation,Anxiety,0.04720936284054582
0.0027830285008717576,Irritation,Despair,0.1640277140644264
0.0027830285008717576,Irritation,Irritation,0.05934929413547215
0.0027830285008717576,Irritation,Rage,0.729413628959556
0.0027830285008717576,Rage,Anxiety,0.0007527788273309276
0.0027830285008717576,Rage,Despair,0.3546668161673606
0.0027830285008717576,Rage,Irritation,0.0016924034792915666
0.0027830285008717576,Rage,Rage,0.6428880015260169
0.0029882146835920214,Anxiety,Anxiety,0.10261899735331353
0.0029882146835920214,Anxiety,Despair,0.7097593516790671
0.0029882146835920214,Anxiety,Irritation,0.09255368266655477
0.0029882146835920214,Anxiety,Rage,0.09506796830106452
0.0029882146835920214,Despair,Anxiety,0.10261483207779526
0.0029882146835920214,Despair,Despair,0.7097599542847217
0.0029882146835920214,Despair,Irritation,0.09255665640715392
0.0029882146835920214,Despair,Rage,0.095068557230329
0.0029882146835920214,Irritation,Anxiety,0.024534509506238693
0.0029882146835920214,Irritation,Despair,0.10751810534673968
0.0029882146835920214,Irritation,Irritation,0.03102425340227842
0.0029882146835920214,Irritation,Rage,0.836923131744743
0.0029882146835920214,Rage,Anxiety,0.0007748969049543107
0.0029882146835920214,Rage,Despair,0.2183846594924008
0.0029882146835920214,Rage,Irritation,0.0023611125299542748
0.0029882146835920214,Rage,Rage,0.7784793310726904
0.0034404266851002824,Anxiety,Anxiety,0.10793618405482094
0.0034404266851002824,Anxiety,Despair,0.7652257384812968
0.0034404266851002824,Anxiety,Irritation,0.08644546490972635
0.0034404266851002824,Anxiety,Rage,0.040392612554155896
0.0034404266851002824,Despair,Anxiety,0.10792919705138013
0.0034404266851002824,Despair,Despair,0.7652304642235978
0.0034404266851002824,Despair,Irritation,0.08644711603331323
0.0034404266851002824,Despair,Rage,0.040393222691708565
0.0034404266851002824,Irritation,Anxiety,0.028299269631622402
0.0034404266851002824,Irritation,Despair,0.10037451045704512
0.0034404266851002824,Irritation,Irritation,0.054593325237946785
0.0034404266851002824,Irritation,Rage,0.8167328946733857
0.0034404266851002824,Rage,Anxiety,0.001128316595666628
0.0034404266851002824,Rage,Despair,0.1988606214933786
0.0034404266851002824,Rage,Irritation,0.005207953161878091
0.0034404266851002824,Rage,Rage,0.7948031087490767
0.0032999953115038154,Anxiety,Anxiety,0.11878256941273718
0.0032999953115038154,Anxiety,Despair,0.6993922867584162
0.0032999953115038154,Anxiety,Irritation,0.10916746463392164
0.0032999953115038154,Anxiety,Rage,0.07265767919492438
0.0032999953115038154,Despair,Anxiety,0.11877674350252183
0.0032999953115038154,Despair,Despair,0.6993942398613443
0.0032999953115038154,Despair,Irritation,0.10917051739774021
0.0032999953115038154,Despair,Rage,0.0726584992383937
0.0032999953115038154,Irritation,Anxiety,0.021636854155988906
0.0032999953115038154,Irritation,Despair,0.07496950857889371
0.0032999953115038154,Irritation,Irritation,0.037929346950768765
0.0032999953115038154,Irritation,Rage,0.8654642903143487
0.0032999953115038154,Rage,Anxiety,0.000923623486472717
0.0032999953115038154,Rage,Despair,0.14887036153842761
0.0032999953115038154,Rage,Irritation,0.004064288654289981
0.0032999953115038154,Rage,Rage,0.8461417263208098
0.0033946870074959214,Anxiety,Anxiety,0.1344108210259584
0.0033946870074959214,Anxiety,Despair,0.7359578766263318
0.0033946870074959214,Anxiety,Irritation,0.09067283672400873
0.0033946870074959214,Anxiety,Rage,0.03895846562370127
0.0033946870074959214,Despair,Anxiety,0.13440226492940774
0.0033946870074959214,Despair,Despair,0.7359640377153647
0.0033946870074959214,Despair,Irritation,0.0906747129603221
0.0033946870074959214,Despair,Rage,0.03895898439490505
0.0033946870074959214,Irritation,Anxiety,0.030502172916180615
0.0033946870074959214,Irritation,Despair,0.10015101258225133
0.0033946870074959214,Irritation,Irritation,0.05790314140049149
0.0033946870074959214,Irritation,Rage,0.8114436731010762
0.0033946870074959214,Rage,Anxiety,0.0011348975224076373
0.0033946870074959214,Rage,Despair,0.19842563842414473
0.0033946870074959214,Rage,Irritation,0.0053283993086206
0.0033946870074959214,Rage,Rage,0.7951110647448267
0.0031302438244691774,Anxiety,Anxiety,0.09018084372953099
0.0031302438244691774,Anxiety,Despair,0.7800877481603922
0.0031302438244691774,Anxiety,Irritation,0.06635933473706822
0.0031302438244691774,Anxiety,Rage,0.06337207337300874
0.0031302438244691774,Despair,Anxiety,0.09017446794848681
0.0031302438244691774,Despair,Despair,0.7800918905657601
0.0031302438244691774,Despair,Irritation,0.06636099007930972
0.0031302438244691774,Despair,Rage,0.06337265140644355
0.0031302438244691774,Irritation,Anxiety,0.035548943632603656
0.0031302438244691774,Irritation,Despair,0.14033608330037148
0.0031302438244691774,Irritation,Irritation,0.04916033563014662
0.0031302438244691774,Irritation,Rage,0.7749546374368782
0.0031302438244691774,Rage,Anxiety,0.0009865146603358723
0.0031302438244691774,Rage,Despair,0.2886255994361129
0.0031302438244691774,Rage,Irritation,0.0033906827488816194
0.0031302438244691774,Rage,Rage,0.7069972031546697
0.003678090057030604,Anxiety,Anxiety,0.14875448636843766
0.003678090057030604,Anxiety,Despair,0.721558650434728
0.003678090057030604,Anxiety,Irritation,0.10010027298281021
0.003678090057030604,Anxiety,Rage,0.029586590214024263
0.003678090057030604,Despair,Anxiety,0.14874608599623476
0.003678090057030604,Despair,Despair,0.7215647202227995
0.003678090057030604,Despair,Irritation,0.10010196329816941
0.003678090057030604,Despair,Rage,0.029587230482796222
0.003678090057030604,Irritation,Anxiety,0.025447047447929538
0.003678090057030604,Irritation,Despair,0.07172257478914862
0.003678090057030604,Irritation,Irritation,0.0488415725758468
0.003678090057030604,Irritation,Rage,0.8539888051870752
0.003678090057030604,Rage,Anxiety,0.0009962231483542482
0.003678090057030604,Rage,Despair,0.1379118548544712
0.003678090057030604,Rage,Irritation,0.0044984605906494834
0.003678090057030604,Rage,Rage,0.856593461406525
0.003645959406166609,Anxiety,Anxiety,0.19852625179939795
0.003645959406166609,Anxiety,Despair,0.6907462693212105
0.003645959406166609,Anxiety,Irritation,0.0998418087400737
0.003645959406166609,Anxiety,Rage,0.01088567013931784
0.003645959406166609,Despair,Anxiety,0.19851582915535168
0.003645959406166609,Despair,Despair,0.6907557316830698
0.003645959406166609,Despair,Irritation,0.09984259521849093
0.003645959406166609,Despair,Rage,0.010885843943087463
0.003645959406166609,Irritation,Anxiety,0.028881031608821984
0.003645959406166609,Irritation,Despair,0.06729257484840018
0.003645959406166609,Irritation,Irritation,0.06290734888728254
0.003645959406166609,Irritation,Rage,0.8409190446554955
0.003645959406166609,Rage,Anxiety,0.0009387970400398886
0.003645959406166609,Rage,Despair,0.12597813686421072
0.003645959406166609,Rage,Irritation,0.004065490649855639
0.003645959406166609,Rage,Rage,0.8690175754458939
0.0034208807399783167,Anxiety,Anxiety,0.1096390640750541
0.0034208807399783167,Anxiety,Despair,0.7187791513229541
0.0034208807399783167,Anxiety,Irritation,0.1029742230757927
0.0034208807399783167,Anxiety,Rage,0.06860756152619908
0.0034208807399783167,Despair,Anxiety,0.109633469293145
0.0034208807399783167,Despair,Despair,0.7187816823096888
0.0034208807399783167,Despair,Irritation,0.10297644317946135
0.0034208807399783167,Despair,Rage,0.06860840521770496
0.0034208807399783167,Irritation,Anxiety,0.020429840051691614
0.0034208807399783167,Irritation,Despair,0.070524220302665
0.0034208807399783167,Irritation,Irritation,0.03544453280193528
0.0034208807399783167,Irritation,Rage,0.8736014068437081
0.0034208807399783167,Rage,Anxiety,0.0008856121733865435
0.0034208807399783167,Rage,Despair,0.13817683802041814
0.0034208807399783167,Rage,Irritation,0.0037338586362010095
0.0034208807399783167,Rage,Rage,0.8572036911699943
0.0037564649686416254,Anxiety,Anxiety,0.15553835484450168
0.0037564649686416254,Anxiety,Despair,0.7010622731198692
0.0037564649686416254,Anxiety,Irritation,0.10502673156164327
0.0037564649686416254,Anxiety,Rage,0.03837264047398542
0.0037564649686416254,Despair,Anxiety,0.155529797189289
0.0037564649686416254,Despair,Despair,0.7010679136521867
0.0037564649686416254,Despair,Irritation,0.10502872723819723
0.0037564649686416254,Despair,Rage,0.038373561920327204
0.0037564649686416254,Irritation,Anxiety,0.020441813966148664
0.0037564649686416254,Irritation,Despair,0.03366172859382799
0.0037564649686416254,Irritation,Irritation,0.04806633507269101
0.0037564649686416254,Irritation,Rage,0.8978301223673323
0.0037564649686416254,Rage,Anxiety,0.0006924648164466778
0.0037564649686416254,Rage,Despair,0.05996991577495589
0.0037564649686416254,Rage,Irritation,0.0021895124313369785
0.0037564649686416254,Rage,Rage,0.9371481069772604
0.0035478394348923657,Anxiety,Anxiety,0.12479380910381964
0.0035478394348923657,Anxiety,Despair,0.715602794585323
0.0035478394348923657,Anxiety,Irritation,0.10607379563143025
0.0035478394348923657,Anxiety,Rage,0.05352960067942728
0.0035478394348923657,Despair,Anxiety,0.12478692202242192
0.0035478394348923657,Despair,Despair,0.7156061544912075
0.0035478394348923657,Despair,Irritation,0.10607649820686896
0.0035478394348923657,Despair,Rage,0.05353042527950184
0.0035478394348923657,Irritation,Anxiety,0.019662454229964477
0.0035478394348923657,Irritation,Despair,0.048572447814819855
0.0035478394348923657,Irritation,Irritation,0.04356446353697829
0.0035478394348923657,Irritation,Rage,0.888200634418237
0.0035478394348923657,Rage,Anxiety,0.0007840849722755266
0.0035478394348923657,Rage,Despair,0.09166693016571044
0.0035478394348923657,Rage,Irritation,0.0031061339708647355
0.0035478394348923657,Rage,Rage,0.9044428508911494
0.0031282678641073266,Anxiety,Anxiety,0.0957052684494895
0.0031282678641073266,Anxiety,Despair,0.727802796936112
0.0031282678641073266,Anxiety,Irritation,0.0842614935154917
0.0031282678641073266,Anxiety,Rage,0.09223044109890659
0.0031282678641073266,Despair,Anxiety,0.09570124123174222
0.0031282678641073266,Despair,Despair,0.727804112931834
0.0031282678641073266,Despair,Irritation,0.08426356238206631
0.0031282678641073266,Despair,Rage,0.09223108345435771
0.0031282678641073266,Irritation,Anxiety,0.02382640709446495
0.0031282678641073266,Irritation,Despair,0.10417808329197854
0.0031282678641073266,Irritation,Irritation,0.030593934534521916
0.0031282678641073266,Irritation,Rage,0.8414015750790347
0.0031282678641073266,Rage,Anxiety,0.000752044416723541
0.0031282678641073266,Rage,Despair,0.21037716141105378
0.0031282678641073266,Rage,Irritation,0.001996309836066982
0.0031282678641073266,Rage,Rage,0.7868744843361556
0.003516609236667366,Anxiety,Anxiety,0.12390656579764181
0.003516609236667366,Anxiety,Despair,0.7241501987987133
0.003516609236667366,Anxiety,Irritation,0.10600751326023662
0.003516609236667366,Anxiety,Rage,0.04593572214340826
0.003516609236667366,Despair,Anxiety,0.1238996242530314
0.003516609236667366,Despair,Despair,0.7241535345978475
0.003516609236667366,Despair,Irritation,0.1060102871760016
0.003516609236667366,Despair,Rage,0.045936553973119396
0.003516609236667366,Irritation,Anxiety,0.015907998337234056
0.003516609236667366,Irritation,Despair,0.015563121166747889
0.003516609236667366,Irritation,Irritation,0.035943417095234444
0.003516609236667366,Irritation,Rage,0.9325854634007837
0.003516609236667366,Rage,Anxiety,0.0007410172638777909
0.003516609236667366,Rage,Despair,0.026796199713795106
0.003516609236667366,Rage,Irritation,0.0010198888581142958
0.003516609236667366,Rage,Rage,0.9714428941642128
0.00309677469726743,Anxiety,Anxiety,0.07922791645001558
0.00309677469726743,Anxiety,Despair,0.7839300043192988
0.00309677469726743,Anxiety,Irritation,0.06650936154390558
0.00309677469726743,Anxiety,Rage,0.07033271768678004
0.00309677469726743,Despair,Anxiety,0.07922312402217482
0.00309677469726743,Despair,Despair,0.7839320925838568
0.00309677469726743,Despair,Irritation,0.0665114771731082
0.00309677469726743,Despair,Rage,0.07033330622086023
0.00309677469726743,Irritation,Anxiety,0.024710717101295066
0.00309677469726743,Irritation,Despair,0.10722649874694395
0.00309677469726743,Irritation,Irritation,0.03269188239770105
0.00309677469726743,Irritation,Rage,0.8353709017540598
0.00309677469726743,Rage,Anxiety,0.0007796253218106303
0.00309677469726743,Rage,Despair,0.2163550621946241
0.00309677469726743,Rage,Irritation,0.0022444208485927356
0.00309677469726743,Rage,Rage,0.7806208916349725
0.003677790376339217,Anxiety,Anxiety,0.16607002669224297
0.003677790376339217,Anxiety,Despair,0.7069142307948582
0.003677790376339217,Anxiety,Irritation,0.10179472475642651
0.003677790376339217,Anxiety,Rage,0.02522101775647249
0.003677790376339217,Despair,Anxiety,0.16606129174776033
0.003677790376339217,Despair,Despair,0.7069209343060912
0.003677790376339217,Despair,Irritation,0.10179619181676741
0.003677790376339217,Despair,Rage,0.025221582129381297
0.003677790376339217,Irritation,Anxiety,0.025581228974665776
0.003677790376339217,Irritation,Despair,0.06153686644798498
0.003677790376339217,Irritation,Irritation,0.056494214090007586
0.003677790376339217,Irritation,Rage,0.8563876904873418
0.003677790376339217,Rage,Anxiety,0.0009152994997151344
0.003677790376339217,Rage,Despair,0.11573506584446651
0.003677790376339217,Rage,Irritation,0.0039301585487330525
0.003677790376339217,Rage,Rage,0.8794194761070856
0.0033842120407024615,Anxiety,Anxiety,0.08026712293672948
0.0033842120407024615,Anxiety,Despair,0.7933539615780674
0.0033842120407024615,Anxiety,Irritation,0.07146840081018864
0.0033842120407024615,Anxiety,Rage,0.05491051467501445
0.0033842120407024615,Despair,Anxiety,0.08026194931377711
0.0033842120407024615,Despair,Despair,0.7933562914219093
0.0033842120407024615,Despair,Irritation,0.07147056658128427
0.0033842120407024615,Despair,Rage,0.054911192683029075
0.0033842120407024615,Irritation,Anxiety,0.02106118941134799
0.0033842120407024615,Irritation,Despair,0.0832370685565869
0.0033842120407024615,Irritation,Irritation,0.03408758449831018
0.0033842120407024615,Irritation,Rage,0.8616141575337545
0.0033842120407024615,Rage,Anxiety,0.0007988656041676422
0.0033842120407024615,Rage,Despair,0.16540306842247585
0.0033842120407024615,Rage,Irritation,0.0027807474985809774
0.0033842120407024615,Rage,Rage,0.8310173184747751
0.0033415413877554896,Anxiety,Anxiety,0.10294312779930397
0.0033415413877554896,Anxiety,Despair,0.7704519107154435
0.0033415413877554896,Anxiety,Irritation,0.07833831522658712
0.0033415413877554896,Anxiety,Rage,0.04826664625866507
0.0033415413877554896,Despair,Anxiety,0.1029361473572074
0.0033415413877554896,Despair,Despair,0.7704566936977963
0.0033415413877554896,Despair,Irritation,0.078339857746674
0.0033415413877554896,Despair,Rage,0.04826730119832226
0.0033415413877554896,Irritation,Anxiety,0.03095943026391462
0.0033415413877554896,Irritation,Despair,0.11468143712271059
0.0033415413877554896,Irritation,Irritation,0.05289459092895874
0.0033415413877554896,Irritation,Rage,0.801464541684416
0.0033415413877554896,Rage,Anxiety,0.0010967710593672703
0.0033415413877554896,Rage,Despair,0.2321253357489693
0.0033415413877554896,Rage,Irritation,0.0046707079604250065
0.0033415413877554896,Rage,Rage,0.7621071852312381
0.0031846711713582783,Anxiety,Anxiety,0.07215383850719617
0.0031846711713582783,Anxiety,Despair,0.7947689353691234
0.0031846711713582783,Anxiety,Irritation,0.06755153027323968
0.0031846711713582783,Anxiety,Rage,0.06552569585044067
0.0031846711713582783,Despair,Anxiety,0.07214980544656648
0.0031846711713582783,Despair,Despair,0.7947699920796282
0.0031846711713582783,Despair,Irritation,0.06755396714291824
0.0031846711713582783,Despair,Rage,0.06552623533088715
0.0031846711713582783,Irritation,Anxiety,0.03359444364839963
0.0031846711713582783,Irritation,Despair,0.13928611627811052
0.0031846711713582783,Irritation,Irritation,0.047980213618962
0.0031846711713582783,Irritation,Rage,0.7791392264545279
0.0031846711713582783,Rage,Anxiety,0.0010063672758946567
0.0031846711713582783,Rage,Despair,0.28907882647755995
0.0031846711713582783,Rage,Irritation,0.003638338928842101
0.0031846711713582783,Rage,Rage,0.7062764673177034
0.003786601516392123,Anxiety,Anxiety,0.19422139249229456
0.003786601516392123,Anxiety,Despair,0.6761296643442136
0.003786601516392123,Anxiety,Irritation,0.11389713205072832
0.003786601516392123,Anxiety,Rage,0.01575181111276354
0.003786601516392123,Despair,Anxiety,0.19421064722054227
0.003786601516392123,Despair,Despair,0.6761380550791398
0.003786601516392123,Despair,Irritation,0.11389912362305145
0.003786601516392123,Despair,Rage,0.015752174077266586
0.003786601516392123,Irritation,Anxiety,0.021020813841663048
0.003786601516392123,Irritation,Despair,0.016258487746416323
0.003786601516392123,Irritation,Irritation,0.05672997428259878
0.003786601516392123,Irritation,Rage,0.9059907241293221
0.003786601516392123,Rage,Anxiety,0.0007014902549994318
0.003786601516392123,Rage,Despair,0.023428334090289778
0.003786601516392123,Rage,Irritation,0.001143158900946872
0.003786601516392123,Rage,Rage,0.9747270167537639
0.003351133487101644,Anxiety,Anxiety,0.10616878097744513
0.003351133487101644,Anxiety,Despair,0.7612913564372257
0.003351133487101644,Anxiety,Irritation,0.0847775136143421
0.003351133487101644,Anxiety,Rage,0.04776234897098737
0.003351133487101644,Despair,Anxiety,0.10616203078946003
0.003351133487101644,Despair,Despair,0.761295092507571
0.003351133487101644,Despair,Irritation,0.08477986180177159
0.003351133487101644,Despair,Rage,0.047763014901197054
0.003351133487101644,Irritation,Anxiety,0.021870842946419583
0.003351133487101644,Irritation,Despair,0.07279881612329826
0.003351133487101644,Irritation,Irritation,0.0406535386768511
0.003351133487101644,Irritation,Rage,0.8646768022534311
0.003351133487101644,Rage,Anxiety,0.0008410956618251201
0.003351133487101644,Rage,Despair,0.14289553916721418
0.003351133487101644,Rage,Irritation,0.003316934762419426
0.003351133487101644,Rage,Rage,0.852946430408541
0.0032645508496745032,Anxiety,Anxiety,0.11210627671748839
0.0032645508496745032,Anxiety,Despair,0.7108106952038445
0.0032645508496745032,Anxiety,Irritation,0.09996717361431662
0.0032645508496745032,Anxiety,Rage,0.07711585446435051
0.0032645508496745032,Despair,Anxiety,0.11210057363506022
0.0032645508496745032,Despair,Despair,0.7108131127297964
0.0032645508496745032,Despair,Irritation,0.09996961563017245
0.0032645508496745032,Despair,Rage,0.0771166980049708
0.0032645508496745032,Irritation,Anxiety,0.02132150704035541
0.0032645508496745032,Irritation,Despair,0.08033219677998288
0.0032645508496745032,Irritation,Irritation,0.03307206261474753
0.0032645508496745032,Irritation,Rage,0.8652742335649138
0.0032645508496745032,Rage,Anxiety,0.0008670856008094938
0.0032645508496745032,Rage,Despair,0.15860803518253233
0.0032645508496745032,Rage,Irritation,0.0034886653652947647
0.0032645508496745032,Rage,Rage,0.8370362138513634
0.00328864559398953,Anxiety,Anxiety,0.09423773033867297
0.00328864559398953,Anxiety,Despair,0.7294983498695142
0.00328864559398953,Anxiety,Irritation,0.0921472455037752
0.00328864559398953,Anxiety,Rage,0.08411667428803765
0.00328864559398953,Despair,Anxiety,0.09423347118475967
0.00328864559398953,Despair,Despair,0.7294993749971369
0.00328864559398953,Despair,Irritation,0.09214966194814816
0.00328864559398953,Despair,Rage,0.08411749186995507
0.00328864559398953,Irritation,Anxiety,0.02198553964794543
0.00328864559398953,Irritation,Despair,0.09319031092059436
0.00328864559398953,Irritation,Irritation,0.029796639232745538
0.00328864559398953,Irritation,Rage,0.8550275101987143
0.00328864559398953,Rage,Anxiety,0.0008460966908748458
0.00328864559398953,Rage,Despair,0.18802349091379103
0.00328864559398953,Rage,Irritation,0.003024970064532908
0.00328864559398953,Rage,Rage,0.8081054423308012
0.003568330944577778,Anxiety,Anxiety,0.1314259374563093
0.003568330944577778,Anxiety,Despair,0.7072559574289916
0.003568330944577778,Anxiety,Irritation,0.1077721763213288
0.003568330944577778,Anxiety,Rage,0.053545928793370556
0.003568330944577778,Despair,Anxiety,0.13141834346685916
0.003568330944577778,Despair,Despair,0.7072601243034592
0.003568330944577778,Despair,Irritation,0.10777463781549251
0.003568330944577778,Despair,Rage,0.053546894414189326
0.003568330944577778,Irritation,Anxiety,0.01970318660415465
0.003568330944577778,Irritation,Despair,0.04989961891038408
0.003568330944577778,Irritation,Irritation,0.03974277522081952
0.003568330944577778,Irritation,Rage,0.8906544192646417
0.003568330944577778,Rage,Anxiety,0.0007983377890034329
0.003568330944577778,Rage,Despair,0.09450800139364922
0.003568330944577778,Rage,Irritation,0.0032080168686472715
0.003568330944577778,Rage,Rage,0.9014856439486998
0.003515563560077966,Anxiety,Anxiety,0.11204397398968707
0.003515563560077966,Anxiety,Despair,0.7254497976592685
0.003515563560077966,Anxiety,Irritation,0.10381551986877684
0.003515563560077966,Anxiety,Rage,0.058690708482267595
0.003515563560077966,Despair,Anxiety,0.1120383370758433
0.003515563560077966,Despair,Despair,0.7254517949781205
0.003515563560077966,Despair,Irritation,0.10381834013273221
0.003515563560077966,Despair,Rage,0.05869152781330396
0.003515563560077966,Irritation,Anxiety,0.01917125821200878
0.003515563560077966,Irritation,Despair,0.05564360668284173
0.003515563560077966,Irritation,Irritation,0.03759592618643502
0.003515563560077966,Irritation,Rage,0.8875892089187146
0.003515563560077966,Rage,Anxiety,0.0008233025308813515
0.003515563560077966,Rage,Despair,0.1065957554951922
0.003515563560077966,Rage,Irritation,0.00334892205064309
0.003515563560077966,Rage,Rage,0.8892320199232836
0.0035305175117272946,Anxiety,Anxiety,0.12015317156631092
0.0035305175117272946,Anxiety,Despair,0.7227548595833659
0.0035305175117272946,Anxiety,Irritation,0.09872235467857746
0.0035305175117272946,Anxiety,Rage,0.058369614171745805
0.0035305175117272946,Despair,Anxiety,0.1201461895848129
0.0035305175117272946,Despair,Despair,0.7227585068388304
0.0035305175117272946,Despair,Irritation,0.09872478229787288
0.0035305175117272946,Despair,Rage,0.05837052127848377
0.0035305175117272946,Irritation,Anxiety,0.019798054739134364
0.0035305175117272946,Irritation,Despair,0.056501579038507097
0.0035305175117272946,Irritation,Irritation,0.03950369445607059
0.0035305175117272946,Irritation,Rage,0.8841966717662881
0.0035305175117272946,Rage,Anxiety,0.0007867508546374301
0.0035305175117272946,Rage,Despair,0.10805061310737533
0.0035305175117272946,Rage,Irritation,0.0030641494250532044
0.0035305175117272946,Rage,Rage,0.8880984866129344
0.0035362375633343165,Anxiety,Anxiety,0.13118306546187963
0.0035362375633343165,Anxiety,Despair,0.7079944052705377
0.0035362375633343165,Anxiety,Irritation,0.108006662485676
0.0035362375633343165,Anxiety,Rage,0.05281586678190653
0.0035362375633343165,Despair,Anxiety,0.13117591986042043
0.0035362375633343165,Despair,Despair,0.7079979021216475
0.0035362375633343165,Despair,Irritation,0.10800949162894104
0.0035362375633343165,Despair,Rage,0.05281668638899112
0.0035362375633343165,Irritation,Anxiety,0.019993765906469653
0.0035362375633343165,Irritation,Despair,0.04694698649909261
0.0035362375633343165,Irritation,Irritation,0.04549996432864568
0.0035362375633343165,Irritation,Rage,0.8875592832657924
0.0035362375633343165,Rage,Anxiety,0.0007784387216448083
0.0035362375633343165,Rage,Despair,0.08881078871348047
0.0035362375633343165,Rage,Irritation,0.0030820689525424315
0.0035362375633343165,Rage,Rage,0.9073287036123323
0.0040772484364185865,Anxiety,Anxiety,0.20159144143720106
0.0040772484364185865,Anxiety,Despair,0.6661047988105174
0.0040772484364185865,Anxiety,Irritation,0.12254659883768966
0.0040772484364185865,Anxiety,Rage,0.009757160914591854
0.0040772484364185865,Despair,Anxiety,0.20158541836951957
0.0040772484364185865,Despair,Despair,0.6661061743116624
0.0040772484364185865,Despair,Irritation,0.12255068517847983
0.0040772484364185865,Despair,Rage,0.009757722140337861
0.0040772484364185865,Irritation,Anxiety,0.021134167266929207
0.0040772484364185865,Irritation,Despair,0.005443022091864831
0.0040772484364185865,Irritation,Irritation,0.06449066526779418
0.0040772484364185865,Irritation,Rage,0.9089321453734116
0.0040772484364185865,Rage,Anxiety,1.322908060676404e-06
0.0040772484364185865,Rage,Despair,2.1856934573802144e-06
0.0040772484364185865,Rage,Irritation,1.2519907466136056e-06
0.0040772484364185865,Rage,Rage,0.9999952394077354
0.0032714802872929965,Anxiety,Anxiety,0.1034288898909008
0.0032714802872929965,Anxiety,Despair,0.7620043763923823
0.0032714802872929965,Anxiety,Irritation,0.08506539915286562
0.0032714802872929965,Anxiety,Rage,0.049501334563851314
0.0032714802872929965,Despair,Anxiety,0.10342237709351809
0.0032714802872929965,Despair,Despair,0.7620080456109106
0.0032714802872929965,Despair,Irritation,0.08506756892678653
0.0032714802872929965,Despair,Rage,0.04950200836878502
0.0032714802872929965,Irritation,Anxiety,0.022122794882007656
0.0032714802872929965,Irritation,Despair,0.07551259417789266
0.0032714802872929965,Irritation,Irritation,0.04389553685635721
0.0032714802872929965,Irritation,Rage,0.8584690740837424
0.0032714802872929965,Rage,Anxiety,0.0008525807334547228
0.0032714802872929965,Rage,Despair,0.14859952797639434
0.0032714802872929965,Rage,Irritation,0.0034671312743174416
0.0032714802872929965,Rage,Rage,0.8470807600158339
0.0032380146261273396,Anxiety,Anxiety,0.09805636334990844
0.0032380146261273396,Anxiety,Despair,0.7757279538870975
0.0032380146261273396,Anxiety,Irritation,0.07337016402706538
0.0032380146261273396,Anxiety,Rage,0.052845518735928555
0.0032380146261273396,Despair,Anxiety,0.09804972631890149
0.0032380146261273396,Despair,Despair,0.775732083043518
0.0032380146261273396,Despair,Irritation,0.07337206983215562
0.0032380146261273396,Despair,Rage,0.05284612080542493
0.0032380146261273396,Irritation,Anxiety,0.03260711068192769
0.0032380146261273396,Irritation,Despair,0.12436069564803773
0.0032380146261273396,Irritation,Irritation,0.0525214356384858
0.0032380146261273396,Irritation,Rage,0.7905107580315486
0.0032380146261273396,Rage,Anxiety,0.0010738606137701164
0.0032380146261273396,Rage,Despair,0.25274348712271993
0.0032380146261273396,Rage,Irritation,0.004333851739126232
0.0032380146261273396,Rage,Rage,0.7418488005243835
0.0031426624681007466,Anxiety,Anxiety,0.09037199892254529
0.0031426624681007466,Anxiety,Despair,0.7826466604661172
0.0031426624681007466,Anxiety,Irritation,0.06847900669022874
0.0031426624681007466,Anxiety,Rage,0.05850233392110913
0.0031426624681007466,Despair,Anxiety,0.09036572502956874
0.0031426624681007466,Despair,Despair,0.7826505579220914
0.0031426624681007466,Despair,Irritation,0.06848083974338487
0.0031426624681007466,Despair,Rage,0.05850287730495505
0.0031426624681007466,Irritation,Anxiety,0.03407759028408308
0.0031426624681007466,Irritation,Despair,0.13396653333122704
0.0031426624681007466,Irritation,Irritation,0.05520348171498762
0.0031426624681007466,Irritation,Rage,0.7767523946697021
0.0031426624681007466,Rage,Anxiety,0.0010245931479807072
0.0031426624681007466,Rage,Despair,0.27437725690690046
0.0031426624681007466,Rage,Irritation,0.003864569434185216
0.0031426624681007466,Rage,Rage,0.7207335805109334
0.003087212365059941,Anxiety,Anxiety,0.06886372520346064
0.003087212365059941,Anxiety,Despair,0.8565271005002213
0.003087212365059941,Anxiety,Irritation,0.04514776065527071
0.003087212365059941,Anxiety,Rage,0.029461413641047218
0.003087212365059941,Despair,Anxiety,0.06885731416362077
0.003087212365059941,Despair,Despair,0.8565319047052873
0.003087212365059941,Despair,Irritation,0.04514911178521183
0.003087212365059941,Despair,Rage,0.02946166934587995
0.003087212365059941,Irritation,Anxiety,0.02993690213686151
0.003087212365059941,Irritation,Despair,0.13948915914437618
0.003087212365059941,Irritation,Irritation,0.04563970142918465
0.003087212365059941,Irritation,Rage,0.7849342372895778
0.003087212365059941,Rage,Anxiety,0.0008899630377654971
0.003087212365059941,Rage,Despair,0.2795834765189474
0.003087212365059941,Rage,Irritation,0.0026960373854815157
0.003087212365059941,Rage,Rage,0.7168305230578058
0.003283695648835498,Anxiety,Anxiety,0.12151385034290658
0.003283695648835498,Anxiety,Despair,0.6958401407254464
0.003283695648835498,Anxiety,Irritation,0.10999989610735816
0.003283695648835498,Anxiety,Rage,0.07264611282428894
0.003283695648835498,Despair,Anxiety,0.12150789170451624
0.003283695648835498,Despair,Despair,0.6958424505255131
0.003283695648835498,Despair,Irritation,0.11000272404295394
0.003283695648835498,Despair,Rage,0.07264693372701672
0.003283695648835498,Irritation,Anxiety,0.018179473305678828
0.003283695648835498,Irritation,Despair,0.0760188975007408
0.003283695648835498,Irritation,Irritation,0.03243725227916203
0.003283695648835498,Irritation,Rage,0.8733643769144185
0.003283695648835498,Rage,Anxiety,0.0009153449194788158
0.003283695648835498,Rage,Despair,0.1474794343253955
0.003283695648835498,Rage,Irritation,0.0040342009960597155
0.003283695648835498,Rage,Rage,0.8475710197590659
0.0038072777281741516,Anxiety,Anxiety,0.20728090504798502
0.0038072777281741516,Anxiety,Despair,0.6613925786922845
0.0038072777281741516,Anxiety,Irritation,0.11743102639272592
0.0038072777281741516,Anxiety,Rage,0.01389548986700462
0.0038072777281741516,Despair,Anxiety,0.20727025857367407
0.0038072777281741516,Despair,Despair,0.6614007139379303
0.0038072777281741516,Despair,Irritation,0.11743321554522618
0.0038072777281741516,Despair,Rage,0.013895811943169587
0.0038072777281741516,Irritation,Anxiety,0.01690769356908116
0.0038072777281741516,Irritation,Despair,0.011667033830995703
0.0038072777281741516,Irritation,Irritation,0.04667317263451017
0.0038072777281741516,Irritation,Rage,0.9247520999654129
0.0038072777281741516,Rage,Anxiety,0.0005500570323596233
0.0038072777281741516,Rage,Despair,0.014467575085225835
0.0038072777281741516,Rage,Irritation,0.0008322599152906447
0.0038072777281741516,Rage,Rage,0.984150107967124
0.00346134009722672,Anxiety,Anxiety,0.1268562087883551
0.00346134009722672,Anxiety,Despair,0.743395873071318
0.00346134009722672,Anxiety,Irritation,0.09336312721903628
0.00346134009722672,Anxiety,Rage,0.03638479092129051
0.00346134009722672,Despair,Anxiety,0.12684851149893037
0.00346134009722672,Despair,Despair,0.7434015676632633
0.00346134009722672,Despair,Irritation,0.09336449972975172
0.00346134009722672,Despair,Rage,0.03638542110805477
0.00346134009722672,Irritation,Anxiety,0.016854105432793306
0.00346134009722672,Irritation,Despair,0.05543242570321599
0.00346134009722672,Irritation,Irritation,0.0360272942059686
0.00346134009722672,Irritation,Rage,0.8916861746580218
0.00346134009722672,Rage,Anxiety,0.000768691418309568
0.00346134009722672,Rage,Despair,0.10251857016391248
0.00346134009722672,Rage,Irritation,0.002997053784582533
0.00346134009722672,Rage,Rage,0.8937156846331955
0.0036910025616127768,Anxiety,Anxiety,0.16676390263772192
0.0036910025616127768,Anxiety,Despair,0.6819867684709315
0.0036910025616127768,Anxiety,Irritation,0.1116155102227002
0.0036910025616127768,Anxiety,Rage,0.03963381866864627
0.0036910025616127768,Despair,Anxiety,0.16675600520895725
0.0036910025616127768,Despair,Despair,0.6819912152575465
0.0036910025616127768,Despair,Irritation,0.11161810696684236
0.0036910025616127768,Despair,Rage,0.03963467256665379
0.0036910025616127768,Irritation,Anxiety,0.016835057525218085
0.0036910025616127768,Irritation,Despair,0.03486725104236679
0.0036910025616127768,Irritation,Irritation,0.03980119602360264
0.0036910025616127768,Irritation,Rage,0.9084964954088125
0.0036910025616127768,Rage,Anxiety,0.0007016468413406653
0.0036910025616127768,Rage,Despair,0.06137553672848398
0.0036910025616127768,Rage,Irritation,0.002350774986678888
0.0036910025616127768,Rage,Rage,0.935572041443496
0.003582496242669128,Anxiety,Anxiety,0.2115274496273555
0.003582496242669128,Anxiety,Despair,0.6673309186031724
0.003582496242669128,Anxiety,Irritation,0.10992171100009873
0.003582496242669128,Anxiety,Rage,0.01121992076937315
0.003582496242669128,Despair,Anxiety,0.21151604488807846
0.003582496242669128,Despair,Despair,0.6673413429116346
0.003582496242669128,Despair,Irritation,0.10992267605700375
0.003582496242669128,Despair,Rage,0.011219936143283163
0.003582496242669128,Irritation,Anxiety,0.017792292822487055
0.003582496242669128,Irritation,Despair,0.01973216104050142
0.003582496242669128,Irritation,Irritation,0.05080971651836231
0.003582496242669128,Irritation,Rage,0.9116658296186488
0.003582496242669128,Rage,Anxiety,0.0008232648785403132
0.003582496242669128,Rage,Despair,0.02982719949721226
0.003582496242669128,Rage,Irritation,0.0012729890105716822
0.003582496242669128,Rage,Rage,0.9680765466136757
0.0031987325229571742,Anxiety,Anxiety,0.07763216550923743
0.0031987325229571742,Anxiety,Despair,0.7915713759507635
0.0031987325229571742,Anxiety,Irritation,0.06799875330634479
0.0031987325229571742,Anxiety,Rage,0.06279770523365445
0.0031987325229571742,Despair,Anxiety,0.07762726993175038
0.0031987325229571742,Despair,Despair,0.7915735456386028
0.0031987325229571742,Despair,Irritation,0.06800086944635693
0.0031987325229571742,Despair,Rage,0.06279831498328979
0.0031987325229571742,Irritation,Anxiety,0.030074656647870623
0.0031987325229571742,Irritation,Despair,0.1386696577245281
0.0031987325229571742,Irritation,Irritation,0.04583434920232319
0.0031987325229571742,Irritation,Rage,0.7854213364252781
0.0031987325229571742,Rage,Anxiety,0.001016159389129569
0.0031987325229571742,Rage,Despair,0.2813095584116957
0.0031987325229571742,Rage,Irritation,0.003661924576850782
0.0031987325229571742,Rage,Rage,0.714012357622324
0.003571380339948212,Anxiety,Anxiety,0.14347237403691307
0.003571380339948212,Anxiety,Despair,0.7325218271509368
0.003571380339948212,Anxiety,Irritation,0.09231858609543007
0.003571380339948212,Anxiety,Rage,0.03168721271672033
0.003571380339948212,Despair,Anxiety,0.14346316761545744
0.003571380339948212,Despair,Despair,0.7325291397487357
0.003571380339948212,Despair,Irritation,0.09231992393755324
0.003571380339948212,Despair,Rage,0.03168776869825382
0.003571380339948212,Irritation,Anxiety,0.02233213269814377
0.003571380339948212,Irritation,Despair,0.08320873190839015
0.003571380339948212,Irritation,Irritation,0.04624768696547269
0.003571380339948212,Irritation,Rage,0.8482114484279936
0.003571380339948212,Rage,Anxiety,0.000988739125093917
0.003571380339948212,Rage,Despair,0.15521538428830473
0.003571380339948212,Rage,Irritation,0.004401318177388358
0.003571380339948212,Rage,Rage,0.8393945584092132
0.003299883727746741,Anxiety,Anxiety,0.08394227393709035
0.003299883727746741,Anxiety,Despair,0.7868732412392997
0.003299883727746741,Anxiety,Irritation,0.07170704025468387
0.003299883727746741,Anxiety,Rage,0.05747744456892626
0.003299883727746741,Despair,Anxiety,0.0839368680482979
0.003299883727746741,Despair,Despair,0.786876138904983
0.003299883727746741,Despair,Irritation,0.07170890698803896
0.003299883727746741,Despair,Rage,0.05747808605868005
0.003299883727746741,Irritation,Anxiety,0.02822878193903427
0.003299883727746741,Irritation,Despair,0.13051126391419937
0.003299883727746741,Irritation,Irritation,0.04497169801085173
0.003299883727746741,Irritation,Rage,0.7962882561359145
0.003299883727746741,Rage,Anxiety,0.0010563028077466793
0.003299883727746741,Rage,Despair,0.2616354863776121
0.003299883727746741,Rage,Irritation,0.0041197966566550275
0.003299883727746741,Rage,Rage,0.7331884141579863
0.003298051610008909,Anxiety,Anxiety,0.12222783964566797
0.003298051610008909,Anxiety,Despair,0.746690504429167
0.003298051610008909,Anxiety,Irritation,0.08470220796032407
0.003298051610008909,Anxiety,Rage,0.046379447964841
0.003298051610008909,Despair,Anxiety,0.12221997570858872
0.003298051610008909,Despair,Despair,0.7466960705620366
0.003298051610008909,Despair,Irritation,0.08470388547379278
0.003298051610008909,Despair,Rage,0.04638006825558222
0.003298051610008909,Irritation,Anxiety,0.028095976436526542
0.003298051610008909,Irritation,Despair,0.11840051529891317
0.003298051610008909,Irritation,Irritation,0.05296397362234656
0.003298051610008909,Irritation,Rage,0.8005395346422137
0.003298051610008909,Rage,Anxiety,0.0011535945794621122
0.003298051610008909,Rage,Despair,0.23179678275275153
0.003298051610008909,Rage,Irritation,0.005223069181371545
0.003298051610008909,Rage,Rage,0.7618265534864146
0.003430727004113005,Anxiety,Anxiety,0.12413445938611901
0.003430727004113005,Anxiety,Despair,0.7117435402272387
0.003430727004113005,Anxiety,Irritation,0.10123349866845564
0.003430727004113005,Anxiety,Rage,0.06288850171818638
0.003430727004113005,Despair,Anxiety,0.1241280475889226
0.003430727004113005,Despair,Despair,0.7117471969599655
0.003430727004113005,Despair,Irritation,0.10123539255056918
0.003430727004113005,Despair,Rage,0.06288936290054269
0.003430727004113005,Irritation,Anxiety,0.016867199145473837
0.003430727004113005,Irritation,Despair,0.06181016153566855
0.003430727004113005,Irritation,Irritation,0.03398807650500491
0.003430727004113005,Irritation,Rage,0.887334562813853
0.003430727004113005,Rage,Anxiety,0.0007979636703640701
0.003430727004113005,Rage,Despair,0.11626241246517682
0.003430727004113005,Rage,Irritation,0.003197155697899655
0.003430727004113005,Rage,Rage,0.879742468166559
0.0029174584364493467,Anxiety,Anxiety,0.10046590426033337
0.0029174584364493467,Anxiety,Despair,0.7094568150202012
0.0029174584364493467,Anxiety,Irritation,0.09042209384856073
0.0029174584364493467,Anxiety,Rage,0.09965518687090491
0.0029174584364493467,Despair,Anxiety,0.10046263214595431
0.0029174584364493467,Despair,Despair,0.7094570766897302
0.0029174584364493467,Despair,Irritation,0.0904245815848928
0.0029174584364493467,Despair,Rage,0.09965570957942277
0.0029174584364493467,Irritation,Anxiety,0.023358241283105693
0.0029174584364493467,Irritation,Despair,0.11883881508905149
0.0029174584364493467,Irritation,Irritation,0.03126460209399416
0.0029174584364493467,Irritation,Rage,0.8265383415338491
0.0029174584364493467,Rage,Anxiety,0.0007126754388670917
0.0029174584364493467,Rage,Despair,0.2407352325818013
0.0029174584364493467,Rage,Irritation,0.0018452904700882477
0.0029174584364493467,Rage,Rage,0.7567068015092435
0.0037769960238210644,Anxiety,Anxiety,0.19917781724446487
0.0037769960238210644,Anxiety,Despair,0.6668018736570946
0.0037769960238210644,Anxiety,Irritation,0.11736360848200238
0.0037769960238210644,Anxiety,Rage,0.016656700616438348
0.0037769960238210644,Despair,Anxiety,0.19916761845446912
0.0037769960238210644,Despair,Despair,0.6668094139071857
0.0037769960238210644,Despair,Irritation,0.11736586873547812
0.0037769960238210644,Despair,Rage,0.016657098902866995
0.0037769960238210644,Irritation,Anxiety,0.01705126317000203
0.0037769960238210644,Irritation,Despair,0.017508009847701726
0.0037769960238210644,Irritation,Irritation,0.04532618037068243
0.0037769960238210644,Irritation,Rage,0.920114546611614
0.0037769960238210644,Rage,Anxiety,0.0007617517714679787
0.0037769960238210644,Rage,Despair,0.02638692102618743
0.0037769960238210644,Rage,Irritation,0.001287694092155493
0.0037769960238210644,Rage,Rage,0.971563633110189
0.003187782811222726,Anxiety,Anxiety,0.09486126169821374
0.003187782811222726,Anxiety,Despair,0.7282120074333648
0.003187782811222726,Anxiety,Irritation,0.08845003889582957
0.003187782811222726,Anxiety,Rage,0.08847669197259204
0.003187782811222726,Despair,Anxiety,0.09485740447415063
0.003187782811222726,Despair,Despair,0.7282126465804883
0.003187782811222726,Despair,Irritation,0.0884525710681372
0.003187782811222726,Despair,Rage,0.08847737787722366
0.003187782811222726,Irritation,Anxiety,0.020121884054902787
0.003187782811222726,Irritation,Despair,0.10014333926139696
0.003187782811222726,Irritation,Irritation,0.028585946363694926
0.003187782811222726,Irritation,Rage,0.8511488303200053
0.003187782811222726,Rage,Anxiety,0.0007950431600553465
0.003187782811222726,Rage,Despair,0.19873781681695962
0.003187782811222726,Rage,Irritation,0.002493841964361004
0.003187782811222726,Rage,Rage,0.7979732980586243
0.0037163129639938702,Anxiety,Anxiety,0.2236370555194947
0.0037163129639938702,Anxiety,Despair,0.6370684132879104
0.0037163129639938702,Anxiety,Irritation,0.11894243276925245
0.0037163129639938702,Anxiety,Rage,0.020352098423342208
0.0037163129639938702,Despair,Anxiety,0.22362743599533774
0.0037163129639938702,Despair,Despair,0.6370766346125836
0.0037163129639938702,Despair,Irritation,0.11894339854309104
0.0037163129639938702,Despair,Rage,0.020352530848987603
0.0037163129639938702,Irritation,Anxiety,0.021694898306696152
0.0037163129639938702,Irritation,Despair,0.04454232133480064
0.0037163129639938702,Irritation,Irritation,0.05394589855214413
0.0037163129639938702,Irritation,Rage,0.8798168818063589
0.0037163129639938702,Rage,Anxiety,0.000814334077681392
0.0037163129639938702,Rage,Despair,0.07764944831383813
0.0037163129639938702,Rage,Irritation,0.0031992352483855894
0.0037163129639938702,Rage,Rage,0.918336982360095
0.003443108524456976,Anxiety,Anxiety,0.1271523649539108
0.003443108524456976,Anxiety,Despair,0.7040952879118023
0.003443108524456976,Anxiety,Irritation,0.1093842575738761
0.003443108524456976,Anxiety,Rage,0.05936808956041045
0.003443108524456976,Despair,Anxiety,0.12714621648535784
0.003443108524456976,Despair,Despair,0.7040983789753607
0.003443108524456976,Despair,Irritation,0.1093864605796184
0.003443108524456976,Despair,Rage,0.05936894395966283
0.003443108524456976,Irritation,Anxiety,0.016674598353246136
0.003443108524456976,Irritation,Despair,0.0558664551685617
0.003443108524456976,Irritation,Irritation,0.035877595879019564
0.003443108524456976,Irritation,Rage,0.8915813505991723
0.003443108524456976,Rage,Anxiety,0.0008168761235756872
0.003443108524456976,Rage,Despair,0.10448858816022247
0.003443108524456976,Rage,Irritation,0.0034435350191701166
0.003443108524456976,Rage,Rage,0.8912510006970316
0.0038844713982349108,Anxiety,Anxiety,0.24299197153440663
0.0038844713982349108,Anxiety,Despair,0.6139630635578017
0.0038844713982349108,Anxiety,Irritation,0.13100793483798578
0.0038844713982349108,Anxiety,Rage,0.012037030069805957
0.0038844713982349108,Despair,Anxiety,0.24298278892079864
0.0038844713982349108,Despair,Despair,0.6139698829260963
0.0038844713982349108,Despair,Irritation,0.13100972287597137
0.0038844713982349108,Despair,Rage,0.012037605277133993
0.0038844713982349108,Irritation,Anxiety,0.01798606736314062
0.0038844713982349108,Irritation,Despair,0.005503920741159218
0.0038844713982349108,Irritation,Irritation,0.05420816413521716
0.0038844713982349108,Irritation,Rage,0.9223018477604829
0.0038844713982349108,Rage,Anxiety,2.3425337215282604e-06
0.0038844713982349108,Rage,Despair,3.898915649626723e-06
0.0038844713982349108,Rage,Irritation,2.24369676575157e-06
0.0038844713982349108,Rage,Rage,0.9999915148538632
0.0031912993466371702,Anxiety,Anxiety,0.0971806372466386
0.0031912993466371702,Anxiety,Despair,0.7252627466950253
0.0031912993466371702,Anxiety,Irritation,0.09233087114995092
0.0031912993466371702,Anxiety,Rage,0.08522574490838523
0.0031912993466371702,Despair,Anxiety,0.09717649028972515
0.0031912993466371702,Despair,Despair,0.7252634327223377
0.0031912993466371702,Despair,Irritation,0.09233365452266847
0.0031912993466371702,Despair,Rage,0.08522642246526879
0.0031912993466371702,Irritation,Anxiety,0.019163510064255863
0.0031912993466371702,Irritation,Despair,0.09384504219896846
0.0031912993466371702,Irritation,Irritation,0.028054174721041637
0.0031912993466371702,Irritation,Rage,0.8589372730157337
0.0031912993466371702,Rage,Anxiety,0.0008220666338739119
0.0031912993466371702,Rage,Despair,0.1847181862983519
0.0031912993466371702,Rage,Irritation,0.0028477540847293933
0.0031912993466371702,Rage,Rage,0.8116119929830448
0.003301401809082977,Anxiety,Anxiety,0.10548846997387962
0.003301401809082977,Anxiety,Despair,0.7195845852711559
0.003301401809082977,Anxiety,Irritation,0.09721621035035855
0.003301401809082977,Anxiety,Rage,0.07771073440460578
0.003301401809082977,Despair,Anxiety,0.10548316448549021
0.003301401809082977,Despair,Despair,0.719586542900076
0.003301401809082977,Despair,Irritation,0.09721872386417488
0.003301401809082977,Despair,Rage,0.07771156875025899
0.003301401809082977,Irritation,Anxiety,0.018164748840210982
0.003301401809082977,Irritation,Despair,0.08489095443035614
0.003301401809082977,Irritation,Irritation,0.028188232882561143
0.003301401809082977,Irritation,Rage,0.868756063846872
0.003301401809082977,Rage,Anxiety,0.0008614676573372575
0.003301401809082977,Rage,Despair,0.16497016796436453
0.003301401809082977,Rage,Irritation,0.003359373278703171
0.003301401809082977,Rage,Rage,0.830808991099595
0.003506811976321156,Anxiety,Anxiety,0.1388208336854929
0.003506811976321156,Anxiety,Despair,0.7329155185738425
0.003506811976321156,Anxiety,Irritation,0.09433590929937644
0.003506811976321156,Anxiety,Rage,0.03392773844128821
0.003506811976321156,Despair,Anxiety,0.13881243398113488
0.003506811976321156,Despair,Despair,0.7329216586387245
0.003506811976321156,Despair,Irritation,0.09433766038717234
0.003506811976321156,Despair,Rage,0.03392824699296834
0.003506811976321156,Irritation,Anxiety,0.02335206605145903
0.003506811976321156,Irritation,Despair,0.08971027193331292
0.003506811976321156,Irritation,Irritation,0.04802968047559849
0.003506811976321156,Irritation,Rage,0.8389079815396294
0.003506811976321156,Rage,Anxiety,0.0010711408436011023
0.003506811976321156,Rage,Despair,0.1698423467505524
0.003506811976321156,Rage,Irritation,0.005000315072112278
0.003506811976321156,Rage,Rage,0.8240861973337343
0.00270193634606954,Anxiety,Anxiety,0.22489295508870463
0.00270193634606954,Anxiety,Despair,0.6209189395971252
0.00270193634606954,Anxiety,Irritation,0.08025483882522302
0.00270193634606954,Anxiety,Rage,0.07393326648894738
0.00270193634606954,Despair,Anxiety,0.22488399653925842
0.00270193634606954,Despair,Despair,0.6209276378054321
0.00270193634606954,Despair,Irritation,0.08025413338780013
0.00270193634606954,Despair,Rage,0.07393423226750907
0.00270193634606954,Irritation,Anxiety,0.057904557533660514
0.00270193634606954,Irritation,Despair,0.17047593854988288
0.00270193634606954,Irritation,Irritation,0.06267794865205085
0.00270193634606954,Irritation,Rage,0.7089415552644056
0.00270193634606954,Rage,Anxiety,0.0005900044104680854
0.00270193634606954,Rage,Despair,0.37680510875653433
0.00270193634606954,Rage,Irritation,0.0007039757370336035
0.00270193634606954,Rage,Rage,0.6219009110959639
0.0036618117479015593,Anxiety,Anxiety,0.15686611981952134
0.0036618117479015593,Anxiety,Despair,0.6911670842737737
0.0036618117479015593,Anxiety,Irritation,0.10795252588284315
0.0036618117479015593,Anxiety,Rage,0.04401427002386171
0.0036618117479015593,Despair,Anxiety,0.15685856517232658
0.0036618117479015593,Despair,Despair,0.6911713939562869
0.0036618117479015593,Despair,Irritation,0.10795482361318558
0.0036618117479015593,Despair,Rage,0.04401521725820089
0.0036618117479015593,Irritation,Anxiety,0.016497283535202144
0.0036618117479015593,Irritation,Despair,0.03993849854047893
0.0036618117479015593,Irritation,Irritation,0.03631971809247889
0.0036618117479015593,Irritation,Rage,0.9072444998318401
0.0036618117479015593,Rage,Anxiety,0.0007210210795702896
0.0036618117479015593,Rage,Despair,0.07136197615769445
0.0036618117479015593,Rage,Irritation,0.0025256965294111755
0.0036618117479015593,Rage,Rage,0.9253913062333241
0.0038875063357366704,Anxiety,Anxiety,0.22036997248238088
0.0038875063357366704,Anxiety,Despair,0.6440871846741899
0.0038875063357366704,Anxiety,Irritation,0.12470380364477694
0.0038875063357366704,Anxiety,Rage,0.01083903919865223
0.0038875063357366704,Despair,Anxiety,0.22036112993743798
0.0038875063357366704,Despair,Despair,0.6440935134405954
0.0038875063357366704,Despair,Irritation,0.12470577136601826
0.0038875063357366704,Despair,Rage,0.010839585255948239
0.0038875063357366704,Irritation,Anxiety,0.017525994555413833
0.0038875063357366704,Irritation,Despair,0.005622055824322758
0.0038875063357366704,Irritation,Irritation,0.05390319420891798
0.0038875063357366704,Irritation,Rage,0.9229487554113455
0.0038875063357366704,Rage,Anxiety,0.00047007046229997776
0.0038875063357366704,Rage,Despair,0.0015629636064733727
0.0038875063357366704,Rage,Irritation,0.0004473004701494294
0.0038875063357366704,Rage,Rage,0.9975196654610771
0.003756327594966797,Anxiety,Anxiety,0.16504702948842584
0.003756327594966797,Anxiety,Despair,0.6935716607558063
0.003756327594966797,Anxiety,Irritation,0.11296059512143333
0.003756327594966797,Anxiety,Rage,0.028420714634334578
0.003756327594966797,Despair,Anxiety,0.16503895793104514
0.003756327594966797,Despair,Despair,0.6935767869545315
0.003756327594966797,Despair,Irritation,0.11296281758891766
0.003756327594966797,Despair,Rage,0.028421437525505612
0.003756327594966797,Irritation,Anxiety,0.016464693485144927
0.003756327594966797,Irritation,Despair,0.021939377656811664
0.003756327594966797,Irritation,Irritation,0.04447829347334356
0.003756327594966797,Irritation,Rage,0.9171176353846999
0.003756327594966797,Rage,Anxiety,0.000980961766637483
0.003756327594966797,Rage,Despair,0.03507129039537175
0.003756327594966797,Rage,Irritation,0.0016313254457907935
0.003756327594966797,Rage,Rage,0.9623164223922
0.003638679118478186,Anxiety,Anxiety,0.15693727942516889
0.003638679118478186,Anxiety,Despair,0.6878714238219377
0.003638679118478186,Anxiety,Irritation,0.10960532472988468
0.003638679118478186,Anxiety,Rage,0.04558597202300867
0.003638679118478186,Despair,Anxiety,0.15692903037153483
0.003638679118478186,Despair,Despair,0.6878770944564637
0.003638679118478186,Despair,Irritation,0.1096068702507397
0.003638679118478186,Despair,Rage,0.04558700492126158
0.003638679118478186,Irritation,Anxiety,0.016670465832541413
0.003638679118478186,Irritation,Despair,0.041296895213246254
0.003638679118478186,Irritation,Irritation,0.03671396777724408
0.003638679118478186,Irritation,Rage,0.9053186711769684
0.003638679118478186,Rage,Anxiety,0.0007371730886838893
0.003638679118478186,Rage,Despair,0.07422806630714818
0.003638679118478186,Rage,Irritation,0.0026619633539470876
0.003638679118478186,Rage,Rage,0.9223727972502208
0.003353837736972328,Anxiety,Anxiety,0.11808618213041525
0.003353837736972328,Anxiety,Despair,0.7036954560966405
0.003353837736972328,Anxiety,Irritation,0.11036592034379895
0.003353837736972328,Anxiety,Rage,0.06785244142914491
0.003353837736972328,Despair,Anxiety,0.11808043969204865
0.003353837736972328,Despair,Despair,0.703697263477129
0.003353837736972328,Despair,Irritation,0.1103690933378748
0.003353837736972328,Despair,Rage,0.06785320349294756
0.003353837736972328,Irritation,Anxiety,0.017008824372307822
0.003353837736972328,Irritation,Despair,0.06810633291179846
0.003353837736972328,Irritation,Irritation,0.03109180842620212
0.003353837736972328,Irritation,Rage,0.8837930342896916
0.003353837736972328,Rage,Anxiety,0.0008880900779288449
0.003353837736972328,Rage,Despair,0.12996715551721377
0.003353837736972328,Rage,Irritation,0.003906788780388406
0.003353837736972328,Rage,Rage,0.865237965624469
0.0038053730775151023,Anxiety,Anxiety,0.1892817762594177
0.0038053730775151023,Anxiety,Despair,0.6832419556706815
0.0038053730775151023,Anxiety,Irritation,0.11063184128921794
0.0038053730775151023,Anxiety,Rage,0.016844426780683066
0.0038053730775151023,Despair,Anxiety,0.18927150611106724
0.0038053730775151023,Despair,Despair,0.6832496376705651
0.0038053730775151023,Despair,Irritation,0.11063399240479739
0.0038053730775151023,Despair,Rage,0.01684486381357053
0.0038053730775151023,Irritation,Anxiety,0.01843229617073152
0.0038053730775151023,Irritation,Despair,0.03361242010155522
0.0038053730775151023,Irritation,Irritation,0.04687925276246616
0.0038053730775151023,Irritation,Rage,0.9010760309652472
0.0038053730775151023,Rage,Anxiety,0.0007069440470577713
0.0038053730775151023,Rage,Despair,0.05622404186798197
0.0038053730775151023,Rage,Irritation,0.002315184445333427
0.0038053730775151023,Rage,Rage,0.9407538296396266
0.003739638304219863,Anxiety,Anxiety,0.19254493177675022
0.003739638304219863,Anxiety,Despair,0.6757238999505896
0.003739638304219863,Anxiety,Irritation,0.10944760001091978
0.003739638304219863,Anxiety,Rage,0.022283568261740626
0.003739638304219863,Despair,Anxiety,0.1925358964935213
0.003739638304219863,Despair,Despair,0.6757310407111216
0.003739638304219863,Despair,Irritation,0.10944900563847222
0.003739638304219863,Despair,Rage,0.022284057156885227
0.003739638304219863,Irritation,Anxiety,0.020502604825589615
0.003739638304219863,Irritation,Despair,0.051961643092103306
0.003739638304219863,Irritation,Irritation,0.04676123248363118
0.003739638304219863,Irritation,Rage,0.8807745195986759
0.003739638304219863,Rage,Anxiety,0.0008382653416520482
0.003739638304219863,Rage,Despair,0.09300080190897395
0.003739638304219863,Rage,Irritation,0.0033829587140003286
0.003739638304219863,Rage,Rage,0.9027779740353739
0.003524157612572314,Anxiety,Anxiety,0.1393137896575555
0.003524157612572314,Anxiety,Despair,0.7331878511430757
0.003524157612572314,Anxiety,Irritation,0.09506972501037253
0.003524157612572314,Anxiety,Rage,0.03242863418899652
0.003524157612572314,Despair,Anxiety,0.13930505079735941
0.003524157612572314,Despair,Despair,0.7331943867940773
0.003524157612572314,Despair,Irritation,0.09507141301961214
0.003524157612572314,Despair,Rage,0.032429149388951146
0.003524157612572314,Irritation,Anxiety,0.022760881579386362
0.003524157612572314,Irritation,Despair,0.086112678517429
0.003524157612572314,Irritation,Irritation,0.047510812367738936
0.003524157612572314,Irritation,Rage,0.8436156275354456
0.003524157612572314,Rage,Anxiety,0.0010493718762555025
0.003524157612572314,Rage,Despair,0.16196852242899615
0.003524157612572314,Rage,Irritation,0.004868683595909279
0.003524157612572314,Rage,Rage,0.8321134220988391
0.0034016172877206203,Anxiety,Anxiety,0.11769346732384832
0.0034016172877206203,Anxiety,Despair,0.7103816324687036
0.0034016172877206203,Anxiety,Irritation,0.10649580563863127
0.0034016172877206203,Anxiety,Rage,0.06542909456881689
0.0034016172877206203,Despair,Anxiety,0.11768780780069883
0.0034016172877206203,Despair,Despair,0.7103836789729578
0.0034016172877206203,Despair,Irritation,0.10649868368052168
0.0034016172877206203,Despair,Rage,0.06542982954582192
0.0034016172877206203,Irritation,Anxiety,0.016924349662542918
0.0034016172877206203,Irritation,Despair,0.06566038272142628
0.0034016172877206203,Irritation,Irritation,0.032592182554109284
0.0034016172877206203,Irritation,Rage,0.8848230850619214
0.0034016172877206203,Rage,Anxiety,0.0008585403931866618
0.0034016172877206203,Rage,Despair,0.12450206599895619
0.0034016172877206203,Rage,Irritation,0.0036690198201409755
0.0034016172877206203,Rage,Rage,0.8709703737877161
0.0032855992701976526,Anxiety,Anxiety,0.1140893422556764
0.0032855992701976526,Anxiety,Despair,0.703798719929756
0.0032855992701976526,Anxiety,Irritation,0.11910753196989327
0.0032855992701976526,Anxiety,Rage,0.06300440584467477
0.0032855992701976526,Despair,Anxiety,0.1140840648487674
0.0032855992701976526,Despair,Despair,0.7037995629337869
0.0032855992701976526,Despair,Irritation,0.11911118559548477
0.0032855992701976526,Despair,Rage,0.06300518662196086
0.0032855992701976526,Irritation,Anxiety,0.01186978055502759
0.0032855992701976526,Irritation,Despair,0.020459596895059974
0.0032855992701976526,Irritation,Irritation,0.02222219294329045
0.0032855992701976526,Irritation,Rage,0.9454484296066221
0.0032855992701976526,Rage,Anxiety,0.0010056189343400333
0.0032855992701976526,Rage,Despair,0.03772359074661813
0.0032855992701976526,Rage,Irritation,0.0014326826960703405
0.0032855992701976526,Rage,Rage,0.9598381076229718
0.0030109664211380666,Anxiety,Anxiety,0.09603448817540848
0.0030109664211380666,Anxiety,Despair,0.7172704437124257
0.0030109664211380666,Anxiety,Irritation,0.09009111813956368
0.0030109664211380666,Anxiety,Rage,0.09660394997260241
0.0030109664211380666,Despair,Anxiety,0.09603105199233168
0.0030109664211380666,Despair,Despair,0.7172705406604302
0.0030109664211380666,Despair,Irritation,0.09009392468517774
0.0030109664211380666,Despair,Rage,0.09660448266206037
0.0030109664211380666,Irritation,Anxiety,0.021946892301516387
0.0030109664211380666,Irritation,Despair,0.11218370501656522
0.0030109664211380666,Irritation,Irritation,0.02961215706311142
0.0030109664211380666,Irritation,Rage,0.8362572456188071
0.0030109664211380666,Rage,Anxiety,0.0007491874180724181
0.0030109664211380666,Rage,Despair,0.22574682673631674
0.0030109664211380666,Rage,Irritation,0.0021072792984815677
0.0030109664211380666,Rage,Rage,0.7713967065471293
0.003787767749893239,Anxiety,Anxiety,0.1872963033250702
0.003787767749893239,Anxiety,Despair,0.6670654915450841
0.003787767749893239,Anxiety,Irritation,0.11734202648188442
0.003787767749893239,Anxiety,Rage,0.028296178647961474
0.003787767749893239,Despair,Anxiety,0.18728644138190392
0.003787767749893239,Despair,Despair,0.667072416230413
0.003787767749893239,Despair,Irritation,0.11734423418019098
0.003787767749893239,Despair,Rage,0.028296908207491953
0.003787767749893239,Irritation,Anxiety,0.016870947165744294
0.003787767749893239,Irritation,Despair,0.02163626048970904
0.003787767749893239,Irritation,Irritation,0.04345603295891183
0.003787767749893239,Irritation,Rage,0.9180367593856351
0.003787767749893239,Rage,Anxiety,0.0009658847070001474
0.003787767749893239,Rage,Despair,0.034482203997931504
0.003787767749893239,Rage,Irritation,0.0016271082951903344
0.003787767749893239,Rage,Rage,0.9629248029998781
0.002713139414023015,Anxiety,Anxiety,0.2632785409149491
0.002713139414023015,Anxiety,Despair,0.5764644771946329
0.002713139414023015,Anxiety,Irritation,0.08791306068691106
0.002713139414023015,Anxiety,Rage,0.07234392120350691
0.002713139414023015,Despair,Anxiety,0.2632712011492545
0.002713139414023015,Despair,Despair,0.5764718330982269
0.002713139414023015,Despair,Irritation,0.08791221888176519
0.002713139414023015,Despair,Rage,0.0723447468707536
0.002713139414023015,Irritation,Anxiety,0.06563586293115063
0.002713139414023015,Irritation,Despair,0.16992570644243615
0.002713139414023015,Irritation,Irritation,0.06487892295910547
0.002713139414023015,Irritation,Rage,0.6995595076673078
0.002713139414023015,Rage,Anxiety,0.0007941439302838845
0.002713139414023015,Rage,Despair,0.38184554982533925
0.002713139414023015,Rage,Irritation,0.0005361821535055007
0.002713139414023015,Rage,Rage,0.6168241240908715
0.003642119442019254,Anxiety,Anxiety,0.15263410938595434
0.003642119442019254,Anxiety,Despair,0.6982468740486978
0.003642119442019254,Anxiety,Irritation,0.11890941227200262
0.003642119442019254,Anxiety,Rage,0.030209604293345214
0.003642119442019254,Despair,Anxiety,0.15262650141011913
0.003642119442019254,Despair,Despair,0.6982514459770806
0.003642119442019254,Despair,Irritation,0.11891162285593213
0.003642119442019254,Despair,Rage,0.030210429756868336
0.003642119442019254,Irritation,Anxiety,0.017367180854495592
0.003642119442019254,Irritation,Despair,0.00927970425193946
0.003642119442019254,Irritation,Irritation,0.046725017837113
0.003642119442019254,Irritation,Rage,0.926628097056452
0.003642119442019254,Rage,Anxiety,0.000497310807081334
0.003642119442019254,Rage,Despair,0.012415610446858717
0.003642119442019254,Rage,Irritation,0.0006778717431307665
0.003642119442019254,Rage,Rage,0.986409207002929
0.003242950534925487,Anxiety,Anxiety,0.08881519180320442
0.003242950534925487,Anxiety,Despair,0.7830655847356839
0.003242950534925487,Anxiety,Irritation,0.07296860945931868
0.003242950534925487,Anxiety,Rage,0.05515061400179307
0.003242950534925487,Despair,Anxiety,0.0888091705750429
0.003242950534925487,Despair,Despair,0.7830689932206832
0.003242950534925487,Despair,Irritation,0.07297062358537024
0.003242950534925487,Despair,Rage,0.05515121261890332
0.003242950534925487,Irritation,Anxiety,0.03180210566445556
0.003242950534925487,Irritation,Despair,0.12632522901385435
0.003242950534925487,Irritation,Irritation,0.04931018373750705
0.003242950534925487,Irritation,Rage,0.792562481584183
0.003242950534925487,Rage,Anxiety,0.0010579399829368755
0.003242950534925487,Rage,Despair,0.2577363684401286
0.003242950534925487,Rage,Irritation,0.004207947119065705
0.003242950534925487,Rage,Rage,0.736997744457869
0.0027515044184049098,Anxiety,Anxiety,0.1737454866980007
0.0027515044184049098,Anxiety,Despair,0.6692910794658203
0.0027515044184049098,Anxiety,Irritation,0.07688528544639005
0.0027515044184049098,Anxiety,Rage,0.08007814838978884
0.0027515044184049098,Despair,Anxiety,0.1737375303457772
0.0027515044184049098,Despair,Despair,0.6692976631464942
0.0027515044184049098,Despair,Irritation,0.07688567255482602
0.0027515044184049098,Despair,Rage,0.08007913395290236
0.0027515044184049098,Irritation,Anxiety,0.04047012735020911
0.0027515044184049098,Irritation,Despair,0.13709963100766515
0.0027515044184049098,Irritation,Irritation,0.041659283366709626
0.0027515044184049098,Irritation,Rage,0.7807709582754162
0.0027515044184049098,Rage,Anxiety,0.0005753797908854011
0.0027515044184049098,Rage,Despair,0.29173439998334644
0.0027515044184049098,Rage,Irritation,0.0009729240231118503
0.0027515044184049098,Rage,Rage,0.7067172962026562
0.003398029713889951,Anxiety,Anxiety,0.1164800382508191
0.003398029713889951,Anxiety,Despair,0.7163290112352145
0.003398029713889951,Anxiety,Irritation,0.10200940333855697
0.003398029713889951,Anxiety,Rage,0.06518154717540944
0.003398029713889951,Despair,Anxiety,0.11647412313789841
0.003398029713889951,Despair,Despair,0.7163313954077823
0.003398029713889951,Despair,Irritation,0.1020121633538121
0.003398029713889951,Despair,Rage,0.06518231810050673
0.003398029713889951,Irritation,Anxiety,0.020315880370870905
0.003398029713889951,Irritation,Despair,0.06344705533047262
0.003398029713889951,Irritation,Irritation,0.041469179836551295
0.003398029713889951,Irritation,Rage,0.8747678844621048
0.003398029713889951,Rage,Anxiety,0.00081191255241256
0.003398029713889951,Rage,Despair,0.12337301903654824
0.003398029713889951,Rage,Irritation,0.0033090758164268435
0.003398029713889951,Rage,Rage,0.8725059925946124
0.0035665529650508207,Anxiety,Anxiety,0.1569733033301343
0.0035665529650508207,Anxiety,Despair,0.7152337645410871
0.0035665529650508207,Anxiety,Irritation,0.0990878019669692
0.0035665529650508207,Anxiety,Rage,0.028705130161809443
0.0035665529650508207,Despair,Anxiety,0.15696356687695717
0.0035665529650508207,Despair,Despair,0.7152415585909386
0.0035665529650508207,Despair,Irritation,0.09908924010564486
0.0035665529650508207,Despair,Rage,0.028705634426459542
0.0035665529650508207,Irritation,Anxiety,0.026932855413993245
0.0035665529650508207,Irritation,Despair,0.07382080307438332
0.0035665529650508207,Irritation,Irritation,0.059514121720208715
0.0035665529650508207,Irritation,Rage,0.8397322197914147
0.0035665529650508207,Rage,Anxiety,0.0009762578927487215
0.0035665529650508207,Rage,Despair,0.14096262903166573
0.0035665529650508207,Rage,Irritation,0.004449765667638674
0.0035665529650508207,Rage,Rage,0.8536113474079471
0.0032378318034471704,Anxiety,Anxiety,0.0930005696439362
0.0032378318034471704,Anxiety,Despair,0.7763141101510312
0.0032378318034471704,Anxiety,Irritation,0.07700210807962762
0.0032378318034471704,Anxiety,Rage,0.05368321212540489
0.0032378318034471704,Despair,Anxiety,0.09299454545790936
0.0032378318034471704,Despair,Despair,0.7763172986963565
0.0032378318034471704,Despair,Irritation,0.07700436707260715
0.0032378318034471704,Despair,Rage,0.05368378877312709
0.0032378318034471704,Irritation,Anxiety,0.03218652602754881
0.0032378318034471704,Irritation,Despair,0.12559114744295774
0.0032378318034471704,Irritation,Irritation,0.0535694335191416
0.0032378318034471704,Irritation,Rage,0.7886528930103519
0.0032378318034471704,Rage,Anxiety,0.001110556684685393
0.0032378318034471704,Rage,Despair,0.2557033143180372
0.0032378318034471704,Rage,Irritation,0.004697244243078309
0.0032378318034471704,Rage,Rage,0.7384888847541992
0.0033070716306236826,Anxiety,Anxiety,0.10438380020835626
0.0033070716306236826,Anxiety,Despair,0.7215436745441144
0.0033070716306236826,Anxiety,Irritation,0.09406488102980001
0.0033070716306236826,Anxiety,Rage,0.08000764421772938
0.0033070716306236826,Despair,Anxiety,0.10437841070151554
0.0033070716306236826,Despair,Despair,0.7215456704402214
0.0033070716306236826,Despair,Irritation,0.09406739364739695
0.0033070716306236826,Despair,Rage,0.08000852521086609
0.0033070716306236826,Irritation,Anxiety,0.021739725098041833
0.0033070716306236826,Irritation,Despair,0.08804904410290065
0.0033070716306236826,Irritation,Irritation,0.030974709888677412
0.0033070716306236826,Irritation,Rage,0.8592365209103804
0.0033070716306236826,Rage,Anxiety,0.0008344493111170908
0.0033070716306236826,Rage,Despair,0.17604629225723492
0.0033070716306236826,Rage,Irritation,0.003077658855029604
0.0033070716306236826,Rage,Rage,0.8200415995766184
0.003179780867728941,Anxiety,Anxiety,0.11073694572931478
0.003179780867728941,Anxiety,Despair,0.707390127931542
0.003179780867728941,Anxiety,Irritation,0.099012082605959
0.003179780867728941,Anxiety,Rage,0.0828608437331841
0.003179780867728941,Despair,Anxiety,0.1107315425918102
0.003179780867728941,Despair,Despair,0.7073917745951688
0.003179780867728941,Despair,Irritation,0.09901510727268337
0.003179780867728941,Despair,Rage,0.08286157554033778
0.003179780867728941,Irritation,Anxiety,0.02217886131907494
0.003179780867728941,Irritation,Despair,0.08866373576450097
0.003179780867728941,Irritation,Irritation,0.03300941686945049
0.003179780867728941,Irritation,Rage,0.8561479860469737
0.003179780867728941,Rage,Anxiety,0.0008438977010668202
0.003179780867728941,Rage,Despair,0.1768364609988363
0.003179780867728941,Rage,Irritation,0.0032255173535939395
0.003179780867728941,Rage,Rage,0.8190941239465028
0.0035477262614766786,Anxiety,Anxiety,0.15698095081622435
0.0035477262614766786,Anxiety,Despair,0.7141474459156072
0.0035477262614766786,Anxiety,Irritation,0.09832797286975822
0.0035477262614766786,Anxiety,Rage,0.030543630398410255
0.0035477262614766786,Despair,Anxiety,0.15697099362955028
0.0035477262614766786,Despair,Despair,0.7141554350562909
0.0035477262614766786,Despair,Irritation,0.09832949850743904
0.0035477262614766786,Despair,Rage,0.030544072806719898
0.0035477262614766786,Irritation,Anxiety,0.027700978078135586
0.0035477262614766786,Irritation,Despair,0.07810368463033641
0.0035477262614766786,Irritation,Irritation,0.057656747090069606
0.0035477262614766786,Irritation,Rage,0.836538590201458
0.0035477262614766786,Rage,Anxiety,0.00100347663171911
0.0035477262614766786,Rage,Despair,0.15148921917117153
0.0035477262614766786,Rage,Irritation,0.004581600537147649
0.0035477262614766786,Rage,Rage,0.8429257036599618
0.0030376387324587005,Anxiety,Anxiety,0.10492673362992265
0.0030376387324587005,Anxiety,Despair,0.7118867693381576
0.0030376387324587005,Anxiety,Irritation,0.08972524065535231
0.0030376387324587005,Anxiety,Rage,0.09346125637656746
0.0030376387324587005,Despair,Anxiety,0.10492208894903508
0.0030376387324587005,Despair,Despair,0.7118880756435183
0.0030376387324587005,Despair,Irritation,0.08972799499426558
0.0030376387324587005,Despair,Rage,0.09346184041318047
0.0030376387324587005,Irritation,Anxiety,0.024565744907948522
0.0030376387324587005,Irritation,Despair,0.10614117429106684
0.0030376387324587005,Irritation,Irritation,0.03139853998327468
0.0030376387324587005,Irritation,Rage,0.83789454081771
0.0030376387324587005,Rage,Anxiety,0.0007527907110625232
0.0030376387324587005,Rage,Despair,0.21525483096109052
0.0030376387324587005,Rage,Irritation,0.002119566050443153
0.0030376387324587005,Rage,Rage,0.7818728122774038
0.003857109858789577,Anxiety,Anxiety,0.19155488925614972
0.003857109858789577,Anxiety,Despair,0.6719532560768494
0.003857109858789577,Anxiety,Irritation,0.11749983743891652
0.003857109858789577,Anxiety,Rage,0.01899201722808414
0.003857109858789577,Despair,Anxiety,0.19154636637154834
0.003857109858789577,Despair,Despair,0.6719592438732651
0.003857109858789577,Despair,Irritation,0.11750166736223952
0.003857109858789577,Despair,Rage,0.018992722392947182
0.003857109858789577,Irritation,Anxiety,0.020636497226894254
0.003857109858789577,Irritation,Despair,0.012958115029388737
0.003857109858789577,Irritation,Irritation,0.05896674461381473
0.003857109858789577,Irritation,Rage,0.9074386431299024
0.003857109858789577,Rage,Anxiety,0.0005659018410045228
0.003857109858789577,Rage,Despair,0.01615422758801139
0.003857109858789577,Rage,Irritation,0.0009325086219337038
0.003857109858789577,Rage,Rage,0.9823473619490501
0.0035791932252109233,Anxiety,Anxiety,0.1592437748226484
0.0035791932252109233,Anxiety,Despair,0.7091636601878558
0.0035791932252109233,Anxiety,Irritation,0.10691574625022711
0.0035791932252109233,Anxiety,Rage,0.024676818739268712
0.0035791932252109233,Despair,Anxiety,0.15923439041913628
0.0035791932252109233,Despair,Despair,0.7091707692889591
0.0035791932252109233,Despair,Irritation,0.10691755343910794
0.0035791932252109233,Despair,Rage,0.024677286852796795
0.0035791932252109233,Irritation,Anxiety,0.02026096463455372
0.0035791932252109233,Irritation,Despair,0.033189428868345916
0.0035791932252109233,Irritation,Irritation,0.050057970884610295
0.0035791932252109233,Irritation,Rage,0.8964916356124901
0.0035791932252109233,Rage,Anxiety,0.0006671282638585393
0.0035791932252109233,Rage,Despair,0.059347167004510565
0.0035791932252109233,Rage,Irritation,0.002206257821890503
0.0035791932252109233,Rage,Rage,0.9377794469097404
0.0034407484189811505,Anxiety,Anxiety,0.11256898861518937
0.0034407484189811505,Anxiety,Despair,0.7175620545677969
0.0034407484189811505,Anxiety,Irritation,0.1066120642177642
0.0034407484189811505,Anxiety,Rage,0.06325689259924941
0.0034407484189811505,Despair,Anxiety,0.11256353985198736
0.0034407484189811505,Despair,Despair,0.7175642166970138
0.0034407484189811505,Despair,Irritation,0.10661449842587514
0.0034407484189811505,Despair,Rage,0.06325774502512373
0.0034407484189811505,Irritation,Anxiety,0.019744335122218598
0.0034407484189811505,Irritation,Despair,0.06045615712921423
0.0034407484189811505,Irritation,Irritation,0.040565151846348374
0.0034407484189811505,Irritation,Rage,0.8792343559022187
0.0034407484189811505,Rage,Anxiety,0.0008368313453923617
0.0034407484189811505,Rage,Despair,0.11710719628275701
0.0034407484189811505,Rage,Irritation,0.0035410935528146573
0.0034407484189811505,Rage,Rage,0.8785148788190362
0.0033624067970734247,Anxiety,Anxiety,0.1177871021085118
0.0033624067970734247,Anxiety,Despair,0.7070356084111552
0.0033624067970734247,Anxiety,Irritation,0.10763125454790914
0.0033624067970734247,Anxiety,Rage,0.06754603493242409
0.0033624067970734247,Despair,Anxiety,0.11778135108653887
0.0033624067970734247,Despair,Despair,0.7070375302083465
0.0033624067970734247,Despair,Irritation,0.10763435837481412
0.0033624067970734247,Despair,Rage,0.06754676033030074
0.0033624067970734247,Irritation,Anxiety,0.020255467652917622
0.0033624067970734247,Irritation,Despair,0.06594405099823741
0.0033624067970734247,Irritation,Irritation,0.03764561045585635
0.0033624067970734247,Irritation,Rage,0.8761548708929884
0.0033624067970734247,Rage,Anxiety,0.000854021580122544
0.0033624067970734247,Rage,Despair,0.12852885348479012
0.0033624067970734247,Rage,Irritation,0.0036519325639321086
0.0033624067970734247,Rage,Rage,0.8669651923711553
0.003931184843422415,Anxiety,Anxiety,0.21207441976740793
0.003931184843422415,Anxiety,Despair,0.6556542196831557
0.003931184843422415,Anxiety,Irritation,0.12099663331219046
0.003931184843422415,Anxiety,Rage,0.011274727237245912
0.003931184843422415,Despair,Anxiety,0.21206477040558588
0.003931184843422415,Despair,Despair,0.6556614089769178
0.003931184843422415,Despair,Irritation,0.12099856356378984
0.003931184843422415,Despair,Rage,0.011275257053706429
0.003931184843422415,Irritation,Anxiety,0.021184371798923362
0.003931184843422415,Irritation,Despair,0.00918304084691945
0.003931184843422415,Irritation,Irritation,0.060699307809591825
0.003931184843422415,Irritation,Rage,0.9089332795445654
0.003931184843422415,Rage,Anxiety,0.0004838961074202517
0.003931184843422415,Rage,Despair,0.007898037301200807
0.003931184843422415,Rage,Irritation,0.0006474759438024138
0.003931184843422415,Rage,Rage,0.9909705906475764
0.0035474117867609935,Anxiety,Anxiety,0.12577276370328322
0.0035474117867609935,Anxiety,Despair,0.7475741600872786
0.0035474117867609935,Anxiety,Irritation,0.0913204442306078
0.0035474117867609935,Anxiety,Rage,0.035332631978830645
0.0035474117867609935,Despair,Anxiety,0.12576426674213495
0.0035474117867609935,Despair,Despair,0.747580194237397
0.0035474117867609935,Despair,Irritation,0.09132237010627102
0.0035474117867609935,Despair,Rage,0.03533316891419677
0.0035474117867609935,Irritation,Anxiety,0.026911957646734486
0.0035474117867609935,Irritation,Despair,0.08824144608371658
0.0035474117867609935,Irritation,Irritation,0.05227820915319671
0.0035474117867609935,Irritation,Rage,0.8325683871163524
0.0035474117867609935,Rage,Anxiety,0.0010508248881089613
0.0035474117867609935,Rage,Despair,0.17275753857646375
0.0035474117867609935,Rage,Irritation,0.004798052909426419
0.0035474117867609935,Rage,Rage,0.8213935836260008
0.0032054983862751137,Anxiety,Anxiety,0.08320948752280455
0.0032054983862751137,Anxiety,Despair,0.784668879773595
0.0032054983862751137,Anxiety,Irritation,0.06933603080278909
0.0032054983862751137,Anxiety,Rage,0.06278560190081156
0.0032054983862751137,Despair,Anxiety,0.0832039889989468
0.0032054983862751137,Despair,Despair,0.7846716693763056
0.0032054983862751137,Despair,Irritation,0.06933806433630967
0.0032054983862751137,Despair,Rage,0.06278627728843769
0.0032054983862751137,Irritation,Anxiety,0.03377687899473334
0.0032054983862751137,Irritation,Despair,0.13689481126722083
0.0032054983862751137,Irritation,Irritation,0.04783442005518694
0.0032054983862751137,Irritation,Rage,0.7814938896828592
0.0032054983862751137,Rage,Anxiety,0.0010130899013165438
0.0032054983862751137,Rage,Despair,0.2819832041477593
0.0032054983862751137,Rage,Irritation,0.0036693008331131023
0.0032054983862751137,Rage,Rage,0.7133344051178109
0.0034448997801620578,Anxiety,Anxiety,0.10006466516334661
0.0034448997801620578,Anxiety,Despair,0.7766574338424397
0.0034448997801620578,Anxiety,Irritation,0.08151851342301218
0.0034448997801620578,Anxiety,Rage,0.04175938757120147
0.0034448997801620578,Despair,Anxiety,0.10005824470991934
0.0034448997801620578,Despair,Despair,0.7766617002257861
0.0034448997801620578,Despair,Irritation,0.08152005099739924
0.0034448997801620578,Despair,Rage,0.04176000406689543
0.0034448997801620578,Irritation,Anxiety,0.02760787013941407
0.0034448997801620578,Irritation,Despair,0.10214438853702529
0.0034448997801620578,Irritation,Irritation,0.05204722332444794
0.0034448997801620578,Irritation,Rage,0.8182005179991128
0.0034448997801620578,Rage,Anxiety,0.0010700339809366513
0.0034448997801620578,Rage,Despair,0.20240995020356947
0.0034448997801620578,Rage,Irritation,0.004713263997349074
0.0034448997801620578,Rage,Rage,0.7918067518181449
0.003614117247318336,Anxiety,Anxiety,0.1444294419729771
0.003614117247318336,Anxiety,Despair,0.7009998096051752
0.003614117247318336,Anxiety,Irritation,0.10626619214517258
0.003614117247318336,Anxiety,Rage,0.04830455627667496
0.003614117247318336,Despair,Anxiety,0.14442139727967643
0.003614117247318336,Despair,Despair,0.7010054191179642
0.003614117247318336,Despair,Irritation,0.10626757564708236
0.003614117247318336,Despair,Rage,0.04830560795527699
0.003614117247318336,Irritation,Anxiety,0.019710402712989916
0.003614117247318336,Irritation,Despair,0.04315426532162452
0.003614117247318336,Irritation,Irritation,0.04124986794246511
0.003614117247318336,Irritation,Rage,0.8958854640229204
0.003614117247318336,Rage,Anxiety,0.0007315953715349762
0.003614117247318336,Rage,Despair,0.08007278418862457
0.003614117247318336,Rage,Irritation,0.0026721469379512603
0.003614117247318336,Rage,Rage,0.9165234735018891
0.003116489680592456,Anxiety,Anxiety,0.0941122044716706
0.003116489680592456,Anxiety,Despair,0.7678174516322874
0.003116489680592456,Anxiety,Irritation,0.07375418553285348
0.003116489680592456,Anxiety,Rage,0.06431615836318844
0.003116489680592456,Despair,Anxiety,0.0941062020827508
0.003116489680592456,Despair,Despair,0.7678204490234489
0.003116489680592456,Despair,Irritation,0.07375660065025147
0.003116489680592456,Despair,Rage,0.06431674824354872
0.003116489680592456,Irritation,Anxiety,0.024030857719011724
0.003116489680592456,Irritation,Despair,0.0988846497059076
0.003116489680592456,Irritation,Irritation,0.033767798892002245
0.003116489680592456,Irritation,Rage,0.8433166936830788
0.003116489680592456,Rage,Anxiety,0.000813203805263121
0.003116489680592456,Rage,Despair,0.1970595519392744
0.003116489680592456,Rage,Irritation,0.002740452631295273
0.003116489680592456,Rage,Rage,0.7993867916241674
0.0036726354709717365,Anxiety,Anxiety,0.14416977287320476
0.0036726354709717365,Anxiety,Despair,0.7084221389322302
0.0036726354709717365,Anxiety,Irritation,0.10309820909807436
0.0036726354709717365,Anxiety,Rage,0.04430987909649042
0.0036726354709717365,Despair,Anxiety,0.14416237048850322
0.0036726354709717365,Despair,Despair,0.7084264954262802
0.0036726354709717365,Despair,Irritation,0.10310028007161791
0.0036726354709717365,Despair,Rage,0.04431085401359863
0.0036726354709717365,Irritation,Anxiety,0.019891769244560435
0.0036726354709717365,Irritation,Despair,0.039708699504737315
0.0036726354709717365,Irritation,Irritation,0.04461701086135316
0.0036726354709717365,Irritation,Rage,0.8957825203893489
0.0036726354709717365,Rage,Anxiety,0.0007084662848351639
0.0036726354709717365,Rage,Despair,0.07294487999055808
0.0036726354709717365,Rage,Irritation,0.0024136098040704527
0.0036726354709717365,Rage,Rage,0.9239330439205364
0.0033315083174173857,Anxiety,Anxiety,0.12560297541210208
0.0033315083174173857,Anxiety,Despair,0.7425963774743786
0.0033315083174173857,Anxiety,Irritation,0.0878646432987248
0.0033315083174173857,Anxiety,Rage,0.04393600381479452
0.0033315083174173857,Despair,Anxiety,0.1255948383973193
0.0033315083174173857,Despair,Despair,0.7426021505443635
0.0033315083174173857,Despair,Irritation,0.08786641374034705
0.0033315083174173857,Despair,Rage,0.04393659731797025
0.0033315083174173857,Irritation,Anxiety,0.03188828979427292
0.0033315083174173857,Irritation,Despair,0.11034898345697625
0.0033315083174173857,Irritation,Irritation,0.05791739858536995
0.0033315083174173857,Irritation,Rage,0.7998453281633808
0.0033315083174173857,Rage,Anxiety,0.001149591525346119
0.0033315083174173857,Rage,Despair,0.22156227845902263
0.0033315083174173857,Rage,Irritation,0.005278315205406288
0.0033315083174173857,Rage,Rage,0.772009814810225
0.0035078355252581416,Anxiety,Anxiety,0.117229716495882
0.0035078355252581416,Anxiety,Despair,0.7573898574723563
0.0035078355252581416,Anxiety,Irritation,0.08757443118740992
0.0035078355252581416,Anxiety,Rage,0.03780599484435162
0.0035078355252581416,Despair,Anxiety,0.11722236627351418
0.0035078355252581416,Despair,Despair,0.7573946973210275
0.0035078355252581416,Despair,Irritation,0.08757637756701288
0.0035078355252581416,Despair,Rage,0.037806558838445255
0.0035078355252581416,Irritation,Anxiety,0.02726046079152549
0.0035078355252581416,Irritation,Despair,0.0940341856785628
0.0035078355252581416,Irritation,Irritation,0.05192341431922142
0.0035078355252581416,Irritation,Rage,0.8267819392106902
0.0035078355252581416,Rage,Anxiety,0.0010611855528322354
0.0035078355252581416,Rage,Despair,0.1848289925934786
0.0035078355252581416,Rage,Irritation,0.004814989711365308
0.0035078355252581416,Rage,Rage,0.8092948321423239
0.003447563616788866,Anxiety,Anxiety,0.10076121076566412
0.003447563616788866,Anxiety,Despair,0.7784677077200576
0.003447563616788866,Anxiety,Irritation,0.08058665819138888
0.003447563616788866,Anxiety,Rage,0.04018442332288946
0.003447563616788866,Despair,Anxiety,0.10075464553125067
0.003447563616788866,Despair,Despair,0.7784722588543457
0.003447563616788866,Despair,Irritation,0.08058806931301789
0.003447563616788866,Despair,Rage,0.040185026301385776
0.003447563616788866,Irritation,Anxiety,0.02675495842677652
0.003447563616788866,Irritation,Despair,0.09952740509436236
0.003447563616788866,Irritation,Irritation,0.04982419706750864
0.003447563616788866,Irritation,Rage,0.8238934394113525
0.003447563616788866,Rage,Anxiety,0.0010390912338051738
0.003447563616788866,Rage,Despair,0.19541213831961213
0.003447563616788866,Rage,Irritation,0.004543124558221638
0.003447563616788866,Rage,Rage,0.7990056458883608
0.002838595323437157,Anxiety,Anxiety,0.13039786768748143
0.002838595323437157,Anxiety,Despair,0.6807487307891461
0.002838595323437157,Anxiety,Irritation,0.08718722878607314
0.002838595323437157,Anxiety,Rage,0.10166617273729935
0.002838595323437157,Despair,Anxiety,0.13039250721844114
0.002838595323437157,Despair,Despair,0.6807521278087015
0.002838595323437157,Despair,Irritation,0.0871883363043541
0.002838595323437157,Despair,Rage,0.10166702866850329
0.002838595323437157,Irritation,Anxiety,0.03121526381777068
0.002838595323437157,Irritation,Despair,0.1320461914680818
0.002838595323437157,Irritation,Irritation,0.03685561831328916
0.002838595323437157,Irritation,Rage,0.7998829264008582
0.002838595323437157,Rage,Anxiety,0.000543799731209978
0.002838595323437157,Rage,Despair,0.2777078421213349
0.002838595323437157,Rage,Irritation,0.0007428835193774595
0.002838595323437157,Rage,Rage,0.721005474628078
0.0032342830664537805,Anxiety,Anxiety,0.09363750147190046
0.0032342830664537805,Anxiety,Despair,0.8225408997008389
0.0032342830664537805,Anxiety,Irritation,0.06228529976676903
0.0032342830664537805,Anxiety,Rage,0.02153629906049194
0.0032342830664537805,Despair,Anxiety,0.09362958650164824
0.0032342830664537805,Despair,Despair,0.8225471370891513
0.0032342830664537805,Despair,Irritation,0.062286753615507624
0.0032342830664537805,Despair,Rage,0.02153652279369274
0.0032342830664537805,Irritation,Anxiety,0.029600425689604228
0.0032342830664537805,Irritation,Despair,0.1132661143199484
0.0032342830664537805,Irritation,Irritation,0.048339069466939076
0.0032342830664537805,Irritation,Rage,0.8087943905235087
0.0032342830664537805,Rage,Anxiety,0.0009638713252128053
0.0032342830664537805,Rage,Despair,0.226821846505885
0.0032342830664537805,Rage,Irritation,0.0036436613794348207
0.0032342830664537805,Rage,Rage,0.7685706207894673
0.0036060848772086246,Anxiety,Anxiety,0.14654013523545464
0.0036060848772086246,Anxiety,Despair,0.6979281296042961
0.0036060848772086246,Anxiety,Irritation,0.10836046774760938
0.0036060848772086246,Anxiety,Rage,0.04717126741263979
0.0036060848772086246,Despair,Anxiety,0.146531633365877
0.0036060848772086246,Despair,Despair,0.69793412130511
0.0036060848772086246,Despair,Irritation,0.108361951881462
0.0036060848772086246,Despair,Rage,0.04717229344755094
0.0036060848772086246,Irritation,Anxiety,0.019900348777559283
0.0036060848772086246,Irritation,Despair,0.04198235784171514
0.0036060848772086246,Irritation,Irritation,0.04376026757967698
0.0036060848772086246,Irritation,Rage,0.8943570258010486
0.0036060848772086246,Rage,Anxiety,0.0007299072140838729
0.0036060848772086246,Rage,Despair,0.07784133254679185
0.0036060848772086246,Rage,Irritation,0.002694180468580616
0.0036060848772086246,Rage,Rage,0.9187345797705437
0.0027704038292080337,Anxiety,Anxiety,0.12026597435061974
0.0027704038292080337,Anxiety,Despair,0.7364643778936464
0.0027704038292080337,Anxiety,Irritation,0.06414301694565896
0.0027704038292080337,Anxiety,Rage,0.07912663081007493
0.0027704038292080337,Despair,Anxiety,0.1202577657218209
0.0027704038292080337,Despair,Despair,0.7364711408428278
0.0027704038292080337,Despair,Irritation,0.06414351609966554
0.0027704038292080337,Despair,Rage,0.07912757733568562
0.0027704038292080337,Irritation,Anxiety,0.04746918265315152
0.0027704038292080337,Irritation,Despair,0.16547407101426917
0.0027704038292080337,Irritation,Irritation,0.05852574093638179
0.0027704038292080337,Irritation,Rage,0.728531005396198
0.0027704038292080337,Rage,Anxiety,0.000662908746272228
0.0027704038292080337,Rage,Despair,0.36024891484174143
0.0027704038292080337,Rage,Irritation,0.0011762629419510397
0.0027704038292080337,Rage,Rage,0.6379119134700352
0.0029775906684902497,Anxiety,Anxiety,0.0923240695441734
0.0029775906684902497,Anxiety,Despair,0.7734668468221781
0.0029775906684902497,Anxiety,Irritation,0.062485869521822335
0.0029775906684902497,Anxiety,Rage,0.07172321411182625
0.0029775906684902497,Despair,Anxiety,0.09231745087261663
0.0029775906684902497,Despair,Despair,0.7734711746007399
0.0029775906684902497,Despair,Irritation,0.062487432698505034
0.0029775906684902497,Despair,Rage,0.07172394182813835
0.0029775906684902497,Irritation,Anxiety,0.03924735544562823
0.0029775906684902497,Irritation,Despair,0.15306512904426725
0.0029775906684902497,Irritation,Irritation,0.05221621932434025
0.0029775906684902497,Irritation,Rage,0.7554712961857644
0.0029775906684902497,Rage,Anxiety,0.0008507000327153629
0.0029775906684902497,Rage,Despair,0.3206216490494098
0.0029775906684902497,Rage,Irritation,0.0023268617227498976
0.0029775906684902497,Rage,Rage,0.6762007891951252
0.003562843928918479,Anxiety,Anxiety,0.13163805264251938
0.003562843928918479,Anxiety,Despair,0.744153520948642
0.003562843928918479,Anxiety,Irritation,0.09366189583045302
0.003562843928918479,Anxiety,Rage,0.030546530578385404
0.003562843928918479,Despair,Anxiety,0.13162945629733647
0.003562843928918479,Despair,Despair,0.744159758958722
0.003562843928918479,Despair,Irritation,0.0936637040981282
0.003562843928918479,Despair,Rage,0.03054708064581356
0.003562843928918479,Irritation,Anxiety,0.019671227754785713
0.003562843928918479,Irritation,Despair,0.04396289197699828
0.003562843928918479,Irritation,Irritation,0.04365691581902677
0.003562843928918479,Irritation,Rage,0.8927089644491889
0.003562843928918479,Rage,Anxiety,0.0006996979411368951
0.003562843928918479,Rage,Despair,0.0819182598037426
0.003562843928918479,Rage,Irritation,0.0024390328116579204
0.003562843928918479,Rage,Rage,0.9149430094434626
0.003272105356224407,Anxiety,Anxiety,0.10763512759518824
0.003272105356224407,Anxiety,Despair,0.717012779365842
0.003272105356224407,Anxiety,Irritation,0.09876490023614908
0.003272105356224407,Anxiety,Rage,0.07658719280282077
0.003272105356224407,Despair,Anxiety,0.10762987002962703
0.003272105356224407,Despair,Despair,0.7170146703506257
0.003272105356224407,Despair,Irritation,0.09876742886011475
0.003272105356224407,Despair,Rage,0.07658803075963246
0.003272105356224407,Irritation,Anxiety,0.02099667804908242
0.003272105356224407,Irritation,Despair,0.07926505340356184
0.003272105356224407,Irritation,Irritation,0.03458236480473963
0.003272105356224407,Irritation,Rage,0.865155903742616
0.003272105356224407,Rage,Anxiety,0.0008414950542989474
0.003272105356224407,Rage,Despair,0.15747194206868734
0.003272105356224407,Rage,Irritation,0.0033009912967070405
0.003272105356224407,Rage,Rage,0.8383855715803067
0.003409702307477974,Anxiety,Anxiety,0.12595378899797774
0.003409702307477974,Anxiety,Despair,0.7032902314653006
0.003409702307477974,Anxiety,Irritation,0.1068168497889177
0.003409702307477974,Anxiety,Rage,0.0639391297478043
0.003409702307477974,Despair,Anxiety,0.12594739413147965
0.003409702307477974,Despair,Despair,0.7032930933166351
0.003409702307477974,Despair,Irritation,0.10681958907513814
0.003409702307477974,Despair,Rage,0.06393992347674717
0.003409702307477974,Irritation,Anxiety,0.020810102276752313
0.003409702307477974,Irritation,Despair,0.06219921278765516
0.003409702307477974,Irritation,Irritation,0.0418903709148143
0.003409702307477974,Irritation,Rage,0.8751003140207784
0.003409702307477974,Rage,Anxiety,0.0008355881572056439
0.003409702307477974,Rage,Despair,0.120833786806488
0.003409702307477974,Rage,Irritation,0.00351367464149494
0.003409702307477974,Rage,Rage,0.8748169503948117
0.0029403595803123308,Anxiety,Anxiety,0.08532996789143796
0.0029403595803123308,Anxiety,Despair,0.829218638852657
0.0029403595803123308,Anxiety,Irritation,0.04788417046621371
0.0029403595803123308,Anxiety,Rage,0.037567222789691
0.0029403595803123308,Despair,Anxiety,0.08532222654862802
0.0029403595803123308,Despair,Despair,0.8292246384390123
0.0029403595803123308,Despair,Irritation,0.047885464020069296
0.0029403595803123308,Despair,Rage,0.03756767099229015
0.0029403595803123308,Irritation,Anxiety,0.025828806999451986
0.0029403595803123308,Irritation,Despair,0.10764698572849449
0.0029403595803123308,Irritation,Irritation,0.03559423446102298
0.0029403595803123308,Irritation,Rage,0.8309299728110306
0.0029403595803123308,Rage,Anxiety,0.0007057878290631273
0.0029403595803123308,Rage,Despair,0.21339898494199738
0.0029403595803123308,Rage,Irritation,0.001883463307437656
0.0029403595803123308,Rage,Rage,0.784011763921502
0.0033249974595526447,Anxiety,Anxiety,0.09863615218338932
0.0033249974595526447,Anxiety,Despair,0.7729937763699862
0.0033249974595526447,Anxiety,Irritation,0.07665260988789825
0.0033249974595526447,Anxiety,Rage,0.051717461558726224
0.0033249974595526447,Despair,Anxiety,0.09862949928244809
0.0033249974595526447,Despair,Despair,0.7729977830982442
0.0033249974595526447,Despair,Irritation,0.07665460809188565
0.0033249974595526447,Despair,Rage,0.05171810952742205
0.0033249974595526447,Irritation,Anxiety,0.03135947624233968
0.0033249974595526447,Irritation,Despair,0.12066265388017405
0.0033249974595526447,Irritation,Irritation,0.049232046557736
0.0033249974595526447,Irritation,Rage,0.7987458233197503
0.0033249974595526447,Rage,Anxiety,0.0010777920252753497
0.0033249974595526447,Rage,Despair,0.2445788775751532
0.0033249974595526447,Rage,Irritation,0.0044435550727972084
0.0033249974595526447,Rage,Rage,0.7498997753267744
0.0037253531108008774,Anxiety,Anxiety,0.23941839667958276
0.0037253531108008774,Anxiety,Despair,0.6328621628212108
0.0037253531108008774,Anxiety,Irritation,0.1159471624363313
0.0037253531108008774,Anxiety,Rage,0.011772278062875318
0.0037253531108008774,Despair,Anxiety,0.23940773251887795
0.0037253531108008774,Despair,Despair,0.6328715821700774
0.0037253531108008774,Despair,Irritation,0.11594821932739828
0.0037253531108008774,Despair,Rage,0.011772465983646268
0.0037253531108008774,Irritation,Anxiety,0.02522085389669
0.0037253531108008774,Irritation,Despair,0.024386254836885203
0.0037253531108008774,Irritation,Irritation,0.06525201528051151
0.0037253531108008774,Irritation,Rage,0.8851408759859134
0.0037253531108008774,Rage,Anxiety,0.0011016688827023492
0.0037253531108008774,Rage,Despair,0.03866134794086558
0.0037253531108008774,Rage,Irritation,0.0017416362428976282
0.0037253531108008774,Rage,Rage,0.9584953469335346
0.003919220706439714,Anxiety,Anxiety,0.20685961772279093
0.003919220706439714,Anxiety,Despair,0.6622337162866341
0.003919220706439714,Anxiety,Irritation,0.11922188456091266
0.003919220706439714,Anxiety,Rage,0.011684781429662198
0.003919220706439714,Despair,Anxiety,0.20684983630885212
0.003919220706439714,Despair,Despair,0.6622408952252756
0.003919220706439714,Despair,Irritation,0.11922394168377323
0.003919220706439714,Despair,Rage,0.011685326782098819
0.003919220706439714,Irritation,Anxiety,0.022319164707963503
0.003919220706439714,Irritation,Despair,0.011767257585118474
0.003919220706439714,Irritation,Irritation,0.06219690228436079
0.003919220706439714,Irritation,Rage,0.9037166754225573
0.003919220706439714,Rage,Anxiety,0.0005497790518133512
0.003919220706439714,Rage,Despair,0.013163310823023182
0.003919220706439714,Rage,Irritation,0.0008631500133448457
0.003919220706439714,Rage,Rage,0.9854237601118184
0.0037626245550922166,Anxiety,Anxiety,0.16208335426867876
0.0037626245550922166,Anxiety,Despair,0.6926886645597174
0.0037626245550922166,Anxiety,Irritation,0.10950975666816554
0.0037626245550922166,Anxiety,Rage,0.035718224503438194
0.0037626245550922166,Despair,Anxiety,0.16207432126368462
0.0037626245550922166,Despair,Despair,0.692694685651471
0.0037626245550922166,Despair,Irritation,0.10951187463273607
0.0037626245550922166,Despair,Rage,0.03571911845210827
0.0037626245550922166,Irritation,Anxiety,0.0210826639986411
0.0037626245550922166,Irritation,Despair,0.030186419465750784
0.0037626245550922166,Irritation,Irritation,0.0499159118744798
0.0037626245550922166,Irritation,Rage,0.8988150046611284
0.0037626245550922166,Rage,Anxiety,0.0006887377789016017
0.0037626245550922166,Rage,Despair,0.05287521668179236
0.0037626245550922166,Rage,Irritation,0.0021381543179240254
0.0037626245550922166,Rage,Rage,0.944297891221382
0.0030922536158881292,Anxiety,Anxiety,0.08413455098133676
0.0030922536158881292,Anxiety,Despair,0.8407150672513931
0.0030922536158881292,Anxiety,Irritation,0.04595431166881834
0.0030922536158881292,Anxiety,Rage,0.029196070098451973
0.0030922536158881292,Despair,Anxiety,0.0841264338226589
0.0030922536158881292,Despair,Despair,0.8407220526081489
0.0030922536158881292,Despair,Irritation,0.045955175872947694
0.0030922536158881292,Despair,Rage,0.029196337696244405
0.0030922536158881292,Irritation,Anxiety,0.035986503624646074
0.0030922536158881292,Irritation,Despair,0.135391376814676
0.0030922536158881292,Irritation,Irritation,0.047798641551946054
0.0030922536158881292,Irritation,Rage,0.7808234780087318
0.0030922536158881292,Rage,Anxiety,0.0008886863654061963
0.0030922536158881292,Rage,Despair,0.2779214567507556
0.0030922536158881292,Rage,Irritation,0.002613255515447904
0.0030922536158881292,Rage,Rage,0.7185766013683903
0.0029595579370147065,Anxiety,Anxiety,0.10257519764823055
0.0029595579370147065,Anxiety,Despair,0.7054306136310812
0.0029595579370147065,Anxiety,Irritation,0.09671072268344832
0.0029595579370147065,Anxiety,Rage,0.09528346603724024
0.0029595579370147065,Despair,Anxiety,0.10257140021979598
0.0029595579370147065,Despair,Despair,0.7054302942423616
0.0029595579370147065,Despair,Irritation,0.0967142428538057
0.0029595579370147065,Despair,Rage,0.09528406268403627
0.0029595579370147065,Irritation,Anxiety,0.014220356481381645
0.0029595579370147065,Irritation,Despair,0.04655030950121321
0.0029595579370147065,Irritation,Irritation,0.013833922359685264
0.0029595579370147065,Irritation,Rage,0.9253954116577194
0.0029595579370147065,Rage,Anxiety,0.0005088670260579575
0.0029595579370147065,Rage,Despair,0.09155477944216218
0.0029595579370147065,Rage,Irritation,0.0011622368974561234
0.0029595579370147065,Rage,Rage,0.906774116634324
0.0034212493532486074,Anxiety,Anxiety,0.11706423926043497
0.0034212493532486074,Anxiety,Despair,0.753706903406096
0.0034212493532486074,Anxiety,Irritation,0.09042786074672139
0.0034212493532486074,Anxiety,Rage,0.03880099658674717
0.0034212493532486074,Despair,Anxiety,0.11705700804357101
0.0034212493532486074,Despair,Despair,0.7537119318861397
0.0034212493532486074,Despair,Irritation,0.09042948592793949
0.0034212493532486074,Despair,Rage,0.03880157414234973
0.0034212493532486074,Irritation,Anxiety,0.021548875472730527
0.0034212493532486074,Irritation,Despair,0.057725472450812484
0.0034212493532486074,Irritation,Irritation,0.0455383206404143
0.0034212493532486074,Irritation,Rage,0.8751873314360428
0.0034212493532486074,Rage,Anxiety,0.0008030580518455363
0.0034212493532486074,Rage,Despair,0.11097858937297148
0.0034212493532486074,Rage,Irritation,0.0031797042954547325
0.0034212493532486074,Rage,Rage,0.8850386482797281
0.003672383076536854,Anxiety,Anxiety,0.15657550054141364
0.003672383076536854,Anxiety,Despair,0.6888605631913841
0.003672383076536854,Anxiety,Irritation,0.11299345230214938
0.003672383076536854,Anxiety,Rage,0.04157048396505263
0.003672383076536854,Despair,Anxiety,0.15656781046498605
0.003672383076536854,Despair,Despair,0.6888649303520064
0.003672383076536854,Despair,Irritation,0.1129958150278953
0.003672383076536854,Despair,Rage,0.041571444155112706
0.003672383076536854,Irritation,Anxiety,0.021262801327798543
0.003672383076536854,Irritation,Despair,0.03547212175851183
0.003672383076536854,Irritation,Irritation,0.05037597911359615
0.003672383076536854,Irritation,Rage,0.8928890978000936
0.003672383076536854,Rage,Anxiety,0.0007345501091836171
0.003672383076536854,Rage,Despair,0.0644840244140167
0.003672383076536854,Rage,Irritation,0.0026210966618873304
0.003672383076536854,Rage,Rage,0.9321603288149124
0.003561019003884237,Anxiety,Anxiety,0.10676670741177005
0.003561019003884237,Anxiety,Despair,0.767215629133763
0.003561019003884237,Anxiety,Irritation,0.08826282599976841
0.003561019003884237,Anxiety,Rage,0.03775483745469837
0.003561019003884237,Despair,Anxiety,0.10675925858434437
0.003561019003884237,Despair,Despair,0.7672202827456236
0.003561019003884237,Despair,Irritation,0.08826503069682032
0.003561019003884237,Despair,Rage,0.037755427973211575
0.003561019003884237,Irritation,Anxiety,0.027065835043778172
0.003561019003884237,Irritation,Despair,0.09093192740067199
0.003561019003884237,Irritation,Irritation,0.05035278795374551
0.003561019003884237,Irritation,Rage,0.8316494496018046
0.003561019003884237,Rage,Anxiety,0.0011033964805110157
0.003561019003884237,Rage,Despair,0.18000713322892795
0.003561019003884237,Rage,Irritation,0.005059563610810133
0.003561019003884237,Rage,Rage,0.813829906679751
0.003972462563011906,Anxiety,Anxiety,0.18792220265436382
0.003972462563011906,Anxiety,Despair,0.6857795632796432
0.003972462563011906,Anxiety,Irritation,0.11632012103672038
0.003972462563011906,Anxiety,Rage,0.009978113029273003
0.003972462563011906,Despair,Anxiety,0.1879136281707917
0.003972462563011906,Despair,Despair,0.6857852403746086
0.003972462563011906,Despair,Irritation,0.11632255441329992
0.003972462563011906,Despair,Rage,0.009978577041299593
0.003972462563011906,Irritation,Anxiety,0.021548353084227475
0.003972462563011906,Irritation,Despair,0.006265718720650438
0.003972462563011906,Irritation,Irritation,0.06477992041954478
0.003972462563011906,Irritation,Rage,0.9074060077755772
0.003972462563011906,Rage,Anxiety,0.000484037035368803
0.003972462563011906,Rage,Despair,0.001709788739028172
0.003972462563011906,Rage,Irritation,0.00042721326467272646
0.003972462563011906,Rage,Rage,0.9973789609609303
0.003637437554143787,Anxiety,Anxiety,0.14837204541481325
0.003637437554143787,Anxiety,Despair,0.6959684311429931
0.003637437554143787,Anxiety,Irritation,0.10986384463106251
0.003637437554143787,Anxiety,Rage,0.045795678811130974
0.003637437554143787,Despair,Anxiety,0.14836396877868055
0.003637437554143787,Despair,Despair,0.695973641256064
0.003637437554143787,Despair,Irritation,0.10986564891796895
0.003637437554143787,Despair,Rage,0.04579674104728657
0.003637437554143787,Irritation,Anxiety,0.02152190625563933
0.003637437554143787,Irritation,Despair,0.04017363701034749
0.003637437554143787,Irritation,Irritation,0.05076203627717135
0.003637437554143787,Irritation,Rage,0.8875424204568416
0.003637437554143787,Rage,Anxiety,0.0007614799156352747
0.003637437554143787,Rage,Despair,0.07438396801721983
0.003637437554143787,Rage,Irritation,0.0028244132909874434
0.003637437554143787,Rage,Rage,0.9220301387761574
0.0036023097345276754,Anxiety,Anxiety,0.1488755969805378
0.0036023097345276754,Anxiety,Despair,0.6971425322875106
0.0036023097345276754,Anxiety,Irritation,0.10733319504489996
0.0036023097345276754,Anxiety,Rage,0.046648675687051736
0.0036023097345276754,Despair,Anxiety,0.1488666016419532
0.0036023097345276754,Despair,Despair,0.6971491040341018
0.0036023097345276754,Despair,Irritation,0.10733458926667276
0.0036023097345276754,Despair,Rage,0.04664970505727239
0.0036023097345276754,Irritation,Anxiety,0.021460598781081853
0.0036023097345276754,Irritation,Despair,0.041271825508218986
0.0036023097345276754,Irritation,Irritation,0.04936461426734656
0.0036023097345276754,Irritation,Rage,0.8879029614433528
0.0036023097345276754,Rage,Anxiety,0.0007496837724254379
0.0036023097345276754,Rage,Despair,0.0763022883219613
0.0036023097345276754,Rage,Irritation,0.002738191304229447
0.0036023097345276754,Rage,Rage,0.9202098366013837
0.0031687355128738734,Anxiety,Anxiety,0.0913805507838502
0.0031687355128738734,Anxiety,Despair,0.7799382630919237
0.0031687355128738734,Anxiety,Irritation,0.06900098277621229
0.0031687355128738734,Anxiety,Rage,0.05968020334801382
0.0031687355128738734,Despair,Anxiety,0.09137424980381045
0.0031687355128738734,Despair,Despair,0.7799420285804346
0.0031687355128738734,Despair,Irritation,0.06900289834766564
0.0031687355128738734,Despair,Rage,0.05968082326808955
0.0031687355128738734,Irritation,Anxiety,0.035328110012603615
0.0031687355128738734,Irritation,Despair,0.1338907349162572
0.0031687355128738734,Irritation,Irritation,0.05257991771027542
0.0031687355128738734,Irritation,Rage,0.7782012373608638
0.0031687355128738734,Rage,Anxiety,0.0010388356782553587
0.0031687355128738734,Rage,Despair,0.2764883531389311
0.0031687355128738734,Rage,Irritation,0.003907573950983424
0.0031687355128738734,Rage,Rage,0.7185652372318297
0.003049709116602909,Anxiety,Anxiety,0.056464609439170095
0.003049709116602909,Anxiety,Despair,0.8672986339727917
0.003049709116602909,Anxiety,Irritation,0.040827422682160615
0.003049709116602909,Anxiety,Rage,0.03540933390587735
0.003049709116602909,Despair,Anxiety,0.056459338495440554
0.003049709116602909,Despair,Despair,0.8673016402155841
0.003049709116602909,Despair,Irritation,0.04082939475028259
0.003049709116602909,Despair,Rage,0.03540962653869278
0.003049709116602909,Irritation,Anxiety,0.03518502275097536
0.003049709116602909,Irritation,Despair,0.14372705313430553
0.003049709116602909,Irritation,Irritation,0.04665096451338502
0.003049709116602909,Irritation,Rage,0.774436959601334
0.003049709116602909,Rage,Anxiety,0.000840602829727249
0.003049709116602909,Rage,Despair,0.30026466392104634
0.003049709116602909,Rage,Irritation,0.00244137339361171
0.003049709116602909,Rage,Rage,0.6964533598556144
0.0038694102622236727,Anxiety,Anxiety,0.19838920426235107
0.0038694102622236727,Anxiety,Despair,0.6744825698617013
0.0038694102622236727,Anxiety,Irritation,0.11413036342740848
0.0038694102622236727,Anxiety,Rage,0.012997862448538995
0.0038694102622236727,Despair,Anxiety,0.1983800813683721
0.0038694102622236727,Despair,Despair,0.6744893742908221
0.0038694102622236727,Despair,Irritation,0.11413214347061994
0.0038694102622236727,Despair,Rage,0.01299840087018598
0.0038694102622236727,Irritation,Anxiety,0.021443921735985052
0.0038694102622236727,Irritation,Despair,0.011209587801852055
0.0038694102622236727,Irritation,Irritation,0.05853095306211699
0.0038694102622236727,Irritation,Rage,0.9088155374000462
0.0038694102622236727,Rage,Anxiety,0.0005375927272457663
0.0038694102622236727,Rage,Despair,0.012601323194383856
0.0038694102622236727,Rage,Irritation,0.0007572515582040955
0.0038694102622236727,Rage,Rage,0.9861038325201663
0.0034154674599531937,Anxiety,Anxiety,0.12152110403336099
0.0034154674599531937,Anxiety,Despair,0.7511373410097241
0.0034154674599531937,Anxiety,Irritation,0.0870278226170167
0.0034154674599531937,Anxiety,Rage,0.040313732339898094
0.0034154674599531937,Despair,Anxiety,0.12151334014794352
0.0034154674599531937,Despair,Despair,0.7511429540628605
0.0034154674599531937,Despair,Irritation,0.08702941138393752
0.0034154674599531937,Despair,Rage,0.040314294405258674
0.0034154674599531937,Irritation,Anxiety,0.030631414956069553
0.0034154674599531937,Irritation,Despair,0.10122514798279436
0.0034154674599531937,Irritation,Irritation,0.057544636778098415
0.0034154674599531937,Irritation,Rage,0.8105988002830374
0.0034154674599531937,Rage,Anxiety,0.0011399351552730615
0.0034154674599531937,Rage,Despair,0.20114138664024941
0.0034154674599531937,Rage,Irritation,0.0052938618847905815
0.0034154674599531937,Rage,Rage,0.7924248163196871
0.0036566251936708005,Anxiety,Anxiety,0.1764258180735022
0.0036566251936708005,Anxiety,Despair,0.6901463452125896
0.0036566251936708005,Anxiety,Irritation,0.10746184859497188
0.0036566251936708005,Anxiety,Rage,0.025965988118936318
0.0036566251936708005,Despair,Anxiety,0.17641694610970934
0.0036566251936708005,Despair,Despair,0.690152948287394
0.0036566251936708005,Despair,Irritation,0.10746352844635237
0.0036566251936708005,Despair,Rage,0.025966577156544043
0.0036566251936708005,Irritation,Anxiety,0.027641996513425027
0.0036566251936708005,Irritation,Despair,0.06358330975418594
0.0036566251936708005,Irritation,Irritation,0.05994765674575813
0.0036566251936708005,Irritation,Rage,0.8488270369866311
0.0036566251936708005,Rage,Anxiety,0.0009833466532527255
0.0036566251936708005,Rage,Despair,0.12083160348749787
0.0036566251936708005,Rage,Irritation,0.004466498841107502
0.0036566251936708005,Rage,Rage,0.8737185510181417
0.0029647368802202907,Anxiety,Anxiety,0.09896167389980831
0.0029647368802202907,Anxiety,Despair,0.7536654405301226
0.0029647368802202907,Anxiety,Irritation,0.07588127696262487
0.0029647368802202907,Anxiety,Rage,0.07149160860744412
0.0029647368802202907,Despair,Anxiety,0.09895520027333832
0.0029647368802202907,Despair,Despair,0.7536684830193598
0.0029647368802202907,Despair,Irritation,0.07588404359995221
0.0029647368802202907,Despair,Rage,0.0714922731073494
0.0029647368802202907,Irritation,Anxiety,0.028330708682569504
0.0029647368802202907,Irritation,Despair,0.11158286083545459
0.0029647368802202907,Irritation,Irritation,0.0371367401232936
0.0029647368802202907,Irritation,Rage,0.8229496903586823
0.0029647368802202907,Rage,Anxiety,0.0008602358192546153
0.0029647368802202907,Rage,Despair,0.2269767405210423
0.0029647368802202907,Rage,Irritation,0.002922534849224734
0.0029647368802202907,Rage,Rage,0.7692404888104781
0.0032620074570499343,Anxiety,Anxiety,0.10087463475937086
0.0032620074570499343,Anxiety,Despair,0.726010307295773
0.0032620074570499343,Anxiety,Irritation,0.10273180964253399
0.0032620074570499343,Anxiety,Rage,0.07038324830232226
0.0032620074570499343,Despair,Anxiety,0.10086984539134398
0.0032620074570499343,Despair,Despair,0.7260111415596427
0.0032620074570499343,Despair,Irritation,0.10273493003117923
0.0032620074570499343,Despair,Rage,0.07038408301783393
0.0032620074570499343,Irritation,Anxiety,0.014662835062746836
0.0032620074570499343,Irritation,Despair,0.026910432087936052
0.0032620074570499343,Irritation,Irritation,0.02452436601614207
0.0032620074570499343,Irritation,Rage,0.9339023668331753
0.0032620074570499343,Rage,Anxiety,0.0005620282840654917
0.0032620074570499343,Rage,Despair,0.051120481956832504
0.0032620074570499343,Rage,Irritation,0.0013948008390648268
0.0032620074570499343,Rage,Rage,0.9469226889200375
0.0029917209770633332,Anxiety,Anxiety,0.08606719219227155
0.0029917209770633332,Anxiety,Despair,0.7702256124066056
0.0029917209770633332,Anxiety,Irritation,0.06360056780126173
0.0029917209770633332,Anxiety,Rage,0.08010662759986084
0.0029917209770633332,Despair,Anxiety,0.08606259512491246
0.0029917209770633332,Despair,Despair,0.7702277841862302
0.0029917209770633332,Despair,Irritation,0.06360226982345231
0.0029917209770633332,Despair,Rage,0.08010735086540503
0.0029917209770633332,Irritation,Anxiety,0.028734699027015836
0.0029917209770633332,Irritation,Despair,0.12265693417064777
0.0029917209770633332,Irritation,Irritation,0.03529545190824498
0.0029917209770633332,Irritation,Rage,0.8133129148940915
0.0029917209770633332,Rage,Anxiety,0.0006847578891514953
0.0029917209770633332,Rage,Despair,0.2531978542787349
0.0029917209770633332,Rage,Irritation,0.0015009203030413613
0.0029917209770633332,Rage,Rage,0.7446164675290722
0.003154708862534706,Anxiety,Anxiety,0.08356797946871312
0.003154708862534706,Anxiety,Despair,0.7864538527180244
0.003154708862534706,Anxiety,Irritation,0.0627104398046465
0.003154708862534706,Anxiety,Rage,0.06726772800861625
0.003154708862534706,Despair,Anxiety,0.08356223687782219
0.003154708862534706,Despair,Despair,0.7864574656086772
0.003154708862534706,Despair,Irritation,0.0627119258665179
0.003154708862534706,Despair,Rage,0.06726837164698261
0.003154708862534706,Irritation,Anxiety,0.0368981686734921
0.003154708862534706,Irritation,Despair,0.14205115834185678
0.003154708862534706,Irritation,Irritation,0.050243097043963236
0.003154708862534706,Irritation,Rage,0.7708075759406877
0.003154708862534706,Rage,Anxiety,0.0009337033566756864
0.003154708862534706,Rage,Despair,0.2971786088471754
0.003154708862534706,Rage,Irritation,0.002864735624989996
0.003154708862534706,Rage,Rage,0.6990229521711588
0.0036855736196471575,Anxiety,Anxiety,0.1612283039436126
0.0036855736196471575,Anxiety,Despair,0.7116592564106567
0.0036855736196471575,Anxiety,Irritation,0.09903535791703898
0.0036855736196471575,Anxiety,Rage,0.02807708172869151
0.0036855736196471575,Despair,Anxiety,0.16121938317386905
0.0036855736196471575,Despair,Despair,0.711665797212681
0.0036855736196471575,Despair,Irritation,0.09903714355023233
0.0036855736196471575,Despair,Rage,0.02807767606321757
0.0036855736196471575,Irritation,Anxiety,0.02672007956384474
0.0036855736196471575,Irritation,Despair,0.06754123098920291
0.0036855736196471575,Irritation,Irritation,0.05329518631088458
0.0036855736196471575,Irritation,Rage,0.8524435031360678
0.0036855736196471575,Rage,Anxiety,0.0009568589246850654
0.0036855736196471575,Rage,Despair,0.1290773257379839
0.0036855736196471575,Rage,Irritation,0.004193062840884719
0.0036855736196471575,Rage,Rage,0.8657727524964463
0.002931799075182564,Anxiety,Anxiety,0.10163381620279197
0.002931799075182564,Anxiety,Despair,0.7057047105940025
0.002931799075182564,Anxiety,Irritation,0.09419679099168042
0.002931799075182564,Anxiety,Rage,0.09846468221152498
0.002931799075182564,Despair,Anxiety,0.10163044393529173
0.002931799075182564,Despair,Despair,0.7057044135595928
0.002931799075182564,Despair,Irritation,0.09419988561704604
0.002931799075182564,Despair,Rage,0.09846525688806962
0.002931799075182564,Irritation,Anxiety,0.01431349500146355
0.002931799075182564,Irritation,Despair,0.055110746329391724
0.002931799075182564,Irritation,Irritation,0.013646986999125033
0.002931799075182564,Irritation,Rage,0.9169287716700194
0.002931799075182564,Rage,Anxiety,0.00047333942916422274
0.002931799075182564,Rage,Despair,0.10917654393545816
0.002931799075182564,Rage,Irritation,0.0010760227440924912
0.002931799075182564,Rage,Rage,0.8892740938912853
0.003231105017613746,Anxiety,Anxiety,0.07964582304951176
0.003231105017613746,Anxiety,Despair,0.7895452857102233
0.003231105017613746,Anxiety,Irritation,0.07168556051964849
0.003231105017613746,Anxiety,Rage,0.05912333072061633
0.003231105017613746,Despair,Anxiety,0.0796404906720503
0.003231105017613746,Despair,Despair,0.7895477917617155
0.003231105017613746,Despair,Irritation,0.07168779909111445
0.003231105017613746,Despair,Rage,0.059123918475119525
0.003231105017613746,Irritation,Anxiety,0.033003752506163025
0.003231105017613746,Irritation,Despair,0.1310052536486518
0.003231105017613746,Irritation,Irritation,0.04828552755732896
0.003231105017613746,Irritation,Rage,0.7877054662878563
0.003231105017613746,Rage,Anxiety,0.0010949218955707495
0.003231105017613746,Rage,Despair,0.268981049460525
0.003231105017613746,Rage,Irritation,0.004379337228729266
0.003231105017613746,Rage,Rage,0.7255446914151751
0.0034517944942862038,Anxiety,Anxiety,0.13339524729500676
0.0034517944942862038,Anxiety,Despair,0.6921905810313448
0.0034517944942862038,Anxiety,Irritation,0.11777538063652235
0.0034517944942862038,Anxiety,Rage,0.056638791037126046
0.0034517944942862038,Despair,Anxiety,0.13338860767357
0.0034517944942862038,Despair,Despair,0.6921939484956554
0.0034517944942862038,Despair,Irritation,0.11777774786559225
0.0034517944942862038,Despair,Rage,0.05663969596518245
0.0034517944942862038,Irritation,Anxiety,0.021724105815127365
0.0034517944942862038,Irritation,Despair,0.05151558984686843
0.0034517944942862038,Irritation,Irritation,0.05086377684664765
0.0034517944942862038,Irritation,Rage,0.8758965274913567
0.0034517944942862038,Rage,Anxiety,0.0008727865623406081
0.0034517944942862038,Rage,Despair,0.09914412484652421
0.0034517944942862038,Rage,Irritation,0.003883901266061577
0.0034517944942862038,Rage,Rage,0.896099187325074
0.0031886111288279718,Anxiety,Anxiety,0.08775645008221233
0.0031886111288279718,Anxiety,Despair,0.7850914084727526
0.0031886111288279718,Anxiety,Irritation,0.06813853393560443
0.0031886111288279718,Anxiety,Rage,0.059013607509430493
0.0031886111288279718,Despair,Anxiety,0.0877503469903568
0.0031886111288279718,Despair,Despair,0.7850948295340042
0.0031886111288279718,Despair,Irritation,0.06814058839508721
0.0031886111288279718,Despair,Rage,0.05901423508055178
0.0031886111288279718,Irritation,Anxiety,0.03431163512780553
0.0031886111288279718,Irritation,Despair,0.1323852303807498
0.0031886111288279718,Irritation,Irritation,0.05047303481080942
0.0031886111288279718,Irritation,Rage,0.782830099680635
0.0031886111288279718,Rage,Anxiety,0.0010380336399844993
0.0031886111288279718,Rage,Despair,0.2720525614665204
0.0031886111288279718,Rage,Irritation,0.0038751215755376354
0.0031886111288279718,Rage,Rage,0.7230342833179576
0.003320218972918108,Anxiety,Anxiety,0.10993866018851853
0.003320218972918108,Anxiety,Despair,0.710123703024761
0.003320218972918108,Anxiety,Irritation,0.10823112879888769
0.003320218972918108,Anxiety,Rage,0.07170650798783272
0.003320218972918108,Despair,Anxiety,0.10993342070143965
0.003320218972918108,Despair,Despair,0.7101247892992792
0.003320218972918108,Despair,Irritation,0.1082345023279792
0.003320218972918108,Despair,Rage,0.07170728767130177
0.003320218972918108,Irritation,Anxiety,0.021179363387449624
0.003320218972918108,Irritation,Despair,0.07179325672645012
0.003320218972918108,Irritation,Irritation,0.03657238262960084
0.003320218972918108,Irritation,Rage,0.8704549972564993
0.003320218972918108,Rage,Anxiety,0.0009257442895378182
0.003320218972918108,Rage,Despair,0.14155392340615253
0.003320218972918108,Rage,Irritation,0.004078250326225815
0.003320218972918108,Rage,Rage,0.8534420819780842
0.003329841220563535,Anxiety,Anxiety,0.12016401406113886
0.003329841220563535,Anxiety,Despair,0.704993819471087
0.003329841220563535,Anxiety,Irritation,0.1050173783764056
0.003329841220563535,Anxiety,Rage,0.06982478809136868
0.003329841220563535,Despair,Anxiety,0.12015801807449142
0.003329841220563535,Despair,Despair,0.7049961766313843
0.003329841220563535,Despair,Irritation,0.1050202097796924
0.003329841220563535,Despair,Rage,0.06982559551443164
0.003329841220563535,Irritation,Anxiety,0.021790812547979092
0.003329841220563535,Irritation,Despair,0.06903425880129535
0.003329841220563535,Irritation,Irritation,0.03911231321759138
0.003329841220563535,Irritation,Rage,0.8700626154331339
0.003329841220563535,Rage,Anxiety,0.0008796797733385495
0.003329841220563535,Rage,Despair,0.13580385535235184
0.003329841220563535,Rage,Irritation,0.003716760808975726
0.003329841220563535,Rage,Rage,0.8595997040653338
0.0035322270257879375,Anxiety,Anxiety,0.15681875994992056
0.0035322270257879375,Anxiety,Despair,0.7460317542877262
0.0035322270257879375,Anxiety,Irritation,0.08682580312409356
0.0035322270257879375,Anxiety,Rage,0.010323682638259566
0.0035322270257879375,Despair,Anxiety,0.15680778116033456
0.0035322270257879375,Despair,Despair,0.7460415501775195
0.0035322270257879375,Despair,Irritation,0.08682696792820258
0.0035322270257879375,Despair,Rage,0.010323700733943078
0.0035322270257879375,Irritation,Anxiety,0.032611920585163184
0.0035322270257879375,Irritation,Despair,0.09004879636983079
0.0035322270257879375,Irritation,Irritation,0.07054359355430653
0.0035322270257879375,Irritation,Rage,0.8067956894906996
0.0035322270257879375,Rage,Anxiety,0.0010845885051419606
0.0035322270257879375,Rage,Despair,0.17548249621071982
0.0035322270257879375,Rage,Irritation,0.004896358261023045
0.0035322270257879375,Rage,Rage,0.8185365570231155
0.0032636253375873244,Anxiety,Anxiety,0.09929306297207208
0.0032636253375873244,Anxiety,Despair,0.7662473361171763
0.0032636253375873244,Anxiety,Irritation,0.08321112591912148
0.0032636253375873244,Anxiety,Rage,0.051248474991630384
0.0032636253375873244,Despair,Anxiety,0.09928679809345696
0.0032636253375873244,Despair,Despair,0.7662507483699447
0.0032636253375873244,Despair,Irritation,0.08321331069193441
0.0032636253375873244,Despair,Rage,0.05124914284466394
0.0032636253375873244,Irritation,Anxiety,0.022774493974461723
0.0032636253375873244,Irritation,Despair,0.07798454197713468
0.0032636253375873244,Irritation,Irritation,0.041996573971373026
0.0032636253375873244,Irritation,Rage,0.8572443900770306
0.0032636253375873244,Rage,Anxiety,0.0008720017529535277
0.0032636253375873244,Rage,Despair,0.1539980694518099
0.0032636253375873244,Rage,Irritation,0.003522610986521104
0.0032636253375873244,Rage,Rage,0.8416073178087153
0.0034860963866127827,Anxiety,Anxiety,0.11564314724454333
0.0034860963866127827,Anxiety,Despair,0.7606162674641266
0.0034860963866127827,Anxiety,Irritation,0.08327491334697722
0.0034860963866127827,Anxiety,Rage,0.04046567194435273
0.0034860963866127827,Despair,Anxiety,0.11563549345245826
0.0034860963866127827,Despair,Despair,0.7606216568911219
0.0034860963866127827,Despair,Irritation,0.08327655511639523
0.0034860963866127827,Despair,Rage,0.040466294540024296
0.0034860963866127827,Irritation,Anxiety,0.029522453881862767
0.0034860963866127827,Irritation,Despair,0.09883645425037031
0.0034860963866127827,Irritation,Irritation,0.05414505995513651
0.0034860963866127827,Irritation,Rage,0.8174960319126302
0.0034860963866127827,Rage,Anxiety,0.0010883910057482116
0.0034860963866127827,Rage,Despair,0.19632015652295282
0.0034860963866127827,Rage,Irritation,0.004833524924519268
0.0034860963866127827,Rage,Rage,0.7977579275467794
0.0034179678072546326,Anxiety,Anxiety,0.11651951417738558
0.0034179678072546326,Anxiety,Despair,0.7582752166123845
0.0034179678072546326,Anxiety,Irritation,0.0847012698801894
0.0034179678072546326,Anxiety,Rage,0.04050399933004032
0.0034179678072546326,Despair,Anxiety,0.11651191598597305
0.0034179678072546326,Despair,Despair,0.7582808020159435
0.0034179678072546326,Despair,Irritation,0.08470272056360162
0.0034179678072546326,Despair,Rage,0.04050456143448169
0.0034179678072546326,Irritation,Anxiety,0.03003185249261824
0.0034179678072546326,Irritation,Despair,0.10083702806962085
0.0034179678072546326,Irritation,Irritation,0.05545542682117448
0.0034179678072546326,Irritation,Rage,0.8136756926165866
0.0034179678072546326,Rage,Anxiety,0.0011162536963530603
0.0034179678072546326,Rage,Despair,0.20063248836580347
0.0034179678072546326,Rage,Irritation,0.005080340779470717
0.0034179678072546326,Rage,Rage,0.7931709171583731
0.0035342605873892054,Anxiety,Anxiety,0.13271236620776858
0.0035342605873892054,Anxiety,Despair,0.7433001281368194
0.0035342605873892054,Anxiety,Irritation,0.09119447921097844
0.0035342605873892054,Anxiety,Rage,0.03279302644443354
0.0035342605873892054,Despair,Anxiety,0.1327036581148449
0.0035342605873892054,Despair,Despair,0.7433064534493866
0.0035342605873892054,Despair,Irritation,0.09119634667812557
0.0035342605873892054,Despair,Rage,0.032793541757642874
0.0035342605873892054,Irritation,Anxiety,0.027849248324061108
0.0035342605873892054,Irritation,Despair,0.08357888394785373
0.0035342605873892054,Irritation,Irritation,0.0568979306196796
0.0035342605873892054,Irritation,Rage,0.8316739371084052
0.0035342605873892054,Rage,Anxiety,0.001049801328922812
0.0035342605873892054,Rage,Despair,0.16157229005969978
0.0035342605873892054,Rage,Irritation,0.004810713611699823
0.0035342605873892054,Rage,Rage,0.8325671949996774
0.003471133345089728,Anxiety,Anxiety,0.12111667816751416
0.003471133345089728,Anxiety,Despair,0.7565255729866334
0.003471133345089728,Anxiety,Irritation,0.08377644892132667
0.003471133345089728,Anxiety,Rage,0.03858129992452558
0.003471133345089728,Despair,Anxiety,0.12110868409725027
0.003471133345089728,Despair,Despair,0.7565318123638827
0.003471133345089728,Despair,Irritation,0.08377756656352742
0.003471133345089728,Despair,Rage,0.03858193697533978
0.003471133345089728,Irritation,Anxiety,0.029523963819744276
0.003471133345089728,Irritation,Despair,0.09614823523431797
0.003471133345089728,Irritation,Irritation,0.056438746045142624
0.003471133345089728,Irritation,Rage,0.817889054900795
0.003471133345089728,Rage,Anxiety,0.0010715895787538152
0.003471133345089728,Rage,Despair,0.1899025809028034
0.003471133345089728,Rage,Irritation,0.0047637530259955424
0.003471133345089728,Rage,Rage,0.8042620764924475
0.003924205725536974,Anxiety,Anxiety,0.21365944126138114
0.003924205725536974,Anxiety,Despair,0.6509908109333455
0.003924205725536974,Anxiety,Irritation,0.12292410032107016
0.003924205725536974,Anxiety,Rage,0.012425647484202692
0.003924205725536974,Despair,Anxiety,0.2136494151565383
0.003924205725536974,Despair,Despair,0.6509981140038035
0.003924205725536974,Despair,Irritation,0.12292625767591651
0.003924205725536974,Despair,Rage,0.012426213163741685
0.003924205725536974,Irritation,Anxiety,0.02261491377458357
0.003924205725536974,Irritation,Despair,0.012737402589020808
0.003924205725536974,Irritation,Irritation,0.06226569916632995
0.003924205725536974,Irritation,Rage,0.9023819844700657
0.003924205725536974,Rage,Anxiety,0.0005751646434147866
0.003924205725536974,Rage,Despair,0.015093093976478704
0.003924205725536974,Rage,Irritation,0.0009808551049339748
0.003924205725536974,Rage,Rage,0.9833508862751726
