C,Story,Emotion,Val
0.0013001230153357483,Anxiety,Anxiety,0.30211605220337023
0.0013001230153357483,Anxiety,Despair,0.2195833702938951
0.0013001230153357483,Anxiety,Irritation,0.29689753117089585
0.0013001230153357483,Anxiety,Rage,0.1814030463318387
0.0013001230153357483,Despair,Anxiety,0.20787333402112543
0.0013001230153357483,Despair,Despair,0.2835554826082886
0.0013001230153357483,Despair,Irritation,0.22105227240978928
0.0013001230153357483,Despair,Rage,0.2875189109607969
0.0013001230153357483,Irritation,Anxiety,0.2664827514763046
0.0013001230153357483,Irritation,Despair,0.20051901996672375
0.0013001230153357483,Irritation,Irritation,0.2924924498308252
0.0013001230153357483,Irritation,Rage,0.24050577872614623
0.0013001230153357483,Rage,Anxiety,0.1675060675675675
0.0013001230153357483,Rage,Despair,0.26513075275235265
0.0013001230153357483,Rage,Irritation,0.2224109811883569
0.0013001230153357483,Rage,Rage,0.3449521984917228
0.001329874553750847,Anxiety,Anxiety,0.3316500385292371
0.001329874553750847,Anxiety,Despair,0.21951431417183936
0.001329874553750847,Anxiety,Irritation,0.30941973692752645
0.001329874553750847,Anxiety,Rage,0.13941591037139714
0.001329874553750847,Despair,Anxiety,0.22370011514542312
0.001329874553750847,Despair,Despair,0.3013218025733527
0.001329874553750847,Despair,Irritation,0.2125719678536866
0.001329874553750847,Despair,Rage,0.2624061144275373
0.001329874553750847,Irritation,Anxiety,0.2981439790272097
0.001329874553750847,Irritation,Despair,0.19494044280300288
0.001329874553750847,Irritation,Irritation,0.3052271334178741
0.001329874553750847,Irritation,Rage,0.2016884447519133
0.001329874553750847,Rage,Anxiety,0.17202344514216011
0.001329874553750847,Rage,Despair,0.27756308384496364
0.001329874553750847,Rage,Irritation,0.21713547456569746
0.001329874553750847,Rage,Rage,0.3332779964471788
0.0012725862144637781,Anxiety,Anxiety,0.2959856141264956
0.0012725862144637781,Anxiety,Despair,0.22393169581721195
0.0012725862144637781,Anxiety,Irritation,0.2894396054714338
0.0012725862144637781,Anxiety,Rage,0.19064308458485885
0.0012725862144637781,Despair,Anxiety,0.21395799890831926
0.0012725862144637781,Despair,Despair,0.27807842491134516
0.0012725862144637781,Despair,Irritation,0.22493153802524876
0.0012725862144637781,Despair,Rage,0.283032038155087
0.0012725862144637781,Irritation,Anxiety,0.2645453589447516
0.0012725862144637781,Irritation,Despair,0.20804023976988403
0.0012725862144637781,Irritation,Irritation,0.2856001765882525
0.0012725862144637781,Irritation,Rage,0.24181422469711195
0.0012725862144637781,Rage,Anxiety,0.1784872831144443
0.0012725862144637781,Rage,Despair,0.2634941883135818
0.0012725862144637781,Rage,Irritation,0.22586671748517093
0.0012725862144637781,Rage,Rage,0.3321518110868034
0.0012109408161242725,Anxiety,Anxiety,0.31177517562909035
0.0012109408161242725,Anxiety,Despair,0.23749558527557962
0.0012109408161242725,Anxiety,Irritation,0.28280486189646076
0.0012109408161242725,Anxiety,Rage,0.1679243771988695
0.0012109408161242725,Despair,Anxiety,0.2523432121932138
0.0012109408161242725,Despair,Despair,0.28074949307077723
0.0012109408161242725,Despair,Irritation,0.2290920494142604
0.0012109408161242725,Despair,Rage,0.23781524532174847
0.0012109408161242725,Irritation,Anxiety,0.29121602310283695
0.0012109408161242725,Irritation,Despair,0.22380754801023375
0.0012109408161242725,Irritation,Irritation,0.28131133139999187
0.0012109408161242725,Irritation,Rage,0.20366509748693706
0.0012109408161242725,Rage,Anxiety,0.2238105163567324
0.0012109408161242725,Rage,Despair,0.2678502878944323
0.0012109408161242725,Rage,Irritation,0.23157546890104977
0.0012109408161242725,Rage,Rage,0.2767637268477853
0.0012545329214828276,Anxiety,Anxiety,0.37918856282635643
0.0012545329214828276,Anxiety,Despair,0.21156308296907078
0.0012545329214828276,Anxiety,Irritation,0.3209977560509083
0.0012545329214828276,Anxiety,Rage,0.08825059815366404
0.0012545329214828276,Despair,Anxiety,0.25785221497392863
0.0012545329214828276,Despair,Despair,0.33311389017181187
0.0012545329214828276,Despair,Irritation,0.191794330497267
0.0012545329214828276,Despair,Rage,0.21723956435699276
0.0012545329214828276,Irritation,Anxiety,0.3506755259129215
0.0012545329214828276,Irritation,Despair,0.18026865130249867
0.0012545329214828276,Irritation,Irritation,0.32704088077493376
0.0012545329214828276,Irritation,Rage,0.14201494200964604
0.0012545329214828276,Rage,Anxiety,0.18601880694327352
0.0012545329214828276,Rage,Despair,0.29730099841748875
0.0012545329214828276,Rage,Irritation,0.20422800878003133
0.0012545329214828276,Rage,Rage,0.3124521858592064
0.0012008353445003537,Anxiety,Anxiety,0.28805161485714326
0.0012008353445003537,Anxiety,Despair,0.22567195217473282
0.0012008353445003537,Anxiety,Irritation,0.2854080950142715
0.0012008353445003537,Anxiety,Rage,0.2008683379538526
0.0012008353445003537,Despair,Anxiety,0.21585986437517904
0.0012008353445003537,Despair,Despair,0.2753136645102482
0.0012008353445003537,Despair,Irritation,0.22740342721757523
0.0012008353445003537,Despair,Rage,0.28142304389699757
0.0012008353445003537,Irritation,Anxiety,0.25984193296662267
0.0012008353445003537,Irritation,Despair,0.21095397566436808
0.0012008353445003537,Irritation,Irritation,0.2830050206012198
0.0012008353445003537,Irritation,Rage,0.24619907076778966
0.0012008353445003537,Rage,Anxiety,0.18532767319763135
0.0012008353445003537,Rage,Despair,0.26100146508557687
0.0012008353445003537,Rage,Irritation,0.2280901283203915
0.0012008353445003537,Rage,Rage,0.32558073339640015
0.0013060143602597438,Anxiety,Anxiety,0.3326597914968995
0.0013060143602597438,Anxiety,Despair,0.2182533903485468
0.0013060143602597438,Anxiety,Irritation,0.30989736272939367
0.0013060143602597438,Anxiety,Rage,0.13918945542516012
0.0013060143602597438,Despair,Anxiety,0.22377848940218575
0.0013060143602597438,Despair,Despair,0.3032563515708863
0.0013060143602597438,Despair,Irritation,0.211614330961193
0.0013060143602597438,Despair,Rage,0.2613508280657347
0.0013060143602597438,Irritation,Anxiety,0.2984577136857848
0.0013060143602597438,Irritation,Despair,0.19303201430911618
0.0013060143602597438,Irritation,Irritation,0.3069015147944906
0.0013060143602597438,Irritation,Rage,0.2016087572106085
0.0013060143602597438,Rage,Anxiety,0.1724693521288829
0.0013060143602597438,Rage,Despair,0.2775916425802112
0.0013060143602597438,Rage,Irritation,0.2166253616203219
0.0013060143602597438,Rage,Rage,0.33331364367058414
0.0014340215245554533,Anxiety,Anxiety,0.3406297541631202
0.0014340215245554533,Anxiety,Despair,0.21632868685738985
0.0014340215245554533,Anxiety,Irritation,0.31930732335132744
0.0014340215245554533,Anxiety,Rage,0.12373423562816206
0.0014340215245554533,Despair,Anxiety,0.21964124343921967
0.0014340215245554533,Despair,Despair,0.30710731079832476
0.0014340215245554533,Despair,Irritation,0.20732489091325482
0.0014340215245554533,Despair,Rage,0.2659265548492007
0.0014340215245554533,Irritation,Anxiety,0.307650047449905
0.0014340215245554533,Irritation,Despair,0.18887126365676354
0.0014340215245554533,Irritation,Irritation,0.3116754055682959
0.0014340215245554533,Irritation,Rage,0.1918032833250358
0.0014340215245554533,Rage,Anxiety,0.15767882417805307
0.0014340215245554533,Rage,Despair,0.2831744905312085
0.0014340215245554533,Rage,Irritation,0.21322744368287594
0.0014340215245554533,Rage,Rage,0.34591924160786214
0.0012507793481448671,Anxiety,Anxiety,0.2945564126934461
0.0012507793481448671,Anxiety,Despair,0.22299969186857183
0.0012507793481448671,Anxiety,Irritation,0.2904287535604391
0.0012507793481448671,Anxiety,Rage,0.19201514187754304
0.0012507793481448671,Despair,Anxiety,0.21212676180793022
0.0012507793481448671,Despair,Despair,0.27887987638979056
0.0012507793481448671,Despair,Irritation,0.2244623144547095
0.0012507793481448671,Despair,Rage,0.28453104734756934
0.0012507793481448671,Irritation,Anxiety,0.26267890668965793
0.0012507793481448671,Irritation,Despair,0.20636844678232755
0.0012507793481448671,Irritation,Irritation,0.28711697774206163
0.0012507793481448671,Irritation,Rage,0.24383566878595306
0.0012507793481448671,Rage,Anxiety,0.17690995200291895
0.0012507793481448671,Rage,Despair,0.2628871920467008
0.0012507793481448671,Rage,Irritation,0.22540722725696266
0.0012507793481448671,Rage,Rage,0.33479562869341745
0.001237952510018006,Anxiety,Anxiety,0.3230439270207129
0.001237952510018006,Anxiety,Despair,0.23442022326183745
0.001237952510018006,Anxiety,Irritation,0.28782774999542515
0.001237952510018006,Anxiety,Rage,0.15470809972202468
0.001237952510018006,Despair,Anxiety,0.25355820344608765
0.001237952510018006,Despair,Despair,0.2883582459251564
0.001237952510018006,Despair,Irritation,0.22329404846857864
0.001237952510018006,Despair,Rage,0.2347895021601771
0.001237952510018006,Irritation,Anxiety,0.2994448217247394
0.001237952510018006,Irritation,Despair,0.21754387492502528
0.001237952510018006,Irritation,Irritation,0.28749060192359815
0.001237952510018006,Irritation,Rage,0.19552070142663705
0.001237952510018006,Rage,Anxiety,0.21926913129245798
0.001237952510018006,Rage,Despair,0.2717855286254576
0.001237952510018006,Rage,Irritation,0.22736295652754895
0.001237952510018006,Rage,Rage,0.2815823835545354
0.0013489842050185199,Anxiety,Anxiety,0.33880462794603566
0.0013489842050185199,Anxiety,Despair,0.21658460264541743
0.0013489842050185199,Anxiety,Irritation,0.31551512018459016
0.0013489842050185199,Anxiety,Rage,0.12909564922395667
0.0013489842050185199,Despair,Anxiety,0.22144102337769567
0.0013489842050185199,Despair,Despair,0.3071063096042931
0.0013489842050185199,Despair,Irritation,0.20884458396956776
0.0013489842050185199,Despair,Rage,0.26260808304844313
0.0013489842050185199,Irritation,Anxiety,0.30393975879978696
0.0013489842050185199,Irritation,Despair,0.1896156614676207
0.0013489842050185199,Irritation,Irritation,0.31113847700447883
0.0013489842050185199,Irritation,Rage,0.19530610272811397
0.0013489842050185199,Rage,Anxiety,0.16401546798885036
0.0013489842050185199,Rage,Despair,0.2805014925472469
0.0013489842050185199,Rage,Irritation,0.21429525487923218
0.0013489842050185199,Rage,Rage,0.3411877845846706
0.0013356887008160062,Anxiety,Anxiety,0.3382462278272499
0.0013356887008160062,Anxiety,Despair,0.22942542351956932
0.0013356887008160062,Anxiety,Irritation,0.2983150234679803
0.0013356887008160062,Anxiety,Rage,0.13401332518520048
0.0013356887008160062,Despair,Anxiety,0.25090138898993536
0.0013356887008160062,Despair,Despair,0.29955914510230275
0.0013356887008160062,Despair,Irritation,0.2156127547582449
0.0013356887008160062,Despair,Rage,0.2339267111495172
0.0013356887008160062,Irritation,Anxiety,0.3113115777881097
0.0013356887008160062,Irritation,Despair,0.2079396586407986
0.0013356887008160062,Irritation,Irritation,0.29790442205932255
0.0013356887008160062,Irritation,Rage,0.1828443415117689
0.0013356887008160062,Rage,Anxiety,0.20581978381659194
0.0013356887008160062,Rage,Despair,0.2780331035548203
0.0013356887008160062,Rage,Irritation,0.22139852801179757
0.0013356887008160062,Rage,Rage,0.29474858461679015
0.00131054142489979,Anxiety,Anxiety,0.3040585518707078
0.00131054142489979,Anxiety,Despair,0.2182517834684116
0.00131054142489979,Anxiety,Irritation,0.29959843512774303
0.00131054142489979,Anxiety,Rage,0.17809122953313794
0.00131054142489979,Despair,Anxiety,0.2058129614407121
0.00131054142489979,Despair,Despair,0.28501519838452005
0.00131054142489979,Despair,Irritation,0.21973525042528055
0.00131054142489979,Despair,Rage,0.28943658974948744
0.00131054142489979,Irritation,Anxiety,0.26700722623423784
0.00131054142489979,Irritation,Despair,0.19828491988638666
0.00131054142489979,Irritation,Irritation,0.2947454263784066
0.00131054142489979,Irritation,Rage,0.23996242750096897
0.00131054142489979,Rage,Anxiety,0.16368465912121954
0.00131054142489979,Rage,Despair,0.2656156539968473
0.00131054142489979,Rage,Irritation,0.22105395384998347
0.00131054142489979,Rage,Rage,0.34964573303194996
0.0012069531955291796,Anxiety,Anxiety,0.28864229911609546
0.0012069531955291796,Anxiety,Despair,0.2264495872294265
0.0012069531955291796,Anxiety,Irritation,0.28446518667654974
0.0012069531955291796,Anxiety,Rage,0.20044292697792837
0.0012069531955291796,Despair,Anxiety,0.2169870758914536
0.0012069531955291796,Despair,Despair,0.27442983878579064
0.0012069531955291796,Despair,Irritation,0.2279941523813976
0.0012069531955291796,Despair,Rage,0.28058893294135856
0.0012069531955291796,Irritation,Anxiety,0.26064238689307595
0.0012069531955291796,Irritation,Despair,0.21230177672647094
0.0012069531955291796,Irritation,Irritation,0.2817831529130873
0.0012069531955291796,Irritation,Rage,0.2452726834673659
0.0012069531955291796,Rage,Anxiety,0.18641226799452124
0.0012069531955291796,Rage,Despair,0.2610210876658499
0.0012069531955291796,Rage,Irritation,0.2285619709620897
0.0012069531955291796,Rage,Rage,0.3240046733775394
0.0012970748177536728,Anxiety,Anxiety,0.3214499293557018
0.0012970748177536728,Anxiety,Despair,0.23445979413121446
0.0012970748177536728,Anxiety,Irritation,0.2903724176134601
0.0012970748177536728,Anxiety,Rage,0.1537178588996233
0.0012970748177536728,Despair,Anxiety,0.25109172231389915
0.0012970748177536728,Despair,Despair,0.28682587393405595
0.0012970748177536728,Despair,Irritation,0.22427379891767685
0.0012970748177536728,Despair,Rage,0.2378086048343679
0.0012970748177536728,Irritation,Anxiety,0.29832590164279327
0.0012970748177536728,Irritation,Despair,0.21771398507065476
0.0012970748177536728,Irritation,Irritation,0.2882843372586503
0.0012970748177536728,Irritation,Rage,0.19567577602790154
0.0012970748177536728,Rage,Anxiety,0.21502123460903194
0.0012970748177536728,Rage,Despair,0.2715291069842171
0.0012970748177536728,Rage,Irritation,0.22789314594104298
0.0012970748177536728,Rage,Rage,0.2855565124657081
0.0013695303194458288,Anxiety,Anxiety,0.3937251502313358
0.0013695303194458288,Anxiety,Despair,0.19890933338686706
0.0013695303194458288,Anxiety,Irritation,0.33821118972077413
0.0013695303194458288,Anxiety,Rage,0.06915432666102284
0.0013695303194458288,Despair,Anxiety,0.252811504440226
0.0013695303194458288,Despair,Despair,0.3523164073495697
0.0013695303194458288,Despair,Irritation,0.17776793422250542
0.0013695303194458288,Despair,Rage,0.21710415398769894
0.0013695303194458288,Irritation,Anxiety,0.368543243147796
0.0013695303194458288,Irritation,Despair,0.16266630207765764
0.0013695303194458288,Irritation,Irritation,0.34749687588301265
0.0013695303194458288,Irritation,Rage,0.12129357889153386
0.0013695303194458288,Rage,Anxiety,0.15941225425655148
0.0013695303194458288,Rage,Despair,0.3119891324877727
0.0013695303194458288,Rage,Irritation,0.19317418817214918
0.0013695303194458288,Rage,Rage,0.33542442508352677
0.0011655785452714918,Anxiety,Anxiety,0.28207683580274423
0.0011655785452714918,Anxiety,Despair,0.23086750543354959
0.0011655785452714918,Anxiety,Irritation,0.2767629232646123
0.0011655785452714918,Anxiety,Rage,0.2102927354990939
0.0011655785452714918,Despair,Anxiety,0.2229424420602231
0.0011655785452714918,Despair,Despair,0.2692795754086743
0.0011655785452714918,Despair,Irritation,0.23156637285709256
0.0011655785452714918,Despair,Rage,0.27621160967401
0.0011655785452714918,Irritation,Anxiety,0.2588089638575722
0.0011655785452714918,Irritation,Despair,0.21992598645128844
0.0011655785452714918,Irritation,Irritation,0.27445062987235874
0.0011655785452714918,Irritation,Rage,0.24681441981878047
0.0011655785452714918,Rage,Anxiety,0.19779634824430312
0.0011655785452714918,Rage,Despair,0.2583798596374056
0.0011655785452714918,Rage,Irritation,0.23275916169467287
0.0011655785452714918,Rage,Rage,0.3110646304236183
0.0012542384238959782,Anxiety,Anxiety,0.3295734050542523
0.0012542384238959782,Anxiety,Despair,0.23259339248345964
0.0012542384238959782,Anxiety,Irritation,0.29096192796438847
0.0012542384238959782,Anxiety,Rage,0.14687127449789938
0.0012542384238959782,Despair,Anxiety,0.2544265134507948
0.0012542384238959782,Despair,Despair,0.2925154365139774
0.0012542384238959782,Despair,Irritation,0.22023259901810757
0.0012542384238959782,Despair,Rage,0.23282545101712032
0.0012542384238959782,Irritation,Anxiety,0.304433329792519
0.0012542384238959782,Irritation,Despair,0.21398637433053036
0.0012542384238959782,Irritation,Irritation,0.2912412334052304
0.0012542384238959782,Irritation,Rage,0.19033906247172022
0.0012542384238959782,Rage,Anxiety,0.2165243749727505
0.0012542384238959782,Rage,Despair,0.27394230852304824
0.0012542384238959782,Rage,Irritation,0.22519874705863838
0.0012542384238959782,Rage,Rage,0.28433456944556273
0.0011098777260199156,Anxiety,Anxiety,0.3039123673314241
0.0011098777260199156,Anxiety,Despair,0.23007806605249356
0.0011098777260199156,Anxiety,Irritation,0.2862860009253697
0.0011098777260199156,Anxiety,Rage,0.17972356569071257
0.0011098777260199156,Despair,Anxiety,0.2347750892416222
0.0011098777260199156,Despair,Despair,0.2827156066223844
0.0011098777260199156,Despair,Irritation,0.22592222519661984
0.0011098777260199156,Despair,Rage,0.25658707893937327
0.0011098777260199156,Irritation,Anxiety,0.27778471840876706
0.0011098777260199156,Irritation,Despair,0.21498146924466752
0.0011098777260199156,Irritation,Irritation,0.28559376579061124
0.0011098777260199156,Irritation,Rage,0.22164004655595396
0.0011098777260199156,Rage,Anxiety,0.20437376908471194
0.0011098777260199156,Rage,Despair,0.26558294344595657
0.0011098777260199156,Rage,Irritation,0.22907515049095076
0.0011098777260199156,Rage,Rage,0.3009681369783807
0.0011710462260215025,Anxiety,Anxiety,0.2616430378009965
0.0011710462260215025,Anxiety,Despair,0.20662671346874184
0.0011710462260215025,Anxiety,Irritation,0.28146869703831756
0.0011710462260215025,Anxiety,Rage,0.25026155169194436
0.0011710462260215025,Despair,Anxiety,0.16364915727887203
0.0011710462260215025,Despair,Despair,0.26546899116955314
0.0011710462260215025,Despair,Irritation,0.2159286914600056
0.0011710462260215025,Despair,Rage,0.3549531600915699
0.0011710462260215025,Irritation,Anxiety,0.22001018064034916
0.0011710462260215025,Irritation,Despair,0.19202936800390488
0.0011710462260215025,Irritation,Irritation,0.2722818460932697
0.0011710462260215025,Irritation,Rage,0.3156786052624761
0.0011710462260215025,Rage,Anxiety,0.1324064083461145
0.0011710462260215025,Rage,Despair,0.2503195529453201
0.0011710462260215025,Rage,Irritation,0.21274554196655582
0.0011710462260215025,Rage,Rage,0.40452849674200947
0.0011158264962208267,Anxiety,Anxiety,0.2493798421950859
0.0011158264962208267,Anxiety,Despair,0.19956945429956555
0.0011158264962208267,Anxiety,Irritation,0.2881062880604121
0.0011158264962208267,Anxiety,Rage,0.26294441544493635
0.0011158264962208267,Despair,Anxiety,0.1515739949107283
0.0011158264962208267,Despair,Despair,0.2612718988400042
0.0011158264962208267,Despair,Irritation,0.2147597366721492
0.0011158264962208267,Despair,Rage,0.37239436957711813
0.0011158264962208267,Irritation,Anxiety,0.20652775358580625
0.0011158264962208267,Irritation,Despair,0.18271445274431092
0.0011158264962208267,Irritation,Irritation,0.27726539323781313
0.0011158264962208267,Irritation,Rage,0.33349240043207007
0.0011158264962208267,Rage,Anxiety,0.12118170717727125
0.0011158264962208267,Rage,Despair,0.24132860569751236
0.0011158264962208267,Rage,Irritation,0.20964295823692133
0.0011158264962208267,Rage,Rage,0.4278467288882951
0.001276490886892532,Anxiety,Anxiety,0.3232509271283335
0.001276490886892532,Anxiety,Despair,0.22306022659826763
0.001276490886892532,Anxiety,Irritation,0.30144167140467143
0.001276490886892532,Anxiety,Rage,0.15224717486872766
0.001276490886892532,Despair,Anxiety,0.22840843426674723
0.001276490886892532,Despair,Despair,0.29424522706342626
0.001276490886892532,Despair,Irritation,0.21701259324838962
0.001276490886892532,Despair,Rage,0.26033374542143684
0.001276490886892532,Irritation,Anxiety,0.29180828415984417
0.001276490886892532,Irritation,Despair,0.201277075910363
0.001276490886892532,Irritation,Irritation,0.2984533957649274
0.001276490886892532,Irritation,Rage,0.20846124416486536
0.001276490886892532,Rage,Anxiety,0.18299442215837794
0.001276490886892532,Rage,Despair,0.27262207075862105
0.001276490886892532,Rage,Irritation,0.2220067784722791
0.001276490886892532,Rage,Rage,0.322376728610722
0.0011732553518556297,Anxiety,Anxiety,0.2829303789723093
0.0011732553518556297,Anxiety,Despair,0.23059745344391583
0.0011732553518556297,Anxiety,Irritation,0.2773175635047056
0.0011732553518556297,Anxiety,Rage,0.20915460407906925
0.0011732553518556297,Despair,Anxiety,0.22239034740006017
0.0011732553518556297,Despair,Despair,0.26958087540264913
0.0011732553518556297,Despair,Irritation,0.23131336375808054
0.0011732553518556297,Despair,Rage,0.27671541343921
0.0011732553518556297,Irritation,Anxiety,0.2590964127943582
0.0011732553518556297,Irritation,Despair,0.21946198348383408
0.0011732553518556297,Irritation,Irritation,0.27486220874420475
0.0011732553518556297,Irritation,Rage,0.24657939497760306
0.0011732553518556297,Rage,Anxiety,0.1965595461795303
0.0011732553518556297,Rage,Despair,0.25853336793108694
0.0011732553518556297,Rage,Irritation,0.23250279511364216
0.0011732553518556297,Rage,Rage,0.31240429077574067
0.00132712643588217,Anxiety,Anxiety,0.3010061574938275
0.00132712643588217,Anxiety,Despair,0.22273553367352167
0.00132712643588217,Anxiety,Irritation,0.292211105734946
0.00132712643588217,Anxiety,Rage,0.18404720309770478
0.00132712643588217,Despair,Anxiety,0.21192221778814183
0.00132712643588217,Despair,Despair,0.2802371474529872
0.00132712643588217,Despair,Irritation,0.22274739978930405
0.00132712643588217,Despair,Rage,0.2850932349695669
0.00132712643588217,Irritation,Anxiety,0.2673819144831048
0.00132712643588217,Irritation,Despair,0.20587276484635156
0.00132712643588217,Irritation,Irritation,0.2872082864087196
0.00132712643588217,Irritation,Rage,0.23953703426182416
0.00132712643588217,Rage,Anxiety,0.17294011198425194
0.00132712643588217,Rage,Despair,0.26549916136348534
0.00132712643588217,Rage,Irritation,0.22392731787124726
0.00132712643588217,Rage,Rage,0.33763340878101594
0.0013156751086624227,Anxiety,Anxiety,0.33702444641959
0.0013156751086624227,Anxiety,Despair,0.2298756151658336
0.0013156751086624227,Anxiety,Irritation,0.2968837963404687
0.0013156751086624227,Anxiety,Rage,0.13621614207410745
0.0013156751086624227,Despair,Anxiety,0.25322620455829653
0.0013156751086624227,Despair,Despair,0.2977563986377473
0.0013156751086624227,Despair,Irritation,0.21602256387166835
0.0013156751086624227,Despair,Rage,0.23299483293228776
0.0013156751086624227,Irritation,Anxiety,0.3103906764604744
0.0013156751086624227,Irritation,Despair,0.20887032559952196
0.0013156751086624227,Irritation,Irritation,0.29685584385360647
0.0013156751086624227,Irritation,Rage,0.18388315408639708
0.0013156751086624227,Rage,Anxiety,0.20865857520901857
0.0013156751086624227,Rage,Despair,0.2772683363998452
0.0013156751086624227,Rage,Irritation,0.2221597953208966
0.0013156751086624227,Rage,Rage,0.2919132930702394
0.0012813069055370046,Anxiety,Anxiety,0.3001890468783714
0.0012813069055370046,Anxiety,Despair,0.2191174391694738
0.0012813069055370046,Anxiety,Irritation,0.2977001919998453
0.0012813069055370046,Anxiety,Rage,0.1829933219523093
0.0012813069055370046,Despair,Anxiety,0.2072246288082305
0.0012813069055370046,Despair,Despair,0.283747348383546
0.0012813069055370046,Despair,Irritation,0.22107306409031693
0.0012813069055370046,Despair,Rage,0.28795495871790655
0.0012813069055370046,Irritation,Anxiety,0.26475484873175725
0.0012813069055370046,Irritation,Despair,0.19979338687199144
0.0012813069055370046,Irritation,Irritation,0.29377238913100623
0.0012813069055370046,Irritation,Rage,0.241679375265245
0.0012813069055370046,Rage,Anxiety,0.16776357122890845
0.0012813069055370046,Rage,Despair,0.26433350663798877
0.0012813069055370046,Rage,Irritation,0.22215386033623988
0.0012813069055370046,Rage,Rage,0.3457490617968627
0.0010483240289179488,Anxiety,Anxiety,0.2942168155242905
0.0010483240289179488,Anxiety,Despair,0.2340514866257264
0.0010483240289179488,Anxiety,Irritation,0.27922532563631774
0.0010483240289179488,Anxiety,Rage,0.1925063722136658
0.0010483240289179488,Despair,Anxiety,0.23772159079198177
0.0010483240289179488,Despair,Despair,0.275568498050754
0.0010483240289179488,Despair,Irritation,0.23094350998129798
0.0010483240289179488,Despair,Rage,0.255766401175966
0.0010483240289179488,Irritation,Anxiety,0.27239151817805846
0.0010483240289179488,Irritation,Despair,0.22209314929235408
0.0010483240289179488,Irritation,Irritation,0.2783814615268501
0.0010483240289179488,Irritation,Rage,0.22713387100273758
0.0010483240289179488,Rage,Anxiety,0.21329674811923713
0.0010483240289179488,Rage,Despair,0.2622772979503966
0.0010483240289179488,Rage,Irritation,0.23300897672204274
0.0010483240289179488,Rage,Rage,0.2914169772083236
0.0012461307104153364,Anxiety,Anxiety,0.3246865291285866
0.0012461307104153364,Anxiety,Despair,0.23409730135035514
0.0012461307104153364,Anxiety,Irritation,0.2888198841647407
0.0012461307104153364,Anxiety,Rage,0.1523962853563174
0.0012461307104153364,Despair,Anxiety,0.2537225725265546
0.0012461307104153364,Despair,Despair,0.2891784695124433
0.0012461307104153364,Despair,Irritation,0.22274763591503727
0.0012461307104153364,Despair,Rage,0.23435132204596498
0.0012461307104153364,Irritation,Anxiety,0.3007801593388541
0.0012461307104153364,Irritation,Despair,0.2168446130637892
0.0012461307104153364,Irritation,Irritation,0.28841686666065147
0.0012461307104153364,Irritation,Rage,0.19395836093670518
0.0012461307104153364,Rage,Anxiety,0.21834471226347202
0.0012461307104153364,Rage,Despair,0.272294204536551
0.0012461307104153364,Rage,Irritation,0.22694543194291422
0.0012461307104153364,Rage,Rage,0.2824156512570626
0.0012951499054598928,Anxiety,Anxiety,0.3903535059231196
0.0012951499054598928,Anxiety,Despair,0.23064582709122908
0.0012951499054598928,Anxiety,Irritation,0.2990647571736928
0.0012951499054598928,Anxiety,Rage,0.07993590981195861
0.0012951499054598928,Despair,Anxiety,0.31703186957003177
0.0012951499054598928,Despair,Despair,0.3207236501641436
0.0012951499054598928,Despair,Irritation,0.19578401721157052
0.0012951499054598928,Despair,Rage,0.16646046305425422
0.0012951499054598928,Irritation,Anxiety,0.37403949627261535
0.0012951499054598928,Irritation,Despair,0.20639918920762068
0.0012951499054598928,Irritation,Irritation,0.30910383825032073
0.0012951499054598928,Irritation,Rage,0.11045747626944362
0.0012951499054598928,Rage,Anxiety,0.26296023327381807
0.0012951499054598928,Rage,Despair,0.2946678819021853
0.0012951499054598928,Rage,Irritation,0.20425815199213038
0.0012951499054598928,Rage,Rage,0.2381137328318663
0.0013113308986003307,Anxiety,Anxiety,0.32028846573803826
0.0013113308986003307,Anxiety,Despair,0.22547599241408964
0.0013113308986003307,Anxiety,Irritation,0.2993410081423219
0.0013113308986003307,Anxiety,Rage,0.15489453370555012
0.0013113308986003307,Despair,Anxiety,0.22947802956600902
0.0013113308986003307,Despair,Despair,0.2894352455603039
0.0013113308986003307,Despair,Irritation,0.21958900812396556
0.0013113308986003307,Despair,Rage,0.26149771674972144
0.0013113308986003307,Irritation,Anxiety,0.2906830629644339
0.0013113308986003307,Irritation,Despair,0.2055194170070666
0.0013113308986003307,Irritation,Irritation,0.29436170826039354
0.0013113308986003307,Irritation,Rage,0.20943581176810547
0.0013113308986003307,Rage,Anxiety,0.18478726016436067
0.0013113308986003307,Rage,Despair,0.2716459137759469
0.0013113308986003307,Rage,Irritation,0.22367007313052617
0.0013113308986003307,Rage,Rage,0.31989675292916625
0.0011469864234494606,Anxiety,Anxiety,0.283912814570631
0.0011469864234494606,Anxiety,Despair,0.22740270200666882
0.0011469864234494606,Anxiety,Irritation,0.2822378650248379
0.0011469864234494606,Anxiety,Rage,0.20644661839786246
0.0011469864234494606,Despair,Anxiety,0.21786855680135203
0.0011469864234494606,Despair,Despair,0.27284270907599256
0.0011469864234494606,Despair,Irritation,0.2295343830015043
0.0011469864234494606,Despair,Rage,0.27975435112115116
0.0011469864234494606,Irritation,Anxiety,0.25779342011511586
0.0011469864234494606,Irritation,Despair,0.21373989463249207
0.0011469864234494606,Irritation,Irritation,0.28043873500569816
0.0011469864234494606,Irritation,Rage,0.2480279502466939
0.0011469864234494606,Rage,Anxiety,0.19008744054267937
0.0011469864234494606,Rage,Despair,0.25820300109562233
0.0011469864234494606,Rage,Irritation,0.23123470163819726
0.0011469864234494606,Rage,Rage,0.320474856723501
0.001252224672396607,Anxiety,Anxiety,0.29618824792726806
0.001252224672396607,Anxiety,Despair,0.2224097628107526
0.001252224672396607,Anxiety,Irritation,0.29167362734396707
0.001252224672396607,Anxiety,Rage,0.189728361918012
0.001252224672396607,Despair,Anxiety,0.21176495348571253
0.001252224672396607,Despair,Despair,0.27951379187863695
0.001252224672396607,Despair,Irritation,0.22418751730861233
0.001252224672396607,Despair,Rage,0.2845337373270383
0.001252224672396607,Irritation,Anxiety,0.2636414986552709
0.001252224672396607,Irritation,Despair,0.20529854886952378
0.001252224672396607,Irritation,Irritation,0.28823101527849476
0.001252224672396607,Irritation,Rage,0.24282893719671036
0.001252224672396607,Rage,Anxiety,0.175577175943605
0.001252224672396607,Rage,Despair,0.2629549531942925
0.001252224672396607,Rage,Irritation,0.22519672877072594
0.001252224672396607,Rage,Rage,0.33627114209137665
0.001202148092194336,Anxiety,Anxiety,0.292163351425216
0.001202148092194336,Anxiety,Despair,0.22249495297015454
0.001202148092194336,Anxiety,Irritation,0.29104866224080106
0.001202148092194336,Anxiety,Rage,0.19429303336382855
0.001202148092194336,Despair,Anxiety,0.21140517375752632
0.001202148092194336,Despair,Despair,0.2786000163591253
0.001202148092194336,Despair,Irritation,0.22523140934000063
0.001202148092194336,Despair,Rage,0.28476340054334787
0.001202148092194336,Irritation,Anxiety,0.26055450513026535
0.001202148092194336,Irritation,Despair,0.205484120107543
0.001202148092194336,Irritation,Irritation,0.28846454848708375
0.001202148092194336,Irritation,Rage,0.2454968262751082
0.001202148092194336,Rage,Anxiety,0.1773089307083764
0.001202148092194336,Rage,Despair,0.261329994976664
0.001202148092194336,Rage,Irritation,0.22595474990284128
0.001202148092194336,Rage,Rage,0.33540632441211815
0.00121911627605744,Anxiety,Anxiety,0.31779838356628015
0.00121911627605744,Anxiety,Despair,0.23592587855110483
0.00121911627605744,Anxiety,Irritation,0.2850546928655616
0.00121911627605744,Anxiety,Rage,0.16122104501705325
0.00121911627605744,Despair,Anxiety,0.25313703608023785
0.00121911627605744,Despair,Despair,0.28486593330323867
0.00121911627605744,Despair,Irritation,0.22597187897344298
0.00121911627605744,Despair,Rage,0.2360251516430805
0.00121911627605744,Irritation,Anxiety,0.2955513121595989
0.00121911627605744,Irritation,Despair,0.220547612098706
0.00121911627605744,Irritation,Irritation,0.28431613513961507
0.00121911627605744,Irritation,Rage,0.19958494060208007
0.00121911627605744,Rage,Anxiety,0.22181643783316027
0.00121911627605744,Rage,Despair,0.2699243816725887
0.00121911627605744,Rage,Irritation,0.22931844111576535
0.00121911627605744,Rage,Rage,0.2789407393784856
0.001330471707975443,Anxiety,Anxiety,0.3293360179385291
0.001330471707975443,Anxiety,Despair,0.23282030941640208
0.001330471707975443,Anxiety,Irritation,0.2942799193461213
0.001330471707975443,Anxiety,Rage,0.14356375329894744
0.001330471707975443,Despair,Anxiety,0.2511193473732421
0.001330471707975443,Despair,Despair,0.29200416403112117
0.001330471707975443,Despair,Irritation,0.22025535694126613
0.001330471707975443,Despair,Rage,0.2366211316543706
0.001330471707975443,Irritation,Anxiety,0.27334258564071473
0.001330471707975443,Irritation,Despair,0.2568213489945041
0.001330471707975443,Irritation,Irritation,0.2526154865287147
0.001330471707975443,Irritation,Rage,0.21722057883606613
0.001330471707975443,Rage,Anxiety,0.2138264712724712
0.001330471707975443,Rage,Despair,0.27615642773770366
0.001330471707975443,Rage,Irritation,0.2243607173821921
0.001330471707975443,Rage,Rage,0.2856563836076328
0.0011960015893759503,Anxiety,Anxiety,0.2851487611965984
0.0011960015893759503,Anxiety,Despair,0.22955446630358262
0.0011960015893759503,Anxiety,Irritation,0.2791208973604752
0.0011960015893759503,Anxiety,Rage,0.20617587513934404
0.0011960015893759503,Despair,Anxiety,0.2207642868914189
0.0011960015893759503,Despair,Despair,0.2712172713564755
0.0011960015893759503,Despair,Irritation,0.23001914272485868
0.0011960015893759503,Despair,Rage,0.2779992990272467
0.0011960015893759503,Irritation,Anxiety,0.23723897145014303
0.0011960015893759503,Irritation,Despair,0.24624800506514738
0.0011960015893759503,Irritation,Irritation,0.2512435942381124
0.0011960015893759503,Irritation,Rage,0.26526942924659697
0.0011960015893759503,Rage,Anxiety,0.19599007770993795
0.0011960015893759503,Rage,Despair,0.26047679024173154
0.0011960015893759503,Rage,Irritation,0.23134383895229146
0.0011960015893759503,Rage,Rage,0.31218929309603904
0.0013750451195806458,Anxiety,Anxiety,0.31151097430600805
0.0013750451195806458,Anxiety,Despair,0.21629193480558875
0.0013750451195806458,Anxiety,Irritation,0.30458214621145036
0.0013750451195806458,Anxiety,Rage,0.16761494467695295
0.0013750451195806458,Despair,Anxiety,0.20206998084305094
0.0013750451195806458,Despair,Despair,0.28962780660523574
0.0013750451195806458,Despair,Irritation,0.21623591896848246
0.0013750451195806458,Despair,Rage,0.29206629358323083
0.0013750451195806458,Irritation,Anxiety,0.2310505978752188
0.0013750451195806458,Irritation,Despair,0.24421194360918994
0.0013750451195806458,Irritation,Irritation,0.2540234776225734
0.0013750451195806458,Irritation,Rage,0.27071398089301774
0.0013750451195806458,Rage,Anxiety,0.1593163488028869
0.0013750451195806458,Rage,Despair,0.27097056333158015
0.0013750451195806458,Rage,Irritation,0.21790391407268972
0.0013750451195806458,Rage,Rage,0.35180917379284304
0.0013940564716391213,Anxiety,Anxiety,0.3435063769618403
0.0013940564716391213,Anxiety,Despair,0.22787264850584377
0.0013940564716391213,Anxiety,Irritation,0.30376953440092985
0.0013940564716391213,Anxiety,Rage,0.12485144013138616
0.0013940564716391213,Despair,Anxiety,0.24913957516917015
0.0013940564716391213,Despair,Despair,0.30384683343557434
0.0013940564716391213,Despair,Irritation,0.2123385058072718
0.0013940564716391213,Despair,Rage,0.23467508558798356
0.0013940564716391213,Irritation,Anxiety,0.27821186315576935
0.0013940564716391213,Irritation,Despair,0.25829690453063425
0.0013940564716391213,Irritation,Irritation,0.2525247577958482
0.0013940564716391213,Irritation,Rage,0.21096647451774794
0.0013940564716391213,Rage,Anxiety,0.20294783297382102
0.0013940564716391213,Rage,Despair,0.2829902958710658
0.0013940564716391213,Rage,Irritation,0.21824051531722627
0.0013940564716391213,Rage,Rage,0.2958213558378872
0.0011048964811346163,Anxiety,Anxiety,0.3026560827177055
0.0011048964811346163,Anxiety,Despair,0.2400800133393766
0.0011048964811346163,Anxiety,Irritation,0.2757904825620022
0.0011048964811346163,Anxiety,Rage,0.18147342138091577
0.0011048964811346163,Despair,Anxiety,0.25364346706914803
0.0011048964811346163,Despair,Despair,0.2764489630760042
0.0011048964811346163,Despair,Irritation,0.23242320166004465
0.0011048964811346163,Despair,Rage,0.2374843681948033
0.0011048964811346163,Irritation,Anxiety,0.2666116381612513
0.0011048964811346163,Irritation,Despair,0.255020018103224
0.0011048964811346163,Irritation,Irritation,0.25169031675919634
0.0011048964811346163,Irritation,Rage,0.22667802697632847
0.0011048964811346163,Rage,Anxiety,0.2340220014566987
0.0011048964811346163,Rage,Despair,0.26621871156859617
0.0011048964811346163,Rage,Irritation,0.23421964866134903
0.0011048964811346163,Rage,Rage,0.2655396383133561
0.0011697820493137682,Anxiety,Anxiety,0.28290437579417255
0.0011697820493137682,Anxiety,Despair,0.23027799789920325
0.0011697820493137682,Anxiety,Irritation,0.27779553612190516
0.0011697820493137682,Anxiety,Rage,0.20902209018471873
0.0011697820493137682,Despair,Anxiety,0.22203618565564046
0.0011697820493137682,Despair,Despair,0.2700869573699668
0.0011697820493137682,Despair,Irritation,0.23100466201765874
0.0011697820493137682,Despair,Rage,0.276872194956734
0.0011697820493137682,Irritation,Anxiety,0.23760020483904026
0.0011697820493137682,Irritation,Despair,0.2462257471162293
0.0011697820493137682,Irritation,Irritation,0.25129764711490765
0.0011697820493137682,Irritation,Rage,0.2648764009298226
0.0011697820493137682,Rage,Anxiety,0.19876399970924097
0.0011697820493137682,Rage,Despair,0.2596274520101316
0.0011697820493137682,Rage,Irritation,0.23219867722055051
0.0011697820493137682,Rage,Rage,0.3094098710600767
0.0013127840403167285,Anxiety,Anxiety,0.3347313951293114
0.0013127840403167285,Anxiety,Despair,0.23091787707503905
0.0013127840403167285,Anxiety,Irritation,0.2952838828836665
0.0013127840403167285,Anxiety,Rage,0.13906684491198368
0.0013127840403167285,Despair,Anxiety,0.25250738419669905
0.0013127840403167285,Despair,Despair,0.29646739381690035
0.0013127840403167285,Despair,Irritation,0.2169268117719736
0.0013127840403167285,Despair,Rage,0.2340984102144271
0.0013127840403167285,Irritation,Anxiety,0.27587764812371496
0.0013127840403167285,Irritation,Despair,0.2575514119533843
0.0013127840403167285,Irritation,Irritation,0.25196773666974737
0.0013127840403167285,Irritation,Rage,0.21460320325315338
0.0013127840403167285,Rage,Anxiety,0.21369631038688713
0.0013127840403167285,Rage,Despair,0.27843409040623424
0.0013127840403167285,Rage,Irritation,0.22210356260982902
0.0013127840403167285,Rage,Rage,0.2857660365970496
0.0012683757407656417,Anxiety,Anxiety,0.2955754321232625
0.0012683757407656417,Anxiety,Despair,0.2239049756571988
0.0012683757407656417,Anxiety,Irritation,0.289660499348037
0.0012683757407656417,Anxiety,Rage,0.1908590928715022
0.0012683757407656417,Despair,Anxiety,0.2132347025409251
0.0012683757407656417,Despair,Despair,0.27846501040904964
0.0012683757407656417,Despair,Irritation,0.2245470523320363
0.0012683757407656417,Despair,Rage,0.2837532347179891
0.0012683757407656417,Irritation,Anxiety,0.23445262612160866
0.0012683757407656417,Irritation,Despair,0.24520350946637848
0.0012683757407656417,Irritation,Irritation,0.25269845139477154
0.0012683757407656417,Irritation,Rage,0.2676454130172414
0.0012683757407656417,Rage,Anxiety,0.18105201849703356
0.0012683757407656417,Rage,Despair,0.26495514367981277
0.0012683757407656417,Rage,Irritation,0.22543004222617163
0.0012683757407656417,Rage,Rage,0.32856279559698204
0.001298319884249571,Anxiety,Anxiety,0.40634104389662346
0.001298319884249571,Anxiety,Despair,0.22581080131272924
0.001298319884249571,Anxiety,Irritation,0.29533957042227243
0.001298319884249571,Anxiety,Rage,0.07250858436837478
0.001298319884249571,Despair,Anxiety,0.3273930226203226
0.001298319884249571,Despair,Despair,0.3259691805866569
0.001298319884249571,Despair,Irritation,0.18751873040338435
0.001298319884249571,Despair,Rage,0.15911906638963577
0.001298319884249571,Irritation,Anxiety,0.3579157123235796
0.001298319884249571,Irritation,Despair,0.26941309812780795
0.001298319884249571,Irritation,Irritation,0.23813805093945828
0.001298319884249571,Irritation,Rage,0.13453313860915406
0.001298319884249571,Rage,Anxiety,0.2738781877329205
0.001298319884249571,Rage,Despair,0.30124707717139365
0.001298319884249571,Rage,Irritation,0.19699046257469233
0.001298319884249571,Rage,Rage,0.22788427252099383
0.001214695607242642,Anxiety,Anxiety,0.2859316678984044
0.001214695607242642,Anxiety,Despair,0.23022991433659232
0.001214695607242642,Anxiety,Irritation,0.27830353755031734
0.001214695607242642,Anxiety,Rage,0.20553488021468574
0.001214695607242642,Despair,Anxiety,0.2217575822876162
0.001214695607242642,Despair,Despair,0.2704544535879962
0.001214695607242642,Despair,Irritation,0.23018407640523358
0.001214695607242642,Despair,Rage,0.27760388771915434
0.001214695607242642,Irritation,Anxiety,0.23816452953028366
0.001214695607242642,Irritation,Despair,0.24650880252123158
0.001214695607242642,Irritation,Irritation,0.2507645154534771
0.001214695607242642,Irritation,Rage,0.2645621524950075
0.001214695607242642,Rage,Anxiety,0.19680654445067572
0.001214695607242642,Rage,Despair,0.2606602895109738
0.001214695607242642,Rage,Irritation,0.2313157209739674
0.001214695607242642,Rage,Rage,0.3112174450643829
0.0013879397974862829,Anxiety,Anxiety,0.35010565645545694
0.0013879397974862829,Anxiety,Despair,0.22546403830560255
0.0013879397974862829,Anxiety,Irritation,0.30544060487125385
0.0013879397974862829,Anxiety,Rage,0.11898970036768695
0.0013879397974862829,Despair,Anxiety,0.25025097759761716
0.0013879397974862829,Despair,Despair,0.30838093519055243
0.0013879397974862829,Despair,Irritation,0.20924970424465736
0.0013879397974862829,Despair,Rage,0.23211838296717294
0.0013879397974862829,Irritation,Anxiety,0.2813963829868723
0.0013879397974862829,Irritation,Despair,0.25875044118533375
0.0013879397974862829,Irritation,Irritation,0.25209791927610997
0.0013879397974862829,Irritation,Rage,0.2077552565516841
0.0013879397974862829,Rage,Anxiety,0.20131348493018875
0.0013879397974862829,Rage,Despair,0.28534703081540674
0.0013879397974862829,Rage,Irritation,0.21609014050225808
0.0013879397974862829,Rage,Rage,0.2972493437521466
0.0013777791935428948,Anxiety,Anxiety,0.34116147706805755
0.0013777791935428948,Anxiety,Despair,0.22874172130411166
0.0013777791935428948,Anxiety,Irritation,0.3015994418417377
0.0013777791935428948,Anxiety,Rage,0.1284973597860929
0.0013777791935428948,Despair,Anxiety,0.2495923320444757
0.0013777791935428948,Despair,Despair,0.3020232487432237
0.0013777791935428948,Despair,Irritation,0.21368680716815514
0.0013777791935428948,Despair,Rage,0.2346976120441452
0.0013777791935428948,Irritation,Anxiety,0.2775070882145129
0.0013777791935428948,Irritation,Despair,0.2581070444784974
0.0013777791935428948,Irritation,Irritation,0.25235424699790676
0.0013777791935428948,Irritation,Rage,0.21203162030908307
0.0013777791935428948,Rage,Anxiety,0.20571597683820025
0.0013777791935428948,Rage,Despair,0.2817658109034535
0.0013777791935428948,Rage,Irritation,0.21918583380566042
0.0013777791935428948,Rage,Rage,0.29333237845268556
0.0013066030697561216,Anxiety,Anxiety,0.3005786413009767
0.0013066030697561216,Anxiety,Despair,0.2200649371567532
0.0013066030697561216,Anxiety,Irritation,0.2960225944568165
0.0013066030697561216,Anxiety,Rage,0.183333827085454
0.0013066030697561216,Despair,Anxiety,0.2079289343469313
0.0013066030697561216,Despair,Despair,0.2834888678866399
0.0013066030697561216,Despair,Irritation,0.221079578510304
0.0013066030697561216,Despair,Rage,0.28750261925612497
0.0013066030697561216,Irritation,Anxiety,0.23199964917205723
0.0013066030697561216,Irritation,Despair,0.24454683227757568
0.0013066030697561216,Irritation,Irritation,0.25364485075624166
0.0013066030697561216,Irritation,Rage,0.26980866779412555
0.0013066030697561216,Rage,Anxiety,0.17218125687665883
0.0013066030697561216,Rage,Despair,0.2670948123166309
0.0013066030697561216,Rage,Irritation,0.22239976821184407
0.0013066030697561216,Rage,Rage,0.3383241625948665
0.0014127241206968034,Anxiety,Anxiety,0.3187652667165837
0.0014127241206968034,Anxiety,Despair,0.21188068927278955
0.0014127241206968034,Anxiety,Irritation,0.3132345536106969
0.0014127241206968034,Anxiety,Rage,0.15611949039992967
0.0014127241206968034,Despair,Anxiety,0.1967588673141291
0.0014127241206968034,Despair,Despair,0.29502766623325755
0.0014127241206968034,Despair,Irritation,0.21204743260569145
0.0014127241206968034,Despair,Rage,0.29616603384692186
0.0014127241206968034,Irritation,Anxiety,0.2295883274713903
0.0014127241206968034,Irritation,Despair,0.24312395297817965
0.0014127241206968034,Irritation,Irritation,0.25515567522363936
0.0014127241206968034,Irritation,Rage,0.2721320443267905
0.0014127241206968034,Rage,Anxiety,0.14901027037598916
0.0014127241206968034,Rage,Despair,0.27352800848314673
0.0014127241206968034,Rage,Irritation,0.21426858199235493
0.0014127241206968034,Rage,Rage,0.36319313914850937
0.0013467509342252044,Anxiety,Anxiety,0.328917241096601
0.0013467509342252044,Anxiety,Despair,0.22183984366932016
0.0013467509342252044,Anxiety,Irritation,0.30689195206000863
0.0013467509342252044,Anxiety,Rage,0.14235096317407034
0.0013467509342252044,Despair,Anxiety,0.22467004831892665
0.0013467509342252044,Despair,Despair,0.2979616707560632
0.0013467509342252044,Despair,Irritation,0.214424463868668
0.0013467509342252044,Despair,Rage,0.26294381705634223
0.0013467509342252044,Irritation,Anxiety,0.2552800939861327
0.0013467509342252044,Irritation,Despair,0.2515292833500933
0.0013467509342252044,Irritation,Irritation,0.25417062741859575
0.0013467509342252044,Irritation,Rage,0.23901999524517842
0.0013467509342252044,Rage,Anxiety,0.17909081798099472
0.0013467509342252044,Rage,Despair,0.27751219034717944
0.0013467509342252044,Rage,Irritation,0.21926655526633537
0.0013467509342252044,Rage,Rage,0.32413043640549055
0.0012140707537116762,Anxiety,Anxiety,0.29084279974916727
0.0012140707537116762,Anxiety,Despair,0.22403906858507736
0.0012140707537116762,Anxiety,Irritation,0.28843992850138944
0.0012140707537116762,Anxiety,Rage,0.1966782031643658
0.0012140707537116762,Despair,Anxiety,0.21323863101666818
0.0012140707537116762,Despair,Despair,0.27727860506154556
0.0012140707537116762,Despair,Irritation,0.2258169084533587
0.0012140707537116762,Despair,Rage,0.28366585546842765
0.0012140707537116762,Irritation,Anxiety,0.23311242447381827
0.0012140707537116762,Irritation,Despair,0.2446619506048059
0.0012140707537116762,Irritation,Irritation,0.2532279155109038
0.0012140707537116762,Irritation,Rage,0.268997709410472
0.0012140707537116762,Rage,Anxiety,0.18344990849366968
0.0012140707537116762,Rage,Despair,0.2631278621358059
0.0012140707537116762,Rage,Irritation,0.22657436056378094
0.0012140707537116762,Rage,Rage,0.3268478688067438
0.00133687507840825,Anxiety,Anxiety,0.3067406337116948
0.00133687507840825,Anxiety,Despair,0.19571180385094178
0.00133687507840825,Anxiety,Irritation,0.3189415149178076
0.00133687507840825,Anxiety,Rage,0.17860604751955594
0.00133687507840825,Despair,Anxiety,0.1581828848118762
0.00133687507840825,Despair,Despair,0.29042136499775056
0.00133687507840825,Despair,Irritation,0.20340309894298284
0.00133687507840825,Despair,Rage,0.34799265124739004
0.00133687507840825,Irritation,Anxiety,0.19536750183797053
0.00133687507840825,Irritation,Despair,0.2301034945086122
0.00133687507840825,Irritation,Irritation,0.24951219961817392
0.00133687507840825,Irritation,Rage,0.3250168040352433
0.00133687507840825,Rage,Anxiety,0.11525165675433485
0.00133687507840825,Rage,Despair,0.2634033399565917
0.00133687507840825,Rage,Irritation,0.20087142306934908
0.00133687507840825,Rage,Rage,0.4204735802197243
0.0012041117399171001,Anxiety,Anxiety,0.2600520875522595
0.0012041117399171001,Anxiety,Despair,0.19238911490174374
0.0012041117399171001,Anxiety,Irritation,0.2965683077236608
0.0012041117399171001,Anxiety,Rage,0.2509904898223359
0.0012041117399171001,Despair,Anxiety,0.14169965474501967
0.0012041117399171001,Despair,Despair,0.2664045620641565
0.0012041117399171001,Despair,Irritation,0.2071254300524464
0.0012041117399171001,Despair,Rage,0.38477035313837754
0.0012041117399171001,Irritation,Anxiety,0.16821779952006807
0.0012041117399171001,Irritation,Despair,0.21963950733294424
0.0012041117399171001,Irritation,Irritation,0.24146410499182933
0.0012041117399171001,Irritation,Rage,0.3706785881551586
0.0012041117399171001,Rage,Anxiety,0.1110707629308971
0.0012041117399171001,Rage,Despair,0.24410210335768043
0.0012041117399171001,Rage,Irritation,0.20118079529923347
0.0012041117399171001,Rage,Rage,0.4436463384121888
0.0013878450301307273,Anxiety,Anxiety,0.31321092127802846
0.0013878450301307273,Anxiety,Despair,0.2151784377134807
0.0013878450301307273,Anxiety,Irritation,0.3069205426163297
0.0013878450301307273,Anxiety,Rage,0.1646900983921611
0.0013878450301307273,Despair,Anxiety,0.2015721706663676
0.0013878450301307273,Despair,Despair,0.29067769358169115
0.0013878450301307273,Despair,Irritation,0.21541731133122016
0.0013878450301307273,Despair,Rage,0.29233282442072095
0.0013878450301307273,Irritation,Anxiety,0.2312674565134251
0.0013878450301307273,Irritation,Despair,0.24388598698924935
0.0013878450301307273,Irritation,Irritation,0.2545456904725317
0.0013878450301307273,Irritation,Rage,0.27030086602479386
0.0013878450301307273,Rage,Anxiety,0.1577352984043427
0.0013878450301307273,Rage,Despair,0.2714483182459909
0.0013878450301307273,Rage,Irritation,0.21722886814872513
0.0013878450301307273,Rage,Rage,0.35358751520094134
0.0012950074089013747,Anxiety,Anxiety,0.3325752942586368
0.0012950074089013747,Anxiety,Despair,0.21850918649420512
0.0012950074089013747,Anxiety,Irritation,0.30977981383644787
0.0012950074089013747,Anxiety,Rage,0.1391357054107104
0.0012950074089013747,Despair,Anxiety,0.22379517524086262
0.0012950074089013747,Despair,Despair,0.30410692576868853
0.0012950074089013747,Despair,Irritation,0.2111095924375732
0.0012950074089013747,Despair,Rage,0.2609883065528753
0.0012950074089013747,Irritation,Anxiety,0.2555992564776245
0.0012950074089013747,Irritation,Despair,0.25169546270575355
0.0012950074089013747,Irritation,Irritation,0.25489107717947995
0.0012950074089013747,Irritation,Rage,0.23781420363714198
0.0012950074089013747,Rage,Anxiety,0.17763926396546675
0.0012950074089013747,Rage,Despair,0.280089216516222
0.0012950074089013747,Rage,Irritation,0.21576216402968615
0.0012950074089013747,Rage,Rage,0.3265093554886249
0.0012815137636454739,Anxiety,Anxiety,0.29791022938650474
0.0012815137636454739,Anxiety,Despair,0.22261684834347079
0.0012815137636454739,Anxiety,Irritation,0.29169970847145227
0.0012815137636454739,Anxiety,Rage,0.18777321379857223
0.0012815137636454739,Despair,Anxiety,0.2117059358749999
0.0012815137636454739,Despair,Despair,0.2799830592234053
0.0012815137636454739,Despair,Irritation,0.2234589622460426
0.0012815137636454739,Despair,Rage,0.28485204265555214
0.0012815137636454739,Irritation,Anxiety,0.23400720097267602
0.0012815137636454739,Irritation,Despair,0.24489051316472019
0.0012815137636454739,Irritation,Irritation,0.25295941874746164
0.0012815137636454739,Irritation,Rage,0.2681428671151421
0.0012815137636454739,Rage,Anxiety,0.1780541796416129
0.0012815137636454739,Rage,Despair,0.2655747139126879
0.0012815137636454739,Rage,Irritation,0.2244830981515797
0.0012815137636454739,Rage,Rage,0.33188800829411935
0.001231907045559606,Anxiety,Anxiety,0.29257982741080496
0.001231907045559606,Anxiety,Despair,0.22475624218985282
0.001231907045559606,Anxiety,Irritation,0.28770331177227615
0.001231907045559606,Anxiety,Rage,0.19496061862706598
0.001231907045559606,Despair,Anxiety,0.2141197190029427
0.001231907045559606,Despair,Despair,0.27696773645543743
0.001231907045559606,Despair,Irritation,0.22589260034732142
0.001231907045559606,Despair,Rage,0.28301994419429854
0.001231907045559606,Irritation,Anxiety,0.2342618751337785
0.001231907045559606,Irritation,Despair,0.2450887418243588
0.001231907045559606,Irritation,Irritation,0.25272457352320243
0.001231907045559606,Irritation,Rage,0.2679248095186602
0.001231907045559606,Rage,Anxiety,0.18368213173375356
0.001231907045559606,Rage,Despair,0.2636744781227818
0.001231907045559606,Rage,Irritation,0.22662188376935385
0.001231907045559606,Rage,Rage,0.32602150637411065
0.001422254133867403,Anxiety,Anxiety,0.3146591640359975
0.001422254133867403,Anxiety,Despair,0.21752429531840262
0.001422254133867403,Anxiety,Irritation,0.30415103249413294
0.001422254133867403,Anxiety,Rage,0.16366550815146721
0.001422254133867403,Despair,Anxiety,0.2037899633804956
0.001422254133867403,Despair,Despair,0.28874676783209496
0.001422254133867403,Despair,Irritation,0.21605405593548585
0.001422254133867403,Despair,Rage,0.2914092128519233
0.001422254133867403,Irritation,Anxiety,0.23336846752434784
0.001422254133867403,Irritation,Despair,0.2448497569502337
0.001422254133867403,Irritation,Irritation,0.25314402777189254
0.001422254133867403,Irritation,Rage,0.26863774775352584
0.001422254133867403,Rage,Anxiety,0.15920647246651973
0.001422254133867403,Rage,Despair,0.27250368032794103
0.001422254133867403,Rage,Irritation,0.2179789911323815
0.001422254133867403,Rage,Rage,0.35031085607315804
0.0012845470517931197,Anxiety,Anxiety,0.3233079789573754
0.0012845470517931197,Anxiety,Despair,0.22324078679462148
0.0012845470517931197,Anxiety,Irritation,0.3018168661174468
0.0012845470517931197,Anxiety,Rage,0.15163436813055664
0.0012845470517931197,Despair,Anxiety,0.2279407179000731
0.0012845470517931197,Despair,Despair,0.294400788400826
0.0012845470517931197,Despair,Irritation,0.2164278847330001
0.0012845470517931197,Despair,Rage,0.26123060896610084
0.0012845470517931197,Irritation,Anxiety,0.2543973907574287
0.0012845470517931197,Irritation,Despair,0.25142233290113003
0.0012845470517931197,Irritation,Irritation,0.2538786405913495
0.0012845470517931197,Irritation,Rage,0.2403016357500916
0.0012845470517931197,Rage,Anxiety,0.18637533725250385
0.0012845470517931197,Rage,Despair,0.2749244294201363
0.0012845470517931197,Rage,Irritation,0.2210364420867901
0.0012845470517931197,Rage,Rage,0.31766379124057004
0.0012571672177836893,Anxiety,Anxiety,0.2966955085337922
0.0012571672177836893,Anxiety,Despair,0.2222759638940234
0.0012571672177836893,Anxiety,Irritation,0.2924039032960561
0.0012571672177836893,Anxiety,Rage,0.18862462427612842
0.0012571672177836893,Despair,Anxiety,0.21088375296344186
0.0012571672177836893,Despair,Despair,0.2800165775795118
0.0012571672177836893,Despair,Irritation,0.22361815865142728
0.0012571672177836893,Despair,Rage,0.285481510805619
0.0012571672177836893,Irritation,Anxiety,0.2330271516860981
0.0012571672177836893,Irritation,Despair,0.24456723629569768
0.0012571672177836893,Irritation,Irritation,0.2534293326389053
0.0012571672177836893,Irritation,Rage,0.26897627937929874
0.0012571672177836893,Rage,Anxiety,0.17758211135076865
0.0012571672177836893,Rage,Despair,0.264971548406892
0.0012571672177836893,Rage,Irritation,0.2244372318448574
0.0012571672177836893,Rage,Rage,0.3330091083974818
0.001264786644951177,Anxiety,Anxiety,0.2960158906170485
0.001264786644951177,Anxiety,Despair,0.2218517748948378
0.001264786644951177,Anxiety,Irritation,0.2924500634443964
0.001264786644951177,Anxiety,Rage,0.18968227104371713
0.001264786644951177,Despair,Anxiety,0.21046955607804152
0.001264786644951177,Despair,Despair,0.28066709265418477
0.001264786644951177,Despair,Irritation,0.22321498108951912
0.001264786644951177,Despair,Rage,0.28564837017825456
0.001264786644951177,Irritation,Anxiety,0.23258356249116172
0.001264786644951177,Irritation,Despair,0.24458414457513344
0.001264786644951177,Irritation,Irritation,0.25339929902413527
0.001264786644951177,Irritation,Rage,0.26943299390956965
0.001264786644951177,Rage,Anxiety,0.17761055973210566
0.001264786644951177,Rage,Despair,0.26517772116578747
0.001264786644951177,Rage,Irritation,0.2242075091175217
0.001264786644951177,Rage,Rage,0.3330042099845849
0.0013532309185553348,Anxiety,Anxiety,0.3389287560821732
0.0013532309185553348,Anxiety,Despair,0.19146299030993524
0.0013532309185553348,Anxiety,Irritation,0.3467265819377578
0.0013532309185553348,Anxiety,Rage,0.1228816716701341
0.0013532309185553348,Despair,Anxiety,0.17032299774279402
0.0013532309185553348,Despair,Despair,0.3175173228088461
0.0013532309185553348,Despair,Irritation,0.19388474626990848
0.0013532309185553348,Despair,Rage,0.31827493317845124
0.0013532309185553348,Irritation,Anxiety,0.21906309408562988
0.0013532309185553348,Irritation,Despair,0.23782167306296936
0.0013532309185553348,Irritation,Irritation,0.2579778692534725
0.0013532309185553348,Irritation,Rage,0.28513736359792796
0.0013532309185553348,Rage,Anxiety,0.1128432955535069
0.0013532309185553348,Rage,Despair,0.2818320125106078
0.0013532309185553348,Rage,Irritation,0.19443680791037207
0.0013532309185553348,Rage,Rage,0.410887884025513
0.0013365444064364078,Anxiety,Anxiety,0.2820222478005079
0.0013365444064364078,Anxiety,Despair,0.1759799788778575
0.0013365444064364078,Anxiety,Irritation,0.3209875497044902
0.0013365444064364078,Anxiety,Rage,0.22101022361714423
0.0013365444064364078,Despair,Anxiety,0.12072837235825944
0.0013365444064364078,Despair,Despair,0.27538847091330687
0.0013365444064364078,Despair,Irritation,0.18993515781902712
0.0013365444064364078,Despair,Rage,0.4139479989094069
0.0013365444064364078,Irritation,Anxiety,0.15584873348292375
0.0013365444064364078,Irritation,Despair,0.2094546053253929
0.0013365444064364078,Irritation,Irritation,0.23656971804385238
0.0013365444064364078,Irritation,Rage,0.39812694314783087
0.0013365444064364078,Rage,Anxiety,0.08642036603191804
0.0013365444064364078,Rage,Despair,0.24102599976510547
0.0013365444064364078,Rage,Irritation,0.17897024559478492
0.0013365444064364078,Rage,Rage,0.49358338860819173
0.0013412732611595988,Anxiety,Anxiety,0.3030446890681636
0.0013412732611595988,Anxiety,Despair,0.22138662621340002
0.0013412732611595988,Anxiety,Irritation,0.2946211809324649
0.0013412732611595988,Anxiety,Rage,0.18094750378597155
0.0013412732611595988,Despair,Anxiety,0.20962956328245996
0.0013412732611595988,Despair,Despair,0.2822649816862648
0.0013412732611595988,Despair,Irritation,0.22123677499329908
0.0013412732611595988,Despair,Rage,0.2868686800379762
0.0013412732611595988,Irritation,Anxiety,0.23396310502230325
0.0013412732611595988,Irritation,Despair,0.24510730899209407
0.0013412732611595988,Irritation,Irritation,0.25263674710648676
0.0013412732611595988,Irritation,Rage,0.26829283887911615
0.0013412732611595988,Rage,Anxiety,0.17274649255712224
0.0013412732611595988,Rage,Despair,0.26795006754219713
0.0013412732611595988,Rage,Irritation,0.2225394581110853
0.0013412732611595988,Rage,Rage,0.33676398178959577
0.0013430821003007883,Anxiety,Anxiety,0.403153050315569
0.0013430821003007883,Anxiety,Despair,0.21444693653038785
0.0013430821003007883,Anxiety,Irritation,0.3113729802003771
0.0013430821003007883,Anxiety,Rage,0.07102703295366614
0.0013430821003007883,Despair,Anxiety,0.295385879903837
0.0013430821003007883,Despair,Despair,0.337379876501021
0.0013430821003007883,Despair,Irritation,0.1839571805766095
0.0013430821003007883,Despair,Rage,0.18327706301853278
0.0013430821003007883,Irritation,Anxiety,0.33665304408226004
0.0013430821003007883,Irritation,Despair,0.26724923492266206
0.0013430821003007883,Irritation,Irritation,0.2437586467883669
0.0013430821003007883,Irritation,Rage,0.15233907420671106
0.0013430821003007883,Rage,Anxiety,0.2238839102027931
0.0013430821003007883,Rage,Despair,0.30837956663018584
0.0013430821003007883,Rage,Irritation,0.19651095092211812
0.0013430821003007883,Rage,Rage,0.271225572244903
0.0015141647600870462,Anxiety,Anxiety,0.3358235828512469
0.0015141647600870462,Anxiety,Despair,0.2054484723882414
0.0015141647600870462,Anxiety,Irritation,0.33176819747811404
0.0015141647600870462,Anxiety,Rage,0.12695974728239745
0.0015141647600870462,Despair,Anxiety,0.18587201498594422
0.0015141647600870462,Despair,Despair,0.30675437723880894
0.0015141647600870462,Despair,Irritation,0.20326363836108036
0.0015141647600870462,Despair,Rage,0.3041099694141667
0.0015141647600870462,Irritation,Anxiety,0.22913613153838777
0.0015141647600870462,Irritation,Despair,0.24245154454390053
0.0015141647600870462,Irritation,Irritation,0.25651747195779556
0.0015141647600870462,Irritation,Rage,0.27189485195991614
0.0015141647600870462,Rage,Anxiety,0.12599291903867535
0.0015141647600870462,Rage,Despair,0.281420549982559
0.0015141647600870462,Rage,Irritation,0.2067511915466688
0.0015141647600870462,Rage,Rage,0.385835339432097
0.0012593584983615384,Anxiety,Anxiety,0.32327863036657356
0.0012593584983615384,Anxiety,Despair,0.23463643210133828
0.0012593584983615384,Anxiety,Irritation,0.28862421343942946
0.0012593584983615384,Anxiety,Rage,0.153460724092659
0.0012593584983615384,Despair,Anxiety,0.2526643466927673
0.0012593584983615384,Despair,Despair,0.28841816615813615
0.0012593584983615384,Despair,Irritation,0.22309899780064654
0.0012593584983615384,Despair,Rage,0.23581848934844976
0.0012593584983615384,Irritation,Anxiety,0.27215876851947346
0.0012593584983615384,Irritation,Despair,0.2564864794515103
0.0012593584983615384,Irritation,Irritation,0.2521223813464247
0.0012593584983615384,Irritation,Rage,0.2192323706825914
0.0012593584983615384,Rage,Anxiety,0.22089270732004493
0.0012593584983615384,Rage,Despair,0.27351931175833794
0.0012593584983615384,Rage,Irritation,0.22667676111873433
0.0012593584983615384,Rage,Rage,0.27891121980288264
0.0012487757270928461,Anxiety,Anxiety,0.2948470252230337
0.0012487757270928461,Anxiety,Despair,0.22287987981985927
0.0012487757270928461,Anxiety,Irritation,0.29086463989763905
0.0012487757270928461,Anxiety,Rage,0.19140845505946819
0.0012487757270928461,Despair,Anxiety,0.2116808728861786
0.0012487757270928461,Despair,Despair,0.2793593678272493
0.0012487757270928461,Despair,Irritation,0.22414144679510675
0.0012487757270928461,Despair,Rage,0.28481831249146505
0.0012487757270928461,Irritation,Anxiety,0.23312680478259798
0.0012487757270928461,Irritation,Despair,0.24472865758695378
0.0012487757270928461,Irritation,Irritation,0.2531675133997353
0.0012487757270928461,Irritation,Rage,0.2689770242307128
0.0012487757270928461,Rage,Anxiety,0.17962972643450065
0.0012487757270928461,Rage,Despair,0.2645383276449996
0.0012487757270928461,Rage,Irritation,0.22494947117341638
0.0012487757270928461,Rage,Rage,0.3308824747470832
0.0012186227271752121,Anxiety,Anxiety,0.29099527973372247
0.0012186227271752121,Anxiety,Despair,0.22557410716227413
0.0012186227271752121,Anxiety,Irritation,0.2862033038026603
0.0012186227271752121,Anxiety,Rage,0.19722730930134302
0.0012186227271752121,Despair,Anxiety,0.2155809435425631
0.0012186227271752121,Despair,Despair,0.27588625328495553
0.0012186227271752121,Despair,Irritation,0.22686127396036582
0.0012186227271752121,Despair,Rage,0.2816715292121153
0.0012186227271752121,Irritation,Anxiety,0.23495279813470157
0.0012186227271752121,Irritation,Despair,0.24520272889683012
0.0012186227271752121,Irritation,Irritation,0.2526542111073801
0.0012186227271752121,Irritation,Rage,0.2671902618610882
0.0012186227271752121,Rage,Anxiety,0.18642582161026905
0.0012186227271752121,Rage,Despair,0.26178872426540234
0.0012186227271752121,Rage,Irritation,0.22870498355455096
0.0012186227271752121,Rage,Rage,0.3230804705697776
0.001201087864965215,Anxiety,Anxiety,0.2866218736006658
0.001201087864965215,Anxiety,Despair,0.26610214153051126
0.001201087864965215,Anxiety,Irritation,0.24968100126015863
0.001201087864965215,Anxiety,Rage,0.19759498360866415
0.001201087864965215,Despair,Anxiety,0.2548656116855107
0.001201087864965215,Despair,Despair,0.28890328271583926
0.001201087864965215,Despair,Irritation,0.22284681214122534
0.001201087864965215,Despair,Rage,0.23338429345742479
0.001201087864965215,Irritation,Anxiety,0.28715632797480695
0.001201087864965215,Irritation,Despair,0.24268482784944642
0.001201087864965215,Irritation,Irritation,0.2661550684286131
0.001201087864965215,Irritation,Rage,0.20400377574713363
0.001201087864965215,Rage,Anxiety,0.22233398752186245
0.001201087864965215,Rage,Despair,0.27184034199209306
0.001201087864965215,Rage,Irritation,0.22725366725146195
0.001201087864965215,Rage,Rage,0.2785720032345824
0.0012632213348532117,Anxiety,Anxiety,0.25083431717450017
0.0012632213348532117,Anxiety,Despair,0.2584012112187867
0.0012632213348532117,Anxiety,Irritation,0.25714870423389363
0.0012632213348532117,Anxiety,Rage,0.23361576737281958
0.0012632213348532117,Despair,Anxiety,0.1816459897198919
0.0012632213348532117,Despair,Despair,0.30447920474019696
0.0012632213348532117,Despair,Irritation,0.2038383275560652
0.0012632213348532117,Despair,Rage,0.3100364779838457
0.0012632213348532117,Irritation,Anxiety,0.2524663738202288
0.0012632213348532117,Irritation,Despair,0.211695013426299
0.0012632213348532117,Irritation,Irritation,0.2845701422846895
0.0012632213348532117,Irritation,Rage,0.2512684704687827
0.0012632213348532117,Rage,Anxiety,0.12677300692252802
0.0012632213348532117,Rage,Despair,0.2712987652545548
0.0012632213348532117,Rage,Irritation,0.20402875815079716
0.0012632213348532117,Rage,Rage,0.39789946967211987
0.0014287925261289248,Anxiety,Anxiety,0.26298771339936167
0.0014287925261289248,Anxiety,Despair,0.26839713074402577
0.0014287925261289248,Anxiety,Irritation,0.26512536478961896
0.0014287925261289248,Anxiety,Rage,0.20348979106699341
0.0014287925261289248,Despair,Anxiety,0.1496671263572251
0.0014287925261289248,Despair,Despair,0.34072302201938365
0.0014287925261289248,Despair,Irritation,0.1773898502249
0.0014287925261289248,Despair,Rage,0.3322200013984911
0.0014287925261289248,Irritation,Anxiety,0.2686567994263191
0.0014287925261289248,Irritation,Despair,0.1935859839888036
0.0014287925261289248,Irritation,Irritation,0.3056085010661949
0.0014287925261289248,Irritation,Rage,0.23214871551868227
0.0014287925261289248,Rage,Anxiety,0.08399251982007123
0.0014287925261289248,Rage,Despair,0.283155809175516
0.0014287925261289248,Rage,Irritation,0.17814128847087213
0.0014287925261289248,Rage,Rage,0.4547103825335403
0.0013193974419132613,Anxiety,Anxiety,0.2512110805834293
0.0013193974419132613,Anxiety,Despair,0.25610076827339484
0.0013193974419132613,Anxiety,Irritation,0.2536449493630589
0.0013193974419132613,Anxiety,Rage,0.23904320178011668
0.0013193974419132613,Despair,Anxiety,0.20493166786934558
0.0013193974419132613,Despair,Despair,0.2860189490711661
0.0013193974419132613,Despair,Irritation,0.2191849355289359
0.0013193974419132613,Despair,Rage,0.2898644475305525
0.0013193974419132613,Irritation,Anxiety,0.2513415080910439
0.0013193974419132613,Irritation,Despair,0.22596498434601855
0.0013193974419132613,Irritation,Irritation,0.272465301761388
0.0013193974419132613,Irritation,Rage,0.2502282058015493
0.0013193974419132613,Rage,Anxiety,0.16274624201166282
0.0013193974419132613,Rage,Despair,0.26621798458073015
0.0013193974419132613,Rage,Irritation,0.22074366770096043
0.0013193974419132613,Rage,Rage,0.35029210570664654
0.0013920230899639857,Anxiety,Anxiety,0.289813800936112
0.0013920230899639857,Anxiety,Despair,0.26759142534037433
0.0013920230899639857,Anxiety,Irritation,0.25294530801633364
0.0013920230899639857,Anxiety,Rage,0.18964946570717978
0.0013920230899639857,Despair,Anxiety,0.24921353328096674
0.0013920230899639857,Despair,Despair,0.2928519310835066
0.0013920230899639857,Despair,Irritation,0.2191905725003269
0.0013920230899639857,Despair,Rage,0.23874396313519983
0.0013920230899639857,Irritation,Anxiety,0.29184532610959485
0.0013920230899639857,Irritation,Despair,0.2389648576370899
0.0013920230899639857,Irritation,Irritation,0.2721386273185912
0.0013920230899639857,Irritation,Rage,0.1970511889347239
0.0013920230899639857,Rage,Anxiety,0.20342202451415659
0.0013920230899639857,Rage,Despair,0.27591136108710385
0.0013920230899639857,Rage,Irritation,0.22412800259718801
0.0013920230899639857,Rage,Rage,0.29653861180155155
0.001357710379125725,Anxiety,Anxiety,0.2965216425259486
0.001357710379125725,Anxiety,Despair,0.27128713187946907
0.001357710379125725,Anxiety,Irritation,0.2500777045103045
0.001357710379125725,Anxiety,Rage,0.18211352108427775
0.001357710379125725,Despair,Anxiety,0.25050403406489574
0.001357710379125725,Despair,Despair,0.30283971447324926
0.001357710379125725,Despair,Irritation,0.21332321180257388
0.001357710379125725,Despair,Rage,0.23333303965928082
0.001357710379125725,Irritation,Anxiety,0.2987707386284361
0.001357710379125725,Irritation,Despair,0.23742762037766735
0.001357710379125725,Irritation,Irritation,0.2732546588675462
0.001357710379125725,Irritation,Rage,0.1905469821263503
0.001357710379125725,Rage,Anxiety,0.20274172057027606
0.001357710379125725,Rage,Despair,0.2799662602665531
0.001357710379125725,Rage,Irritation,0.21979150378770432
0.001357710379125725,Rage,Rage,0.29750051537546635
0.001236353635362902,Anxiety,Anxiety,0.3210590089153107
0.001236353635362902,Anxiety,Despair,0.2766187859985324
0.001236353635362902,Anxiety,Irritation,0.24867401216286042
0.001236353635362902,Anxiety,Rage,0.15364819292329662
0.001236353635362902,Despair,Anxiety,0.2806157580480008
0.001236353635362902,Despair,Despair,0.3075009910890729
0.001236353635362902,Despair,Irritation,0.21109091137915567
0.001236353635362902,Despair,Rage,0.20079233948377084
0.001236353635362902,Irritation,Anxiety,0.3246843573919965
0.001236353635362902,Irritation,Despair,0.24282831876110486
0.001236353635362902,Irritation,Irritation,0.27322698193341954
0.001236353635362902,Irritation,Rage,0.15926034191347926
0.001236353635362902,Rage,Anxiety,0.23477794517421116
0.001236353635362902,Rage,Despair,0.2849985504957497
0.001236353635362902,Rage,Irritation,0.2171736345043222
0.001236353635362902,Rage,Rage,0.263049869825717
0.0013541952220410293,Anxiety,Anxiety,0.297651651202214
0.0013541952220410293,Anxiety,Despair,0.2716656076741567
0.0013541952220410293,Anxiety,Irritation,0.24987635549774756
0.0013541952220410293,Anxiety,Rage,0.1808063856258817
0.0013541952220410293,Despair,Anxiety,0.2514170629095398
0.0013541952220410293,Despair,Despair,0.3035384743881828
0.0013541952220410293,Despair,Irritation,0.21275857594061706
0.0013541952220410293,Despair,Rage,0.23228588676166023
0.0013541952220410293,Irritation,Anxiety,0.29992334693795225
0.0013541952220410293,Irritation,Despair,0.23735776437831388
0.0013541952220410293,Irritation,Irritation,0.27341038261999195
0.0013541952220410293,Irritation,Rage,0.1893085060637417
0.0013541952220410293,Rage,Anxiety,0.20320651674357862
0.0013541952220410293,Rage,Despair,0.28019871323426804
0.0013541952220410293,Rage,Irritation,0.21938018778927973
0.0013541952220410293,Rage,Rage,0.2972145822328734
0.0012683404548834184,Anxiety,Anxiety,0.287544995894607
0.0012683404548834184,Anxiety,Despair,0.2665369828614991
0.0012683404548834184,Anxiety,Irritation,0.25085112803360693
0.0012683404548834184,Anxiety,Rage,0.1950668932102872
0.0012683404548834184,Despair,Anxiety,0.25290124130099684
0.0012683404548834184,Despair,Despair,0.2901418067011816
0.0012683404548834184,Despair,Irritation,0.22185897824484418
0.0012683404548834184,Despair,Rage,0.2350979737529777
0.0012683404548834184,Irritation,Anxiety,0.28820089311631625
0.0012683404548834184,Irritation,Despair,0.24198912149053664
0.0012683404548834184,Irritation,Irritation,0.26800910229733566
0.0012683404548834184,Irritation,Rage,0.20180088309581176
0.0012683404548834184,Rage,Anxiety,0.21624169347812308
0.0012683404548834184,Rage,Despair,0.27300400446426093
0.0012683404548834184,Rage,Irritation,0.22625611627485412
0.0012683404548834184,Rage,Rage,0.2844981857827617
0.001267761088384104,Anxiety,Anxiety,0.2503918773445626
0.001267761088384104,Anxiety,Despair,0.2548736496134786
0.001267761088384104,Anxiety,Irritation,0.25297894016456596
0.001267761088384104,Anxiety,Rage,0.24175553287739315
0.001267761088384104,Despair,Anxiety,0.21110087691845553
0.001267761088384104,Despair,Despair,0.2802300769971509
0.001267761088384104,Despair,Irritation,0.22370827801703888
0.001267761088384104,Despair,Rage,0.28496076806735476
0.001267761088384104,Irritation,Anxiety,0.2505319919266606
0.001267761088384104,Irritation,Despair,0.2294515651115317
0.001267761088384104,Irritation,Irritation,0.2689268409604885
0.001267761088384104,Irritation,Rage,0.2510896020013192
0.001267761088384104,Rage,Anxiety,0.17464316879939953
0.001267761088384104,Rage,Despair,0.2636651191696848
0.001267761088384104,Rage,Irritation,0.2247894985603588
0.001267761088384104,Rage,Rage,0.33690221347055693
0.0013097167318670457,Anxiety,Anxiety,0.2756623371817577
0.0013097167318670457,Anxiety,Despair,0.2653244836226038
0.0013097167318670457,Anxiety,Irritation,0.25309466043749995
0.0013097167318670457,Anxiety,Rage,0.20591851875813913
0.0013097167318670457,Despair,Anxiety,0.22498135122085242
0.0013097167318670457,Despair,Despair,0.2991486711108037
0.0013097167318670457,Despair,Irritation,0.21431666333588265
0.0013097167318670457,Despair,Rage,0.2615533143324611
0.0013097167318670457,Irritation,Anxiety,0.27679417592916783
0.0013097167318670457,Irritation,Despair,0.2314017371550742
0.0013097167318670457,Irritation,Irritation,0.275397328707612
0.0013097167318670457,Irritation,Rage,0.21640675820814576
0.0013097167318670457,Rage,Anxiety,0.1766871556793617
0.0013097167318670457,Rage,Despair,0.27626396170352546
0.0013097167318670457,Rage,Irritation,0.21868677303598097
0.0013097167318670457,Rage,Rage,0.32836210958113204
0.001147406959348105,Anxiety,Anxiety,0.20132443752686646
0.001147406959348105,Anxiety,Despair,0.23512002399717766
0.001147406959348105,Anxiety,Irritation,0.2463470303581684
0.001147406959348105,Anxiety,Rage,0.31720850811778767
0.001147406959348105,Despair,Anxiety,0.16072632298842365
0.001147406959348105,Despair,Despair,0.263680070747494
0.001147406959348105,Despair,Irritation,0.21628561088567483
0.001147406959348105,Despair,Rage,0.3593079953784076
0.001147406959348105,Irritation,Anxiety,0.20106962448618093
0.001147406959348105,Irritation,Despair,0.21238777835926867
0.001147406959348105,Irritation,Irritation,0.25733412684396817
0.001147406959348105,Irritation,Rage,0.3292084703105823
0.001147406959348105,Rage,Anxiety,0.13045091857464786
0.001147406959348105,Rage,Despair,0.24711055998212503
0.001147406959348105,Rage,Irritation,0.21281944569982322
0.001147406959348105,Rage,Rage,0.40961907574340406
0.0014192166104101658,Anxiety,Anxiety,0.30541134356482585
0.0014192166104101658,Anxiety,Despair,0.2749107183216859
0.0014192166104101658,Anxiety,Irritation,0.2502710789665472
0.0014192166104101658,Anxiety,Rage,0.16940685914694126
0.0014192166104101658,Despair,Anxiety,0.25003574531021105
0.0014192166104101658,Despair,Despair,0.31214480049174176
0.0014192166104101658,Despair,Irritation,0.2063863201322917
0.0014192166104101658,Despair,Rage,0.2314331340657556
0.0014192166104101658,Irritation,Anxiety,0.30846997176741225
0.0014192166104101658,Irritation,Despair,0.23426812096179797
0.0014192166104101658,Irritation,Irritation,0.27812526007977023
0.0014192166104101658,Irritation,Rage,0.17913664719101996
0.0014192166104101658,Rage,Anxiety,0.18951205456552778
0.0014192166104101658,Rage,Despair,0.28587033084678426
0.0014192166104101658,Rage,Irritation,0.21525549305300187
0.0014192166104101658,Rage,Rage,0.30936212153468595
0.0012328910324825892,Anxiety,Anxiety,0.2734904194245189
0.0012328910324825892,Anxiety,Despair,0.2643356021767462
0.0012328910324825892,Anxiety,Irritation,0.25270270722831484
0.0012328910324825892,Anxiety,Rage,0.20947127117041972
0.0012328910324825892,Despair,Anxiety,0.22910120437430986
0.0012328910324825892,Despair,Despair,0.2949722474082604
0.0012328910324825892,Despair,Irritation,0.21683333386277037
0.0012328910324825892,Despair,Rage,0.2590932143546595
0.0012328910324825892,Irritation,Anxiety,0.2743475680708446
0.0012328910324825892,Irritation,Despair,0.2326495032067513
0.0012328910324825892,Irritation,Irritation,0.2737640377770823
0.0012328910324825892,Irritation,Rage,0.21923889094532187
0.0012328910324825892,Rage,Anxiety,0.18504942517370862
0.0012328910324825892,Rage,Despair,0.27203769515028303
0.0012328910324825892,Rage,Irritation,0.2219720405259358
0.0012328910324825892,Rage,Rage,0.32094083915007254
0.001400026941965946,Anxiety,Anxiety,0.30100694304798636
0.001400026941965946,Anxiety,Despair,0.27376627255802555
0.001400026941965946,Anxiety,Irritation,0.24963270202395935
0.001400026941965946,Anxiety,Rage,0.17559408237002871
0.001400026941965946,Despair,Anxiety,0.2492688527396174
0.001400026941965946,Despair,Despair,0.30924301751032507
0.001400026941965946,Despair,Irritation,0.20833731969070413
0.001400026941965946,Despair,Rage,0.23315081005935337
0.001400026941965946,Irritation,Anxiety,0.30365147217285915
0.001400026941965946,Irritation,Despair,0.23552885388729036
0.001400026941965946,Irritation,Irritation,0.27597985407435893
0.001400026941965946,Irritation,Rage,0.1848398198654914
0.001400026941965946,Rage,Anxiety,0.19434959125796133
0.001400026941965946,Rage,Despair,0.2840288142352047
0.001400026941965946,Rage,Irritation,0.21644080757514478
0.001400026941965946,Rage,Rage,0.3051807869316891
0.0013136321123853117,Anxiety,Anxiety,0.28941287022863793
0.0013136321123853117,Anxiety,Despair,0.2674323312109123
0.0013136321123853117,Anxiety,Irritation,0.2512058226300419
0.0013136321123853117,Anxiety,Rage,0.19194897593040813
0.0013136321123853117,Despair,Anxiety,0.251814481111244
0.0013136321123853117,Despair,Despair,0.29239069631794545
0.0013136321123853117,Despair,Irritation,0.21999611261873153
0.0013136321123853117,Despair,Rage,0.23579870995207888
0.0013136321123853117,Irritation,Anxiety,0.2911889204100045
0.0013136321123853117,Irritation,Despair,0.23983977143504306
0.0013136321123853117,Irritation,Irritation,0.2698501460430868
0.0013136321123853117,Irritation,Rage,0.19912116211186548
0.0013136321123853117,Rage,Anxiety,0.21110434355822424
0.0013136321123853117,Rage,Despair,0.2746354480460304
0.0013136321123853117,Rage,Irritation,0.22483534833559143
0.0013136321123853117,Rage,Rage,0.28942486006015383
0.0014532033079628797,Anxiety,Anxiety,0.3507802229987033
0.0014532033079628797,Anxiety,Despair,0.28900199346767796
0.0014532033079628797,Anxiety,Irritation,0.2419619495681172
0.0014532033079628797,Anxiety,Rage,0.11825583396550181
0.0014532033079628797,Despair,Anxiety,0.2843526006243005
0.0014532033079628797,Despair,Despair,0.3420698129812875
0.0014532033079628797,Despair,Irritation,0.1815404109385021
0.0014532033079628797,Despair,Rage,0.19203717545591023
0.0014532033079628797,Irritation,Anxiety,0.35727598701103247
0.0014532033079628797,Irritation,Despair,0.23245540364732872
0.0014532033079628797,Irritation,Irritation,0.28614369165182907
0.0014532033079628797,Irritation,Rage,0.12412491768980995
0.0014532033079628797,Rage,Anxiety,0.19277825041900587
0.0014532033079628797,Rage,Despair,0.31029286367009884
0.0014532033079628797,Rage,Irritation,0.1972422053530429
0.0014532033079628797,Rage,Rage,0.2996866805578525
0.0012340030586208178,Anxiety,Anxiety,0.27279960922549523
0.0012340030586208178,Anxiety,Despair,0.26354153274328335
0.0012340030586208178,Anxiety,Irritation,0.25283748547415136
0.0012340030586208178,Anxiety,Rage,0.2108213725570701
0.0012340030586208178,Despair,Anxiety,0.2296397051731256
0.0012340030586208178,Despair,Despair,0.2929593434979563
0.0012340030586208178,Despair,Irritation,0.21830135842413947
0.0012340030586208178,Despair,Rage,0.2590995929047785
0.0012340030586208178,Irritation,Anxiety,0.2736887031121914
0.0012340030586208178,Irritation,Despair,0.2332109189658566
0.0012340030586208178,Irritation,Irritation,0.2728610585988861
0.0012340030586208178,Irritation,Rage,0.22023931932306584
0.0012340030586208178,Rage,Anxiety,0.18688821016601617
0.0012340030586208178,Rage,Despair,0.27124756625524377
0.0012340030586208178,Rage,Irritation,0.22301932037852337
0.0012340030586208178,Rage,Rage,0.318844903200217
0.0012688205143530082,Anxiety,Anxiety,0.27518710863109364
0.0012688205143530082,Anxiety,Despair,0.26568244689895704
0.0012688205143530082,Anxiety,Irritation,0.25266111760778764
0.0012688205143530082,Anxiety,Rage,0.2064693268621615
0.0012688205143530082,Despair,Anxiety,0.22561856735892266
0.0012688205143530082,Despair,Despair,0.30009928455648166
0.0012688205143530082,Despair,Irritation,0.21396562241054412
0.0012688205143530082,Despair,Rage,0.26031652567405145
0.0012688205143530082,Irritation,Anxiety,0.27625167892081165
0.0012688205143530082,Irritation,Despair,0.23120913453808403
0.0012688205143530082,Irritation,Irritation,0.2755391283753626
0.0012688205143530082,Irritation,Rage,0.2170000581657418
0.0012688205143530082,Rage,Anxiety,0.17893236332592088
0.0012688205143530082,Rage,Despair,0.275642155572949
0.0012688205143530082,Rage,Irritation,0.21843820917239584
0.0012688205143530082,Rage,Rage,0.3269872719287342
0.0013337769126558826,Anxiety,Anxiety,0.25399309731355074
0.0013337769126558826,Anxiety,Despair,0.25436547247580965
0.0013337769126558826,Anxiety,Irritation,0.251417641824823
0.0013337769126558826,Anxiety,Rage,0.24022378838581632
0.0013337769126558826,Despair,Anxiety,0.2150107276027694
0.0013337769126558826,Despair,Despair,0.277328659167118
0.0013337769126558826,Despair,Irritation,0.22439823782569246
0.0013337769126558826,Despair,Rage,0.2832623754044201
0.0013337769126558826,Irritation,Anxiety,0.25395850406309356
0.0013337769126558826,Irritation,Despair,0.23207074097353345
0.0013337769126558826,Irritation,Irritation,0.26541300418634245
0.0013337769126558826,Irritation,Rage,0.2485577507770309
0.0013337769126558826,Rage,Anxiety,0.17792466854848507
0.0013337769126558826,Rage,Despair,0.26530767299072927
0.0013337769126558826,Rage,Irritation,0.22547185497096478
0.0013337769126558826,Rage,Rage,0.3312958034898208
0.0010792528901800197,Anxiety,Anxiety,0.26224253924613045
0.0010792528901800197,Anxiety,Despair,0.25615501266956897
0.0010792528901800197,Anxiety,Irritation,0.25185982872953827
0.0010792528901800197,Anxiety,Rage,0.2297426193547622
0.0010792528901800197,Despair,Anxiety,0.2389345994687366
0.0010792528901800197,Despair,Despair,0.27099541576450153
0.0010792528901800197,Despair,Irritation,0.2337840245615644
0.0010792528901800197,Despair,Rage,0.2562859602051974
0.0010792528901800197,Irritation,Anxiety,0.2626843969310774
0.0010792528901800197,Irritation,Despair,0.2414718022891214
0.0010792528901800197,Irritation,Irritation,0.261480905804932
0.0010792528901800197,Irritation,Rage,0.23436289497486937
0.0010792528901800197,Rage,Anxiety,0.21658497843354882
0.0010792528901800197,Rage,Despair,0.2611347169558193
0.0010792528901800197,Rage,Irritation,0.234870624039362
0.0010792528901800197,Rage,Rage,0.2874096805712699
0.0013827921441558735,Anxiety,Anxiety,0.25558096634689315
0.0013827921441558735,Anxiety,Despair,0.25561979884197394
0.0013827921441558735,Anxiety,Irritation,0.25223666850086446
0.0013827921441558735,Anxiety,Rage,0.23656256631026853
0.0013827921441558735,Despair,Anxiety,0.2097683405324018
0.0013827921441558735,Despair,Despair,0.2827655816184266
0.0013827921441558735,Despair,Irritation,0.22034799372576622
0.0013827921441558735,Despair,Rage,0.28711808412340534
0.0013827921441558735,Irritation,Anxiety,0.2555670138390307
0.0013827921441558735,Irritation,Despair,0.2288614314532127
0.0013827921441558735,Irritation,Irritation,0.2688834179039673
0.0013827921441558735,Irritation,Rage,0.2466881368037896
0.0013827921441558735,Rage,Anxiety,0.16684181294241926
0.0013827921441558735,Rage,Despair,0.26795206317741077
0.0013827921441558735,Rage,Irritation,0.22208586102509026
0.0013827921441558735,Rage,Rage,0.34312026285507985
0.0014541630394690618,Anxiety,Anxiety,0.23404582394457046
0.0014541630394690618,Anxiety,Despair,0.24761531377236273
0.0014541630394690618,Anxiety,Irritation,0.2546548141534953
0.0014541630394690618,Anxiety,Rage,0.2636840481295716
0.0014541630394690618,Despair,Anxiety,0.14845355751931785
0.0014541630394690618,Despair,Despair,0.30261338059297715
0.0014541630394690618,Despair,Irritation,0.1930164416137084
0.0014541630394690618,Despair,Rage,0.3559166202739965
0.0014541630394690618,Irritation,Anxiety,0.23427401679150248
0.0014541630394690618,Irritation,Despair,0.1974795215726068
0.0014541630394690618,Irritation,Irritation,0.2800931852621081
0.0014541630394690618,Irritation,Rage,0.2881532763737824
0.0014541630394690618,Rage,Anxiety,0.0972305859488148
0.0014541630394690618,Rage,Despair,0.2659250845477286
0.0014541630394690618,Rage,Irritation,0.18947139255261586
0.0014541630394690618,Rage,Rage,0.4473729369508407
0.001412680679326503,Anxiety,Anxiety,0.2948397416684588
0.001412680679326503,Anxiety,Despair,0.2702385314690299
0.001412680679326503,Anxiety,Irritation,0.2521295941624187
0.001412680679326503,Anxiety,Rage,0.18279213270009267
0.001412680679326503,Despair,Anxiety,0.24808539277102729
0.001412680679326503,Despair,Despair,0.3000587865394885
0.001412680679326503,Despair,Irritation,0.21498496958335117
0.001412680679326503,Despair,Rage,0.23687085110613315
0.001412680679326503,Irritation,Anxiety,0.29720762580561916
0.001412680679326503,Irritation,Despair,0.23742666274393304
0.001412680679326503,Irritation,Irritation,0.2742342552431176
0.001412680679326503,Irritation,Rage,0.19113145620732996
0.001412680679326503,Rage,Anxiety,0.19764536209831113
0.001412680679326503,Rage,Despair,0.2795254908867092
0.001412680679326503,Rage,Irritation,0.22103053015675247
0.001412680679326503,Rage,Rage,0.30179861685822695
0.001375476964431225,Anxiety,Anxiety,0.33009445167985474
0.001375476964431225,Anxiety,Despair,0.2885647772058043
0.001375476964431225,Anxiety,Irritation,0.24678646173754498
0.001375476964431225,Anxiety,Rage,0.13455430937679605
0.001375476964431225,Despair,Anxiety,0.2515107703200537
0.001375476964431225,Despair,Despair,0.3489895747040806
0.001375476964431225,Despair,Irritation,0.18016102565195408
0.001375476964431225,Despair,Rage,0.21933862932391152
0.001375476964431225,Irritation,Anxiety,0.33809768303387316
0.001375476964431225,Irritation,Despair,0.22382694489632288
0.001375476964431225,Irritation,Irritation,0.29346280928965623
0.001375476964431225,Irritation,Rage,0.1446125627801476
0.001375476964431225,Rage,Anxiety,0.1621274740548736
0.001375476964431225,Rage,Despair,0.3099919686928338
0.001375476964431225,Rage,Irritation,0.19476509978641104
0.001375476964431225,Rage,Rage,0.3331154574658813
0.0012854022106884775,Anxiety,Anxiety,0.28335076578239204
0.0012854022106884775,Anxiety,Despair,0.26438913316978196
0.0012854022106884775,Anxiety,Irritation,0.25232863241302733
0.0012854022106884775,Anxiety,Rage,0.1999314686347987
0.0012854022106884775,Despair,Anxiety,0.25114768055636005
0.0012854022106884775,Despair,Despair,0.2850915586346881
0.0012854022106884775,Despair,Irritation,0.22561055069613345
0.0012854022106884775,Despair,Rage,0.23815021011281862
0.0012854022106884775,Irritation,Anxiety,0.28399616772660574
0.0012854022106884775,Irritation,Despair,0.24275754915728173
0.0012854022106884775,Irritation,Irritation,0.26727802385976623
0.0012854022106884775,Irritation,Rage,0.20596825925634632
0.0012854022106884775,Rage,Anxiety,0.2168536925641661
0.0012854022106884775,Rage,Despair,0.27067136638910505
0.0012854022106884775,Rage,Irritation,0.22887502831325138
0.0012854022106884775,Rage,Rage,0.2835999127334774
0.0014281902227059713,Anxiety,Anxiety,0.25729171365343795
0.0014281902227059713,Anxiety,Despair,0.25837063283957024
0.0014281902227059713,Anxiety,Irritation,0.25459445714368345
0.0014281902227059713,Anxiety,Rage,0.22974319636330823
0.0014281902227059713,Despair,Anxiety,0.19798364501202492
0.0014281902227059713,Despair,Despair,0.2941444464741726
0.0014281902227059713,Despair,Irritation,0.21253324669865667
0.0014281902227059713,Despair,Rage,0.2953386618151461
0.0014281902227059713,Irritation,Anxiety,0.25732120529410096
0.0014281902227059713,Irritation,Despair,0.22194720372234641
0.0014281902227059713,Irritation,Irritation,0.2768809979069109
0.0014281902227059713,Irritation,Rage,0.24385059307664184
0.0014281902227059713,Rage,Anxiety,0.1451205366392952
0.0014281902227059713,Rage,Despair,0.27183989786062557
0.0014281902227059713,Rage,Irritation,0.2151423943848661
0.0014281902227059713,Rage,Rage,0.36789717111521286
0.0014074030621971942,Anxiety,Anxiety,0.2870438649186595
0.0014074030621971942,Anxiety,Despair,0.27239427182840226
0.0014074030621971942,Anxiety,Irritation,0.2546465934057465
0.0014074030621971942,Anxiety,Rage,0.1859152698471913
0.0014074030621971942,Despair,Anxiety,0.21550612362121607
0.0014074030621971942,Despair,Despair,0.3187038196219174
0.0014074030621971942,Despair,Irritation,0.20053530423217905
0.0014074030621971942,Despair,Rage,0.26525475252468755
0.0014074030621971942,Irritation,Anxiety,0.290624492012708
0.0014074030621971942,Irritation,Despair,0.2225257091662927
0.0014074030621971942,Irritation,Irritation,0.28635724615517805
0.0014074030621971942,Irritation,Rage,0.20049255266582114
0.0014074030621971942,Rage,Anxiety,0.14748299700846182
0.0014074030621971942,Rage,Despair,0.28696302907614446
0.0014074030621971942,Rage,Irritation,0.20803755403226648
0.0014074030621971942,Rage,Rage,0.3575164198831271
0.0013392620844577272,Anxiety,Anxiety,0.29571504940102883
0.0013392620844577272,Anxiety,Despair,0.2867001654757608
0.0013392620844577272,Anxiety,Irritation,0.2564238558744011
0.0013392620844577272,Anxiety,Rage,0.16116092924880931
0.0013392620844577272,Despair,Anxiety,0.19560975701990105
0.0013392620844577272,Despair,Despair,0.3651349301391875
0.0013392620844577272,Despair,Irritation,0.1693639256888942
0.0013392620844577272,Despair,Rage,0.26989138715201727
0.0013392620844577272,Irritation,Anxiety,0.3083226512620262
0.0013392620844577272,Irritation,Despair,0.20345305755364254
0.0013392620844577272,Irritation,Irritation,0.31011059372954697
0.0013392620844577272,Irritation,Rage,0.17811369745478398
0.0013392620844577272,Rage,Anxiety,0.11519002206926421
0.0013392620844577272,Rage,Despair,0.3068416962975378
0.0013392620844577272,Rage,Irritation,0.1785823866953804
0.0013392620844577272,Rage,Rage,0.3993858949378175
0.0013005114312828984,Anxiety,Anxiety,0.250871265410156
0.0013005114312828984,Anxiety,Despair,0.2556244644065149
0.0013005114312828984,Anxiety,Irritation,0.2532137153895299
0.0013005114312828984,Anxiety,Rage,0.24029055479379924
0.0013005114312828984,Despair,Anxiety,0.20754222381593998
0.0013005114312828984,Despair,Despair,0.28352025402495173
0.0013005114312828984,Despair,Irritation,0.22103552786533287
0.0013005114312828984,Despair,Rage,0.287901994293775
0.0013005114312828984,Irritation,Anxiety,0.2509734661620648
0.0013005114312828984,Irritation,Despair,0.2275623884671943
0.0013005114312828984,Irritation,Irritation,0.27075758039186243
0.0013005114312828984,Irritation,Rage,0.2507065649788784
0.0013005114312828984,Rage,Anxiety,0.1676730237051043
0.0013005114312828984,Rage,Despair,0.26516146682254205
0.0013005114312828984,Rage,Irritation,0.2223657938300105
0.0013005114312828984,Rage,Rage,0.3447997156423431
0.0012638233127839078,Anxiety,Anxiety,0.2514463352268449
0.0012638233127839078,Anxiety,Despair,0.2576039398985917
0.0012638233127839078,Anxiety,Irritation,0.2554009957269944
0.0012638233127839078,Anxiety,Rage,0.23554872914756927
0.0012638233127839078,Despair,Anxiety,0.18800411300309672
0.0012638233127839078,Despair,Despair,0.2992537173733798
0.0012638233127839078,Despair,Irritation,0.2075431403665863
0.0012638233127839078,Despair,Rage,0.30519902925693726
0.0012638233127839078,Irritation,Anxiety,0.25301414844584197
0.0012638233127839078,Irritation,Despair,0.21585234721861807
0.0012638233127839078,Irritation,Irritation,0.27992896522532396
0.0012638233127839078,Irritation,Rage,0.251204539110216
0.0012638233127839078,Rage,Anxiety,0.135984810395614
0.0012638233127839078,Rage,Despair,0.27138030461548046
0.0012638233127839078,Rage,Irritation,0.20827846271365824
0.0012638233127839078,Rage,Rage,0.384356422275247
0.0011769767804509555,Anxiety,Anxiety,0.2838127459065676
0.0011769767804509555,Anxiety,Despair,0.2646104658325723
0.0011769767804509555,Anxiety,Irritation,0.2502268367260306
0.0011769767804509555,Anxiety,Rage,0.20134995153482965
0.0011769767804509555,Despair,Anxiety,0.25467767836504235
0.0011769767804509555,Despair,Despair,0.2851458848938228
0.0011769767804509555,Despair,Irritation,0.22572824634039712
0.0011769767804509555,Despair,Rage,0.2344481904007377
0.0011769767804509555,Irritation,Anxiety,0.28428672005838906
0.0011769767804509555,Irritation,Despair,0.24352396125822054
0.0011769767804509555,Irritation,Irritation,0.2649672366947828
0.0011769767804509555,Irritation,Rage,0.207222081988608
0.0011769767804509555,Rage,Anxiety,0.22506935471514655
0.0011769767804509555,Rage,Despair,0.26982163033826106
0.0011769767804509555,Rage,Irritation,0.22933155836436908
0.0011769767804509555,Rage,Rage,0.27577745658222325
0.0014226229292821151,Anxiety,Anxiety,0.299961765732922
0.0014226229292821151,Anxiety,Despair,0.2731012861675851
0.0014226229292821151,Anxiety,Irritation,0.25075947578636804
0.0014226229292821151,Anxiety,Rage,0.17617747231312472
0.0014226229292821151,Despair,Anxiety,0.248437070316408
0.0014226229292821151,Despair,Despair,0.30718106293179065
0.0014226229292821151,Despair,Irritation,0.20969054559277345
0.0014226229292821151,Despair,Rage,0.23469132115902816
0.0014226229292821151,Irritation,Anxiety,0.30267607261811313
0.0014226229292821151,Irritation,Despair,0.23580915848358883
0.0014226229292821151,Irritation,Irritation,0.27617597467254135
0.0014226229292821151,Irritation,Rage,0.1853387942257569
0.0014226229292821151,Rage,Anxiety,0.19268901640409797
0.0014226229292821151,Rage,Despair,0.28335769612519374
0.0014226229292821151,Rage,Irritation,0.21736078209794177
0.0014226229292821151,Rage,Rage,0.3065925053727666
0.0010827956113314819,Anxiety,Anxiety,0.24539418479395644
0.0010827956113314819,Anxiety,Despair,0.2529495591366062
0.0010827956113314819,Anxiety,Irritation,0.25331143861166444
0.0010827956113314819,Anxiety,Rage,0.24834481745777282
0.0010827956113314819,Despair,Anxiety,0.20681213456548916
0.0010827956113314819,Despair,Despair,0.27942181313886466
0.0010827956113314819,Despair,Irritation,0.22255208486891712
0.0010827956113314819,Despair,Rage,0.29121396742672895
0.0010827956113314819,Irritation,Anxiety,0.24664841104482124
0.0010827956113314819,Irritation,Despair,0.2268849945481661
0.0010827956113314819,Irritation,Irritation,0.2685682752641722
0.0010827956113314819,Irritation,Rage,0.25789831914284067
0.0010827956113314819,Rage,Anxiety,0.17187120920789511
0.0010827956113314819,Rage,Despair,0.26205481155355514
0.0010827956113314819,Rage,Irritation,0.22271144136820875
0.0010827956113314819,Rage,Rage,0.3433625378703409
0.0013765648902589922,Anxiety,Anxiety,0.2036217531454902
0.0013765648902589922,Anxiety,Despair,0.232403831774922
0.0013765648902589922,Anxiety,Irritation,0.24566848784162362
0.0013765648902589922,Anxiety,Rage,0.3183059272379642
0.0013765648902589922,Despair,Anxiety,0.1363722235718535
0.0013765648902589922,Despair,Despair,0.27938659536578786
0.0013765648902589922,Despair,Irritation,0.19600039654824045
0.0013765648902589922,Despair,Rage,0.388240784514118
0.0013765648902589922,Irritation,Anxiety,0.16750873868031707
0.0013765648902589922,Irritation,Despair,0.21902436917899257
0.0013765648902589922,Irritation,Irritation,0.2373579839085409
0.0013765648902589922,Irritation,Rage,0.3761089082321494
0.0013765648902589922,Rage,Anxiety,0.09559158859509136
0.0013765648902589922,Rage,Despair,0.2485522978153642
0.0013765648902589922,Rage,Irritation,0.18716954670534278
0.0013765648902589922,Rage,Rage,0.4686865668842014
0.0012503365985053472,Anxiety,Anxiety,0.25017011526964533
0.0012503365985053472,Anxiety,Despair,0.25327804594335557
0.0012503365985053472,Anxiety,Irritation,0.2528996565716811
0.0012503365985053472,Anxiety,Rage,0.2436521822153183
0.0012503365985053472,Despair,Anxiety,0.2181766994497103
0.0012503365985053472,Despair,Despair,0.27391568813639955
0.0012503365985053472,Despair,Irritation,0.22761676190144298
0.0012503365985053472,Despair,Rage,0.2802908505124471
0.0012503365985053472,Irritation,Anxiety,0.2346951491660149
0.0012503365985053472,Irritation,Despair,0.24529140901341528
0.0012503365985053472,Irritation,Irritation,0.25134333353547006
0.0012503365985053472,Irritation,Rage,0.26867010828509985
0.0012503365985053472,Rage,Anxiety,0.18461978221606798
0.0012503365985053472,Rage,Despair,0.2614982749439001
0.0012503365985053472,Rage,Irritation,0.228244337914097
0.0012503365985053472,Rage,Rage,0.3256376049259348
0.0010949276909603947,Anxiety,Anxiety,0.26644595486465933
0.0010949276909603947,Anxiety,Despair,0.2599077071564667
0.0010949276909603947,Anxiety,Irritation,0.2520480297941635
0.0010949276909603947,Anxiety,Rage,0.2215983081847102
0.0010949276909603947,Despair,Anxiety,0.23509093482981577
0.0010949276909603947,Despair,Despair,0.2823506440354104
0.0010949276909603947,Despair,Irritation,0.2263001013213994
0.0010949276909603947,Despair,Rage,0.2562583198133748
0.0010949276909603947,Irritation,Anxiety,0.25080829065887633
0.0010949276909603947,Irritation,Despair,0.2496873418467247
0.0010949276909603947,Irritation,Irritation,0.25391758844138984
0.0010949276909603947,Irritation,Rage,0.245586779053009
0.0010949276909603947,Rage,Anxiety,0.20300004390920964
0.0010949276909603947,Rage,Despair,0.26425672543176226
0.0010949276909603947,Rage,Irritation,0.22962386830533066
0.0010949276909603947,Rage,Rage,0.30311936235369774
0.0012993769408250052,Anxiety,Anxiety,0.3586363041940215
0.0012993769408250052,Anxiety,Despair,0.2830288650687951
0.0012993769408250052,Anxiety,Irritation,0.23909153847153908
0.0012993769408250052,Anxiety,Rage,0.11924329226564401
0.0012993769408250052,Despair,Anxiety,0.31711082120702716
0.0012993769408250052,Despair,Despair,0.32085921882764806
0.0012993769408250052,Despair,Irritation,0.19550370628335337
0.0012993769408250052,Despair,Rage,0.16652625368197155
0.0012993769408250052,Irritation,Anxiety,0.3426046338390169
0.0012993769408250052,Irritation,Despair,0.2681995542740809
0.0012993769408250052,Irritation,Irritation,0.24324866337615877
0.0012993769408250052,Irritation,Rage,0.14594714851074328
0.0012993769408250052,Rage,Anxiety,0.25826611072401495
0.0012993769408250052,Rage,Despair,0.2935581859047624
0.0012993769408250052,Rage,Irritation,0.20477228606025571
0.0012993769408250052,Rage,Rage,0.24340341731096687
0.0013526686720615015,Anxiety,Anxiety,0.29130132309607915
0.0013526686720615015,Anxiety,Despair,0.26797147478507133
0.0013526686720615015,Anxiety,Irritation,0.2521092961792656
0.0013526686720615015,Anxiety,Rage,0.18861790593958405
0.0013526686720615015,Despair,Anxiety,0.25100660880317444
0.0013526686720615015,Despair,Despair,0.294144185220898
0.0013526686720615015,Despair,Irritation,0.2185495206958804
0.0013526686720615015,Despair,Rage,0.2362996852800472
0.0013526686720615015,Irritation,Anxiety,0.2719269591530568
0.0013526686720615015,Irritation,Despair,0.2560004458700288
0.0013526686720615015,Irritation,Irritation,0.2527382557162287
0.0013526686720615015,Irritation,Rage,0.21933433926068605
0.0013526686720615015,Rage,Anxiety,0.20325138202446844
0.0013526686720615015,Rage,Despair,0.27507035929751483
0.0013526686720615015,Rage,Irritation,0.22399729510683045
0.0013526686720615015,Rage,Rage,0.2976809635711863
0.001248717913485119,Anxiety,Anxiety,0.25010810966051933
0.001248717913485119,Anxiety,Despair,0.25336405642262594
0.001248717913485119,Anxiety,Irritation,0.25280518477476266
0.001248717913485119,Anxiety,Rage,0.24372264914209196
0.001248717913485119,Despair,Anxiety,0.21837070024196534
0.001248717913485119,Despair,Despair,0.27392473824738034
0.001248717913485119,Despair,Irritation,0.22774522424954077
0.001248717913485119,Despair,Rage,0.2799593372611137
0.001248717913485119,Irritation,Anxiety,0.23482536100072032
0.001248717913485119,Irritation,Despair,0.2454019388598599
0.001248717913485119,Irritation,Irritation,0.251292126491507
0.001248717913485119,Irritation,Rage,0.26848057364791267
0.001248717913485119,Rage,Anxiety,0.18516838880857983
0.001248717913485119,Rage,Despair,0.26152907420458094
0.001248717913485119,Rage,Irritation,0.22841316038803094
0.001248717913485119,Rage,Rage,0.32488937659880834
0.0012706134693525393,Anxiety,Anxiety,0.19435532704755698
0.0012706134693525393,Anxiety,Despair,0.2306604572868688
0.0012706134693525393,Anxiety,Irritation,0.24565248213071503
0.0012706134693525393,Anxiety,Rage,0.32933173353485906
0.0012706134693525393,Despair,Anxiety,0.13752013425401044
0.0012706134693525393,Despair,Despair,0.27074465002201986
0.0012706134693525393,Despair,Irritation,0.20238351748253527
0.0012706134693525393,Despair,Rage,0.3893516982414347
0.0012706134693525393,Irritation,Anxiety,0.16388145522906425
0.0012706134693525393,Irritation,Despair,0.21723485548445334
0.0012706134693525393,Irritation,Irritation,0.2394841906274666
0.0012706134693525393,Irritation,Rage,0.37939949865901595
0.0012706134693525393,Rage,Anxiety,0.10005318917595954
0.0012706134693525393,Rage,Despair,0.2415364154783952
0.0012706134693525393,Rage,Irritation,0.1937707026240212
0.0012706134693525393,Rage,Rage,0.4646396927216241
0.0012303605957677565,Anxiety,Anxiety,0.33766986682157335
0.0012303605957677565,Anxiety,Despair,0.2801021026877291
0.0012303605957677565,Anxiety,Irritation,0.24212487688035222
0.0012303605957677565,Anxiety,Rage,0.14010315361034528
0.0012303605957677565,Despair,Anxiety,0.2906948477624389
0.0012303605957677565,Despair,Despair,0.3185294802583043
0.0012303605957677565,Despair,Irritation,0.2002353549206136
0.0012303605957677565,Despair,Rage,0.1905403170586434
0.0012303605957677565,Irritation,Anxiety,0.31796073514325895
0.0012303605957677565,Irritation,Despair,0.2646487432109562
0.0012303605957677565,Irritation,Irritation,0.24613839554519096
0.0012303605957677565,Irritation,Rage,0.17125212610059393
0.0012303605957677565,Rage,Anxiety,0.23297985492301032
0.0012303605957677565,Rage,Despair,0.29023495857336656
0.0012303605957677565,Rage,Irritation,0.21007215789056938
0.0012303605957677565,Rage,Rage,0.26671302861305374
0.0013467151456487893,Anxiety,Anxiety,0.25294130481510807
0.0013467151456487893,Anxiety,Despair,0.25652917918872425
0.0013467151456487893,Anxiety,Irritation,0.25524827582511683
0.0013467151456487893,Anxiety,Rage,0.23528124017105093
0.0013467151456487893,Despair,Anxiety,0.20067809180773497
0.0013467151456487893,Despair,Despair,0.2902778495153385
0.0013467151456487893,Despair,Irritation,0.21601450451902468
0.0013467151456487893,Despair,Rage,0.2930295541579019
0.0013467151456487893,Irritation,Anxiety,0.22636587378369466
0.0013467151456487893,Irritation,Despair,0.24159012455211745
0.0013467151456487893,Irritation,Irritation,0.2553268298011246
0.0013467151456487893,Irritation,Rage,0.27671717186306355
0.0013467151456487893,Rage,Anxiety,0.1507926326172842
0.0013467151456487893,Rage,Despair,0.26603039830352465
0.0013467151456487893,Rage,Irritation,0.21775929757954104
0.0013467151456487893,Rage,Rage,0.3654176714996498
0.0011854113058743852,Anxiety,Anxiety,0.332104945263563
0.0011854113058743852,Anxiety,Despair,0.27848387345411835
0.0011854113058743852,Anxiety,Irritation,0.24229157838377047
0.0011854113058743852,Anxiety,Rage,0.14711960289854825
0.0011854113058743852,Despair,Anxiety,0.2894368521529227
0.0011854113058743852,Despair,Despair,0.31324774489634777
0.0011854113058743852,Despair,Irritation,0.2041484248926146
0.0011854113058743852,Despair,Rage,0.19316697805811478
0.0011854113058743852,Irritation,Anxiety,0.31378939676125056
0.0011854113058743852,Irritation,Despair,0.2644043962064546
0.0011854113058743852,Irritation,Irritation,0.24595221424481065
0.0011854113058743852,Irritation,Rage,0.17585399278748406
0.0011854113058743852,Rage,Anxiety,0.2388207121811106
0.0011854113058743852,Rage,Despair,0.28709015593105974
0.0011854113058743852,Rage,Irritation,0.21287808487766852
0.0011854113058743852,Rage,Rage,0.26121104701016107
0.0014445508294693003,Anxiety,Anxiety,0.23326440877237795
0.0014445508294693003,Anxiety,Despair,0.24713685798226157
0.0014445508294693003,Anxiety,Irritation,0.2561627146604815
0.0014445508294693003,Anxiety,Rage,0.263436018584879
0.0014445508294693003,Despair,Anxiety,0.14291998449793292
0.0014445508294693003,Despair,Despair,0.30400447011579557
0.0014445508294693003,Despair,Irritation,0.19139699812180364
0.0014445508294693003,Despair,Rage,0.36167854726446824
0.0014445508294693003,Irritation,Anxiety,0.18479689599028912
0.0014445508294693003,Irritation,Despair,0.22534160048107083
0.0014445508294693003,Irritation,Irritation,0.24856204779644148
0.0014445508294693003,Irritation,Rage,0.34129945573219833
0.0014445508294693003,Rage,Anxiety,0.08921275952572456
0.0014445508294693003,Rage,Despair,0.26198323692759656
0.0014445508294693003,Rage,Irritation,0.18569754510754294
0.0014445508294693003,Rage,Rage,0.46310645843913584
0.0013566658732938022,Anxiety,Anxiety,0.296247820881468
0.0013566658732938022,Anxiety,Despair,0.2706491328687121
0.0013566658732938022,Anxiety,Irritation,0.2504767538696789
0.0013566658732938022,Anxiety,Rage,0.18262629238014122
0.0013566658732938022,Despair,Anxiety,0.25053890334889084
0.0013566658732938022,Despair,Despair,0.30188084732851445
0.0013566658732938022,Despair,Irritation,0.21386904080891878
0.0013566658732938022,Despair,Rage,0.23371120851367594
0.0013566658732938022,Irritation,Anxiety,0.27507475430191397
0.0013566658732938022,Irritation,Despair,0.256851815390732
0.0013566658732938022,Irritation,Irritation,0.2520646983274642
0.0013566658732938022,Irritation,Rage,0.21600873197988965
0.0013566658732938022,Rage,Anxiety,0.1995063400831456
0.0013566658732938022,Rage,Despair,0.27833125775063183
0.0013566658732938022,Rage,Irritation,0.22065169278008095
0.0013566658732938022,Rage,Rage,0.3015107093861417
0.0013128857815031274,Anxiety,Anxiety,0.35050350908729844
0.0013128857815031274,Anxiety,Despair,0.2846832747732826
0.0013128857815031274,Anxiety,Irritation,0.2392526067973421
0.0013128857815031274,Anxiety,Rage,0.125560609342077
0.0013128857815031274,Despair,Anxiety,0.29387448575960345
0.0013128857815031274,Despair,Despair,0.3317987036313915
0.0013128857815031274,Despair,Irritation,0.18875160772119343
0.0013128857815031274,Despair,Rage,0.18557520288781165
0.0013128857815031274,Irritation,Anxiety,0.32761720969713054
0.0013128857815031274,Irritation,Despair,0.2659167055508653
0.0013128857815031274,Irritation,Irritation,0.24470046192883024
0.0013128857815031274,Irritation,Rage,0.161765622823174
0.0013128857815031274,Rage,Anxiety,0.217580700224594
0.0013128857815031274,Rage,Despair,0.29916066902758326
0.0013128857815031274,Rage,Irritation,0.20239077981503048
0.0013128857815031274,Rage,Rage,0.2808678509327923
0.0012881119854211115,Anxiety,Anxiety,0.27234635853795025
0.0012881119854211115,Anxiety,Despair,0.26178639638810064
0.0012881119854211115,Anxiety,Irritation,0.25321474111470377
0.0012881119854211115,Anxiety,Rage,0.21265250395924506
0.0012881119854211115,Despair,Anxiety,0.23032346257328618
0.0012881119854211115,Despair,Despair,0.2885949725879626
0.0012881119854211115,Despair,Irritation,0.2203187815809507
0.0012881119854211115,Despair,Rage,0.26076278325780045
0.0012881119854211115,Irritation,Anxiety,0.25125300300571435
0.0012881119854211115,Irritation,Despair,0.24960400747116473
0.0012881119854211115,Irritation,Irritation,0.25443719506791396
0.0012881119854211115,Irritation,Rage,0.2447057944552069
0.0012881119854211115,Rage,Anxiety,0.18497747721199953
0.0012881119854211115,Rage,Despair,0.2698974397163765
0.0012881119854211115,Rage,Irritation,0.22460687847223904
0.0012881119854211115,Rage,Rage,0.320518204599385
0.001467975396377474,Anxiety,Anxiety,0.3105422116241016
0.001467975396377474,Anxiety,Despair,0.27770216789618496
0.001467975396377474,Anxiety,Irritation,0.2504393439116689
0.001467975396377474,Anxiety,Rage,0.16131627656804437
0.001467975396377474,Despair,Anxiety,0.24822780680824147
0.001467975396377474,Despair,Despair,0.31893537247006865
0.001467975396377474,Despair,Irritation,0.20099211073585155
0.001467975396377474,Despair,Rage,0.23184470998583825
0.001467975396377474,Irritation,Anxiety,0.2822990331831237
0.001467975396377474,Irritation,Despair,0.25832199386247917
0.001467975396377474,Irritation,Irritation,0.2526194118313023
0.001467975396377474,Irritation,Rage,0.206759561123095
0.001467975396377474,Rage,Anxiety,0.17314080383531544
0.001467975396377474,Rage,Despair,0.289530185013684
0.001467975396377474,Rage,Irritation,0.21256716859743538
0.001467975396377474,Rage,Rage,0.3247618425535655
0.0013466157000119794,Anxiety,Anxiety,0.2255153075400101
0.0013466157000119794,Anxiety,Despair,0.2444004629316479
0.0013466157000119794,Anxiety,Irritation,0.2550040453425597
0.0013466157000119794,Anxiety,Rage,0.27508018418578234
0.0013466157000119794,Despair,Anxiety,0.15352568550923795
0.0013466157000119794,Despair,Despair,0.2928084003798745
0.0013466157000119794,Despair,Irritation,0.20083023282876059
0.0013466157000119794,Despair,Rage,0.35283568128212706
0.0013466157000119794,Irritation,Anxiety,0.18783981329404348
0.0013466157000119794,Irritation,Despair,0.22665291514790833
0.0013466157000119794,Irritation,Irritation,0.2495152225509875
0.0013466157000119794,Irritation,Rage,0.3359920490070604
0.0013466157000119794,Rage,Anxiety,0.10394958389504766
0.0013466157000119794,Rage,Despair,0.25727510624948474
0.0013466157000119794,Rage,Irritation,0.19610356222522
0.0013466157000119794,Rage,Rage,0.4426717476302474
0.0012384931892051093,Anxiety,Anxiety,0.24919500264857256
0.0012384931892051093,Anxiety,Despair,0.25442831797385146
0.0012384931892051093,Anxiety,Irritation,0.2532568505402281
0.0012384931892051093,Anxiety,Rage,0.243119828837348
0.0012384931892051093,Despair,Anxiety,0.21105021201962448
0.0012384931892051093,Despair,Despair,0.2798759765898533
0.0012384931892051093,Despair,Irritation,0.2240357672693795
0.0012384931892051093,Despair,Rage,0.28503804412114275
0.0012384931892051093,Irritation,Anxiety,0.23013478642869137
0.0012384931892051093,Irritation,Despair,0.24350257378454396
0.0012384931892051093,Irritation,Irritation,0.2534380575578252
0.0012384931892051093,Irritation,Rage,0.2729245822289395
0.0012384931892051093,Rage,Anxiety,0.1735898926721901
0.0012384931892051093,Rage,Despair,0.26155118033131336
0.0012384931892051093,Rage,Irritation,0.22502792417038697
0.0012384931892051093,Rage,Rage,0.3398310028261097
0.0013141985571752948,Anxiety,Anxiety,0.2766054329216874
0.0013141985571752948,Anxiety,Despair,0.2657377037396619
0.0013141985571752948,Anxiety,Irritation,0.25349267494215966
0.0013141985571752948,Anxiety,Rage,0.20416418839649084
0.0013141985571752948,Despair,Anxiety,0.22364481931252053
0.0013141985571752948,Despair,Despair,0.30097909310176224
0.0013141985571752948,Despair,Irritation,0.21304256756933082
0.0013141985571752948,Despair,Rage,0.26233352001638643
0.0013141985571752948,Irritation,Anxiety,0.2514381653010482
0.0013141985571752948,Irritation,Despair,0.25037065260540037
0.0013141985571752948,Irritation,Irritation,0.25438743590740276
0.0013141985571752948,Irritation,Rage,0.24380374618614856
0.0013141985571752948,Rage,Anxiety,0.16991689982938926
0.0013141985571752948,Rage,Despair,0.27593343963857836
0.0013141985571752948,Rage,Irritation,0.21780099505748263
0.0013141985571752948,Rage,Rage,0.3363486654745498
0.0013677098187851525,Anxiety,Anxiety,0.29375560264579526
0.0013677098187851525,Anxiety,Despair,0.2689127702003562
0.0013677098187851525,Anxiety,Irritation,0.25194993007827404
0.0013677098187851525,Anxiety,Rage,0.18538169707557456
0.0013677098187851525,Despair,Anxiety,0.25108756127483617
0.0013677098187851525,Despair,Despair,0.29661068780784
0.0013677098187851525,Despair,Irritation,0.21663561248242383
0.0013677098187851525,Despair,Rage,0.23566613843489984
0.0013677098187851525,Irritation,Anxiety,0.27330902071996743
0.0013677098187851525,Irritation,Despair,0.25616146676743806
0.0013677098187851525,Irritation,Irritation,0.2526997944538352
0.0013677098187851525,Irritation,Rage,0.21782971805875923
0.0013677098187851525,Rage,Anxiety,0.20005602883192183
0.0013677098187851525,Rage,Despair,0.2765149548187999
0.0013677098187851525,Rage,Irritation,0.22273534371433587
0.0013677098187851525,Rage,Rage,0.3006936726349424
0.0012103461650510323,Anxiety,Anxiety,0.24850206291024943
0.0012103461650510323,Anxiety,Despair,0.25397494092677825
0.0012103461650510323,Anxiety,Irritation,0.2534068903915078
0.0012103461650510323,Anxiety,Rage,0.2441161057714645
0.0012103461650510323,Despair,Anxiety,0.21243613559057453
0.0012103461650510323,Despair,Despair,0.27830054290825523
0.0012103461650510323,Despair,Irritation,0.2254152094089386
0.0012103461650510323,Despair,Rage,0.2838481120922316
0.0012103461650510323,Irritation,Anxiety,0.2305250694920878
0.0012103461650510323,Irritation,Despair,0.24350068754019655
0.0012103461650510323,Irritation,Irritation,0.2536101972374383
0.0012103461650510323,Irritation,Rage,0.2723640457302774
0.0012103461650510323,Rage,Anxiety,0.17695214929853717
0.0012103461650510323,Rage,Despair,0.26053569732973636
0.0012103461650510323,Rage,Irritation,0.2262519958347788
0.0012103461650510323,Rage,Rage,0.3362601575369477
0.0013862149059223408,Anxiety,Anxiety,0.2841170443833504
0.0013862149059223408,Anxiety,Despair,0.2697337884711504
0.0013862149059223408,Anxiety,Irritation,0.2548680680013052
0.0013862149059223408,Anxiety,Rage,0.19128109914419422
0.0013862149059223408,Despair,Anxiety,0.21883812897922905
0.0013862149059223408,Despair,Despair,0.31209143512452553
0.0013862149059223408,Despair,Irritation,0.20512452492310443
0.0013862149059223408,Despair,Rage,0.26394591097314096
0.0013862149059223408,Irritation,Anxiety,0.2532880001851458
0.0013862149059223408,Irritation,Despair,0.25028028869616475
0.0013862149059223408,Irritation,Irritation,0.2557384214314866
0.0013862149059223408,Irritation,Rage,0.24069328968720313
0.0013862149059223408,Rage,Anxiety,0.15242192319119302
0.0013862149059223408,Rage,Despair,0.28196894527013366
0.0013862149059223408,Rage,Irritation,0.21153931624828218
0.0013862149059223408,Rage,Rage,0.3540698152903911
0.0012783410282261654,Anxiety,Anxiety,0.2515365094255243
0.0012783410282261654,Anxiety,Despair,0.254786277060294
0.0012783410282261654,Anxiety,Irritation,0.2533734191717828
0.0012783410282261654,Anxiety,Rage,0.24030379434239887
0.0012783410282261654,Despair,Anxiety,0.21060598838894162
0.0012783410282261654,Despair,Despair,0.280975152399846
0.0012783410282261654,Despair,Irritation,0.22304428606232585
0.0012783410282261654,Despair,Rage,0.2853745731488865
0.0012783410282261654,Irritation,Anxiety,0.23097435820594892
0.0012783410282261654,Irritation,Despair,0.24366111165676974
0.0012783410282261654,Irritation,Irritation,0.2533214502976624
0.0012783410282261654,Irritation,Rage,0.2720430798396189
0.0012783410282261654,Rage,Anxiety,0.17020624618136482
0.0012783410282261654,Rage,Despair,0.26299790947073964
0.0012783410282261654,Rage,Irritation,0.22409043694687972
0.0012783410282261654,Rage,Rage,0.342705407401016
0.0013341005872496345,Anxiety,Anxiety,0.29184592799957476
0.0013341005872496345,Anxiety,Despair,0.26845869078766244
0.0013341005872496345,Anxiety,Irritation,0.25122571681730355
0.0013341005872496345,Anxiety,Rage,0.1884696643954593
0.0013341005872496345,Despair,Anxiety,0.251758215864454
0.0013341005872496345,Despair,Despair,0.2954511981964119
0.0013341005872496345,Despair,Irritation,0.2176029880772644
0.0013341005872496345,Despair,Rage,0.23518759786186955
0.0013341005872496345,Irritation,Anxiety,0.27258229638426007
0.0013341005872496345,Irritation,Despair,0.2562594383601922
0.0013341005872496345,Irritation,Irritation,0.25231287186160056
0.0013341005872496345,Irritation,Rage,0.21884539339394696
0.0013341005872496345,Rage,Anxiety,0.20484217881856734
0.0013341005872496345,Rage,Despair,0.27536195862623364
0.0013341005872496345,Rage,Irritation,0.22346913108575234
0.0013341005872496345,Rage,Rage,0.2963267314694469
0.001315040936280824,Anxiety,Anxiety,0.32778991582979156
0.001315040936280824,Anxiety,Despair,0.28551800293382673
0.001315040936280824,Anxiety,Irritation,0.24633603153490313
0.001315040936280824,Anxiety,Rage,0.1403560497014784
0.001315040936280824,Despair,Anxiety,0.2546736688437298
0.001315040936280824,Despair,Despair,0.3422168381523913
0.001315040936280824,Despair,Irritation,0.18499242427940418
0.001315040936280824,Despair,Rage,0.21811706872447525
0.001315040936280824,Irritation,Anxiety,0.29755620237339536
0.001315040936280824,Irritation,Despair,0.261144302948192
0.001315040936280824,Irritation,Irritation,0.2516232320974048
0.001315040936280824,Irritation,Rage,0.18967626258100784
0.001315040936280824,Rage,Anxiety,0.16779165171232616
0.001315040936280824,Rage,Despair,0.3029469801647883
0.001315040936280824,Rage,Irritation,0.19921282700242718
0.001315040936280824,Rage,Rage,0.3300485411204583
0.0011224682532991266,Anxiety,Anxiety,0.2764707395966832
0.0011224682532991266,Anxiety,Despair,0.2610212027140153
0.0011224682532991266,Anxiety,Irritation,0.25140715090516125
0.0011224682532991266,Anxiety,Rage,0.2111009067841407
0.0011224682532991266,Despair,Anxiety,0.25336176559081286
0.0011224682532991266,Despair,Despair,0.2768004175844759
0.0011224682532991266,Despair,Irritation,0.23209328291722878
0.0011224682532991266,Despair,Rage,0.23774453390748243
0.0011224682532991266,Irritation,Anxiety,0.26533710950094663
0.0011224682532991266,Irritation,Despair,0.25433103535381385
0.0011224682532991266,Irritation,Irritation,0.2518137506695558
0.0011224682532991266,Irritation,Rage,0.22851810447568374
0.0011224682532991266,Rage,Anxiety,0.2288716110844282
0.0011224682532991266,Rage,Despair,0.26472528182759064
0.0011224682532991266,Rage,Irritation,0.2342420290495979
0.0011224682532991266,Rage,Rage,0.27216107803838324
0.001247595704313518,Anxiety,Anxiety,0.2884094717205847
0.001247595704313518,Anxiety,Despair,0.2667683259014651
0.001247595704313518,Anxiety,Irritation,0.25034908743026063
0.001247595704313518,Anxiety,Rage,0.19447311494768976
0.001247595704313518,Despair,Anxiety,0.2538281133616262
0.001247595704313518,Despair,Despair,0.2911477753378929
0.001247595704313518,Despair,Irritation,0.22107946799054948
0.001247595704313518,Despair,Rage,0.23394464330993148
0.001247595704313518,Irritation,Anxiety,0.27175486989983694
0.001247595704313518,Irritation,Despair,0.25604814374937174
0.001247595704313518,Irritation,Irritation,0.25168984007438505
0.001247595704313518,Irritation,Rage,0.22050714627640622
0.001247595704313518,Rage,Anxiety,0.2150269157518306
0.001247595704313518,Rage,Despair,0.2722752818276743
0.001247595704313518,Rage,Irritation,0.22606462246373107
0.001247595704313518,Rage,Rage,0.2866331799567641
0.0013651697603295379,Anxiety,Anxiety,0.2539674954378026
0.0013651697603295379,Anxiety,Despair,0.2569826366530108
0.0013651697603295379,Anxiety,Irritation,0.25460273206682965
0.0013651697603295379,Anxiety,Rage,0.2344471358423571
0.0013651697603295379,Despair,Anxiety,0.20147652694643403
0.0013651697603295379,Despair,Despair,0.290212533871525
0.0013651697603295379,Despair,Irritation,0.2158664475684991
0.0013651697603295379,Despair,Rage,0.2924444916135419
0.0013651697603295379,Irritation,Anxiety,0.22727708135915745
0.0013651697603295379,Irritation,Despair,0.2424385156538615
0.0013651697603295379,Irritation,Irritation,0.25454497638313095
0.0013651697603295379,Irritation,Rage,0.27573942660385004
0.0013651697603295379,Rage,Anxiety,0.15122388447885118
0.0013651697603295379,Rage,Despair,0.2671868757144907
0.0013651697603295379,Rage,Irritation,0.217684846094504
0.0013651697603295379,Rage,Rage,0.3639043937121543
0.001100904209417701,Anxiety,Anxiety,0.27796383596503066
0.001100904209417701,Anxiety,Despair,0.26191034135323316
0.001100904209417701,Anxiety,Irritation,0.2506900948101503
0.001100904209417701,Anxiety,Rage,0.20943572787158576
0.001100904209417701,Despair,Anxiety,0.25451564234336005
0.001100904209417701,Despair,Despair,0.2785203743090274
0.001100904209417701,Despair,Irritation,0.23087115449418674
0.001100904209417701,Despair,Rage,0.2360928288534257
0.001100904209417701,Irritation,Anxiety,0.26665657893877703
0.001100904209417701,Irritation,Despair,0.25481415779718397
0.001100904209417701,Irritation,Irritation,0.2514231585605812
0.001100904209417701,Irritation,Rage,0.2271061047034577
0.001100904209417701,Rage,Anxiety,0.22983022849447016
0.001100904209417701,Rage,Despair,0.26542696229282076
0.001100904209417701,Rage,Irritation,0.23346411370456785
0.001100904209417701,Rage,Rage,0.2712786955081411
0.0011664224407520057,Anxiety,Anxiety,0.2474271521040989
0.0011664224407520057,Anxiety,Despair,0.25292007203583566
0.0011664224407520057,Anxiety,Irritation,0.25332059838199783
0.0011664224407520057,Anxiety,Rage,0.24633217747806763
0.0011664224407520057,Despair,Anxiety,0.21759658418534364
0.0011664224407520057,Despair,Despair,0.2735239125751179
0.0011664224407520057,Despair,Irritation,0.22891742821277297
0.0011664224407520057,Despair,Rage,0.27996207502676557
0.0011664224407520057,Irritation,Anxiety,0.23300524061282554
0.0011664224407520057,Irritation,Despair,0.24443615344508032
0.0011664224407520057,Irritation,Irritation,0.25253532939400586
0.0011664224407520057,Irritation,Rage,0.2700232765480885
0.0011664224407520057,Rage,Anxiety,0.18712337298962436
0.0011664224407520057,Rage,Despair,0.2590235023460786
0.0011664224407520057,Rage,Irritation,0.22961640069744618
0.0011664224407520057,Rage,Rage,0.32423672396685077
0.0013514957718512954,Anxiety,Anxiety,0.29454949056201385
0.0013514957718512954,Anxiety,Despair,0.26990347277201954
0.0013514957718512954,Anxiety,Irritation,0.2509711300453868
0.0013514957718512954,Anxiety,Rage,0.18457590662057993
0.0013514957718512954,Despair,Anxiety,0.2503165344534105
0.0013514957718512954,Despair,Despair,0.30012397419877485
0.0013514957718512954,Despair,Irritation,0.21527250241914
0.0013514957718512954,Despair,Rage,0.23428698892867486
0.0013514957718512954,Irritation,Anxiety,0.274052941677354
0.0013514957718512954,Irritation,Despair,0.25663869159466846
0.0013514957718512954,Irritation,Irritation,0.25238267463124503
0.0013514957718512954,Irritation,Rage,0.21692569209673235
0.0013514957718512954,Rage,Anxiety,0.20127067070022572
0.0013514957718512954,Rage,Despair,0.27738856204670603
0.0013514957718512954,Rage,Irritation,0.22146966178177402
0.0013514957718512954,Rage,Rage,0.29987110547129425
0.001259556162513325,Anxiety,Anxiety,0.2735194322967528
0.001259556162513325,Anxiety,Despair,0.2640547992916707
0.001259556162513325,Anxiety,Irritation,0.2529045127811332
0.001259556162513325,Anxiety,Rage,0.20952125563044335
0.001259556162513325,Despair,Anxiety,0.2283137795613896
0.001259556162513325,Despair,Despair,0.29497457607489347
0.001259556162513325,Despair,Irritation,0.21648812968716286
0.001259556162513325,Despair,Rage,0.260223514676554
0.001259556162513325,Irritation,Anxiety,0.250904689546267
0.001259556162513325,Irritation,Despair,0.24968821404124558
0.001259556162513325,Irritation,Irritation,0.2551835002851769
0.001259556162513325,Irritation,Rage,0.24422359612731018
0.001259556162513325,Rage,Anxiety,0.18029783662299464
0.001259556162513325,Rage,Despair,0.2726298269233895
0.001259556162513325,Rage,Irritation,0.2207092646958216
0.001259556162513325,Rage,Rage,0.32636307175779394
0.0013030681390189683,Anxiety,Anxiety,0.1900229895918502
0.0013030681390189683,Anxiety,Despair,0.2273789452641356
0.0013030681390189683,Anxiety,Irritation,0.2452280627085343
0.0013030681390189683,Anxiety,Rage,0.3373700024354796
0.0013030681390189683,Despair,Anxiety,0.12631996134654627
0.0013030681390189683,Despair,Despair,0.273012723453031
0.0013030681390189683,Despair,Irritation,0.19461446240308483
0.0013030681390189683,Despair,Rage,0.4060528527973381
0.0013030681390189683,Irritation,Anxiety,0.1552752981075387
0.0013030681390189683,Irritation,Despair,0.21150676397281337
0.0013030681390189683,Irritation,Irritation,0.2365199794822638
0.0013030681390189683,Irritation,Rage,0.39669795843738426
0.0013030681390189683,Rage,Anxiety,0.08794783482228127
0.0013030681390189683,Rage,Despair,0.23713383998133786
0.0013030681390189683,Rage,Irritation,0.18257515520411163
0.0013030681390189683,Rage,Rage,0.4923431699922692
0.0011546489369111265,Anxiety,Anxiety,0.285119791774826
0.0011546489369111265,Anxiety,Despair,0.26502930629238386
0.0011546489369111265,Anxiety,Irritation,0.2497288794602636
0.0011546489369111265,Anxiety,Rage,0.20012202247252664
0.0011546489369111265,Despair,Anxiety,0.2556227175473198
0.0011546489369111265,Despair,Despair,0.28662358632273005
0.0011546489369111265,Despair,Irritation,0.22469716826529196
0.0011546489369111265,Despair,Rage,0.23305652786465836
0.0011546489369111265,Irritation,Anxiety,0.27092259307039895
0.0011546489369111265,Irritation,Despair,0.2557232803267708
0.0011546489369111265,Irritation,Irritation,0.25116069582778155
0.0011546489369111265,Irritation,Rage,0.22219343077504855
0.0011546489369111265,Rage,Anxiety,0.2239000588486902
0.0011546489369111265,Rage,Despair,0.2694181735641636
0.0011546489369111265,Rage,Irritation,0.22891965651666185
0.0011546489369111265,Rage,Rage,0.2777621110704845
0.0012762821141887452,Anxiety,Anxiety,0.28667596260550604
0.0012762821141887452,Anxiety,Despair,0.2659325347691108
0.0012762821141887452,Anxiety,Irritation,0.25148436968722376
0.0012762821141887452,Anxiety,Rage,0.1959071329381593
0.0012762821141887452,Despair,Anxiety,0.2522785299013561
0.0012762821141887452,Despair,Despair,0.2890452798032435
0.0012762821141887452,Despair,Irritation,0.22262582850335208
0.0012762821141887452,Despair,Rage,0.23605036179204797
0.0012762821141887452,Irritation,Anxiety,0.27007295155682093
0.0012762821141887452,Irritation,Despair,0.2556565172597848
0.0012762821141887452,Irritation,Irritation,0.2522505049172952
0.0012762821141887452,Irritation,Rage,0.22202002626609904
0.0012762821141887452,Rage,Anxiety,0.21308192687858926
0.0012762821141887452,Rage,Despair,0.2716280963693221
0.0012762821141887452,Rage,Irritation,0.22698343237655358
0.0012762821141887452,Rage,Rage,0.28830654437553527
0.0014028856873951902,Anxiety,Anxiety,0.256832520709333
0.0014028856873951902,Anxiety,Despair,0.25781430783322684
0.0014028856873951902,Anxiety,Irritation,0.25470760433459705
0.0014028856873951902,Anxiety,Rage,0.23064556712284334
0.0014028856873951902,Despair,Anxiety,0.19924016199636158
0.0014028856873951902,Despair,Despair,0.29238341618081376
0.0014028856873951902,Despair,Irritation,0.21397147316577472
0.0014028856873951902,Despair,Rage,0.2944049486570501
0.0014028856873951902,Irritation,Anxiety,0.21402987722613753
0.0014028856873951902,Irritation,Despair,0.23666199478982547
0.0014028856873951902,Irritation,Irritation,0.25498389218523937
0.0014028856873951902,Irritation,Rage,0.2943242357987975
0.0014028856873951902,Rage,Anxiety,0.14639569543180606
0.0014028856873951902,Rage,Despair,0.2698744798111722
0.0014028856873951902,Rage,Irritation,0.21631641351129188
0.0014028856873951902,Rage,Rage,0.3674134112457299
0.0014641920040671151,Anxiety,Anxiety,0.2593402684214852
0.0014641920040671151,Anxiety,Despair,0.2600048848922229
0.0014641920040671151,Anxiety,Irritation,0.2560696104283882
0.0014641920040671151,Anxiety,Rage,0.22458523625790353
0.0014641920040671151,Despair,Anxiety,0.1917209623318143
0.0014641920040671151,Despair,Despair,0.30048960111052736
0.0014641920040671151,Despair,Irritation,0.20794259694107384
0.0014641920040671151,Despair,Rage,0.2998468396165844
0.0014641920040671151,Irritation,Anxiety,0.20861561710463591
0.0014641920040671151,Irritation,Despair,0.234604693001959
0.0014641920040671151,Irritation,Irritation,0.256350823770403
0.0014641920040671151,Irritation,Rage,0.30042886612300196
0.0014641920040671151,Rage,Anxiety,0.1324452352728852
0.0014641920040671151,Rage,Despair,0.2734612014615719
0.0014641920040671151,Rage,Irritation,0.21086692416077948
0.0014641920040671151,Rage,Rage,0.3832266391047633
0.0014146719529596612,Anxiety,Anxiety,0.25651244233351594
0.0014146719529596612,Anxiety,Despair,0.2568980150563351
0.0014146719529596612,Anxiety,Irritation,0.2534443376722191
0.0014146719529596612,Anxiety,Rage,0.23314520493792998
0.0014146719529596612,Despair,Anxiety,0.20301109681008758
0.0014146719529596612,Despair,Despair,0.2886703066306905
0.0014146719529596612,Despair,Irritation,0.21606834347561604
0.0014146719529596612,Despair,Rage,0.2922502530836062
0.0014146719529596612,Irritation,Anxiety,0.21681217438969907
0.0014146719529596612,Irritation,Despair,0.23834064996757207
0.0014146719529596612,Irritation,Irritation,0.25360866674272176
0.0014146719529596612,Irritation,Rage,0.29123850890000713
0.0014146719529596612,Rage,Anxiety,0.15309249281027223
0.0014146719529596612,Rage,Despair,0.2696316181125768
0.0014146719529596612,Rage,Irritation,0.2184021419439588
0.0014146719529596612,Rage,Rage,0.35887374713319237
0.0012026820484525435,Anxiety,Anxiety,0.2843313202225246
0.0012026820484525435,Anxiety,Despair,0.26501171864453105
0.0012026820484525435,Anxiety,Irritation,0.25044355859182943
0.0012026820484525435,Anxiety,Rage,0.20021340254111508
0.0012026820484525435,Despair,Anxiety,0.25371412904835466
0.0012026820484525435,Despair,Despair,0.2864968970324803
0.0012026820484525435,Despair,Irritation,0.22467591322695604
0.0012026820484525435,Despair,Rage,0.23511306069220908
0.0012026820484525435,Irritation,Anxiety,0.26297186007510615
0.0012026820484525435,Irritation,Despair,0.25171615373141903
0.0012026820484525435,Irritation,Irritation,0.2523223540947797
0.0012026820484525435,Irritation,Rage,0.23298963209869528
0.0012026820484525435,Rage,Anxiety,0.22147439558535062
0.0012026820484525435,Rage,Despair,0.2701506195150549
0.0012026820484525435,Rage,Irritation,0.22874431977930393
0.0012026820484525435,Rage,Rage,0.2796306651202907
0.0011607199903623132,Anxiety,Anxiety,0.24638495297634552
0.0011607199903623132,Anxiety,Despair,0.25326501013196495
0.0011607199903623132,Anxiety,Irritation,0.2536757005133286
0.0011607199903623132,Anxiety,Rage,0.24667433637836086
0.0011607199903623132,Despair,Anxiety,0.21561402286706075
0.0011607199903623132,Despair,Despair,0.27488117636692605
0.0011607199903623132,Despair,Irritation,0.22816806652351201
0.0011607199903623132,Despair,Rage,0.28133673424250144
0.0011607199903623132,Irritation,Anxiety,0.22489609344195383
0.0011607199903623132,Irritation,Despair,0.240277762105324
0.0011607199903623132,Irritation,Irritation,0.25335750182928884
0.0011607199903623132,Irritation,Rage,0.2814686426234335
0.0011607199903623132,Rage,Anxiety,0.1856939556578967
0.0011607199903623132,Rage,Despair,0.2594027860338835
0.0011607199903623132,Rage,Irritation,0.2289819346662392
0.0011607199903623132,Rage,Rage,0.32592132364198023
0.0013067196355071096,Anxiety,Anxiety,0.2515798437126973
0.0013067196355071096,Anxiety,Despair,0.2551620339302837
0.0013067196355071096,Anxiety,Irritation,0.25320137398027326
0.0013067196355071096,Anxiety,Rage,0.24005674837674565
0.0013067196355071096,Despair,Anxiety,0.20889240920046515
0.0013067196355071096,Despair,Despair,0.2826609333269189
0.0013067196355071096,Despair,Irritation,0.22139383482902109
0.0013067196355071096,Despair,Rage,0.2870528226435949
0.0013067196355071096,Irritation,Anxiety,0.22072092149316566
0.0013067196355071096,Irritation,Despair,0.2388124147747198
0.0013067196355071096,Irritation,Irritation,0.2537253203079692
0.0013067196355071096,Irritation,Rage,0.2867413434241453
0.0013067196355071096,Rage,Anxiety,0.16848475559210238
0.0013067196355071096,Rage,Despair,0.26439325645909434
0.0013067196355071096,Rage,Irritation,0.22293585260031268
0.0013067196355071096,Rage,Rage,0.34418613534849046
0.0013861350917940426,Anxiety,Anxiety,0.2547579655624284
0.0013861350917940426,Anxiety,Despair,0.2573445085834677
0.0013861350917940426,Anxiety,Irritation,0.2541915620830299
0.0013861350917940426,Anxiety,Rage,0.23370596377107408
0.0013861350917940426,Despair,Anxiety,0.20095746821102697
0.0013861350917940426,Despair,Despair,0.2904809660724878
0.0013861350917940426,Despair,Irritation,0.21528715433866102
0.0013861350917940426,Despair,Rage,0.29327441137782423
0.0013861350917940426,Irritation,Anxiety,0.21508166173073476
0.0013861350917940426,Irritation,Despair,0.23723660610067013
0.0013861350917940426,Irritation,Irritation,0.2545083789254472
0.0013861350917940426,Irritation,Rage,0.29317335324314814
0.0013861350917940426,Rage,Anxiety,0.151280092853255
0.0013861350917940426,Rage,Despair,0.2686144713981706
0.0013861350917940426,Rage,Irritation,0.2171727858363739
0.0013861350917940426,Rage,Rage,0.3629326499122007
0.0013509186798845688,Anxiety,Anxiety,0.29400941997152275
0.0013509186798845688,Anxiety,Despair,0.2696005608309082
0.0013509186798845688,Anxiety,Irritation,0.25080641359001987
0.0013509186798845688,Anxiety,Rage,0.18558360560754894
0.0013509186798845688,Despair,Anxiety,0.25012811392836176
0.0013509186798845688,Despair,Despair,0.29918994834837936
0.0013509186798845688,Despair,Irritation,0.21584987473510067
0.0013509186798845688,Despair,Rage,0.23483206298815804
0.0013509186798845688,Irritation,Anxiety,0.2639751489297588
0.0013509186798845688,Irritation,Despair,0.2512341924854107
0.0013509186798845688,Irritation,Irritation,0.253220267959186
0.0013509186798845688,Irritation,Rage,0.23157039062564463
0.0013509186798845688,Rage,Anxiety,0.20343157840027742
0.0013509186798845688,Rage,Despair,0.2773992529852799
0.0013509186798845688,Rage,Irritation,0.2219494348254222
0.0013509186798845688,Rage,Rage,0.2972197337890208
0.0014810285574295284,Anxiety,Anxiety,0.2603628135460855
0.0014810285574295284,Anxiety,Despair,0.260376855954422
0.0014810285574295284,Anxiety,Irritation,0.25601060079356897
0.0014810285574295284,Anxiety,Rage,0.22324972970592363
0.0014810285574295284,Despair,Anxiety,0.19073216837181758
0.0014810285574295284,Despair,Despair,0.3016812744184162
0.0014810285574295284,Despair,Irritation,0.20689569867419969
0.0014810285574295284,Despair,Rage,0.30069085853556676
0.0014810285574295284,Irritation,Anxiety,0.2079296923586319
0.0014810285574295284,Irritation,Despair,0.23449364206297027
0.0014810285574295284,Irritation,Irritation,0.256313683839081
0.0014810285574295284,Irritation,Rage,0.3012629817393168
0.0014810285574295284,Rage,Anxiety,0.1301924159044486
0.0014810285574295284,Rage,Despair,0.27452823110119207
0.0014810285574295284,Rage,Irritation,0.21023401079236825
0.0014810285574295284,Rage,Rage,0.3850453422019912
0.0013750843473153917,Anxiety,Anxiety,0.2960821911845198
0.0013750843473153917,Anxiety,Despair,0.270677119071605
0.0013750843473153917,Anxiety,Irritation,0.25107380914919175
0.0013750843473153917,Anxiety,Rage,0.18216688059468336
0.0013750843473153917,Despair,Anxiety,0.24946375446788788
0.0013750843473153917,Despair,Despair,0.30173239278527353
0.0013750843473153917,Despair,Irritation,0.2138825764717417
0.0013750843473153917,Despair,Rage,0.234921276275097
0.0013750843473153917,Irritation,Anxiety,0.26393966473237235
0.0013750843473153917,Irritation,Despair,0.25116395447066
0.0013750843473153917,Irritation,Irritation,0.2535671341867303
0.0013750843473153917,Irritation,Rage,0.23132924661023732
0.0013750843473153917,Rage,Anxiety,0.19887774492876809
0.0013750843473153917,Rage,Despair,0.27904798574273915
0.0013750843473153917,Rage,Irritation,0.2205518049384059
0.0013750843473153917,Rage,Rage,0.3015224643900869
0.0013639759553931462,Anxiety,Anxiety,0.25336651704526875
0.0013639759553931462,Anxiety,Despair,0.2566754187653207
0.0013639759553931462,Anxiety,Irritation,0.2539264867181403
0.0013639759553931462,Anxiety,Rage,0.23603157747127032
0.0013639759553931462,Despair,Anxiety,0.20323633756918894
0.0013639759553931462,Despair,Despair,0.2887031906606014
0.0013639759553931462,Despair,Irritation,0.21681481985051246
0.0013639759553931462,Despair,Rage,0.29124565191969737
0.0013639759553931462,Irritation,Anxiety,0.21676309457070256
0.0013639759553931462,Irritation,Despair,0.23739067449761408
0.0013639759553931462,Irritation,Irritation,0.2546054933391156
0.0013639759553931462,Irritation,Rage,0.2912407375925679
0.0013639759553931462,Rage,Anxiety,0.1566724200592038
0.0013639759553931462,Rage,Despair,0.26733545381039936
0.0013639759553931462,Rage,Irritation,0.2189583194354419
0.0013639759553931462,Rage,Rage,0.35703380669495455
0.0012268677478770753,Anxiety,Anxiety,0.2261658728042551
0.0012268677478770753,Anxiety,Despair,0.2448342086617876
0.0012268677478770753,Anxiety,Irritation,0.25136710536376206
0.0012268677478770753,Anxiety,Rage,0.2776328131701953
0.0012268677478770753,Despair,Anxiety,0.17634163694420146
0.0012268677478770753,Despair,Despair,0.27857240226952734
0.0012268677478770753,Despair,Irritation,0.2148901578977342
0.0012268677478770753,Despair,Rage,0.33019580288853706
0.0012268677478770753,Irritation,Anxiety,0.19058193141219013
0.0012268677478770753,Irritation,Despair,0.22884978942939535
0.0012268677478770753,Irritation,Irritation,0.24793957584079354
0.0012268677478770753,Irritation,Rage,0.33262870331762123
0.0012268677478770753,Rage,Anxiety,0.13716705127305115
0.0012268677478770753,Rage,Despair,0.2569219735505728
0.0012268677478770753,Rage,Irritation,0.2134183285348434
0.0012268677478770753,Rage,Rage,0.3924926466415323
0.0011892282964872732,Anxiety,Anxiety,0.3214960902189574
0.0011892282964872732,Anxiety,Despair,0.27630767603952067
0.0011892282964872732,Anxiety,Irritation,0.2520580121888238
0.0011892282964872732,Anxiety,Rage,0.1501382215526985
0.0011892282964872732,Despair,Anxiety,0.2945041396775221
0.0011892282964872732,Despair,Despair,0.2983865067737375
0.0011892282964872732,Despair,Irritation,0.22015755087492975
0.0011892282964872732,Despair,Rage,0.18695180267381092
0.0011892282964872732,Irritation,Anxiety,0.30418179215183133
0.0011892282964872732,Irritation,Despair,0.26147516589327374
0.0011892282964872732,Irritation,Irritation,0.25347251020649225
0.0011892282964872732,Irritation,Rage,0.18087053174840254
0.0011892282964872732,Rage,Anxiety,0.2600116797913658
0.0011892282964872732,Rage,Despair,0.2804509133482246
0.0011892282964872732,Rage,Irritation,0.22393023924523422
0.0011892282964872732,Rage,Rage,0.23560716761517542
0.0014484405585683702,Anxiety,Anxiety,0.3035223903277942
0.0014484405585683702,Anxiety,Despair,0.27422906285691
0.0014484405585683702,Anxiety,Irritation,0.2517419485197922
0.0014484405585683702,Anxiety,Rage,0.17050659829550352
0.0014484405585683702,Despair,Anxiety,0.24804211277852223
0.0014484405585683702,Despair,Despair,0.3102012312684255
0.0014484405585683702,Despair,Irritation,0.2076077899789136
0.0014484405585683702,Despair,Rage,0.23414886597413842
0.0014484405585683702,Irritation,Anxiety,0.2650227490658023
0.0014484405585683702,Irritation,Despair,0.25085845086622643
0.0014484405585683702,Irritation,Irritation,0.25447593508089955
0.0014484405585683702,Irritation,Rage,0.2296428649870715
0.0014484405585683702,Rage,Anxiety,0.18489429517455444
0.0014484405585683702,Rage,Despair,0.28478757789270337
0.0014484405585683702,Rage,Irritation,0.21639925607504526
0.0014484405585683702,Rage,Rage,0.3139188708576971
0.0013048912403069535,Anxiety,Anxiety,0.2192482443814579
0.0013048912403069535,Anxiety,Despair,0.24252996738105914
0.0013048912403069535,Anxiety,Irritation,0.25631823642797813
0.0013048912403069535,Anxiety,Rage,0.28190355180950494
0.0013048912403069535,Despair,Anxiety,0.14774262173181005
0.0013048912403069535,Despair,Despair,0.2917737767129847
0.0013048912403069535,Despair,Irritation,0.2003203878040159
0.0013048912403069535,Despair,Rage,0.36016321375118965
0.0013048912403069535,Irritation,Anxiety,0.16644838805352702
0.0013048912403069535,Irritation,Despair,0.21629424554906615
0.0013048912403069535,Irritation,Irritation,0.24836418759421913
0.0013048912403069535,Irritation,Rage,0.36889317880318756
0.0013048912403069535,Rage,Anxiety,0.10065773067708601
0.0013048912403069535,Rage,Despair,0.253569082282669
0.0013048912403069535,Rage,Irritation,0.1949199061400233
0.0013048912403069535,Rage,Rage,0.4508532809002213
0.0013811520116981558,Anxiety,Anxiety,0.3003870886068031
0.0013811520116981558,Anxiety,Despair,0.27255421851658906
0.0013811520116981558,Anxiety,Irritation,0.25023506074099117
0.0013811520116981558,Anxiety,Rage,0.1768236321356166
0.0013811520116981558,Despair,Anxiety,0.25039188776239524
0.0013811520116981558,Despair,Despair,0.3067487371320596
0.0013811520116981558,Despair,Irritation,0.2103287283886589
0.0013811520116981558,Despair,Rage,0.23253064671688586
0.0013811520116981558,Irritation,Anxiety,0.26609405282716275
0.0013811520116981558,Irritation,Despair,0.25113175287898587
0.0013811520116981558,Irritation,Irritation,0.2536044350361582
0.0013811520116981558,Irritation,Rage,0.22916975925769323
0.0013811520116981558,Rage,Anxiety,0.1960594124701554
0.0013811520116981558,Rage,Despair,0.2815444175997037
0.0013811520116981558,Rage,Irritation,0.21816999308304508
0.0013811520116981558,Rage,Rage,0.3042261768470957
0.001162357716002543,Anxiety,Anxiety,0.2803166276466354
0.001162357716002543,Anxiety,Despair,0.2629702300661075
0.001162357716002543,Anxiety,Irritation,0.25090296564043674
0.001162357716002543,Anxiety,Rage,0.20581017664682028
0.001162357716002543,Despair,Anxiety,0.25353322107767384
0.001162357716002543,Despair,Despair,0.2814788705174203
0.001162357716002543,Despair,Irritation,0.22848862221866234
0.001162357716002543,Despair,Rage,0.2364992861862437
0.001162357716002543,Irritation,Anxiety,0.26170468763056337
0.001162357716002543,Irritation,Despair,0.25162552857811354
0.001162357716002543,Irritation,Irritation,0.2522151152465938
0.001162357716002543,Irritation,Rage,0.2344546685447295
0.001162357716002543,Rage,Anxiety,0.22581905335407945
0.001162357716002543,Rage,Despair,0.2674706110544042
0.001162357716002543,Rage,Irritation,0.2315518772293017
0.001162357716002543,Rage,Rage,0.27515845836221464
0.001256362926415918,Anxiety,Anxiety,0.34252567640047077
0.001256362926415918,Anxiety,Despair,0.280987694196009
0.001256362926415918,Anxiety,Irritation,0.24470884903922036
0.001256362926415918,Anxiety,Rage,0.1317777803642997
0.001256362926415918,Despair,Anxiety,0.308445412534135
0.001256362926415918,Despair,Despair,0.3111393900177901
0.001256362926415918,Despair,Irritation,0.20535168591916078
0.001256362926415918,Despair,Rage,0.17506351152891408
0.001256362926415918,Irritation,Anxiety,0.3207457865875994
0.001256362926415918,Irritation,Despair,0.2621573176472828
0.001256362926415918,Irritation,Irritation,0.24880570485655992
0.001256362926415918,Irritation,Rage,0.16829119090855815
0.001256362926415918,Rage,Anxiety,0.26118720587533395
0.001256362926415918,Rage,Despair,0.2883059963358967
0.001256362926415918,Rage,Irritation,0.21254359071354467
0.001256362926415918,Rage,Rage,0.2379632070752245
0.0011708908366652006,Anxiety,Anxiety,0.26876041944131257
0.0011708908366652006,Anxiety,Despair,0.26079354920407116
0.0011708908366652006,Anxiety,Irritation,0.25232645937162956
0.0011708908366652006,Anxiety,Rage,0.21811957198298657
0.0011708908366652006,Despair,Anxiety,0.2328461711003476
0.0011708908366652006,Despair,Despair,0.2852426770959758
0.0011708908366652006,Despair,Irritation,0.2236655084806595
0.0011708908366652006,Despair,Rage,0.25824564332301736
0.0011708908366652006,Irritation,Anxiety,0.243555964546465
0.0011708908366652006,Irritation,Despair,0.24574314253788335
0.0011708908366652006,Irritation,Irritation,0.2536994249783813
0.0011708908366652006,Irritation,Rage,0.2570014679372702
0.0011708908366652006,Rage,Anxiety,0.1967268733499978
0.0011708908366652006,Rage,Despair,0.26677461402885266
0.0011708908366652006,Rage,Irritation,0.22742329656905402
0.0011708908366652006,Rage,Rage,0.3090752160520954
0.001222432131575621,Anxiety,Anxiety,0.24847196089903187
0.001222432131575621,Anxiety,Despair,0.25366481591615087
0.001222432131575621,Anxiety,Irritation,0.25380119557326447
0.001222432131575621,Anxiety,Rage,0.2440620276115529
0.001222432131575621,Despair,Anxiety,0.21492174095876
0.001222432131575621,Despair,Despair,0.2763488254200993
0.001222432131575621,Despair,Irritation,0.2265114212863112
0.001222432131575621,Despair,Rage,0.2822180123348299
0.001222432131575621,Irritation,Anxiety,0.22486086694801713
0.001222432131575621,Irritation,Despair,0.24052168396427578
0.001222432131575621,Irritation,Irritation,0.252871286585476
0.001222432131575621,Irritation,Rage,0.281746162502231
0.001222432131575621,Rage,Anxiety,0.18166417715334754
0.001222432131575621,Rage,Despair,0.26130964756955377
0.001222432131575621,Rage,Irritation,0.22747647901060478
0.001222432131575621,Rage,Rage,0.32954969626649355
0.001390306307774363,Anxiety,Anxiety,0.298184428632901
0.001390306307774363,Anxiety,Despair,0.27161769317132545
0.001390306307774363,Anxiety,Irritation,0.2509426204763485
0.001390306307774363,Anxiety,Rage,0.17925525771942508
0.001390306307774363,Despair,Anxiety,0.24927008251279426
0.001390306307774363,Despair,Despair,0.3043411743954216
0.001390306307774363,Despair,Irritation,0.2120764383564618
0.001390306307774363,Despair,Rage,0.23431230473532252
0.001390306307774363,Irritation,Anxiety,0.26453401663293624
0.001390306307774363,Irritation,Despair,0.2510444756963631
0.001390306307774363,Irritation,Irritation,0.25371477302441375
0.001390306307774363,Irritation,Rage,0.23070673464628683
0.001390306307774363,Rage,Anxiety,0.19597641452253142
0.001390306307774363,Rage,Despair,0.2805254249978119
0.001390306307774363,Rage,Irritation,0.21936448013249954
0.001390306307774363,Rage,Rage,0.30413368034715726
0.0011519418674979648,Anxiety,Anxiety,0.19356462131059765
0.0011519418674979648,Anxiety,Despair,0.23213429132489302
0.0011519418674979648,Anxiety,Irritation,0.24643274357439998
0.0011519418674979648,Anxiety,Rage,0.3278683437901093
0.0011519418674979648,Despair,Anxiety,0.1489327150709287
0.0011519418674979648,Despair,Despair,0.2634390020889231
0.0011519418674979648,Despair,Irritation,0.2125101351044739
0.0011519418674979648,Despair,Rage,0.3751181477356745
0.0011519418674979648,Irritation,Anxiety,0.1610305440181341
0.0011519418674979648,Irritation,Despair,0.21682907567759863
0.0011519418674979648,Irritation,Irritation,0.24094132012488814
0.0011519418674979648,Irritation,Rage,0.38119906017937893
0.0011519418674979648,Rage,Anxiety,0.11674154145503199
0.0011519418674979648,Rage,Despair,0.2412804888665141
0.0011519418674979648,Rage,Irritation,0.2070684183597998
0.0011519418674979648,Rage,Rage,0.43490955131865416
0.0012465907170285417,Anxiety,Anxiety,0.22222421918454938
0.0012465907170285417,Anxiety,Despair,0.2436321928532739
0.0012465907170285417,Anxiety,Irritation,0.25366566229048104
0.0012465907170285417,Anxiety,Rage,0.2804779256716958
0.0012465907170285417,Despair,Anxiety,0.16511285009682006
0.0012465907170285417,Despair,Despair,0.2828970978438457
0.0012465907170285417,Despair,Irritation,0.2100682970159531
0.0012465907170285417,Despair,Rage,0.34192175504338107
0.0012465907170285417,Irritation,Anxiety,0.1809838867581526
0.0012465907170285417,Irritation,Despair,0.22375947415494765
0.0012465907170285417,Irritation,Irritation,0.24878099421702304
0.0012465907170285417,Irritation,Rage,0.346475644869877
0.0012465907170285417,Rage,Anxiety,0.12255715517501004
0.0012465907170285417,Rage,Despair,0.25510018750095403
0.0012465907170285417,Rage,Irritation,0.20714664825586537
0.0012465907170285417,Rage,Rage,0.4151960090681706
0.001316378857220098,Anxiety,Anxiety,0.2918555801238304
0.001316378857220098,Anxiety,Despair,0.2682115187228191
0.001316378857220098,Anxiety,Irritation,0.2511181633119144
0.001316378857220098,Anxiety,Rage,0.18881473784143593
0.001316378857220098,Despair,Anxiety,0.25245903811938336
0.001316378857220098,Despair,Despair,0.2948328074114478
0.001316378857220098,Despair,Irritation,0.21825864721264632
0.001316378857220098,Despair,Rage,0.23444950725652206
0.001316378857220098,Irritation,Anxiety,0.26416314504920235
0.001316378857220098,Irritation,Despair,0.2512950213246096
0.001316378857220098,Irritation,Irritation,0.2531887129925883
0.001316378857220098,Irritation,Rage,0.23135312063360003
0.001316378857220098,Rage,Anxiety,0.208587025531016
0.001316378857220098,Rage,Despair,0.27521414090341073
0.001316378857220098,Rage,Irritation,0.2238984714384356
0.001316378857220098,Rage,Rage,0.29230036212713784
0.0012331529695084483,Anxiety,Anxiety,0.37360677368280276
0.0012331529695084483,Anxiety,Despair,0.2815027435844907
0.0012331529695084483,Anxiety,Irritation,0.23117026631503523
0.0012331529695084483,Anxiety,Rage,0.11372021641767165
0.0012331529695084483,Despair,Anxiety,0.3312888458551867
0.0012331529695084483,Despair,Despair,0.3212826656695116
0.0012331529695084483,Despair,Irritation,0.18997792355561352
0.0012331529695084483,Despair,Rage,0.1574505649196884
0.0012331529695084483,Irritation,Anxiety,0.34802919752822653
0.0012331529695084483,Irritation,Despair,0.2610604814467141
0.0012331529695084483,Irritation,Irritation,0.23928561293501396
0.0012331529695084483,Irritation,Rage,0.15162470809004533
0.0012331529695084483,Rage,Anxiety,0.2771422470844141
0.0012331529695084483,Rage,Despair,0.2941591792263315
0.0012331529695084483,Rage,Irritation,0.2003312002513005
0.0012331529695084483,Rage,Rage,0.22836737343795355
0.0012747710240353645,Anxiety,Anxiety,0.28558356574030586
0.0012747710240353645,Anxiety,Despair,0.26537292397959805
0.0012747710240353645,Anxiety,Irritation,0.25158675904044625
0.0012747710240353645,Anxiety,Rage,0.19745675123964995
0.0012747710240353645,Despair,Anxiety,0.2519936071002759
0.0012747710240353645,Despair,Despair,0.28776032174346133
0.0012747710240353645,Despair,Irritation,0.22364015350220284
0.0012747710240353645,Despair,Rage,0.23660591765406017
0.0012747710240353645,Irritation,Anxiety,0.26203090172416543
0.0012747710240353645,Irritation,Despair,0.2513523177146089
0.0012747710240353645,Irritation,Irritation,0.2529301074025919
0.0012747710240353645,Irritation,Rage,0.2336866731586335
0.0012747710240353645,Rage,Anxiety,0.2155153785371743
0.0012747710240353645,Rage,Despair,0.27129892221118707
0.0012747710240353645,Rage,Irritation,0.22774091442197428
0.0012747710240353645,Rage,Rage,0.2854447848296642
0.0012778138459123387,Anxiety,Anxiety,0.2515863506459133
0.0012778138459123387,Anxiety,Despair,0.2541928614702318
0.0012778138459123387,Anxiety,Irritation,0.2520210899893882
0.0012778138459123387,Anxiety,Rage,0.24219969789446677
0.0012778138459123387,Despair,Anxiety,0.21457831020463053
0.0012778138459123387,Despair,Despair,0.2772833082346022
0.0012778138459123387,Despair,Irritation,0.225169419513833
0.0012778138459123387,Despair,Rage,0.28296896204693384
0.0012778138459123387,Irritation,Anxiety,0.22491215367901718
0.0012778138459123387,Irritation,Despair,0.24106061268075432
0.0012778138459123387,Irritation,Irritation,0.25218819940711296
0.0012778138459123387,Irritation,Rage,0.28183903423311557
0.0012778138459123387,Rage,Anxiety,0.17889731876210851
0.0012778138459123387,Rage,Despair,0.26308121431003917
0.0012778138459123387,Rage,Irritation,0.22625160963690358
0.0012778138459123387,Rage,Rage,0.3317698572909488
0.0013418138569719702,Anxiety,Anxiety,0.2788487930427533
0.0013418138569719702,Anxiety,Despair,0.2670361856738149
0.0013418138569719702,Anxiety,Irritation,0.25360831732884864
0.0013418138569719702,Anxiety,Rage,0.20050670395458325
0.0013418138569719702,Despair,Anxiety,0.22237553107243183
0.0013418138569719702,Despair,Despair,0.30436339625986675
0.0013418138569719702,Despair,Irritation,0.21047034012975774
0.0013418138569719702,Despair,Rage,0.2627907325379436
0.0013418138569719702,Irritation,Anxiety,0.23935955342372262
0.0013418138569719702,Irritation,Despair,0.24394183878183645
0.0013418138569719702,Irritation,Irritation,0.255732085262722
0.0013418138569719702,Irritation,Rage,0.26096652253171887
0.0013418138569719702,Rage,Anxiety,0.1669869558126391
0.0013418138569719702,Rage,Despair,0.27836449826486676
0.0013418138569719702,Rage,Irritation,0.2159988669391119
0.0013418138569719702,Rage,Rage,0.33864967898338216
0.0012568745451639392,Anxiety,Anxiety,0.25082487304036705
0.0012568745451639392,Anxiety,Despair,0.2531666608961777
0.0012568745451639392,Anxiety,Irritation,0.2523000650010185
0.0012568745451639392,Anxiety,Rage,0.2437084010624367
0.0012568745451639392,Despair,Anxiety,0.2197171114998013
0.0012568745451639392,Despair,Despair,0.27251535223288864
0.0012568745451639392,Despair,Irritation,0.2284073473888406
0.0012568745451639392,Despair,Rage,0.2793601888784692
0.0012568745451639392,Irritation,Anxiety,0.22879293271658868
0.0012568745451639392,Irritation,Despair,0.24285224739513056
0.0012568745451639392,Irritation,Irritation,0.25083222002076777
0.0012568745451639392,Irritation,Rage,0.27752259986751315
0.0012568745451639392,Rage,Anxiety,0.188155009499987
0.0012568745451639392,Rage,Despair,0.2606334936643356
0.0012568745451639392,Rage,Irritation,0.23010389131497178
0.0012568745451639392,Rage,Rage,0.32110760552070566
0.0013272260680006823,Anxiety,Anxiety,0.33117200429359867
0.0013272260680006823,Anxiety,Despair,0.287355936622701
0.0013272260680006823,Anxiety,Irritation,0.24592477865846124
0.0013272260680006823,Anxiety,Rage,0.13554728042523906
0.0013272260680006823,Despair,Anxiety,0.2547726049673892
0.0013272260680006823,Despair,Despair,0.3467780582226883
0.0013272260680006823,Despair,Irritation,0.1817333054379367
0.0013272260680006823,Despair,Rage,0.21671603137198592
0.0013272260680006823,Irritation,Anxiety,0.28168015941667285
0.0013272260680006823,Irritation,Despair,0.2511761175004924
0.0013272260680006823,Irritation,Irritation,0.2551005808969691
0.0013272260680006823,Irritation,Rage,0.2120431421858656
0.0013272260680006823,Rage,Anxiety,0.16608104832784035
0.0013272260680006823,Rage,Despair,0.3065407087783745
0.0013272260680006823,Rage,Irritation,0.19690113080565583
0.0013272260680006823,Rage,Rage,0.3304771120881291
0.0013056819195483534,Anxiety,Anxiety,0.2735623977441776
0.0013056819195483534,Anxiety,Despair,0.26330956430104197
0.0013056819195483534,Anxiety,Irritation,0.253140905037878
0.0013056819195483534,Anxiety,Rage,0.20998713291690246
0.0013056819195483534,Despair,Anxiety,0.2283080598152183
0.0013056819195483534,Despair,Despair,0.2926030314446372
0.0013056819195483534,Despair,Irritation,0.21753744048663862
0.0013056819195483534,Despair,Rage,0.261551468253506
0.0013056819195483534,Irritation,Anxiety,0.24139774762001462
0.0013056819195483534,Irritation,Despair,0.24524263546600283
0.0013056819195483534,Irritation,Irritation,0.25426913459531403
0.0013056819195483534,Irritation,Rage,0.2590904823186686
0.0013056819195483534,Rage,Anxiety,0.18151842555794293
0.0013056819195483534,Rage,Despair,0.2721404151135101
0.0013056819195483534,Rage,Irritation,0.2226048539342859
0.0013056819195483534,Rage,Rage,0.3237363053942609
0.0013424569256141967,Anxiety,Anxiety,0.300486857904377
0.0013424569256141967,Anxiety,Despair,0.27207249691429225
0.0013424569256141967,Anxiety,Irritation,0.24982807695652612
0.0013424569256141967,Anxiety,Rage,0.17761256822480462
0.0013424569256141967,Despair,Anxiety,0.25212889661461185
0.0013424569256141967,Despair,Despair,0.30559110344421375
0.0013424569256141967,Despair,Irritation,0.21139496986115458
0.0013424569256141967,Despair,Rage,0.2308850300800198
0.0013424569256141967,Irritation,Anxiety,0.2674004033685935
0.0013424569256141967,Irritation,Despair,0.2512005212713196
0.0013424569256141967,Irritation,Irritation,0.2533873740799537
0.0013424569256141967,Irritation,Rage,0.22801170128013323
0.0013424569256141967,Rage,Anxiety,0.2002107235125552
0.0013424569256141967,Rage,Despair,0.28037750717448245
0.0013424569256141967,Rage,Irritation,0.2189001824565707
0.0013424569256141967,Rage,Rage,0.3005115868563918
0.0013224943388070293,Anxiety,Anxiety,0.2514073491827682
0.0013224943388070293,Anxiety,Despair,0.25578285767563275
0.0013224943388070293,Anxiety,Irritation,0.25372325565525583
0.0013224943388070293,Anxiety,Rage,0.23908653748634345
0.0013224943388070293,Despair,Anxiety,0.20528802019495848
0.0013224943388070293,Despair,Despair,0.2856718744237299
0.0013224943388070293,Despair,Irritation,0.21921906424730794
0.0013224943388070293,Despair,Rage,0.2898210411340039
0.0013224943388070293,Irritation,Anxiety,0.21794477830341152
0.0013224943388070293,Irritation,Despair,0.23784336310089985
0.0013224943388070293,Irritation,Irritation,0.25437320642496225
0.0013224943388070293,Irritation,Rage,0.2898386521707261
0.0013224943388070293,Rage,Anxiety,0.16220911402848906
0.0013224943388070293,Rage,Despair,0.2654755477120912
0.0013224943388070293,Rage,Irritation,0.22093097450430932
0.0013224943388070293,Rage,Rage,0.3513843637551103
0.001465768405519793,Anxiety,Anxiety,0.30143670712381315
0.001465768405519793,Anxiety,Despair,0.27370110260729463
0.001465768405519793,Anxiety,Irritation,0.25180919411888175
0.001465768405519793,Anxiety,Rage,0.17305299615001027
0.001465768405519793,Despair,Anxiety,0.24644159682446623
0.001465768405519793,Despair,Despair,0.3088569339384273
0.001465768405519793,Despair,Irritation,0.20809787530590068
0.001465768405519793,Despair,Rage,0.2366035939312061
0.001465768405519793,Irritation,Anxiety,0.26305569336868007
0.001465768405519793,Irritation,Despair,0.2507659527976864
0.001465768405519793,Irritation,Irritation,0.2542582329628075
0.001465768405519793,Irritation,Rage,0.23192012087082628
0.001465768405519793,Rage,Anxiety,0.1837201882227764
0.001465768405519793,Rage,Despair,0.2845013127512036
0.001465768405519793,Rage,Irritation,0.2169497665011197
0.001465768405519793,Rage,Rage,0.3148287325249007
