C,Story,Emotion,Val
0.003400389008648095,Anxiety,Anxiety,0.5423902510427092
0.003400389008648095,Anxiety,Despair,0.0008241463102493161
0.003400389008648095,Anxiety,Irritation,0.4566523751261303
0.003400389008648095,Anxiety,Rage,0.00013322752091089456
0.003400389008648095,Despair,Anxiety,0.0032743062566391013
0.003400389008648095,Despair,Despair,0.9725843814221946
0.003400389008648095,Despair,Irritation,0.0010229352119527416
0.003400389008648095,Despair,Rage,0.02311837710921347
0.003400389008648095,Irritation,Anxiety,0.5036120691558312
0.003400389008648095,Irritation,Despair,0.0021862984501743667
0.003400389008648095,Irritation,Irritation,0.47738020183215213
0.003400389008648095,Irritation,Rage,0.016821430561842318
0.003400389008648095,Rage,Anxiety,0.0019992903647189433
0.003400389008648095,Rage,Despair,0.48849860717605054
0.003400389008648095,Rage,Irritation,0.0043236883155522805
0.003400389008648095,Rage,Rage,0.5051784141436785
0.003494471633933803,Anxiety,Anxiety,0.5070160027850319
0.003494471633933803,Anxiety,Despair,0.000577855155582846
0.003494471633933803,Anxiety,Irritation,0.4922506770654747
0.003494471633933803,Anxiety,Rage,0.0001554649939105644
0.003494471633933803,Despair,Anxiety,0.017124431862618833
0.003494471633933803,Despair,Despair,0.8628190444108746
0.003494471633933803,Despair,Irritation,0.004382098268774631
0.003494471633933803,Despair,Rage,0.11567442545773178
0.003494471633933803,Irritation,Anxiety,0.4863264664319781
0.003494471633933803,Irritation,Despair,0.0019117494550477529
0.003494471633933803,Irritation,Irritation,0.49417802431585567
0.003494471633933803,Irritation,Rage,0.017583759797118577
0.003494471633933803,Rage,Anxiety,0.002316118681539295
0.003494471633933803,Rage,Despair,0.348197721076683
0.003494471633933803,Rage,Irritation,0.003886320493750588
0.003494471633933803,Rage,Rage,0.6455998397480269
0.0033133099984181593,Anxiety,Anxiety,0.509797123711499
0.0033133099984181593,Anxiety,Despair,0.0004003390772667582
0.0033133099984181593,Anxiety,Irritation,0.48965209258377457
0.0033133099984181593,Anxiety,Rage,0.00015044462745987715
0.0033133099984181593,Despair,Anxiety,0.02166753099266612
0.0033133099984181593,Despair,Despair,0.8284010647805446
0.0033133099984181593,Despair,Irritation,0.005353988641603643
0.0033133099984181593,Despair,Rage,0.14457741558518566
0.0033133099984181593,Irritation,Anxiety,0.4860891158394591
0.0033133099984181593,Irritation,Despair,0.0019500214642539538
0.0033133099984181593,Irritation,Irritation,0.49496187231107514
0.0033133099984181593,Irritation,Rage,0.016998990385211715
0.0033133099984181593,Rage,Anxiety,0.0021449629731617502
0.0033133099984181593,Rage,Despair,0.3792163141854874
0.0033133099984181593,Rage,Irritation,0.003168842999272059
0.0033133099984181593,Rage,Rage,0.6154698798420787
0.0031183701323969594,Anxiety,Anxiety,0.5049913282020315
0.0031183701323969594,Anxiety,Despair,0.00020073184863338302
0.0031183701323969594,Anxiety,Irritation,0.4946767446102283
0.0031183701323969594,Anxiety,Rage,0.00013119533910682066
0.0031183701323969594,Despair,Anxiety,0.028165561168028454
0.0031183701323969594,Despair,Despair,0.7751836582093345
0.0031183701323969594,Despair,Irritation,0.005557247312176897
0.0031183701323969594,Despair,Rage,0.19109353331045997
0.0031183701323969594,Irritation,Anxiety,0.4812722159175357
0.0031183701323969594,Irritation,Despair,0.0016183123914613596
0.0031183701323969594,Irritation,Irritation,0.5012451592275956
0.0031183701323969594,Irritation,Rage,0.015864312463407623
0.0031183701323969594,Rage,Anxiety,0.0020370516602766404
0.0031183701323969594,Rage,Despair,0.3223680451284208
0.0031183701323969594,Rage,Irritation,0.0017173632033064172
0.0031183701323969594,Rage,Rage,0.673877540007996
0.0032562204733320244,Anxiety,Anxiety,0.5051364781834631
0.0032562204733320244,Anxiety,Despair,0.00034286257073376525
0.0032562204733320244,Anxiety,Irritation,0.4943751409513505
0.0032562204733320244,Anxiety,Rage,0.00014551829445254053
0.0032562204733320244,Despair,Anxiety,0.024384912677543277
0.0032562204733320244,Despair,Despair,0.8090011989479131
0.0032562204733320244,Despair,Irritation,0.005892609152541434
0.0032562204733320244,Despair,Rage,0.16072127922200224
0.0032562204733320244,Irritation,Anxiety,0.4803726204684792
0.0032562204733320244,Irritation,Despair,0.0016151610417097777
0.0032562204733320244,Irritation,Irritation,0.5012574901515087
0.0032562204733320244,Irritation,Rage,0.016754728338302303
0.0032562204733320244,Rage,Anxiety,0.0022254637146309378
0.0032562204733320244,Rage,Despair,0.2958694086631567
0.0032562204733320244,Rage,Irritation,0.002463991331080105
0.0032562204733320244,Rage,Rage,0.6994411362911321
0.0030864138252351754,Anxiety,Anxiety,0.5299891469836463
0.0030864138252351754,Anxiety,Despair,0.00032713802921585514
0.0030864138252351754,Anxiety,Irritation,0.469562232500963
0.0030864138252351754,Anxiety,Rage,0.00012148248617480415
0.0030864138252351754,Despair,Anxiety,0.009891110148105163
0.0030864138252351754,Despair,Despair,0.9193293060221988
0.0030864138252351754,Despair,Irritation,0.0020440563924059756
0.0030864138252351754,Despair,Rage,0.06873552743729024
0.0030864138252351754,Irritation,Anxiety,0.4955348638753824
0.0030864138252351754,Irritation,Despair,0.0019531985369760775
0.0030864138252351754,Irritation,Irritation,0.4869038833955288
0.0030864138252351754,Irritation,Rage,0.015608054192112699
0.0030864138252351754,Rage,Anxiety,0.0017539586570379296
0.0030864138252351754,Rage,Despair,0.45696467626023635
0.0030864138252351754,Rage,Irritation,0.0019006268722312344
0.0030864138252351754,Rage,Rage,0.5393807382104947
0.0034190190770895922,Anxiety,Anxiety,0.5158427495352739
0.0034190190770895922,Anxiety,Despair,0.0007907966581478745
0.0034190190770895922,Anxiety,Irritation,0.4832054533735599
0.0034190190770895922,Anxiety,Rage,0.00016100043301838662
0.0034190190770895922,Despair,Anxiety,0.016641624947075613
0.0034190190770895922,Despair,Despair,0.8673049146589915
0.0034190190770895922,Despair,Irritation,0.005106553998919505
0.0034190190770895922,Despair,Rage,0.11094690639501334
0.0034190190770895922,Irritation,Anxiety,0.4838496918087088
0.0034190190770895922,Irritation,Despair,0.0018495037764046597
0.0034190190770895922,Irritation,Irritation,0.49730039044375457
0.0034190190770895922,Irritation,Rage,0.01700041397113186
0.0034190190770895922,Rage,Anxiety,0.0023700843221042497
0.0034190190770895922,Rage,Despair,0.35004886017366843
0.0034190190770895922,Rage,Irritation,0.004272419467024426
0.0034190190770895922,Rage,Rage,0.6433086360372028
0.003823813273083418,Anxiety,Anxiety,0.5075321216792947
0.003823813273083418,Anxiety,Despair,0.001381828227251867
0.003823813273083418,Anxiety,Irritation,0.4909232752843066
0.003823813273083418,Anxiety,Rage,0.000162774809146743
0.003823813273083418,Despair,Anxiety,0.005408683633390864
0.003823813273083418,Despair,Despair,0.9551480588650118
0.003823813273083418,Despair,Irritation,0.002177520674804882
0.003823813273083418,Despair,Rage,0.037265736826792566
0.003823813273083418,Irritation,Anxiety,0.4846751741610439
0.003823813273083418,Irritation,Despair,0.0015084212732208095
0.003823813273083418,Irritation,Irritation,0.4944384372054773
0.003823813273083418,Irritation,Rage,0.019377967360258007
0.003823813273083418,Rage,Anxiety,0.002713224170240845
0.003823813273083418,Rage,Despair,0.22122406884363782
0.003823813273083418,Rage,Irritation,0.004714331455349475
0.003823813273083418,Rage,Rage,0.771348375530772
0.003244350632219588,Anxiety,Anxiety,0.5050747593161629
0.003244350632219588,Anxiety,Despair,0.0003726361549251117
0.003244350632219588,Anxiety,Irritation,0.49440645955364126
0.003244350632219588,Anxiety,Rage,0.0001461449752708889
0.003244350632219588,Despair,Anxiety,0.024399211371599276
0.003244350632219588,Despair,Despair,0.8083082291428803
0.003244350632219588,Despair,Irritation,0.005764810447899885
0.003244350632219588,Despair,Rage,0.1615277490376206
0.003244350632219588,Irritation,Anxiety,0.48045416482561865
0.003244350632219588,Irritation,Despair,0.001615853661339473
0.003244350632219588,Irritation,Irritation,0.5012022250698813
0.003244350632219588,Irritation,Rage,0.016727756443160838
0.003244350632219588,Rage,Anxiety,0.0021948802635144487
0.003244350632219588,Rage,Despair,0.2966078258036051
0.003244350632219588,Rage,Irritation,0.0024098970303324863
0.003244350632219588,Rage,Rage,0.6987873969025478
0.0032037886085604195,Anxiety,Anxiety,0.49921497829150446
0.0032037886085604195,Anxiety,Despair,0.0002389390901046474
0.0032037886085604195,Anxiety,Irritation,0.5003942794430527
0.0032037886085604195,Anxiety,Rage,0.0001518031753383177
0.0032037886085604195,Despair,Anxiety,0.038432618303191286
0.0032037886085604195,Despair,Despair,0.6984732053517022
0.0032037886085604195,Despair,Irritation,0.008984197122565696
0.0032037886085604195,Despair,Rage,0.2541099792225408
0.0032037886085604195,Irritation,Anxiety,0.4775621980516559
0.0032037886085604195,Irritation,Despair,0.0015735088638723954
0.0032037886085604195,Irritation,Irritation,0.5041301428218277
0.0032037886085604195,Irritation,Rage,0.016734150262644243
0.0032037886085604195,Rage,Anxiety,0.00214409203764385
0.0032037886085604195,Rage,Despair,0.2831512020292596
0.0032037886085604195,Rage,Irritation,0.0019400087363382475
0.0032037886085604195,Rage,Rage,0.7127646971967582
0.0035549016572311728,Anxiety,Anxiety,0.5345630476616211
0.0035549016572311728,Anxiety,Despair,0.0009797677075613674
0.0035549016572311728,Anxiety,Irritation,0.4643189219814633
0.0035549016572311728,Anxiety,Rage,0.0001382626493542858
0.0035549016572311728,Despair,Anxiety,0.002538714734744121
0.0035549016572311728,Despair,Despair,0.9787385153606867
0.0035549016572311728,Despair,Irritation,0.0010429582519520559
0.0035549016572311728,Despair,Rage,0.017679811652617235
0.0035549016572311728,Irritation,Anxiety,0.49184305058388555
0.0035549016572311728,Irritation,Despair,0.0017847041187060225
0.0035549016572311728,Irritation,Irritation,0.4883808773483745
0.0035549016572311728,Irritation,Rage,0.01799136794903397
0.0035549016572311728,Rage,Anxiety,0.0025351163036033816
0.0035549016572311728,Rage,Despair,0.3139273374598829
0.0035549016572311728,Rage,Irritation,0.004799583538590467
0.0035549016572311728,Rage,Rage,0.6787379626979233
0.0035128575813108886,Anxiety,Anxiety,0.5065874476632142
0.0035128575813108886,Anxiety,Despair,0.0007398117496894507
0.0035128575813108886,Anxiety,Irritation,0.492517981453578
0.0035128575813108886,Anxiety,Rage,0.00015475913351807659
0.0035128575813108886,Despair,Anxiety,0.013623970067691994
0.0035128575813108886,Despair,Despair,0.8900033023411007
0.0035128575813108886,Despair,Irritation,0.003872049393318747
0.0035128575813108886,Despair,Rage,0.09250067819788851
0.0035128575813108886,Irritation,Anxiety,0.47712190757091394
0.0035128575813108886,Irritation,Despair,0.0013917756222582435
0.0035128575813108886,Irritation,Irritation,0.5037818132402094
0.0035128575813108886,Irritation,Rage,0.01770450356661823
0.0035128575813108886,Rage,Anxiety,0.0024373293221076004
0.0035128575813108886,Rage,Despair,0.2261224904100737
0.0035128575813108886,Rage,Irritation,0.003340847079729038
0.0035128575813108886,Rage,Rage,0.7680993331880894
0.003433334912466948,Anxiety,Anxiety,0.49955047436239236
0.003433334912466948,Anxiety,Despair,0.00048128201681566776
0.003433334912466948,Anxiety,Irritation,0.49980116779191147
0.003433334912466948,Anxiety,Rage,0.00016707582888036127
0.003433334912466948,Despair,Anxiety,0.03050571435953245
0.003433334912466948,Despair,Despair,0.7584959982473356
0.003433334912466948,Despair,Irritation,0.008056572690962374
0.003433334912466948,Despair,Rage,0.20294171470216937
0.003433334912466948,Irritation,Anxiety,0.48009188744162173
0.003433334912466948,Irritation,Despair,0.0014552911972311585
0.003433334912466948,Irritation,Irritation,0.501030482859473
0.003433334912466948,Irritation,Rage,0.01742233850167364
0.003433334912466948,Rage,Anxiety,0.0023253525429636295
0.003433334912466948,Rage,Despair,0.24144468063239677
0.003433334912466948,Rage,Irritation,0.0027156001649164406
0.003433334912466948,Rage,Rage,0.7535143666597233
0.003105760168871869,Anxiety,Anxiety,0.5173407273951652
0.003105760168871869,Anxiety,Despair,0.00047820476147996825
0.003105760168871869,Anxiety,Irritation,0.48205727093512457
0.003105760168871869,Anxiety,Rage,0.00012379690823013147
0.003105760168871869,Despair,Anxiety,0.008501411746175828
0.003105760168871869,Despair,Despair,0.9298240719895213
0.003105760168871869,Despair,Irritation,0.0018256832608801992
0.003105760168871869,Despair,Rage,0.05984883300342293
0.003105760168871869,Irritation,Anxiety,0.45967137192645974
0.003105760168871869,Irritation,Despair,0.0010039048336003907
0.003105760168871869,Irritation,Irritation,0.5234587407830004
0.003105760168871869,Irritation,Rage,0.01586598245693941
0.003105760168871869,Rage,Anxiety,0.002126431152861997
0.003105760168871869,Rage,Despair,0.17929186487912244
0.003105760168871869,Rage,Irritation,0.0015390997460276938
0.003105760168871869,Rage,Rage,0.8170426042219876
0.003390749761530518,Anxiety,Anxiety,0.49954222298526535
0.003390749761530518,Anxiety,Despair,0.0004156680814063426
0.003390749761530518,Anxiety,Irritation,0.49987834557613786
0.003390749761530518,Anxiety,Rage,0.00016376335719041728
0.003390749761530518,Despair,Anxiety,0.03189561946177158
0.003390749761530518,Despair,Despair,0.7472419302771773
0.003390749761530518,Despair,Irritation,0.008393745795587871
0.003390749761530518,Despair,Rage,0.21246870446546318
0.003390749761530518,Irritation,Anxiety,0.48066799385957115
0.003390749761530518,Irritation,Despair,0.0014916007697669737
0.003390749761530518,Irritation,Irritation,0.5004421936487088
0.003390749761530518,Irritation,Rage,0.0173982117219531
0.003390749761530518,Rage,Anxiety,0.0022654254664378603
0.003390749761530518,Rage,Despair,0.24958624321392545
0.003390749761530518,Rage,Irritation,0.002412345163090011
0.003390749761530518,Rage,Rage,0.7457359861565469
0.0036198741758879153,Anxiety,Anxiety,0.5145568360004423
0.0036198741758879153,Anxiety,Despair,0.0009857378600921004
0.0036198741758879153,Anxiety,Irritation,0.4842925878969213
0.0036198741758879153,Anxiety,Rage,0.00016483824254441304
0.0036198741758879153,Despair,Anxiety,0.010273370943790834
0.0036198741758879153,Despair,Despair,0.9161802965507244
0.0036198741758879153,Despair,Irritation,0.0033988756884863022
0.0036198741758879153,Despair,Rage,0.0701474568169983
0.0036198741758879153,Irritation,Anxiety,0.48278343218439485
0.0036198741758879153,Irritation,Despair,0.0017797183253257412
0.0036198741758879153,Irritation,Irritation,0.49702827222263274
0.0036198741758879153,Irritation,Rage,0.018408577267646605
0.0036198741758879153,Rage,Anxiety,0.002610792113473142
0.0036198741758879153,Rage,Despair,0.2943951389588646
0.0036198741758879153,Rage,Irritation,0.005162260631556778
0.0036198741758879153,Rage,Rage,0.6978318082961056
0.0029749220366647035,Anxiety,Anxiety,0.5119833430681291
0.0029749220366647035,Anxiety,Despair,0.0001638645122246814
0.0029749220366647035,Anxiety,Irritation,0.4877379902602464
0.0029749220366647035,Anxiety,Rage,0.0001148021593994755
0.0029749220366647035,Despair,Anxiety,0.030936522271284073
0.0029749220366647035,Despair,Despair,0.7599621396748623
0.0029749220366647035,Despair,Irritation,0.006372976768783104
0.0029749220366647035,Despair,Rage,0.20272836128507057
0.0029749220366647035,Irritation,Anxiety,0.48821585902418746
0.0029749220366647035,Irritation,Despair,0.0017240312769455778
0.0029749220366647035,Irritation,Irritation,0.4957477188086931
0.0029749220366647035,Irritation,Rage,0.014312390890173733
0.0029749220366647035,Rage,Anxiety,0.0017535548564868379
0.0029749220366647035,Rage,Despair,0.42549103824696854
0.0029749220366647035,Rage,Irritation,0.0013078695856189593
0.0029749220366647035,Rage,Rage,0.5714475373109256
0.003255289190192157,Anxiety,Anxiety,0.4993194602596637
0.003255289190192157,Anxiety,Despair,0.00027374919630748524
0.003255289190192157,Anxiety,Irritation,0.500253234847342
0.003255289190192157,Anxiety,Rage,0.0001535556966869401
0.003255289190192157,Despair,Anxiety,0.03657356404491896
0.003255289190192157,Despair,Despair,0.7137559701995648
0.003255289190192157,Despair,Irritation,0.008901439204111617
0.003255289190192157,Despair,Rage,0.24076902655140497
0.003255289190192157,Irritation,Anxiety,0.47832088249976407
0.003255289190192157,Irritation,Despair,0.0015251218030628477
0.003255289190192157,Irritation,Irritation,0.5033939931680593
0.003255289190192157,Irritation,Rage,0.016760002529114137
0.003255289190192157,Rage,Anxiety,0.002237435294682345
0.003255289190192157,Rage,Despair,0.2712793108644431
0.003255289190192157,Rage,Irritation,0.0023528650703420603
0.003255289190192157,Rage,Rage,0.7241303887705327
0.002798780580292367,Anxiety,Anxiety,0.5138720858172136
0.002798780580292367,Anxiety,Despair,3.712919302534406e-05
0.002798780580292367,Anxiety,Irritation,0.48603446571706477
0.002798780580292367,Anxiety,Rage,5.631927269615108e-05
0.002798780580292367,Despair,Anxiety,0.01979893483015315
0.002798780580292367,Despair,Despair,0.8454716231720659
0.002798780580292367,Despair,Irritation,0.003122794957278225
0.002798780580292367,Despair,Rage,0.13160664704050262
0.002798780580292367,Irritation,Anxiety,0.49652345504650247
0.002798780580292367,Irritation,Despair,0.00139636602603962
0.002798780580292367,Irritation,Irritation,0.49097101452042885
0.002798780580292367,Irritation,Rage,0.011109164407029375
0.002798780580292367,Rage,Anxiety,0.001148422010817669
0.002798780580292367,Rage,Despair,0.4968441289963173
0.002798780580292367,Rage,Irritation,0.0004710598359531742
0.002798780580292367,Rage,Rage,0.5015363891569116
0.0029922123613533944,Anxiety,Anxiety,0.49076749556700316
0.0029922123613533944,Anxiety,Despair,0.00015010673059468824
0.0029922123613533944,Anxiety,Irritation,0.5089616897966354
0.0029922123613533944,Anxiety,Rage,0.00012070790576678888
0.0029922123613533944,Despair,Anxiety,0.043936708240803445
0.0029922123613533944,Despair,Despair,0.6610567019285863
0.0029922123613533944,Despair,Irritation,0.00933688809628073
0.0029922123613533944,Despair,Rage,0.2856697017343292
0.0029922123613533944,Irritation,Anxiety,0.46545599556536865
0.0029922123613533944,Irritation,Despair,0.0009460560054575242
0.0029922123613533944,Irritation,Irritation,0.5187803587722623
0.0029922123613533944,Irritation,Rage,0.014817589656911895
0.0029922123613533944,Rage,Anxiety,0.0019722321615070573
0.0029922123613533944,Rage,Despair,0.17670932948019155
0.0029922123613533944,Rage,Irritation,0.0008152917480267665
0.0029922123613533944,Rage,Rage,0.8205031466102747
0.002817592243404184,Anxiety,Anxiety,0.5050634461549364
0.002817592243404184,Anxiety,Despair,5.6299517714887397e-05
0.002817592243404184,Anxiety,Irritation,0.4948126003476449
0.002817592243404184,Anxiety,Rage,6.765397970397814e-05
0.002817592243404184,Despair,Anxiety,0.03646100443230681
0.002817592243404184,Despair,Despair,0.7081813265129006
0.002817592243404184,Despair,Irritation,0.006631565828078406
0.002817592243404184,Despair,Rage,0.24872610322671454
0.002817592243404184,Irritation,Anxiety,0.4915978177176569
0.002817592243404184,Irritation,Despair,0.0014618443050664353
0.002817592243404184,Irritation,Irritation,0.4949128715360538
0.002817592243404184,Irritation,Rage,0.012027466441222356
0.002817592243404184,Rage,Anxiety,0.0012123729999557874
0.002817592243404184,Rage,Despair,0.4466631914100406
0.002817592243404184,Rage,Irritation,0.0004265331409227352
0.002817592243404184,Rage,Rage,0.5516979024490807
0.003325657656809882,Anxiety,Anxiety,0.4990527855828394
0.003325657656809882,Anxiety,Despair,0.00042850410109359065
0.003325657656809882,Anxiety,Irritation,0.5003553763976392
0.003325657656809882,Anxiety,Rage,0.00016333391842754814
0.003325657656809882,Despair,Anxiety,0.03315124216654819
0.003325657656809882,Despair,Despair,0.7394253922772367
0.003325657656809882,Despair,Irritation,0.00887947282562861
0.003325657656809882,Despair,Rage,0.21854389273058658
0.003325657656809882,Irritation,Anxiety,0.47050609197788085
0.003325657656809882,Irritation,Despair,0.0014210809599100528
0.003325657656809882,Irritation,Irritation,0.5113193342763112
0.003325657656809882,Irritation,Rage,0.016753492785898105
0.003325657656809882,Rage,Anxiety,0.002362965294811205
0.003325657656809882,Rage,Despair,0.24773934597982078
0.003325657656809882,Rage,Irritation,0.0032548577688484097
0.003325657656809882,Rage,Rage,0.7466428309565194
0.002999198230627156,Anxiety,Anxiety,0.49903864437097795
0.002999198230627156,Anxiety,Despair,0.00012821456144369706
0.002999198230627156,Anxiety,Irritation,0.5007118150506634
0.002999198230627156,Anxiety,Rage,0.00012132601691479291
0.002999198230627156,Despair,Anxiety,0.04488994178167519
0.002999198230627156,Despair,Despair,0.6550173833488963
0.002999198230627156,Despair,Irritation,0.009404717318084756
0.002999198230627156,Despair,Rage,0.290687957551344
0.002999198230627156,Irritation,Anxiety,0.4798875237882204
0.002999198230627156,Irritation,Despair,0.0014979338255696102
0.002999198230627156,Irritation,Irritation,0.5037158421112835
0.002999198230627156,Irritation,Rage,0.01489870027492665
0.002999198230627156,Rage,Anxiety,0.0018967708939135347
0.002999198230627156,Rage,Despair,0.3163034766900824
0.002999198230627156,Rage,Irritation,0.0009880880901377192
0.002999198230627156,Rage,Rage,0.680811664325866
0.0034857813221901763,Anxiety,Anxiety,0.5265790241898414
0.0034857813221901763,Anxiety,Despair,0.0008330022810761529
0.0034857813221901763,Anxiety,Irritation,0.47245365647375703
0.0034857813221901763,Anxiety,Rage,0.0001343170553252869
0.0034857813221901763,Despair,Anxiety,0.003094501249604446
0.0034857813221901763,Despair,Despair,0.9740313226419453
0.0034857813221901763,Despair,Irritation,0.0011775180454770913
0.0034857813221901763,Despair,Rage,0.021696658062973183
0.0034857813221901763,Irritation,Anxiety,0.4797743133456079
0.0034857813221901763,Irritation,Despair,0.001333434151583242
0.0034857813221901763,Irritation,Irritation,0.5012140491532764
0.0034857813221901763,Irritation,Rage,0.017678203349532656
0.0034857813221901763,Rage,Anxiety,0.0024790947970130357
0.0034857813221901763,Rage,Despair,0.2208040182983563
0.0034857813221901763,Rage,Irritation,0.003562923828339415
0.0034857813221901763,Rage,Rage,0.7731539630762909
0.0034495690459438906,Anxiety,Anxiety,0.5109464594412457
0.0034495690459438906,Anxiety,Despair,0.0006312918145961928
0.0034495690459438906,Anxiety,Irritation,0.488267630086897
0.0034495690459438906,Anxiety,Rage,0.00015461865726084626
0.0034495690459438906,Despair,Anxiety,0.016876714899485112
0.0034495690459438906,Despair,Despair,0.865514634717809
0.0034495690459438906,Despair,Irritation,0.00467035209065566
0.0034495690459438906,Despair,Rage,0.11293829829205014
0.0034495690459438906,Irritation,Anxiety,0.4853568203584924
0.0034495690459438906,Irritation,Despair,0.0018570728090170727
0.0034495690459438906,Irritation,Irritation,0.49567566589312156
0.0034495690459438906,Irritation,Rage,0.017110440939369132
0.0034495690459438906,Rage,Anxiety,0.002372421179356847
0.0034495690459438906,Rage,Despair,0.349136119890685
0.0034495690459438906,Rage,Irritation,0.004238620849888416
0.0034495690459438906,Rage,Rage,0.6442528380800697
0.003340887244980252,Anxiety,Anxiety,0.5017682113602537
0.003340887244980252,Anxiety,Despair,0.0003091975776001979
0.003340887244980252,Anxiety,Irritation,0.4977797655210364
0.003340887244980252,Anxiety,Rage,0.00014282554110960088
0.003340887244980252,Despair,Anxiety,0.02371057224580223
0.003340887244980252,Despair,Despair,0.8138531595291677
0.003340887244980252,Despair,Irritation,0.005346459901924125
0.003340887244980252,Despair,Rage,0.15708980832310582
0.003340887244980252,Irritation,Anxiety,0.4886711407531116
0.003340887244980252,Irritation,Despair,0.0019350216208337447
0.003340887244980252,Irritation,Irritation,0.49263991865009027
0.003340887244980252,Irritation,Rage,0.016753918975964906
0.003340887244980252,Rage,Anxiety,0.0021092056711635742
0.003340887244980252,Rage,Despair,0.3841362629960952
0.003340887244980252,Rage,Irritation,0.0028599139539085845
0.003340887244980252,Rage,Rage,0.6108946173788327
0.0026041306990460464,Anxiety,Anxiety,0.4954165215008594
0.0026041306990460464,Anxiety,Despair,0.005590968763489614
0.0026041306990460464,Anxiety,Irritation,0.49835864574452304
0.0026041306990460464,Anxiety,Rage,0.0006338639911280008
0.0026041306990460464,Despair,Anxiety,0.052022075043449
0.0026041306990460464,Despair,Despair,0.5830571549639424
0.0026041306990460464,Despair,Irritation,0.008812493522812144
0.0026041306990460464,Despair,Rage,0.35610827646979637
0.0026041306990460464,Irritation,Anxiety,0.4820879121736842
0.0026041306990460464,Irritation,Despair,0.005324568844905449
0.0026041306990460464,Irritation,Irritation,0.5019005970143526
0.0026041306990460464,Irritation,Rage,0.010686921967057771
0.0026041306990460464,Rage,Anxiety,0.004018286900788266
0.0026041306990460464,Rage,Despair,0.36864299354625224
0.0026041306990460464,Rage,Irritation,0.0005168093091927587
0.0026041306990460464,Rage,Rage,0.6268219102437668
0.003229650348977277,Anxiety,Anxiety,0.5077565348539173
0.003229650348977277,Anxiety,Despair,0.0004039466086537149
0.003229650348977277,Anxiety,Irritation,0.4916911139317354
0.003229650348977277,Anxiety,Rage,0.00014840460569345414
0.003229650348977277,Despair,Anxiety,0.023751167653667405
0.003229650348977277,Despair,Despair,0.8131306925821082
0.003229650348977277,Despair,Irritation,0.0059244413919926206
0.003229650348977277,Despair,Rage,0.15719369837223188
0.003229650348977277,Irritation,Anxiety,0.47559904715666684
0.003229650348977277,Irritation,Despair,0.0015817606390088011
0.003229650348977277,Irritation,Irritation,0.5062068333344326
0.003229650348977277,Irritation,Rage,0.016612358869891593
0.003229650348977277,Rage,Anxiety,0.002238898258184811
0.003229650348977277,Rage,Despair,0.2914362697198552
0.003229650348977277,Rage,Irritation,0.002755310014180742
0.003229650348977277,Rage,Rage,0.7035695220077792
0.003384662654386114,Anxiety,Anxiety,0.5051901548312179
0.003384662654386114,Anxiety,Despair,0.0005253098528684167
0.003384662654386114,Anxiety,Irritation,0.49413343290350853
0.003384662654386114,Anxiety,Rage,0.00015110241240506481
0.003384662654386114,Despair,Anxiety,0.019183693861408002
0.003384662654386114,Despair,Despair,0.8471436336723709
0.003384662654386114,Despair,Irritation,0.005179052547500821
0.003384662654386114,Despair,Rage,0.12849361991872035
0.003384662654386114,Irritation,Anxiety,0.47995857581065565
0.003384662654386114,Irritation,Despair,0.0015307233127384334
0.003384662654386114,Irritation,Irritation,0.5012830561111657
0.003384662654386114,Irritation,Rage,0.017227644765439896
0.003384662654386114,Rage,Anxiety,0.0023167872653254624
0.003384662654386114,Rage,Despair,0.2649386247890313
0.003384662654386114,Rage,Irritation,0.0029319217492787407
0.003384662654386114,Rage,Rage,0.7298126661963644
0.0034358314475134593,Anxiety,Anxiety,0.5076521430354508
0.0034358314475134593,Anxiety,Despair,0.0005452144343610752
0.0034358314475134593,Anxiety,Irritation,0.49164946943960197
0.0034358314475134593,Anxiety,Rage,0.00015317309058620593
0.0034358314475134593,Despair,Anxiety,0.018609097950822006
0.0034358314475134593,Despair,Despair,0.8520457776797921
0.0034358314475134593,Despair,Irritation,0.004792910439836415
0.0034358314475134593,Despair,Rage,0.1245522139295496
0.0034358314475134593,Irritation,Anxiety,0.48647632859553525
0.0034358314475134593,Irritation,Despair,0.001896448633731208
0.0034358314475134593,Irritation,Irritation,0.49447455937384344
0.0034358314475134593,Irritation,Rage,0.017152663396890342
0.0034358314475134593,Rage,Anxiety,0.002258950639524269
0.0034358314475134593,Rage,Despair,0.35843965986780785
0.0034358314475134593,Rage,Irritation,0.003506100884659977
0.0034358314475134593,Rage,Rage,0.6357952886080078
0.0029161285851717652,Anxiety,Anxiety,0.5059314966920394
0.0029161285851717652,Anxiety,Despair,0.00012835845327911568
0.0029161285851717652,Anxiety,Irritation,0.4938335355316229
0.0029161285851717652,Anxiety,Rage,0.00010660932305859814
0.0029161285851717652,Despair,Anxiety,0.03417656952854878
0.0029161285851717652,Despair,Despair,0.7310657793679353
0.0029161285851717652,Despair,Irritation,0.006729265520090742
0.0029161285851717652,Despair,Rage,0.22802838558342528
0.0029161285851717652,Irritation,Anxiety,0.4806479992566835
0.0029161285851717652,Irritation,Despair,0.0015266116218355435
0.0029161285851717652,Irritation,Irritation,0.5036051763205043
0.0029161285851717652,Irritation,Rage,0.014220212800976925
0.0029161285851717652,Rage,Anxiety,0.0017599959981579672
0.0029161285851717652,Rage,Despair,0.3525335135208879
0.0029161285851717652,Rage,Irritation,0.0010150068033894341
0.0029161285851717652,Rage,Rage,0.6446914836775646
0.003248921148812565,Anxiety,Anxiety,0.4993780778127801
0.003248921148812565,Anxiety,Despair,0.00028012731847886006
0.003248921148812565,Anxiety,Irritation,0.5001884508832009
0.003248921148812565,Anxiety,Rage,0.00015334398554055177
0.003248921148812565,Despair,Anxiety,0.03714117575928389
0.003248921148812565,Despair,Despair,0.7092092716679533
0.003248921148812565,Despair,Irritation,0.008721886003620255
0.003248921148812565,Despair,Rage,0.24492766656914255
0.003248921148812565,Irritation,Anxiety,0.4797351864927227
0.003248921148812565,Irritation,Despair,0.0015413337649002367
0.003248921148812565,Irritation,Irritation,0.5019979327716619
0.003248921148812565,Irritation,Rage,0.016725546970715
0.003248921148812565,Rage,Anxiety,0.0021909275276102975
0.003248921148812565,Rage,Despair,0.2758489637562266
0.003248921148812565,Rage,Irritation,0.002091349631058799
0.003248921148812565,Rage,Rage,0.7198687590851043
0.003090565097941293,Anxiety,Anxiety,0.4997127447077106
0.003090565097941293,Anxiety,Despair,0.00012625246276873564
0.003090565097941293,Anxiety,Irritation,0.500035392172694
0.003090565097941293,Anxiety,Rage,0.00012561065682685667
0.003090565097941293,Despair,Anxiety,0.04391746932017924
0.003090565097941293,Despair,Despair,0.6634961182592962
0.003090565097941293,Despair,Irritation,0.009240320311390632
0.003090565097941293,Despair,Rage,0.2833460921091337
0.003090565097941293,Irritation,Anxiety,0.48774355280903503
0.003090565097941293,Irritation,Despair,0.0015384812354557842
0.003090565097941293,Irritation,Irritation,0.4954257596207811
0.003090565097941293,Irritation,Rage,0.015292206334728262
0.003090565097941293,Rage,Anxiety,0.001967924864836971
0.003090565097941293,Rage,Despair,0.31538562450524854
0.003090565097941293,Rage,Irritation,0.0009852597932326129
0.003090565097941293,Rage,Rage,0.6816611908366821
0.0031442232067052166,Anxiety,Anxiety,0.5014011533719891
0.0031442232067052166,Anxiety,Despair,0.00013655312943431768
0.0031442232067052166,Anxiety,Irritation,0.49833473485015417
0.0031442232067052166,Anxiety,Rage,0.0001275586484227944
0.0031442232067052166,Despair,Anxiety,0.028595232668192586
0.0031442232067052166,Despair,Despair,0.7670895447056514
0.0031442232067052166,Despair,Irritation,0.005430272920332474
0.0031442232067052166,Despair,Rage,0.1988849497058236
0.0031442232067052166,Irritation,Anxiety,0.48933430641760367
0.0031442232067052166,Irritation,Despair,0.0019308654002352487
0.0031442232067052166,Irritation,Irritation,0.49269519103831055
0.0031442232067052166,Irritation,Rage,0.016039637143850566
0.0031442232067052166,Rage,Anxiety,0.0017460547427917768
0.0031442232067052166,Rage,Despair,0.41471218820548916
0.0031442232067052166,Rage,Irritation,0.0014020216324938722
0.0031442232067052166,Rage,Rage,0.5821397354192255
0.0034963600013979182,Anxiety,Anxiety,0.5048878244215379
0.0034963600013979182,Anxiety,Despair,0.000656354336996125
0.0034963600013979182,Anxiety,Irritation,0.49429433963405667
0.0034963600013979182,Anxiety,Rage,0.00016148160740905623
0.0034963600013979182,Despair,Anxiety,0.017215698883557007
0.0034963600013979182,Despair,Despair,0.8614755487796584
0.0034963600013979182,Despair,Irritation,0.00460758063150887
0.0034963600013979182,Despair,Rage,0.116701171705276
0.0034963600013979182,Irritation,Anxiety,0.21436094602496672
0.0034963600013979182,Irritation,Despair,0.32259762847764367
0.0034963600013979182,Irritation,Irritation,0.34794740838803967
0.0034963600013979182,Irritation,Rage,0.11509401710935006
0.0034963600013979182,Rage,Anxiety,0.0028812863208076537
0.0034963600013979182,Rage,Despair,0.4084428115152161
0.0034963600013979182,Rage,Irritation,0.0030366285180228915
0.0034963600013979182,Rage,Rage,0.5856392736459531
0.00307112814939055,Anxiety,Anxiety,0.5097892975481843
0.00307112814939055,Anxiety,Despair,0.00020926015127737326
0.00307112814939055,Anxiety,Irritation,0.48986792121328304
0.00307112814939055,Anxiety,Rage,0.00013352108725498755
0.00307112814939055,Despair,Anxiety,0.028263433384760756
0.00307112814939055,Despair,Despair,0.7729469996806192
0.00307112814939055,Despair,Irritation,0.0054931363801810325
0.00307112814939055,Despair,Rage,0.19329643055443946
0.00307112814939055,Irritation,Anxiety,0.21150857681921156
0.00307112814939055,Irritation,Despair,0.34170500467880716
0.00307112814939055,Irritation,Irritation,0.3252378966205133
0.00307112814939055,Irritation,Rage,0.12154852188146818
0.00307112814939055,Rage,Anxiety,0.002322313833287146
0.00307112814939055,Rage,Despair,0.4565556861989478
0.00307112814939055,Rage,Irritation,0.0010324233795461018
0.00307112814939055,Rage,Rage,0.5400895765882187
0.0036373135051545403,Anxiety,Anxiety,0.49948329588855006
0.0036373135051545403,Anxiety,Despair,0.0011172430477459658
0.0036373135051545403,Anxiety,Irritation,0.49920199035077223
0.0036373135051545403,Anxiety,Rage,0.00019747071293165728
0.0036373135051545403,Despair,Anxiety,0.018043479484018608
0.0036373135051545403,Despair,Despair,0.8544503955889725
0.0036373135051545403,Despair,Irritation,0.0059137217028190905
0.0036373135051545403,Despair,Rage,0.12159240322418972
0.0036373135051545403,Irritation,Anxiety,0.2637478919747435
0.0036373135051545403,Irritation,Despair,0.24880473210418758
0.0036373135051545403,Irritation,Irritation,0.3511195223342275
0.0036373135051545403,Irritation,Rage,0.13632785358684132
0.0036373135051545403,Rage,Anxiety,0.0035600336600201798
0.0036373135051545403,Rage,Despair,0.22055919227815737
0.0036373135051545403,Rage,Irritation,0.0036408023070202454
0.0036373135051545403,Rage,Rage,0.7722399717548019
0.0036974326790586544,Anxiety,Anxiety,0.499529957319634
0.0036974326790586544,Anxiety,Despair,0.0012506085269383023
0.0036974326790586544,Anxiety,Irritation,0.4990227677238255
0.0036974326790586544,Anxiety,Rage,0.00019666642960233292
0.0036974326790586544,Despair,Anxiety,0.01539952051767454
0.0036974326790586544,Despair,Despair,0.8750910547525309
0.0036974326790586544,Despair,Irritation,0.005476124461500784
0.0036974326790586544,Despair,Rage,0.10403330026829415
0.0036974326790586544,Irritation,Anxiety,0.2671888618118729
0.0036974326790586544,Irritation,Despair,0.248958507090061
0.0036974326790586544,Irritation,Irritation,0.35093754392242343
0.0036974326790586544,Irritation,Rage,0.13291508717564282
0.0036974326790586544,Rage,Anxiety,0.00367073319060556
0.0036974326790586544,Rage,Despair,0.20702282735872984
0.0036974326790586544,Rage,Irritation,0.003887938540199112
0.0036974326790586544,Rage,Rage,0.7854185009104656
0.0027830285008717576,Anxiety,Anxiety,0.5038499355305808
0.0027830285008717576,Anxiety,Despair,5.23653116977347e-05
0.0027830285008717576,Anxiety,Irritation,0.49603701495207736
0.0027830285008717576,Anxiety,Rage,6.068420564399677e-05
0.0027830285008717576,Despair,Anxiety,0.03638667568603012
0.0027830285008717576,Despair,Despair,0.6998166350979863
0.0027830285008717576,Despair,Irritation,0.006448872803776919
0.0027830285008717576,Despair,Rage,0.25734781641220655
0.0027830285008717576,Irritation,Anxiety,0.24995572436233068
0.0027830285008717576,Irritation,Despair,0.3057821149638818
0.0027830285008717576,Irritation,Irritation,0.3361760385724578
0.0027830285008717576,Irritation,Rage,0.10808612210133
0.0027830285008717576,Rage,Anxiety,0.0014528764381749192
0.0027830285008717576,Rage,Despair,0.4776083252369481
0.0027830285008717576,Rage,Irritation,0.00027204213757444517
0.0027830285008717576,Rage,Rage,0.5206667561873024
0.0029882146835920214,Anxiety,Anxiety,0.5032659695733048
0.0029882146835920214,Anxiety,Despair,0.00012424785541871334
0.0029882146835920214,Anxiety,Irritation,0.49649452960953866
0.0029882146835920214,Anxiety,Rage,0.00011525296173753855
0.0029882146835920214,Despair,Anxiety,0.03290734192793202
0.0029882146835920214,Despair,Despair,0.7357043887141999
0.0029882146835920214,Despair,Irritation,0.0063114624278419375
0.0029882146835920214,Despair,Rage,0.225076806930026
0.0029882146835920214,Irritation,Anxiety,0.22221818619429462
0.0029882146835920214,Irritation,Despair,0.3084312553072998
0.0029882146835920214,Irritation,Irritation,0.3413787038878487
0.0029882146835920214,Irritation,Rage,0.12797185461055696
0.0029882146835920214,Rage,Anxiety,0.002367162979751106
0.0029882146835920214,Rage,Despair,0.3896085171014716
0.0029882146835920214,Rage,Irritation,0.0007342347563311552
0.0029882146835920214,Rage,Rage,0.607290085162446
0.0034404266851002824,Anxiety,Anxiety,0.5098015939031949
0.0034404266851002824,Anxiety,Despair,0.0006681612985810545
0.0034404266851002824,Anxiety,Irritation,0.48936742243330517
0.0034404266851002824,Anxiety,Rage,0.00016282236491861962
0.0034404266851002824,Despair,Anxiety,0.017605734529653118
0.0034404266851002824,Despair,Despair,0.8584826220589582
0.0034404266851002824,Despair,Irritation,0.004605439514421878
0.0034404266851002824,Despair,Rage,0.11930620389696664
0.0034404266851002824,Irritation,Anxiety,0.2284138355136134
0.0034404266851002824,Irritation,Despair,0.31203621480044735
0.0034404266851002824,Irritation,Irritation,0.34513940781479496
0.0034404266851002824,Irritation,Rage,0.11441054187114415
0.0034404266851002824,Rage,Anxiety,0.0028607797893586413
0.0034404266851002824,Rage,Despair,0.41326732838822083
0.0034404266851002824,Rage,Irritation,0.0031899444483403003
0.0034404266851002824,Rage,Rage,0.5806819473740803
0.0032999953115038154,Anxiety,Anxiety,0.4992994971767721
0.0032999953115038154,Anxiety,Despair,0.0003355168867042474
0.0032999953115038154,Anxiety,Irritation,0.5002001286803013
0.0032999953115038154,Anxiety,Rage,0.00016485725622210278
0.0032999953115038154,Despair,Anxiety,0.0345084202170219
0.0032999953115038154,Despair,Despair,0.7253933919492932
0.0032999953115038154,Despair,Irritation,0.008636767389605143
0.0032999953115038154,Despair,Rage,0.23146142044408016
0.0032999953115038154,Irritation,Anxiety,0.22809464617687913
0.0032999953115038154,Irritation,Despair,0.25577664270656286
0.0032999953115038154,Irritation,Irritation,0.3806412265542711
0.0032999953115038154,Irritation,Rage,0.13548748456228685
0.0032999953115038154,Rage,Anxiety,0.0030603034430483566
0.0032999953115038154,Rage,Despair,0.3044577941479865
0.0032999953115038154,Rage,Irritation,0.002162434325871523
0.0032999953115038154,Rage,Rage,0.6903194680830934
0.0033946870074959214,Anxiety,Anxiety,0.5094496549808393
0.0033946870074959214,Anxiety,Despair,0.0005124957387137265
0.0033946870074959214,Anxiety,Irritation,0.4898822628713728
0.0033946870074959214,Anxiety,Rage,0.00015558640907421475
0.0033946870074959214,Despair,Anxiety,0.019082214837516823
0.0033946870074959214,Despair,Despair,0.8472939955765124
0.0033946870074959214,Despair,Irritation,0.004938592801102487
0.0033946870074959214,Despair,Rage,0.12868519678486856
0.0033946870074959214,Irritation,Anxiety,0.23719042277193533
0.0033946870074959214,Irritation,Despair,0.3042823887998671
0.0033946870074959214,Irritation,Irritation,0.3463775032893636
0.0033946870074959214,Irritation,Rage,0.112149685138834
0.0033946870074959214,Rage,Anxiety,0.002771894760331144
0.0033946870074959214,Rage,Despair,0.4201481743090642
0.0033946870074959214,Rage,Irritation,0.0027554923801273333
0.0033946870074959214,Rage,Rage,0.5743244385504778
0.0031302438244691774,Anxiety,Anxiety,0.5073297333919529
0.0031302438244691774,Anxiety,Despair,0.0001961935745849488
0.0031302438244691774,Anxiety,Irritation,0.49233846821392635
0.0031302438244691774,Anxiety,Rage,0.0001356048195354998
0.0031302438244691774,Despair,Anxiety,0.02734986011181901
0.0031302438244691774,Despair,Despair,0.7802521877235732
0.0031302438244691774,Despair,Irritation,0.005653748469576191
0.0031302438244691774,Despair,Rage,0.1867442036950316
0.0031302438244691774,Irritation,Anxiety,0.2157481090261885
0.0031302438244691774,Irritation,Despair,0.32447302471930206
0.0031302438244691774,Irritation,Irritation,0.3415480380720019
0.0031302438244691774,Irritation,Rage,0.11823082818250714
0.0031302438244691774,Rage,Anxiety,0.0024062327107154695
0.0031302438244691774,Rage,Despair,0.452304112523564
0.0031302438244691774,Rage,Irritation,0.0011932153645532692
0.0031302438244691774,Rage,Rage,0.5440964394011674
0.003678090057030604,Anxiety,Anxiety,0.5463070797569892
0.003678090057030604,Anxiety,Despair,0.001274624820377484
0.003678090057030604,Anxiety,Irritation,0.4522628100111286
0.003678090057030604,Anxiety,Rage,0.0001554854115051147
0.003678090057030604,Despair,Anxiety,0.0015917220438789043
0.003678090057030604,Despair,Despair,0.9869952474000075
0.003678090057030604,Despair,Irritation,0.0008335131874444004
0.003678090057030604,Despair,Rage,0.010579517368669033
0.003678090057030604,Irritation,Anxiety,0.32086629300416086
0.003678090057030604,Irritation,Despair,0.27700393857744504
0.003678090057030604,Irritation,Irritation,0.32335179765462785
0.003678090057030604,Irritation,Rage,0.07877797076376614
0.003678090057030604,Rage,Anxiety,0.0029444610850895506
0.003678090057030604,Rage,Despair,0.493731622073434
0.003678090057030604,Rage,Irritation,0.00580091350020557
0.003678090057030604,Rage,Rage,0.49752300334127075
0.003645959406166609,Anxiety,Anxiety,0.5005926756122493
0.003645959406166609,Anxiety,Despair,0.0007601804051377169
0.003645959406166609,Anxiety,Irritation,0.49848372284554276
0.003645959406166609,Anxiety,Rage,0.00016342113707010363
0.003645959406166609,Despair,Anxiety,0.013152094604624834
0.003645959406166609,Despair,Despair,0.892846550429617
0.003645959406166609,Despair,Irritation,0.003912160618556589
0.003645959406166609,Despair,Rage,0.09008919434720136
0.003645959406166609,Irritation,Anxiety,0.24949158989113598
0.003645959406166609,Irritation,Despair,0.29064510583236597
0.003645959406166609,Irritation,Irritation,0.34957420697267455
0.003645959406166609,Irritation,Rage,0.11028909730382348
0.003645959406166609,Rage,Anxiety,0.0031299584924165008
0.003645959406166609,Rage,Despair,0.3821024942763199
0.003645959406166609,Rage,Irritation,0.003746896363603338
0.003645959406166609,Rage,Rage,0.6110206508676604
0.0034208807399783167,Anxiety,Anxiety,0.5054191047216391
0.0034208807399783167,Anxiety,Despair,0.0005747055559087072
0.0034208807399783167,Anxiety,Irritation,0.49385118091031976
0.0034208807399783167,Anxiety,Rage,0.00015500881213217593
0.0034208807399783167,Despair,Anxiety,0.0174494366194023
0.0034208807399783167,Despair,Despair,0.8599155754481441
0.0034208807399783167,Despair,Irritation,0.004618419184067107
0.0034208807399783167,Despair,Rage,0.11801656874838629
0.0034208807399783167,Irritation,Anxiety,0.22480953360546327
0.0034208807399783167,Irritation,Despair,0.297156976940151
0.0034208807399783167,Irritation,Irritation,0.3547709484842365
0.0034208807399783167,Irritation,Rage,0.12326254097014916
0.0034208807399783167,Rage,Anxiety,0.0031393112627594454
0.0034208807399783167,Rage,Despair,0.3151717108816898
0.0034208807399783167,Rage,Irritation,0.0025800671591273416
0.0034208807399783167,Rage,Rage,0.6791089106964237
0.0037564649686416254,Anxiety,Anxiety,0.521801467031418
0.0037564649686416254,Anxiety,Despair,0.0011341096527378123
0.0037564649686416254,Anxiety,Irritation,0.4769154055903481
0.0037564649686416254,Anxiety,Rage,0.0001490177254957793
0.0037564649686416254,Despair,Anxiety,0.0017276156544575076
0.0037564649686416254,Despair,Despair,0.9853770584601886
0.0037564649686416254,Despair,Irritation,0.0008561490373372393
0.0037564649686416254,Despair,Rage,0.012039176848016527
0.0037564649686416254,Irritation,Anxiety,0.27768461237820913
0.0037564649686416254,Irritation,Despair,0.3000095562290145
0.0037564649686416254,Irritation,Irritation,0.34052882775312543
0.0037564649686416254,Irritation,Rage,0.08177700363965129
0.0037564649686416254,Rage,Anxiety,0.0030462521535734445
0.0037564649686416254,Rage,Despair,0.4681466819150331
0.0037564649686416254,Rage,Irritation,0.005802851746948768
0.0037564649686416254,Rage,Rage,0.5230042141844445
0.0035478394348923657,Anxiety,Anxiety,0.4994208405623987
0.0035478394348923657,Anxiety,Despair,0.000819887488181302
0.0035478394348923657,Anxiety,Irritation,0.4995720561704384
0.0035478394348923657,Anxiety,Rage,0.00018721577898140788
0.0035478394348923657,Despair,Anxiety,0.02404355061740522
0.0035478394348923657,Despair,Despair,0.8096196604846703
0.0035478394348923657,Despair,Irritation,0.007046426053795181
0.0035478394348923657,Despair,Rage,0.1592903628441292
0.0035478394348923657,Irritation,Anxiety,0.23895756035126528
0.0035478394348923657,Irritation,Despair,0.26106549665067447
0.0035478394348923657,Irritation,Irritation,0.3594922860197707
0.0035478394348923657,Irritation,Rage,0.1404846569782894
0.0035478394348923657,Rage,Anxiety,0.00339743575068354
0.0035478394348923657,Rage,Despair,0.2514813708076378
0.0035478394348923657,Rage,Irritation,0.003207774037763568
0.0035478394348923657,Rage,Rage,0.7419134194039152
0.0031282678641073266,Anxiety,Anxiety,0.5028435127996856
0.0031282678641073266,Anxiety,Despair,0.00017926875763852283
0.0031282678641073266,Anxiety,Irritation,0.4968466304910677
0.0031282678641073266,Anxiety,Rage,0.00013058795160787644
0.0031282678641073266,Despair,Anxiety,0.028939535582804037
0.0031282678641073266,Despair,Despair,0.7680088966181553
0.0031282678641073266,Despair,Irritation,0.0057248353562323094
0.0031282678641073266,Despair,Rage,0.19732673244280866
0.0031282678641073266,Irritation,Anxiety,0.21186908854468686
0.0031282678641073266,Irritation,Despair,0.30759261043460756
0.0031282678641073266,Irritation,Irritation,0.34749971979495475
0.0031282678641073266,Irritation,Rage,0.13303858122575107
0.0031282678641073266,Rage,Anxiety,0.0026578930586389385
0.0031282678641073266,Rage,Despair,0.373626679294055
0.0031282678641073266,Rage,Irritation,0.0010548952939789418
0.0031282678641073266,Rage,Rage,0.6226605323533269
0.003516609236667366,Anxiety,Anxiety,0.49944684910300297
0.003516609236667366,Anxiety,Despair,0.0007705662720191766
0.003516609236667366,Anxiety,Irritation,0.4995962255427197
0.003516609236667366,Anxiety,Rage,0.00018635908225814123
0.003516609236667366,Despair,Anxiety,0.02586277958992041
0.003516609236667366,Despair,Despair,0.796466541104296
0.003516609236667366,Despair,Irritation,0.007188453606588642
0.003516609236667366,Despair,Rage,0.1704822256991948
0.003516609236667366,Irritation,Anxiety,0.23595149641545704
0.003516609236667366,Irritation,Despair,0.2673557336979696
0.003516609236667366,Irritation,Irritation,0.3574803276098008
0.003516609236667366,Irritation,Rage,0.1392124422767727
0.003516609236667366,Rage,Anxiety,0.003337075185825346
0.003516609236667366,Rage,Despair,0.2609286522398321
0.003516609236667366,Rage,Irritation,0.0028847733638824335
0.003516609236667366,Rage,Rage,0.7328494992104598
0.00309677469726743,Anxiety,Anxiety,0.5100127253638215
0.00309677469726743,Anxiety,Despair,0.0002140812910062665
0.00309677469726743,Anxiety,Irritation,0.48963775981714125
0.00309677469726743,Anxiety,Rage,0.00013543352803070392
0.00309677469726743,Despair,Anxiety,0.02729036973271523
0.00309677469726743,Despair,Despair,0.7800703245789834
0.00309677469726743,Despair,Irritation,0.0055769247107313935
0.00309677469726743,Despair,Rage,0.18706238097757003
0.00309677469726743,Irritation,Anxiety,0.21867516496030456
0.00309677469726743,Irritation,Despair,0.3289401658431875
0.00309677469726743,Irritation,Irritation,0.33409508480044575
0.00309677469726743,Irritation,Rage,0.11828958439606206
0.00309677469726743,Rage,Anxiety,0.002359233829372773
0.00309677469726743,Rage,Despair,0.45379602803065033
0.00309677469726743,Rage,Irritation,0.001187336675251698
0.00309677469726743,Rage,Rage,0.5426574014647253
0.003677790376339217,Anxiety,Anxiety,0.49948305092631445
0.003677790376339217,Anxiety,Despair,0.0012275507061994184
0.003677790376339217,Anxiety,Irritation,0.49909234310112127
0.003677790376339217,Anxiety,Rage,0.00019705526636491669
0.003677790376339217,Despair,Anxiety,0.0157630592356142
0.003677790376339217,Despair,Despair,0.8720723914282449
0.003677790376339217,Despair,Irritation,0.005309486321384963
0.003677790376339217,Despair,Rage,0.1068550630147558
0.003677790376339217,Irritation,Anxiety,0.2585837999013787
0.003677790376339217,Irritation,Despair,0.2541425233523224
0.003677790376339217,Irritation,Irritation,0.34989172277802616
0.003677790376339217,Irritation,Rage,0.13738195396827263
0.003677790376339217,Rage,Anxiety,0.0036131660679051053
0.003677790376339217,Rage,Despair,0.20948929730464377
0.003677790376339217,Rage,Irritation,0.003739165616387586
0.003677790376339217,Rage,Rage,0.7831583710110636
0.0033842120407024615,Anxiety,Anxiety,0.49955871045720956
0.0033842120407024615,Anxiety,Despair,0.00042933471683154976
0.0033842120407024615,Anxiety,Irritation,0.4998413647025706
0.0033842120407024615,Anxiety,Rage,0.00017059012338835932
0.0033842120407024615,Despair,Anxiety,0.032256153657379966
0.0033842120407024615,Despair,Despair,0.7421441794839221
0.0033842120407024615,Despair,Irritation,0.008179181273766196
0.0033842120407024615,Despair,Rage,0.21742048558493182
0.0033842120407024615,Irritation,Anxiety,0.22955083445745073
0.0033842120407024615,Irritation,Despair,0.2674581567753187
0.0033842120407024615,Irritation,Irritation,0.3677878912922197
0.0033842120407024615,Irritation,Rage,0.13520311747501057
0.0033842120407024615,Rage,Anxiety,0.0030880675824352254
0.0033842120407024615,Rage,Despair,0.2981380845383197
0.0033842120407024615,Rage,Irritation,0.002152870939512711
0.0033842120407024615,Rage,Rage,0.6966209769397325
0.0033415413877554896,Anxiety,Anxiety,0.5349186209937331
0.0033415413877554896,Anxiety,Despair,0.000683837234859461
0.0033415413877554896,Anxiety,Irritation,0.4642581649397948
0.0033415413877554896,Anxiety,Rage,0.00013937683161263737
0.0033415413877554896,Despair,Anxiety,0.005013098622591981
0.0033415413877554896,Despair,Despair,0.9580557190834262
0.0033415413877554896,Despair,Irritation,0.0015156436018859173
0.0033415413877554896,Despair,Rage,0.035415538692095704
0.0033415413877554896,Irritation,Anxiety,0.26393258279629095
0.0033415413877554896,Irritation,Despair,0.32339857013158935
0.0033415413877554896,Irritation,Irritation,0.3275140884379827
0.0033415413877554896,Irritation,Rage,0.08515475863413685
0.0033415413877554896,Rage,Anxiety,0.0026051492507110766
0.0033415413877554896,Rage,Despair,0.4830682999673248
0.0033415413877554896,Rage,Irritation,0.0034540193867908047
0.0033415413877554896,Rage,Rage,0.5108725313951734
0.0031846711713582783,Anxiety,Anxiety,0.5117033487526113
0.0031846711713582783,Anxiety,Despair,0.0003510947182456225
0.0031846711713582783,Anxiety,Irritation,0.48779423680522227
0.0031846711713582783,Anxiety,Rage,0.00015131972392106035
0.0031846711713582783,Despair,Anxiety,0.025106056260888597
0.0031846711713582783,Despair,Despair,0.8014497508195226
0.0031846711713582783,Despair,Irritation,0.005365992214405563
0.0031846711713582783,Despair,Rage,0.16807820070518328
0.0031846711713582783,Irritation,Anxiety,0.23197331207216487
0.0031846711713582783,Irritation,Despair,0.3192447406557495
0.0031846711713582783,Irritation,Irritation,0.3316235092787549
0.0031846711713582783,Irritation,Rage,0.11715843799333059
0.0031846711713582783,Rage,Anxiety,0.0024975770452186972
0.0031846711713582783,Rage,Despair,0.4452112653985391
0.0031846711713582783,Rage,Irritation,0.0017305379222754224
0.0031846711713582783,Rage,Rage,0.5505606196339671
0.003786601516392123,Anxiety,Anxiety,0.5389054581817235
0.003786601516392123,Anxiety,Despair,0.0013234601891203345
0.003786601516392123,Anxiety,Irritation,0.4596143777004445
0.003786601516392123,Anxiety,Rage,0.0001567039287117054
0.003786601516392123,Despair,Anxiety,0.0013218719700426197
0.003786601516392123,Despair,Despair,0.9892848595168624
0.003786601516392123,Despair,Irritation,0.0008427263706696125
0.003786601516392123,Despair,Rage,0.008550542142425161
0.003786601516392123,Irritation,Anxiety,0.3104443847146715
0.003786601516392123,Irritation,Despair,0.27701695431603157
0.003786601516392123,Irritation,Irritation,0.3320718768623819
0.003786601516392123,Irritation,Rage,0.08046678410691543
0.003786601516392123,Rage,Anxiety,0.0032277334617138017
0.003786601516392123,Rage,Despair,0.4460003188493277
0.003786601516392123,Rage,Irritation,0.00630698519704417
0.003786601516392123,Rage,Rage,0.5444649624919141
0.003351133487101644,Anxiety,Anxiety,0.4991170018407519
0.003351133487101644,Anxiety,Despair,0.0004878677883858854
0.003351133487101644,Anxiety,Irritation,0.5002228239220573
0.003351133487101644,Anxiety,Rage,0.00017230644880510191
0.003351133487101644,Despair,Anxiety,0.03155563189848083
0.003351133487101644,Despair,Despair,0.7483741265793421
0.003351133487101644,Despair,Irritation,0.008444132209612935
0.003351133487101644,Despair,Rage,0.21162610931256412
0.003351133487101644,Irritation,Anxiety,0.2362295069646822
0.003351133487101644,Irritation,Despair,0.2566271812932994
0.003351133487101644,Irritation,Irritation,0.3686173004550055
0.003351133487101644,Irritation,Rage,0.13852601128701264
0.003351133487101644,Rage,Anxiety,0.0031645835538355277
0.003351133487101644,Rage,Despair,0.28710566877031757
0.003351133487101644,Rage,Irritation,0.002535733177682259
0.003351133487101644,Rage,Rage,0.7071940144981648
0.0032645508496745032,Anxiety,Anxiety,0.4990508988031445
0.0032645508496745032,Anxiety,Despair,0.00038270118761367155
0.0032645508496745032,Anxiety,Irritation,0.5003991760255146
0.0032645508496745032,Anxiety,Rage,0.00016722398372669568
0.0032645508496745032,Despair,Anxiety,0.03490127461546821
0.0032645508496745032,Despair,Despair,0.7228894115390588
0.0032645508496745032,Despair,Irritation,0.008792808277088875
0.0032645508496745032,Despair,Rage,0.23341650556838414
0.0032645508496745032,Irritation,Anxiety,0.22221537355898885
0.0032645508496745032,Irritation,Despair,0.26407481611611766
0.0032645508496745032,Irritation,Irritation,0.3759206943576674
0.0032645508496745032,Irritation,Rage,0.13778911596722593
0.0032645508496745032,Rage,Anxiety,0.003067003522758041
0.0032645508496745032,Rage,Despair,0.3028916534856139
0.0032645508496745032,Rage,Irritation,0.002149218933880403
0.0032645508496745032,Rage,Rage,0.6918921240577478
0.00328864559398953,Anxiety,Anxiety,0.5045107662238765
0.00328864559398953,Anxiety,Despair,0.00027539908102655386
0.00328864559398953,Anxiety,Irritation,0.49506493601772134
0.00328864559398953,Anxiety,Rage,0.00014889867737540735
0.00328864559398953,Despair,Anxiety,0.024337386970285466
0.00328864559398953,Despair,Despair,0.806810537317349
0.00328864559398953,Despair,Irritation,0.0054270008570298876
0.00328864559398953,Despair,Rage,0.1634250748553359
0.00328864559398953,Irritation,Anxiety,0.21993138193423198
0.00328864559398953,Irritation,Despair,0.3051857943742403
0.00328864559398953,Irritation,Irritation,0.3576734571806184
0.00328864559398953,Irritation,Rage,0.11720936651090923
0.00328864559398953,Rage,Anxiety,0.0025685377625339944
0.00328864559398953,Rage,Despair,0.4383768190712745
0.00328864559398953,Rage,Irritation,0.0018998997386209992
0.00328864559398953,Rage,Rage,0.5571547434275707
0.003568330944577778,Anxiety,Anxiety,0.4994058751749834
0.003568330944577778,Anxiety,Despair,0.0008987758860298078
0.003568330944577778,Anxiety,Irritation,0.49950266695041684
0.003568330944577778,Anxiety,Rage,0.00019268198856988586
0.003568330944577778,Despair,Anxiety,0.02312684930958042
0.003568330944577778,Despair,Despair,0.8161277657741095
0.003568330944577778,Despair,Irritation,0.007388063523450995
0.003568330944577778,Despair,Rage,0.15335732139285926
0.003568330944577778,Irritation,Anxiety,0.24478188610237286
0.003568330944577778,Irritation,Despair,0.25698605207451874
0.003568330944577778,Irritation,Irritation,0.36194279307095595
0.003568330944577778,Irritation,Rage,0.13628926875215214
0.003568330944577778,Rage,Anxiety,0.003456135738994364
0.003568330944577778,Rage,Despair,0.24648101589224497
0.003568330944577778,Rage,Irritation,0.0035594380981361657
0.003568330944577778,Rage,Rage,0.7465034102706243
0.003515563560077966,Anxiety,Anxiety,0.5089679161022446
0.003515563560077966,Anxiety,Despair,0.000893384228573728
0.003515563560077966,Anxiety,Irritation,0.4899748372219629
0.003515563560077966,Anxiety,Rage,0.0001638624472190085
0.003515563560077966,Despair,Anxiety,0.012345071535486378
0.003515563560077966,Despair,Despair,0.8988621848181354
0.003515563560077966,Despair,Irritation,0.0038891579018065247
0.003515563560077966,Despair,Rage,0.08490358574457153
0.003515563560077966,Irritation,Anxiety,0.23676957942643131
0.003515563560077966,Irritation,Despair,0.29150467359516297
0.003515563560077966,Irritation,Irritation,0.35001023486679567
0.003515563560077966,Irritation,Rage,0.12171551211161002
0.003515563560077966,Rage,Anxiety,0.003330108670421665
0.003515563560077966,Rage,Despair,0.2811078548133064
0.003515563560077966,Rage,Irritation,0.00343990214610518
0.003515563560077966,Rage,Rage,0.7121221343701668
0.0035305175117272946,Anxiety,Anxiety,0.5125557908680859
0.0035305175117272946,Anxiety,Despair,0.0008959311866193413
0.0035305175117272946,Anxiety,Irritation,0.4863801687690813
0.0035305175117272946,Anxiety,Rage,0.0001681091762134781
0.0035305175117272946,Despair,Anxiety,0.013749017487736239
0.0035305175117272946,Despair,Despair,0.8884613773078028
0.0035305175117272946,Despair,Irritation,0.004135908187480875
0.0035305175117272946,Despair,Rage,0.09365369701697998
0.0035305175117272946,Irritation,Anxiety,0.24843291581226792
0.0035305175117272946,Irritation,Despair,0.30314979870952613
0.0035305175117272946,Irritation,Irritation,0.3371383730139093
0.0035305175117272946,Irritation,Rage,0.11127891246429651
0.0035305175117272946,Rage,Anxiety,0.0030450055396735766
0.0035305175117272946,Rage,Despair,0.39343901652730867
0.0035305175117272946,Rage,Irritation,0.003804742083391592
0.0035305175117272946,Rage,Rage,0.5997112358496259
0.0035362375633343165,Anxiety,Anxiety,0.5097371176822769
0.0035362375633343165,Anxiety,Despair,0.001001447509087342
0.0035362375633343165,Anxiety,Irritation,0.4890955316634121
0.0035362375633343165,Anxiety,Rage,0.0001659031452235452
0.0035362375633343165,Despair,Anxiety,0.011036093327705023
0.0035362375633343165,Despair,Despair,0.9094105849279608
0.0035362375633343165,Despair,Irritation,0.003519233803161679
0.0035362375633343165,Despair,Rage,0.07603408794117271
0.0035362375633343165,Irritation,Anxiety,0.2425713920061397
0.0035362375633343165,Irritation,Despair,0.288820164803667
0.0035362375633343165,Irritation,Irritation,0.3458296064962477
0.0035362375633343165,Irritation,Rage,0.12277883669394525
0.0035362375633343165,Rage,Anxiety,0.0034073537457683985
0.0035362375633343165,Rage,Despair,0.2714500589169665
0.0035362375633343165,Rage,Irritation,0.0036063391233634207
0.0035362375633343165,Rage,Rage,0.7215362482139018
0.0040772484364185865,Anxiety,Anxiety,0.5451610677125324
0.0040772484364185865,Anxiety,Despair,0.0019176470738326108
0.0040772484364185865,Anxiety,Irritation,0.45275148248116875
0.0040772484364185865,Anxiety,Rage,0.00016980273246599043
0.0040772484364185865,Despair,Anxiety,3.2860522823226074e-06
0.0040772484364185865,Despair,Despair,0.9992069857423395
0.0040772484364185865,Despair,Irritation,0.0007350168987531132
0.0040772484364185865,Despair,Rage,5.471130662516762e-05
0.0040772484364185865,Irritation,Anxiety,0.3224784060404887
0.0040772484364185865,Irritation,Despair,0.26602920905869354
0.0040772484364185865,Irritation,Irritation,0.3419104143967919
0.0040772484364185865,Irritation,Rage,0.06958197050402588
0.0040772484364185865,Rage,Anxiety,0.004062367218975948
0.0040772484364185865,Rage,Despair,0.0015871770095278593
0.0040772484364185865,Rage,Irritation,0.0027895676114483544
0.0040772484364185865,Rage,Rage,0.991560888160048
0.0032714802872929965,Anxiety,Anxiety,0.50944362673886
0.0032714802872929965,Anxiety,Despair,0.0003861556363778956
0.0032714802872929965,Anxiety,Irritation,0.49001606441871226
0.0032714802872929965,Anxiety,Rage,0.00015415320604995073
0.0032714802872929965,Despair,Anxiety,0.023095727923550174
0.0032714802872929965,Despair,Despair,0.8167323458809872
0.0032714802872929965,Despair,Irritation,0.0052129351165970126
0.0032714802872929965,Despair,Rage,0.15495899107886563
0.0032714802872929965,Irritation,Anxiety,0.2283492944491345
0.0032714802872929965,Irritation,Despair,0.3173651367023366
0.0032714802872929965,Irritation,Irritation,0.3390197188476296
0.0032714802872929965,Irritation,Rage,0.11526585000089921
0.0032714802872929965,Rage,Anxiety,0.002592150215220942
0.0032714802872929965,Rage,Despair,0.4369603139541331
0.0032714802872929965,Rage,Irritation,0.001966958977213176
0.0032714802872929965,Rage,Rage,0.5584805768534329
0.0032380146261273396,Anxiety,Anxiety,0.5050786018155391
0.0032380146261273396,Anxiety,Despair,0.0003465061755814253
0.0032380146261273396,Anxiety,Irritation,0.49442648649192616
0.0032380146261273396,Anxiety,Rage,0.00014840551695338347
0.0032380146261273396,Despair,Anxiety,0.024260075751841803
0.0032380146261273396,Despair,Despair,0.8082486303793817
0.0032380146261273396,Despair,Irritation,0.005792039088508433
0.0032380146261273396,Despair,Rage,0.16169925478026823
0.0032380146261273396,Irritation,Anxiety,0.21730347814493178
0.0032380146261273396,Irritation,Despair,0.29807429390392165
0.0032380146261273396,Irritation,Irritation,0.3606262920051127
0.0032380146261273396,Irritation,Rage,0.1239959359460338
0.0032380146261273396,Rage,Anxiety,0.0029115918371485365
0.0032380146261273396,Rage,Despair,0.3486346483827854
0.0032380146261273396,Rage,Irritation,0.0019409683094189333
0.0032380146261273396,Rage,Rage,0.6465127914706473
0.0031426624681007466,Anxiety,Anxiety,0.5061778740977831
0.0031426624681007466,Anxiety,Despair,0.000274580020409735
0.0031426624681007466,Anxiety,Irritation,0.49340447202019366
0.0031426624681007466,Anxiety,Rage,0.00014307386161366214
0.0031426624681007466,Despair,Anxiety,0.026273024472270857
0.0031426624681007466,Despair,Despair,0.7864869569472311
0.0031426624681007466,Despair,Irritation,0.005699148736791992
0.0031426624681007466,Despair,Rage,0.18154086984370582
0.0031426624681007466,Irritation,Anxiety,0.218294696818969
0.0031426624681007466,Irritation,Despair,0.3024414041865761
0.0031426624681007466,Irritation,Irritation,0.3477731591683457
0.0031426624681007466,Irritation,Rage,0.13149073982610943
0.0031426624681007466,Rage,Anxiety,0.0027346496701783356
0.0031426624681007466,Rage,Despair,0.3619010928719521
0.0031426624681007466,Rage,Irritation,0.0014766387726919646
0.0031426624681007466,Rage,Rage,0.6338876186851776
0.003087212365059941,Anxiety,Anxiety,0.1445148028188787
0.003087212365059941,Anxiety,Despair,0.7053795829272208
0.003087212365059941,Anxiety,Irritation,0.0868436947806393
0.003087212365059941,Anxiety,Rage,0.06326191947326129
0.003087212365059941,Despair,Anxiety,0.03062805759274538
0.003087212365059941,Despair,Despair,0.7559784546057049
0.003087212365059941,Despair,Irritation,0.005806376823014743
0.003087212365059941,Despair,Rage,0.207587110978535
0.003087212365059941,Irritation,Anxiety,0.4823468089508139
0.003087212365059941,Irritation,Despair,0.0046586596019199495
0.003087212365059941,Irritation,Irritation,0.4887620375756347
0.003087212365059941,Irritation,Rage,0.02423249387163161
0.003087212365059941,Rage,Anxiety,0.001743366898005015
0.003087212365059941,Rage,Despair,0.42280647012629413
0.003087212365059941,Rage,Irritation,0.0010773848380275822
0.003087212365059941,Rage,Rage,0.5743727781376733
0.003283695648835498,Anxiety,Anxiety,0.1824435945738083
0.003283695648835498,Anxiety,Despair,0.6560480088557437
0.003283695648835498,Anxiety,Irritation,0.11842594975198338
0.003283695648835498,Anxiety,Rage,0.043082446818464626
0.003283695648835498,Despair,Anxiety,0.022008664060120628
0.003283695648835498,Despair,Despair,0.8249423568170919
0.003283695648835498,Despair,Irritation,0.005244114055227961
0.003283695648835498,Despair,Rage,0.14780486506755966
0.003283695648835498,Irritation,Anxiety,0.4808606389788212
0.003283695648835498,Irritation,Despair,0.0075965862186915195
0.003283695648835498,Irritation,Irritation,0.4847658020778715
0.003283695648835498,Irritation,Rage,0.026776972724615763
0.003283695648835498,Rage,Anxiety,0.002139885360988657
0.003283695648835498,Rage,Despair,0.38482625286093003
0.003283695648835498,Rage,Irritation,0.0031224396719745956
0.003283695648835498,Rage,Rage,0.6099114221061069
0.0038072777281741516,Anxiety,Anxiety,0.3188492928092461
0.0038072777281741516,Anxiety,Despair,0.4906470133548244
0.0038072777281741516,Anxiety,Irritation,0.1740878514810099
0.0038072777281741516,Anxiety,Rage,0.016415842354919524
0.0038072777281741516,Despair,Anxiety,0.004038042695598401
0.0038072777281741516,Despair,Despair,0.9668344633130986
0.0038072777281741516,Despair,Irritation,0.0018846663503138633
0.0038072777281741516,Despair,Rage,0.027242827640989148
0.0038072777281741516,Irritation,Anxiety,0.47660895525866975
0.0038072777281741516,Irritation,Despair,0.013260791629959384
0.0038072777281741516,Irritation,Irritation,0.47947801291536774
0.0038072777281741516,Irritation,Rage,0.030652240196003114
0.0038072777281741516,Rage,Anxiety,0.002814435240603434
0.0038072777281741516,Rage,Despair,0.1994247698948372
0.0038072777281741516,Rage,Irritation,0.005039852849974625
0.0038072777281741516,Rage,Rage,0.7927209420145849
0.00346134009722672,Anxiety,Anxiety,0.20757104570693638
0.00346134009722672,Anxiety,Despair,0.6284027807156036
0.00346134009722672,Anxiety,Irritation,0.13141270913081343
0.00346134009722672,Anxiety,Rage,0.032613464446646305
0.00346134009722672,Despair,Anxiety,0.016178778401132573
0.00346134009722672,Despair,Despair,0.8697716414026541
0.00346134009722672,Despair,Irritation,0.004844509566839109
0.00346134009722672,Despair,Rage,0.10920507062937447
0.00346134009722672,Irritation,Anxiety,0.47950868924870665
0.00346134009722672,Irritation,Despair,0.009407045635628329
0.00346134009722672,Irritation,Irritation,0.4835825198564942
0.00346134009722672,Irritation,Rage,0.027501745259170703
0.00346134009722672,Rage,Anxiety,0.002386667879690424
0.00346134009722672,Rage,Despair,0.3481138070402452
0.00346134009722672,Rage,Irritation,0.004112669853022932
0.00346134009722672,Rage,Rage,0.6453868552270416
0.0036910025616127768,Anxiety,Anxiety,0.2766772249595331
0.0036910025616127768,Anxiety,Despair,0.542451102318879
0.0036910025616127768,Anxiety,Irritation,0.15945723205443094
0.0036910025616127768,Anxiety,Rage,0.021414440667157097
0.0036910025616127768,Despair,Anxiety,0.008429554250152583
0.0036910025616127768,Despair,Despair,0.9303609794628829
0.0036910025616127768,Despair,Irritation,0.002819988567829643
0.0036910025616127768,Despair,Rage,0.05838947771913483
0.0036910025616127768,Irritation,Anxiety,0.4730436699764806
0.0036910025616127768,Irritation,Despair,0.010201558256626423
0.0036910025616127768,Irritation,Irritation,0.48690669191250885
0.0036910025616127768,Irritation,Rage,0.029848079854384008
0.0036910025616127768,Rage,Anxiety,0.00260381467922876
0.0036910025616127768,Rage,Despair,0.18334278203144666
0.0036910025616127768,Rage,Irritation,0.0034297588277532815
0.0036910025616127768,Rage,Rage,0.8106236444615711
0.003582496242669128,Anxiety,Anxiety,0.27269718979263774
0.003582496242669128,Anxiety,Despair,0.566602049001242
0.003582496242669128,Anxiety,Irritation,0.14925178484504095
0.003582496242669128,Anxiety,Rage,0.011448976361079248
0.003582496242669128,Despair,Anxiety,0.0022126223086266677
0.003582496242669128,Despair,Despair,0.9812872513169538
0.003582496242669128,Despair,Irritation,0.0009621773420229776
0.003582496242669128,Despair,Rage,0.015537949032396756
0.003582496242669128,Irritation,Anxiety,0.4808915064856754
0.003582496242669128,Irritation,Despair,0.010904464089612044
0.003582496242669128,Irritation,Irritation,0.48059221017090337
0.003582496242669128,Irritation,Rage,0.02761181925380913
0.003582496242669128,Rage,Anxiety,0.002552789756699452
0.003582496242669128,Rage,Despair,0.19446521170084496
0.003582496242669128,Rage,Irritation,0.003463974314049304
0.003582496242669128,Rage,Rage,0.7995180242284061
0.0031987325229571742,Anxiety,Anxiety,0.19296394453540142
0.0031987325229571742,Anxiety,Despair,0.6062515119140395
0.0031987325229571742,Anxiety,Irritation,0.1332430743333474
0.0031987325229571742,Anxiety,Rage,0.06754146921721153
0.0031987325229571742,Despair,Anxiety,0.03731706833227212
0.0031987325229571742,Despair,Despair,0.7044789028326592
0.0031987325229571742,Despair,Irritation,0.008720191788882078
0.0031987325229571742,Despair,Rage,0.24948383704618618
0.0031987325229571742,Irritation,Anxiety,0.46983484954961324
0.0031987325229571742,Irritation,Despair,0.006298847582335946
0.0031987325229571742,Irritation,Irritation,0.4960023463413655
0.0031987325229571742,Irritation,Rage,0.027863956526685267
0.0031987325229571742,Rage,Anxiety,0.002191519787829638
0.0031987325229571742,Rage,Despair,0.27747797053455553
0.0031987325229571742,Rage,Irritation,0.002083820210550528
0.0031987325229571742,Rage,Rage,0.7182466894670639
0.003571380339948212,Anxiety,Anxiety,0.21144781637936885
0.003571380339948212,Anxiety,Despair,0.6191588393337862
0.003571380339948212,Anxiety,Irritation,0.13560573266851234
0.003571380339948212,Anxiety,Rage,0.03378761161833287
0.003571380339948212,Despair,Anxiety,0.016861083537361952
0.003571380339948212,Despair,Despair,0.8643277965726576
0.003571380339948212,Despair,Irritation,0.004539674407171982
0.003571380339948212,Despair,Rage,0.11427144548280833
0.003571380339948212,Irritation,Anxiety,0.47691785502665585
0.003571380339948212,Irritation,Despair,0.008347403189070474
0.003571380339948212,Irritation,Irritation,0.4872342863508667
0.003571380339948212,Irritation,Rage,0.027500455433407057
0.003571380339948212,Rage,Anxiety,0.0023884256273082436
0.003571380339948212,Rage,Despair,0.3442923537919781
0.003571380339948212,Rage,Irritation,0.0039051039840181812
0.003571380339948212,Rage,Rage,0.649414116596695
0.003299883727746741,Anxiety,Anxiety,0.1826541785018999
0.003299883727746741,Anxiety,Despair,0.6482511320017748
0.003299883727746741,Anxiety,Irritation,0.12654751291126323
0.003299883727746741,Anxiety,Rage,0.042547176585062435
0.003299883727746741,Despair,Anxiety,0.022069994190416897
0.003299883727746741,Despair,Despair,0.8250449832124491
0.003299883727746741,Despair,Irritation,0.00559438111752844
0.003299883727746741,Despair,Rage,0.14729064147960563
0.003299883727746741,Irritation,Anxiety,0.4749812647406209
0.003299883727746741,Irritation,Despair,0.007311510454162347
0.003299883727746741,Irritation,Irritation,0.49047418801643367
0.003299883727746741,Irritation,Rage,0.027233036788783235
0.003299883727746741,Rage,Anxiety,0.0022991755193791665
0.003299883727746741,Rage,Despair,0.28567810978101493
0.003299883727746741,Rage,Irritation,0.0027257168063707423
0.003299883727746741,Rage,Rage,0.7092969978932352
0.003298051610008909,Anxiety,Anxiety,0.1898305773562724
0.003298051610008909,Anxiety,Despair,0.604463721856101
0.003298051610008909,Anxiety,Irritation,0.14269658831323678
0.003298051610008909,Anxiety,Rage,0.06300911247438996
0.003298051610008909,Despair,Anxiety,0.03516907700143928
0.003298051610008909,Despair,Despair,0.721590547569759
0.003298051610008909,Despair,Irritation,0.008718671206052854
0.003298051610008909,Despair,Rage,0.23452170422274893
0.003298051610008909,Irritation,Anxiety,0.47213989194483574
0.003298051610008909,Irritation,Despair,0.006548712980298707
0.003298051610008909,Irritation,Irritation,0.4931601805326591
0.003298051610008909,Irritation,Rage,0.028151214542206596
0.003298051610008909,Rage,Anxiety,0.002285949617322546
0.003298051610008909,Rage,Despair,0.2685650147935084
0.003298051610008909,Rage,Irritation,0.002598034456873912
0.003298051610008909,Rage,Rage,0.7265510011322952
0.003430727004113005,Anxiety,Anxiety,0.2132095005427273
0.003430727004113005,Anxiety,Despair,0.5828221146628338
0.003430727004113005,Anxiety,Irritation,0.15250272259099898
0.003430727004113005,Anxiety,Rage,0.0514656622034398
0.003430727004113005,Despair,Anxiety,0.029674259351715165
0.003430727004113005,Despair,Despair,0.7689555953528071
0.003430727004113005,Despair,Irritation,0.008571341713774355
0.003430727004113005,Despair,Rage,0.19279880358170315
0.003430727004113005,Irritation,Anxiety,0.4667696453877879
0.003430727004113005,Irritation,Despair,0.008511453639450483
0.003430727004113005,Irritation,Irritation,0.49572328582827807
0.003430727004113005,Irritation,Rage,0.028995615144483518
0.003430727004113005,Rage,Anxiety,0.0024545508294294503
0.003430727004113005,Rage,Despair,0.22990418782748326
0.003430727004113005,Rage,Irritation,0.0033544473738358806
0.003430727004113005,Rage,Rage,0.7642868139692512
0.0029174584364493467,Anxiety,Anxiety,0.16336693338487837
0.0029174584364493467,Anxiety,Despair,0.6833400581002367
0.0029174584364493467,Anxiety,Irritation,0.08383514975135656
0.0029174584364493467,Anxiety,Rage,0.06945785876352849
0.0029174584364493467,Despair,Anxiety,0.03422754036333692
0.0029174584364493467,Despair,Despair,0.7238299917823501
0.0029174584364493467,Despair,Irritation,0.00629923400076591
0.0029174584364493467,Despair,Rage,0.23564323385354716
0.0029174584364493467,Irritation,Anxiety,0.4842993542093477
0.0029174584364493467,Irritation,Despair,0.003961375664130531
0.0029174584364493467,Irritation,Irritation,0.4889200004492147
0.0029174584364493467,Irritation,Rage,0.02281926967730682
0.0029174584364493467,Rage,Anxiety,0.0014290202505880512
0.0029174584364493467,Rage,Despair,0.4396692089208377
0.0029174584364493467,Rage,Irritation,0.0006365967159252063
0.0029174584364493467,Rage,Rage,0.5582651741126488
0.0037769960238210644,Anxiety,Anxiety,0.34238574612153083
0.0037769960238210644,Anxiety,Despair,0.4765426950286612
0.0037769960238210644,Anxiety,Irritation,0.16889453925224998
0.0037769960238210644,Anxiety,Rage,0.012177019597558295
0.0037769960238210644,Despair,Anxiety,0.0008961340476485738
0.0037769960238210644,Despair,Despair,0.9936205278162138
0.0037769960238210644,Despair,Irritation,0.0007502200038259793
0.0037769960238210644,Despair,Rage,0.004733118132311582
0.0037769960238210644,Irritation,Anxiety,0.49289663227138
0.0037769960238210644,Irritation,Despair,0.012714508143939944
0.0037769960238210644,Irritation,Irritation,0.4662106470585956
0.0037769960238210644,Irritation,Rage,0.028178212526084632
0.0037769960238210644,Rage,Anxiety,0.002777229842375277
0.0037769960238210644,Rage,Despair,0.185782705877835
0.0037769960238210644,Rage,Irritation,0.0045450076118989805
0.0037769960238210644,Rage,Rage,0.8068950566678905
0.003187782811222726,Anxiety,Anxiety,0.16615789940384162
0.003187782811222726,Anxiety,Despair,0.6415435240751682
0.003187782811222726,Anxiety,Irritation,0.11641710053158769
0.003187782811222726,Anxiety,Rage,0.07588147598940227
0.003187782811222726,Despair,Anxiety,0.04098777436030318
0.003187782811222726,Despair,Despair,0.6822542175482165
0.003187782811222726,Despair,Irritation,0.009128128911568204
0.003187782811222726,Despair,Rage,0.26762987917991216
0.003187782811222726,Irritation,Anxiety,0.4809427168923309
0.003187782811222726,Irritation,Despair,0.004786822833668552
0.003187782811222726,Irritation,Irritation,0.48782361224496706
0.003187782811222726,Irritation,Rage,0.026446848029033687
0.003187782811222726,Rage,Anxiety,0.0021178724985438865
0.003187782811222726,Rage,Despair,0.3036172809257495
0.003187782811222726,Rage,Irritation,0.0013034148568136451
0.003187782811222726,Rage,Rage,0.6929614317188926
0.0037163129639938702,Anxiety,Anxiety,0.28559912419029926
0.0037163129639938702,Anxiety,Despair,0.5303239446271052
0.0037163129639938702,Anxiety,Irritation,0.16422997680294124
0.0037163129639938702,Anxiety,Rage,0.019846954379654495
0.0037163129639938702,Despair,Anxiety,0.0073578190078568955
0.0037163129639938702,Despair,Despair,0.9391172440218956
0.0037163129639938702,Despair,Irritation,0.002787658800910758
0.0037163129639938702,Despair,Rage,0.05073727816933689
0.0037163129639938702,Irritation,Anxiety,0.4773421667848648
0.0037163129639938702,Irritation,Despair,0.011662978692757538
0.0037163129639938702,Irritation,Irritation,0.48133370037100315
0.0037163129639938702,Irritation,Rage,0.029661154151374453
0.0037163129639938702,Rage,Anxiety,0.002754444873026606
0.0037163129639938702,Rage,Despair,0.26055789898758497
0.0037163129639938702,Rage,Irritation,0.00534347796250261
0.0037163129639938702,Rage,Rage,0.7313441781768858
0.003443108524456976,Anxiety,Anxiety,0.2186375067511726
0.003443108524456976,Anxiety,Despair,0.634126477041089
0.003443108524456976,Anxiety,Irritation,0.13296151224726374
0.003443108524456976,Anxiety,Rage,0.01427450396047486
0.003443108524456976,Despair,Anxiety,0.004885747362889165
0.003443108524456976,Despair,Despair,0.9589531668807655
0.003443108524456976,Despair,Irritation,0.0014064206065559901
0.003443108524456976,Despair,Rage,0.03475466514978928
0.003443108524456976,Irritation,Anxiety,0.48131567315185675
0.003443108524456976,Irritation,Despair,0.009325770520267986
0.003443108524456976,Irritation,Irritation,0.48264926430710775
0.003443108524456976,Irritation,Rage,0.026709292020767585
0.003443108524456976,Rage,Anxiety,0.0024120822811908595
0.003443108524456976,Rage,Despair,0.2582633621236008
0.003443108524456976,Rage,Irritation,0.00324497335722397
0.003443108524456976,Rage,Rage,0.7360795822379844
0.0038844713982349108,Anxiety,Anxiety,0.3516739027669336
0.0038844713982349108,Anxiety,Despair,0.45940673734093235
0.0038844713982349108,Anxiety,Irritation,0.176756633284294
0.0038844713982349108,Anxiety,Rage,0.012162726607840011
0.0038844713982349108,Despair,Anxiety,2.992401574209755e-06
0.0038844713982349108,Despair,Despair,0.9983274074584965
0.0038844713982349108,Despair,Irritation,0.0006122334714128557
0.0038844713982349108,Despair,Rage,0.0010573666685164663
0.0038844713982349108,Irritation,Anxiety,0.4914397324905993
0.0038844713982349108,Irritation,Despair,0.013165102722551583
0.0038844713982349108,Irritation,Irritation,0.4664591099798523
0.0038844713982349108,Irritation,Rage,0.028936054806997125
0.0038844713982349108,Rage,Anxiety,0.0027846929775583486
0.0038844713982349108,Rage,Despair,0.0881317183497192
0.0038844713982349108,Rage,Irritation,0.003244675976594814
0.0038844713982349108,Rage,Rage,0.9058389126961276
0.0031912993466371702,Anxiety,Anxiety,0.1958231866120854
0.0031912993466371702,Anxiety,Despair,0.6352675506558205
0.0031912993466371702,Anxiety,Irritation,0.1227611359843978
0.0031912993466371702,Anxiety,Rage,0.04614812674769649
0.0031912993466371702,Despair,Anxiety,0.024119931231304195
0.0031912993466371702,Despair,Despair,0.8089423445395327
0.0031912993466371702,Despair,Irritation,0.005912363045114086
0.0031912993466371702,Despair,Rage,0.1610253611840489
0.0031912993466371702,Irritation,Anxiety,0.473168009128204
0.0031912993466371702,Irritation,Despair,0.007419434739515049
0.0031912993466371702,Irritation,Irritation,0.49202537713723177
0.0031912993466371702,Irritation,Rage,0.027387178995049145
0.0031912993466371702,Rage,Anxiety,0.0022226204011455996
0.0031912993466371702,Rage,Despair,0.2972671960302556
0.0031912993466371702,Rage,Irritation,0.0025387309588566992
0.0031912993466371702,Rage,Rage,0.6979714526097424
0.003301401809082977,Anxiety,Anxiety,0.2925308789463441
0.003301401809082977,Anxiety,Despair,0.570938062901199
0.003301401809082977,Anxiety,Irritation,0.12274828579692763
0.003301401809082977,Anxiety,Rage,0.013782772355529554
0.003301401809082977,Despair,Anxiety,0.003543042064093248
0.003301401809082977,Despair,Despair,0.9702136097312375
0.003301401809082977,Despair,Irritation,0.0011736836225965596
0.003301401809082977,Despair,Rage,0.02506966458207254
0.003301401809082977,Irritation,Anxiety,0.5107412878657408
0.003301401809082977,Irritation,Despair,0.008501515828428879
0.003301401809082977,Irritation,Irritation,0.4562832898732628
0.003301401809082977,Irritation,Rage,0.024473906432567475
0.003301401809082977,Rage,Anxiety,0.0019181246458335197
0.003301401809082977,Rage,Despair,0.5219883575037094
0.003301401809082977,Rage,Irritation,0.004440020693575743
0.003301401809082977,Rage,Rage,0.4716534971568814
0.003506811976321156,Anxiety,Anxiety,0.21747913077386505
0.003506811976321156,Anxiety,Despair,0.6072242544842468
0.003506811976321156,Anxiety,Irritation,0.14972238776318542
0.003506811976321156,Anxiety,Rage,0.025574226978702812
0.003506811976321156,Despair,Anxiety,0.011783924434815794
0.003506811976321156,Despair,Despair,0.9034290318461026
0.003506811976321156,Despair,Irritation,0.0037451462937063327
0.003506811976321156,Despair,Rage,0.08104189742537533
0.003506811976321156,Irritation,Anxiety,0.46946538193093984
0.003506811976321156,Irritation,Despair,0.010961764327697356
0.003506811976321156,Irritation,Irritation,0.4900296314525211
0.003506811976321156,Irritation,Rage,0.029543222288841663
0.003506811976321156,Rage,Anxiety,0.0025309216692222043
0.003506811976321156,Rage,Despair,0.2118805156763928
0.003506811976321156,Rage,Irritation,0.003782344520212224
0.003506811976321156,Rage,Rage,0.7818062181341728
0.00270193634606954,Anxiety,Anxiety,0.22956746761509675
0.00270193634606954,Anxiety,Despair,0.5765920465007822
0.00270193634606954,Anxiety,Irritation,0.10740441147957872
0.00270193634606954,Anxiety,Rage,0.08643607440454262
0.00270193634606954,Despair,Anxiety,0.047678178764052025
0.00270193634606954,Despair,Despair,0.6030508541719247
0.00270193634606954,Despair,Irritation,0.009130970670735285
0.00270193634606954,Despair,Rage,0.34013999639328796
0.00270193634606954,Irritation,Anxiety,0.47811934741456014
0.00270193634606954,Irritation,Despair,0.004643515669103636
0.00270193634606954,Irritation,Irritation,0.49581612528398883
0.00270193634606954,Irritation,Rage,0.02142101163234753
0.00270193634606954,Rage,Anxiety,0.001149539269405477
0.00270193634606954,Rage,Despair,0.3574526217693384
0.00270193634606954,Rage,Irritation,0.0002953601786027248
0.00270193634606954,Rage,Rage,0.6411024787826533
0.0036618117479015593,Anxiety,Anxiety,0.2666227910642895
0.0036618117479015593,Anxiety,Despair,0.5381741631424498
0.0036618117479015593,Anxiety,Irritation,0.1587295748003395
0.0036618117479015593,Anxiety,Rage,0.0364734709929213
0.0036618117479015593,Despair,Anxiety,0.018916689040145318
0.0036618117479015593,Despair,Despair,0.8484708751386919
0.0036618117479015593,Despair,Irritation,0.005968836053030259
0.0036618117479015593,Despair,Rage,0.1266435997681323
0.0036618117479015593,Irritation,Anxiety,0.4651573403663943
0.0036618117479015593,Irritation,Despair,0.010556073578463722
0.0036618117479015593,Irritation,Irritation,0.49244548527926757
0.0036618117479015593,Irritation,Rage,0.031841100775874355
0.0036618117479015593,Rage,Anxiety,0.002579488730348297
0.0036618117479015593,Rage,Despair,0.17702586734983014
0.0036618117479015593,Rage,Irritation,0.0033894186503397195
0.0036618117479015593,Rage,Rage,0.8170052252694817
0.0038875063357366704,Anxiety,Anxiety,0.31652891277082434
0.0038875063357366704,Anxiety,Despair,0.4919811660117436
0.0038875063357366704,Anxiety,Irritation,0.17965844834242006
0.0038875063357366704,Anxiety,Rage,0.011831472875011963
0.0038875063357366704,Despair,Anxiety,0.0008324762355097941
0.0038875063357366704,Despair,Despair,0.9944856537625653
0.0038875063357366704,Despair,Irritation,0.0008764657343778389
0.0038875063357366704,Despair,Rage,0.003805404267547147
0.0038875063357366704,Irritation,Anxiety,0.4651169377521467
0.0038875063357366704,Irritation,Despair,0.014270860516557893
0.0038875063357366704,Irritation,Irritation,0.48859584601857325
0.0038875063357366704,Irritation,Rage,0.032016355712721954
0.0038875063357366704,Rage,Anxiety,0.0032072870364281193
0.0038875063357366704,Rage,Despair,0.04363323774819231
0.0038875063357366704,Rage,Irritation,0.002468293681166969
0.0038875063357366704,Rage,Rage,0.9506911815342126
0.003756327594966797,Anxiety,Anxiety,0.25405738332181244
0.003756327594966797,Anxiety,Despair,0.5560756544903852
0.003756327594966797,Anxiety,Irritation,0.16152144767444168
0.003756327594966797,Anxiety,Rage,0.028345514513360898
0.003756327594966797,Despair,Anxiety,0.013233272798128833
0.003756327594966797,Despair,Despair,0.8919535891857797
0.003756327594966797,Despair,Irritation,0.004666163350441548
0.003756327594966797,Despair,Rage,0.09014697466564987
0.003756327594966797,Irritation,Anxiety,0.46452793502657197
0.003756327594966797,Irritation,Despair,0.011695663868489461
0.003756327594966797,Irritation,Irritation,0.49146025610008526
0.003756327594966797,Irritation,Rage,0.03231614500485346
0.003756327594966797,Rage,Anxiety,0.0026318124612804313
0.003756327594966797,Rage,Despair,0.14627182712237702
0.003756327594966797,Rage,Irritation,0.0034029162596103794
0.003756327594966797,Rage,Rage,0.8476934441567323
0.003638679118478186,Anxiety,Anxiety,0.28168184942980334
0.003638679118478186,Anxiety,Despair,0.5362860668224403
0.003638679118478186,Anxiety,Irritation,0.16156231585783248
0.003638679118478186,Anxiety,Rage,0.020469767889924315
0.003638679118478186,Despair,Anxiety,0.007583165929426504
0.003638679118478186,Despair,Despair,0.9370901975795134
0.003638679118478186,Despair,Irritation,0.0026223719221382504
0.003638679118478186,Despair,Rage,0.05270426456892193
0.003638679118478186,Irritation,Anxiety,0.46868373271862207
0.003638679118478186,Irritation,Despair,0.01151823136125855
0.003638679118478186,Irritation,Irritation,0.4891107381179433
0.003638679118478186,Irritation,Rage,0.030687297802175977
0.003638679118478186,Rage,Anxiety,0.002603505849701839
0.003638679118478186,Rage,Despair,0.1731645527261503
0.003638679118478186,Rage,Irritation,0.0035870547859763397
0.003638679118478186,Rage,Rage,0.8206448866381716
0.003353837736972328,Anxiety,Anxiety,0.2126913754147629
0.003353837736972328,Anxiety,Despair,0.6120986642475025
0.003353837736972328,Anxiety,Irritation,0.1382988320259775
0.003353837736972328,Anxiety,Rage,0.03691112831175734
0.003353837736972328,Despair,Anxiety,0.018978280247341647
0.003353837736972328,Despair,Despair,0.848253744771529
0.003353837736972328,Despair,Irritation,0.005006265482040489
0.003353837736972328,Despair,Rage,0.1277617094990887
0.003353837736972328,Irritation,Anxiety,0.47277099446012183
0.003353837736972328,Irritation,Despair,0.008365866259226588
0.003353837736972328,Irritation,Irritation,0.49072223013928956
0.003353837736972328,Irritation,Rage,0.02814090914136182
0.003353837736972328,Rage,Anxiety,0.0023783553611847327
0.003353837736972328,Rage,Despair,0.2659151229280823
0.003353837736972328,Rage,Irritation,0.003215440747884953
0.003353837736972328,Rage,Rage,0.7284910809628479
0.0038053730775151023,Anxiety,Anxiety,0.30994304413843304
0.0038053730775151023,Anxiety,Despair,0.5034598050014542
0.0038053730775151023,Anxiety,Irritation,0.16986110795325537
0.0038053730775151023,Anxiety,Rage,0.01673604290685748
0.0038053730775151023,Despair,Anxiety,0.004346669229686936
0.0038053730775151023,Despair,Despair,0.9638292811194723
0.0038053730775151023,Despair,Irritation,0.0018643671868574451
0.0038053730775151023,Despair,Rage,0.029959682463983176
0.0038053730775151023,Irritation,Anxiety,0.4763308489976396
0.0038053730775151023,Irritation,Despair,0.012369423342950612
0.0038053730775151023,Irritation,Irritation,0.4810710865811359
0.0038053730775151023,Irritation,Rage,0.030228641078273864
0.0038053730775151023,Rage,Anxiety,0.002766375119058659
0.0038053730775151023,Rage,Despair,0.20816027123905104
0.0038053730775151023,Rage,Irritation,0.004728588954667305
0.0038053730775151023,Rage,Rage,0.7843447646872229
0.003739638304219863,Anxiety,Anxiety,0.25944174662729474
0.003739638304219863,Anxiety,Despair,0.5469879210633694
0.003739638304219863,Anxiety,Irritation,0.16621266956559358
0.003739638304219863,Anxiety,Rage,0.027357662743742375
0.003739638304219863,Despair,Anxiety,0.012470481841102785
0.003739638304219863,Despair,Despair,0.8982124403191775
0.003739638304219863,Despair,Irritation,0.004537490438944584
0.003739638304219863,Despair,Rage,0.08477958740077501
0.003739638304219863,Irritation,Anxiety,0.45907130334145274
0.003739638304219863,Irritation,Despair,0.012441969293535816
0.003739638304219863,Irritation,Irritation,0.495757213704738
0.003739638304219863,Irritation,Rage,0.032729513660273775
0.003739638304219863,Rage,Anxiety,0.002669299407951914
0.003739638304219863,Rage,Despair,0.13655105828302305
0.003739638304219863,Rage,Irritation,0.003536440309593539
0.003739638304219863,Rage,Rage,0.8572432019994316
0.003524157612572314,Anxiety,Anxiety,0.21425356626123693
0.003524157612572314,Anxiety,Despair,0.6084048182330085
0.003524157612572314,Anxiety,Irritation,0.15381862540916338
0.003524157612572314,Anxiety,Rage,0.023522990096591177
0.003524157612572314,Despair,Anxiety,0.010652947883735654
0.003524157612572314,Despair,Despair,0.9125356958304439
0.003524157612572314,Despair,Irritation,0.0037183400796015472
0.003524157612572314,Despair,Rage,0.07309301620621875
0.003524157612572314,Irritation,Anxiety,0.4682614481154379
0.003524157612572314,Irritation,Despair,0.011423514609667656
0.003524157612572314,Irritation,Irritation,0.49070431304331585
0.003524157612572314,Irritation,Rage,0.029610724231578685
0.003524157612572314,Rage,Anxiety,0.002582017126443474
0.003524157612572314,Rage,Despair,0.20187747545847015
0.003524157612572314,Rage,Irritation,0.004068300988973072
0.003524157612572314,Rage,Rage,0.7914722064261133
0.0034016172877206203,Anxiety,Anxiety,0.19415166487201663
0.0034016172877206203,Anxiety,Despair,0.6215192232142533
0.0034016172877206203,Anxiety,Irritation,0.16131716766039045
0.0034016172877206203,Anxiety,Rage,0.023011944253339377
0.0034016172877206203,Despair,Anxiety,0.010251524581556492
0.0034016172877206203,Despair,Despair,0.9152189513105805
0.0034016172877206203,Despair,Irritation,0.0033490507015567824
0.0034016172877206203,Despair,Rage,0.07118047340630627
0.0034016172877206203,Irritation,Anxiety,0.4485999908367564
0.0034016172877206203,Irritation,Despair,0.010893589092921905
0.0034016172877206203,Irritation,Irritation,0.5105827110569219
0.0034016172877206203,Irritation,Rage,0.02992370901339988
0.0034016172877206203,Rage,Anxiety,0.0024236438877391357
0.0034016172877206203,Rage,Despair,0.09250472668439366
0.0034016172877206203,Rage,Irritation,0.002318875232191912
0.0034016172877206203,Rage,Rage,0.9027527541956752
0.0032855992701976526,Anxiety,Anxiety,0.16989077491963384
0.0032855992701976526,Anxiety,Despair,0.6671988650725189
0.0032855992701976526,Anxiety,Irritation,0.1158711731316835
0.0032855992701976526,Anxiety,Rage,0.04703918687616336
0.0032855992701976526,Despair,Anxiety,0.023996563134045763
0.0032855992701976526,Despair,Despair,0.8101436871495076
0.0032855992701976526,Despair,Irritation,0.005316232886367613
0.0032855992701976526,Despair,Rage,0.16054351683007895
0.0032855992701976526,Irritation,Anxiety,0.4801667186752494
0.0032855992701976526,Irritation,Despair,0.006653794009020975
0.0032855992701976526,Irritation,Irritation,0.4865139511587815
0.0032855992701976526,Irritation,Rage,0.026665536156948357
0.0032855992701976526,Rage,Anxiety,0.0020846280829611295
0.0032855992701976526,Rage,Despair,0.39136763119652895
0.0032855992701976526,Rage,Irritation,0.0026843350898305227
0.0032855992701976526,Rage,Rage,0.6038634056306792
0.0030109664211380666,Anxiety,Anxiety,0.18040275432499275
0.0030109664211380666,Anxiety,Despair,0.6679075886998144
0.0030109664211380666,Anxiety,Irritation,0.0901192344970559
0.0030109664211380666,Anxiety,Rage,0.061570422478136946
0.0030109664211380666,Despair,Anxiety,0.0311331559370636
0.0030109664211380666,Despair,Despair,0.7526833314824969
0.0030109664211380666,Despair,Irritation,0.005837661928114903
0.0030109664211380666,Despair,Rage,0.21034585065232436
0.0030109664211380666,Irritation,Anxiety,0.48400491712529276
0.0030109664211380666,Irritation,Despair,0.004735153020927115
0.0030109664211380666,Irritation,Irritation,0.4872487017980028
0.0030109664211380666,Irritation,Rage,0.024011228055777458
0.0030109664211380666,Rage,Anxiety,0.0016827169201072694
0.0030109664211380666,Rage,Despair,0.4274843955711394
0.0030109664211380666,Rage,Irritation,0.0010273417599601287
0.0030109664211380666,Rage,Rage,0.5698055457487933
0.003787767749893239,Anxiety,Anxiety,0.26897702547617985
0.003787767749893239,Anxiety,Despair,0.5411191121990228
0.003787767749893239,Anxiety,Irritation,0.16229261259316147
0.003787767749893239,Anxiety,Rage,0.027611249731636055
0.003787767749893239,Despair,Anxiety,0.01269787974551157
0.003787767749893239,Despair,Despair,0.8965211735869054
0.003787767749893239,Despair,Irritation,0.004507971443131542
0.003787767749893239,Despair,Rage,0.08627297522445171
0.003787767749893239,Irritation,Anxiety,0.4672147595593317
0.003787767749893239,Irritation,Despair,0.011403661886624039
0.003787767749893239,Irritation,Irritation,0.48935056974542146
0.003787767749893239,Irritation,Rage,0.032031008808622766
0.003787767749893239,Rage,Anxiety,0.0026436728383119504
0.003787767749893239,Rage,Despair,0.14474165489325141
0.003787767749893239,Rage,Irritation,0.0033204248595411798
0.003787767749893239,Rage,Rage,0.8492942474088957
0.002713139414023015,Anxiety,Anxiety,0.25884433490020364
0.002713139414023015,Anxiety,Despair,0.5744985858406324
0.002713139414023015,Anxiety,Irritation,0.0960161980623259
0.002713139414023015,Anxiety,Rage,0.07064088119683815
0.002713139414023015,Despair,Anxiety,0.03821511723264868
0.002713139414023015,Despair,Despair,0.6794342417106755
0.002713139414023015,Despair,Irritation,0.006891994837963468
0.002713139414023015,Despair,Rage,0.27545864621871224
0.002713139414023015,Irritation,Anxiety,0.4822512153212519
0.002713139414023015,Irritation,Despair,0.0050958855288656514
0.002713139414023015,Irritation,Irritation,0.49177361141529746
0.002713139414023015,Irritation,Rage,0.020879287734585267
0.002713139414023015,Rage,Anxiety,0.0011290222172522027
0.002713139414023015,Rage,Despair,0.3875630630347312
0.002713139414023015,Rage,Irritation,0.00029626405260415895
0.002713139414023015,Rage,Rage,0.6110116506954127
0.003642119442019254,Anxiety,Anxiety,0.21780848534187994
0.003642119442019254,Anxiety,Despair,0.6111295898977843
0.003642119442019254,Anxiety,Irritation,0.1463090634537928
0.003642119442019254,Anxiety,Rage,0.02475286130654306
0.003642119442019254,Despair,Anxiety,0.011303324078627629
0.003642119442019254,Despair,Despair,0.907529510778185
0.003642119442019254,Despair,Irritation,0.0035296711069844606
0.003642119442019254,Despair,Rage,0.07763749403620276
0.003642119442019254,Irritation,Anxiety,0.22825888968011912
0.003642119442019254,Irritation,Despair,0.2782977352830939
0.003642119442019254,Irritation,Irritation,0.35360167297241796
0.003642119442019254,Irritation,Rage,0.1398417020643691
0.003642119442019254,Rage,Anxiety,0.002152037557321885
0.003642119442019254,Rage,Despair,0.25961608075642056
0.003642119442019254,Rage,Irritation,0.004951707832990788
0.003642119442019254,Rage,Rage,0.7332801738532668
0.003242950534925487,Anxiety,Anxiety,0.19544362384573424
0.003242950534925487,Anxiety,Despair,0.5972025478803031
0.003242950534925487,Anxiety,Irritation,0.143757683118509
0.003242950534925487,Anxiety,Rage,0.0635961451554536
0.003242950534925487,Despair,Anxiety,0.0358959098995088
0.003242950534925487,Despair,Despair,0.7163929532411167
0.003242950534925487,Despair,Irritation,0.008499446534734433
0.003242950534925487,Despair,Rage,0.2392116903246401
0.003242950534925487,Irritation,Anxiety,0.216278650250545
0.003242950534925487,Irritation,Despair,0.22988554230947833
0.003242950534925487,Irritation,Irritation,0.3808860340878782
0.003242950534925487,Irritation,Rage,0.17294977335209835
0.003242950534925487,Rage,Anxiety,0.0018236144752781177
0.003242950534925487,Rage,Despair,0.24186382589727853
0.003242950534925487,Rage,Irritation,0.002813059868660282
0.003242950534925487,Rage,Rage,0.7534994997587832
0.0027515044184049098,Anxiety,Anxiety,0.2747456061148129
0.0027515044184049098,Anxiety,Despair,0.5599369279960495
0.0027515044184049098,Anxiety,Irritation,0.09892829027366369
0.0027515044184049098,Anxiety,Rage,0.06638917561547385
0.0027515044184049098,Despair,Anxiety,0.03754310561722242
0.0027515044184049098,Despair,Despair,0.6932104935806885
0.0027515044184049098,Despair,Irritation,0.006677807293147907
0.0027515044184049098,Despair,Rage,0.262568593508941
0.0027515044184049098,Irritation,Anxiety,0.2529868165587665
0.0027515044184049098,Irritation,Despair,0.2501121006697039
0.0027515044184049098,Irritation,Irritation,0.3654504648581349
0.0027515044184049098,Irritation,Rage,0.13145061791339477
0.0027515044184049098,Rage,Anxiety,0.0008869461719044634
0.0027515044184049098,Rage,Despair,0.435730865568203
0.0027515044184049098,Rage,Irritation,0.00036627711582645024
0.0027515044184049098,Rage,Rage,0.5630159111440658
0.003398029713889951,Anxiety,Anxiety,0.20024823586958068
0.003398029713889951,Anxiety,Despair,0.5970946732542105
0.003398029713889951,Anxiety,Irritation,0.1491828187574181
0.003398029713889951,Anxiety,Rage,0.05347427211879039
0.003398029713889951,Despair,Anxiety,0.029725909499397477
0.003398029713889951,Despair,Despair,0.7631511140367303
0.003398029713889951,Despair,Irritation,0.008550973520258395
0.003398029713889951,Despair,Rage,0.19857200294361355
0.003398029713889951,Irritation,Anxiety,0.21943455756513228
0.003398029713889951,Irritation,Despair,0.2383595985161934
0.003398029713889951,Irritation,Irritation,0.3771918820526853
0.003398029713889951,Irritation,Rage,0.1650139618659892
0.003398029713889951,Rage,Anxiety,0.0019132039841513989
0.003398029713889951,Rage,Despair,0.2048852475105864
0.003398029713889951,Rage,Irritation,0.0033414664342655076
0.003398029713889951,Rage,Rage,0.7898600820709968
0.0035665529650508207,Anxiety,Anxiety,0.24685948534504207
0.0035665529650508207,Anxiety,Despair,0.575188081419305
0.0035665529650508207,Anxiety,Irritation,0.14927812056000409
0.0035665529650508207,Anxiety,Rage,0.028674312675648742
0.0035665529650508207,Despair,Anxiety,0.014215221924393371
0.0035665529650508207,Despair,Despair,0.8852815152919553
0.0035665529650508207,Despair,Irritation,0.004308149742879484
0.0035665529650508207,Despair,Rage,0.09619511304077175
0.0035665529650508207,Irritation,Anxiety,0.24593203585980822
0.0035665529650508207,Irritation,Despair,0.26156482800402797
0.0035665529650508207,Irritation,Irritation,0.3591151374512109
0.0035665529650508207,Irritation,Rage,0.13338799868495252
0.0035665529650508207,Rage,Anxiety,0.0021259710995011716
0.0035665529650508207,Rage,Despair,0.2865764227014403
0.0035665529650508207,Rage,Irritation,0.004941672357037589
0.0035665529650508207,Rage,Rage,0.7063559338420211
0.0032378318034471704,Anxiety,Anxiety,0.18074235039523695
0.0032378318034471704,Anxiety,Despair,0.6230098056595967
0.0032378318034471704,Anxiety,Irritation,0.12774786950268016
0.0032378318034471704,Anxiety,Rage,0.06849997444248598
0.0032378318034471704,Despair,Anxiety,0.03754975251024939
0.0032378318034471704,Despair,Despair,0.7048389848252117
0.0032378318034471704,Despair,Irritation,0.008623825246986724
0.0032378318034471704,Despair,Rage,0.2489874374175518
0.0032378318034471704,Irritation,Anxiety,0.20846650070648087
0.0032378318034471704,Irritation,Despair,0.24714404462726272
0.0032378318034471704,Irritation,Irritation,0.37789080083963517
0.0032378318034471704,Irritation,Rage,0.16649865382662082
0.0032378318034471704,Rage,Anxiety,0.001751186654942466
0.0032378318034471704,Rage,Despair,0.2558313582220351
0.0032378318034471704,Rage,Irritation,0.002120886466293972
0.0032378318034471704,Rage,Rage,0.7402965686567283
0.0033070716306236826,Anxiety,Anxiety,0.20634209007882964
0.0033070716306236826,Anxiety,Despair,0.6279515204514355
0.0033070716306236826,Anxiety,Irritation,0.12271599651922131
0.0033070716306236826,Anxiety,Rage,0.042990392950513594
0.0033070716306236826,Despair,Anxiety,0.022595004681002655
0.0033070716306236826,Despair,Despair,0.8207277059533729
0.0033070716306236826,Despair,Irritation,0.005376228267178646
0.0033070716306236826,Despair,Rage,0.15130106109844596
0.0033070716306236826,Irritation,Anxiety,0.2255854412135575
0.0033070716306236826,Irritation,Despair,0.2737770801873152
0.0033070716306236826,Irritation,Irritation,0.3630608107276603
0.0033070716306236826,Irritation,Rage,0.13757666787146722
0.0033070716306236826,Rage,Anxiety,0.0018282235939763233
0.0033070716306236826,Rage,Despair,0.35208314976634614
0.0033070716306236826,Rage,Irritation,0.0034048885016894157
0.0033070716306236826,Rage,Rage,0.6426837381379878
0.003179780867728941,Anxiety,Anxiety,0.2094713158835991
0.003179780867728941,Anxiety,Despair,0.5868881544426123
0.003179780867728941,Anxiety,Irritation,0.1366413487806687
0.003179780867728941,Anxiety,Rage,0.06699918089312
0.003179780867728941,Despair,Anxiety,0.03837794641448031
0.003179780867728941,Despair,Despair,0.6976664664571961
0.003179780867728941,Despair,Irritation,0.009047881774448489
0.003179780867728941,Despair,Rage,0.25490770535387475
0.003179780867728941,Irritation,Anxiety,0.22362214022336033
0.003179780867728941,Irritation,Despair,0.2324006538536991
0.003179780867728941,Irritation,Irritation,0.37614709567337035
0.003179780867728941,Irritation,Rage,0.16783011024956998
0.003179780867728941,Rage,Anxiety,0.0017591392578992853
0.003179780867728941,Rage,Despair,0.2575712337700815
0.003179780867728941,Rage,Irritation,0.0023473393266075075
0.003179780867728941,Rage,Rage,0.7383222876454117
0.0035477262614766786,Anxiety,Anxiety,0.23044410602585805
0.0035477262614766786,Anxiety,Despair,0.5594170666871985
0.0035477262614766786,Anxiety,Irritation,0.16922992267467737
0.0035477262614766786,Anxiety,Rage,0.04090890461226598
0.0035477262614766786,Despair,Anxiety,0.022830639445476218
0.0035477262614766786,Despair,Despair,0.8192036377092123
0.0035477262614766786,Despair,Irritation,0.007055632589735362
0.0035477262614766786,Despair,Rage,0.15091009025557606
0.0035477262614766786,Irritation,Anxiety,0.23419726938417776
0.0035477262614766786,Irritation,Despair,0.22567280084309588
0.0035477262614766786,Irritation,Irritation,0.3694178556892138
0.0035477262614766786,Irritation,Rage,0.1707120740835123
0.0035477262614766786,Rage,Anxiety,0.002042530279180419
0.0035477262614766786,Rage,Despair,0.1617749437491558
0.0035477262614766786,Rage,Irritation,0.004007053057649436
0.0035477262614766786,Rage,Rage,0.8321754729140145
0.0030376387324587005,Anxiety,Anxiety,0.19844247270161602
0.0030376387324587005,Anxiety,Despair,0.6469657413280273
0.0030376387324587005,Anxiety,Irritation,0.09852311634001912
0.0030376387324587005,Anxiety,Rage,0.05606866963033784
0.0030376387324587005,Despair,Anxiety,0.028751201516709502
0.0030376387324587005,Despair,Despair,0.770318473453308
0.0030376387324587005,Despair,Irritation,0.005668535491321794
0.0030376387324587005,Despair,Rage,0.195261789538661
0.0030376387324587005,Irritation,Anxiety,0.2190337156957126
0.0030376387324587005,Irritation,Despair,0.29597956617736426
0.0030376387324587005,Irritation,Irritation,0.3381290516126216
0.0030376387324587005,Irritation,Rage,0.14685766651430152
0.0030376387324587005,Rage,Anxiety,0.0015306112040595495
0.0030376387324587005,Rage,Despair,0.39363291074912166
0.0030376387324587005,Rage,Irritation,0.0017503788246923228
0.0030376387324587005,Rage,Rage,0.6030860992221267
0.003857109858789577,Anxiety,Anxiety,0.3244116070933772
0.003857109858789577,Anxiety,Despair,0.4805170966092204
0.003857109858789577,Anxiety,Irritation,0.1828129566835257
0.003857109858789577,Anxiety,Rage,0.012258339613876864
0.003857109858789577,Despair,Anxiety,0.0011170047061601935
0.003857109858789577,Despair,Despair,0.9918970661903819
0.003857109858789577,Despair,Irritation,0.0009685171673699975
0.003857109858789577,Despair,Rage,0.006017411936087918
0.003857109858789577,Irritation,Anxiety,0.2757371230387162
0.003857109858789577,Irritation,Despair,0.2405823718907718
0.003857109858789577,Irritation,Irritation,0.35042028665854147
0.003857109858789577,Irritation,Rage,0.1332602184119709
0.003857109858789577,Rage,Anxiety,0.0022357415414708008
0.003857109858789577,Rage,Despair,0.03340019032405545
0.003857109858789577,Rage,Irritation,0.00207075544191164
0.003857109858789577,Rage,Rage,0.9622933126925621
0.0035791932252109233,Anxiety,Anxiety,0.25630600160974876
0.0035791932252109233,Anxiety,Despair,0.5671524213881328
0.0035791932252109233,Anxiety,Irritation,0.14889420861819241
0.0035791932252109233,Anxiety,Rage,0.02764736838392593
0.0035791932252109233,Despair,Anxiety,0.013265582588145346
0.0035791932252109233,Despair,Despair,0.8922839041968856
0.0035791932252109233,Despair,Irritation,0.00394871720348139
0.0035791932252109233,Despair,Rage,0.09050179601148743
0.0035791932252109233,Irritation,Anxiety,0.2494316832706201
0.0035791932252109233,Irritation,Despair,0.262095442060774
0.0035791932252109233,Irritation,Irritation,0.3540319160373855
0.0035791932252109233,Irritation,Rage,0.1344409586312204
0.0035791932252109233,Rage,Anxiety,0.002102024891461055
0.0035791932252109233,Rage,Despair,0.27959344789865964
0.0035791932252109233,Rage,Irritation,0.00474457127179483
0.0035791932252109233,Rage,Rage,0.7135599559380844
0.0034407484189811505,Anxiety,Anxiety,0.21951484102338278
0.0034407484189811505,Anxiety,Despair,0.5973294643110401
0.0034407484189811505,Anxiety,Irritation,0.15959975476620453
0.0034407484189811505,Anxiety,Rage,0.023555939899372647
0.0034407484189811505,Despair,Anxiety,0.010530773718531486
0.0034407484189811505,Despair,Despair,0.9131209507574043
0.0034407484189811505,Despair,Irritation,0.002973200229291877
0.0034407484189811505,Despair,Rage,0.07337507529477207
0.0034407484189811505,Irritation,Anxiety,0.22770806990104833
0.0034407484189811505,Irritation,Despair,0.2226221083757451
0.0034407484189811505,Irritation,Irritation,0.376144650670756
0.0034407484189811505,Irritation,Rage,0.1735251710524507
0.0034407484189811505,Rage,Anxiety,0.0017987798428025757
0.0034407484189811505,Rage,Despair,0.07382399754407806
0.0034407484189811505,Rage,Irritation,0.001841241127471984
0.0034407484189811505,Rage,Rage,0.9225359814856472
0.0033624067970734247,Anxiety,Anxiety,0.21252619689568047
0.0033624067970734247,Anxiety,Despair,0.6189874009242481
0.0033624067970734247,Anxiety,Irritation,0.13259860491919356
0.0033624067970734247,Anxiety,Rage,0.03588779726087807
0.0033624067970734247,Despair,Anxiety,0.018627454274231927
0.0033624067970734247,Despair,Despair,0.8516388628173772
0.0033624067970734247,Despair,Irritation,0.005231828923725252
0.0033624067970734247,Despair,Rage,0.12450185398466572
0.0033624067970734247,Irritation,Anxiety,0.2270000168396908
0.0033624067970734247,Irritation,Despair,0.28066924592698034
0.0033624067970734247,Irritation,Irritation,0.35648586492105405
0.0033624067970734247,Irritation,Rage,0.1358448723122751
0.0033624067970734247,Rage,Anxiety,0.0019955394241372797
0.0033624067970734247,Rage,Despair,0.3283664616231574
0.0033624067970734247,Rage,Irritation,0.0045276489824172305
0.0033624067970734247,Rage,Rage,0.6651103499702881
0.003931184843422415,Anxiety,Anxiety,0.33106744217063283
0.003931184843422415,Anxiety,Despair,0.47259764182128516
0.003931184843422415,Anxiety,Irritation,0.18437356030023497
0.003931184843422415,Anxiety,Rage,0.011961355707847145
0.003931184843422415,Despair,Anxiety,5.021299095040485e-06
0.003931184843422415,Despair,Despair,0.9976641107722947
0.003931184843422415,Despair,Irritation,0.0006423654473313132
0.003931184843422415,Despair,Rage,0.001688502481279187
0.003931184843422415,Irritation,Anxiety,0.28348005569741935
0.003931184843422415,Irritation,Despair,0.24860642947512765
0.003931184843422415,Irritation,Irritation,0.3465281164105846
0.003931184843422415,Irritation,Rage,0.12138539841686821
0.003931184843422415,Rage,Anxiety,0.0020969193610434465
0.003931184843422415,Rage,Despair,0.025668744091224494
0.003931184843422415,Rage,Irritation,0.0017813230081605196
0.003931184843422415,Rage,Rage,0.9704530135395716
0.0035474117867609935,Anxiety,Anxiety,0.2072765790878251
0.0035474117867609935,Anxiety,Despair,0.5954975066094645
0.0035474117867609935,Anxiety,Irritation,0.14935430189608
0.0035474117867609935,Anxiety,Rage,0.04787161240663022
0.0035474117867609935,Despair,Anxiety,0.02693338679575368
0.0035474117867609935,Despair,Despair,0.7898710388626468
0.0035474117867609935,Despair,Irritation,0.007325943417878769
0.0035474117867609935,Despair,Rage,0.1758696309237208
0.0035474117867609935,Irritation,Anxiety,0.22592336510691463
0.0035474117867609935,Irritation,Despair,0.23843239861892218
0.0035474117867609935,Irritation,Irritation,0.37012489443330576
0.0035474117867609935,Irritation,Rage,0.16551934184085748
0.0035474117867609935,Rage,Anxiety,0.0019635395203258
0.0035474117867609935,Rage,Despair,0.19295682650670715
0.0035474117867609935,Rage,Irritation,0.0032595588397518957
0.0035474117867609935,Rage,Rage,0.8018200751332152
0.0032054983862751137,Anxiety,Anxiety,0.19003135214654085
0.0032054983862751137,Anxiety,Despair,0.6501539592161042
0.0032054983862751137,Anxiety,Irritation,0.11267098649985308
0.0032054983862751137,Anxiety,Rage,0.04714370213750202
0.0032054983862751137,Despair,Anxiety,0.024560804217647093
0.0032054983862751137,Despair,Despair,0.8063599638410073
0.0032054983862751137,Despair,Irritation,0.005593081122469224
0.0032054983862751137,Despair,Rage,0.16348615081887624
0.0032054983862751137,Irritation,Anxiety,0.2157876265234479
0.0032054983862751137,Irritation,Despair,0.28644807278424556
0.0032054983862751137,Irritation,Irritation,0.357326296051765
0.0032054983862751137,Irritation,Rage,0.14043800464054151
0.0032054983862751137,Rage,Anxiety,0.001740396728762225
0.0032054983862751137,Rage,Despair,0.3660477295148889
0.0032054983862751137,Rage,Irritation,0.002929942735010752
0.0032054983862751137,Rage,Rage,0.629281931021338
0.0034448997801620578,Anxiety,Anxiety,0.22243352015060436
0.0034448997801620578,Anxiety,Despair,0.5813861795964906
0.0034448997801620578,Anxiety,Irritation,0.14121097806724517
0.0034448997801620578,Anxiety,Rage,0.05496932218565963
0.0034448997801620578,Despair,Anxiety,0.031363916959834454
0.0034448997801620578,Despair,Despair,0.75161532863933
0.0034448997801620578,Despair,Irritation,0.008303547368467775
0.0034448997801620578,Despair,Rage,0.20871720703236804
0.0034448997801620578,Irritation,Anxiety,0.23519260660256863
0.0034448997801620578,Irritation,Despair,0.2374716757572685
0.0034448997801620578,Irritation,Irritation,0.37242299905159315
0.0034448997801620578,Irritation,Rage,0.15491271858856964
0.0034448997801620578,Rage,Anxiety,0.0018750459043506624
0.0034448997801620578,Rage,Despair,0.22366616984570797
0.0034448997801620578,Rage,Irritation,0.00278556321974391
0.0034448997801620578,Rage,Rage,0.7716732210301973
0.003614117247318336,Anxiety,Anxiety,0.22893903466194315
0.003614117247318336,Anxiety,Despair,0.6139502596015557
0.003614117247318336,Anxiety,Irritation,0.14512748441441461
0.003614117247318336,Anxiety,Rage,0.01198322132208657
0.003614117247318336,Despair,Anxiety,0.0033932694797535485
0.003614117247318336,Despair,Despair,0.9712448169845501
0.003614117247318336,Despair,Irritation,0.0010811026308420683
0.003614117247318336,Despair,Rage,0.024280810904853952
0.003614117247318336,Irritation,Anxiety,0.23639943514584463
0.003614117247318336,Irritation,Despair,0.28805913029809777
0.003614117247318336,Irritation,Irritation,0.3579111588063665
0.003614117247318336,Irritation,Rage,0.11763027574969075
0.003614117247318336,Rage,Anxiety,0.0020955836367483466
0.003614117247318336,Rage,Despair,0.2589772417693636
0.003614117247318336,Rage,Irritation,0.00448825997628429
0.003614117247318336,Rage,Rage,0.7344389146176038
0.003116489680592456,Anxiety,Anxiety,0.17992660469322133
0.003116489680592456,Anxiety,Despair,0.6270401353374058
0.003116489680592456,Anxiety,Irritation,0.1156779933634543
0.003116489680592456,Anxiety,Rage,0.0773552666059188
0.003116489680592456,Despair,Anxiety,0.04259300996708958
0.003116489680592456,Despair,Despair,0.6709578328798089
0.003116489680592456,Despair,Irritation,0.009061993251037405
0.003116489680592456,Despair,Rage,0.27738716390206436
0.003116489680592456,Irritation,Anxiety,0.2067767458937543
0.003116489680592456,Irritation,Despair,0.253811424702812
0.003116489680592456,Irritation,Irritation,0.3687675372894453
0.003116489680592456,Irritation,Rage,0.17064429211398835
0.003116489680592456,Rage,Anxiety,0.0016438816019735511
0.003116489680592456,Rage,Despair,0.2868856111316078
0.003116489680592456,Rage,Irritation,0.0013787022680619666
0.003116489680592456,Rage,Rage,0.7100918049983568
0.0036726354709717365,Anxiety,Anxiety,0.25819519685600395
0.0036726354709717365,Anxiety,Despair,0.5391875873732948
0.0036726354709717365,Anxiety,Irritation,0.16921835368676424
0.0036726354709717365,Anxiety,Rage,0.03339886208393736
0.0036726354709717365,Despair,Anxiety,0.017630358031092287
0.0036726354709717365,Despair,Despair,0.8585417533293661
0.0036726354709717365,Despair,Irritation,0.006105721090050924
0.0036726354709717365,Despair,Rage,0.11772216754949058
0.0036726354709717365,Irritation,Anxiety,0.24875677660685794
0.0036726354709717365,Irritation,Despair,0.22640555163652423
0.0036726354709717365,Irritation,Irritation,0.363855222136784
0.0036726354709717365,Irritation,Rage,0.1609824496198341
0.0036726354709717365,Rage,Anxiety,0.002052080409766351
0.0036726354709717365,Rage,Despair,0.1361522715980821
0.0036726354709717365,Rage,Irritation,0.003638623309105115
0.0036726354709717365,Rage,Rage,0.8581570246830463
0.0033315083174173857,Anxiety,Anxiety,0.20583503800337918
0.0033315083174173857,Anxiety,Despair,0.5960129416263275
0.0033315083174173857,Anxiety,Irritation,0.13727009772647517
0.0033315083174173857,Anxiety,Rage,0.060881922643818
0.0033315083174173857,Despair,Anxiety,0.03451464800596059
0.0033315083174173857,Despair,Despair,0.7283922818251165
0.0033315083174173857,Despair,Irritation,0.008503172295230654
0.0033315083174173857,Despair,Rage,0.22858989787369247
0.0033315083174173857,Irritation,Anxiety,0.22465391973979765
0.0033315083174173857,Irritation,Despair,0.23675869217165924
0.0033315083174173857,Irritation,Irritation,0.3769797023021152
0.0033315083174173857,Irritation,Rage,0.16160768578642812
0.0033315083174173857,Rage,Anxiety,0.0018297021336551793
0.0033315083174173857,Rage,Despair,0.23807791073237136
0.0033315083174173857,Rage,Irritation,0.002535124933191502
0.0033315083174173857,Rage,Rage,0.7575572622007822
0.0035078355252581416,Anxiety,Anxiety,0.21145527728398264
0.0035078355252581416,Anxiety,Despair,0.5804616787576344
0.0035078355252581416,Anxiety,Irritation,0.16262106421382766
0.0035078355252581416,Anxiety,Rage,0.045461979744555105
0.0035078355252581416,Despair,Anxiety,0.025765868679281868
0.0035078355252581416,Despair,Despair,0.7973089049162844
0.0035078355252581416,Despair,Irritation,0.007658450822100924
0.0035078355252581416,Despair,Rage,0.16926677558233308
0.0035078355252581416,Irritation,Anxiety,0.22589252734694718
0.0035078355252581416,Irritation,Despair,0.22981242813361766
0.0035078355252581416,Irritation,Irritation,0.3775196915114388
0.0035078355252581416,Irritation,Rage,0.16677535300799648
0.0035078355252581416,Rage,Anxiety,0.002005875350490289
0.0035078355252581416,Rage,Despair,0.17955662756640417
0.0035078355252581416,Rage,Irritation,0.003877814116366416
0.0035078355252581416,Rage,Rage,0.8145596829667392
0.003447563616788866,Anxiety,Anxiety,0.18830708687639242
0.003447563616788866,Anxiety,Despair,0.6455936650151753
0.003447563616788866,Anxiety,Irritation,0.12963190006894337
0.003447563616788866,Anxiety,Rage,0.036467348039488645
0.003447563616788866,Despair,Anxiety,0.018539388489250568
0.003447563616788866,Despair,Despair,0.8518222664000219
0.003447563616788866,Despair,Irritation,0.0048757537727926355
0.003447563616788866,Despair,Rage,0.12476259133793492
0.003447563616788866,Irritation,Anxiety,0.21590544225912708
0.003447563616788866,Irritation,Despair,0.27857154802360845
0.003447563616788866,Irritation,Irritation,0.36829922489154826
0.003447563616788866,Irritation,Rage,0.13722378482571643
0.003447563616788866,Rage,Anxiety,0.0019699473837021192
0.003447563616788866,Rage,Despair,0.3224057972487519
0.003447563616788866,Rage,Irritation,0.004125931324987249
0.003447563616788866,Rage,Rage,0.6714983240425587
0.002838595323437157,Anxiety,Anxiety,0.227933791719507
0.002838595323437157,Anxiety,Despair,0.6130324882203477
0.002838595323437157,Anxiety,Irritation,0.09230225390781283
0.002838595323437157,Anxiety,Rage,0.0667314661523325
0.002838595323437157,Despair,Anxiety,0.03566057909636711
0.002838595323437157,Despair,Despair,0.7114033588975512
0.002838595323437157,Despair,Irritation,0.006484095150713399
0.002838595323437157,Despair,Rage,0.24645196685536813
0.002838595323437157,Irritation,Anxiety,0.2341841723243546
0.002838595323437157,Irritation,Despair,0.2678384543479466
0.002838595323437157,Irritation,Irritation,0.36184389486750074
0.002838595323437157,Irritation,Rage,0.13613347846019813
0.002838595323437157,Rage,Anxiety,0.0010465555843510459
0.002838595323437157,Rage,Despair,0.42576323406657546
0.002838595323437157,Rage,Irritation,0.0005541757305885571
0.002838595323437157,Rage,Rage,0.5726360346184848
0.0032342830664537805,Anxiety,Anxiety,0.18266032755904055
0.0032342830664537805,Anxiety,Despair,0.6525517637392131
0.0032342830664537805,Anxiety,Irritation,0.11543636000928263
0.0032342830664537805,Anxiety,Rage,0.04935154869246351
0.0032342830664537805,Despair,Anxiety,0.025340381832052502
0.0032342830664537805,Despair,Despair,0.7965580585718504
0.0032342830664537805,Despair,Irritation,0.005584263465382531
0.0032342830664537805,Despair,Rage,0.17251729613071468
0.0032342830664537805,Irritation,Anxiety,0.21617791073997636
0.0032342830664537805,Irritation,Despair,0.2674502770504354
0.0032342830664537805,Irritation,Irritation,0.377927227057341
0.0032342830664537805,Irritation,Rage,0.1384445851522474
0.0032342830664537805,Rage,Anxiety,0.001726751742186483
0.0032342830664537805,Rage,Despair,0.36973377510351113
0.0032342830664537805,Rage,Irritation,0.00276565881988233
0.0032342830664537805,Rage,Rage,0.6257738143344205
0.0036060848772086246,Anxiety,Anxiety,0.2367461927224263
0.0036060848772086246,Anxiety,Despair,0.5852889404001068
0.0036060848772086246,Anxiety,Irritation,0.1558054002981473
0.0036060848772086246,Anxiety,Rage,0.02215946657931964
0.0036060848772086246,Despair,Anxiety,0.009731752596504807
0.0036060848772086246,Despair,Despair,0.9201313304052238
0.0036060848772086246,Despair,Irritation,0.0031861090756805733
0.0036060848772086246,Despair,Rage,0.06695080792259046
0.0036060848772086246,Irritation,Anxiety,0.23790856017226528
0.0036060848772086246,Irritation,Despair,0.25434219880564674
0.0036060848772086246,Irritation,Irritation,0.35956667728012626
0.0036060848772086246,Irritation,Rage,0.1481825637419621
0.0036060848772086246,Rage,Anxiety,0.0020067624729857487
0.0036060848772086246,Rage,Despair,0.15474051400729769
0.0036060848772086246,Rage,Irritation,0.0034723933928279254
0.0036060848772086246,Rage,Rage,0.8397803301268887
0.0027704038292080337,Anxiety,Anxiety,0.22400334411658415
0.0027704038292080337,Anxiety,Despair,0.6074048953220128
0.0027704038292080337,Anxiety,Irritation,0.09963565874827326
0.0027704038292080337,Anxiety,Rage,0.06895610181312996
0.0027704038292080337,Despair,Anxiety,0.03703650297578417
0.0027704038292080337,Despair,Despair,0.6971403653419477
0.0027704038292080337,Despair,Irritation,0.006840360081627587
0.0027704038292080337,Despair,Rage,0.25898277160064076
0.0027704038292080337,Irritation,Anxiety,0.22714007277125367
0.0027704038292080337,Irritation,Despair,0.25861227763848676
0.0027704038292080337,Irritation,Irritation,0.3642687449958119
0.0027704038292080337,Irritation,Rage,0.1499789045944478
0.0027704038292080337,Rage,Anxiety,0.0011073682191212958
0.0027704038292080337,Rage,Despair,0.3535295910133231
0.0027704038292080337,Rage,Irritation,0.0007157524753558755
0.0027704038292080337,Rage,Rage,0.6446472882921996
0.0029775906684902497,Anxiety,Anxiety,0.1851227509032568
0.0029775906684902497,Anxiety,Despair,0.6199492986167472
0.0029775906684902497,Anxiety,Irritation,0.11345319862434208
0.0029775906684902497,Anxiety,Rage,0.08147475185565378
0.0029775906684902497,Despair,Anxiety,0.04495314001120883
0.0029775906684902497,Despair,Despair,0.6501605209420368
0.0029775906684902497,Despair,Irritation,0.009261055015546273
0.0029775906684902497,Despair,Rage,0.2956252840312084
0.0029775906684902497,Irritation,Anxiety,0.20701464766621142
0.0029775906684902497,Irritation,Despair,0.2508711871886937
0.0029775906684902497,Irritation,Irritation,0.3714523621083723
0.0029775906684902497,Irritation,Rage,0.17066180303672246
0.0029775906684902497,Rage,Anxiety,0.0014908066989228336
0.0029775906684902497,Rage,Despair,0.30025600002630953
0.0029775906684902497,Rage,Irritation,0.0010767815473037047
0.0029775906684902497,Rage,Rage,0.697176411727464
0.003562843928918479,Anxiety,Anxiety,0.24068942290327122
0.003562843928918479,Anxiety,Despair,0.5827947755692137
0.003562843928918479,Anxiety,Irritation,0.15046908576211177
0.003562843928918479,Anxiety,Rage,0.02604671576540324
0.003562843928918479,Despair,Anxiety,0.012204231346522092
0.003562843928918479,Despair,Despair,0.9006800583052842
0.003562843928918479,Despair,Irritation,0.003598658158940193
0.003562843928918479,Despair,Rage,0.08351705218925347
0.003562843928918479,Irritation,Anxiety,0.24054025473875087
0.003562843928918479,Irritation,Despair,0.25385080371217417
0.003562843928918479,Irritation,Irritation,0.3569864889351326
0.003562843928918479,Irritation,Rage,0.1486224526139421
0.003562843928918479,Rage,Anxiety,0.001980243157566164
0.003562843928918479,Rage,Despair,0.17710731519374479
0.003562843928918479,Rage,Irritation,0.003395033049604184
0.003562843928918479,Rage,Rage,0.8175174085990847
0.003272105356224407,Anxiety,Anxiety,0.18178436483482313
0.003272105356224407,Anxiety,Despair,0.6216346323201141
0.003272105356224407,Anxiety,Irritation,0.12971615165456374
0.003272105356224407,Anxiety,Rage,0.06686485119049886
0.003272105356224407,Despair,Anxiety,0.03648739564418305
0.003272105356224407,Despair,Despair,0.7108317404801758
0.003272105356224407,Despair,Irritation,0.008455381713638587
0.003272105356224407,Despair,Rage,0.24422548216200227
0.003272105356224407,Irritation,Anxiety,0.2106683730907401
0.003272105356224407,Irritation,Despair,0.2424799000980357
0.003272105356224407,Irritation,Irritation,0.38274459871016364
0.003272105356224407,Irritation,Rage,0.1641071281010607
0.003272105356224407,Rage,Anxiety,0.0017516026468727016
0.003272105356224407,Rage,Despair,0.25270923381984384
0.003272105356224407,Rage,Irritation,0.0021987793445778147
0.003272105356224407,Rage,Rage,0.7433403841887055
0.003409702307477974,Anxiety,Anxiety,0.17893348378037388
0.003409702307477974,Anxiety,Despair,0.657917071689166
0.003409702307477974,Anxiety,Irritation,0.12320629132716045
0.003409702307477974,Anxiety,Rage,0.03994315320329908
0.003409702307477974,Despair,Anxiety,0.020312262426913263
0.003409702307477974,Despair,Despair,0.838794123318486
0.003409702307477974,Despair,Irritation,0.00479150287053468
0.003409702307477974,Despair,Rage,0.13610211138406608
0.003409702307477974,Irritation,Anxiety,0.20976733428802244
0.003409702307477974,Irritation,Despair,0.28513020202973616
0.003409702307477974,Irritation,Irritation,0.3617200050153904
0.003409702307477974,Irritation,Rage,0.1433824586668511
0.003409702307477974,Rage,Anxiety,0.0019083162914174739
0.003409702307477974,Rage,Despair,0.3337266875404309
0.003409702307477974,Rage,Irritation,0.0037770338256776074
0.003409702307477974,Rage,Rage,0.6605879623424743
0.0029403595803123308,Anxiety,Anxiety,0.1961781487206553
0.0029403595803123308,Anxiety,Despair,0.6342961318661592
0.0029403595803123308,Anxiety,Irritation,0.10652447787236315
0.0029403595803123308,Anxiety,Rage,0.06300124154082268
0.0029403595803123308,Despair,Anxiety,0.034022673834946775
0.0029403595803123308,Despair,Despair,0.7337657062322496
0.0029403595803123308,Despair,Irritation,0.006599997907289373
0.0029403595803123308,Despair,Rage,0.22561162202551435
0.0029403595803123308,Irritation,Anxiety,0.2199883276360942
0.0029403595803123308,Irritation,Despair,0.2527815211551819
0.0029403595803123308,Irritation,Irritation,0.3648577643847781
0.0029403595803123308,Irritation,Rage,0.16237238682394606
0.0029403595803123308,Rage,Anxiety,0.001489512334931676
0.0029403595803123308,Rage,Despair,0.3265830860799364
0.0029403595803123308,Rage,Irritation,0.0013820037403185494
0.0029403595803123308,Rage,Rage,0.6705453978448137
0.0033249974595526447,Anxiety,Anxiety,0.22276444128329093
0.0033249974595526447,Anxiety,Despair,0.6071449238518839
0.0033249974595526447,Anxiety,Irritation,0.13145366576088938
0.0033249974595526447,Anxiety,Rage,0.03863696910393594
0.0033249974595526447,Despair,Anxiety,0.020534417380189567
0.0033249974595526447,Despair,Despair,0.8366965665085455
0.0033249974595526447,Despair,Irritation,0.005435005731127744
0.0033249974595526447,Despair,Rage,0.13733401038013696
0.0033249974595526447,Irritation,Anxiety,0.23435354740883246
0.0033249974595526447,Irritation,Despair,0.2702121640201356
0.0033249974595526447,Irritation,Irritation,0.3634444280290867
0.0033249974595526447,Irritation,Rage,0.13198986054194542
0.0033249974595526447,Rage,Anxiety,0.001916738834755064
0.0033249974595526447,Rage,Despair,0.340601168667165
0.0033249974595526447,Rage,Irritation,0.004053351454795676
0.0033249974595526447,Rage,Rage,0.6534287410432843
0.0037253531108008774,Anxiety,Anxiety,0.27763154467725093
0.0037253531108008774,Anxiety,Despair,0.524361424424768
0.0037253531108008774,Anxiety,Irritation,0.1664293322719361
0.0037253531108008774,Anxiety,Rage,0.03157769862604551
0.0037253531108008774,Despair,Anxiety,0.015500356024612716
0.0037253531108008774,Despair,Despair,0.8740159796848819
0.0037253531108008774,Despair,Irritation,0.005043544859131492
0.0037253531108008774,Despair,Rage,0.10544011943137394
0.0037253531108008774,Irritation,Anxiety,0.20836521331460098
0.0037253531108008774,Irritation,Despair,0.1285659012863454
0.0037253531108008774,Irritation,Irritation,0.33879140354211956
0.0037253531108008774,Irritation,Rage,0.3242774818569339
0.0037253531108008774,Rage,Anxiety,0.0023138793001275626
0.0037253531108008774,Rage,Despair,0.1438956153752034
0.0037253531108008774,Rage,Irritation,0.0034073232365497176
0.0037253531108008774,Rage,Rage,0.8503831820881195
0.003919220706439714,Anxiety,Anxiety,0.30215608112817866
0.003919220706439714,Anxiety,Despair,0.5093954522256983
0.003919220706439714,Anxiety,Irritation,0.17785213807151387
0.003919220706439714,Anxiety,Rage,0.010596328574609262
0.003919220706439714,Despair,Anxiety,5.8045249828554875e-06
0.003919220706439714,Despair,Despair,0.9974580603255999
0.003919220706439714,Despair,Irritation,0.0006125030563194898
0.003919220706439714,Despair,Rage,0.0019236320930977587
0.003919220706439714,Irritation,Anxiety,0.21368873148103204
0.003919220706439714,Irritation,Despair,0.1118211086399168
0.003919220706439714,Irritation,Irritation,0.35644446869224317
0.003919220706439714,Irritation,Rage,0.318045691186808
0.003919220706439714,Rage,Anxiety,0.0023785337346081165
0.003919220706439714,Rage,Despair,0.02286445795280551
0.003919220706439714,Rage,Irritation,0.0019012726546907643
0.003919220706439714,Rage,Rage,0.9728557356578956
0.0037626245550922166,Anxiety,Anxiety,0.2942302563294748
0.0037626245550922166,Anxiety,Despair,0.5217363424601859
0.0037626245550922166,Anxiety,Irritation,0.1644698121070975
0.0037626245550922166,Anxiety,Rage,0.019563589103242126
0.0037626245550922166,Despair,Anxiety,0.006850784528949465
0.0037626245550922166,Despair,Despair,0.9427491607316371
0.0037626245550922166,Despair,Irritation,0.0026203867588495385
0.0037626245550922166,Despair,Rage,0.04777966798056405
0.0037626245550922166,Irritation,Anxiety,0.21733219192435577
0.0037626245550922166,Irritation,Despair,0.15561039871556256
0.0037626245550922166,Irritation,Irritation,0.35091419498256515
0.0037626245550922166,Irritation,Rage,0.27614321437751704
0.0037626245550922166,Rage,Anxiety,0.0024680106279011843
0.0037626245550922166,Rage,Despair,0.22493149767568732
0.0037626245550922166,Rage,Irritation,0.00495664485002686
0.0037626245550922166,Rage,Rage,0.7676438468463849
0.0030922536158881292,Anxiety,Anxiety,0.17759109210684088
0.0030922536158881292,Anxiety,Despair,0.6688582121172332
0.0030922536158881292,Anxiety,Irritation,0.09457263809267465
0.0030922536158881292,Anxiety,Rage,0.0589780576832513
0.0030922536158881292,Despair,Anxiety,0.02933859780111271
0.0030922536158881292,Despair,Despair,0.7630535710144759
0.0030922536158881292,Despair,Irritation,0.0055716408714039595
0.0030922536158881292,Despair,Rage,0.20203619031300749
0.0030922536158881292,Irritation,Anxiety,0.19087591258494613
0.0030922536158881292,Irritation,Despair,0.16776118470497448
0.0030922536158881292,Irritation,Irritation,0.32482464951713963
0.0030922536158881292,Irritation,Rage,0.31653825319293993
0.0030922536158881292,Rage,Anxiety,0.0016153850964721807
0.0030922536158881292,Rage,Despair,0.4070184682932327
0.0030922536158881292,Rage,Irritation,0.0013638442199815793
0.0030922536158881292,Rage,Rage,0.5900023023903135
0.0029595579370147065,Anxiety,Anxiety,0.16947660444098894
0.0029595579370147065,Anxiety,Despair,0.669586957896741
0.0029595579370147065,Anxiety,Irritation,0.09687162104677784
0.0029595579370147065,Anxiety,Rage,0.06406481661549189
0.0029595579370147065,Despair,Anxiety,0.03277640017445574
0.0029595579370147065,Despair,Despair,0.7415370517543239
0.0029595579370147065,Despair,Irritation,0.006498199481615184
0.0029595579370147065,Despair,Rage,0.21918834858960518
0.0029595579370147065,Irritation,Anxiety,0.18226421452279698
0.0029595579370147065,Irritation,Despair,0.1630371075772165
0.0029595579370147065,Irritation,Irritation,0.3169245191225748
0.0029595579370147065,Irritation,Rage,0.33777415877741235
0.0029595579370147065,Rage,Anxiety,0.0017209772912193779
0.0029595579370147065,Rage,Despair,0.33343455852067994
0.0029595579370147065,Rage,Irritation,0.0012730398037612489
0.0029595579370147065,Rage,Rage,0.6635714243843395
0.0034212493532486074,Anxiety,Anxiety,0.1829370797086743
0.0034212493532486074,Anxiety,Despair,0.6531639718300998
0.0034212493532486074,Anxiety,Irritation,0.12578953804529114
0.0034212493532486074,Anxiety,Rage,0.038109410415934485
0.0034212493532486074,Despair,Anxiety,0.019212526158062557
0.0034212493532486074,Despair,Despair,0.8462536373425561
0.0034212493532486074,Despair,Irritation,0.004872602612068088
0.0034212493532486074,Despair,Rage,0.1296612338873133
0.0034212493532486074,Irritation,Anxiety,0.186090734267201
0.0034212493532486074,Irritation,Despair,0.15481127682313423
0.0034212493532486074,Irritation,Irritation,0.3599329124205245
0.0034212493532486074,Irritation,Rage,0.29916507648914026
0.0034212493532486074,Rage,Anxiety,0.002117217706810232
0.0034212493532486074,Rage,Despair,0.25005109405525006
0.0034212493532486074,Rage,Irritation,0.002848935681877858
0.0034212493532486074,Rage,Rage,0.7449827525560618
0.003672383076536854,Anxiety,Anxiety,0.24461997652515668
0.003672383076536854,Anxiety,Despair,0.557541125791411
0.003672383076536854,Anxiety,Irritation,0.16601254532310536
0.003672383076536854,Anxiety,Rage,0.03182635236032706
0.003672383076536854,Despair,Anxiety,0.01601589787983203
0.003672383076536854,Despair,Despair,0.8700203338772774
0.003672383076536854,Despair,Irritation,0.0054620084303855275
0.003672383076536854,Despair,Rage,0.1085017598125051
0.003672383076536854,Irritation,Anxiety,0.19839607312276078
0.003672383076536854,Irritation,Despair,0.13066177674476534
0.003672383076536854,Irritation,Irritation,0.3500183331823093
0.003672383076536854,Irritation,Rage,0.32092381695016464
0.003672383076536854,Rage,Anxiety,0.0023236540861721598
0.003672383076536854,Rage,Despair,0.14205317349732566
0.003672383076536854,Rage,Irritation,0.0036290398309746915
0.003672383076536854,Rage,Rage,0.8519941325855276
0.003561019003884237,Anxiety,Anxiety,0.22399566164569673
0.003561019003884237,Anxiety,Despair,0.5784102771126097
0.003561019003884237,Anxiety,Irritation,0.15401387922576157
0.003561019003884237,Anxiety,Rage,0.04358018201593181
0.003561019003884237,Despair,Anxiety,0.02396325496592282
0.003561019003884237,Despair,Despair,0.8103466144248855
0.003561019003884237,Despair,Irritation,0.00711793353144958
0.003561019003884237,Despair,Rage,0.15857219707774214
0.003561019003884237,Irritation,Anxiety,0.1931544421819271
0.003561019003884237,Irritation,Despair,0.13730272505238986
0.003561019003884237,Irritation,Irritation,0.344743379090861
0.003561019003884237,Irritation,Rage,0.3247994536748223
0.003561019003884237,Rage,Anxiety,0.002250050855013173
0.003561019003884237,Rage,Despair,0.18677036873336433
0.003561019003884237,Rage,Irritation,0.003461091106187835
0.003561019003884237,Rage,Rage,0.8075184893054347
0.003972462563011906,Anxiety,Anxiety,0.29153038619244076
0.003972462563011906,Anxiety,Despair,0.5209717699871927
0.003972462563011906,Anxiety,Irritation,0.17720676281941217
0.003972462563011906,Anxiety,Rage,0.010291081000954015
0.003972462563011906,Despair,Anxiety,2.034262365508889e-06
0.003972462563011906,Despair,Despair,0.9988502536126943
0.003972462563011906,Despair,Irritation,0.0006440051047928641
0.003972462563011906,Despair,Rage,0.0005037070201473825
0.003972462563011906,Irritation,Anxiety,0.21168155887935833
0.003972462563011906,Irritation,Despair,0.0941645747593751
0.003972462563011906,Irritation,Irritation,0.3565381840575283
0.003972462563011906,Irritation,Rage,0.3376156823037385
0.003972462563011906,Rage,Anxiety,0.0022584279597243164
0.003972462563011906,Rage,Despair,0.005875190276974582
0.003972462563011906,Rage,Irritation,0.001521796796751088
0.003972462563011906,Rage,Rage,0.9903445849665499
0.003637437554143787,Anxiety,Anxiety,0.2742047319713854
0.003637437554143787,Anxiety,Despair,0.5453632961319971
0.003637437554143787,Anxiety,Irritation,0.15697811814650683
0.003637437554143787,Anxiety,Rage,0.023453853750110762
0.003637437554143787,Despair,Anxiety,0.010072144433388806
0.003637437554143787,Despair,Despair,0.9168557535451172
0.003637437554143787,Despair,Irritation,0.003413092334899904
0.003637437554143787,Despair,Rage,0.06965900968659389
0.003637437554143787,Irritation,Anxiety,0.21238297253751345
0.003637437554143787,Irritation,Despair,0.16223043421093372
0.003637437554143787,Irritation,Irritation,0.349699282816777
0.003637437554143787,Irritation,Rage,0.2756873104347758
0.003637437554143787,Rage,Anxiety,0.0024306810708227536
0.003637437554143787,Rage,Despair,0.27074258400409884
0.003637437554143787,Rage,Irritation,0.005322585548280039
0.003637437554143787,Rage,Rage,0.7215041493767983
0.0036023097345276754,Anxiety,Anxiety,0.2725319193756283
0.0036023097345276754,Anxiety,Despair,0.5490754535915223
0.0036023097345276754,Anxiety,Irritation,0.15449690834617844
0.0036023097345276754,Anxiety,Rage,0.023895718686670654
0.0036023097345276754,Despair,Anxiety,0.010439155652529168
0.0036023097345276754,Despair,Despair,0.9141150143963236
0.0036023097345276754,Despair,Irritation,0.003624455233300598
0.0036023097345276754,Despair,Rage,0.07182137471784661
0.0036023097345276754,Irritation,Anxiety,0.21186760381911562
0.0036023097345276754,Irritation,Despair,0.16460877739905116
0.0036023097345276754,Irritation,Irritation,0.35246179647607373
0.0036023097345276754,Irritation,Rage,0.2710618223057594
0.0036023097345276754,Rage,Anxiety,0.002422241508921464
0.0036023097345276754,Rage,Despair,0.2770453899795705
0.0036023097345276754,Rage,Irritation,0.005326294660957749
0.0036023097345276754,Rage,Rage,0.71520607385055
0.0031687355128738734,Anxiety,Anxiety,0.17493286168857208
0.0031687355128738734,Anxiety,Despair,0.6568950278685074
0.0031687355128738734,Anxiety,Irritation,0.11635013553148602
0.0031687355128738734,Anxiety,Rage,0.051821974911435094
0.0031687355128738734,Despair,Anxiety,0.026022785410980277
0.0031687355128738734,Despair,Despair,0.7888509804658415
0.0031687355128738734,Despair,Irritation,0.005489283362177821
0.0031687355128738734,Despair,Rage,0.17963695076100053
0.0031687355128738734,Irritation,Anxiety,0.1836822947844052
0.0031687355128738734,Irritation,Despair,0.1540998935207423
0.0031687355128738734,Irritation,Irritation,0.32897332772102905
0.0031687355128738734,Irritation,Rage,0.3332444839738237
0.0031687355128738734,Rage,Anxiety,0.0019449438907737013
0.0031687355128738734,Rage,Despair,0.2975275911487489
0.0031687355128738734,Rage,Irritation,0.002240072458957618
0.0031687355128738734,Rage,Rage,0.6982873925015198
0.003049709116602909,Anxiety,Anxiety,0.16946551401175672
0.003049709116602909,Anxiety,Despair,0.6260554922806916
0.003049709116602909,Anxiety,Irritation,0.12892264286879285
0.003049709116602909,Anxiety,Rage,0.07555635083875856
0.003049709116602909,Despair,Anxiety,0.040418143663017436
0.003049709116602909,Despair,Despair,0.6800298140571044
0.003049709116602909,Despair,Irritation,0.008489537769809645
0.003049709116602909,Despair,Rage,0.27106250451006836
0.003049709116602909,Irritation,Anxiety,0.17059320286584648
0.003049709116602909,Irritation,Despair,0.1133140236524229
0.003049709116602909,Irritation,Irritation,0.28956882270244966
0.003049709116602909,Irritation,Rage,0.42652395077928107
0.003049709116602909,Rage,Anxiety,0.0018169074461518513
0.003049709116602909,Rage,Despair,0.15212798839289662
0.003049709116602909,Rage,Irritation,0.001072344449379075
0.003049709116602909,Rage,Rage,0.8449827597115722
0.0038694102622236727,Anxiety,Anxiety,0.319967123002785
0.0038694102622236727,Anxiety,Despair,0.48310048336970596
0.0038694102622236727,Anxiety,Irritation,0.18568919832262246
0.0038694102622236727,Anxiety,Rage,0.011243195304886782
0.0038694102622236727,Despair,Anxiety,7.918961565846233e-06
0.0038694102622236727,Despair,Despair,0.9970481546213457
0.0038694102622236727,Despair,Irritation,0.0007160955982723155
0.0038694102622236727,Despair,Rage,0.0022278308188161027
0.0038694102622236727,Irritation,Anxiety,0.21714256004232624
0.0038694102622236727,Irritation,Despair,0.10803392807977708
0.0038694102622236727,Irritation,Irritation,0.36665535318125947
0.0038694102622236727,Irritation,Rage,0.308168158696637
0.0038694102622236727,Rage,Anxiety,0.0023608693513847
0.0038694102622236727,Rage,Despair,0.023200161750546767
0.0038694102622236727,Rage,Irritation,0.0022238801944851993
0.0038694102622236727,Rage,Rage,0.9722150887035832
0.0034154674599531937,Anxiety,Anxiety,0.20819767000693667
0.0034154674599531937,Anxiety,Despair,0.6261441232844295
0.0034154674599531937,Anxiety,Irritation,0.12615531043819103
0.0034154674599531937,Anxiety,Rage,0.03950289627044285
0.0034154674599531937,Despair,Anxiety,0.020455136561414216
0.0034154674599531937,Despair,Despair,0.8368408805442087
0.0034154674599531937,Despair,Irritation,0.0052108469454440875
0.0034154674599531937,Despair,Rage,0.137493135948933
0.0034154674599531937,Irritation,Anxiety,0.19841944905059167
0.0034154674599531937,Irritation,Despair,0.16788712608092202
0.0034154674599531937,Irritation,Irritation,0.3605970764851965
0.0034154674599531937,Irritation,Rage,0.2730963483832899
0.0034154674599531937,Rage,Anxiety,0.0020751403357382545
0.0034154674599531937,Rage,Despair,0.3529253233743638
0.0034154674599531937,Rage,Irritation,0.0035750494909260844
0.0034154674599531937,Rage,Rage,0.641424486798972
0.0036566251936708005,Anxiety,Anxiety,0.2859151126620792
0.0036566251936708005,Anxiety,Despair,0.5352374635195012
0.0036566251936708005,Anxiety,Irritation,0.15364799658407488
0.0036566251936708005,Anxiety,Rage,0.025199427234344426
0.0036566251936708005,Despair,Anxiety,0.010700972338187743
0.0036566251936708005,Despair,Despair,0.911799075800997
0.0036566251936708005,Despair,Irritation,0.003345233114848138
0.0036566251936708005,Despair,Rage,0.07415471874596707
0.0036566251936708005,Irritation,Anxiety,0.21526807733695758
0.0036566251936708005,Irritation,Despair,0.161486675328489
0.0036566251936708005,Irritation,Irritation,0.3404187973886347
0.0036566251936708005,Irritation,Rage,0.28282644994591855
0.0036566251936708005,Rage,Anxiety,0.0023721826879345336
0.0036566251936708005,Rage,Despair,0.2753580624826071
0.0036566251936708005,Rage,Irritation,0.004789489800803466
0.0036566251936708005,Rage,Rage,0.717480265028655
0.0029647368802202907,Anxiety,Anxiety,0.1913548174310817
0.0029647368802202907,Anxiety,Despair,0.6199121283164789
0.0029647368802202907,Anxiety,Irritation,0.10474213745484977
0.0029647368802202907,Anxiety,Rage,0.08399091679758937
0.0029647368802202907,Despair,Anxiety,0.046487884640312026
0.0029647368802202907,Despair,Despair,0.6397264926502025
0.0029647368802202907,Despair,Irritation,0.009552135549256014
0.0029647368802202907,Despair,Rage,0.30423348716022974
0.0029647368802202907,Irritation,Anxiety,0.1858513872892735
0.0029647368802202907,Irritation,Despair,0.1461182737622857
0.0029647368802202907,Irritation,Irritation,0.32293927484020446
0.0029647368802202907,Irritation,Rage,0.34509106410823664
0.0029647368802202907,Rage,Anxiety,0.001552819691779754
0.0029647368802202907,Rage,Despair,0.32413481430318103
0.0029647368802202907,Rage,Irritation,0.0006719770673402261
0.0029647368802202907,Rage,Rage,0.6736403889376991
0.0032620074570499343,Anxiety,Anxiety,0.1744330097604013
0.0032620074570499343,Anxiety,Despair,0.6189067768019556
0.0032620074570499343,Anxiety,Irritation,0.14243590042030954
0.0032620074570499343,Anxiety,Rage,0.06422431301733357
0.0032620074570499343,Despair,Anxiety,0.034937025611615595
0.0032620074570499343,Despair,Despair,0.7219599775646117
0.0032620074570499343,Despair,Irritation,0.008597677917116216
0.0032620074570499343,Despair,Rage,0.23450531890665663
0.0032620074570499343,Irritation,Anxiety,0.17604254230501026
0.0032620074570499343,Irritation,Despair,0.1412538265407841
0.0032620074570499343,Irritation,Irritation,0.3398823746586428
0.0032620074570499343,Irritation,Rage,0.34282125649556305
0.0032620074570499343,Rage,Anxiety,0.0020708796506921584
0.0032620074570499343,Rage,Despair,0.24964023682148512
0.0032620074570499343,Rage,Irritation,0.002873661934491006
0.0032620074570499343,Rage,Rage,0.7454152215933318
0.0029917209770633332,Anxiety,Anxiety,0.18882274608953328
0.0029917209770633332,Anxiety,Despair,0.6458243378619656
0.0029917209770633332,Anxiety,Irritation,0.10271562115834346
0.0029917209770633332,Anxiety,Rage,0.06263729489015764
0.0029917209770633332,Despair,Anxiety,0.03241893193122182
0.0029917209770633332,Despair,Despair,0.7398145578138063
0.0029917209770633332,Despair,Irritation,0.006352750399066358
0.0029917209770633332,Despair,Rage,0.2214137598559054
0.0029917209770633332,Irritation,Anxiety,0.19039880121769617
0.0029917209770633332,Irritation,Despair,0.15409560622175497
0.0029917209770633332,Irritation,Irritation,0.3225525577563606
0.0029917209770633332,Irritation,Rage,0.3329530348041879
0.0029917209770633332,Rage,Anxiety,0.0016694610242231386
0.0029917209770633332,Rage,Despair,0.3356130687522537
0.0029917209770633332,Rage,Irritation,0.0012997686034406258
0.0029917209770633332,Rage,Rage,0.661417701620083
0.003154708862534706,Anxiety,Anxiety,0.23417229499917994
0.003154708862534706,Anxiety,Despair,0.6381148860121478
0.003154708862534706,Anxiety,Irritation,0.1069123327424515
0.003154708862534706,Anxiety,Rage,0.020800486246220922
0.003154708862534706,Despair,Anxiety,0.00829135088786491
0.003154708862534706,Despair,Despair,0.9312473798530828
0.003154708862534706,Despair,Irritation,0.0017679699879964894
0.003154708862534706,Despair,Rage,0.05869329927105582
0.003154708862534706,Irritation,Anxiety,0.21114503015672234
0.003154708862534706,Irritation,Despair,0.1904957819987541
0.003154708862534706,Irritation,Irritation,0.34554980426021353
0.003154708862534706,Irritation,Rage,0.25280938358431
0.003154708862534706,Rage,Anxiety,0.0018091982239619342
0.003154708862534706,Rage,Despair,0.4217683649742193
0.003154708862534706,Rage,Irritation,0.0029027130414231318
0.003154708862534706,Rage,Rage,0.5735197237603954
0.0036855736196471575,Anxiety,Anxiety,0.27167163503609537
0.0036855736196471575,Anxiety,Despair,0.550165410598897
0.0036855736196471575,Anxiety,Irritation,0.15569848137175396
0.0036855736196471575,Anxiety,Rage,0.022464472993253572
0.0036855736196471575,Despair,Anxiety,0.009312997406052573
0.0036855736196471575,Despair,Despair,0.922805020382379
0.0036855736196471575,Despair,Irritation,0.0032347076698199316
0.0036855736196471575,Despair,Rage,0.06464727454174884
0.0036855736196471575,Irritation,Anxiety,0.21290579117581127
0.0036855736196471575,Irritation,Despair,0.1613001292650147
0.0036855736196471575,Irritation,Irritation,0.35425053028515574
0.0036855736196471575,Irritation,Rage,0.2715435492740185
0.0036855736196471575,Rage,Anxiety,0.002423581932343671
0.0036855736196471575,Rage,Despair,0.26002093453869934
0.0036855736196471575,Rage,Irritation,0.004958466634868079
0.0036855736196471575,Rage,Rage,0.7325970168940892
0.002931799075182564,Anxiety,Anxiety,0.19794818745059498
0.002931799075182564,Anxiety,Despair,0.6472627511900545
0.002931799075182564,Anxiety,Irritation,0.09360192638954289
0.002931799075182564,Anxiety,Rage,0.061187134969807384
0.002931799075182564,Despair,Anxiety,0.03169513116362935
0.002931799075182564,Despair,Despair,0.7468060894807275
0.002931799075182564,Despair,Irritation,0.006234109706354484
0.002931799075182564,Despair,Rage,0.21526466964928878
0.002931799075182564,Irritation,Anxiety,0.1997181211761314
0.002931799075182564,Irritation,Despair,0.16581805440502687
0.002931799075182564,Irritation,Irritation,0.3464447491187391
0.002931799075182564,Irritation,Rage,0.2880190753001025
0.002931799075182564,Rage,Anxiety,0.0014991426000055001
0.002931799075182564,Rage,Despair,0.4205837168382971
0.002931799075182564,Rage,Irritation,0.0011628044190349852
0.002931799075182564,Rage,Rage,0.5767543361426626
0.003231105017613746,Anxiety,Anxiety,0.20661793524398508
0.003231105017613746,Anxiety,Despair,0.628992618404522
0.003231105017613746,Anxiety,Irritation,0.11897939042952685
0.003231105017613746,Anxiety,Rage,0.04541005592196628
0.003231105017613746,Despair,Anxiety,0.023865380610645366
0.003231105017613746,Despair,Despair,0.8106065346538971
0.003231105017613746,Despair,Irritation,0.005325001107862277
0.003231105017613746,Despair,Rage,0.1602030836275955
0.003231105017613746,Irritation,Anxiety,0.19795721917466902
0.003231105017613746,Irritation,Despair,0.1674344729019526
0.003231105017613746,Irritation,Irritation,0.3475794227914906
0.003231105017613746,Irritation,Rage,0.2870288851318878
0.003231105017613746,Rage,Anxiety,0.0019327203475639162
0.003231105017613746,Rage,Despair,0.3781250179994765
0.003231105017613746,Rage,Irritation,0.0030357157820616707
0.003231105017613746,Rage,Rage,0.6169065458708978
0.0034517944942862038,Anxiety,Anxiety,0.2088892444582271
0.0034517944942862038,Anxiety,Despair,0.6251019910550855
0.0034517944942862038,Anxiety,Irritation,0.13244143487564916
0.0034517944942862038,Anxiety,Rage,0.033567329611038504
0.0034517944942862038,Despair,Anxiety,0.01679460680953568
0.0034517944942862038,Despair,Despair,0.8644190420584658
0.0034517944942862038,Despair,Irritation,0.004826208698786078
0.0034517944942862038,Despair,Rage,0.11396014243321259
0.0034517944942862038,Irritation,Anxiety,0.1966420474214887
0.0034517944942862038,Irritation,Despair,0.17163410459105907
0.0034517944942862038,Irritation,Irritation,0.3619727735458172
0.0034517944942862038,Irritation,Rage,0.2697510744416351
0.0034517944942862038,Rage,Anxiety,0.0022022868933408305
0.0034517944942862038,Rage,Despair,0.33197509472956316
0.0034517944942862038,Rage,Irritation,0.0043184805436806304
0.0034517944942862038,Rage,Rage,0.6615041378334154
0.0031886111288279718,Anxiety,Anxiety,0.17745682339867122
0.0031886111288279718,Anxiety,Despair,0.6558950459853098
0.0031886111288279718,Anxiety,Irritation,0.11706747293343989
0.0031886111288279718,Anxiety,Rage,0.049580657682579236
0.0031886111288279718,Despair,Anxiety,0.024807060968420534
0.0031886111288279718,Despair,Despair,0.798114949307821
0.0031886111288279718,Despair,Irritation,0.005424009451322958
0.0031886111288279718,Despair,Rage,0.17165398027243534
0.0031886111288279718,Irritation,Anxiety,0.1830319151948374
0.0031886111288279718,Irritation,Despair,0.15403173070714404
0.0031886111288279718,Irritation,Irritation,0.3377454914679674
0.0031886111288279718,Irritation,Rage,0.3251908626300508
0.0031886111288279718,Rage,Anxiety,0.001959741769559582
0.0031886111288279718,Rage,Despair,0.29037483396748115
0.0031886111288279718,Rage,Irritation,0.002306606423091388
0.0031886111288279718,Rage,Rage,0.705358817839868
0.003320218972918108,Anxiety,Anxiety,0.19441305055583616
0.003320218972918108,Anxiety,Despair,0.6411810536894065
0.003320218972918108,Anxiety,Irritation,0.12081446276097238
0.003320218972918108,Anxiety,Rage,0.04359143299378507
0.003320218972918108,Despair,Anxiety,0.02282035534396993
0.003320218972918108,Despair,Despair,0.8197865425250656
0.003320218972918108,Despair,Irritation,0.005235499799892556
0.003320218972918108,Despair,Rage,0.15215760233107173
0.003320218972918108,Irritation,Anxiety,0.1953573986991833
0.003320218972918108,Irritation,Despair,0.16688315270542095
0.003320218972918108,Irritation,Irritation,0.3556081917322174
0.003320218972918108,Irritation,Rage,0.28215125686317827
0.003320218972918108,Rage,Anxiety,0.002001592635898837
0.003320218972918108,Rage,Despair,0.3679453575310588
0.003320218972918108,Rage,Irritation,0.003197606669768738
0.003320218972918108,Rage,Rage,0.626855443163274
0.003329841220563535,Anxiety,Anxiety,0.17227081342887213
0.003329841220563535,Anxiety,Despair,0.6688980441393881
0.003329841220563535,Anxiety,Irritation,0.11225358039478364
0.003329841220563535,Anxiety,Rage,0.046577562036956066
0.003329841220563535,Despair,Anxiety,0.023723364597788524
0.003329841220563535,Despair,Despair,0.812236281089908
0.003329841220563535,Despair,Irritation,0.0052815661783243905
0.003329841220563535,Despair,Rage,0.158758788133979
0.003329841220563535,Irritation,Anxiety,0.18780369712238304
0.003329841220563535,Irritation,Despair,0.16772361864283716
0.003329841220563535,Irritation,Irritation,0.3560754685366784
0.003329841220563535,Irritation,Rage,0.28839721569810134
0.003329841220563535,Rage,Anxiety,0.001945368997529825
0.003329841220563535,Rage,Despair,0.37142225298464965
0.003329841220563535,Rage,Irritation,0.0026921252014772876
0.003329841220563535,Rage,Rage,0.6239402528163429
0.0035322270257879375,Anxiety,Anxiety,0.2730962983610227
0.0035322270257879375,Anxiety,Despair,0.5811640309892994
0.0035322270257879375,Anxiety,Irritation,0.13386542283153108
0.0035322270257879375,Anxiety,Rage,0.01187424781814688
0.0035322270257879375,Despair,Anxiety,0.002699480315595248
0.0035322270257879375,Despair,Despair,0.9771295984770821
0.0035322270257879375,Despair,Irritation,0.0010274011732006585
0.0035322270257879375,Despair,Rage,0.019143520034121956
0.0035322270257879375,Irritation,Anxiety,0.22494980934840494
0.0035322270257879375,Irritation,Despair,0.19745498142984894
0.0035322270257879375,Irritation,Irritation,0.3696563047266693
0.0035322270257879375,Irritation,Rage,0.2079389044950767
0.0035322270257879375,Rage,Anxiety,0.0022028102425216585
0.0035322270257879375,Rage,Despair,0.4146678741406499
0.0035322270257879375,Rage,Irritation,0.005458907684844879
0.0035322270257879375,Rage,Rage,0.5776704079319838
0.0032636253375873244,Anxiety,Anxiety,0.1746692180875115
0.0032636253375873244,Anxiety,Despair,0.6691799252263015
0.0032636253375873244,Anxiety,Irritation,0.10689329341616607
0.0032636253375873244,Anxiety,Rage,0.04925756327002092
0.0032636253375873244,Despair,Anxiety,0.025148321151204692
0.0032636253375873244,Despair,Despair,0.8009214490089153
0.0032636253375873244,Despair,Irritation,0.005482950746886529
0.0032636253375873244,Despair,Rage,0.16844727909299337
0.0032636253375873244,Irritation,Anxiety,0.18872578116530003
0.0032636253375873244,Irritation,Despair,0.17019210073320146
0.0032636253375873244,Irritation,Irritation,0.3592741598166303
0.0032636253375873244,Irritation,Rage,0.28180795828486815
0.0032636253375873244,Rage,Anxiety,0.001863815777591341
0.0032636253375873244,Rage,Despair,0.3806109892563257
0.0032636253375873244,Rage,Irritation,0.0024012682113289862
0.0032636253375873244,Rage,Rage,0.615123926754754
0.0034860963866127827,Anxiety,Anxiety,0.20754492192349033
0.0034860963866127827,Anxiety,Despair,0.5909218688884802
0.0034860963866127827,Anxiety,Irritation,0.1514700509299446
0.0034860963866127827,Anxiety,Rage,0.05006315825808473
0.0034860963866127827,Despair,Anxiety,0.02817026125321642
0.0034860963866127827,Despair,Despair,0.7787865365616022
0.0034860963866127827,Despair,Irritation,0.00758929297826413
0.0034860963866127827,Despair,Rage,0.1854539092069171
0.0034860963866127827,Irritation,Anxiety,0.18939003572846994
0.0034860963866127827,Irritation,Despair,0.13813549508223144
0.0034860963866127827,Irritation,Irritation,0.34192510228870543
0.0034860963866127827,Irritation,Rage,0.33054936690059333
0.0034860963866127827,Rage,Anxiety,0.0021988655024674235
0.0034860963866127827,Rage,Despair,0.21200899134063844
0.0034860963866127827,Rage,Irritation,0.0033755432032656586
0.0034860963866127827,Rage,Rage,0.7824165999536283
0.0034179678072546326,Anxiety,Anxiety,0.22569285602923392
0.0034179678072546326,Anxiety,Despair,0.6090961682436723
0.0034179678072546326,Anxiety,Irritation,0.130934933125796
0.0034179678072546326,Anxiety,Rage,0.03427604260129772
0.0034179678072546326,Despair,Anxiety,0.017302349620786105
0.0034179678072546326,Despair,Despair,0.8608324919228305
0.0034179678072546326,Despair,Irritation,0.0049226144796841505
0.0034179678072546326,Despair,Rage,0.11694254397669927
0.0034179678072546326,Irritation,Anxiety,0.20093279019066526
0.0034179678072546326,Irritation,Despair,0.1728624992253878
0.0034179678072546326,Irritation,Irritation,0.3574841379351768
0.0034179678072546326,Irritation,Rage,0.2687205726487701
0.0034179678072546326,Rage,Anxiety,0.00216952264720167
0.0034179678072546326,Rage,Despair,0.3370520832270808
0.0034179678072546326,Rage,Irritation,0.0041367929842868485
0.0034179678072546326,Rage,Rage,0.6566416011414307
0.0035342605873892054,Anxiety,Anxiety,0.19659470748724733
0.0035342605873892054,Anxiety,Despair,0.6312091612116317
0.0035342605873892054,Anxiety,Irritation,0.14519365695913636
0.0035342605873892054,Anxiety,Rage,0.027002474341984495
0.0035342605873892054,Despair,Anxiety,0.012716199772488446
0.0035342605873892054,Despair,Despair,0.8963808014894534
0.0035342605873892054,Despair,Irritation,0.0037933421279725136
0.0035342605873892054,Despair,Rage,0.0871096566100857
0.0035342605873892054,Irritation,Anxiety,0.18545195482667276
0.0035342605873892054,Irritation,Despair,0.15166956265113263
0.0035342605873892054,Irritation,Irritation,0.353953524314594
0.0035342605873892054,Irritation,Rage,0.30892495820760085
0.0035342605873892054,Rage,Anxiety,0.0022613498979224336
0.0035342605873892054,Rage,Despair,0.2001046714584082
0.0035342605873892054,Rage,Irritation,0.0036753020646079016
0.0035342605873892054,Rage,Rage,0.7939586765790615
0.003471133345089728,Anxiety,Anxiety,0.20799011862685704
0.003471133345089728,Anxiety,Despair,0.5823949981093482
0.003471133345089728,Anxiety,Irritation,0.16151123022554048
0.003471133345089728,Anxiety,Rage,0.04810365303825434
0.003471133345089728,Despair,Anxiety,0.027558894450439058
0.003471133345089728,Despair,Despair,0.7836298987011199
0.003471133345089728,Despair,Irritation,0.008109516027718967
0.003471133345089728,Despair,Rage,0.18070169082072204
0.003471133345089728,Irritation,Anxiety,0.1900588410939089
0.003471133345089728,Irritation,Despair,0.13340667154457847
0.003471133345089728,Irritation,Irritation,0.3579787204938048
0.003471133345089728,Irritation,Rage,0.31855576686770787
0.003471133345089728,Rage,Anxiety,0.002250630050038443
0.003471133345089728,Rage,Despair,0.20401809873033924
0.003471133345089728,Rage,Irritation,0.0038163409227181203
0.003471133345089728,Rage,Rage,0.7899149302969046
0.003924205725536974,Anxiety,Anxiety,0.2626766315757029
0.003924205725536974,Anxiety,Despair,0.5477579471374064
0.003924205725536974,Anxiety,Irritation,0.1730558108724759
0.003924205725536974,Anxiety,Rage,0.016509610414414653
0.003924205725536974,Despair,Anxiety,0.004786470011402135
0.003924205725536974,Despair,Despair,0.9596110518414263
0.003924205725536974,Despair,Irritation,0.00230682402590411
0.003924205725536974,Despair,Rage,0.033295654121267136
0.003924205725536974,Irritation,Anxiety,0.19950657729519156
0.003924205725536974,Irritation,Despair,0.09381449995272713
0.003924205725536974,Irritation,Irritation,0.3766270694895667
0.003924205725536974,Irritation,Rage,0.33005185326251446
0.003924205725536974,Rage,Anxiety,0.0023078401873616603
0.003924205725536974,Rage,Despair,0.020001371311554324
0.003924205725536974,Rage,Irritation,0.0018008602244018086
0.003924205725536974,Rage,Rage,0.9758899282766819
