C,Story,Emotion,Val
0.0013001230153357483,Anxiety,Anxiety,0.24883521924556337
0.0013001230153357483,Anxiety,Despair,0.25695286269009326
0.0013001230153357483,Anxiety,Irritation,0.25038559141278
0.0013001230153357483,Anxiety,Rage,0.24382632665156337
0.0013001230153357483,Despair,Anxiety,0.24883475474459738
0.0013001230153357483,Despair,Despair,0.25695268134171384
0.0013001230153357483,Despair,Irritation,0.250385915443026
0.0013001230153357483,Despair,Rage,0.24382664847066274
0.0013001230153357483,Irritation,Anxiety,0.19141011537521938
0.0013001230153357483,Irritation,Despair,0.2381608231367121
0.0013001230153357483,Irritation,Irritation,0.24637604234236737
0.0013001230153357483,Irritation,Rage,0.32405301914570134
0.0013001230153357483,Rage,Anxiety,0.1588504689386441
0.0013001230153357483,Rage,Despair,0.2618488473954456
0.0013001230153357483,Rage,Irritation,0.22226968422372687
0.0013001230153357483,Rage,Rage,0.3570309994421834
0.001329874553750847,Anxiety,Anxiety,0.2878935280989214
0.001329874553750847,Anxiety,Despair,0.2699460342850907
0.001329874553750847,Anxiety,Irritation,0.24881106726047725
0.001329874553750847,Anxiety,Rage,0.19334937035551067
0.001329874553750847,Despair,Anxiety,0.2878930859036978
0.001329874553750847,Despair,Despair,0.2699458750952873
0.001329874553750847,Despair,Irritation,0.24881137499677947
0.001329874553750847,Despair,Rage,0.1933496640042355
0.001329874553750847,Irritation,Anxiety,0.22988445520528664
0.001329874553750847,Irritation,Despair,0.24808568205432657
0.001329874553750847,Irritation,Irritation,0.24870541021845924
0.001329874553750847,Irritation,Rage,0.27332445252192755
0.001329874553750847,Rage,Anxiety,0.19189893035542446
0.001329874553750847,Rage,Despair,0.2727661271280792
0.001329874553750847,Rage,Irritation,0.2238471468153793
0.001329874553750847,Rage,Rage,0.31148779570111695
0.0012725862144637781,Anxiety,Anxiety,0.24839211574413395
0.0012725862144637781,Anxiety,Despair,0.25624483901499845
0.0012725862144637781,Anxiety,Irritation,0.25010449094934184
0.0012725862144637781,Anxiety,Rage,0.2452585542915256
0.0012725862144637781,Despair,Anxiety,0.2483916977916603
0.0012725862144637781,Despair,Despair,0.25624467679239726
0.0012725862144637781,Despair,Irritation,0.2501047826087136
0.0012725862144637781,Despair,Rage,0.2452588428072289
0.0012725862144637781,Irritation,Anxiety,0.19606891195333892
0.0012725862144637781,Irritation,Despair,0.23817412109797106
0.0012725862144637781,Irritation,Irritation,0.2476373226114304
0.0012725862144637781,Irritation,Rage,0.31811964433725953
0.0012725862144637781,Rage,Anxiety,0.16592205363428264
0.0012725862144637781,Rage,Despair,0.2608995080827421
0.0012725862144637781,Rage,Irritation,0.2243819757524615
0.0012725862144637781,Rage,Rage,0.3487964625305139
0.0012109408161242725,Anxiety,Anxiety,0.21732313051301722
0.0012109408161242725,Anxiety,Despair,0.2463212869281361
0.0012109408161242725,Anxiety,Irritation,0.2498470383721488
0.0012109408161242725,Anxiety,Rage,0.2865085441866978
0.0012109408161242725,Despair,Anxiety,0.21732254090366934
0.0012109408161242725,Despair,Despair,0.24632101412261023
0.0012109408161242725,Despair,Irritation,0.24984748602360907
0.0012109408161242725,Despair,Rage,0.28650895895011114
0.0012109408161242725,Irritation,Anxiety,0.15077632486246992
0.0012109408161242725,Irritation,Despair,0.22190358172611696
0.0012109408161242725,Irritation,Irritation,0.237950817555173
0.0012109408161242725,Irritation,Rage,0.38936927585624
0.0012109408161242725,Rage,Anxiety,0.11869112750556703
0.0012109408161242725,Rage,Despair,0.2498546577059576
0.0012109408161242725,Rage,Irritation,0.2069700052503013
0.0012109408161242725,Rage,Rage,0.4244842095381744
0.0012545329214828276,Anxiety,Anxiety,0.26972080583637625
0.0012545329214828276,Anxiety,Despair,0.2651473644299907
0.0012545329214828276,Anxiety,Irritation,0.2502181470426705
0.0012545329214828276,Anxiety,Rage,0.21491368269096256
0.0012545329214828276,Despair,Anxiety,0.26972031679767977
0.0012545329214828276,Despair,Despair,0.26514718012776295
0.0012545329214828276,Despair,Irritation,0.2502184973925777
0.0012545329214828276,Despair,Rage,0.21491400568197977
0.0012545329214828276,Irritation,Anxiety,0.20857123427296698
0.0012545329214828276,Irritation,Despair,0.24177995283499465
0.0012545329214828276,Irritation,Irritation,0.2490857896939799
0.0012545329214828276,Irritation,Rage,0.30056302319805855
0.0012545329214828276,Rage,Anxiety,0.17142008819322901
0.0012545329214828276,Rage,Despair,0.26904551533753357
0.0012545329214828276,Rage,Irritation,0.22138665652588949
0.0012545329214828276,Rage,Rage,0.33814773994334774
0.0012008353445003537,Anxiety,Anxiety,0.24480969310348819
0.0012008353445003537,Anxiety,Despair,0.255855307783543
0.0012008353445003537,Anxiety,Irritation,0.2512196832133314
0.0012008353445003537,Anxiety,Rage,0.24811531589963742
0.0012008353445003537,Despair,Anxiety,0.24480936858125535
0.0012008353445003537,Despair,Despair,0.2558551156502665
0.0012008353445003537,Despair,Irritation,0.25121995700763344
0.0012008353445003537,Despair,Rage,0.24811555876084473
0.0012008353445003537,Irritation,Anxiety,0.19990504530344883
0.0012008353445003537,Irritation,Despair,0.2374061620820011
0.0012008353445003537,Irritation,Irritation,0.24832623392320857
0.0012008353445003537,Irritation,Rage,0.31436255869134144
0.0012008353445003537,Rage,Anxiety,0.1725031882265369
0.0012008353445003537,Rage,Despair,0.25825029010802775
0.0012008353445003537,Rage,Irritation,0.2262527783052714
0.0012008353445003537,Rage,Rage,0.34299374336016397
0.0013060143602597438,Anxiety,Anxiety,0.284636305949093
0.0013060143602597438,Anxiety,Despair,0.26817876760920945
0.0013060143602597438,Anxiety,Irritation,0.2493012480276329
0.0013060143602597438,Anxiety,Rage,0.19788367841406493
0.0013060143602597438,Despair,Anxiety,0.28463591137768274
0.0013060143602597438,Despair,Despair,0.2681786192630498
0.0013060143602597438,Despair,Irritation,0.24930152152308158
0.0013060143602597438,Despair,Rage,0.1978839478361861
0.0013060143602597438,Irritation,Anxiety,0.23220426884115386
0.0013060143602597438,Irritation,Despair,0.2484675938499581
0.0013060143602597438,Irritation,Irritation,0.24874430461821312
0.0013060143602597438,Irritation,Rage,0.27058383269067476
0.0013060143602597438,Rage,Anxiety,0.1975121415146086
0.0013060143602597438,Rage,Despair,0.27080687166589595
0.0013060143602597438,Rage,Irritation,0.22596365521833542
0.0013060143602597438,Rage,Rage,0.3057173316011601
0.0014340215245554533,Anxiety,Anxiety,0.22044317149687445
0.0014340215245554533,Anxiety,Despair,0.24952996183982068
0.0014340215245554533,Anxiety,Irritation,0.252669674966156
0.0014340215245554533,Anxiety,Rage,0.2773571916971487
0.0014340215245554533,Despair,Anxiety,0.22044204976385448
0.0014340215245554533,Despair,Despair,0.24952933513954817
0.0014340215245554533,Despair,Irritation,0.25267041749196806
0.0014340215245554533,Despair,Rage,0.2773581976046293
0.0014340215245554533,Irritation,Anxiety,0.10585580847427056
0.0014340215245554533,Irritation,Despair,0.20536963758312196
0.0014340215245554533,Irritation,Irritation,0.22412335310856946
0.0014340215245554533,Irritation,Rage,0.46465120083403794
0.0014340215245554533,Rage,Anxiety,0.07305608092124775
0.0014340215245554533,Rage,Despair,0.24758224284451158
0.0014340215245554533,Rage,Irritation,0.17230958614550998
0.0014340215245554533,Rage,Rage,0.5070520900887308
0.0012507793481448671,Anxiety,Anxiety,0.2871562325145187
0.0012507793481448671,Anxiety,Despair,0.2693250897113786
0.0012507793481448671,Anxiety,Irritation,0.2477439966637436
0.0012507793481448671,Anxiety,Rage,0.19577468111035917
0.0012507793481448671,Despair,Anxiety,0.2871558011560393
0.0012507793481448671,Despair,Despair,0.26932495366620746
0.0012507793481448671,Despair,Irritation,0.24774430983280396
0.0012507793481448671,Despair,Rage,0.1957749353449493
0.0012507793481448671,Irritation,Anxiety,0.2356557873004848
0.0012507793481448671,Irritation,Despair,0.24806116543593035
0.0012507793481448671,Irritation,Irritation,0.24845417703185377
0.0012507793481448671,Irritation,Rage,0.26782887023173113
0.0012507793481448671,Rage,Anxiety,0.20148925373360937
0.0012507793481448671,Rage,Despair,0.2707053662545444
0.0012507793481448671,Rage,Irritation,0.22504134361077993
0.0012507793481448671,Rage,Rage,0.3027640364010664
0.001237952510018006,Anxiety,Anxiety,0.2858173615487747
0.001237952510018006,Anxiety,Despair,0.2683974336189598
0.001237952510018006,Anxiety,Irritation,0.24810272554721927
0.001237952510018006,Anxiety,Rage,0.19768247928504631
0.001237952510018006,Despair,Anxiety,0.28581695337786683
0.001237952510018006,Despair,Despair,0.26839730325678485
0.001237952510018006,Despair,Irritation,0.24810301830792517
0.001237952510018006,Despair,Rage,0.1976827250574233
0.001237952510018006,Irritation,Anxiety,0.23668875481662305
0.001237952510018006,Irritation,Despair,0.24825016871763914
0.001237952510018006,Irritation,Irritation,0.24848079944950055
0.001237952510018006,Irritation,Rage,0.26658027701623727
0.001237952510018006,Rage,Anxiety,0.20397522368259727
0.001237952510018006,Rage,Despair,0.26968305227818057
0.001237952510018006,Rage,Irritation,0.22627517960733784
0.001237952510018006,Rage,Rage,0.3000665444318843
0.0013489842050185199,Anxiety,Anxiety,0.24832426432376642
0.0013489842050185199,Anxiety,Despair,0.2666354422792177
0.0013489842050185199,Anxiety,Irritation,0.2545999958310034
0.0013489842050185199,Anxiety,Rage,0.23044029756601198
0.0013489842050185199,Despair,Anxiety,0.24832325466368702
0.0013489842050185199,Despair,Despair,0.26663491311942183
0.0013489842050185199,Despair,Irritation,0.25460076058068043
0.0013489842050185199,Despair,Rage,0.23044107163621086
0.0013489842050185199,Irritation,Anxiety,0.13292100003502993
0.0013489842050185199,Irritation,Despair,0.21974282445595386
0.0013489842050185199,Irritation,Irritation,0.24006002459961281
0.0013489842050185199,Irritation,Rage,0.4072761509094033
0.0013489842050185199,Rage,Anxiety,0.09056707851979122
0.0013489842050185199,Rage,Despair,0.26576183763630273
0.0013489842050185199,Rage,Irritation,0.1854940623691187
0.0013489842050185199,Rage,Rage,0.45817702147478745
0.0013356887008160062,Anxiety,Anxiety,0.29339935860297045
0.0013356887008160062,Anxiety,Despair,0.27260343679593435
0.0013356887008160062,Anxiety,Irritation,0.24791308556501596
0.0013356887008160062,Anxiety,Rage,0.18608411903607908
0.0013356887008160062,Despair,Anxiety,0.2933988462018009
0.0013356887008160062,Despair,Despair,0.27260326742879326
0.0013356887008160062,Despair,Irritation,0.2479134483668002
0.0013356887008160062,Despair,Rage,0.18608443800260538
0.0013356887008160062,Irritation,Anxiety,0.22852443834044278
0.0013356887008160062,Irritation,Despair,0.24756320297734244
0.0013356887008160062,Irritation,Irritation,0.2488341109086559
0.0013356887008160062,Irritation,Rage,0.2750782477735588
0.0013356887008160062,Rage,Anxiety,0.18650052276483683
0.0013356887008160062,Rage,Despair,0.27518694978822955
0.0013356887008160062,Rage,Irritation,0.2211599712486696
0.0013356887008160062,Rage,Rage,0.31715255619826405
0.00131054142489979,Anxiety,Anxiety,0.24895990458343265
0.00131054142489979,Anxiety,Despair,0.25740270457510633
0.00131054142489979,Anxiety,Irritation,0.25050605846501994
0.00131054142489979,Anxiety,Rage,0.24313133237644116
0.00131054142489979,Despair,Anxiety,0.24895941706321748
0.00131054142489979,Despair,Despair,0.2574025131976752
0.00131054142489979,Despair,Irritation,0.25050640059867124
0.00131054142489979,Despair,Rage,0.2431316691404363
0.00131054142489979,Irritation,Anxiety,0.18921215087303928
0.00131054142489979,Irritation,Despair,0.23753278734140656
0.00131054142489979,Irritation,Irritation,0.24645677057399928
0.00131054142489979,Irritation,Rage,0.3267982912115549
0.00131054142489979,Rage,Anxiety,0.1557183776838821
0.00131054142489979,Rage,Despair,0.2622178875802145
0.00131054142489979,Rage,Irritation,0.22129857732280886
0.00131054142489979,Rage,Rage,0.3607651574130944
0.0012069531955291796,Anxiety,Anxiety,0.2810117981353575
0.0012069531955291796,Anxiety,Despair,0.2660789481730733
0.0012069531955291796,Anxiety,Irritation,0.2488388075517512
0.0012069531955291796,Anxiety,Rage,0.20407044613981803
0.0012069531955291796,Despair,Anxiety,0.2810114537217672
0.0012069531955291796,Despair,Despair,0.2660788315324142
0.0012069531955291796,Despair,Irritation,0.24883905527789316
0.0012069531955291796,Despair,Rage,0.20407065946792566
0.0012069531955291796,Irritation,Anxiety,0.2387676134352194
0.0012069531955291796,Irritation,Despair,0.2487940900896936
0.0012069531955291796,Irritation,Irritation,0.24855097636829593
0.0012069531955291796,Irritation,Rage,0.2638873201067907
0.0012069531955291796,Rage,Anxiety,0.21036742796266047
0.0012069531955291796,Rage,Despair,0.267359914675405
0.0012069531955291796,Rage,Irritation,0.2289296514871332
0.0012069531955291796,Rage,Rage,0.2933430058748012
0.0012970748177536728,Anxiety,Anxiety,0.24738421348559408
0.0012970748177536728,Anxiety,Despair,0.2576350074809135
0.0012970748177536728,Anxiety,Irritation,0.25095692769277195
0.0012970748177536728,Anxiety,Rage,0.24402385134072063
0.0012970748177536728,Despair,Anxiety,0.24738370176120428
0.0012970748177536728,Despair,Despair,0.25763480636960595
0.0012970748177536728,Despair,Irritation,0.25095730460557963
0.0012970748177536728,Despair,Rage,0.24402418726360994
0.0012970748177536728,Irritation,Anxiety,0.18679678981132591
0.0012970748177536728,Irritation,Despair,0.23585507387292556
0.0012970748177536728,Irritation,Irritation,0.24661869272183226
0.0012970748177536728,Irritation,Rage,0.33072944359391643
0.0012970748177536728,Rage,Anxiety,0.1530244130413082
0.0012970748177536728,Rage,Despair,0.2612079417838943
0.0012970748177536728,Rage,Irritation,0.21994725283903155
0.0012970748177536728,Rage,Rage,0.3658203923357657
0.0013695303194458288,Anxiety,Anxiety,0.2776861304749404
0.0013695303194458288,Anxiety,Despair,0.27172597171914115
0.0013695303194458288,Anxiety,Irritation,0.250544776478737
0.0013695303194458288,Anxiety,Rage,0.20004312132718122
0.0013695303194458288,Despair,Anxiety,0.2776854412862741
0.0013695303194458288,Despair,Despair,0.2717256983587457
0.0013695303194458288,Despair,Irritation,0.25054526864586724
0.0013695303194458288,Despair,Rage,0.20004359170911296
0.0013695303194458288,Irritation,Anxiety,0.18945041931784742
0.0013695303194458288,Irritation,Despair,0.24032837664099294
0.0013695303194458288,Irritation,Irritation,0.24886246266810336
0.0013695303194458288,Irritation,Rage,0.32135874137305637
0.0013695303194458288,Rage,Anxiety,0.14227132651060595
0.0013695303194458288,Rage,Despair,0.2769052265842273
0.0013695303194458288,Rage,Irritation,0.21150485695360302
0.0013695303194458288,Rage,Rage,0.36931858995156386
0.0011655785452714918,Anxiety,Anxiety,0.24401772862391977
0.0011655785452714918,Anxiety,Despair,0.25545296497570735
0.0011655785452714918,Anxiety,Irritation,0.2514189088205789
0.0011655785452714918,Anxiety,Rage,0.24911039757979409
0.0011655785452714918,Despair,Anxiety,0.24401740952776108
0.0011655785452714918,Despair,Despair,0.25545277655397164
0.0011655785452714918,Despair,Irritation,0.2514191884159356
0.0011655785452714918,Despair,Rage,0.24911062550233182
0.0011655785452714918,Irritation,Anxiety,0.2010785983426438
0.0011655785452714918,Irritation,Despair,0.23684539813971373
0.0011655785452714918,Irritation,Irritation,0.24877261106275045
0.0011655785452714918,Irritation,Rage,0.3133033924548921
0.0011655785452714918,Rage,Anxiety,0.17472565332832807
0.0011655785452714918,Rage,Despair,0.2569861207176164
0.0011655785452714918,Rage,Irritation,0.22705411453850227
0.0011655785452714918,Rage,Rage,0.34123411141555327
0.0012542384238959782,Anxiety,Anxiety,0.28185210635745583
0.0012542384238959782,Anxiety,Despair,0.26655637153381884
0.0012542384238959782,Anxiety,Irritation,0.24942369601096556
0.0012542384238959782,Anxiety,Rage,0.20216782609775968
0.0012542384238959782,Despair,Anxiety,0.28185174957010223
0.0012542384238959782,Despair,Despair,0.26655624186567073
0.0012542384238959782,Despair,Irritation,0.24942394520249286
0.0012542384238959782,Despair,Rage,0.20216806336173415
0.0012542384238959782,Irritation,Anxiety,0.23569185445797614
0.0012542384238959782,Irritation,Despair,0.24870119925012033
0.0012542384238959782,Irritation,Irritation,0.24871161455758506
0.0012542384238959782,Irritation,Rage,0.26689533173431845
0.0012542384238959782,Rage,Anxiety,0.20484011039108022
0.0012542384238959782,Rage,Despair,0.26848768035007475
0.0012542384238959782,Rage,Irritation,0.22809025616719347
0.0012542384238959782,Rage,Rage,0.2985819530916515
0.0011098777260199156,Anxiety,Anxiety,0.24104931935094873
0.0011098777260199156,Anxiety,Despair,0.2566546884925223
0.0011098777260199156,Anxiety,Irritation,0.25207456566465986
0.0011098777260199156,Anxiety,Rage,0.250221426491869
0.0011098777260199156,Despair,Anxiety,0.2410488797796573
0.0011098777260199156,Despair,Despair,0.2566543962597163
0.0011098777260199156,Despair,Irritation,0.25207495319803747
0.0011098777260199156,Despair,Rage,0.25022177076258906
0.0011098777260199156,Irritation,Anxiety,0.17985143793568573
0.0011098777260199156,Irritation,Despair,0.2316069602857401
0.0011098777260199156,Irritation,Irritation,0.24510037741395854
0.0011098777260199156,Irritation,Rage,0.3434412243646157
0.0011098777260199156,Rage,Anxiety,0.14532237440478166
0.0011098777260199156,Rage,Despair,0.2586558549484755
0.0011098777260199156,Rage,Irritation,0.21568858546177802
0.0011098777260199156,Rage,Rage,0.38033318518496473
0.0011710462260215025,Anxiety,Anxiety,0.2460747708566701
0.0011710462260215025,Anxiety,Despair,0.25467645807501665
0.0011710462260215025,Anxiety,Irritation,0.2502568477640586
0.0011710462260215025,Anxiety,Rage,0.2489919233042546
0.0011710462260215025,Despair,Anxiety,0.24607450841925427
0.0011710462260215025,Despair,Despair,0.2546763051125862
0.0011710462260215025,Despair,Irritation,0.2502570543250179
0.0011710462260215025,Despair,Rage,0.2489921321431416
0.0011710462260215025,Irritation,Anxiety,0.20770617962050542
0.0011710462260215025,Irritation,Despair,0.24016934220989133
0.0011710462260215025,Irritation,Irritation,0.2477492769990265
0.0011710462260215025,Irritation,Rage,0.3043752011705766
0.0011710462260215025,Rage,Anxiety,0.18355739802834065
0.0011710462260215025,Rage,Despair,0.2577974573616535
0.0011710462260215025,Rage,Irritation,0.22957258874738234
0.0011710462260215025,Rage,Rage,0.32907255586262385
0.0011158264962208267,Anxiety,Anxiety,0.24637679962701406
0.0011158264962208267,Anxiety,Despair,0.2535466922742036
0.0011158264962208267,Anxiety,Irritation,0.24957496167525717
0.0011158264962208267,Anxiety,Rage,0.2505015464235252
0.0011158264962208267,Despair,Anxiety,0.24637659068976742
0.0011158264962208267,Despair,Despair,0.25354657322782204
0.0011158264962208267,Despair,Irritation,0.24957511829949436
0.0011158264962208267,Despair,Rage,0.25050171778291624
0.0011158264962208267,Irritation,Anxiety,0.21465467660803578
0.0011158264962208267,Irritation,Despair,0.2420954902531926
0.0011158264962208267,Irritation,Irritation,0.24742343654202179
0.0011158264962208267,Irritation,Rage,0.2958263965967497
0.0011158264962208267,Rage,Anxiety,0.1942630607464552
0.0011158264962208267,Rage,Despair,0.2553693510606203
0.0011158264962208267,Rage,Irritation,0.23368136946617982
0.0011158264962208267,Rage,Rage,0.31668621872674474
0.001276490886892532,Anxiety,Anxiety,0.24771439006224782
0.001276490886892532,Anxiety,Despair,0.25678056043085634
0.001276490886892532,Anxiety,Irritation,0.25106184009843757
0.001276490886892532,Anxiety,Rage,0.24444320940845857
0.001276490886892532,Despair,Anxiety,0.24771392425922667
0.001276490886892532,Despair,Despair,0.2567803789784791
0.001276490886892532,Despair,Irritation,0.25106217995572694
0.001276490886892532,Despair,Rage,0.24444351680656717
0.001276490886892532,Irritation,Anxiety,0.19180110202581865
0.001276490886892532,Irritation,Despair,0.23709697892528656
0.001276490886892532,Irritation,Irritation,0.24702044223690253
0.001276490886892532,Irritation,Rage,0.3240814768119921
0.001276490886892532,Rage,Anxiety,0.1597112961579775
0.001276490886892532,Rage,Despair,0.2606501687122208
0.001276490886892532,Rage,Irritation,0.2225019654549178
0.001276490886892532,Rage,Rage,0.35713656967488383
0.0011732553518556297,Anxiety,Anxiety,0.24599525879110348
0.0011732553518556297,Anxiety,Despair,0.2547323336555905
0.0011732553518556297,Anxiety,Irritation,0.2505486875366968
0.0011732553518556297,Anxiety,Rage,0.2487237200166093
0.0011732553518556297,Despair,Anxiety,0.2459949847516908
0.0011732553518556297,Despair,Despair,0.2547321760549553
0.0011732553518556297,Despair,Irritation,0.2505489037968504
0.0011732553518556297,Despair,Rage,0.2487239353965036
0.0011732553518556297,Irritation,Anxiety,0.2063952162815316
0.0011732553518556297,Irritation,Despair,0.23968774302711834
0.0011732553518556297,Irritation,Irritation,0.24788467528183075
0.0011732553518556297,Irritation,Rage,0.3060323654095194
0.0011732553518556297,Rage,Anxiety,0.1816512874844703
0.0011732553518556297,Rage,Despair,0.25773905653441015
0.0011732553518556297,Rage,Irritation,0.229153798930247
0.0011732553518556297,Rage,Rage,0.3314558570508727
0.00132712643588217,Anxiety,Anxiety,0.24790509362096522
0.00132712643588217,Anxiety,Despair,0.25902902286069734
0.00132712643588217,Anxiety,Irritation,0.25205910534401355
0.00132712643588217,Anxiety,Rage,0.241006778174324
0.00132712643588217,Despair,Anxiety,0.24790449399750983
0.00132712643588217,Despair,Despair,0.2590287816873587
0.00132712643588217,Despair,Irritation,0.25205955272696856
0.00132712643588217,Despair,Rage,0.24100717158816268
0.00132712643588217,Irritation,Anxiety,0.17853255382748975
0.00132712643588217,Irritation,Despair,0.23312870992205573
0.00132712643588217,Irritation,Irritation,0.24710550302753198
0.00132712643588217,Irritation,Rage,0.3412332332229227
0.00132712643588217,Rage,Anxiety,0.1416340691929339
0.00132712643588217,Rage,Despair,0.26199068740026177
0.00132712643588217,Rage,Irritation,0.21625616619794757
0.00132712643588217,Rage,Rage,0.3801190772088571
0.0013156751086624227,Anxiety,Anxiety,0.24860367883877926
0.0013156751086624227,Anxiety,Despair,0.2572440185980969
0.0013156751086624227,Anxiety,Irritation,0.25039133458337304
0.0013156751086624227,Anxiety,Rage,0.24376096797975075
0.0013156751086624227,Despair,Anxiety,0.24860319894135735
0.0013156751086624227,Despair,Despair,0.25724382897270026
0.0013156751086624227,Despair,Irritation,0.25039167258646633
0.0013156751086624227,Despair,Rage,0.24376129949947617
0.0013156751086624227,Irritation,Anxiety,0.18935624638563228
0.0013156751086624227,Irritation,Despair,0.23783288371230343
0.0013156751086624227,Irritation,Irritation,0.24620782757416707
0.0013156751086624227,Irritation,Rage,0.3266030423278972
0.0013156751086624227,Rage,Anxiety,0.15613651959337654
0.0013156751086624227,Rage,Despair,0.2623730774664158
0.0013156751086624227,Rage,Irritation,0.22112382899447594
0.0013156751086624227,Rage,Rage,0.3603665739457318
0.0012813069055370046,Anxiety,Anxiety,0.28128311110713156
0.0012813069055370046,Anxiety,Despair,0.26627553655153147
0.0012813069055370046,Anxiety,Irritation,0.2499867975739206
0.0012813069055370046,Anxiety,Rage,0.20245455476741656
0.0012813069055370046,Despair,Anxiety,0.2812827645070799
0.0012813069055370046,Despair,Despair,0.26627540022637314
0.0012813069055370046,Despair,Irritation,0.24998703550724363
0.0012813069055370046,Despair,Rage,0.2024547997593035
0.0012813069055370046,Irritation,Anxiety,0.23432139773242197
0.0012813069055370046,Irritation,Despair,0.2487692148610117
0.0012813069055370046,Irritation,Irritation,0.248845849525305
0.0012813069055370046,Irritation,Rage,0.2680635378812614
0.0012813069055370046,Rage,Anxiety,0.20294462144381578
0.0012813069055370046,Rage,Despair,0.26869828919241767
0.0012813069055370046,Rage,Irritation,0.22818009862123195
0.0012813069055370046,Rage,Rage,0.3001769907425346
0.0010483240289179488,Anxiety,Anxiety,0.24365059876001635
0.0010483240289179488,Anxiety,Despair,0.25347315015318184
0.0010483240289179488,Anxiety,Irritation,0.25070557514971037
0.0010483240289179488,Anxiety,Rage,0.25217067593709147
0.0010483240289179488,Despair,Anxiety,0.2436503563711049
0.0010483240289179488,Despair,Despair,0.2534730119931231
0.0010483240289179488,Despair,Irritation,0.25070579167555174
0.0010483240289179488,Despair,Rage,0.25217083996022027
0.0010483240289179488,Irritation,Anxiety,0.2114890390524792
0.0010483240289179488,Irritation,Despair,0.23892848732120262
0.0010483240289179488,Irritation,Irritation,0.2491980611953844
0.0010483240289179488,Irritation,Rage,0.30038441243093383
0.0010483240289179488,Rage,Anxiety,0.1909910773097036
0.0010483240289179488,Rage,Despair,0.2530903115229943
0.0010483240289179488,Rage,Irritation,0.23377319917664616
0.0010483240289179488,Rage,Rage,0.3221454119906561
0.0012461307104153364,Anxiety,Anxiety,0.24635602082088923
0.0012461307104153364,Anxiety,Despair,0.25618187587789076
0.0012461307104153364,Anxiety,Irritation,0.25099864199776234
0.0012461307104153364,Anxiety,Rage,0.24646346130345748
0.0012461307104153364,Despair,Anxiety,0.24635568702825938
0.0012461307104153364,Despair,Despair,0.25618167913418965
0.0012461307104153364,Despair,Irritation,0.25099890350570214
0.0012461307104153364,Despair,Rage,0.24646373033184885
0.0012461307104153364,Irritation,Anxiety,0.19808627808293383
0.0012461307104153364,Irritation,Despair,0.238236272856351
0.0012461307104153364,Irritation,Irritation,0.24769283764526437
0.0012461307104153364,Irritation,Rage,0.31598461141545076
0.0012461307104153364,Rage,Anxiety,0.16914465802651535
0.0012461307104153364,Rage,Despair,0.25993688016718053
0.0012461307104153364,Rage,Irritation,0.2252782032722925
0.0012461307104153364,Rage,Rage,0.3456402585340118
0.0012951499054598928,Anxiety,Anxiety,0.24740127494190073
0.0012951499054598928,Anxiety,Despair,0.2575305204821652
0.0012951499054598928,Anxiety,Irritation,0.25080055814068736
0.0012951499054598928,Anxiety,Rage,0.2442676464352468
0.0012951499054598928,Despair,Anxiety,0.2474007766486767
0.0012951499054598928,Despair,Despair,0.25753032464605113
0.0012951499054598928,Despair,Irritation,0.2508009230508593
0.0012951499054598928,Despair,Rage,0.2442679756544126
0.0012951499054598928,Irritation,Anxiety,0.18794443169033828
0.0012951499054598928,Irritation,Despair,0.23646011700478906
0.0012951499054598928,Irritation,Irritation,0.24658512491749732
0.0012951499054598928,Irritation,Rage,0.32901032638737543
0.0012951499054598928,Rage,Anxiety,0.15462668706190877
0.0012951499054598928,Rage,Despair,0.26132866978561087
0.0012951499054598928,Rage,Irritation,0.22055234484341144
0.0012951499054598928,Rage,Rage,0.3634922983090689
0.0013113308986003307,Anxiety,Anxiety,0.28801582619426
0.0013113308986003307,Anxiety,Despair,0.2702318874658288
0.0013113308986003307,Anxiety,Irritation,0.24825444537683408
0.0013113308986003307,Anxiety,Rage,0.19349784096307687
0.0013113308986003307,Despair,Anxiety,0.28801537976517144
0.0013113308986003307,Despair,Despair,0.27023173255302185
0.0013113308986003307,Despair,Irritation,0.24825476255735157
0.0013113308986003307,Despair,Rage,0.19349812512445516
0.0013113308986003307,Irritation,Anxiety,0.23125131389607279
0.0013113308986003307,Irritation,Despair,0.24810249731005043
0.0013113308986003307,Irritation,Irritation,0.2486027444043764
0.0013113308986003307,Irritation,Rage,0.2720434443895006
0.0013113308986003307,Rage,Anxiety,0.19396440204080123
0.0013113308986003307,Rage,Despair,0.2726191198872479
0.0013113308986003307,Rage,Irritation,0.2237217484278776
0.0013113308986003307,Rage,Rage,0.3096947296440733
0.0011469864234494606,Anxiety,Anxiety,0.2440512014412713
0.0011469864234494606,Anxiety,Despair,0.2550820001302673
0.0011469864234494606,Anxiety,Irritation,0.25124721191185495
0.0011469864234494606,Anxiety,Rage,0.24961958651660635
0.0011469864234494606,Despair,Anxiety,0.24405089448742887
0.0011469864234494606,Despair,Despair,0.2550818226649946
0.0011469864234494606,Despair,Irritation,0.2512474777830821
0.0011469864234494606,Despair,Rage,0.24961980506449438
0.0011469864234494606,Irritation,Anxiety,0.202836497471697
0.0011469864234494606,Irritation,Despair,0.23728216347301334
0.0011469864234494606,Irritation,Irritation,0.24885308678058632
0.0011469864234494606,Irritation,Rage,0.3110282522747033
0.0011469864234494606,Rage,Anxiety,0.17736910455058738
0.0011469864234494606,Rage,Despair,0.2565822584073411
0.0011469864234494606,Rage,Irritation,0.22816718369225683
0.0011469864234494606,Rage,Rage,0.3378814533498146
0.001252224672396607,Anxiety,Anxiety,0.2693316265484623
0.001252224672396607,Anxiety,Despair,0.26597354319347416
0.001252224672396607,Anxiety,Irritation,0.24988489788230903
0.001252224672396607,Anxiety,Rage,0.2148099323757542
0.001252224672396607,Despair,Anxiety,0.269331116689986
0.001252224672396607,Despair,Despair,0.2659733554493371
0.001252224672396607,Despair,Irritation,0.24988527214573736
0.001252224672396607,Despair,Rage,0.2148102557149399
0.001252224672396607,Irritation,Anxiety,0.2070966733822067
0.001252224672396607,Irritation,Despair,0.2414388833614547
0.001252224672396607,Irritation,Irritation,0.2490547172284854
0.001252224672396607,Irritation,Rage,0.30240972602785315
0.001252224672396607,Rage,Anxiety,0.16954993901522245
0.001252224672396607,Rage,Despair,0.2694684063873269
0.001252224672396607,Rage,Irritation,0.2202452158482622
0.001252224672396607,Rage,Rage,0.34073643874918813
0.001202148092194336,Anxiety,Anxiety,0.3379466937550643
0.001202148092194336,Anxiety,Despair,0.28328158330336833
0.001202148092194336,Anxiety,Irritation,0.23624512362876704
0.001202148092194336,Anxiety,Rage,0.14252659931280062
0.001202148092194336,Despair,Anxiety,0.33794610443897066
0.001202148092194336,Despair,Despair,0.2832814877476992
0.001202148092194336,Despair,Irritation,0.23624555498430624
0.001202148092194336,Despair,Rage,0.142526852829024
0.001202148092194336,Irritation,Anxiety,0.26945903887097233
0.001202148092194336,Irritation,Despair,0.25384229905610756
0.001202148092194336,Irritation,Irritation,0.2430973104166362
0.001202148092194336,Irritation,Rage,0.23360135165628373
0.001202148092194336,Rage,Anxiety,0.21841683620348085
0.001202148092194336,Rage,Despair,0.28787600053096457
0.001202148092194336,Rage,Irritation,0.2095762667776143
0.001202148092194336,Rage,Rage,0.2841308964879403
0.00121911627605744,Anxiety,Anxiety,0.2825986509468425
0.00121911627605744,Anxiety,Despair,0.26694199135465957
0.00121911627605744,Anxiety,Irritation,0.2484900183274987
0.00121911627605744,Anxiety,Rage,0.2019693393709993
0.00121911627605744,Despair,Anxiety,0.2825982840927897
0.00121911627605744,Despair,Despair,0.2669418687162417
0.00121911627605744,Despair,Irritation,0.2484902828153454
0.00121911627605744,Despair,Rage,0.20196956437562333
0.00121911627605744,Irritation,Anxiety,0.2378653015140432
0.00121911627605744,Irritation,Despair,0.24859813015774743
0.00121911627605744,Irritation,Irritation,0.24844767304532342
0.00121911627605744,Irritation,Rage,0.2650888952828863
0.00121911627605744,Rage,Anxiety,0.2079531001611565
0.00121911627605744,Rage,Despair,0.2681801691590726
0.00121911627605744,Rage,Irritation,0.22785704205887508
0.00121911627605744,Rage,Rage,0.29600968862089616
0.001330471707975443,Anxiety,Anxiety,0.28992598460420577
0.001330471707975443,Anxiety,Despair,0.27159159643217856
0.001330471707975443,Anxiety,Irritation,0.24785918178817573
0.001330471707975443,Anxiety,Rage,0.1906232371754398
0.001330471707975443,Despair,Anxiety,0.2899254856638937
0.001330471707975443,Despair,Despair,0.271591425112395
0.001330471707975443,Despair,Irritation,0.24785953898487192
0.001330471707975443,Despair,Rage,0.19062355023883926
0.001330471707975443,Irritation,Anxiety,0.23215956350477046
0.001330471707975443,Irritation,Despair,0.2462983080233468
0.001330471707975443,Irritation,Irritation,0.25033859848492696
0.001330471707975443,Irritation,Rage,0.271203529986956
0.001330471707975443,Rage,Anxiety,0.19020694661770862
0.001330471707975443,Rage,Despair,0.2740334521037717
0.001330471707975443,Rage,Irritation,0.2222368150383584
0.001330471707975443,Rage,Rage,0.3135227862401611
0.0011960015893759503,Anxiety,Anxiety,0.26682788641527083
0.0011960015893759503,Anxiety,Despair,0.2637941657551265
0.0011960015893759503,Anxiety,Irritation,0.24987206401380913
0.0011960015893759503,Anxiety,Rage,0.2195058838157937
0.0011960015893759503,Despair,Anxiety,0.2668274216961256
0.0011960015893759503,Despair,Despair,0.2637939968016504
0.0011960015893759503,Despair,Irritation,0.24987240752275583
0.0011960015893759503,Despair,Rage,0.21950617397946787
0.0011960015893759503,Irritation,Anxiety,0.21573266464631438
0.0011960015893759503,Irritation,Despair,0.24065040023059
0.0011960015893759503,Irritation,Irritation,0.25065365908465387
0.0011960015893759503,Irritation,Rage,0.2929632760384418
0.0011960015893759503,Rage,Anxiety,0.18017455432083465
0.0011960015893759503,Rage,Despair,0.2665567981123593
0.0011960015893759503,Rage,Irritation,0.22400142035239773
0.0011960015893759503,Rage,Rage,0.3292672272144083
0.0013750451195806458,Anxiety,Anxiety,0.29758850572714923
0.0013750451195806458,Anxiety,Despair,0.2754363571134512
0.0013750451195806458,Anxiety,Irritation,0.24663054258996325
0.0013750451195806458,Anxiety,Rage,0.18034459456943625
0.0013750451195806458,Despair,Anxiety,0.29758789844046246
0.0013750451195806458,Despair,Despair,0.27543615985991976
0.0013750451195806458,Despair,Irritation,0.24663097425219266
0.0013750451195806458,Despair,Rage,0.18034496744742512
0.0013750451195806458,Irritation,Anxiety,0.22726646105127168
0.0013750451195806458,Irritation,Despair,0.2451607484885691
0.0013750451195806458,Irritation,Irritation,0.2508013417151646
0.0013750451195806458,Irritation,Rage,0.2767714487449948
0.0013750451195806458,Rage,Anxiety,0.1775759862422932
0.0013750451195806458,Rage,Despair,0.27854562741939703
0.0013750451195806458,Rage,Irritation,0.2180417596296178
0.0013750451195806458,Rage,Rage,0.32583662670869196
0.0013940564716391213,Anxiety,Anxiety,0.29890750227075746
0.0013940564716391213,Anxiety,Despair,0.27662781174080886
0.0013940564716391213,Anxiety,Irritation,0.24632439964288527
0.0013940564716391213,Anxiety,Rage,0.17814028634554868
0.0013940564716391213,Despair,Anxiety,0.29890687029713875
0.0013940564716391213,Despair,Despair,0.276627605055115
0.0013940564716391213,Despair,Irritation,0.24632484834099797
0.0013940564716391213,Despair,Rage,0.17814067630674818
0.0013940564716391213,Irritation,Anxiety,0.22471382745747562
0.0013940564716391213,Irritation,Despair,0.24521220634061655
0.0013940564716391213,Irritation,Irritation,0.25084491113017154
0.0013940564716391213,Irritation,Rage,0.2792290550717362
0.0013940564716391213,Rage,Anxiety,0.1729854738457695
0.0013940564716391213,Rage,Despair,0.28149899430624403
0.0013940564716391213,Rage,Irritation,0.21546008682684586
0.0013940564716391213,Rage,Rage,0.3300554450211403
0.0011048964811346163,Anxiety,Anxiety,0.2726390256460742
0.0011048964811346163,Anxiety,Despair,0.26111221999301154
0.0011048964811346163,Anxiety,Irritation,0.250294313758886
0.0011048964811346163,Anxiety,Rage,0.2159544406020284
0.0011048964811346163,Despair,Anxiety,0.2726387901023376
0.0011048964811346163,Despair,Despair,0.2611121312949929
0.0011048964811346163,Despair,Irritation,0.25029447863015625
0.0011048964811346163,Despair,Rage,0.21595459997251334
0.0011048964811346163,Irritation,Anxiety,0.24581812091660363
0.0011048964811346163,Irritation,Despair,0.2487551384700723
0.0011048964811346163,Irritation,Irritation,0.24899654748318487
0.0011048964811346163,Irritation,Rage,0.25643019313013904
0.0011048964811346163,Rage,Anxiety,0.22380214397707832
0.0011048964811346163,Rage,Despair,0.2621690975195739
0.0011048964811346163,Rage,Irritation,0.2352054921026313
0.0011048964811346163,Rage,Rage,0.2788232664007166
0.0011697820493137682,Anxiety,Anxiety,0.24577682507687018
0.0011697820493137682,Anxiety,Despair,0.25474256782114074
0.0011697820493137682,Anxiety,Irritation,0.2503200444361775
0.0011697820493137682,Anxiety,Rage,0.24916056266581163
0.0011697820493137682,Despair,Anxiety,0.24577654401747237
0.0011697820493137682,Despair,Despair,0.25474240456811326
0.0011697820493137682,Despair,Irritation,0.25032026853638734
0.0011697820493137682,Despair,Rage,0.24916078287802712
0.0011697820493137682,Irritation,Anxiety,0.20863585363505502
0.0011697820493137682,Irritation,Despair,0.23872442845287264
0.0011697820493137682,Irritation,Irritation,0.24894900474272796
0.0011697820493137682,Irritation,Rage,0.30369071316934426
0.0011697820493137682,Rage,Anxiety,0.18271785677643232
0.0011697820493137682,Rage,Despair,0.25758445301245186
0.0011697820493137682,Rage,Irritation,0.229361104772243
0.0011697820493137682,Rage,Rage,0.3303365854388728
0.0013127840403167285,Anxiety,Anxiety,0.27322760871370333
0.0013127840403167285,Anxiety,Despair,0.2684856784790991
0.0013127840403167285,Anxiety,Irritation,0.25002072182847135
0.0013127840403167285,Anxiety,Rage,0.20826599097872642
0.0013127840403167285,Despair,Anxiety,0.27322698478892327
0.0013127840403167285,Despair,Despair,0.2684854395424521
0.0013127840403167285,Despair,Irritation,0.25002117175888333
0.0013127840403167285,Despair,Rage,0.20826640390974133
0.0013127840403167285,Irritation,Anxiety,0.20164917410730993
0.0013127840403167285,Irritation,Despair,0.23830390993181316
0.0013127840403167285,Irritation,Irritation,0.2516134495928587
0.0013127840403167285,Irritation,Rage,0.30843346636801827
0.0013127840403167285,Rage,Anxiety,0.15619504103979187
0.0013127840403167285,Rage,Despair,0.2730470747937393
0.0013127840403167285,Rage,Irritation,0.21626693743105105
0.0013127840403167285,Rage,Rage,0.35449094673541776
0.0012683757407656417,Anxiety,Anxiety,0.28616080525446225
0.0012683757407656417,Anxiety,Despair,0.26876539534745697
0.0012683757407656417,Anxiety,Irritation,0.24829517920844815
0.0012683757407656417,Anxiety,Rage,0.19677862018963238
0.0012683757407656417,Despair,Anxiety,0.28616037033482783
0.0012683757407656417,Despair,Despair,0.2687652497260415
0.0012683757407656417,Despair,Irritation,0.24829548796211925
0.0012683757407656417,Despair,Rage,0.19677889197701148
0.0012683757407656417,Irritation,Anxiety,0.23688446325172843
0.0012683757407656417,Irritation,Despair,0.24679203257614135
0.0012683757407656417,Irritation,Irritation,0.25001511799582204
0.0012683757407656417,Irritation,Rage,0.2663083861763084
0.0012683757407656417,Rage,Anxiety,0.2005237417053416
0.0012683757407656417,Rage,Despair,0.27046010256103337
0.0012683757407656417,Rage,Irritation,0.22562462606278638
0.0012683757407656417,Rage,Rage,0.30339152967083866
0.001298319884249571,Anxiety,Anxiety,0.28685502153847525
0.001298319884249571,Anxiety,Despair,0.2696930972470067
0.001298319884249571,Anxiety,Irritation,0.2482799615898342
0.001298319884249571,Anxiety,Rage,0.19517191962468414
0.001298319884249571,Despair,Anxiety,0.28685457167105627
0.001298319884249571,Despair,Despair,0.26969294089354706
0.001298319884249571,Despair,Irritation,0.24828028557859996
0.001298319884249571,Despair,Rage,0.1951722018567967
0.001298319884249571,Irritation,Anxiety,0.2351913168631766
0.001298319884249571,Irritation,Despair,0.24665950470913342
0.001298319884249571,Irritation,Irritation,0.2502383389021707
0.001298319884249571,Irritation,Rage,0.2679108395255196
0.001298319884249571,Rage,Anxiety,0.19715458143565692
0.001298319884249571,Rage,Despair,0.27175216503236116
0.001298319884249571,Rage,Irritation,0.2244429543601183
0.001298319884249571,Rage,Rage,0.30665029917186365
0.001214695607242642,Anxiety,Anxiety,0.24695711634061707
0.001214695607242642,Anxiety,Despair,0.2549606712381904
0.001214695607242642,Anxiety,Irritation,0.25020628593505195
0.001214695607242642,Anxiety,Rage,0.2478759264861405
0.001214695607242642,Despair,Anxiety,0.2469568319345902
0.001214695607242642,Despair,Despair,0.2549605052505601
0.001214695607242642,Despair,Irritation,0.25020649799430406
0.001214695607242642,Despair,Rage,0.2478761648205458
0.001214695607242642,Irritation,Anxiety,0.2075909989640911
0.001214695607242642,Irritation,Despair,0.23945920189813436
0.001214695607242642,Irritation,Irritation,0.24837673627920384
0.001214695607242642,Irritation,Rage,0.3045730628585707
0.001214695607242642,Rage,Anxiety,0.18031482573677204
0.001214695607242642,Rage,Despair,0.2590363953212597
0.001214695607242642,Rage,Irritation,0.2284631533910537
0.001214695607242642,Rage,Rage,0.3321856255509145
0.0013879397974862829,Anxiety,Anxiety,0.27789050779591584
0.0013879397974862829,Anxiety,Despair,0.27172366114230556
0.0013879397974862829,Anxiety,Irritation,0.2501895334946341
0.0013879397974862829,Anxiety,Rage,0.2001962975671444
0.0013879397974862829,Despair,Anxiety,0.2778897889430932
0.0013879397974862829,Despair,Despair,0.2717233682095617
0.0013879397974862829,Despair,Irritation,0.25019003520759564
0.0013879397974862829,Despair,Rage,0.20019680763974906
0.0013879397974862829,Irritation,Anxiety,0.19120393776076358
0.0013879397974862829,Irritation,Despair,0.23739497264893944
0.0013879397974862829,Irritation,Irritation,0.25229523476993676
0.0013879397974862829,Irritation,Rage,0.3191058548203603
0.0013879397974862829,Rage,Anxiety,0.1407243707600531
0.0013879397974862829,Rage,Despair,0.277668824057184
0.0013879397974862829,Rage,Irritation,0.21160381241481538
0.0013879397974862829,Rage,Rage,0.3700029927679473
0.0013777791935428948,Anxiety,Anxiety,0.27765433137545276
0.0013777791935428948,Anxiety,Despair,0.27180321053006273
0.0013777791935428948,Anxiety,Irritation,0.2501833250649541
0.0013777791935428948,Anxiety,Rage,0.20035913302953032
0.0013777791935428948,Despair,Anxiety,0.2776536114053445
0.0013777791935428948,Despair,Despair,0.27180291971144255
0.0013777791935428948,Despair,Irritation,0.250183833730683
0.0013777791935428948,Despair,Rage,0.20035963515252983
0.0013777791935428948,Irritation,Anxiety,0.19174394045750884
0.0013777791935428948,Irritation,Despair,0.23720928615990508
0.0013777791935428948,Irritation,Irritation,0.25228297370543135
0.0013777791935428948,Irritation,Rage,0.31876379967715485
0.0013777791935428948,Rage,Anxiety,0.14145034315039917
0.0013777791935428948,Rage,Despair,0.27722594612575896
0.0013777791935428948,Rage,Irritation,0.21147871487655467
0.0013777791935428948,Rage,Rage,0.36984499584728725
0.0013066030697561216,Anxiety,Anxiety,0.30849828875577395
0.0013066030697561216,Anxiety,Despair,0.282956998207746
0.0013066030697561216,Anxiety,Irritation,0.2464724843788654
0.0013066030697561216,Anxiety,Rage,0.16207222865761411
0.0013066030697561216,Despair,Anxiety,0.3084976195518837
0.0013066030697561216,Despair,Despair,0.28295675115133384
0.0013066030697561216,Despair,Irritation,0.24647299626433972
0.0013066030697561216,Despair,Rage,0.16207263303244268
0.0013066030697561216,Irritation,Anxiety,0.22170249800828906
0.0013066030697561216,Irritation,Despair,0.24465454991635274
0.0013066030697561216,Irritation,Irritation,0.2521905049335216
0.0013066030697561216,Irritation,Rage,0.2814524471418366
0.0013066030697561216,Rage,Anxiety,0.160737779634114
0.0013066030697561216,Rage,Despair,0.2900089669245937
0.0013066030697561216,Rage,Irritation,0.20739024859496008
0.0013066030697561216,Rage,Rage,0.3418630048463319
0.0014127241206968034,Anxiety,Anxiety,0.2513346178784359
0.0014127241206968034,Anxiety,Despair,0.2614000074794129
0.0014127241206968034,Anxiety,Irritation,0.2517709814453558
0.0014127241206968034,Anxiety,Rage,0.23549439319679508
0.0014127241206968034,Despair,Anxiety,0.25133388731860273
0.0014127241206968034,Despair,Despair,0.2613997035911518
0.0014127241206968034,Despair,Irritation,0.25177149393115855
0.0014127241206968034,Despair,Rage,0.23549491515908688
0.0014127241206968034,Irritation,Anxiety,0.17076257707356676
0.0014127241206968034,Irritation,Despair,0.23093235903188417
0.0014127241206968034,Irritation,Irritation,0.24825921234216122
0.0014127241206968034,Irritation,Rage,0.3500458515523881
0.0014127241206968034,Rage,Anxiety,0.1276224740567243
0.0014127241206968034,Rage,Despair,0.2661069519598927
0.0014127241206968034,Rage,Irritation,0.2109044348094312
0.0014127241206968034,Rage,Rage,0.39536613917395197
0.0013467509342252044,Anxiety,Anxiety,0.29253762948471773
0.0013467509342252044,Anxiety,Despair,0.2727484817531052
0.0013467509342252044,Anxiety,Irritation,0.2477473192756051
0.0013467509342252044,Anxiety,Rage,0.186966569486572
0.0013467509342252044,Despair,Anxiety,0.29253709442000986
0.0013467509342252044,Despair,Despair,0.272748300145279
0.0013467509342252044,Despair,Irritation,0.24774769769119234
0.0013467509342252044,Despair,Rage,0.1869669077435188
0.0013467509342252044,Irritation,Anxiety,0.22996698458564713
0.0013467509342252044,Irritation,Despair,0.24594779200193653
0.0013467509342252044,Irritation,Irritation,0.25060527821149003
0.0013467509342252044,Irritation,Rage,0.27347994520092633
0.0013467509342252044,Rage,Anxiety,0.1851263109827135
0.0013467509342252044,Rage,Despair,0.2754700253787374
0.0013467509342252044,Rage,Irritation,0.2210819497190383
0.0013467509342252044,Rage,Rage,0.318321713919511
0.0012140707537116762,Anxiety,Anxiety,0.24697451277535215
0.0012140707537116762,Anxiety,Despair,0.2551932035761026
0.0012140707537116762,Anxiety,Irritation,0.2503432621494492
0.0012140707537116762,Anxiety,Rage,0.24748902149909618
0.0012140707537116762,Despair,Anxiety,0.24697421788378723
0.0012140707537116762,Despair,Despair,0.25519303177541325
0.0012140707537116762,Despair,Irritation,0.2503434832731044
0.0012140707537116762,Despair,Rage,0.2474892670676952
0.0012140707537116762,Irritation,Anxiety,0.2066794393374751
0.0012140707537116762,Irritation,Despair,0.23907107568229874
0.0012140707537116762,Irritation,Irritation,0.24859396770117273
0.0012140707537116762,Irritation,Rage,0.30565551727905355
0.0012140707537116762,Rage,Anxiety,0.1788540635395602
0.0012140707537116762,Rage,Despair,0.2591314609516343
0.0012140707537116762,Rage,Irritation,0.2282338288707423
0.0012140707537116762,Rage,Rage,0.3337806466380635
0.00133687507840825,Anxiety,Anxiety,0.21835567018587135
0.00133687507840825,Anxiety,Despair,0.2477619106155395
0.00133687507840825,Anxiety,Irritation,0.25011869196698194
0.00133687507840825,Anxiety,Rage,0.2837637272316073
0.00133687507840825,Despair,Anxiety,0.21835480208907862
0.00133687507840825,Despair,Despair,0.24776148246713323
0.00133687507840825,Despair,Irritation,0.2501193092472235
0.00133687507840825,Despair,Rage,0.2837644061965647
0.00133687507840825,Irritation,Anxiety,0.13133208921898537
0.00133687507840825,Irritation,Despair,0.21285918648905833
0.00133687507840825,Irritation,Irritation,0.23421249059060384
0.00133687507840825,Irritation,Rage,0.4215962337013525
0.00133687507840825,Rage,Anxiety,0.09406132695235893
0.00133687507840825,Rage,Despair,0.2505712083524917
0.00133687507840825,Rage,Irritation,0.19048393593652133
0.00133687507840825,Rage,Rage,0.4648835287586283
0.0012041117399171001,Anxiety,Anxiety,0.2644667660507863
0.0012041117399171001,Anxiety,Despair,0.2603430760110254
0.0012041117399171001,Anxiety,Irritation,0.25052742747776446
0.0012041117399171001,Anxiety,Rage,0.22466273046042415
0.0012041117399171001,Despair,Anxiety,0.2644664178596866
0.0012041117399171001,Despair,Despair,0.2603429338256006
0.0012041117399171001,Despair,Irritation,0.2505276596334491
0.0012041117399171001,Despair,Rage,0.22466298868126378
0.0012041117399171001,Irritation,Anxiety,0.2208571128855243
0.0012041117399171001,Irritation,Despair,0.24353335002463083
0.0012041117399171001,Irritation,Irritation,0.2495559187671546
0.0012041117399171001,Irritation,Rage,0.2860536183226905
0.0012041117399171001,Rage,Anxiety,0.1897673731977263
0.0012041117399171001,Rage,Despair,0.2637523748482137
0.0012041117399171001,Rage,Irritation,0.2290895064962204
0.0012041117399171001,Rage,Rage,0.3173907454578397
0.0013878450301307273,Anxiety,Anxiety,0.22222873558870265
0.0013878450301307273,Anxiety,Despair,0.24906192485537662
0.0013878450301307273,Anxiety,Irritation,0.25055523523003165
0.0013878450301307273,Anxiety,Rage,0.27815410432588883
0.0013878450301307273,Despair,Anxiety,0.22222778112562053
0.0013878450301307273,Despair,Despair,0.24906144281684706
0.0013878450301307273,Despair,Irritation,0.2505558814004969
0.0013878450301307273,Despair,Rage,0.2781548946570354
0.0013878450301307273,Irritation,Anxiety,0.1261389727674508
0.0013878450301307273,Irritation,Despair,0.21234290349682533
0.0013878450301307273,Irritation,Irritation,0.2331681809276425
0.0013878450301307273,Irritation,Rage,0.4283499428080813
0.0013878450301307273,Rage,Anxiety,0.08851960204900503
0.0013878450301307273,Rage,Despair,0.25295723058910885
0.0013878450301307273,Rage,Irritation,0.18607082726080432
0.0013878450301307273,Rage,Rage,0.47245234010108184
0.0012950074089013747,Anxiety,Anxiety,0.18617179239617734
0.0012950074089013747,Anxiety,Despair,0.23191497698889948
0.0012950074089013747,Anxiety,Irritation,0.24158855241807056
0.0012950074089013747,Anxiety,Rage,0.3403246781968526
0.0012950074089013747,Despair,Anxiety,0.18617102759863882
0.0012950074089013747,Despair,Despair,0.23191458671332268
0.0012950074089013747,Despair,Irritation,0.24158911221671345
0.0012950074089013747,Despair,Rage,0.34032527347132485
0.0012950074089013747,Irritation,Anxiety,0.11380874115831867
0.0012950074089013747,Irritation,Despair,0.20077515613675795
0.0012950074089013747,Irritation,Irritation,0.2187943016853399
0.0012950074089013747,Irritation,Rage,0.4666218010195835
0.0012950074089013747,Rage,Anxiety,0.08391009093331003
0.0012950074089013747,Rage,Despair,0.23306915592325522
0.0012950074089013747,Rage,Irritation,0.1799259456105712
0.0012950074089013747,Rage,Rage,0.5030948075328635
0.0012815137636454739,Anxiety,Anxiety,0.3199445142429196
0.0012815137636454739,Anxiety,Despair,0.2879215302347297
0.0012815137636454739,Anxiety,Irritation,0.24153102450524747
0.0012815137636454739,Anxiety,Rage,0.15060293101710326
0.0012815137636454739,Despair,Anxiety,0.31994367787464467
0.0012815137636454739,Despair,Despair,0.28792130048784664
0.0012815137636454739,Despair,Irritation,0.24153166428449827
0.0012815137636454739,Despair,Rage,0.15060335735301064
0.0012815137636454739,Irritation,Anxiety,0.22141428720427278
0.0012815137636454739,Irritation,Despair,0.24344658393295132
0.0012815137636454739,Irritation,Irritation,0.25228363853308317
0.0012815137636454739,Irritation,Rage,0.28285549032969276
0.0012815137636454739,Rage,Anxiety,0.15439210732219422
0.0012815137636454739,Rage,Despair,0.2949728474949037
0.0012815137636454739,Rage,Irritation,0.2016746195405805
0.0012815137636454739,Rage,Rage,0.34896042564232144
0.001231907045559606,Anxiety,Anxiety,0.2676401177966489
0.001231907045559606,Anxiety,Despair,0.26359556609620755
0.001231907045559606,Anxiety,Irritation,0.2502305805231085
0.001231907045559606,Anxiety,Rage,0.21853373558403527
0.001231907045559606,Despair,Anxiety,0.2676396606609374
0.001231907045559606,Despair,Despair,0.2635953909479467
0.001231907045559606,Despair,Irritation,0.25023090715186214
0.001231907045559606,Despair,Rage,0.21853404123925346
0.001231907045559606,Irritation,Anxiety,0.21458729406855662
0.001231907045559606,Irritation,Despair,0.24122110994177096
0.001231907045559606,Irritation,Irritation,0.25037114812318284
0.001231907045559606,Irritation,Rage,0.2938204478664896
0.001231907045559606,Rage,Anxiety,0.17795997354693316
0.001231907045559606,Rage,Despair,0.26750783012960627
0.001231907045559606,Rage,Irritation,0.22354917755363346
0.001231907045559606,Rage,Rage,0.3309830187698275
0.001422254133867403,Anxiety,Anxiety,0.29582136510643203
0.001422254133867403,Anxiety,Despair,0.27463610289335444
0.001422254133867403,Anxiety,Irritation,0.24840857372514377
0.001422254133867403,Anxiety,Rage,0.18113395827506992
0.001422254133867403,Despair,Anxiety,0.29582079374760156
0.001422254133867403,Despair,Despair,0.2746358876431637
0.001422254133867403,Despair,Irritation,0.24840896468797724
0.001422254133867403,Despair,Rage,0.1811343539212576
0.001422254133867403,Irritation,Anxiety,0.22305664990606805
0.001422254133867403,Irritation,Despair,0.24579691650721844
0.001422254133867403,Irritation,Irritation,0.25112785717143865
0.001422254133867403,Irritation,Rage,0.28001857641527494
0.001422254133867403,Rage,Anxiety,0.17240235956225572
0.001422254133867403,Rage,Despair,0.28047421104826364
0.001422254133867403,Rage,Irritation,0.21767337971144357
0.001422254133867403,Rage,Rage,0.3294500496780372
0.0012845470517931197,Anxiety,Anxiety,0.28461136478216803
0.0012845470517931197,Anxiety,Despair,0.2681386930257159
0.0012845470517931197,Anxiety,Irritation,0.24899228026418485
0.0012845470517931197,Anxiety,Rage,0.19825766192793115
0.0012845470517931197,Despair,Anxiety,0.28461095033924216
0.0012845470517931197,Despair,Despair,0.26813854443139973
0.0012845470517931197,Despair,Irritation,0.24899257118136048
0.0012845470517931197,Despair,Rage,0.19825793404799752
0.0012845470517931197,Irritation,Anxiety,0.23588901417144845
0.0012845470517931197,Irritation,Despair,0.2469818403439078
0.0012845470517931197,Irritation,Irritation,0.25017184410792764
0.0012845470517931197,Irritation,Rage,0.26695730137671597
0.0012845470517931197,Rage,Anxiety,0.19989257546416467
0.0012845470517931197,Rage,Despair,0.2702264725009071
0.0012845470517931197,Rage,Irritation,0.22622406621137947
0.0012845470517931197,Rage,Rage,0.30365688582354855
0.0012571672177836893,Anxiety,Anxiety,0.24664597320878953
0.0012571672177836893,Anxiety,Despair,0.2562294517919644
0.0012571672177836893,Anxiety,Irritation,0.25072041931497174
0.0012571672177836893,Anxiety,Rage,0.24640415568427426
0.0012571672177836893,Despair,Anxiety,0.24664563481011986
0.0012571672177836893,Despair,Despair,0.2562292499115106
0.0012571672177836893,Despair,Irritation,0.25072068013446697
0.0012571672177836893,Despair,Rage,0.24640443514390287
0.0012571672177836893,Irritation,Anxiety,0.20099562211697133
0.0012571672177836893,Irritation,Despair,0.23764860945501953
0.0012571672177836893,Irritation,Irritation,0.24880016809472083
0.0012571672177836893,Irritation,Rage,0.3125556003332885
0.0012571672177836893,Rage,Anxiety,0.17032681455907864
0.0012571672177836893,Rage,Despair,0.2604083551769394
0.0012571672177836893,Rage,Irritation,0.22556279204570348
0.0012571672177836893,Rage,Rage,0.34370203821827827
0.001264786644951177,Anxiety,Anxiety,0.28485134301091314
0.001264786644951177,Anxiety,Despair,0.2682627790479305
0.001264786644951177,Anxiety,Irritation,0.24854417541570206
0.001264786644951177,Anxiety,Rage,0.19834170252545438
0.001264786644951177,Despair,Anxiety,0.2848509244081924
0.001264786644951177,Despair,Despair,0.26826263568689385
0.001264786644951177,Despair,Irritation,0.24854447215140385
0.001264786644951177,Despair,Rage,0.19834196775351004
0.001264786644951177,Irritation,Anxiety,0.2369172072096902
0.001264786644951177,Irritation,Despair,0.2470422304053126
0.001264786644951177,Irritation,Irritation,0.249977722808629
0.001264786644951177,Irritation,Rage,0.2660628395763678
0.001264786644951177,Rage,Anxiety,0.20154966991813034
0.001264786644951177,Rage,Despair,0.26995304795673125
0.001264786644951177,Rage,Irritation,0.22621388899410969
0.001264786644951177,Rage,Rage,0.3022833931310285
0.0013532309185553348,Anxiety,Anxiety,0.2885288709420619
0.0013532309185553348,Anxiety,Despair,0.27073143396011506
0.0013532309185553348,Anxiety,Irritation,0.2487811802528041
0.0013532309185553348,Anxiety,Rage,0.19195851484501894
0.0013532309185553348,Despair,Anxiety,0.2885283968738719
0.0013532309185553348,Despair,Despair,0.27073125384915
0.0013532309185553348,Despair,Irritation,0.24878151433772996
0.0013532309185553348,Despair,Rage,0.19195883493924823
0.0013532309185553348,Irritation,Anxiety,0.23059045456469437
0.0013532309185553348,Irritation,Despair,0.24641294760142038
0.0013532309185553348,Irritation,Irritation,0.2505392718754213
0.0013532309185553348,Irritation,Rage,0.2724573259584639
0.0013532309185553348,Rage,Anxiety,0.18865459738997065
0.0013532309185553348,Rage,Despair,0.27381948980289356
0.0013532309185553348,Rage,Irritation,0.22289555345656076
0.0013532309185553348,Rage,Rage,0.3146303593505751
0.0013365444064364078,Anxiety,Anxiety,0.3402311204318799
0.0013365444064364078,Anxiety,Despair,0.2879688835069631
0.0013365444064364078,Anxiety,Irritation,0.2375368745496951
0.0013365444064364078,Anxiety,Rage,0.13426312151146208
0.0013365444064364078,Despair,Anxiety,0.3402304655322678
0.0013365444064364078,Despair,Despair,0.2879687423092846
0.0013365444064364078,Despair,Irritation,0.2375373665203954
0.0013365444064364078,Despair,Rage,0.13426342563805216
0.0013365444064364078,Irritation,Anxiety,0.25716076000455323
0.0013365444064364078,Irritation,Despair,0.2512046312455875
0.0013365444064364078,Irritation,Irritation,0.2484175215598177
0.0013365444064364078,Irritation,Rage,0.2432170871900416
0.0013365444064364078,Rage,Anxiety,0.19083360458366472
0.0013365444064364078,Rage,Despair,0.2958321399281165
0.0013365444064364078,Rage,Irritation,0.20526878047528838
0.0013365444064364078,Rage,Rage,0.30806547501293036
0.0013412732611595988,Anxiety,Anxiety,0.2496430043759085
0.0013412732611595988,Anxiety,Despair,0.25758464397614966
0.0013412732611595988,Anxiety,Irritation,0.25020290043743454
0.0013412732611595988,Anxiety,Rage,0.24256945121050766
0.0013412732611595988,Despair,Anxiety,0.24964249474499808
0.0013412732611595988,Despair,Despair,0.25758443973255485
0.0013412732611595988,Despair,Irritation,0.25020325149608974
0.0013412732611595988,Despair,Rage,0.24256981402635744
0.0013412732611595988,Irritation,Anxiety,0.19080933424006719
0.0013412732611595988,Irritation,Despair,0.23661700297229904
0.0013412732611595988,Irritation,Irritation,0.24763603516903143
0.0013412732611595988,Irritation,Rage,0.32493762761860195
0.0013412732611595988,Rage,Anxiety,0.1545141394424557
0.0013412732611595988,Rage,Despair,0.26330987413529694
0.0013412732611595988,Rage,Irritation,0.22062825978748546
0.0013412732611595988,Rage,Rage,0.3615477266347616
0.0013430821003007883,Anxiety,Anxiety,0.34597013403892146
0.0013430821003007883,Anxiety,Despair,0.28930792118467635
0.0013430821003007883,Anxiety,Irritation,0.23567392915694352
0.0013430821003007883,Anxiety,Rage,0.12904801561945864
0.0013430821003007883,Despair,Anxiety,0.34596943394000446
0.0013430821003007883,Despair,Despair,0.2893077916735479
0.0013430821003007883,Despair,Irritation,0.23567445243062962
0.0013430821003007883,Despair,Rage,0.12904832195581828
0.0013430821003007883,Irritation,Anxiety,0.25769258050347754
0.0013430821003007883,Irritation,Despair,0.2510643403679491
0.0013430821003007883,Irritation,Irritation,0.24800837045986324
0.0013430821003007883,Irritation,Rage,0.24323470866871016
0.0013430821003007883,Rage,Anxiety,0.18742722242839227
0.0013430821003007883,Rage,Despair,0.2982723500801165
0.0013430821003007883,Rage,Irritation,0.20300802687382774
0.0013430821003007883,Rage,Rage,0.31129240061766394
0.0015141647600870462,Anxiety,Anxiety,0.33066659266996684
0.0015141647600870462,Anxiety,Despair,0.3019014376152115
0.0015141647600870462,Anxiety,Irritation,0.24133327802088994
0.0015141647600870462,Anxiety,Rage,0.12609869169393176
0.0015141647600870462,Despair,Anxiety,0.33066561920136506
0.0015141647600870462,Despair,Despair,0.3019010873106029
0.0015141647600870462,Despair,Irritation,0.24133410304166333
0.0015141647600870462,Despair,Rage,0.1260991904463686
0.0015141647600870462,Irritation,Anxiety,0.1787968774633513
0.0015141647600870462,Irritation,Despair,0.2436310683544969
0.0015141647600870462,Irritation,Irritation,0.2593367572643671
0.0015141647600870462,Irritation,Rage,0.3182352969177845
0.0015141647600870462,Rage,Anxiety,0.10828085801807717
0.0015141647600870462,Rage,Despair,0.3148769536981132
0.0015141647600870462,Rage,Irritation,0.1818959474128545
0.0015141647600870462,Rage,Rage,0.3949462408709549
0.0012593584983615384,Anxiety,Anxiety,0.24834445853642234
0.0012593584983615384,Anxiety,Despair,0.2557187027776941
0.0012593584983615384,Anxiety,Irritation,0.24996159419760527
0.0012593584983615384,Anxiety,Rage,0.24597524448827837
0.0012593584983615384,Despair,Anxiety,0.24834404499942928
0.0012593584983615384,Despair,Despair,0.25571854245899583
0.0012593584983615384,Despair,Irritation,0.24996188096330318
0.0012593584983615384,Despair,Rage,0.2459755315782716
0.0012593584983615384,Irritation,Anxiety,0.20045757198809552
0.0012593584983615384,Irritation,Despair,0.23743700255326133
0.0012593584983615384,Irritation,Irritation,0.24881849740233203
0.0012593584983615384,Irritation,Rage,0.3132869280563108
0.0012593584983615384,Rage,Anxiety,0.16938496207869067
0.0012593584983615384,Rage,Despair,0.26038980384782595
0.0012593584983615384,Rage,Irritation,0.22537232120748804
0.0012593584983615384,Rage,Rage,0.34485291286599506
0.0012487757270928461,Anxiety,Anxiety,0.28134606650142396
0.0012487757270928461,Anxiety,Despair,0.26640515814947907
0.0012487757270928461,Anxiety,Irritation,0.24931753227424258
0.0012487757270928461,Anxiety,Rage,0.20293124307485458
0.0012487757270928461,Despair,Anxiety,0.28134570005815984
0.0012487757270928461,Despair,Despair,0.2664050234573333
0.0012487757270928461,Despair,Irritation,0.24931779116098599
0.0012487757270928461,Despair,Rage,0.202931485323521
0.0012487757270928461,Irritation,Anxiety,0.23826387210224545
0.0012487757270928461,Irritation,Despair,0.24746345850773604
0.0012487757270928461,Irritation,Irritation,0.25008220177182744
0.0012487757270928461,Irritation,Rage,0.26419046761819104
0.0012487757270928461,Rage,Anxiety,0.20615158921067575
0.0012487757270928461,Rage,Despair,0.26819784672634417
0.0012487757270928461,Rage,Irritation,0.22834884935230731
0.0012487757270928461,Rage,Rage,0.2973017147106726
0.0012186227271752121,Anxiety,Anxiety,0.2462306696205539
0.0012186227271752121,Anxiety,Despair,0.255432104341262
0.0012186227271752121,Anxiety,Irritation,0.25063611986698325
0.0012186227271752121,Anxiety,Rage,0.24770110617120095
0.0012186227271752121,Despair,Anxiety,0.2462303552461691
0.0012186227271752121,Despair,Despair,0.25543191876514826
0.0012186227271752121,Despair,Irritation,0.25063636611616974
0.0012186227271752121,Despair,Rage,0.2477013598725128
0.0012186227271752121,Irritation,Anxiety,0.20416431884693947
0.0012186227271752121,Irritation,Despair,0.23794836845872647
0.0012186227271752121,Irritation,Irritation,0.24893695394125284
0.0012186227271752121,Irritation,Rage,0.30895035875308136
0.0012186227271752121,Rage,Anxiety,0.17548171383926833
0.0012186227271752121,Rage,Despair,0.25901847904991165
0.0012186227271752121,Rage,Irritation,0.2272211426344841
0.0012186227271752121,Rage,Rage,0.3382786644763361
0.001201087864965215,Anxiety,Anxiety,0.27710785469804267
0.001201087864965215,Anxiety,Despair,0.26375365034380543
0.001201087864965215,Anxiety,Irritation,0.2501887988029484
0.001201087864965215,Anxiety,Rage,0.2089496961552035
0.001201087864965215,Despair,Anxiety,0.27710756053751584
0.001201087864965215,Despair,Despair,0.2637535380391935
0.001201087864965215,Despair,Irritation,0.25018900238790753
0.001201087864965215,Despair,Rage,0.20894989903538339
0.001201087864965215,Irritation,Anxiety,0.23957610081868355
0.001201087864965215,Irritation,Despair,0.24889134802757532
0.001201087864965215,Irritation,Irritation,0.24919783981785518
0.001201087864965215,Irritation,Rage,0.262334711335886
0.001201087864965215,Rage,Anxiety,0.21355798554959324
0.001201087864965215,Rage,Despair,0.2653685534826434
0.001201087864965215,Rage,Irritation,0.23156917149328793
0.001201087864965215,Rage,Rage,0.2895042894744753
0.0012632213348532117,Anxiety,Anxiety,0.35457878614502036
0.0012632213348532117,Anxiety,Despair,0.2849782780594254
0.0012632213348532117,Anxiety,Irritation,0.23514741970323175
0.0012632213348532117,Anxiety,Rage,0.12529551609232228
0.0012632213348532117,Despair,Anxiety,0.35457832806493794
0.0012632213348532117,Despair,Despair,0.2849781997922583
0.0012632213348532117,Despair,Irritation,0.23514776821674746
0.0012632213348532117,Despair,Rage,0.12529570392605624
0.0012632213348532117,Irritation,Anxiety,0.2954142314917943
0.0012632213348532117,Irritation,Despair,0.2571261914471544
0.0012632213348532117,Irritation,Irritation,0.2406112670298728
0.0012632213348532117,Irritation,Rage,0.20684831003117868
0.0012632213348532117,Rage,Anxiety,0.24273655545807374
0.0012632213348532117,Rage,Despair,0.28984860095172127
0.0012632213348532117,Rage,Irritation,0.20693475936353917
0.0012632213348532117,Rage,Rage,0.26048008422666596
0.0014287925261289248,Anxiety,Anxiety,0.36705609579032245
0.0014287925261289248,Anxiety,Despair,0.2956909220134812
0.0014287925261289248,Anxiety,Irritation,0.22810371396804113
0.0014287925261289248,Anxiety,Rage,0.10914926822815496
0.0014287925261289248,Despair,Anxiety,0.3670552194310812
0.0014287925261289248,Despair,Despair,0.2956908473470496
0.0014287925261289248,Despair,Irritation,0.22810435699159
0.0014287925261289248,Despair,Rage,0.10914957623027892
0.0014287925261289248,Irritation,Anxiety,0.2396885500108418
0.0014287925261289248,Irritation,Despair,0.25406750052749344
0.0014287925261289248,Irritation,Irritation,0.2460351907787847
0.0014287925261289248,Irritation,Rage,0.2602087586828803
0.0014287925261289248,Rage,Anxiety,0.1559537328197246
0.0014287925261289248,Rage,Despair,0.31600939120609933
0.0014287925261289248,Rage,Irritation,0.19151734541717655
0.0014287925261289248,Rage,Rage,0.3365195305569999
0.0013193974419132613,Anxiety,Anxiety,0.27455199330472885
0.0013193974419132613,Anxiety,Despair,0.27010380575026355
0.0013193974419132613,Anxiety,Irritation,0.25014652253392516
0.0013193974419132613,Anxiety,Rage,0.20519767841108236
0.0013193974419132613,Despair,Anxiety,0.27455134075845283
0.0013193974419132613,Despair,Despair,0.27010355876861747
0.0013193974419132613,Despair,Irritation,0.2501470037036252
0.0013193974419132613,Despair,Rage,0.20519809676930464
0.0013193974419132613,Irritation,Anxiety,0.19700031442063698
0.0013193974419132613,Irritation,Despair,0.2388855938088605
0.0013193974419132613,Irritation,Irritation,0.2503962310733895
0.0013193974419132613,Irritation,Rage,0.31371786069711316
0.0013193974419132613,Rage,Anxiety,0.1523149827452559
0.0013193974419132613,Rage,Despair,0.27374165065107
0.0013193974419132613,Rage,Irritation,0.21428352440421436
0.0013193974419132613,Rage,Rage,0.3596598421994598
0.0013920230899639857,Anxiety,Anxiety,0.2932895834400514
0.0013920230899639857,Anxiety,Despair,0.2736294857362041
0.0013920230899639857,Anxiety,Irritation,0.24791871361286644
0.0013920230899639857,Anxiety,Rage,0.18516221721087808
0.0013920230899639857,Despair,Anxiety,0.293289048135503
0.0013920230899639857,Despair,Despair,0.2736292895079741
0.0013920230899639857,Despair,Irritation,0.24791908800104956
0.0013920230899639857,Despair,Rage,0.1851625743554733
0.0013920230899639857,Irritation,Anxiety,0.22380241862062078
0.0013920230899639857,Irritation,Despair,0.24740954584174818
0.0013920230899639857,Irritation,Irritation,0.2493279741017462
0.0013920230899639857,Irritation,Rage,0.279460061435885
0.0013920230899639857,Rage,Anxiety,0.17861046294353916
0.0013920230899639857,Rage,Despair,0.27755905816342125
0.0013920230899639857,Rage,Irritation,0.2198664236488116
0.0013920230899639857,Rage,Rage,0.3239640552442279
0.001357710379125725,Anxiety,Anxiety,0.28880573995447545
0.001357710379125725,Anxiety,Despair,0.27088470340706156
0.001357710379125725,Anxiety,Irritation,0.24887207591499153
0.001357710379125725,Anxiety,Rage,0.1914374807234718
0.001357710379125725,Despair,Anxiety,0.28880527405014267
0.001357710379125725,Despair,Despair,0.27088452905683913
0.001357710379125725,Despair,Irritation,0.24887240233310773
0.001357710379125725,Despair,Rage,0.19143779455991025
0.001357710379125725,Irritation,Anxiety,0.22843228872443103
0.001357710379125725,Irritation,Despair,0.24776775835950393
0.001357710379125725,Irritation,Irritation,0.24920431280555902
0.001357710379125725,Irritation,Rage,0.27459564011050597
0.001357710379125725,Rage,Anxiety,0.18819265539318933
0.001357710379125725,Rage,Despair,0.27403498905500046
0.001357710379125725,Rage,Irritation,0.22278939129643388
0.001357710379125725,Rage,Rage,0.31498296425537653
0.001236353635362902,Anxiety,Anxiety,0.24848686772138354
0.001236353635362902,Anxiety,Despair,0.2546023478830001
0.001236353635362902,Anxiety,Irritation,0.24968699844667877
0.001236353635362902,Anxiety,Rage,0.24722378594893768
0.001236353635362902,Despair,Anxiety,0.24848661500620942
0.001236353635362902,Despair,Despair,0.2546021975486067
0.001236353635362902,Despair,Irritation,0.24968716750162734
0.001236353635362902,Despair,Rage,0.24722401994355667
0.001236353635362902,Irritation,Anxiety,0.20857820800113344
0.001236353635362902,Irritation,Despair,0.24202114704851466
0.001236353635362902,Irritation,Irritation,0.24680585286732723
0.001236353635362902,Irritation,Rage,0.30259479208302453
0.001236353635362902,Rage,Anxiety,0.18300099507229575
0.001236353635362902,Rage,Despair,0.259961135072373
0.001236353635362902,Rage,Irritation,0.22913007444385447
0.001236353635362902,Rage,Rage,0.3279077954114767
0.0013541952220410293,Anxiety,Anxiety,0.2494644913423406
0.0013541952220410293,Anxiety,Despair,0.25973598139141824
0.0013541952220410293,Anxiety,Irritation,0.2516179599408511
0.0013541952220410293,Anxiety,Rage,0.2391815673253899
0.0013541952220410293,Despair,Anxiety,0.24946384824624632
0.0013541952220410293,Despair,Despair,0.2597357257122592
0.0013541952220410293,Despair,Irritation,0.25161841792947154
0.0013541952220410293,Despair,Rage,0.2391820081120229
0.0013541952220410293,Irritation,Anxiety,0.1755828252572426
0.0013541952220410293,Irritation,Despair,0.23351693216798283
0.0013541952220410293,Irritation,Irritation,0.2468375339958148
0.0013541952220410293,Irritation,Rage,0.3440627085789596
0.0013541952220410293,Rage,Anxiety,0.13696936212732408
0.0013541952220410293,Rage,Despair,0.26367750523385003
0.0013541952220410293,Rage,Irritation,0.21476941236279942
0.0013541952220410293,Rage,Rage,0.3845837202760262
0.0012683404548834184,Anxiety,Anxiety,0.2708182375445469
0.0012683404548834184,Anxiety,Despair,0.2672810920795072
0.0012683404548834184,Anxiety,Irritation,0.24990923240764099
0.0012683404548834184,Anxiety,Rage,0.21199143796830527
0.0012683404548834184,Despair,Anxiety,0.2708176695220339
0.0012683404548834184,Despair,Despair,0.26728088348615975
0.0012683404548834184,Despair,Irritation,0.24990965376304528
0.0012683404548834184,Despair,Rage,0.21199179322876108
0.0012683404548834184,Irritation,Anxiety,0.20444646239997122
0.0012683404548834184,Irritation,Despair,0.24001828355316482
0.0012683404548834184,Irritation,Irritation,0.24979831807099365
0.0012683404548834184,Irritation,Rage,0.3057369359758705
0.0012683404548834184,Rage,Anxiety,0.16420723900118175
0.0012683404548834184,Rage,Despair,0.2705013440958238
0.0012683404548834184,Rage,Irritation,0.21826871328626066
0.0012683404548834184,Rage,Rage,0.3470227036167336
0.001267761088384104,Anxiety,Anxiety,0.28642889602527233
0.001267761088384104,Anxiety,Despair,0.26924109993452305
0.001267761088384104,Anxiety,Irritation,0.24799313870713616
0.001267761088384104,Anxiety,Rage,0.19633686533306866
0.001267761088384104,Despair,Anxiety,0.28642846147242096
0.001267761088384104,Despair,Despair,0.2692409566922494
0.001267761088384104,Despair,Irritation,0.24799345155017263
0.001267761088384104,Despair,Rage,0.19633713028515698
0.001267761088384104,Irritation,Anxiety,0.23490907333325958
0.001267761088384104,Irritation,Despair,0.24787307316870832
0.001267761088384104,Irritation,Irritation,0.24878108492449208
0.001267761088384104,Irritation,Rage,0.26843676857353993
0.001267761088384104,Rage,Anxiety,0.19996354829006818
0.001267761088384104,Rage,Despair,0.27088497248390236
0.001267761088384104,Rage,Irritation,0.225035300586462
0.001267761088384104,Rage,Rage,0.3041161786395674
0.0013097167318670457,Anxiety,Anxiety,0.3444927310331715
0.0013097167318670457,Anxiety,Despair,0.2877813936486533
0.0013097167318670457,Anxiety,Irritation,0.2359030824907339
0.0013097167318670457,Anxiety,Rage,0.13182279282744117
0.0013097167318670457,Despair,Anxiety,0.34449206301974855
0.0013097167318670457,Despair,Despair,0.28778127427957667
0.0013097167318670457,Despair,Irritation,0.23590357717500185
0.0013097167318670457,Despair,Rage,0.13182308552567287
0.0013097167318670457,Irritation,Anxiety,0.2592525983506237
0.0013097167318670457,Irritation,Despair,0.25302223350599257
0.0013097167318670457,Irritation,Irritation,0.24468184521526495
0.0013097167318670457,Irritation,Rage,0.24304332292811862
0.0013097167318670457,Rage,Anxiety,0.19477506962986407
0.0013097167318670457,Rage,Despair,0.29570084413252506
0.0013097167318670457,Rage,Irritation,0.20456358593907492
0.0013097167318670457,Rage,Rage,0.30496050029853583
0.001147406959348105,Anxiety,Anxiety,0.2451686683861586
0.001147406959348105,Anxiety,Despair,0.2544718939679375
0.001147406959348105,Anxiety,Irritation,0.25063709749007507
0.001147406959348105,Anxiety,Rage,0.24972234015582878
0.001147406959348105,Despair,Anxiety,0.24516839720453426
0.001147406959348105,Despair,Despair,0.25447173430240744
0.001147406959348105,Despair,Irritation,0.25063732478734263
0.001147406959348105,Despair,Rage,0.24972254370571553
0.001147406959348105,Irritation,Anxiety,0.20812052781085041
0.001147406959348105,Irritation,Despair,0.23899898489706214
0.001147406959348105,Irritation,Irritation,0.2485368829652605
0.001147406959348105,Irritation,Rage,0.30434360432682694
0.001147406959348105,Rage,Anxiety,0.18414226510991832
0.001147406959348105,Rage,Despair,0.2568011710793402
0.001147406959348105,Rage,Irritation,0.22977402811310857
0.001147406959348105,Rage,Rage,0.329282535697633
0.0014192166104101658,Anxiety,Anxiety,0.2788671444185202
0.0014192166104101658,Anxiety,Despair,0.2730639436003487
0.0014192166104101658,Anxiety,Irritation,0.25026273024337814
0.0014192166104101658,Anxiety,Rage,0.19780618173775302
0.0014192166104101658,Despair,Anxiety,0.27886641141334345
0.0014192166104101658,Despair,Despair,0.2730636336676421
0.0014192166104101658,Despair,Irritation,0.25026324098543146
0.0014192166104101658,Despair,Rage,0.1978067139335832
0.0014192166104101658,Irritation,Anxiety,0.18391584162073774
0.0014192166104101658,Irritation,Despair,0.24043441080777672
0.0014192166104101658,Irritation,Irritation,0.24939508848545514
0.0014192166104101658,Irritation,Rage,0.3262546590860304
0.0014192166104101658,Rage,Anxiety,0.13474699221020672
0.0014192166104101658,Rage,Despair,0.2799531152123946
0.0014192166104101658,Rage,Irritation,0.20955955507442342
0.0014192166104101658,Rage,Rage,0.37574033750297553
0.0012328910324825892,Anxiety,Anxiety,0.26882833481341245
0.0012328910324825892,Anxiety,Despair,0.2654734770272069
0.0012328910324825892,Anxiety,Irritation,0.24993933782009023
0.0012328910324825892,Anxiety,Rage,0.2157588503392901
0.0012328910324825892,Despair,Anxiety,0.2688278235120463
0.0012328910324825892,Despair,Despair,0.26547328972224704
0.0012328910324825892,Despair,Irritation,0.24993971782223096
0.0012328910324825892,Despair,Rage,0.2157591689434759
0.0012328910324825892,Irritation,Anxiety,0.20918688659052784
0.0012328910324825892,Irritation,Despair,0.2408534812128368
0.0012328910324825892,Irritation,Irritation,0.2496321859965189
0.0012328910324825892,Irritation,Rage,0.3003274462001163
0.0012328910324825892,Rage,Anxiety,0.17201230680058865
0.0012328910324825892,Rage,Despair,0.2685230749065329
0.0012328910324825892,Rage,Irritation,0.2210407938614115
0.0012328910324825892,Rage,Rage,0.33842382443146696
0.001400026941965946,Anxiety,Anxiety,0.2519247561558742
0.001400026941965946,Anxiety,Despair,0.25971707586513343
0.001400026941965946,Anxiety,Irritation,0.25086279323005245
0.001400026941965946,Anxiety,Rage,0.23749537474893992
0.001400026941965946,Despair,Anxiety,0.2519241346455393
0.001400026941965946,Despair,Despair,0.25971682593476897
0.001400026941965946,Despair,Irritation,0.25086320759627434
0.001400026941965946,Despair,Rage,0.23749583182341708
0.001400026941965946,Irritation,Anxiety,0.17663263488526051
0.001400026941965946,Irritation,Despair,0.2361183440135134
0.001400026941965946,Irritation,Irritation,0.24629154032200506
0.001400026941965946,Irritation,Rage,0.34095748077922117
0.001400026941965946,Rage,Anxiety,0.13772717365416573
0.001400026941965946,Rage,Despair,0.2663210776482491
0.001400026941965946,Rage,Irritation,0.21542480594602723
0.001400026941965946,Rage,Rage,0.3805269427515576
0.0013136321123853117,Anxiety,Anxiety,0.2905737532914023
0.0013136321123853117,Anxiety,Despair,0.27105909018005403
0.0013136321123853117,Anxiety,Irritation,0.2481803909836609
0.0013136321123853117,Anxiety,Rage,0.19018676554488276
0.0013136321123853117,Despair,Anxiety,0.290573267456225
0.0013136321123853117,Despair,Despair,0.2710589286868297
0.0013136321123853117,Despair,Irritation,0.24818073552438696
0.0013136321123853117,Despair,Rage,0.19018706833255838
0.0013136321123853117,Irritation,Anxiety,0.23151099521276197
0.0013136321123853117,Irritation,Despair,0.24738808701734832
0.0013136321123853117,Irritation,Irritation,0.24917590877606763
0.0013136321123853117,Irritation,Rage,0.27192500899382216
0.0013136321123853117,Rage,Anxiety,0.19185836090539846
0.0013136321123853117,Rage,Despair,0.27336866853604946
0.0013136321123853117,Rage,Irritation,0.2229015592635491
0.0013136321123853117,Rage,Rage,0.31187141129500273
0.0014532033079628797,Anxiety,Anxiety,0.29745045015390953
0.0014532033079628797,Anxiety,Despair,0.276357995769836
0.0014532033079628797,Anxiety,Irritation,0.24803337139563345
0.0014532033079628797,Anxiety,Rage,0.178158182680621
0.0014532033079628797,Despair,Anxiety,0.297449855954098
0.0014532033079628797,Despair,Despair,0.2763577657535842
0.0014532033079628797,Despair,Irritation,0.2480337807874525
0.0014532033079628797,Despair,Rage,0.1781585975048653
0.0014532033079628797,Irritation,Anxiety,0.21586168573149608
0.0014532033079628797,Irritation,Despair,0.247290988912086
0.0014532033079628797,Irritation,Irritation,0.24990465422448
0.0014532033079628797,Irritation,Rage,0.2869426711319381
0.0014532033079628797,Rage,Anxiety,0.1652081054816873
0.0014532033079628797,Rage,Despair,0.2831491628213152
0.0014532033079628797,Rage,Irritation,0.2156719109311416
0.0014532033079628797,Rage,Rage,0.33597082076585594
0.0012340030586208178,Anxiety,Anxiety,0.2680068764275419
0.0012340030586208178,Anxiety,Despair,0.26489178622371373
0.0012340030586208178,Anxiety,Irritation,0.24989876408240919
0.0012340030586208178,Anxiety,Rage,0.21720257326633519
0.0012340030586208178,Despair,Anxiety,0.2680063954121108
0.0012340030586208178,Despair,Despair,0.2648916062609504
0.0012340030586208178,Despair,Irritation,0.2498991201506512
0.0012340030586208178,Despair,Rage,0.21720287817628767
0.0012340030586208178,Irritation,Anxiety,0.2110435051260236
0.0012340030586208178,Irritation,Despair,0.2415723846829314
0.0012340030586208178,Irritation,Irritation,0.24929403148765528
0.0012340030586208178,Irritation,Rage,0.29809007870338977
0.0012340030586208178,Rage,Anxiety,0.17506588037027937
0.0012340030586208178,Rage,Despair,0.2681456758915669
0.0012340030586208178,Rage,Irritation,0.22189238404809825
0.0012340030586208178,Rage,Rage,0.3348960596900556
0.0012688205143530082,Anxiety,Anxiety,0.2482144843926355
0.0012688205143530082,Anxiety,Despair,0.2554599122021052
0.0012688205143530082,Anxiety,Irritation,0.25019767400506465
0.0012688205143530082,Anxiety,Rage,0.2461279294001948
0.0012688205143530082,Despair,Anxiety,0.24821418644459325
0.0012688205143530082,Despair,Despair,0.25545973343965434
0.0012688205143530082,Despair,Irritation,0.25019788336363524
0.0012688205143530082,Despair,Rage,0.24612819675211708
0.0012688205143530082,Irritation,Anxiety,0.20277507266102332
0.0012688205143530082,Irritation,Despair,0.24045322895393154
0.0012688205143530082,Irritation,Irritation,0.24715561799180616
0.0012688205143530082,Irritation,Rage,0.3096160803932391
0.0012688205143530082,Rage,Anxiety,0.17447630193900954
0.0012688205143530082,Rage,Despair,0.26093306348364975
0.0012688205143530082,Rage,Irritation,0.22684286613635887
0.0012688205143530082,Rage,Rage,0.33774776844098187
0.0013337769126558826,Anxiety,Anxiety,0.2930797894197802
0.0013337769126558826,Anxiety,Despair,0.273617523788851
0.0013337769126558826,Anxiety,Irritation,0.24640161568898847
0.0013337769126558826,Anxiety,Rage,0.18690107110238013
0.0013337769126558826,Despair,Anxiety,0.2930792499747329
0.0013337769126558826,Despair,Despair,0.2736173499957356
0.0013337769126558826,Despair,Irritation,0.24640201105246912
0.0013337769126558826,Despair,Rage,0.1869013889770624
0.0013337769126558826,Irritation,Anxiety,0.22930682090139365
0.0013337769126558826,Irritation,Despair,0.24720717688787414
0.0013337769126558826,Irritation,Irritation,0.24879426509368618
0.0013337769126558826,Irritation,Rage,0.2746917371170461
0.0013337769126558826,Rage,Anxiety,0.1870601376446929
0.0013337769126558826,Rage,Despair,0.2759212107115639
0.0013337769126558826,Rage,Irritation,0.21985913669505147
0.0013337769126558826,Rage,Rage,0.3171595149486918
0.0010792528901800197,Anxiety,Anxiety,0.27269043268477366
0.0010792528901800197,Anxiety,Despair,0.26108796953777014
0.0010792528901800197,Anxiety,Irritation,0.2500205183704731
0.0010792528901800197,Anxiety,Rage,0.2162010794069831
0.0010792528901800197,Despair,Anxiety,0.2726902021463641
0.0010792528901800197,Despair,Despair,0.26108788736746413
0.0010792528901800197,Despair,Irritation,0.2500206819882001
0.0010792528901800197,Despair,Rage,0.21620122849797188
0.0010792528901800197,Irritation,Anxiety,0.24565803730529231
0.0010792528901800197,Irritation,Despair,0.24957353823762726
0.0010792528901800197,Irritation,Irritation,0.248152948260012
0.0010792528901800197,Irritation,Rage,0.2566154761970685
0.0010792528901800197,Rage,Anxiety,0.22537076654210453
0.0010792528901800197,Rage,Despair,0.261883355371799
0.0010792528901800197,Rage,Irritation,0.23542691121730702
0.0010792528901800197,Rage,Rage,0.27731896686878915
0.0013827921441558735,Anxiety,Anxiety,0.3014712609750365
0.0013827921441558735,Anxiety,Despair,0.2774302222472942
0.0013827921441558735,Anxiety,Irritation,0.24596109956618234
0.0013827921441558735,Anxiety,Rage,0.17513741721148673
0.0013827921441558735,Despair,Anxiety,0.3014706149172815
0.0013827921441558735,Despair,Despair,0.2774300203297058
0.0013827921441558735,Despair,Irritation,0.2459615598282835
0.0013827921441558735,Despair,Rage,0.17513780492472916
0.0013827921441558735,Irritation,Anxiety,0.2223841618347953
0.0013827921441558735,Irritation,Despair,0.2465351156578823
0.0013827921441558735,Irritation,Irritation,0.24938345839563503
0.0013827921441558735,Irritation,Rage,0.2816972641116873
0.0013827921441558735,Rage,Anxiety,0.1719053188073531
0.0013827921441558735,Rage,Despair,0.28208248396809676
0.0013827921441558735,Rage,Irritation,0.21474987466356177
0.0013827921441558735,Rage,Rage,0.3312623225609883
0.0014541630394690618,Anxiety,Anxiety,0.2544133578421428
0.0014541630394690618,Anxiety,Despair,0.26139863927724355
0.0014541630394690618,Anxiety,Irritation,0.2509038059621299
0.0014541630394690618,Anxiety,Rage,0.23328419691848354
0.0014541630394690618,Despair,Anxiety,0.2544126663184426
0.0014541630394690618,Despair,Despair,0.26139834853543636
0.0014541630394690618,Despair,Irritation,0.25090425551837686
0.0014541630394690618,Despair,Rage,0.2332847296277443
0.0014541630394690618,Irritation,Anxiety,0.1693245075371808
0.0014541630394690618,Irritation,Despair,0.23560531348111083
0.0014541630394690618,Irritation,Irritation,0.24579177041853767
0.0014541630394690618,Irritation,Rage,0.34927840856317055
0.0014541630394690618,Rage,Anxiety,0.12825030752066838
0.0014541630394690618,Rage,Despair,0.26900246977299513
0.0014541630394690618,Rage,Irritation,0.21152946997127303
0.0014541630394690618,Rage,Rage,0.3912177527350632
0.001412680679326503,Anxiety,Anxiety,0.2520792372458861
0.001412680679326503,Anxiety,Despair,0.26089806375022595
0.001412680679326503,Anxiety,Irritation,0.2515183251198679
0.001412680679326503,Anxiety,Rage,0.2355043738840204
0.001412680679326503,Despair,Anxiety,0.25207854450241
0.001412680679326503,Despair,Despair,0.2608977770439995
0.001412680679326503,Despair,Irritation,0.251518799356668
0.001412680679326503,Despair,Rage,0.23550487909692222
0.001412680679326503,Irritation,Anxiety,0.1701540899418463
0.001412680679326503,Irritation,Despair,0.23363339674388653
0.001412680679326503,Irritation,Irritation,0.24666412446561425
0.001412680679326503,Irritation,Rage,0.3495483888486531
0.001412680679326503,Rage,Anxiety,0.1296952941335002
0.001412680679326503,Rage,Despair,0.26638018805359565
0.001412680679326503,Rage,Irritation,0.21239336584721066
0.001412680679326503,Rage,Rage,0.391531151965694
0.001375476964431225,Anxiety,Anxiety,0.2955112948196247
0.001375476964431225,Anxiety,Despair,0.27463743538443375
0.001375476964431225,Anxiety,Irritation,0.24715880885066147
0.001375476964431225,Anxiety,Rage,0.18269246094527986
0.001375476964431225,Despair,Anxiety,0.29551072862318667
0.001375476964431225,Despair,Despair,0.27463724489626223
0.001375476964431225,Despair,Irritation,0.24715921191473048
0.001375476964431225,Despair,Rage,0.18269281456582048
0.001375476964431225,Irritation,Anxiety,0.2251331464313108
0.001375476964431225,Irritation,Despair,0.24707763181220643
0.001375476964431225,Irritation,Irritation,0.2491896530374074
0.001375476964431225,Irritation,Rage,0.27859956871907565
0.001375476964431225,Rage,Anxiety,0.17922222383546144
0.001375476964431225,Rage,Despair,0.27787550173272973
0.001375476964431225,Rage,Irritation,0.2187654391672857
0.001375476964431225,Rage,Rage,0.3241368352645233
0.0012854022106884775,Anxiety,Anxiety,0.28554042751765313
0.0012854022106884775,Anxiety,Despair,0.2685711680862805
0.0012854022106884775,Anxiety,Irritation,0.24881912072182022
0.0012854022106884775,Anxiety,Rage,0.19706928367424648
0.0012854022106884775,Despair,Anxiety,0.28554000987621875
0.0012854022106884775,Despair,Despair,0.2685710222157376
0.0012854022106884775,Despair,Irritation,0.24881941492765472
0.0012854022106884775,Despair,Rage,0.19706955298038897
0.0012854022106884775,Irritation,Anxiety,0.2340586470988926
0.0012854022106884775,Irritation,Despair,0.24796371696423672
0.0012854022106884775,Irritation,Irritation,0.24901409445104766
0.0012854022106884775,Irritation,Rage,0.2689635414858232
0.0012854022106884775,Rage,Anxiety,0.19907633449033843
0.0012854022106884775,Rage,Despair,0.2706535361137818
0.0012854022106884775,Rage,Irritation,0.2257183539111734
0.0012854022106884775,Rage,Rage,0.3045517754847065
0.0014281902227059713,Anxiety,Anxiety,0.2963041838821274
0.0014281902227059713,Anxiety,Despair,0.27547911955164245
0.0014281902227059713,Anxiety,Irritation,0.24781074075856283
0.0014281902227059713,Anxiety,Rage,0.180405955807667
0.0014281902227059713,Despair,Anxiety,0.29630360705053144
0.0014281902227059713,Despair,Despair,0.27547890422635607
0.0014281902227059713,Despair,Irritation,0.24781114141510216
0.0014281902227059713,Despair,Rage,0.1804063473080102
0.0014281902227059713,Irritation,Anxiety,0.21938366435370615
0.0014281902227059713,Irritation,Despair,0.24725180711164105
0.0014281902227059713,Irritation,Irritation,0.2496109966292491
0.0014281902227059713,Irritation,Rage,0.2837535319054038
0.0014281902227059713,Rage,Anxiety,0.17056540558758446
0.0014281902227059713,Rage,Despair,0.2814663044370583
0.0014281902227059713,Rage,Irritation,0.21666809050052288
0.0014281902227059713,Rage,Rage,0.33130019947483424
0.0014074030621971942,Anxiety,Anxiety,0.2963177351581124
0.0014074030621971942,Anxiety,Despair,0.27545557612830357
0.0014074030621971942,Anxiety,Irritation,0.24733062581765286
0.0014074030621971942,Anxiety,Rage,0.18089606289593133
0.0014074030621971942,Despair,Anxiety,0.2963171560272084
0.0014074030621971942,Despair,Despair,0.2754553682427676
0.0014074030621971942,Despair,Irritation,0.2473310344002609
0.0014074030621971942,Despair,Rage,0.1808964413297631
0.0014074030621971942,Irritation,Anxiety,0.2214481794970281
0.0014074030621971942,Irritation,Despair,0.2471118603899085
0.0014074030621971942,Irritation,Irritation,0.2494918067121219
0.0014074030621971942,Irritation,Rage,0.2819481534009415
0.0014074030621971942,Rage,Anxiety,0.1734559593955427
0.0014074030621971942,Rage,Despair,0.28079205375707045
0.0014074030621971942,Rage,Irritation,0.2167946667184576
0.0014074030621971942,Rage,Rage,0.3289573201289292
0.0013392620844577272,Anxiety,Anxiety,0.28887403990790134
0.0013392620844577272,Anxiety,Despair,0.2711264505703197
0.0013392620844577272,Anxiety,Irritation,0.24829673333885277
0.0013392620844577272,Anxiety,Rage,0.19170277618292603
0.0013392620844577272,Despair,Anxiety,0.28887356918007717
0.0013392620844577272,Despair,Despair,0.2711262802824618
0.0013392620844577272,Despair,Irritation,0.24829706904180918
0.0013392620844577272,Despair,Rage,0.19170308149565207
0.0013392620844577272,Irritation,Anxiety,0.22963528706636824
0.0013392620844577272,Irritation,Despair,0.24775214324510378
0.0013392620844577272,Irritation,Irritation,0.24902749251271647
0.0013392620844577272,Irritation,Rage,0.2735850771758115
0.0013392620844577272,Rage,Anxiety,0.19007864632790328
0.0013392620844577272,Rage,Despair,0.27378655625090653
0.0013392620844577272,Rage,Irritation,0.222630101486685
0.0013392620844577272,Rage,Rage,0.3135046959345052
0.0013005114312828984,Anxiety,Anxiety,0.24916708632039877
0.0013005114312828984,Anxiety,Despair,0.2616989516939803
0.0013005114312828984,Anxiety,Irritation,0.25191761682662406
0.0013005114312828984,Anxiety,Rage,0.23721634515899706
0.0013005114312828984,Despair,Anxiety,0.24916630608419266
0.0013005114312828984,Despair,Despair,0.26169857853068773
0.0013005114312828984,Despair,Irritation,0.25191817498746777
0.0013005114312828984,Despair,Rage,0.23721694039765187
0.0013005114312828984,Irritation,Anxiety,0.15634592681511086
0.0013005114312828984,Irritation,Despair,0.22835164481526157
0.0013005114312828984,Irritation,Irritation,0.24274799126455268
0.0013005114312828984,Irritation,Rage,0.37255443710507474
0.0013005114312828984,Rage,Anxiety,0.11374633090116622
0.0013005114312828984,Rage,Despair,0.267202430696532
0.0013005114312828984,Rage,Irritation,0.2005765000365383
0.0013005114312828984,Rage,Rage,0.4184747383657631
0.0012638233127839078,Anxiety,Anxiety,0.28471828418399114
0.0012638233127839078,Anxiety,Despair,0.2683599559834456
0.0012638233127839078,Anxiety,Irritation,0.24830217318632652
0.0012638233127839078,Anxiety,Rage,0.1986195866462367
0.0012638233127839078,Despair,Anxiety,0.28471787582247415
0.0012638233127839078,Despair,Despair,0.2683598153862598
0.0012638233127839078,Despair,Irritation,0.24830246515648807
0.0012638233127839078,Despair,Rage,0.19861984363477808
0.0012638233127839078,Irritation,Anxiety,0.2354358700262108
0.0012638233127839078,Irritation,Despair,0.2481293628992442
0.0012638233127839078,Irritation,Irritation,0.24879758674628286
0.0012638233127839078,Irritation,Rage,0.2676371803282623
0.0012638233127839078,Rage,Anxiety,0.20185300368186165
0.0012638233127839078,Rage,Despair,0.27017569982121636
0.0012638233127839078,Rage,Irritation,0.2260650335876453
0.0012638233127839078,Rage,Rage,0.30190626290927675
0.0011769767804509555,Anxiety,Anxiety,0.24668328491298933
0.0011769767804509555,Anxiety,Despair,0.2546551048340361
0.0011769767804509555,Anxiety,Irritation,0.25073594034554875
0.0011769767804509555,Anxiety,Rage,0.24792566990742584
0.0011769767804509555,Despair,Anxiety,0.2466830077152622
0.0011769767804509555,Despair,Despair,0.2546549470342587
0.0011769767804509555,Despair,Irritation,0.2507361538040311
0.0011769767804509555,Despair,Rage,0.24792589144644783
0.0011769767804509555,Irritation,Anxiety,0.2075307754565866
0.0011769767804509555,Irritation,Despair,0.2398421715477456
0.0011769767804509555,Irritation,Irritation,0.24812239532941308
0.0011769767804509555,Irritation,Rage,0.30450465766625456
0.0011769767804509555,Rage,Anxiety,0.18235489730990945
0.0011769767804509555,Rage,Despair,0.2579613606160285
0.0011769767804509555,Rage,Irritation,0.2294189281409432
0.0011769767804509555,Rage,Rage,0.330264813933119
0.0014226229292821151,Anxiety,Anxiety,0.2530790068161567
0.0014226229292821151,Anxiety,Despair,0.26010177113999555
0.0014226229292821151,Anxiety,Irritation,0.2508131753436356
0.0014226229292821151,Anxiety,Rage,0.2360060467002121
0.0014226229292821151,Despair,Anxiety,0.2530783654257965
0.0014226229292821151,Despair,Despair,0.26010150674174604
0.0014226229292821151,Despair,Irritation,0.2508135957577434
0.0014226229292821151,Despair,Rage,0.23600653207471434
0.0014226229292821151,Irritation,Anxiety,0.1744918227644615
0.0014226229292821151,Irritation,Despair,0.23594804944347217
0.0014226229292821151,Irritation,Irritation,0.2464589604859018
0.0014226229292821151,Irritation,Rage,0.3431011673061647
0.0014226229292821151,Rage,Anxiety,0.13481644795133324
0.0014226229292821151,Rage,Despair,0.26724812646610935
0.0014226229292821151,Rage,Irritation,0.2148267413615195
0.0014226229292821151,Rage,Rage,0.3831086842210383
0.0010827956113314819,Anxiety,Anxiety,0.243902325517905
0.0010827956113314819,Anxiety,Despair,0.25396780402054625
0.0010827956113314819,Anxiety,Irritation,0.25072865870447586
0.0010827956113314819,Anxiety,Rage,0.251401211757073
0.0010827956113314819,Despair,Anxiety,0.24390206136047995
0.0010827956113314819,Despair,Despair,0.2539676529833445
0.0010827956113314819,Despair,Irritation,0.2507288906384046
0.0010827956113314819,Despair,Rage,0.25140139501777087
0.0010827956113314819,Irritation,Anxiety,0.20967125470324516
0.0010827956113314819,Irritation,Despair,0.23842004924987123
0.0010827956113314819,Irritation,Irritation,0.24922317726031804
0.0010827956113314819,Irritation,Rage,0.3026855187865657
0.0010827956113314819,Rage,Anxiety,0.18745922774806908
0.0010827956113314819,Rage,Despair,0.2550592740141456
0.0010827956113314819,Rage,Irritation,0.2313402244969315
0.0010827956113314819,Rage,Rage,0.32614127374085367
0.0013765648902589922,Anxiety,Anxiety,0.27565818870569053
0.0013765648902589922,Anxiety,Despair,0.27022943899185736
0.0013765648902589922,Anxiety,Irritation,0.2500302173224477
0.0013765648902589922,Anxiety,Rage,0.2040821549800048
0.0013765648902589922,Despair,Anxiety,0.2756575257833181
0.0013765648902589922,Despair,Despair,0.2702291681838761
0.0013765648902589922,Despair,Irritation,0.25003068015666713
0.0013765648902589922,Despair,Rage,0.2040826258761382
0.0013765648902589922,Irritation,Anxiety,0.19499201945224265
0.0013765648902589922,Irritation,Despair,0.23838572556043772
0.0013765648902589922,Irritation,Irritation,0.25156770179242166
0.0013765648902589922,Irritation,Rage,0.315054553194898
0.0013765648902589922,Rage,Anxiety,0.14636535503818673
0.0013765648902589922,Rage,Despair,0.2765297371885474
0.0013765648902589922,Rage,Irritation,0.21326787918002474
0.0013765648902589922,Rage,Rage,0.36383702859324124
0.0012503365985053472,Anxiety,Anxiety,0.2457448944883095
0.0012503365985053472,Anxiety,Despair,0.2605919656750785
0.0012503365985053472,Anxiety,Irritation,0.25194047360329835
0.0012503365985053472,Anxiety,Rage,0.2417226662333137
0.0012503365985053472,Despair,Anxiety,0.2457441384350255
0.0012503365985053472,Despair,Despair,0.26059161728805985
0.0012503365985053472,Despair,Irritation,0.25194103363435755
0.0012503365985053472,Despair,Rage,0.24172321064255742
0.0012503365985053472,Irritation,Anxiety,0.16258813843350506
0.0012503365985053472,Irritation,Despair,0.22601476822024572
0.0012503365985053472,Irritation,Irritation,0.2453912700549709
0.0012503365985053472,Irritation,Rage,0.3660058232912786
0.0012503365985053472,Rage,Anxiety,0.1187271570558929
0.0012503365985053472,Rage,Despair,0.26434536661483393
0.0012503365985053472,Rage,Irritation,0.2035435384944402
0.0012503365985053472,Rage,Rage,0.4133839378348328
0.0010949276909603947,Anxiety,Anxiety,0.19715354591563244
0.0010949276909603947,Anxiety,Despair,0.23693923994530117
0.0010949276909603947,Anxiety,Irritation,0.24491920720525936
0.0010949276909603947,Anxiety,Rage,0.3209880069338068
0.0010949276909603947,Despair,Anxiety,0.1971531164883136
0.0010949276909603947,Despair,Despair,0.2369390557309611
0.0010949276909603947,Despair,Irritation,0.24491952794837715
0.0010949276909603947,Despair,Rage,0.32098829983234844
0.0010949276909603947,Irritation,Anxiety,0.15151664203302462
0.0010949276909603947,Irritation,Despair,0.22104355611369422
0.0010949276909603947,Irritation,Irritation,0.23544043888744842
0.0010949276909603947,Irritation,Rage,0.39199936296583254
0.0010949276909603947,Rage,Anxiety,0.12561439161057575
0.0010949276909603947,Rage,Despair,0.24245236765235528
0.0010949276909603947,Rage,Irritation,0.2124422242615422
0.0010949276909603947,Rage,Rage,0.4194910164755266
0.0012993769408250052,Anxiety,Anxiety,0.2465346781714011
0.0012993769408250052,Anxiety,Despair,0.2643674199061142
0.0012993769408250052,Anxiety,Irritation,0.25440388463402197
0.0012993769408250052,Anxiety,Rage,0.23469401728846248
0.0012993769408250052,Despair,Anxiety,0.24653370149393608
0.0012993769408250052,Despair,Despair,0.2643669304266685
0.0012993769408250052,Despair,Irritation,0.2544046296787123
0.0012993769408250052,Despair,Rage,0.234694738400683
0.0012993769408250052,Irritation,Anxiety,0.1433944949926735
0.0012993769408250052,Irritation,Despair,0.21808251505772866
0.0012993769408250052,Irritation,Irritation,0.24459497467778277
0.0012993769408250052,Irritation,Rage,0.3939280152718149
0.0012993769408250052,Rage,Anxiety,0.09737547783497552
0.0012993769408250052,Rage,Despair,0.2639344312339745
0.0012993769408250052,Rage,Irritation,0.19095482032711766
0.0012993769408250052,Rage,Rage,0.4477352706039326
0.0013526686720615015,Anxiety,Anxiety,0.2502402862583398
0.0013526686720615015,Anxiety,Despair,0.25791524219073947
0.0013526686720615015,Anxiety,Irritation,0.2502553162546807
0.0013526686720615015,Anxiety,Rage,0.24158915529623984
0.0013526686720615015,Despair,Anxiety,0.2502397564639509
0.0013526686720615015,Despair,Despair,0.25791503309167535
0.0013526686720615015,Despair,Irritation,0.2502556735662483
0.0013526686720615015,Despair,Rage,0.24158953687812537
0.0013526686720615015,Irritation,Anxiety,0.1885260535212895
0.0013526686720615015,Irritation,Despair,0.23656748550410656
0.0013526686720615015,Irritation,Irritation,0.24746433574047683
0.0013526686720615015,Irritation,Rage,0.3274421252341273
0.0013526686720615015,Rage,Anxiety,0.15108978014635224
0.0013526686720615015,Rage,Despair,0.2641930564721949
0.0013526686720615015,Rage,Irritation,0.2196323046817232
0.0013526686720615015,Rage,Rage,0.3650848586997299
0.001248717913485119,Anxiety,Anxiety,0.28145927717739433
0.001248717913485119,Anxiety,Despair,0.2662698693127195
0.001248717913485119,Anxiety,Irritation,0.24950311056757296
0.001248717913485119,Anxiety,Rage,0.20276774294231328
0.001248717913485119,Despair,Anxiety,0.2814589123239897
0.001248717913485119,Despair,Despair,0.2662697364062755
0.001248717913485119,Despair,Irritation,0.24950336695777411
0.001248717913485119,Despair,Rage,0.2027679843119605
0.001248717913485119,Irritation,Anxiety,0.23822326099902424
0.001248717913485119,Irritation,Despair,0.24741648084778237
0.001248717913485119,Irritation,Irritation,0.25012748512938
0.001248717913485119,Irritation,Rage,0.26423277302381315
0.001248717913485119,Rage,Anxiety,0.20594348232632548
0.001248717913485119,Rage,Despair,0.268199853018548
0.001248717913485119,Rage,Irritation,0.22836596629957162
0.001248717913485119,Rage,Rage,0.2974906983555549
0.0012706134693525393,Anxiety,Anxiety,0.27332935636492256
0.0012706134693525393,Anxiety,Despair,0.26904959657732047
0.0012706134693525393,Anxiety,Irritation,0.25006320923046604
0.0012706134693525393,Anxiety,Rage,0.20755783782729087
0.0012706134693525393,Despair,Anxiety,0.273328709258806
0.0012706134693525393,Despair,Despair,0.26904936766562554
0.0012706134693525393,Despair,Irritation,0.25006369223530434
0.0012706134693525393,Despair,Rage,0.20755823084026406
0.0012706134693525393,Irritation,Anxiety,0.20300275794942652
0.0012706134693525393,Irritation,Despair,0.23721212578602122
0.0012706134693525393,Irritation,Irritation,0.2519797219557839
0.0012706134693525393,Irritation,Rage,0.30780539430876835
0.0012706134693525393,Rage,Anxiety,0.15767329914407976
0.0012706134693525393,Rage,Despair,0.27192156850600613
0.0012706134693525393,Rage,Irritation,0.2157822933638198
0.0012706134693525393,Rage,Rage,0.354622838986094
0.0012303605957677565,Anxiety,Anxiety,0.26897756784233173
0.0012303605957677565,Anxiety,Despair,0.265826022328519
0.0012303605957677565,Anxiety,Irritation,0.24976172411994832
0.0012303605957677565,Anxiety,Rage,0.21543468570920105
0.0012303605957677565,Despair,Anxiety,0.2689770380053948
0.0012303605957677565,Despair,Despair,0.2658258292196535
0.0012303605957677565,Despair,Irritation,0.24976212045397103
0.0012303605957677565,Despair,Rage,0.2154350123209807
0.0012303605957677565,Irritation,Anxiety,0.21077863221689389
0.0012303605957677565,Irritation,Despair,0.23932628286091384
0.0012303605957677565,Irritation,Irritation,0.25100934776978373
0.0012303605957677565,Irritation,Rage,0.2988857371524086
0.0012303605957677565,Rage,Anxiety,0.1713719202446639
0.0012303605957677565,Rage,Despair,0.26871342013500543
0.0012303605957677565,Rage,Irritation,0.22063435251230132
0.0012303605957677565,Rage,Rage,0.3392803071080292
0.0013467151456487893,Anxiety,Anxiety,0.29576354678085
0.0013467151456487893,Anxiety,Despair,0.2745746511828296
0.0013467151456487893,Anxiety,Irritation,0.24634460099386787
0.0013467151456487893,Anxiety,Rage,0.18331720104245267
0.0013467151456487893,Despair,Anxiety,0.29576296337036734
0.0013467151456487893,Despair,Despair,0.2745744667491142
0.0013467151456487893,Despair,Irritation,0.24634502416668771
0.0013467151456487893,Despair,Rage,0.18331754571383088
0.0013467151456487893,Irritation,Anxiety,0.22975244548351625
0.0013467151456487893,Irritation,Despair,0.24540131206410995
0.0013467151456487893,Irritation,Irritation,0.2505408779909775
0.0013467151456487893,Irritation,Rage,0.2743053644613962
0.0013467151456487893,Rage,Anxiety,0.18260214925364304
0.0013467151456487893,Rage,Despair,0.2773766439699049
0.0013467151456487893,Rage,Irritation,0.2186626575058394
0.0013467151456487893,Rage,Rage,0.3213585492706128
0.0011854113058743852,Anxiety,Anxiety,0.2763109557350067
0.0011854113058743852,Anxiety,Despair,0.26325970095863926
0.0011854113058743852,Anxiety,Irritation,0.2502706183350005
0.0011854113058743852,Anxiety,Rage,0.21015872497135338
0.0011854113058743852,Despair,Anxiety,0.2763106683217423
0.0011854113058743852,Despair,Despair,0.26325959059535087
0.0011854113058743852,Despair,Irritation,0.2502708180959914
0.0011854113058743852,Despair,Rage,0.21015892298691574
0.0011854113058743852,Irritation,Anxiety,0.24147735366475767
0.0011854113058743852,Irritation,Despair,0.24819690625384072
0.0011854113058743852,Irritation,Irritation,0.2500760658577675
0.0011854113058743852,Irritation,Rage,0.2602496742236341
0.0011854113058743852,Rage,Anxiety,0.21521830526297367
0.0011854113058743852,Rage,Despair,0.2648500439730776
0.0011854113058743852,Rage,Irritation,0.23210943854075985
0.0011854113058743852,Rage,Rage,0.287822212223189
0.0014445508294693003,Anxiety,Anxiety,0.29541494416030806
0.0014445508294693003,Anxiety,Despair,0.2748048098448678
0.0014445508294693003,Anxiety,Irritation,0.24875888944246508
0.0014445508294693003,Anxiety,Rage,0.18102135655235918
0.0014445508294693003,Despair,Anxiety,0.2954143772894434
0.0014445508294693003,Despair,Despair,0.2748045851422944
0.0014445508294693003,Despair,Irritation,0.24875927203423873
0.0014445508294693003,Despair,Rage,0.18102176553402344
0.0014445508294693003,Irritation,Anxiety,0.22025761030443247
0.0014445508294693003,Irritation,Despair,0.24601417629809952
0.0014445508294693003,Irritation,Irritation,0.25126699496222116
0.0014445508294693003,Irritation,Rage,0.28246121843524663
0.0014445508294693003,Rage,Anxiety,0.16871677898024018
0.0014445508294693003,Rage,Despair,0.28151758609450794
0.0014445508294693003,Rage,Irritation,0.2173754294409262
0.0014445508294693003,Rage,Rage,0.33239020548432596
0.0013566658732938022,Anxiety,Anxiety,0.25012140796293586
0.0013566658732938022,Anxiety,Despair,0.2581557117491914
0.0013566658732938022,Anxiety,Irritation,0.2502167039344814
0.0013566658732938022,Anxiety,Rage,0.24150617635339122
0.0013566658732938022,Despair,Anxiety,0.2501208752384984
0.0013566658732938022,Despair,Despair,0.25815550111222096
0.0013566658732938022,Despair,Irritation,0.25021706345203587
0.0013566658732938022,Despair,Rage,0.2415065601972448
0.0013566658732938022,Irritation,Anxiety,0.1880529621669104
0.0013566658732938022,Irritation,Despair,0.23668215081292826
0.0013566658732938022,Irritation,Irritation,0.24749687658537897
0.0013566658732938022,Irritation,Rage,0.32776801043478215
0.0013566658732938022,Rage,Anxiety,0.15053093620514224
0.0013566658732938022,Rage,Despair,0.26444123607252307
0.0013566658732938022,Rage,Irritation,0.2195264779655516
0.0013566658732938022,Rage,Rage,0.36550134975678317
0.0013128857815031274,Anxiety,Anxiety,0.2897251036229129
0.0013128857815031274,Anxiety,Despair,0.27131188617148827
0.0013128857815031274,Anxiety,Irritation,0.2475575851091557
0.0013128857815031274,Anxiety,Rage,0.19140542509644295
0.0013128857815031274,Despair,Anxiety,0.28972461222647067
0.0013128857815031274,Despair,Despair,0.2713117209334703
0.0013128857815031274,Despair,Irritation,0.2475579370604383
0.0013128857815031274,Despair,Rage,0.1914057297796207
0.0013128857815031274,Irritation,Anxiety,0.23323693928151598
0.0013128857815031274,Irritation,Despair,0.2463926210002191
0.0013128857815031274,Irritation,Irritation,0.2501094275691921
0.0013128857815031274,Irritation,Rage,0.2702610121490726
0.0013128857815031274,Rage,Anxiety,0.19210408959818318
0.0013128857815031274,Rage,Despair,0.2736141937389828
0.0013128857815031274,Rage,Irritation,0.22252446666389047
0.0013128857815031274,Rage,Rage,0.31175724999894333
0.0012881119854211115,Anxiety,Anxiety,0.2857980708455857
0.0012881119854211115,Anxiety,Despair,0.26888709471095174
0.0012881119854211115,Anxiety,Irritation,0.2486286400584173
0.0012881119854211115,Anxiety,Rage,0.196686194385045
0.0012881119854211115,Despair,Anxiety,0.2857976413320109
0.0012881119854211115,Despair,Despair,0.26888694325200674
0.0012881119854211115,Despair,Irritation,0.24862894402354702
0.0012881119854211115,Despair,Rage,0.19668647139243553
0.0012881119854211115,Irritation,Anxiety,0.23537447144189613
0.0012881119854211115,Irritation,Despair,0.24693055687671692
0.0012881119854211115,Irritation,Irritation,0.25008398300508794
0.0012881119854211115,Irritation,Rage,0.26761098867629873
0.0012881119854211115,Rage,Anxiety,0.1982230967206263
0.0012881119854211115,Rage,Despair,0.2710914847955501
0.0012881119854211115,Rage,Irritation,0.22523917866134763
0.0012881119854211115,Rage,Rage,0.3054462398224757
0.001467975396377474,Anxiety,Anxiety,0.30424866811696466
0.001467975396377474,Anxiety,Despair,0.2802986266069311
0.001467975396377474,Anxiety,Irritation,0.24611356065578824
0.001467975396377474,Anxiety,Rage,0.16933914462031613
0.001467975396377474,Despair,Anxiety,0.30424795890844997
0.001467975396377474,Despair,Despair,0.28029838030825116
0.001467975396377474,Despair,Irritation,0.2461140565164066
0.001467975396377474,Despair,Rage,0.16933960426689204
0.001467975396377474,Irritation,Anxiety,0.21433164704735352
0.001467975396377474,Irritation,Despair,0.24500970889353388
0.001467975396377474,Irritation,Irritation,0.25209401778533586
0.001467975396377474,Irritation,Rage,0.2885646262737765
0.001467975396377474,Rage,Anxiety,0.15591420021872393
0.001467975396377474,Rage,Despair,0.2876982337925135
0.001467975396377474,Rage,Irritation,0.21149169071160337
0.001467975396377474,Rage,Rage,0.3448958752771591
0.0013466157000119794,Anxiety,Anxiety,0.25161883847631666
0.0013466157000119794,Anxiety,Despair,0.2570115393249854
0.0013466157000119794,Anxiety,Irritation,0.24997790787675214
0.0013466157000119794,Anxiety,Rage,0.24139171432194587
0.0013466157000119794,Despair,Anxiety,0.25161836062269943
0.0013466157000119794,Despair,Despair,0.2570113513309512
0.0013466157000119794,Despair,Irritation,0.24997821415236013
0.0013466157000119794,Despair,Rage,0.24139207389398895
0.0013466157000119794,Irritation,Anxiety,0.1935214320083536
0.0013466157000119794,Irritation,Despair,0.23866491768621875
0.0013466157000119794,Irritation,Irritation,0.24712221985266652
0.0013466157000119794,Irritation,Rage,0.32069143045276105
0.0013466157000119794,Rage,Anxiety,0.15755158510239892
0.0013466157000119794,Rage,Despair,0.26422395563862644
0.0013466157000119794,Rage,Irritation,0.22188501038878236
0.0013466157000119794,Rage,Rage,0.3563394488701924
0.0012384931892051093,Anxiety,Anxiety,0.2835183431301725
0.0012384931892051093,Anxiety,Despair,0.2675933971524206
0.0012384931892051093,Anxiety,Irritation,0.24849597695913553
0.0012384931892051093,Anxiety,Rage,0.2003922827582711
0.0012384931892051093,Despair,Anxiety,0.2835179439301104
0.0012384931892051093,Despair,Despair,0.2675932637431136
0.0012384931892051093,Despair,Irritation,0.24849626651362572
0.0012384931892051093,Despair,Rage,0.20039252581315023
0.0012384931892051093,Irritation,Anxiety,0.2387057556546578
0.0012384931892051093,Irritation,Despair,0.2471441974909551
0.0012384931892051093,Irritation,Irritation,0.24997138966505011
0.0012384931892051093,Irritation,Rage,0.264178657189337
0.0012384931892051093,Rage,Anxiety,0.20536212401423756
0.0012384931892051093,Rage,Despair,0.26913620945201755
0.0012384931892051093,Rage,Irritation,0.22691878210812794
0.0012384931892051093,Rage,Rage,0.29858288442561665
0.0013141985571752948,Anxiety,Anxiety,0.2850198674983407
0.0013141985571752948,Anxiety,Despair,0.2684546061059834
0.0013141985571752948,Anxiety,Irritation,0.2493382973033955
0.0013141985571752948,Anxiety,Rage,0.1971872290922804
0.0013141985571752948,Despair,Anxiety,0.28501945108737076
0.0013141985571752948,Despair,Despair,0.26845444721872325
0.0013141985571752948,Despair,Irritation,0.24933858667516184
0.0013141985571752948,Despair,Rage,0.19718751501874407
0.0013141985571752948,Irritation,Anxiety,0.23397066581079384
0.0013141985571752948,Irritation,Despair,0.24691416381446826
0.0013141985571752948,Irritation,Irritation,0.25031581391222385
0.0013141985571752948,Irritation,Rage,0.268799356462514
0.0013141985571752948,Rage,Anxiety,0.19636999039216368
0.0013141985571752948,Rage,Despair,0.27113108949840775
0.0013141985571752948,Rage,Irritation,0.2256244227028588
0.0013141985571752948,Rage,Rage,0.3068744974065698
0.0013677098187851525,Anxiety,Anxiety,0.2500946271767054
0.0013677098187851525,Anxiety,Despair,0.2587880270414228
0.0013677098187851525,Anxiety,Irritation,0.25042963420663
0.0013677098187851525,Anxiety,Rage,0.240687711575242
0.0013677098187851525,Despair,Anxiety,0.25009405679519897
0.0013677098187851525,Despair,Despair,0.2587877942460611
0.0013677098187851525,Despair,Irritation,0.2504300307868639
0.0013677098187851525,Despair,Rage,0.24068811817187608
0.0013677098187851525,Irritation,Anxiety,0.18471917188845943
0.0013677098187851525,Irritation,Despair,0.23508982025704328
0.0013677098187851525,Irritation,Irritation,0.2477943937850678
0.0013677098187851525,Irritation,Rage,0.3323966140694295
0.0013677098187851525,Rage,Anxiety,0.14590973786749595
0.0013677098187851525,Rage,Despair,0.2646733875231086
0.0013677098187851525,Rage,Irritation,0.21768083395639712
0.0013677098187851525,Rage,Rage,0.37173604065299787
0.0012103461650510323,Anxiety,Anxiety,0.27987284175798977
0.0012103461650510323,Anxiety,Despair,0.26483697862030187
0.0012103461650510323,Anxiety,Irritation,0.2497681696373563
0.0012103461650510323,Anxiety,Rage,0.20552200998435227
0.0012103461650510323,Despair,Anxiety,0.27987250934446195
0.0012103461650510323,Despair,Despair,0.264836858003462
0.0012103461650510323,Despair,Irritation,0.24976840061839195
0.0012103461650510323,Despair,Rage,0.20552223203368417
0.0012103461650510323,Irritation,Anxiety,0.24058891077929276
0.0012103461650510323,Irritation,Despair,0.24767938619409818
0.0012103461650510323,Irritation,Irritation,0.2500500760733653
0.0012103461650510323,Irritation,Rage,0.2616816269532437
0.0012103461650510323,Rage,Anxiety,0.2110944121043761
0.0012103461650510323,Rage,Despair,0.2664382020018893
0.0012103461650510323,Rage,Irritation,0.23018953991288618
0.0012103461650510323,Rage,Rage,0.2922778459808483
0.0013862149059223408,Anxiety,Anxiety,0.34587886171037063
0.0013862149059223408,Anxiety,Despair,0.2903875800755274
0.0013862149059223408,Anxiety,Irritation,0.23627969369309032
0.0013862149059223408,Anxiety,Rage,0.1274538645210115
0.0013862149059223408,Despair,Anxiety,0.34587815780341913
0.0013862149059223408,Despair,Despair,0.2903874396550828
0.0013862149059223408,Despair,Irritation,0.2362802230616242
0.0013862149059223408,Despair,Rage,0.12745417947987406
0.0013862149059223408,Irritation,Anxiety,0.2518506113024154
0.0013862149059223408,Irritation,Despair,0.2510192283503248
0.0013862149059223408,Irritation,Irritation,0.24831251334134333
0.0013862149059223408,Irritation,Rage,0.24881764700591666
0.0013862149059223408,Rage,Anxiety,0.17760403499501332
0.0013862149059223408,Rage,Despair,0.3012951961967482
0.0013862149059223408,Rage,Irritation,0.2018084721298863
0.0013862149059223408,Rage,Rage,0.3192922966783519
0.0012783410282261654,Anxiety,Anxiety,0.24842688886550568
0.0012783410282261654,Anxiety,Despair,0.2562138400595409
0.0012783410282261654,Anxiety,Irritation,0.2498966361973209
0.0012783410282261654,Anxiety,Rage,0.24546263487763265
0.0012783410282261654,Despair,Anxiety,0.24842645761202425
0.0012783410282261654,Despair,Despair,0.2562136724669729
0.0012783410282261654,Despair,Irritation,0.24989693444904823
0.0012783410282261654,Despair,Rage,0.24546293547195433
0.0012783410282261654,Irritation,Anxiety,0.198090085477293
0.0012783410282261654,Irritation,Despair,0.23720669787150908
0.0012783410282261654,Irritation,Irritation,0.248740385500712
0.0012783410282261654,Irritation,Rage,0.31596283115048585
0.0012783410282261654,Rage,Anxiety,0.16588041188775546
0.0012783410282261654,Rage,Despair,0.26124263064517034
0.0012783410282261654,Rage,Irritation,0.2242179989725589
0.0012783410282261654,Rage,Rage,0.3486589584945154
0.0013341005872496345,Anxiety,Anxiety,0.24891907688759143
0.0013341005872496345,Anxiety,Despair,0.258751290063457
0.0013341005872496345,Anxiety,Irritation,0.2510680873472636
0.0013341005872496345,Anxiety,Rage,0.24126154570168815
0.0013341005872496345,Despair,Anxiety,0.24891848777487785
0.0013341005872496345,Despair,Despair,0.258751055948913
0.0013341005872496345,Despair,Irritation,0.2510685100937731
0.0013341005872496345,Despair,Rage,0.24126194618243604
0.0013341005872496345,Irritation,Anxiety,0.18400642253369592
0.0013341005872496345,Irritation,Despair,0.23338958122725428
0.0013341005872496345,Irritation,Irritation,0.24838336549292028
0.0013341005872496345,Irritation,Rage,0.3342206307461295
0.0013341005872496345,Rage,Anxiety,0.14526040188307363
0.0013341005872496345,Rage,Despair,0.26288865529085453
0.0013341005872496345,Rage,Irritation,0.217637490325608
0.0013341005872496345,Rage,Rage,0.37421345250046356
0.001315040936280824,Anxiety,Anxiety,0.2497137630088844
0.001315040936280824,Anxiety,Despair,0.25648484422795514
0.001315040936280824,Anxiety,Irritation,0.24972422824713894
0.001315040936280824,Anxiety,Rage,0.2440771645160215
0.001315040936280824,Despair,Anxiety,0.24971332115730813
0.001315040936280824,Despair,Despair,0.2564846707809423
0.001315040936280824,Despair,Irritation,0.24972452135874929
0.001315040936280824,Despair,Rage,0.2440774867030004
0.001315040936280824,Irritation,Anxiety,0.19656449562165082
0.001315040936280824,Irritation,Despair,0.23778347628949778
0.001315040936280824,Irritation,Irritation,0.24833405565062502
0.001315040936280824,Irritation,Rage,0.31731797243822635
0.001315040936280824,Rage,Anxiety,0.16305016645529102
0.001315040936280824,Rage,Despair,0.26272157514020916
0.001315040936280824,Rage,Irritation,0.22331270393897829
0.001315040936280824,Rage,Rage,0.3509155544655216
0.0011224682532991266,Anxiety,Anxiety,0.19250592611395004
0.0011224682532991266,Anxiety,Despair,0.23609603806254606
0.0011224682532991266,Anxiety,Irritation,0.24374441514904555
0.0011224682532991266,Anxiety,Rage,0.3276536206744579
0.0011224682532991266,Despair,Anxiety,0.1925054453833045
0.0011224682532991266,Despair,Despair,0.23609582304567236
0.0011224682532991266,Despair,Irritation,0.2437447788492861
0.0011224682532991266,Despair,Rage,0.327653952721737
0.0011224682532991266,Irritation,Anxiety,0.1419457500736059
0.0011224682532991266,Irritation,Despair,0.2162344855964519
0.0011224682532991266,Irritation,Irritation,0.2333703215896082
0.0011224682532991266,Irritation,Rage,0.4084494427403341
0.0011224682532991266,Rage,Anxiety,0.114992185305437
0.0011224682532991266,Rage,Despair,0.2396381837257971
0.0011224682532991266,Rage,Irritation,0.20724813544120976
0.0011224682532991266,Rage,Rage,0.4381214955275559
0.001247595704313518,Anxiety,Anxiety,0.3007425549379702
0.001247595704313518,Anxiety,Despair,0.27763538330695514
0.001247595704313518,Anxiety,Irritation,0.24830402442141083
0.001247595704313518,Anxiety,Rage,0.17331803733366397
0.001247595704313518,Despair,Anxiety,0.300742001212378
0.001247595704313518,Despair,Despair,0.27763516906182406
0.001247595704313518,Despair,Irritation,0.2483044362272562
0.001247595704313518,Despair,Rage,0.17331839349854186
0.001247595704313518,Irritation,Anxiety,0.22896372082218594
0.001247595704313518,Irritation,Despair,0.24577142184719164
0.001247595704313518,Irritation,Irritation,0.25126701008820784
0.001247595704313518,Irritation,Rage,0.2739978472424146
0.001247595704313518,Rage,Anxiety,0.17578835558757885
0.001247595704313518,Rage,Despair,0.2834805659206642
0.001247595704313518,Rage,Irritation,0.21390346248007117
0.001247595704313518,Rage,Rage,0.326827616011686
0.0013651697603295379,Anxiety,Anxiety,0.251839684742256
0.0013651697603295379,Anxiety,Despair,0.2576383222603015
0.0013651697603295379,Anxiety,Irritation,0.24996284493812368
0.0013651697603295379,Anxiety,Rage,0.24055914805931886
0.0013651697603295379,Despair,Anxiety,0.2518391652414603
0.0013651697603295379,Despair,Despair,0.2576381141034767
0.0013651697603295379,Despair,Irritation,0.2499631794173244
0.0013651697603295379,Despair,Rage,0.24055954123773865
0.0013651697603295379,Irritation,Anxiety,0.18921058769366897
0.0013651697603295379,Irritation,Despair,0.2376576782608475
0.0013651697603295379,Irritation,Irritation,0.24721994990643745
0.0013651697603295379,Irritation,Rage,0.32591178413904653
0.0013651697603295379,Rage,Anxiety,0.15159252519226782
0.0013651697603295379,Rage,Despair,0.2650780182096444
0.0013651697603295379,Rage,Irritation,0.22017890681715982
0.0013651697603295379,Rage,Rage,0.3631505497809278
0.001100904209417701,Anxiety,Anxiety,0.26247262008649247
0.001100904209417701,Anxiety,Despair,0.2601684509852559
0.001100904209417701,Anxiety,Irritation,0.24997796558215066
0.001100904209417701,Anxiety,Rage,0.22738096334610086
0.001100904209417701,Despair,Anxiety,0.2624722838333644
0.001100904209417701,Despair,Despair,0.2601683283476291
0.001100904209417701,Despair,Irritation,0.2499782151375924
0.001100904209417701,Despair,Rage,0.22738117268141406
0.001100904209417701,Irritation,Anxiety,0.22501710724279747
0.001100904209417701,Irritation,Despair,0.2430331489724233
0.001100904209417701,Irritation,Irritation,0.24990993044325524
0.001100904209417701,Irritation,Rage,0.2820398133415241
0.001100904209417701,Rage,Anxiety,0.19786772859077628
0.001100904209417701,Rage,Despair,0.2613674289468411
0.001100904209417701,Rage,Irritation,0.23052000135539555
0.001100904209417701,Rage,Rage,0.31024484110698686
0.0011664224407520057,Anxiety,Anxiety,0.24473260364374386
0.0011664224407520057,Anxiety,Despair,0.25514887243938994
0.0011664224407520057,Anxiety,Irritation,0.25125986089223556
0.0011664224407520057,Anxiety,Rage,0.2488586630246306
0.0011664224407520057,Despair,Anxiety,0.24473228602769034
0.0011664224407520057,Despair,Despair,0.2551486860035491
0.0011664224407520057,Despair,Irritation,0.2512601318460732
0.0011664224407520057,Despair,Rage,0.24885889612268716
0.0011664224407520057,Irritation,Anxiety,0.2046830872851339
0.0011664224407520057,Irritation,Despair,0.23645874628410396
0.0011664224407520057,Irritation,Irritation,0.24993964714165806
0.0011664224407520057,Irritation,Rage,0.3089185192891042
0.0011664224407520057,Rage,Anxiety,0.17707124045843725
0.0011664224407520057,Rage,Despair,0.2571985404033092
0.0011664224407520057,Rage,Irritation,0.2279234206532985
0.0011664224407520057,Rage,Rage,0.3378067984849553
0.0013514957718512954,Anxiety,Anxiety,0.27620274825241
0.0013514957718512954,Anxiety,Despair,0.27109551916974495
0.0013514957718512954,Anxiety,Irritation,0.25009858856804434
0.0013514957718512954,Anxiety,Rage,0.2026031440098008
0.0013514957718512954,Despair,Anxiety,0.2762020487531997
0.0013514957718512954,Despair,Despair,0.27109524925997275
0.0013514957718512954,Despair,Irritation,0.25009909288947874
0.0013514957718512954,Despair,Rage,0.20260360909734876
0.0013514957718512954,Irritation,Anxiety,0.1949974331851877
0.0013514957718512954,Irritation,Despair,0.23704576372839875
0.0013514957718512954,Irritation,Irritation,0.252064085513629
0.0013514957718512954,Irritation,Rage,0.31589271757278475
0.0013514957718512954,Rage,Anxiety,0.1458907031702752
0.0013514957718512954,Rage,Despair,0.275675042897424
0.0013514957718512954,Rage,Irritation,0.21232388581657496
0.0013514957718512954,Rage,Rage,0.3661103681157259
0.001259556162513325,Anxiety,Anxiety,0.24833376598866314
0.001259556162513325,Anxiety,Despair,0.2558009641351626
0.001259556162513325,Anxiety,Irritation,0.25042314522590153
0.001259556162513325,Anxiety,Rage,0.24544212465027246
0.001259556162513325,Despair,Anxiety,0.2483333470597819
0.001259556162513325,Despair,Despair,0.25580080292938595
0.001259556162513325,Despair,Irritation,0.2504234400932337
0.001259556162513325,Despair,Rage,0.245442409917599
0.001259556162513325,Irritation,Anxiety,0.19997046333769294
0.001259556162513325,Irritation,Despair,0.23704668978680038
0.001259556162513325,Irritation,Irritation,0.24908284812450504
0.001259556162513325,Irritation,Rage,0.3138999987510016
0.001259556162513325,Rage,Anxiety,0.16854413427035456
0.001259556162513325,Rage,Despair,0.26034532432770896
0.001259556162513325,Rage,Irritation,0.2250013455602364
0.001259556162513325,Rage,Rage,0.3461091958417
0.0013030681390189683,Anxiety,Anxiety,0.3121937596399621
0.0013030681390189683,Anxiety,Despair,0.2848254725926078
0.0013030681390189683,Anxiety,Irritation,0.24506501226901461
0.0013030681390189683,Anxiety,Rage,0.15791575549841522
0.0013030681390189683,Despair,Anxiety,0.31219303335850707
0.0013030681390189683,Despair,Despair,0.28482523488327816
0.0013030681390189683,Despair,Irritation,0.24506556612749952
0.0013030681390189683,Despair,Rage,0.1579161656307151
0.0013030681390189683,Irritation,Anxiety,0.22086852951805316
0.0013030681390189683,Irritation,Despair,0.24433877689281516
0.0013030681390189683,Irritation,Irritation,0.25216901195548025
0.0013030681390189683,Irritation,Rage,0.2826236816336513
0.0013030681390189683,Rage,Anxiety,0.1574544985052377
0.0013030681390189683,Rage,Despair,0.292211001062809
0.0013030681390189683,Rage,Irritation,0.20492813088654732
0.0013030681390189683,Rage,Rage,0.34540636954540643
0.0011546489369111265,Anxiety,Anxiety,0.2451740276894475
0.0011546489369111265,Anxiety,Despair,0.25471559702977326
0.0011546489369111265,Anxiety,Irritation,0.25063959910766737
0.0011546489369111265,Anxiety,Rage,0.2494707761731118
0.0011546489369111265,Despair,Anxiety,0.24517373306594634
0.0011546489369111265,Despair,Despair,0.25471542703822286
0.0011546489369111265,Despair,Irritation,0.2506398414624625
0.0011546489369111265,Despair,Rage,0.24947099843336845
0.0011546489369111265,Irritation,Anxiety,0.20712969494437872
0.0011546489369111265,Irritation,Despair,0.23768336428093942
0.0011546489369111265,Irritation,Irritation,0.2493990073708948
0.0011546489369111265,Irritation,Rage,0.305787933403787
0.0011546489369111265,Rage,Anxiety,0.18079425122674322
0.0011546489369111265,Rage,Despair,0.25706457339683014
0.0011546489369111265,Rage,Irritation,0.22902428682694687
0.0011546489369111265,Rage,Rage,0.33311688854947985
0.0012762821141887452,Anxiety,Anxiety,0.2712525245000109
0.0012762821141887452,Anxiety,Despair,0.26682468331375825
0.0012762821141887452,Anxiety,Irritation,0.2501978697172346
0.0012762821141887452,Anxiety,Rage,0.21172492246899632
0.0012762821141887452,Despair,Anxiety,0.27125195889342973
0.0012762821141887452,Despair,Despair,0.2668244703842221
0.0012762821141887452,Despair,Irritation,0.2501982815091115
0.0012762821141887452,Despair,Rage,0.2117252892132364
0.0012762821141887452,Irritation,Anxiety,0.20679752968762014
0.0012762821141887452,Irritation,Despair,0.2390325230927678
0.0012762821141887452,Irritation,Irritation,0.2513021670920564
0.0012762821141887452,Irritation,Rage,0.3028677801275558
0.0012762821141887452,Rage,Anxiety,0.16431217826350986
0.0012762821141887452,Rage,Despair,0.27077937817439524
0.0012762821141887452,Rage,Irritation,0.2188124004762348
0.0012762821141887452,Rage,Rage,0.3460960430858598
0.0014028856873951902,Anxiety,Anxiety,0.2203947537935426
0.0014028856873951902,Anxiety,Despair,0.24915505527969076
0.0014028856873951902,Anxiety,Irritation,0.2513068931068522
0.0014028856873951902,Anxiety,Rage,0.2791432978199142
0.0014028856873951902,Despair,Anxiety,0.22039372802670606
0.0014028856873951902,Despair,Despair,0.24915451377091283
0.0014028856873951902,Despair,Irritation,0.25130759800978586
0.0014028856873951902,Despair,Rage,0.27914416019259514
0.0014028856873951902,Irritation,Anxiety,0.12087709720622113
0.0014028856873951902,Irritation,Despair,0.20840004072697152
0.0014028856873951902,Irritation,Irritation,0.2318695535872956
0.0014028856873951902,Irritation,Rage,0.43885330847951165
0.0014028856873951902,Rage,Anxiety,0.08328899911176296
0.0014028856873951902,Rage,Despair,0.2507215976454024
0.0014028856873951902,Rage,Irritation,0.18172449061839285
0.0014028856873951902,Rage,Rage,0.48426491262444205
0.0014641920040671151,Anxiety,Anxiety,0.27859639660571295
0.0014641920040671151,Anxiety,Despair,0.27044208517347845
0.0014641920040671151,Anxiety,Irritation,0.2510734039629777
0.0014641920040671151,Anxiety,Rage,0.19988811425783057
0.0014641920040671151,Despair,Anxiety,0.27859573735147347
0.0014641920040671151,Despair,Despair,0.27044177049349416
0.0014641920040671151,Despair,Irritation,0.25107382468399747
0.0014641920040671151,Despair,Rage,0.19988866747103487
0.0014641920040671151,Irritation,Anxiety,0.1892121904753301
0.0014641920040671151,Irritation,Despair,0.23983428257471975
0.0014641920040671151,Irritation,Irritation,0.252147903388363
0.0014641920040671151,Irritation,Rage,0.31880562356158704
0.0014641920040671151,Rage,Anxiety,0.13825750787150523
0.0014641920040671151,Rage,Despair,0.2803594922552712
0.0014641920040671151,Rage,Irritation,0.21291086073467053
0.0014641920040671151,Rage,Rage,0.36847213913855315
0.0014146719529596612,Anxiety,Anxiety,0.28193634241867643
0.0014146719529596612,Anxiety,Despair,0.2760810108388986
0.0014146719529596612,Anxiety,Irritation,0.2500256218385653
0.0014146719529596612,Anxiety,Rage,0.1919570249038598
0.0014146719529596612,Despair,Anxiety,0.2819354910664177
0.0014146719529596612,Despair,Despair,0.27608065876922666
0.0014146719529596612,Despair,Irritation,0.25002623453166006
0.0014146719529596612,Despair,Rage,0.19195761563269562
0.0014146719529596612,Irritation,Anxiety,0.18250091878802718
0.0014146719529596612,Irritation,Despair,0.2358848912019896
0.0014146719529596612,Irritation,Irritation,0.2525403749397734
0.0014146719529596612,Irritation,Rage,0.32907381507020983
0.0014146719529596612,Rage,Anxiety,0.12780017214924727
0.0014146719529596612,Rage,Despair,0.2809549788324709
0.0014146719529596612,Rage,Irritation,0.20602342744607383
0.0014146719529596612,Rage,Rage,0.38522142157220807
0.0012026820484525435,Anxiety,Anxiety,0.27789016340979683
0.0012026820484525435,Anxiety,Despair,0.2641888323429553
0.0012026820484525435,Anxiety,Irritation,0.24994016284936477
0.0012026820484525435,Anxiety,Rage,0.20798084139788328
0.0012026820484525435,Despair,Anxiety,0.2778898461750394
0.0012026820484525435,Despair,Despair,0.2641887141868529
0.0012026820484525435,Despair,Irritation,0.2499403844881394
0.0012026820484525435,Despair,Rage,0.207981055149968
0.0012026820484525435,Irritation,Anxiety,0.240882222869825
0.0012026820484525435,Irritation,Despair,0.247773887117946
0.0012026820484525435,Irritation,Irritation,0.2502049384468903
0.0012026820484525435,Irritation,Rage,0.26113895156533895
0.0012026820484525435,Rage,Anxiety,0.21280062402325015
0.0012026820484525435,Rage,Despair,0.26562456816630087
0.0012026820484525435,Rage,Irritation,0.23107831066021803
0.0012026820484525435,Rage,Rage,0.29049649715023074
0.0011607199903623132,Anxiety,Anxiety,0.24436590586041862
0.0011607199903623132,Anxiety,Despair,0.25517507766088454
0.0011607199903623132,Anxiety,Irritation,0.2508993835384606
0.0011607199903623132,Anxiety,Rage,0.24955963294023628
0.0011607199903623132,Despair,Anxiety,0.2443655883883787
0.0011607199903623132,Despair,Despair,0.25517489244575686
0.0011607199903623132,Despair,Irritation,0.2508996539469152
0.0011607199903623132,Despair,Rage,0.2495598652189491
0.0011607199903623132,Irritation,Anxiety,0.2052141600339318
0.0011607199903623132,Irritation,Despair,0.23652953169943172
0.0011607199903623132,Irritation,Irritation,0.24995542363529316
0.0011607199903623132,Irritation,Rage,0.30830088463134314
0.0011607199903623132,Rage,Anxiety,0.17797215516141915
0.0011607199903623132,Rage,Despair,0.2569002276433808
0.0011607199903623132,Rage,Irritation,0.2283029031850026
0.0011607199903623132,Rage,Rage,0.33682471401019737
0.0013067196355071096,Anxiety,Anxiety,0.24810842261642388
0.0013067196355071096,Anxiety,Despair,0.2575109134750265
0.0013067196355071096,Anxiety,Irritation,0.2505251870414317
0.0013067196355071096,Anxiety,Rage,0.24385547686711803
0.0013067196355071096,Despair,Anxiety,0.24810790290591958
0.0013067196355071096,Despair,Despair,0.25751071043697166
0.0013067196355071096,Despair,Irritation,0.25052555878076765
0.0013067196355071096,Despair,Rage,0.24385582787634122
0.0013067196355071096,Irritation,Anxiety,0.19113908638022017
0.0013067196355071096,Irritation,Despair,0.2354231725209428
0.0013067196355071096,Irritation,Irritation,0.2481611604337311
0.0013067196355071096,Irritation,Rage,0.32527658066510584
0.0013067196355071096,Rage,Anxiety,0.15529113648493906
0.0013067196355071096,Rage,Despair,0.2617350266803682
0.0013067196355071096,Rage,Irritation,0.2208402419114312
0.0013067196355071096,Rage,Rage,0.3621335949232614
0.0013861350917940426,Anxiety,Anxiety,0.2990738188099528
0.0013861350917940426,Anxiety,Despair,0.2766956014289065
0.0013861350917940426,Anxiety,Irritation,0.24616671343048385
0.0013861350917940426,Anxiety,Rage,0.1780638663306573
0.0013861350917940426,Despair,Anxiety,0.29907317676870004
0.0013861350917940426,Despair,Despair,0.2766953935080716
0.0013861350917940426,Despair,Irritation,0.24616717569883995
0.0013861350917940426,Despair,Rage,0.17806425402438897
0.0013861350917940426,Irritation,Anxiety,0.2259054527972918
0.0013861350917940426,Irritation,Despair,0.24474780031199395
0.0013861350917940426,Irritation,Irritation,0.25133003179878033
0.0013861350917940426,Irritation,Rage,0.2780167150919338
0.0013861350917940426,Rage,Anxiety,0.17416307231904057
0.0013861350917940426,Rage,Despair,0.2811846876536463
0.0013861350917940426,Rage,Irritation,0.21555653010956735
0.0013861350917940426,Rage,Rage,0.3290957099177457
0.0013509186798845688,Anxiety,Anxiety,0.33537362998883496
0.0013509186798845688,Anxiety,Despair,0.28698142592955905
0.0013509186798845688,Anxiety,Irritation,0.2402978938595691
0.0013509186798845688,Anxiety,Rage,0.13734705022203683
0.0013509186798845688,Despair,Anxiety,0.3353730156866293
0.0013509186798845688,Despair,Despair,0.2869812632073996
0.0013509186798845688,Despair,Irritation,0.24029836072437763
0.0013509186798845688,Despair,Rage,0.13734736038159334
0.0013509186798845688,Irritation,Anxiety,0.2548567083438404
0.0013509186798845688,Irritation,Despair,0.25054786541658614
0.0013509186798845688,Irritation,Irritation,0.24970138800234642
0.0013509186798845688,Irritation,Rage,0.24489403823722694
0.0013509186798845688,Rage,Anxiety,0.18923066496424912
0.0013509186798845688,Rage,Despair,0.29418724099273486
0.0013509186798845688,Rage,Irritation,0.20748952033846085
0.0013509186798845688,Rage,Rage,0.3090925737045554
0.0014810285574295284,Anxiety,Anxiety,0.2555465926588574
0.0014810285574295284,Anxiety,Despair,0.26356321504042296
0.0014810285574295284,Anxiety,Irritation,0.25228387193256846
0.0014810285574295284,Anxiety,Rage,0.22860632036815118
0.0014810285574295284,Despair,Anxiety,0.25554574584726164
0.0014810285574295284,Despair,Despair,0.26356284540041386
0.0014810285574295284,Despair,Irritation,0.25228442639621806
0.0014810285574295284,Despair,Rage,0.22860698235610624
0.0014810285574295284,Irritation,Anxiety,0.16034452153671178
0.0014810285574295284,Irritation,Despair,0.23013691722742072
0.0014810285574295284,Irritation,Irritation,0.24898844673433185
0.0014810285574295284,Irritation,Rage,0.3605301145015359
0.0014810285574295284,Rage,Anxiety,0.1147942124373616
0.0014810285574295284,Rage,Despair,0.26982769841316684
0.0014810285574295284,Rage,Irritation,0.2069705775497406
0.0014810285574295284,Rage,Rage,0.4084075115997311
0.0013750843473153917,Anxiety,Anxiety,0.2767905597392304
0.0013750843473153917,Anxiety,Despair,0.27067221434913646
0.0013750843473153917,Anxiety,Irritation,0.2503311062415789
0.0013750843473153917,Anxiety,Rage,0.20220611967005428
0.0013750843473153917,Despair,Anxiety,0.27678987106203184
0.0013750843473153917,Despair,Despair,0.2706719339347211
0.0013750843473153917,Despair,Irritation,0.25033158640760167
0.0013750843473153917,Despair,Rage,0.20220660859564557
0.0013750843473153917,Irritation,Anxiety,0.19501053961687587
0.0013750843473153917,Irritation,Despair,0.23766166490571253
0.0013750843473153917,Irritation,Irritation,0.25227084412018913
0.0013750843473153917,Irritation,Rage,0.3150569513572226
0.0013750843473153917,Rage,Anxiety,0.14539069774163202
0.0013750843473153917,Rage,Despair,0.2763218643797224
0.0013750843473153917,Rage,Irritation,0.21331972054856171
0.0013750843473153917,Rage,Rage,0.364967717330084
0.0013639759553931462,Anxiety,Anxiety,0.2504828726307316
0.0013639759553931462,Anxiety,Despair,0.2587815689618364
0.0013639759553931462,Anxiety,Irritation,0.250843258232215
0.0013639759553931462,Anxiety,Rage,0.23989230017521737
0.0013639759553931462,Despair,Anxiety,0.25048228086714314
0.0013639759553931462,Despair,Despair,0.2587813311418416
0.0013639759553931462,Despair,Irritation,0.2508436670728662
0.0013639759553931462,Despair,Rage,0.23989272091814906
0.0013639759553931462,Irritation,Anxiety,0.1845230767687915
0.0013639759553931462,Irritation,Despair,0.234371052912294
0.0013639759553931462,Irritation,Irritation,0.2483624833879898
0.0013639759553931462,Irritation,Rage,0.3327433869309248
0.0013639759553931462,Rage,Anxiety,0.1451428795307292
0.0013639759553931462,Rage,Despair,0.2640939895917955
0.0013639759553931462,Rage,Irritation,0.2179178789001473
0.0013639759553931462,Rage,Rage,0.37284525197732754
0.0012268677478770753,Anxiety,Anxiety,0.2685282200292904
0.0012268677478770753,Anxiety,Despair,0.26446158942381653
0.0012268677478770753,Anxiety,Irritation,0.2502214502840877
0.0012268677478770753,Anxiety,Rage,0.21678874026280556
0.0012268677478770753,Despair,Anxiety,0.2685277244680175
0.0012268677478770753,Despair,Despair,0.2644614059309149
0.0012268677478770753,Despair,Irritation,0.25022181101646795
0.0012268677478770753,Despair,Rage,0.21678905858459982
0.0012268677478770753,Irritation,Anxiety,0.2137311118832592
0.0012268677478770753,Irritation,Despair,0.2400897331259048
0.0012268677478770753,Irritation,Irritation,0.2510268128006094
0.0012268677478770753,Irritation,Rage,0.2951523421902266
0.0012268677478770753,Rage,Anxiety,0.17570977794772705
0.0012268677478770753,Rage,Despair,0.26763245953417675
0.0012268677478770753,Rage,Irritation,0.22271548134750058
0.0012268677478770753,Rage,Rage,0.33394228117059566
0.0011892282964872732,Anxiety,Anxiety,0.24750457664105321
0.0011892282964872732,Anxiety,Despair,0.25426286011960064
0.0011892282964872732,Anxiety,Irritation,0.24978628370640996
0.0011892282964872732,Anxiety,Rage,0.24844627953293608
0.0011892282964872732,Despair,Anxiety,0.24750432641166556
0.0011892282964872732,Despair,Despair,0.25426271526323346
0.0011892282964872732,Despair,Irritation,0.24978646128576487
0.0011892282964872732,Despair,Rage,0.24844649703933597
0.0011892282964872732,Irritation,Anxiety,0.21227342886490552
0.0011892282964872732,Irritation,Despair,0.24080840762152664
0.0011892282964872732,Irritation,Irritation,0.24812580578778956
0.0011892282964872732,Irritation,Rage,0.2987923577257782
0.0011892282964872732,Rage,Anxiety,0.18712682016411117
0.0011892282964872732,Rage,Despair,0.2583521813636118
0.0011892282964872732,Rage,Irritation,0.23042155056003302
0.0011892282964872732,Rage,Rage,0.324099447912244
0.0014484405585683702,Anxiety,Anxiety,0.30410956280761003
0.0014484405585683702,Anxiety,Despair,0.28029407581507004
0.0014484405585683702,Anxiety,Irritation,0.245598222989059
0.0014484405585683702,Anxiety,Rage,0.1699981383882611
0.0014484405585683702,Despair,Anxiety,0.3041088407670638
0.0014484405585683702,Despair,Despair,0.2802938311998532
0.0014484405585683702,Despair,Irritation,0.24559874046932467
0.0014484405585683702,Despair,Rage,0.16999858756375813
0.0014484405585683702,Irritation,Anxiety,0.2175254991615548
0.0014484405585683702,Irritation,Despair,0.2443085393700848
0.0014484405585683702,Irritation,Irritation,0.2523996004435131
0.0014484405585683702,Irritation,Rage,0.28576636102484737
0.0014484405585683702,Rage,Anxiety,0.15966786232909244
0.0014484405585683702,Rage,Despair,0.28644537012001053
0.0014484405585683702,Rage,Irritation,0.21174877873562795
0.0014484405585683702,Rage,Rage,0.34213798881526875
0.0013048912403069535,Anxiety,Anxiety,0.2888272166026347
0.0013048912403069535,Anxiety,Despair,0.27071064324877614
0.0013048912403069535,Anxiety,Irritation,0.24790134512199774
0.0013048912403069535,Anxiety,Rage,0.19256079502659132
0.0013048912403069535,Despair,Anxiety,0.28882672939270654
0.0013048912403069535,Despair,Despair,0.2707104799491045
0.0013048912403069535,Despair,Irritation,0.2479016963525515
0.0013048912403069535,Despair,Rage,0.19256109430563773
0.0013048912403069535,Irritation,Anxiety,0.2344583595919196
0.0013048912403069535,Irritation,Despair,0.24606509938594628
0.0013048912403069535,Irritation,Irritation,0.25054780314140146
0.0013048912403069535,Irritation,Rage,0.26892873788073246
0.0013048912403069535,Rage,Anxiety,0.19429833506268965
0.0013048912403069535,Rage,Despair,0.2725725449485214
0.0013048912403069535,Rage,Irritation,0.2234124972692509
0.0013048912403069535,Rage,Rage,0.30971662271953754
0.0013811520116981558,Anxiety,Anxiety,0.2766819738477237
0.0013811520116981558,Anxiety,Despair,0.2712597966478707
0.0013811520116981558,Anxiety,Irritation,0.2502707237605881
0.0013811520116981558,Anxiety,Rage,0.20178750574381746
0.0013811520116981558,Despair,Anxiety,0.27668126507013724
0.0013811520116981558,Despair,Despair,0.2712595089552645
0.0013811520116981558,Despair,Irritation,0.250271228790722
0.0013811520116981558,Despair,Rage,0.20178799718387597
0.0013811520116981558,Irritation,Anxiety,0.19352128910876337
0.0013811520116981558,Irritation,Despair,0.23703398658946356
0.0013811520116981558,Irritation,Irritation,0.2525228795252694
0.0013811520116981558,Irritation,Rage,0.3169218447765037
0.0013811520116981558,Rage,Anxiety,0.1435304606908288
0.0013811520116981558,Rage,Despair,0.2766810025983654
0.0013811520116981558,Rage,Irritation,0.21208451118329658
0.0013811520116981558,Rage,Rage,0.3677040255275089
0.001162357716002543,Anxiety,Anxiety,0.2782970924624447
0.001162357716002543,Anxiety,Despair,0.26446742536301643
0.001162357716002543,Anxiety,Irritation,0.24920875495293687
0.001162357716002543,Anxiety,Rage,0.20802672722160215
0.001162357716002543,Despair,Anxiety,0.2782967692008532
0.001162357716002543,Despair,Despair,0.26446731481523333
0.001162357716002543,Despair,Irritation,0.24920899021913145
0.001162357716002543,Despair,Rage,0.20802692576478185
0.001162357716002543,Irritation,Anxiety,0.24296770804440584
0.001162357716002543,Irritation,Despair,0.24775683398539988
0.001162357716002543,Irritation,Irritation,0.25010798099816633
0.001162357716002543,Irritation,Rage,0.2591674769720277
0.001162357716002543,Rage,Anxiety,0.21615231679191205
0.001162357716002543,Rage,Despair,0.2653055914715767
0.001162357716002543,Rage,Irritation,0.23116552287244524
0.001162357716002543,Rage,Rage,0.28737656886406604
0.001256362926415918,Anxiety,Anxiety,0.366443578256103
0.001256362926415918,Anxiety,Despair,0.28560043936130997
0.001256362926415918,Anxiety,Irritation,0.22960565469861932
0.001256362926415918,Anxiety,Rage,0.11835032768396782
0.001256362926415918,Despair,Anxiety,0.3664430330005531
0.001256362926415918,Despair,Despair,0.2856003957059426
0.001256362926415918,Despair,Irritation,0.22960605104826814
0.001256362926415918,Despair,Rage,0.11835052024523604
0.001256362926415918,Irritation,Anxiety,0.3061930805065092
0.001256362926415918,Irritation,Despair,0.25503310069720364
0.001256362926415918,Irritation,Irritation,0.2397644015143559
0.001256362926415918,Irritation,Rage,0.19900941728193117
0.001256362926415918,Rage,Anxiety,0.2470211001465065
0.001256362926415918,Rage,Despair,0.2921667704939548
0.001256362926415918,Rage,Irritation,0.20272810786304837
0.001256362926415918,Rage,Rage,0.25808402149649023
0.0011708908366652006,Anxiety,Anxiety,0.2658189307630806
0.0011708908366652006,Anxiety,Despair,0.26223546746286863
0.0011708908366652006,Anxiety,Irritation,0.250122022106256
0.0011708908366652006,Anxiety,Rage,0.22182357966779487
0.0011708908366652006,Despair,Anxiety,0.2658185125294739
0.0011708908366652006,Despair,Despair,0.26223531493922936
0.0011708908366652006,Despair,Irritation,0.25012232500243387
0.0011708908366652006,Despair,Rage,0.22182384752886306
0.0011708908366652006,Irritation,Anxiety,0.21965266715323598
0.0011708908366652006,Irritation,Despair,0.24157927501977694
0.0011708908366652006,Irritation,Irritation,0.25048075708303086
0.0011708908366652006,Irritation,Rage,0.2882873007439563
0.0011708908366652006,Rage,Anxiety,0.1866682398912195
0.0011708908366652006,Rage,Despair,0.2637551857289507
0.0011708908366652006,Rage,Irritation,0.2274821528362413
0.0011708908366652006,Rage,Rage,0.3220944215435886
0.001222432131575621,Anxiety,Anxiety,0.24551410280403219
0.001222432131575621,Anxiety,Despair,0.25597347879584964
0.001222432131575621,Anxiety,Irritation,0.25104279515227446
0.001222432131575621,Anxiety,Rage,0.24746962324784363
0.001222432131575621,Despair,Anxiety,0.24551375620507396
0.001222432131575621,Despair,Despair,0.25597327311473295
0.001222432131575621,Despair,Irritation,0.25104307770641876
0.001222432131575621,Despair,Rage,0.2474698929737744
0.001222432131575621,Irritation,Anxiety,0.2013372355480428
0.001222432131575621,Irritation,Despair,0.23629573093099537
0.001222432131575621,Irritation,Irritation,0.24957135492778246
0.001222432131575621,Irritation,Rage,0.31279567859317947
0.001222432131575621,Rage,Anxiety,0.17123214748050636
0.001222432131575621,Rage,Despair,0.2588107375797654
0.001222432131575621,Rage,Irritation,0.2260164221959029
0.001222432131575621,Rage,Rage,0.3439406927438256
0.001390306307774363,Anxiety,Anxiety,0.2881913048410877
0.001390306307774363,Anxiety,Despair,0.27027357631220184
0.001390306307774363,Anxiety,Irritation,0.24994276064284002
0.001390306307774363,Anxiety,Rage,0.19159235820387058
0.001390306307774363,Despair,Anxiety,0.2881908376906837
0.001390306307774363,Despair,Despair,0.27027338376136884
0.001390306307774363,Despair,Irritation,0.24994307433066978
0.001390306307774363,Despair,Rage,0.1915927042172778
0.001390306307774363,Irritation,Anxiety,0.2282192377959871
0.001390306307774363,Irritation,Despair,0.24626798942666817
0.001390306307774363,Irritation,Irritation,0.2511220356400228
0.001390306307774363,Irritation,Rage,0.27439073713732226
0.001390306307774363,Rage,Anxiety,0.18458459415670378
0.001390306307774363,Rage,Despair,0.27419440919796423
0.001390306307774363,Rage,Irritation,0.22362625030857844
0.001390306307774363,Rage,Rage,0.31759474633675355
0.0011519418674979648,Anxiety,Anxiety,0.2776388711584276
0.0011519418674979648,Anxiety,Despair,0.2642000508842546
0.0011519418674979648,Anxiety,Irritation,0.24906654178688023
0.0011519418674979648,Anxiety,Rage,0.20909453617043758
0.0011519418674979648,Despair,Anxiety,0.2776385562309362
0.0011519418674979648,Despair,Despair,0.264199943361345
0.0011519418674979648,Despair,Irritation,0.24906677067305188
0.0011519418674979648,Despair,Rage,0.20909472973466686
0.0011519418674979648,Irritation,Anxiety,0.24330932426790902
0.0011519418674979648,Irritation,Despair,0.2479100702243303
0.0011519418674979648,Irritation,Irritation,0.24998267830444856
0.0011519418674979648,Irritation,Rage,0.2587979272033125
0.0011519418674979648,Rage,Anxiety,0.21724045409743808
0.0011519418674979648,Rage,Despair,0.2650170015560599
0.0011519418674979648,Rage,Irritation,0.23155366921507695
0.0011519418674979648,Rage,Rage,0.28618887513142516
0.0012465907170285417,Anxiety,Anxiety,0.24683606071688083
0.0012465907170285417,Anxiety,Despair,0.2564319634320423
0.0012465907170285417,Anxiety,Irritation,0.2506146689665933
0.0012465907170285417,Anxiety,Rage,0.24611730688448344
0.0012465907170285417,Despair,Anxiety,0.24683559321456372
0.0012465907170285417,Despair,Despair,0.25643178446030146
0.0012465907170285417,Despair,Irritation,0.25061501274951076
0.0012465907170285417,Despair,Rage,0.24611760957562387
0.0012465907170285417,Irritation,Anxiety,0.19648081120953792
0.0012465907170285417,Irritation,Despair,0.23479998048721962
0.0012465907170285417,Irritation,Irritation,0.2498402333535776
0.0012465907170285417,Irritation,Rage,0.31887897494966505
0.0012465907170285417,Rage,Anxiety,0.16392593959092192
0.0012465907170285417,Rage,Despair,0.2595521735170903
0.0012465907170285417,Rage,Irritation,0.22372437480927157
0.0012465907170285417,Rage,Rage,0.35279751208271615
0.001316378857220098,Anxiety,Anxiety,0.2503303822945975
0.001316378857220098,Anxiety,Despair,0.25602777326695925
0.001316378857220098,Anxiety,Irritation,0.24959540128317395
0.001316378857220098,Anxiety,Rage,0.24404644315526935
0.001316378857220098,Despair,Anxiety,0.2503299554518074
0.001316378857220098,Despair,Despair,0.25602760158130483
0.001316378857220098,Despair,Irritation,0.24959568023238168
0.001316378857220098,Despair,Rage,0.24404676273450596
0.001316378857220098,Irritation,Anxiety,0.19906022141193622
0.001316378857220098,Irritation,Despair,0.23823013323936756
0.001316378857220098,Irritation,Irritation,0.24844351077133447
0.001316378857220098,Irritation,Rage,0.31426613457736186
0.001316378857220098,Rage,Anxiety,0.16602234247097014
0.001316378857220098,Rage,Despair,0.26257069707440334
0.001316378857220098,Rage,Irritation,0.224321353078837
0.001316378857220098,Rage,Rage,0.34708560737578975
0.0012331529695084483,Anxiety,Anxiety,0.2459164554339192
0.0012331529695084483,Anxiety,Despair,0.2564258738316388
0.0012331529695084483,Anxiety,Irritation,0.25106820498951765
0.0012331529695084483,Anxiety,Rage,0.24658946574492455
0.0012331529695084483,Despair,Anxiety,0.24591597460062975
0.0012331529695084483,Despair,Despair,0.25642568915507324
0.0012331529695084483,Despair,Irritation,0.2510685696574501
0.0012331529695084483,Despair,Rage,0.24658976658684698
0.0012331529695084483,Irritation,Anxiety,0.19585857085587355
0.0012331529695084483,Irritation,Despair,0.2345901214779675
0.0012331529695084483,Irritation,Irritation,0.24908617801577324
0.0012331529695084483,Irritation,Rage,0.3204651296503858
0.0012331529695084483,Rage,Anxiety,0.16291148243121817
0.0012331529695084483,Rage,Despair,0.2586928364024262
0.0012331529695084483,Rage,Irritation,0.2235408219110591
0.0012331529695084483,Rage,Rage,0.35485485925529664
0.0012747710240353645,Anxiety,Anxiety,0.27204856264088423
0.0012747710240353645,Anxiety,Despair,0.26810268879725446
0.0012747710240353645,Anxiety,Irritation,0.24987741060361113
0.0012747710240353645,Anxiety,Rage,0.2099713379582501
0.0012747710240353645,Despair,Anxiety,0.27204794916596436
0.0012747710240353645,Despair,Despair,0.26810246290203493
0.0012747710240353645,Despair,Irritation,0.2498778650994145
0.0012747710240353645,Despair,Rage,0.20997172283258633
0.0012747710240353645,Irritation,Anxiety,0.20547511771671917
0.0012747710240353645,Irritation,Despair,0.23788854923486816
0.0012747710240353645,Irritation,Irritation,0.2518303918236025
0.0012747710240353645,Irritation,Rage,0.3048059412248101
0.0012747710240353645,Rage,Anxiety,0.16157040636947856
0.0012747710240353645,Rage,Despair,0.2710396573429819
0.0012747710240353645,Rage,Irritation,0.21754127908101872
0.0012747710240353645,Rage,Rage,0.34984865720652103
0.0012778138459123387,Anxiety,Anxiety,0.314631375405846
0.0012778138459123387,Anxiety,Despair,0.28530808458207285
0.0012778138459123387,Anxiety,Irritation,0.24378661309496744
0.0012778138459123387,Anxiety,Rage,0.15627392691711361
0.0012778138459123387,Despair,Anxiety,0.31463060710645585
0.0012778138459123387,Despair,Despair,0.2853078547999569
0.0012778138459123387,Despair,Irritation,0.24378720145980748
0.0012778138459123387,Despair,Rage,0.15627433663377957
0.0012778138459123387,Irritation,Anxiety,0.22410714723786668
0.0012778138459123387,Irritation,Despair,0.24365190081383012
0.0012778138459123387,Irritation,Irritation,0.25241390282486553
0.0012778138459123387,Irritation,Rage,0.27982704912343764
0.0012778138459123387,Rage,Anxiety,0.16012616164992882
0.0012778138459123387,Rage,Despair,0.2915553609435739
0.0012778138459123387,Rage,Irritation,0.2047892275244615
0.0012778138459123387,Rage,Rage,0.3435292498820357
0.0013418138569719702,Anxiety,Anxiety,0.24857051653943996
0.0013418138569719702,Anxiety,Despair,0.2592396581240593
0.0013418138569719702,Anxiety,Irritation,0.25124520090680635
0.0013418138569719702,Anxiety,Rage,0.24094462442969455
0.0013418138569719702,Despair,Anxiety,0.24856989395041823
0.0013418138569719702,Despair,Despair,0.259239412585825
0.0013418138569719702,Despair,Irritation,0.2512456475688828
0.0013418138569719702,Despair,Rage,0.24094504589487425
0.0013418138569719702,Irritation,Anxiety,0.18204631272846689
0.0013418138569719702,Irritation,Despair,0.23264273368831356
0.0013418138569719702,Irritation,Irritation,0.24865671944474446
0.0013418138569719702,Irritation,Rage,0.33665423413847506
0.0013418138569719702,Rage,Anxiety,0.1424029713847839
0.0013418138569719702,Rage,Despair,0.26298641744967977
0.0013418138569719702,Rage,Irritation,0.21681837456724173
0.0013418138569719702,Rage,Rage,0.37779223659829453
0.0012568745451639392,Anxiety,Anxiety,0.28268334538419926
0.0012568745451639392,Anxiety,Despair,0.26713347216457395
0.0012568745451639392,Anxiety,Irritation,0.2490849986779751
0.0012568745451639392,Anxiety,Rage,0.20109818377325167
0.0012568745451639392,Despair,Anxiety,0.282682954884133
0.0012568745451639392,Despair,Despair,0.2671333329543233
0.0012568745451639392,Despair,Irritation,0.2490852747859742
0.0012568745451639392,Despair,Rage,0.20109843737556954
0.0012568745451639392,Irritation,Anxiety,0.23797746008991372
0.0012568745451639392,Irritation,Despair,0.24714178564887185
0.0012568745451639392,Irritation,Irritation,0.250253660143708
0.0012568745451639392,Irritation,Rage,0.2646270941175067
0.0012568745451639392,Rage,Anxiety,0.20437134796594636
0.0012568745451639392,Rage,Despair,0.2688375854234721
0.0012568745451639392,Rage,Irritation,0.22758771291056276
0.0012568745451639392,Rage,Rage,0.29920335370001905
0.0013272260680006823,Anxiety,Anxiety,0.24822814800828844
0.0013272260680006823,Anxiety,Despair,0.25914822069226306
0.0013272260680006823,Anxiety,Irritation,0.2519614847277742
0.0013272260680006823,Anxiety,Rage,0.24066214657167442
0.0013272260680006823,Despair,Anxiety,0.24822750652373482
0.0013272260680006823,Despair,Despair,0.25914796730196465
0.0013272260680006823,Despair,Irritation,0.2519619557046331
0.0013272260680006823,Despair,Rage,0.24066257046966721
0.0013272260680006823,Irritation,Anxiety,0.18094991311868613
0.0013272260680006823,Irritation,Despair,0.23123816244801634
0.0013272260680006823,Irritation,Irritation,0.24913487193490688
0.0013272260680006823,Irritation,Rage,0.3386770524983905
0.0013272260680006823,Rage,Anxiety,0.14096537088314726
0.0013272260680006823,Rage,Despair,0.2619876404273022
0.0013272260680006823,Rage,Irritation,0.21622170781825106
0.0013272260680006823,Rage,Rage,0.3808252808712993
0.0013056819195483534,Anxiety,Anxiety,0.38130620235326623
0.0013056819195483534,Anxiety,Despair,0.2864442318405177
0.0013056819195483534,Anxiety,Irritation,0.22435624487465525
0.0013056819195483534,Anxiety,Rage,0.1078933209315606
0.0013056819195483534,Despair,Anxiety,0.3813055631428925
0.0013056819195483534,Despair,Despair,0.28644423639505595
0.0013056819195483534,Despair,Irritation,0.22435669162031088
0.0013056819195483534,Despair,Rage,0.10789350884174077
0.0013056819195483534,Irritation,Anxiety,0.3102615494906198
0.0013056819195483534,Irritation,Despair,0.2534042596189894
0.0013056819195483534,Irritation,Irritation,0.2380589747519979
0.0013056819195483534,Irritation,Rage,0.19827521613839305
0.0013056819195483534,Rage,Anxiety,0.2391831317663492
0.0013056819195483534,Rage,Despair,0.29788153018343116
0.0013056819195483534,Rage,Irritation,0.19665722121860224
0.0013056819195483534,Rage,Rage,0.2662781168316176
0.0013424569256141967,Anxiety,Anxiety,0.19075534723122928
0.0013424569256141967,Anxiety,Despair,0.23410193072000648
0.0013424569256141967,Anxiety,Irritation,0.24116039203880937
0.0013424569256141967,Anxiety,Rage,0.3339823300099547
0.0013424569256141967,Despair,Anxiety,0.19075452325340722
0.0013424569256141967,Despair,Despair,0.23410151685703218
0.0013424569256141967,Despair,Irritation,0.24116096127850745
0.0013424569256141967,Despair,Rage,0.33398299861105335
0.0013424569256141967,Irritation,Anxiety,0.11376873691530345
0.0013424569256141967,Irritation,Despair,0.2025611705486203
0.0013424569256141967,Irritation,Irritation,0.21800581938892769
0.0013424569256141967,Irritation,Rage,0.46566427314714864
0.0013424569256141967,Rage,Anxiety,0.08277078178952926
0.0013424569256141967,Rage,Despair,0.23679347240058843
0.0013424569256141967,Rage,Irritation,0.17760087642251954
0.0013424569256141967,Rage,Rage,0.5028348693873623
0.0013224943388070293,Anxiety,Anxiety,0.2501284677999427
0.0013224943388070293,Anxiety,Despair,0.25654278857762586
0.0013224943388070293,Anxiety,Irritation,0.2500105039739634
0.0013224943388070293,Anxiety,Rage,0.24331823964846802
0.0013224943388070293,Despair,Anxiety,0.2501280065575913
0.0013224943388070293,Despair,Despair,0.25654260661476264
0.0013224943388070293,Despair,Irritation,0.2500108096142082
0.0013224943388070293,Despair,Rage,0.24331857721343772
0.0013224943388070293,Irritation,Anxiety,0.19582394365811817
0.0013224943388070293,Irritation,Despair,0.23723642962757158
0.0013224943388070293,Irritation,Irritation,0.24880081287155636
0.0013224943388070293,Irritation,Rage,0.31813881384275366
0.0013224943388070293,Rage,Anxiety,0.16150950020006546
0.0013224943388070293,Rage,Despair,0.26278210534652685
0.0013224943388070293,Rage,Irritation,0.22310723653735756
0.0013224943388070293,Rage,Rage,0.3526011579160501
0.001465768405519793,Anxiety,Anxiety,0.30073079853560103
0.001465768405519793,Anxiety,Despair,0.27742962614632677
0.001465768405519793,Anxiety,Irritation,0.24836842094486927
0.001465768405519793,Anxiety,Rage,0.17347115437320304
0.001465768405519793,Despair,Anxiety,0.30073015355846744
0.001465768405519793,Despair,Despair,0.27742937956012825
0.001465768405519793,Despair,Irritation,0.2483688618311633
0.001465768405519793,Despair,Rage,0.17347160505024078
0.001465768405519793,Irritation,Anxiety,0.21716853762710947
0.001465768405519793,Irritation,Despair,0.24495206264772526
0.001465768405519793,Irritation,Irritation,0.2525027023979594
0.001465768405519793,Irritation,Rage,0.2853766973272059
0.001465768405519793,Rage,Anxiety,0.16093538866166415
0.001465768405519793,Rage,Despair,0.2843927833575881
0.001465768405519793,Rage,Irritation,0.21498771261138852
0.001465768405519793,Rage,Rage,0.339684115369359
