C,Story,Emotion,Val
0.0032430935026875438,Boredom,Boredom,0.39985404246550726
0.0032430935026875438,Boredom,Fear,0.03539435836093449
0.0032430935026875438,Boredom,Happiness,0.16008901272311227
0.0032430935026875438,Boredom,Joy,0.17122227698943937
0.0032430935026875438,Boredom,Pride,0.09057478271989898
0.0032430935026875438,Boredom,Sadness,0.012317406775167397
0.0032430935026875438,Boredom,Shame,0.13054811996594048
0.0032430935026875438,Fear,Boredom,0.00741929652494786
0.0032430935026875438,Fear,Fear,0.524983865838743
0.0032430935026875438,Fear,Happiness,0.015493170111659002
0.0032430935026875438,Fear,Joy,0.05798246622594075
0.0032430935026875438,Fear,Pride,0.029348402228524147
0.0032430935026875438,Fear,Sadness,0.2054570148966062
0.0032430935026875438,Fear,Shame,0.15931578417357903
0.0032430935026875438,Happiness,Boredom,0.44280046052966193
0.0032430935026875438,Happiness,Fear,0.007933049087650792
0.0032430935026875438,Happiness,Happiness,0.35285892030260724
0.0032430935026875438,Happiness,Joy,0.03249728847794847
0.0032430935026875438,Happiness,Pride,0.08257727887476327
0.0032430935026875438,Happiness,Sadness,0.011353724334984177
0.0032430935026875438,Happiness,Shame,0.06997927839238414
0.0032430935026875438,Joy,Boredom,0.008921285131675286
0.0032430935026875438,Joy,Fear,0.07851015515779701
0.0032430935026875438,Joy,Happiness,0.06134168862833794
0.0032430935026875438,Joy,Joy,0.308754495045143
0.0032430935026875438,Joy,Pride,0.26374822341056137
0.0032430935026875438,Joy,Sadness,0.05159176675566694
0.0032430935026875438,Joy,Shame,0.22713238587081835
0.0032430935026875438,Pride,Boredom,0.049472884646439896
0.0032430935026875438,Pride,Fear,0.01659792208912993
0.0032430935026875438,Pride,Happiness,0.2732098453932642
0.0032430935026875438,Pride,Joy,0.1126530223341886
0.0032430935026875438,Pride,Pride,0.26306353998555315
0.0032430935026875438,Pride,Sadness,0.0497683449696812
0.0032430935026875438,Pride,Shame,0.23523444058174306
0.0032430935026875438,Sadness,Boredom,0.02153590243280717
0.0032430935026875438,Sadness,Fear,0.4810898651310535
0.0032430935026875438,Sadness,Happiness,0.036701184022334916
0.0032430935026875438,Sadness,Joy,0.08233497476615118
0.0032430935026875438,Sadness,Pride,0.07950361206856006
0.0032430935026875438,Sadness,Sadness,0.10033597577962927
0.0032430935026875438,Sadness,Shame,0.19849848579946405
0.0032430935026875438,Shame,Boredom,0.034749837889754165
0.0032430935026875438,Shame,Fear,0.02084113577726975
0.0032430935026875438,Shame,Happiness,0.1809359966098828
0.0032430935026875438,Shame,Joy,0.20793766965092572
0.0032430935026875438,Shame,Pride,0.25228983420033635
0.0032430935026875438,Shame,Sadness,0.03881516366286488
0.0032430935026875438,Shame,Shame,0.264430362208966
0.003052924037230223,Boredom,Boredom,0.40729479221806497
0.003052924037230223,Boredom,Fear,0.033985739696804046
0.003052924037230223,Boredom,Happiness,0.1974694987572375
0.003052924037230223,Boredom,Joy,0.1530820243372046
0.003052924037230223,Boredom,Pride,0.08171813320085039
0.003052924037230223,Boredom,Sadness,0.010595318867354918
0.003052924037230223,Boredom,Shame,0.11585449292248391
0.003052924037230223,Fear,Boredom,0.007464429266088686
0.003052924037230223,Fear,Fear,0.5731999886702099
0.003052924037230223,Fear,Happiness,0.01779472515158167
0.003052924037230223,Fear,Joy,0.05191034439683972
0.003052924037230223,Fear,Pride,0.024035158533300998
0.003052924037230223,Fear,Sadness,0.19510018252988628
0.003052924037230223,Fear,Shame,0.1304951714520929
0.003052924037230223,Happiness,Boredom,0.47392899107349445
0.003052924037230223,Happiness,Fear,0.007654627904235852
0.003052924037230223,Happiness,Happiness,0.3434443006358198
0.003052924037230223,Happiness,Joy,0.03231454873843109
0.003052924037230223,Happiness,Pride,0.07377980978076773
0.003052924037230223,Happiness,Sadness,0.010037706485435765
0.003052924037230223,Happiness,Shame,0.05884001538181525
0.003052924037230223,Joy,Boredom,0.011472386753829769
0.003052924037230223,Joy,Fear,0.09849074392706414
0.003052924037230223,Joy,Happiness,0.08266599930095592
0.003052924037230223,Joy,Joy,0.3109386166815947
0.003052924037230223,Joy,Pride,0.25454942948403236
0.003052924037230223,Joy,Sadness,0.053074684743297906
0.003052924037230223,Joy,Shame,0.18880813910922525
0.003052924037230223,Pride,Boredom,0.06681323145450846
0.003052924037230223,Pride,Fear,0.021147863039576175
0.003052924037230223,Pride,Happiness,0.2904516459709305
0.003052924037230223,Pride,Joy,0.12000872603255877
0.003052924037230223,Pride,Pride,0.2534730113253421
0.003052924037230223,Pride,Sadness,0.05191955254061335
0.003052924037230223,Pride,Shame,0.1961859696364708
0.003052924037230223,Sadness,Boredom,0.02282233767953716
0.003052924037230223,Sadness,Fear,0.5435566169473084
0.003052924037230223,Sadness,Happiness,0.039871435678424376
0.003052924037230223,Sadness,Joy,0.07355550847774092
0.003052924037230223,Sadness,Pride,0.06788092739546485
0.003052924037230223,Sadness,Sadness,0.09205786594716782
0.003052924037230223,Sadness,Shame,0.16025530787435632
0.003052924037230223,Shame,Boredom,0.04300251478066893
0.003052924037230223,Shame,Fear,0.026605861526439258
0.003052924037230223,Shame,Happiness,0.22090510697263138
0.003052924037230223,Shame,Joy,0.1999148666320431
0.003052924037230223,Shame,Pride,0.24830691761310136
0.003052924037230223,Shame,Sadness,0.04044128782190268
0.003052924037230223,Shame,Shame,0.2208234446532133
0.0033061298259008604,Boredom,Boredom,0.4248339412430763
0.0033061298259008604,Boredom,Fear,0.035031086521309554
0.0033061298259008604,Boredom,Happiness,0.18674232484381897
0.0033061298259008604,Boredom,Joy,0.1678338194307702
0.0033061298259008604,Boredom,Pride,0.08510153204817962
0.0033061298259008604,Boredom,Sadness,0.009868908173277987
0.0033061298259008604,Boredom,Shame,0.09058838773956746
0.0033061298259008604,Fear,Boredom,0.005268518390126868
0.0033061298259008604,Fear,Fear,0.6419399577863243
0.0033061298259008604,Fear,Happiness,0.011795555495403521
0.0033061298259008604,Fear,Joy,0.0431517032479941
0.0033061298259008604,Fear,Pride,0.02010666446937318
0.0033061298259008604,Fear,Sadness,0.16756371134028694
0.0033061298259008604,Fear,Shame,0.11017388927049108
0.0033061298259008604,Happiness,Boredom,0.47837217112842906
0.0033061298259008604,Happiness,Fear,0.006335237578382853
0.0033061298259008604,Happiness,Happiness,0.35732993216378817
0.0033061298259008604,Happiness,Joy,0.024621181541801422
0.0033061298259008604,Happiness,Pride,0.07182115792861374
0.0033061298259008604,Happiness,Sadness,0.008898021746612647
0.0033061298259008604,Happiness,Shame,0.05262229791237216
0.0033061298259008604,Joy,Boredom,0.010595891885989816
0.0033061298259008604,Joy,Fear,0.088178617795813
0.0033061298259008604,Joy,Happiness,0.07031484725718075
0.0033061298259008604,Joy,Joy,0.3298185594996003
0.0033061298259008604,Joy,Pride,0.25915131126709473
0.0033061298259008604,Joy,Sadness,0.052361934426345035
0.0033061298259008604,Joy,Shame,0.18957883786797608
0.0033061298259008604,Pride,Boredom,0.05475813559800984
0.0033061298259008604,Pride,Fear,0.020685122633943023
0.0033061298259008604,Pride,Happiness,0.3057136905488877
0.0033061298259008604,Pride,Joy,0.10334877019711738
0.0033061298259008604,Pride,Pride,0.26109362909712625
0.0033061298259008604,Pride,Sadness,0.05338741606068119
0.0033061298259008604,Pride,Shame,0.20101323586423472
0.0033061298259008604,Sadness,Boredom,0.017427732591994063
0.0033061298259008604,Sadness,Fear,0.6037272222863956
0.0033061298259008604,Sadness,Happiness,0.03137012522786335
0.0033061298259008604,Sadness,Joy,0.06238770990410966
0.0033061298259008604,Sadness,Pride,0.05807116392472931
0.0033061298259008604,Sadness,Sadness,0.08359457020703477
0.0033061298259008604,Sadness,Shame,0.14342147585787302
0.0033061298259008604,Shame,Boredom,0.039563141765946455
0.0033061298259008604,Shame,Fear,0.026143696290737276
0.0033061298259008604,Shame,Happiness,0.22108737306375778
0.0033061298259008604,Shame,Joy,0.1892406686913902
0.0033061298259008604,Shame,Pride,0.24862080895892666
0.0033061298259008604,Shame,Sadness,0.04200973219343509
0.0033061298259008604,Shame,Shame,0.23333457903580684
0.0033330159378210057,Boredom,Boredom,0.47836978588534024
0.0033330159378210057,Boredom,Fear,0.031450635103073034
0.0033330159378210057,Boredom,Happiness,0.1653383031319035
0.0033330159378210057,Boredom,Joy,0.1724443716446661
0.0033330159378210057,Boredom,Pride,0.07301403800151403
0.0033330159378210057,Boredom,Sadness,0.004533936607279708
0.0033330159378210057,Boredom,Shame,0.07484892962622339
0.0033330159378210057,Fear,Boredom,0.002415649397834632
0.0033330159378210057,Fear,Fear,0.8894877978912464
0.0033330159378210057,Fear,Happiness,0.0023149225758578662
0.0033330159378210057,Fear,Joy,0.012603525236631387
0.0033330159378210057,Fear,Pride,0.005456670877447613
0.0033330159378210057,Fear,Sadness,0.0579825311874428
0.0033330159378210057,Fear,Shame,0.02973890283353884
0.0033330159378210057,Happiness,Boredom,0.5295037493099545
0.0033330159378210057,Happiness,Fear,0.001956003535472013
0.0033330159378210057,Happiness,Happiness,0.3853073289556033
0.0033330159378210057,Happiness,Joy,0.011691334671860655
0.0033330159378210057,Happiness,Pride,0.04971874441197957
0.0033330159378210057,Happiness,Sadness,0.002707747594718623
0.0033330159378210057,Happiness,Shame,0.019115091520411336
0.0033330159378210057,Joy,Boredom,0.009162843757430665
0.0033330159378210057,Joy,Fear,0.11702191371032085
0.0033330159378210057,Joy,Happiness,0.05459538848153504
0.0033330159378210057,Joy,Joy,0.35485052165788405
0.0033330159378210057,Joy,Pride,0.25268552278803985
0.0033330159378210057,Joy,Sadness,0.04171892180245214
0.0033330159378210057,Joy,Shame,0.16996488780233768
0.0033330159378210057,Pride,Boredom,0.06556007356137368
0.0033330159378210057,Pride,Fear,0.015429703664462455
0.0033330159378210057,Pride,Happiness,0.36753173056979493
0.0033330159378210057,Pride,Joy,0.08473801174596748
0.0033330159378210057,Pride,Pride,0.2505402296490299
0.0033330159378210057,Pride,Sadness,0.04953438219215953
0.0033330159378210057,Pride,Shame,0.16666586861721164
0.0033330159378210057,Sadness,Boredom,0.012337486983535399
0.0033330159378210057,Sadness,Fear,0.8412002225769588
0.0033330159378210057,Sadness,Happiness,0.014217514236859834
0.0033330159378210057,Sadness,Joy,0.021802791672522838
0.0033330159378210057,Sadness,Pride,0.021088048918025237
0.0033330159378210057,Sadness,Sadness,0.030353732028989392
0.0033330159378210057,Sadness,Shame,0.059000203583108445
0.0033330159378210057,Shame,Boredom,0.04275447715154186
0.0033330159378210057,Shame,Fear,0.02194275878007359
0.0033330159378210057,Shame,Happiness,0.24040941809471317
0.0033330159378210057,Shame,Joy,0.15170262022497286
0.0033330159378210057,Shame,Pride,0.24955988689290715
0.0033330159378210057,Shame,Sadness,0.03217081015213253
0.0033330159378210057,Shame,Shame,0.2614600287036586
0.0029240819575538594,Boredom,Boredom,0.3833582556542148
0.0029240819575538594,Boredom,Fear,0.03377446467942948
0.0029240819575538594,Boredom,Happiness,0.1997041894048521
0.0029240819575538594,Boredom,Joy,0.15294096138568347
0.0029240819575538594,Boredom,Pride,0.08392168093971822
0.0029240819575538594,Boredom,Sadness,0.011380413605131973
0.0029240819575538594,Boredom,Shame,0.13492003433096972
0.0029240819575538594,Fear,Boredom,0.010536499522249082
0.0029240819575538594,Fear,Fear,0.5527031787548692
0.0029240819575538594,Fear,Happiness,0.01936504702633949
0.0029240819575538594,Fear,Joy,0.05309979418924503
0.0029240819575538594,Fear,Pride,0.024884544930725838
0.0029240819575538594,Fear,Sadness,0.20349131711043758
0.0029240819575538594,Fear,Shame,0.13591961846613385
0.0029240819575538594,Happiness,Boredom,0.4685952874786966
0.0029240819575538594,Happiness,Fear,0.007657526877944937
0.0029240819575538594,Happiness,Happiness,0.3389928788384977
0.0029240819575538594,Happiness,Joy,0.035075297632381465
0.0029240819575538594,Happiness,Pride,0.07348887376603755
0.0029240819575538594,Happiness,Sadness,0.010066199645337694
0.0029240819575538594,Happiness,Shame,0.06612393576110379
0.0029240819575538594,Joy,Boredom,0.011778270602642837
0.0029240819575538594,Joy,Fear,0.1386112778804725
0.0029240819575538594,Joy,Happiness,0.08234838730471869
0.0029240819575538594,Joy,Joy,0.2836285481549451
0.0029240819575538594,Joy,Pride,0.24502216176644828
0.0029240819575538594,Joy,Sadness,0.053510071964658894
0.0029240819575538594,Joy,Shame,0.1851012823261136
0.0029240819575538594,Pride,Boredom,0.08092363838325388
0.0029240819575538594,Pride,Fear,0.020682424520188064
0.0029240819575538594,Pride,Happiness,0.285816380963181
0.0029240819575538594,Pride,Joy,0.12438248655073252
0.0029240819575538594,Pride,Pride,0.24813746659067404
0.0029240819575538594,Pride,Sadness,0.0516921743273174
0.0029240819575538594,Pride,Shame,0.1883654286646529
0.0029240819575538594,Sadness,Boredom,0.028916718702551324
0.0029240819575538594,Sadness,Fear,0.5214399784991216
0.0029240819575538594,Sadness,Happiness,0.041787955029702145
0.0029240819575538594,Sadness,Joy,0.07611161629910304
0.0029240819575538594,Sadness,Pride,0.07080840544917988
0.0029240819575538594,Sadness,Sadness,0.09959437154858843
0.0029240819575538594,Sadness,Shame,0.1613409544717534
0.0029240819575538594,Shame,Boredom,0.05082294267323165
0.0029240819575538594,Shame,Fear,0.026335994887739283
0.0029240819575538594,Shame,Happiness,0.21915205598640944
0.0029240819575538594,Shame,Joy,0.2011317978682292
0.0029240819575538594,Shame,Pride,0.2453704203408038
0.0029240819575538594,Shame,Sadness,0.040114993146421446
0.0029240819575538594,Shame,Shame,0.2170717950971651
0.0030158440080750998,Boredom,Boredom,0.44115547141325767
0.0030158440080750998,Boredom,Fear,0.03265225083310039
0.0030158440080750998,Boredom,Happiness,0.18547785418987167
0.0030158440080750998,Boredom,Joy,0.15530608112882374
0.0030158440080750998,Boredom,Pride,0.07611442577394646
0.0030158440080750998,Boredom,Sadness,0.006187637874339727
0.0030158440080750998,Boredom,Shame,0.10310627878666058
0.0030158440080750998,Fear,Boredom,0.004153470412569871
0.0030158440080750998,Fear,Fear,0.7459883950547402
0.0030158440080750998,Fear,Happiness,0.007609259039793783
0.0030158440080750998,Fear,Joy,0.0300936808542677
0.0030158440080750998,Fear,Pride,0.014256326059936635
0.0030158440080750998,Fear,Sadness,0.11040365523509037
0.0030158440080750998,Fear,Shame,0.08749521334360151
0.0030158440080750998,Happiness,Boredom,0.4918969280724847
0.0030158440080750998,Happiness,Fear,0.003698921730387
0.0030158440080750998,Happiness,Happiness,0.3818629154182413
0.0030158440080750998,Happiness,Joy,0.017958942645276674
0.0030158440080750998,Happiness,Pride,0.06254342639856485
0.0030158440080750998,Happiness,Sadness,0.005298196480777039
0.0030158440080750998,Happiness,Shame,0.03674066925426861
0.0030158440080750998,Joy,Boredom,0.007712396796888599
0.0030158440080750998,Joy,Fear,0.1550823495475893
0.0030158440080750998,Joy,Happiness,0.06435195841500481
0.0030158440080750998,Joy,Joy,0.3040726445466375
0.0030158440080750998,Joy,Pride,0.23786536384854215
0.0030158440080750998,Joy,Sadness,0.04481104821785822
0.0030158440080750998,Joy,Shame,0.1861042386274791
0.0030158440080750998,Pride,Boredom,0.0640011513970902
0.0030158440080750998,Pride,Fear,0.0161207495847183
0.0030158440080750998,Pride,Happiness,0.32724266372137234
0.0030158440080750998,Pride,Joy,0.09440164302203086
0.0030158440080750998,Pride,Pride,0.2542292610092597
0.0030158440080750998,Pride,Sadness,0.04847593568076076
0.0030158440080750998,Pride,Shame,0.1955285955847682
0.0030158440080750998,Sadness,Boredom,0.016686917501462097
0.0030158440080750998,Sadness,Fear,0.6863121478981884
0.0030158440080750998,Sadness,Happiness,0.02466101287999087
0.0030158440080750998,Sadness,Joy,0.047771112021629335
0.0030158440080750998,Sadness,Pride,0.04295010232715566
0.0030158440080750998,Sadness,Sadness,0.05677758024290222
0.0030158440080750998,Sadness,Shame,0.12484112712867079
0.0030158440080750998,Shame,Boredom,0.03946473253512259
0.0030158440080750998,Shame,Fear,0.022287346515227655
0.0030158440080750998,Shame,Happiness,0.22100245847277858
0.0030158440080750998,Shame,Joy,0.17342558420987306
0.0030158440080750998,Shame,Pride,0.25036760836819305
0.0030158440080750998,Shame,Sadness,0.034992297566318914
0.0030158440080750998,Shame,Shame,0.2584599723324859
0.0032180793631978416,Boredom,Boredom,0.49928109746393745
0.0032180793631978416,Boredom,Fear,0.03157058215651299
0.0032180793631978416,Boredom,Happiness,0.20105359032844383
0.0032180793631978416,Boredom,Joy,0.14307550681153738
0.0032180793631978416,Boredom,Pride,0.06300256940758568
0.0032180793631978416,Boredom,Sadness,0.0033492125501150246
0.0032180793631978416,Boredom,Shame,0.05866744128186742
0.0032180793631978416,Fear,Boredom,0.002311308623018093
0.0032180793631978416,Fear,Fear,0.916671120144298
0.0032180793631978416,Fear,Happiness,0.0025405006854775833
0.0032180793631978416,Fear,Joy,0.009672076281059651
0.0032180793631978416,Fear,Pride,0.004007435572359996
0.0032180793631978416,Fear,Sadness,0.04381734105944413
0.0032180793631978416,Fear,Shame,0.020980217634342452
0.0032180793631978416,Happiness,Boredom,0.5674835121217449
0.0032180793631978416,Happiness,Fear,0.0015109988098779452
0.0032180793631978416,Happiness,Happiness,0.3630967223415853
0.0032180793631978416,Happiness,Joy,0.009652784626703536
0.0032180793631978416,Happiness,Pride,0.04192925473759939
0.0032180793631978416,Happiness,Sadness,0.002187517570471206
0.0032180793631978416,Happiness,Shame,0.014139209792017864
0.0032180793631978416,Joy,Boredom,0.010893543742847744
0.0032180793631978416,Joy,Fear,0.11822552550715643
0.0032180793631978416,Joy,Happiness,0.08043287321342903
0.0032180793631978416,Joy,Joy,0.37200533646001943
0.0032180793631978416,Joy,Pride,0.2409856212824012
0.0032180793631978416,Joy,Sadness,0.04157005889128119
0.0032180793631978416,Joy,Shame,0.13588704090286535
0.0032180793631978416,Pride,Boredom,0.07369015778399825
0.0032180793631978416,Pride,Fear,0.01942324636027531
0.0032180793631978416,Pride,Happiness,0.37997502835282354
0.0032180793631978416,Pride,Joy,0.09331757490236706
0.0032180793631978416,Pride,Pride,0.24310908458130925
0.0032180793631978416,Pride,Sadness,0.05212365702322339
0.0032180793631978416,Pride,Shame,0.13836125099600288
0.0032180793631978416,Sadness,Boredom,0.011935485920057626
0.0032180793631978416,Sadness,Fear,0.8758372493310568
0.0032180793631978416,Sadness,Happiness,0.014977727248142976
0.0032180793631978416,Sadness,Joy,0.017267783303991657
0.0032180793631978416,Sadness,Pride,0.015302168582737755
0.0032180793631978416,Sadness,Sadness,0.023322218594463612
0.0032180793631978416,Sadness,Shame,0.04135736701954917
0.0032180793631978416,Shame,Boredom,0.049464368365718776
0.0032180793631978416,Shame,Fear,0.02669354848949474
0.0032180793631978416,Shame,Happiness,0.26736292004900947
0.0032180793631978416,Shame,Joy,0.15791270398983923
0.0032180793631978416,Shame,Pride,0.24158567850581067
0.0032180793631978416,Shame,Sadness,0.03664723776931315
0.0032180793631978416,Shame,Shame,0.2203335428308139
0.003155276543690768,Boredom,Boredom,0.4251402010912552
0.003155276543690768,Boredom,Fear,0.03411943614376403
0.003155276543690768,Boredom,Happiness,0.19307531156900892
0.003155276543690768,Boredom,Joy,0.15885262864397515
0.003155276543690768,Boredom,Pride,0.08105835988804012
0.003155276543690768,Boredom,Sadness,0.009163857942526697
0.003155276543690768,Boredom,Shame,0.09859020472142929
0.003155276543690768,Fear,Boredom,0.005902455202624664
0.003155276543690768,Fear,Fear,0.6248882094185207
0.003155276543690768,Fear,Happiness,0.013294753816677064
0.003155276543690768,Fear,Joy,0.04565094044621029
0.003155276543690768,Fear,Pride,0.021151864226594888
0.003155276543690768,Fear,Sadness,0.17434031443135295
0.003155276543690768,Fear,Shame,0.11477146245801968
0.003155276543690768,Happiness,Boredom,0.47802910341085947
0.003155276543690768,Happiness,Fear,0.006122890360945017
0.003155276543690768,Happiness,Happiness,0.35845330495401806
0.003155276543690768,Happiness,Joy,0.025911348172226026
0.003155276543690768,Happiness,Pride,0.07109038770214621
0.003155276543690768,Happiness,Sadness,0.008367384056205834
0.003155276543690768,Happiness,Shame,0.05202558134359921
0.003155276543690768,Joy,Boredom,0.010866361052204619
0.003155276543690768,Joy,Fear,0.08378940047597916
0.003155276543690768,Joy,Happiness,0.07700010871560253
0.003155276543690768,Joy,Joy,0.32552615299469967
0.003155276543690768,Joy,Pride,0.2595144383489596
0.003155276543690768,Joy,Sadness,0.05114593170395514
0.003155276543690768,Joy,Shame,0.19215760670859905
0.003155276543690768,Pride,Boredom,0.057099085660898885
0.003155276543690768,Pride,Fear,0.019821869656310363
0.003155276543690768,Pride,Happiness,0.3034594556771962
0.003155276543690768,Pride,Joy,0.10960939715186285
0.003155276543690768,Pride,Pride,0.25862213951800833
0.003155276543690768,Pride,Sadness,0.05139197330410431
0.003155276543690768,Pride,Shame,0.19999607903161884
0.003155276543690768,Sadness,Boredom,0.019340544114332718
0.003155276543690768,Sadness,Fear,0.5868510693857641
0.003155276543690768,Sadness,Happiness,0.03409074420662344
0.003155276543690768,Sadness,Joy,0.06533261566632602
0.003155276543690768,Sadness,Pride,0.06051637544558073
0.003155276543690768,Sadness,Sadness,0.0855000943213066
0.003155276543690768,Sadness,Shame,0.14836855686006656
0.003155276543690768,Shame,Boredom,0.04060127357840605
0.003155276543690768,Shame,Fear,0.025294537717737518
0.003155276543690768,Shame,Happiness,0.21981510751887887
0.003155276543690768,Shame,Joy,0.1910756725010624
0.003155276543690768,Shame,Pride,0.24840533858584493
0.003155276543690768,Shame,Sadness,0.03942957844625297
0.003155276543690768,Shame,Shame,0.23537849165181723
0.003197623957519387,Boredom,Boredom,0.42868077581342584
0.003197623957519387,Boredom,Fear,0.03413043884737572
0.003197623957519387,Boredom,Happiness,0.18816084690048346
0.003197623957519387,Boredom,Joy,0.16160014424693003
0.003197623957519387,Boredom,Pride,0.08176069181340163
0.003197623957519387,Boredom,Sadness,0.009145983012780495
0.003197623957519387,Boredom,Shame,0.09652111936560241
0.003197623957519387,Fear,Boredom,0.005530819069443922
0.003197623957519387,Fear,Fear,0.6359209720606238
0.003197623957519387,Fear,Happiness,0.01204638764589686
0.003197623957519387,Fear,Joy,0.04413309036251273
0.003197623957519387,Fear,Pride,0.0211292208377514
0.003197623957519387,Fear,Sadness,0.1676717048670044
0.003197623957519387,Fear,Shame,0.1135678051567671
0.003197623957519387,Happiness,Boredom,0.47934367873279726
0.003197623957519387,Happiness,Fear,0.005914128851630398
0.003197623957519387,Happiness,Happiness,0.36223167806698714
0.003197623957519387,Happiness,Joy,0.023852285415139705
0.003197623957519387,Happiness,Pride,0.0704252300862006
0.003197623957519387,Happiness,Sadness,0.008068065982184432
0.003197623957519387,Happiness,Shame,0.050164932865060886
0.003197623957519387,Joy,Boredom,0.01060805785637184
0.003197623957519387,Joy,Fear,0.08030914400929577
0.003197623957519387,Joy,Happiness,0.07197561833085502
0.003197623957519387,Joy,Joy,0.33239582131341927
0.003197623957519387,Joy,Pride,0.2609002414932055
0.003197623957519387,Joy,Sadness,0.0507716114924519
0.003197623957519387,Joy,Shame,0.1930395055044005
0.003197623957519387,Pride,Boredom,0.0559876963684379
0.003197623957519387,Pride,Fear,0.02008513902339285
0.003197623957519387,Pride,Happiness,0.3073276948022582
0.003197623957519387,Pride,Joy,0.10385114481703754
0.003197623957519387,Pride,Pride,0.2602347943965498
0.003197623957519387,Pride,Sadness,0.05154001549724516
0.003197623957519387,Pride,Shame,0.20097351509507846
0.003197623957519387,Sadness,Boredom,0.01855842555094292
0.003197623957519387,Sadness,Fear,0.5988144388071721
0.003197623957519387,Sadness,Happiness,0.032114116565014186
0.003197623957519387,Sadness,Joy,0.06377335888755564
0.003197623957519387,Sadness,Pride,0.058489006430512934
0.003197623957519387,Sadness,Sadness,0.08089156639549397
0.003197623957519387,Sadness,Shame,0.14735908736330788
0.003197623957519387,Shame,Boredom,0.040394774256589626
0.003197623957519387,Shame,Fear,0.02558653443612363
0.003197623957519387,Shame,Happiness,0.2192187793422915
0.003197623957519387,Shame,Joy,0.18819638696767407
0.003197623957519387,Shame,Pride,0.24876818055023261
0.003197623957519387,Shame,Sadness,0.03947263942712129
0.003197623957519387,Shame,Shame,0.2383627050199674
0.003079361370832543,Boredom,Boredom,0.37545375724715135
0.003079361370832543,Boredom,Fear,0.03467861141218791
0.003079361370832543,Boredom,Happiness,0.16523032919744715
0.003079361370832543,Boredom,Joy,0.16449494084720895
0.003079361370832543,Boredom,Pride,0.09071301856321534
0.003079361370832543,Boredom,Sadness,0.012393621389648867
0.003079361370832543,Boredom,Shame,0.15703572134314067
0.003079361370832543,Fear,Boredom,0.008417027730547024
0.003079361370832543,Fear,Fear,0.48829664555481495
0.003079361370832543,Fear,Happiness,0.018807651024663582
0.003079361370832543,Fear,Joy,0.06324195010808509
0.003079361370832543,Fear,Pride,0.032030191858690445
0.003079361370832543,Fear,Sadness,0.21715032593839462
0.003079361370832543,Fear,Shame,0.17205620778480424
0.003079361370832543,Happiness,Boredom,0.4385264523899432
0.003079361370832543,Happiness,Fear,0.008632361575565644
0.003079361370832543,Happiness,Happiness,0.34326236779092445
0.003079361370832543,Happiness,Joy,0.0404351328519796
0.003079361370832543,Happiness,Pride,0.08367862045977167
0.003079361370832543,Happiness,Sadness,0.011852036975990451
0.003079361370832543,Happiness,Shame,0.07361302795582512
0.003079361370832543,Joy,Boredom,0.009203602210520757
0.003079361370832543,Joy,Fear,0.07986474228976943
0.003079361370832543,Joy,Happiness,0.06797105651501265
0.003079361370832543,Joy,Joy,0.30363989924099183
0.003079361370832543,Joy,Pride,0.2615024291242663
0.003079361370832543,Joy,Sadness,0.05164998555060736
0.003079361370832543,Joy,Shame,0.22616828506883171
0.003079361370832543,Pride,Boredom,0.052660131796649676
0.003079361370832543,Pride,Fear,0.01714360038764337
0.003079361370832543,Pride,Happiness,0.2606309221883093
0.003079361370832543,Pride,Joy,0.1281900827481125
0.003079361370832543,Pride,Pride,0.2598344677480016
0.003079361370832543,Pride,Sadness,0.04936992953217288
0.003079361370832543,Pride,Shame,0.23217086559911068
0.003079361370832543,Sadness,Boredom,0.023099158959353168
0.003079361370832543,Sadness,Fear,0.45031562195335934
0.003079361370832543,Sadness,Happiness,0.04111907060326818
0.003079361370832543,Sadness,Joy,0.08818204402713162
0.003079361370832543,Sadness,Pride,0.08465893221092095
0.003079361370832543,Sadness,Sadness,0.1046777829835299
0.003079361370832543,Sadness,Shame,0.20794738926243633
0.003079361370832543,Shame,Boredom,0.03582454027084808
0.003079361370832543,Shame,Fear,0.02162732227646407
0.003079361370832543,Shame,Happiness,0.17894173294681776
0.003079361370832543,Shame,Joy,0.21356286950462483
0.003079361370832543,Shame,Pride,0.25288968225275077
0.003079361370832543,Shame,Sadness,0.03782128178762995
0.003079361370832543,Shame,Shame,0.2593325709608643
0.0033243656542774444,Boredom,Boredom,0.4180012293907089
0.0033243656542774444,Boredom,Fear,0.035314999501625276
0.0033243656542774444,Boredom,Happiness,0.16796228581097267
0.0033243656542774444,Boredom,Joy,0.17518624000934704
0.0033243656542774444,Boredom,Pride,0.08870952147287889
0.0033243656542774444,Boredom,Sadness,0.010614436748807294
0.0033243656542774444,Boredom,Shame,0.10421128706565991
0.0033243656542774444,Fear,Boredom,0.005517383115775337
0.0033243656542774444,Fear,Fear,0.6244188110242653
0.0033243656542774444,Fear,Happiness,0.011687751511714924
0.0033243656542774444,Fear,Joy,0.04521236453796476
0.0033243656542774444,Fear,Pride,0.022563367408368153
0.0033243656542774444,Fear,Sadness,0.16450862469788666
0.0033243656542774444,Fear,Shame,0.1260916977040249
0.0033243656542774444,Happiness,Boredom,0.46009429097314575
0.0033243656542774444,Happiness,Fear,0.006537972074838251
0.0033243656542774444,Happiness,Happiness,0.3634683445867863
0.0033243656542774444,Happiness,Joy,0.02616698028284895
0.0033243656542774444,Happiness,Pride,0.07598543869612193
0.0033243656542774444,Happiness,Sadness,0.009440636215782611
0.0033243656542774444,Happiness,Shame,0.05830633717047651
0.0033243656542774444,Joy,Boredom,0.009361625888575033
0.0033243656542774444,Joy,Fear,0.08897089965310281
0.0033243656542774444,Joy,Happiness,0.059987402253231396
0.0033243656542774444,Joy,Joy,0.320440407035012
0.0033243656542774444,Joy,Pride,0.26163117666561686
0.0033243656542774444,Joy,Sadness,0.05109056437918093
0.0033243656542774444,Joy,Shame,0.208517924125281
0.0033243656542774444,Pride,Boredom,0.052311177583498
0.0033243656542774444,Pride,Fear,0.01801922133085244
0.0033243656542774444,Pride,Happiness,0.29672806933607804
0.0033243656542774444,Pride,Joy,0.10042149235379477
0.0033243656542774444,Pride,Pride,0.26218419403978105
0.0033243656542774444,Pride,Sadness,0.051665922909922835
0.0033243656542774444,Pride,Shame,0.2186699224460729
0.0033243656542774444,Sadness,Boredom,0.018080935451658706
0.0033243656542774444,Sadness,Fear,0.5769723541686218
0.0033243656542774444,Sadness,Happiness,0.030310390421639587
0.0033243656542774444,Sadness,Joy,0.06604044053419163
0.0033243656542774444,Sadness,Pride,0.06259856682116428
0.0033243656542774444,Sadness,Sadness,0.08245092881053144
0.0033243656542774444,Sadness,Shame,0.16354638379219238
0.0033243656542774444,Shame,Boredom,0.036558174110603345
0.0033243656542774444,Shame,Fear,0.022807571749756273
0.0033243656542774444,Shame,Happiness,0.20260282346947842
0.0033243656542774444,Shame,Joy,0.19575274829945924
0.0033243656542774444,Shame,Pride,0.24988202846810784
0.0033243656542774444,Shame,Sadness,0.03990462660330246
0.0033243656542774444,Shame,Shame,0.25249202729929193
0.003309996390378804,Boredom,Boredom,0.4515853112275834
0.003309996390378804,Boredom,Fear,0.0342771153822865
0.003309996390378804,Boredom,Happiness,0.1440809679809071
0.003309996390378804,Boredom,Joy,0.17913559767999176
0.003309996390378804,Boredom,Pride,0.08602491434152537
0.003309996390378804,Boredom,Sadness,0.009155729842443682
0.003309996390378804,Boredom,Shame,0.09574036354526232
0.003309996390378804,Fear,Boredom,0.004040462870761295
0.003309996390378804,Fear,Fear,0.7119458055733595
0.003309996390378804,Fear,Happiness,0.006679264044164867
0.003309996390378804,Fear,Joy,0.033396795056826266
0.003309996390378804,Fear,Pride,0.017372091484461775
0.003309996390378804,Fear,Sadness,0.14153483651203447
0.003309996390378804,Fear,Shame,0.08503074445839177
0.003309996390378804,Happiness,Boredom,0.4848024405166525
0.003309996390378804,Happiness,Fear,0.0042319142274195925
0.003309996390378804,Happiness,Happiness,0.3766240305478754
0.003309996390378804,Happiness,Joy,0.01942003476626488
0.003309996390378804,Happiness,Pride,0.06689159725956371
0.003309996390378804,Happiness,Sadness,0.006128975902818952
0.003309996390378804,Happiness,Shame,0.041901006779405274
0.003309996390378804,Joy,Boredom,0.009279058600092009
0.003309996390378804,Joy,Fear,0.0932928822132785
0.003309996390378804,Joy,Happiness,0.055688168887666534
0.003309996390378804,Joy,Joy,0.33365376744855124
0.003309996390378804,Joy,Pride,0.2597133530936888
0.003309996390378804,Joy,Sadness,0.048884375280311615
0.003309996390378804,Joy,Shame,0.19948839447641134
0.003309996390378804,Pride,Boredom,0.0576789030832288
0.003309996390378804,Pride,Fear,0.016775531616198266
0.003309996390378804,Pride,Happiness,0.3205689293790902
0.003309996390378804,Pride,Joy,0.08562717922517102
0.003309996390378804,Pride,Pride,0.2627837028443137
0.003309996390378804,Pride,Sadness,0.050023193278978896
0.003309996390378804,Pride,Shame,0.20654256057301923
0.003309996390378804,Sadness,Boredom,0.01768603038008199
0.003309996390378804,Sadness,Fear,0.6667187889967588
0.003309996390378804,Sadness,Happiness,0.024442693425564214
0.003309996390378804,Sadness,Joy,0.05043656687899356
0.003309996390378804,Sadness,Pride,0.04794505134305066
0.003309996390378804,Sadness,Sadness,0.0676438514132691
0.003309996390378804,Sadness,Shame,0.1251270175622812
0.003309996390378804,Shame,Boredom,0.03993227215789888
0.003309996390378804,Shame,Fear,0.022703145059821222
0.003309996390378804,Shame,Happiness,0.22336210907069884
0.003309996390378804,Shame,Joy,0.15748161815336084
0.003309996390378804,Shame,Pride,0.25372083893797376
0.003309996390378804,Shame,Sadness,0.03635759188248097
0.003309996390378804,Shame,Shame,0.26644242473776586
0.003209338150802403,Boredom,Boredom,0.4057650556941744
0.003209338150802403,Boredom,Fear,0.03538978032306624
0.003209338150802403,Boredom,Happiness,0.15928608480726789
0.003209338150802403,Boredom,Joy,0.1707155989230612
0.003209338150802403,Boredom,Pride,0.09167392086720427
0.003209338150802403,Boredom,Sadness,0.012135343676171773
0.003209338150802403,Boredom,Shame,0.12503421570905432
0.003209338150802403,Fear,Boredom,0.007338417781519164
0.003209338150802403,Fear,Fear,0.523126920059442
0.003209338150802403,Fear,Happiness,0.015073308786818685
0.003209338150802403,Fear,Joy,0.05780282937748247
0.003209338150802403,Fear,Pride,0.030255565953153696
0.003209338150802403,Fear,Sadness,0.20417845620726613
0.003209338150802403,Fear,Shame,0.16222450183431775
0.003209338150802403,Happiness,Boredom,0.4397352749932394
0.003209338150802403,Happiness,Fear,0.007785958879248373
0.003209338150802403,Happiness,Happiness,0.35811168341271066
0.003209338150802403,Happiness,Joy,0.03191847453026961
0.003209338150802403,Happiness,Pride,0.08256615178792719
0.003209338150802403,Happiness,Sadness,0.010922904811648017
0.003209338150802403,Happiness,Shame,0.06895955158495676
0.003209338150802403,Joy,Boredom,0.008957737894001455
0.003209338150802403,Joy,Fear,0.07125217886461921
0.003209338150802403,Joy,Happiness,0.06012436299346725
0.003209338150802403,Joy,Joy,0.3094363848560248
0.003209338150802403,Joy,Pride,0.26809915087989056
0.003209338150802403,Joy,Sadness,0.05114145504364014
0.003209338150802403,Joy,Shame,0.23098872946835647
0.003209338150802403,Pride,Boredom,0.047652556836665146
0.003209338150802403,Pride,Fear,0.01652031509899943
0.003209338150802403,Pride,Happiness,0.27309528034491776
0.003209338150802403,Pride,Joy,0.11161689947231726
0.003209338150802403,Pride,Pride,0.26476255366785323
0.003209338150802403,Pride,Sadness,0.049421985790445495
0.003209338150802403,Pride,Shame,0.23693040878880092
0.003209338150802403,Sadness,Boredom,0.021339690621100877
0.003209338150802403,Sadness,Fear,0.48057458855368446
0.003209338150802403,Sadness,Happiness,0.03610442669810558
0.003209338150802403,Sadness,Joy,0.08220847398604483
0.003209338150802403,Sadness,Pride,0.07955244324916774
0.003209338150802403,Sadness,Sadness,0.09873761369400405
0.003209338150802403,Sadness,Shame,0.20148276319789257
0.003209338150802403,Shame,Boredom,0.03417260286301934
0.003209338150802403,Shame,Fear,0.020896527599267398
0.003209338150802403,Shame,Happiness,0.17765198862910722
0.003209338150802403,Shame,Joy,0.20526970801494884
0.003209338150802403,Shame,Pride,0.2536030418010725
0.003209338150802403,Shame,Sadness,0.03873260951904659
0.003209338150802403,Shame,Shame,0.26967352157353824
0.0033594159802960008,Boredom,Boredom,0.46795284473443394
0.0033594159802960008,Boredom,Fear,0.032136056700948885
0.0033594159802960008,Boredom,Happiness,0.14681253920560375
0.0033594159802960008,Boredom,Joy,0.17699279925678257
0.0033594159802960008,Boredom,Pride,0.0796017729946578
0.0033594159802960008,Boredom,Sadness,0.005689158025827314
0.0033594159802960008,Boredom,Shame,0.0908148290817455
0.0033594159802960008,Fear,Boredom,0.0025988644000684725
0.0033594159802960008,Fear,Fear,0.8616849414854001
0.0033594159802960008,Fear,Happiness,0.002768027910398123
0.0033594159802960008,Fear,Joy,0.015622055423023013
0.0033594159802960008,Fear,Pride,0.008379082614330501
0.0033594159802960008,Fear,Sadness,0.060852790471801976
0.0033594159802960008,Fear,Shame,0.048094237694977504
0.0033594159802960008,Happiness,Boredom,0.4970956899034583
0.0033594159802960008,Happiness,Fear,0.00233205978867705
0.0033594159802960008,Happiness,Happiness,0.40425754695695515
0.0033594159802960008,Happiness,Joy,0.013410801512335263
0.0033594159802960008,Happiness,Pride,0.05596056210531559
0.0033594159802960008,Happiness,Sadness,0.003303851155285846
0.0033594159802960008,Happiness,Shame,0.02363948857797278
0.0033594159802960008,Joy,Boredom,0.007655520708584382
0.0033594159802960008,Joy,Fear,0.11285535747837655
0.0033594159802960008,Joy,Happiness,0.049423421673401344
0.0033594159802960008,Joy,Joy,0.33313759331204973
0.0033594159802960008,Joy,Pride,0.2584543207824241
0.0033594159802960008,Joy,Sadness,0.0395064848655676
0.0033594159802960008,Joy,Shame,0.1989673011795965
0.0033594159802960008,Pride,Boredom,0.055505151358094564
0.0033594159802960008,Pride,Fear,0.012366052718514315
0.0033594159802960008,Pride,Happiness,0.35550865066435633
0.0033594159802960008,Pride,Joy,0.080072010461711
0.0033594159802960008,Pride,Pride,0.25721820150022534
0.0033594159802960008,Pride,Sadness,0.04610517126815431
0.0033594159802960008,Pride,Shame,0.193224762028944
0.0033594159802960008,Sadness,Boredom,0.012207397685587625
0.0033594159802960008,Sadness,Fear,0.7932646019857172
0.0033594159802960008,Sadness,Happiness,0.015516169716898731
0.0033594159802960008,Sadness,Joy,0.02953989970629377
0.0033594159802960008,Sadness,Pride,0.02861467031815147
0.0033594159802960008,Sadness,Sadness,0.03211140150601792
0.0033594159802960008,Sadness,Shame,0.08874585908133288
0.0033594159802960008,Shame,Boredom,0.035850431502663954
0.0033594159802960008,Shame,Fear,0.018260074416807003
0.0033594159802960008,Shame,Happiness,0.21239082782975754
0.0033594159802960008,Shame,Joy,0.15503058827948699
0.0033594159802960008,Shame,Pride,0.2552589120382317
0.0033594159802960008,Shame,Sadness,0.031120485564713585
0.0033594159802960008,Shame,Shame,0.2920886803683394
0.0032661158052348965,Boredom,Boredom,0.40961251614137606
0.0032661158052348965,Boredom,Fear,0.03581332884572556
0.0032661158052348965,Boredom,Happiness,0.15544882366547105
0.0032661158052348965,Boredom,Joy,0.1734644351389586
0.0032661158052348965,Boredom,Pride,0.09236598820397178
0.0032661158052348965,Boredom,Sadness,0.012428021521803034
0.0032661158052348965,Boredom,Shame,0.12086688648269407
0.0032661158052348965,Fear,Boredom,0.0070865698408250025
0.0032661158052348965,Fear,Fear,0.5368950264273925
0.0032661158052348965,Fear,Happiness,0.014027107902951256
0.0032661158052348965,Fear,Joy,0.055610586179411635
0.0032661158052348965,Fear,Pride,0.029779512268171573
0.0032661158052348965,Fear,Sadness,0.20012260695185935
0.0032661158052348965,Fear,Shame,0.15647859042938883
0.0032661158052348965,Happiness,Boredom,0.4417666178395168
0.0032661158052348965,Happiness,Fear,0.007577386360865737
0.0032661158052348965,Happiness,Happiness,0.35828758449537956
0.0032661158052348965,Happiness,Joy,0.030159629899148787
0.0032661158052348965,Happiness,Pride,0.08246903716816346
0.0032661158052348965,Happiness,Sadness,0.010995149804822447
0.0032661158052348965,Happiness,Shame,0.06874459443210328
0.0032661158052348965,Joy,Boredom,0.00858127617003688
0.0032661158052348965,Joy,Fear,0.08293805761332729
0.0032661158052348965,Joy,Happiness,0.05825520213230843
0.0032661158052348965,Joy,Joy,0.3057393554186765
0.0032661158052348965,Joy,Pride,0.26284261076713555
0.0032661158052348965,Joy,Sadness,0.05151557921859253
0.0032661158052348965,Joy,Shame,0.23012791867992302
0.0032661158052348965,Pride,Boredom,0.047699256434991046
0.0032661158052348965,Pride,Fear,0.01617901303195112
0.0032661158052348965,Pride,Happiness,0.27714452795805894
0.0032661158052348965,Pride,Joy,0.10398067675407205
0.0032661158052348965,Pride,Pride,0.26600868665246474
0.0032661158052348965,Pride,Sadness,0.0495173984714263
0.0032661158052348965,Pride,Shame,0.23947044069703602
0.0032661158052348965,Sadness,Boredom,0.021276976157154272
0.0032661158052348965,Sadness,Fear,0.49311663803806
0.0032661158052348965,Sadness,Happiness,0.035284833915680845
0.0032661158052348965,Sadness,Joy,0.08040595195198004
0.0032661158052348965,Sadness,Pride,0.07736662321855368
0.0032661158052348965,Sadness,Sadness,0.09436064936210584
0.0032661158052348965,Sadness,Shame,0.1981883273564649
0.0032661158052348965,Shame,Boredom,0.03390407612179288
0.0032661158052348965,Shame,Fear,0.020132713255942687
0.0032661158052348965,Shame,Happiness,0.17991732771631477
0.0032661158052348965,Shame,Joy,0.20274217425671678
0.0032661158052348965,Shame,Pride,0.2532217654367141
0.0032661158052348965,Shame,Sadness,0.03861714912351669
0.0032661158052348965,Shame,Shame,0.27146479408900154
0.0030784776944945543,Boredom,Boredom,0.3994120564912199
0.0030784776944945543,Boredom,Fear,0.0333419568386797
0.0030784776944945543,Boredom,Happiness,0.17306106102561483
0.0030784776944945543,Boredom,Joy,0.16243318539636828
0.0030784776944945543,Boredom,Pride,0.08572397738306758
0.0030784776944945543,Boredom,Sadness,0.009899353701324897
0.0030784776944945543,Boredom,Shame,0.13612840916372446
0.0030784776944945543,Fear,Boredom,0.006351201201334967
0.0030784776944945543,Fear,Fear,0.5945221500846637
0.0030784776944945543,Fear,Happiness,0.013501863660054568
0.0030784776944945543,Fear,Joy,0.0490554750033262
0.0030784776944945543,Fear,Pride,0.023906416259063243
0.0030784776944945543,Fear,Sadness,0.1797936196471262
0.0030784776944945543,Fear,Shame,0.13286927414443092
0.0030784776944945543,Happiness,Boredom,0.4574717704757155
0.0030784776944945543,Happiness,Fear,0.006459829959402202
0.0030784776944945543,Happiness,Happiness,0.3613032146084364
0.0030784776944945543,Happiness,Joy,0.028464689831605997
0.0030784776944945543,Happiness,Pride,0.07622201578631832
0.0030784776944945543,Happiness,Sadness,0.009282524514681742
0.0030784776944945543,Happiness,Shame,0.0607959548238395
0.0030784776944945543,Joy,Boredom,0.009446755470642583
0.0030784776944945543,Joy,Fear,0.08146080410073873
0.0030784776944945543,Joy,Happiness,0.06802214849333497
0.0030784776944945543,Joy,Joy,0.31649429432225806
0.0030784776944945543,Joy,Pride,0.2618909763578627
0.0030784776944945543,Joy,Sadness,0.0500524054893011
0.0030784776944945543,Joy,Shame,0.2126326157658619
0.0030784776944945543,Pride,Boredom,0.057310025177850506
0.0030784776944945543,Pride,Fear,0.016438642523795982
0.0030784776944945543,Pride,Happiness,0.2885471258536539
0.0030784776944945543,Pride,Joy,0.10948368798774241
0.0030784776944945543,Pride,Pride,0.2586590201565459
0.0030784776944945543,Pride,Sadness,0.049023397378260246
0.0030784776944945543,Pride,Shame,0.22053810092215084
0.0030784776944945543,Sadness,Boredom,0.020850191238005366
0.0030784776944945543,Sadness,Fear,0.5476721348486705
0.0030784776944945543,Sadness,Happiness,0.03446481087431635
0.0030784776944945543,Sadness,Joy,0.07149926514163854
0.0030784776944945543,Sadness,Pride,0.06690347608185535
0.0030784776944945543,Sadness,Sadness,0.08682859016377123
0.0030784776944945543,Sadness,Shame,0.17178153165174298
0.0030784776944945543,Shame,Boredom,0.03724418581045182
0.0030784776944945543,Shame,Fear,0.021017591025217094
0.0030784776944945543,Shame,Happiness,0.1986491138438267
0.0030784776944945543,Shame,Joy,0.19866695709755186
0.0030784776944945543,Shame,Pride,0.25089469041626816
0.0030784776944945543,Shame,Sadness,0.03666269667475928
0.0030784776944945543,Shame,Shame,0.256864765131925
0.0032521492359985182,Boredom,Boredom,0.40948937462760127
0.0032521492359985182,Boredom,Fear,0.03516167181127072
0.0032521492359985182,Boredom,Happiness,0.15220681168595565
0.0032521492359985182,Boredom,Joy,0.17268903699596627
0.0032521492359985182,Boredom,Pride,0.09294110234552683
0.0032521492359985182,Boredom,Sadness,0.011905932288541298
0.0032521492359985182,Boredom,Shame,0.12560607024513798
0.0032521492359985182,Fear,Boredom,0.006908229147688098
0.0032521492359985182,Fear,Fear,0.5468618657375397
0.0032521492359985182,Fear,Happiness,0.013119097863453201
0.0032521492359985182,Fear,Joy,0.05425374281748661
0.0032521492359985182,Fear,Pride,0.029482941260563306
0.0032521492359985182,Fear,Sadness,0.1958528252060911
0.0032521492359985182,Fear,Shame,0.1535212979671774
0.0032521492359985182,Happiness,Boredom,0.43961217133045033
0.0032521492359985182,Happiness,Fear,0.00716368426503389
0.0032521492359985182,Happiness,Happiness,0.3637609702109333
0.0032521492359985182,Happiness,Joy,0.028950656350180022
0.0032521492359985182,Happiness,Pride,0.08216783564987193
0.0032521492359985182,Happiness,Sadness,0.010355234707829928
0.0032521492359985182,Happiness,Shame,0.06798944748570053
0.0032521492359985182,Joy,Boredom,0.008483094838895417
0.0032521492359985182,Joy,Fear,0.07265812427196494
0.0032521492359985182,Joy,Happiness,0.05638377938929477
0.0032521492359985182,Joy,Joy,0.30763125923248474
0.0032521492359985182,Joy,Pride,0.26841086908176714
0.0032521492359985182,Joy,Sadness,0.05003603572235331
0.0032521492359985182,Joy,Shame,0.23639683746323947
0.0032521492359985182,Pride,Boredom,0.04719117460339316
0.0032521492359985182,Pride,Fear,0.015343279188449714
0.0032521492359985182,Pride,Happiness,0.27757634739225245
0.0032521492359985182,Pride,Joy,0.0985459689002505
0.0032521492359985182,Pride,Pride,0.26791133451800087
0.0032521492359985182,Pride,Sadness,0.04854622632258633
0.0032521492359985182,Pride,Shame,0.24488566907506717
0.0032521492359985182,Sadness,Boredom,0.021089142410580373
0.0032521492359985182,Sadness,Fear,0.4988709919020763
0.0032521492359985182,Sadness,Happiness,0.03398638491440259
0.0032521492359985182,Sadness,Joy,0.07877015464203253
0.0032521492359985182,Sadness,Pride,0.07648114639763305
0.0032521492359985182,Sadness,Sadness,0.09288873792879779
0.0032521492359985182,Sadness,Shame,0.19791344180447726
0.0032521492359985182,Shame,Boredom,0.03314410531173176
0.0032521492359985182,Shame,Fear,0.018927847261184287
0.0032521492359985182,Shame,Happiness,0.17882263238618706
0.0032521492359985182,Shame,Joy,0.19787155412273325
0.0032521492359985182,Shame,Pride,0.25475911035464954
0.0032521492359985182,Shame,Sadness,0.0365708106388302
0.0032521492359985182,Shame,Shame,0.2799039399246839
0.0030643935221184044,Boredom,Boredom,0.39762881727670046
0.0030643935221184044,Boredom,Fear,0.03378931505848805
0.0030643935221184044,Boredom,Happiness,0.19822348036199386
0.0030643935221184044,Boredom,Joy,0.157128611621711
0.0030643935221184044,Boredom,Pride,0.08266365641942527
0.0030643935221184044,Boredom,Sadness,0.011134457948527379
0.0030643935221184044,Boredom,Shame,0.1194316613131539
0.0030643935221184044,Fear,Boredom,0.00754485414247236
0.0030643935221184044,Fear,Fear,0.5702069073612157
0.0030643935221184044,Fear,Happiness,0.01789378649604513
0.0030643935221184044,Fear,Joy,0.0513936489645018
0.0030643935221184044,Fear,Pride,0.023704260957541003
0.0030643935221184044,Fear,Sadness,0.19842199631208657
0.0030643935221184044,Fear,Shame,0.13083454576613746
0.0030643935221184044,Happiness,Boredom,0.47304250187540037
0.0030643935221184044,Happiness,Fear,0.007925445743054746
0.0030643935221184044,Happiness,Happiness,0.34181162815512073
0.0030643935221184044,Happiness,Joy,0.03265142396036437
0.0030643935221184044,Happiness,Pride,0.07427895155929087
0.0030643935221184044,Happiness,Sadness,0.010466013103529468
0.0030643935221184044,Happiness,Shame,0.05982403560323928
0.0030643935221184044,Joy,Boredom,0.012030247272069954
0.0030643935221184044,Joy,Fear,0.08606845593391473
0.0030643935221184044,Joy,Happiness,0.08392829972057933
0.0030643935221184044,Joy,Joy,0.3152631579495108
0.0030643935221184044,Joy,Pride,0.25992154349073315
0.0030643935221184044,Joy,Sadness,0.05441557468698944
0.0030643935221184044,Joy,Shame,0.18837272094620217
0.0030643935221184044,Pride,Boredom,0.06842006456331033
0.0030643935221184044,Pride,Fear,0.021496394184841474
0.0030643935221184044,Pride,Happiness,0.28960074708415173
0.0030643935221184044,Pride,Joy,0.12059658124586621
0.0030643935221184044,Pride,Pride,0.25311763819842426
0.0030643935221184044,Pride,Sadness,0.05282505979286374
0.0030643935221184044,Pride,Shame,0.1939435149305424
0.0030643935221184044,Sadness,Boredom,0.02217739751651593
0.0030643935221184044,Sadness,Fear,0.5355210090878487
0.0030643935221184044,Sadness,Happiness,0.03908613896939332
0.0030643935221184044,Sadness,Joy,0.07280772200976458
0.0030643935221184044,Sadness,Pride,0.06849682006745604
0.0030643935221184044,Sadness,Sadness,0.10384730591435792
0.0030643935221184044,Sadness,Shame,0.1580636064346634
0.0030643935221184044,Shame,Boredom,0.04273402966067171
0.0030643935221184044,Shame,Fear,0.026998008046186763
0.0030643935221184044,Shame,Happiness,0.22168394197487878
0.0030643935221184044,Shame,Joy,0.20073890432757532
0.0030643935221184044,Shame,Pride,0.24831690917369872
0.0030643935221184044,Shame,Sadness,0.04215163624864553
0.0030643935221184044,Shame,Shame,0.2173765705683431
0.0033242316329979474,Boredom,Boredom,0.44400037829029476
0.0033242316329979474,Boredom,Fear,0.034693913169005365
0.0033242316329979474,Boredom,Happiness,0.15772653382666355
0.0033242316329979474,Boredom,Joy,0.17874846821939305
0.0033242316329979474,Boredom,Pride,0.08547051304757046
0.0033242316329979474,Boredom,Sadness,0.009229868361750873
0.0033242316329979474,Boredom,Shame,0.09013032508532227
0.0033242316329979474,Fear,Boredom,0.004324009642206372
0.0033242316329979474,Fear,Fear,0.692230404377048
0.0033242316329979474,Fear,Happiness,0.007762766012971067
0.0033242316329979474,Fear,Joy,0.0360583693735107
0.0033242316329979474,Fear,Pride,0.018067589701873832
0.0033242316329979474,Fear,Sadness,0.14956897179486678
0.0033242316329979474,Fear,Shame,0.0919878890975233
0.0033242316329979474,Happiness,Boredom,0.4826137775266233
0.0033242316329979474,Happiness,Fear,0.004801308797231635
0.0033242316329979474,Happiness,Happiness,0.3704356834966273
0.0033242316329979474,Happiness,Joy,0.020839024838873257
0.0033242316329979474,Happiness,Pride,0.06867272918994491
0.0033242316329979474,Happiness,Sadness,0.006870414568466315
0.0033242316329979474,Happiness,Shame,0.045767061582232975
0.0033242316329979474,Joy,Boredom,0.009543607064253102
0.0033242316329979474,Joy,Fear,0.09430604084503794
0.0033242316329979474,Joy,Happiness,0.05642167855891198
0.0033242316329979474,Joy,Joy,0.33309396497601673
0.0033242316329979474,Joy,Pride,0.2589593210646596
0.0033242316329979474,Joy,Sadness,0.05034015386781389
0.0033242316329979474,Joy,Shame,0.19733523362330682
0.0033242316329979474,Pride,Boredom,0.05769410395951122
0.0033242316329979474,Pride,Fear,0.018033751004741933
0.0033242316329979474,Pride,Happiness,0.31581212061715636
0.0033242316329979474,Pride,Joy,0.08795485561928484
0.0033242316329979474,Pride,Pride,0.2627557002639226
0.0033242316329979474,Pride,Sadness,0.05135741138261598
0.0033242316329979474,Pride,Shame,0.20639205715276684
0.0033242316329979474,Sadness,Boredom,0.018001650888139216
0.0033242316329979474,Sadness,Fear,0.64850082628686
0.0033242316329979474,Sadness,Happiness,0.025581983431415437
0.0033242316329979474,Sadness,Joy,0.053642475697491886
0.0033242316329979474,Sadness,Pride,0.050529831944651216
0.0033242316329979474,Sadness,Sadness,0.0726893075361337
0.0033242316329979474,Sadness,Shame,0.1310539242153085
0.0033242316329979474,Shame,Boredom,0.04008611069189396
0.0033242316329979474,Shame,Fear,0.023514026929557424
0.0033242316329979474,Shame,Happiness,0.22298901093893744
0.0033242316329979474,Shame,Joy,0.16815388971689654
0.0033242316329979474,Shame,Pride,0.2510337091283804
0.0033242316329979474,Shame,Sadness,0.037612504794255854
0.0033242316329979474,Shame,Shame,0.2566107478000786
0.003192939409956941,Boredom,Boredom,0.4019127164467735
0.003192939409956941,Boredom,Fear,0.034942977957441064
0.003192939409956941,Boredom,Happiness,0.16130662548065286
0.003192939409956941,Boredom,Joy,0.1702078682776106
0.003192939409956941,Boredom,Pride,0.0908351799585098
0.003192939409956941,Boredom,Sadness,0.012076790475650608
0.003192939409956941,Boredom,Shame,0.12871784140336137
0.003192939409956941,Fear,Boredom,0.007524517916005969
0.003192939409956941,Fear,Fear,0.5199189523973174
0.003192939409956941,Fear,Happiness,0.01583368055411941
0.003192939409956941,Fear,Joy,0.05868089152028115
0.003192939409956941,Fear,Pride,0.029454629754909
0.003192939409956941,Fear,Sadness,0.20638357153255452
0.003192939409956941,Fear,Shame,0.16220375632481285
0.003192939409956941,Happiness,Boredom,0.4405033596648703
0.003192939409956941,Happiness,Fear,0.00792889305447218
0.003192939409956941,Happiness,Happiness,0.3545249560971786
0.003192939409956941,Happiness,Joy,0.03301269656171158
0.003192939409956941,Happiness,Pride,0.08275340686854286
0.003192939409956941,Happiness,Sadness,0.011110503164705063
0.003192939409956941,Happiness,Shame,0.07016618458851909
0.003192939409956941,Joy,Boredom,0.009031224490907847
0.003192939409956941,Joy,Fear,0.07197238635184491
0.003192939409956941,Joy,Happiness,0.06150608748029659
0.003192939409956941,Joy,Joy,0.30980252459675967
0.003192939409956941,Joy,Pride,0.2672097473542088
0.003192939409956941,Joy,Sadness,0.050725549961586215
0.003192939409956941,Joy,Shame,0.22975247976439564
0.003192939409956941,Pride,Boredom,0.04833911173396233
0.003192939409956941,Pride,Fear,0.016476792701032587
0.003192939409956941,Pride,Happiness,0.2718595517672635
0.003192939409956941,Pride,Joy,0.11438377922574901
0.003192939409956941,Pride,Pride,0.2635445260629658
0.003192939409956941,Pride,Sadness,0.04911199202235755
0.003192939409956941,Pride,Shame,0.23628424648666893
0.003192939409956941,Sadness,Boredom,0.021387883479612478
0.003192939409956941,Sadness,Fear,0.47585463673047096
0.003192939409956941,Sadness,Happiness,0.036872603835158245
0.003192939409956941,Sadness,Joy,0.08280438628179793
0.003192939409956941,Sadness,Pride,0.08024979879551013
0.003192939409956941,Sadness,Sadness,0.10197827059736672
0.003192939409956941,Sadness,Shame,0.20085242028008354
0.003192939409956941,Shame,Boredom,0.03430498512423001
0.003192939409956941,Shame,Fear,0.020746313533176124
0.003192939409956941,Shame,Happiness,0.17954358755199198
0.003192939409956941,Shame,Joy,0.20724833333861456
0.003192939409956941,Shame,Pride,0.25298837223708465
0.003192939409956941,Shame,Sadness,0.038150423080039686
0.003192939409956941,Shame,Shame,0.26701798513486297
0.0031738565138301946,Boredom,Boredom,0.3513534779909014
0.0031738565138301946,Boredom,Fear,0.03414937929251889
0.0031738565138301946,Boredom,Happiness,0.13148632092427043
0.0031738565138301946,Boredom,Joy,0.1668605791918269
0.0031738565138301946,Boredom,Pride,0.09917033680399931
0.0031738565138301946,Boredom,Sadness,0.011873840433592422
0.0031738565138301946,Boredom,Shame,0.20510606536289067
0.0031738565138301946,Fear,Boredom,0.007301794670046676
0.0031738565138301946,Fear,Fear,0.5289565330192557
0.0031738565138301946,Fear,Happiness,0.012466355224136406
0.0031738565138301946,Fear,Joy,0.055000792730471
0.0031738565138301946,Fear,Pride,0.030738340383719878
0.0031738565138301946,Fear,Sadness,0.1880292962790389
0.0031738565138301946,Fear,Shame,0.1775068876933318
0.0031738565138301946,Happiness,Boredom,0.404911642308939
0.0031738565138301946,Happiness,Fear,0.007497943479431252
0.0031738565138301946,Happiness,Happiness,0.3740198001681774
0.0031738565138301946,Happiness,Joy,0.03329532975803452
0.0031738565138301946,Happiness,Pride,0.09018137789877466
0.0031738565138301946,Happiness,Sadness,0.011232336320544527
0.0031738565138301946,Happiness,Shame,0.0788615700660985
0.0031738565138301946,Joy,Boredom,0.006478720124785345
0.0031738565138301946,Joy,Fear,0.08074566337034397
0.0031738565138301946,Joy,Happiness,0.04788240873855467
0.0031738565138301946,Joy,Joy,0.2818121812549003
0.0031738565138301946,Joy,Pride,0.26811604525208016
0.0031738565138301946,Joy,Sadness,0.046594220696430336
0.0031738565138301946,Joy,Shame,0.2683707605629052
0.0031738565138301946,Pride,Boredom,0.04452110197968529
0.0031738565138301946,Pride,Fear,0.010434957439482294
0.0031738565138301946,Pride,Happiness,0.25530912686223
0.0031738565138301946,Pride,Joy,0.10549732515651264
0.0031738565138301946,Pride,Pride,0.2677993976310554
0.0031738565138301946,Pride,Sadness,0.044322562066682364
0.0031738565138301946,Pride,Shame,0.272115528864352
0.0031738565138301946,Sadness,Boredom,0.020969723005136623
0.0031738565138301946,Sadness,Fear,0.4609307327995038
0.0031738565138301946,Sadness,Happiness,0.03132095324027122
0.0031738565138301946,Sadness,Joy,0.08045760245134927
0.0031738565138301946,Sadness,Pride,0.08167276134425189
0.0031738565138301946,Sadness,Sadness,0.09548762696516234
0.0031738565138301946,Sadness,Shame,0.2291606001943247
0.0031738565138301946,Shame,Boredom,0.028683623500337065
0.0031738565138301946,Shame,Fear,0.013926058732999687
0.0031738565138301946,Shame,Happiness,0.1435165260781057
0.0031738565138301946,Shame,Joy,0.20056325971350142
0.0031738565138301946,Shame,Pride,0.2625475493706298
0.0031738565138301946,Shame,Sadness,0.03335060548778814
0.0031738565138301946,Shame,Shame,0.31741237711663817
0.0031037020203283413,Boredom,Boredom,0.3980454682017261
0.0031037020203283413,Boredom,Fear,0.03328728031502383
0.0031037020203283413,Boredom,Happiness,0.15901064501855203
0.0031037020203283413,Boredom,Joy,0.16684740480737675
0.0031037020203283413,Boredom,Pride,0.09182216941451815
0.0031037020203283413,Boredom,Sadness,0.011117551005269373
0.0031037020203283413,Boredom,Shame,0.13986948123753395
0.0031037020203283413,Fear,Boredom,0.007452559955241405
0.0031037020203283413,Fear,Fear,0.5171250960467166
0.0031037020203283413,Fear,Happiness,0.015387260137562095
0.0031037020203283413,Fear,Joy,0.058802834775189175
0.0031037020203283413,Fear,Pride,0.031022079204269463
0.0031037020203283413,Fear,Sadness,0.20420728841330893
0.0031037020203283413,Fear,Shame,0.16600288146771236
0.0031037020203283413,Happiness,Boredom,0.4359068287363173
0.0031037020203283413,Happiness,Fear,0.007355166225893622
0.0031037020203283413,Happiness,Happiness,0.3598335376846117
0.0031037020203283413,Happiness,Joy,0.033717136780902664
0.0031037020203283413,Happiness,Pride,0.08307251215897174
0.0031037020203283413,Happiness,Sadness,0.010352770622861406
0.0031037020203283413,Happiness,Shame,0.06976204779044162
0.0031037020203283413,Joy,Boredom,0.00854767304824143
0.0031037020203283413,Joy,Fear,0.06468125159461412
0.0031037020203283413,Joy,Happiness,0.06213157043126769
0.0031037020203283413,Joy,Joy,0.3050476293728826
0.0031037020203283413,Joy,Pride,0.2691858159313761
0.0031037020203283413,Joy,Sadness,0.048697176391012786
0.0031037020203283413,Joy,Shame,0.24170888323060524
0.0031037020203283413,Pride,Boredom,0.04692230676255636
0.0031037020203283413,Pride,Fear,0.014447623919297563
0.0031037020203283413,Pride,Happiness,0.2668492524705238
0.0031037020203283413,Pride,Joy,0.11593343387994798
0.0031037020203283413,Pride,Pride,0.2641383646367541
0.0031037020203283413,Pride,Sadness,0.04676816642263366
0.0031037020203283413,Pride,Shame,0.2449408519082863
0.0031037020203283413,Sadness,Boredom,0.021724419226315923
0.0031037020203283413,Sadness,Fear,0.46825715576802224
0.0031037020203283413,Sadness,Happiness,0.037370712565517925
0.0031037020203283413,Sadness,Joy,0.08402156575521377
0.0031037020203283413,Sadness,Pride,0.08135924278582586
0.0031037020203283413,Sadness,Sadness,0.09774680797116807
0.0031037020203283413,Sadness,Shame,0.20952009592793586
0.0031037020203283413,Shame,Boredom,0.033278090972895455
0.0031037020203283413,Shame,Fear,0.018313004297057282
0.0031037020203283413,Shame,Happiness,0.1721055315162472
0.0031037020203283413,Shame,Joy,0.20434551649439947
0.0031037020203283413,Shame,Pride,0.2548276013482577
0.0031037020203283413,Shame,Sadness,0.03460587739705209
0.0031037020203283413,Shame,Shame,0.28252437797409075
0.0033728934541714575,Boredom,Boredom,0.4332464688265817
0.0033728934541714575,Boredom,Fear,0.03563101093197551
0.0033728934541714575,Boredom,Happiness,0.16861737362813065
0.0033728934541714575,Boredom,Joy,0.1769757407818817
0.0033728934541714575,Boredom,Pride,0.08518788367942196
0.0033728934541714575,Boredom,Sadness,0.009991830782537637
0.0033728934541714575,Boredom,Shame,0.09034969136947098
0.0033728934541714575,Fear,Boredom,0.004631703724359934
0.0033728934541714575,Fear,Fear,0.6774086946574117
0.0033728934541714575,Fear,Happiness,0.009031240178808204
0.0033728934541714575,Fear,Joy,0.03813931921332689
0.0033728934541714575,Fear,Pride,0.018920595559239476
0.0033728934541714575,Fear,Sadness,0.1529346121709072
0.0033728934541714575,Fear,Shame,0.09893383449594646
0.0033728934541714575,Happiness,Boredom,0.47920220458190177
0.0033728934541714575,Happiness,Fear,0.005580260590348004
0.0033728934541714575,Happiness,Happiness,0.3640473338133128
0.0033728934541714575,Happiness,Joy,0.022521919400670908
0.0033728934541714575,Happiness,Pride,0.07063481785631319
0.0033728934541714575,Happiness,Sadness,0.008111145243743621
0.0033728934541714575,Happiness,Shame,0.049902318513709513
0.0033728934541714575,Joy,Boredom,0.00980235572318157
0.0033728934541714575,Joy,Fear,0.10180067248241849
0.0033728934541714575,Joy,Happiness,0.05908985027341603
0.0033728934541714575,Joy,Joy,0.3290036989798989
0.0033728934541714575,Joy,Pride,0.2567348871239287
0.0033728934541714575,Joy,Sadness,0.05169255602099838
0.0033728934541714575,Joy,Shame,0.19187597939615808
0.0033728934541714575,Pride,Boredom,0.05747662544623436
0.0033728934541714575,Pride,Fear,0.01961669127470727
0.0033728934541714575,Pride,Happiness,0.3108863590416217
0.0033728934541714575,Pride,Joy,0.09166623729523189
0.0033728934541714575,Pride,Pride,0.2624850964316599
0.0033728934541714575,Pride,Sadness,0.052856102581104104
0.0033728934541714575,Pride,Shame,0.20501288792944058
0.0033728934541714575,Sadness,Boredom,0.017978074060913122
0.0033728934541714575,Sadness,Fear,0.6368284938269483
0.0033728934541714575,Sadness,Happiness,0.027023879377560688
0.0033728934541714575,Sadness,Joy,0.05611574579154445
0.0033728934541714575,Sadness,Pride,0.05252216116775401
0.0033728934541714575,Sadness,Sadness,0.0746693553641188
0.0033728934541714575,Sadness,Shame,0.13486229041116068
0.0033728934541714575,Shame,Boredom,0.04042456942602751
0.0033728934541714575,Shame,Fear,0.0250246387383546
0.0033728934541714575,Shame,Happiness,0.2225055288719381
0.0033728934541714575,Shame,Joy,0.17814561236576573
0.0033728934541714575,Shame,Pride,0.24938182597527392
0.0033728934541714575,Shame,Sadness,0.0403623319979448
0.0033728934541714575,Shame,Shame,0.2441554926246955
0.0031781462310671808,Boredom,Boredom,0.3902779380437016
0.0031781462310671808,Boredom,Fear,0.0344701550643597
0.0031781462310671808,Boredom,Happiness,0.1604146851590577
0.0031781462310671808,Boredom,Joy,0.1692720870812982
0.0031781462310671808,Boredom,Pride,0.090604874660466
0.0031781462310671808,Boredom,Sadness,0.011687168771155712
0.0031781462310671808,Boredom,Shame,0.1432730912199609
0.0031781462310671808,Fear,Boredom,0.007486476885504466
0.0031781462310671808,Fear,Fear,0.5197180804165609
0.0031781462310671808,Fear,Happiness,0.016030119084650664
0.0031781462310671808,Fear,Joy,0.05871227864181737
0.0031781462310671808,Fear,Pride,0.029909923035901394
0.0031781462310671808,Fear,Sadness,0.20658570607603532
0.0031781462310671808,Fear,Shame,0.1615574158595302
0.0031781462310671808,Happiness,Boredom,0.4406099595243028
0.0031781462310671808,Happiness,Fear,0.007894604428508426
0.0031781462310671808,Happiness,Happiness,0.3524807731184352
0.0031781462310671808,Happiness,Joy,0.03381594355197422
0.0031781462310671808,Happiness,Pride,0.0830580444571706
0.0031781462310671808,Happiness,Sadness,0.011141769753104526
0.0031781462310671808,Happiness,Shame,0.07099890516650423
0.0031781462310671808,Joy,Boredom,0.008933259520325377
0.0031781462310671808,Joy,Fear,0.07398185813667109
0.0031781462310671808,Joy,Happiness,0.06271246348170019
0.0031781462310671808,Joy,Joy,0.3078261920196865
0.0031781462310671808,Joy,Pride,0.2654967585344181
0.0031781462310671808,Joy,Sadness,0.050344402253272226
0.0031781462310671808,Joy,Shame,0.2307050660539264
0.0031781462310671808,Pride,Boredom,0.05009490038338465
0.0031781462310671808,Pride,Fear,0.015930231164418527
0.0031781462310671808,Pride,Happiness,0.26998019822240077
0.0031781462310671808,Pride,Joy,0.1159528182185184
0.0031781462310671808,Pride,Pride,0.2622112574198466
0.0031781462310671808,Pride,Sadness,0.04845729952595006
0.0031781462310671808,Pride,Shame,0.23737329506548122
0.0031781462310671808,Sadness,Boredom,0.022048354346317217
0.0031781462310671808,Sadness,Fear,0.47606861663449795
0.0031781462310671808,Sadness,Happiness,0.03772691355356861
0.0031781462310671808,Sadness,Joy,0.08344623331186254
0.0031781462310671808,Sadness,Pride,0.0803376154398649
0.0031781462310671808,Sadness,Sadness,0.09847893237081275
0.0031781462310671808,Sadness,Shame,0.2018933343430762
0.0031781462310671808,Shame,Boredom,0.0345844968417653
0.0031781462310671808,Shame,Fear,0.020201979588209115
0.0031781462310671808,Shame,Happiness,0.1793772994900503
0.0031781462310671808,Shame,Joy,0.20744310947816663
0.0031781462310671808,Shame,Pride,0.2526308632446859
0.0031781462310671808,Shame,Sadness,0.037133139792689014
0.0031781462310671808,Shame,Shame,0.26862911156443364
0.0031394252984755203,Boredom,Boredom,0.4251005064500731
0.0031394252984755203,Boredom,Fear,0.03351300369335429
0.0031394252984755203,Boredom,Happiness,0.1937809133143243
0.0031394252984755203,Boredom,Joy,0.1580776782314126
0.0031394252984755203,Boredom,Pride,0.08071814518553624
0.0031394252984755203,Boredom,Sadness,0.0093736955248461
0.0031394252984755203,Boredom,Shame,0.09943605760045329
0.0031394252984755203,Fear,Boredom,0.005998013160758824
0.0031394252984755203,Fear,Fear,0.6164830252455166
0.0031394252984755203,Fear,Happiness,0.013891921679325035
0.0031394252984755203,Fear,Joy,0.04659120327677917
0.0031394252984755203,Fear,Pride,0.021613989018115815
0.0031394252984755203,Fear,Sadness,0.17779804414233116
0.0031394252984755203,Fear,Shame,0.1176238034771734
0.0031394252984755203,Happiness,Boredom,0.4780826939330983
0.0031394252984755203,Happiness,Fear,0.0063569375784981235
0.0031394252984755203,Happiness,Happiness,0.35571899403001817
0.0031394252984755203,Happiness,Joy,0.02674136134580901
0.0031394252984755203,Happiness,Pride,0.07149067191886799
0.0031394252984755203,Happiness,Sadness,0.008632938485060028
0.0031394252984755203,Happiness,Shame,0.05297640270864793
0.0031394252984755203,Joy,Boredom,0.011236607430544287
0.0031394252984755203,Joy,Fear,0.0758129981708792
0.0031394252984755203,Joy,Happiness,0.07878675326935158
0.0031394252984755203,Joy,Joy,0.3274565034001536
0.0031394252984755203,Joy,Pride,0.262274767498628
0.0031394252984755203,Joy,Sadness,0.05153527808039581
0.0031394252984755203,Joy,Shame,0.19289709215004752
0.0031394252984755203,Pride,Boredom,0.0574715781920249
0.0031394252984755203,Pride,Fear,0.020152657772781194
0.0031394252984755203,Pride,Happiness,0.3014256105650779
0.0031394252984755203,Pride,Joy,0.11113105077501044
0.0031394252984755203,Pride,Pride,0.2582404752553018
0.0031394252984755203,Pride,Sadness,0.05143753531494888
0.0031394252984755203,Pride,Shame,0.20014109212485495
0.0031394252984755203,Sadness,Boredom,0.019235836452580105
0.0031394252984755203,Sadness,Fear,0.5807115168179836
0.0031394252984755203,Sadness,Happiness,0.034944265185882485
0.0031394252984755203,Sadness,Joy,0.06677006170311706
0.0031394252984755203,Sadness,Pride,0.06150161806309147
0.0031394252984755203,Sadness,Sadness,0.08606413402008495
0.0031394252984755203,Sadness,Shame,0.15077256775726003
0.0031394252984755203,Shame,Boredom,0.040911525608308415
0.0031394252984755203,Shame,Fear,0.025588599131050754
0.0031394252984755203,Shame,Happiness,0.219595722933759
0.0031394252984755203,Shame,Joy,0.19244604985718708
0.0031394252984755203,Shame,Pride,0.24843430819954973
0.0031394252984755203,Shame,Sadness,0.03942607880279564
0.0031394252984755203,Shame,Shame,0.23359771546734953
0.0031502007957132953,Boredom,Boredom,0.39061980837097365
0.0031502007957132953,Boredom,Fear,0.03449629321741457
0.0031502007957132953,Boredom,Happiness,0.15898608384638402
0.0031502007957132953,Boredom,Joy,0.16646946259086792
0.0031502007957132953,Boredom,Pride,0.09127337245687735
0.0031502007957132953,Boredom,Sadness,0.011648771599829013
0.0031502007957132953,Boredom,Shame,0.1465062079176535
0.0031502007957132953,Fear,Boredom,0.00740038807392221
0.0031502007957132953,Fear,Fear,0.5196203020241209
0.0031502007957132953,Fear,Happiness,0.01554139222383149
0.0031502007957132953,Fear,Joy,0.05834496653224302
0.0031502007957132953,Fear,Pride,0.03045526365448586
0.0031502007957132953,Fear,Sadness,0.2054464026171515
0.0031502007957132953,Fear,Shame,0.1631912848742445
0.0031502007957132953,Happiness,Boredom,0.4375544715182744
0.0031502007957132953,Happiness,Fear,0.007660286677760168
0.0031502007957132953,Happiness,Happiness,0.3566912579999774
0.0031502007957132953,Happiness,Joy,0.03353961868882538
0.0031502007957132953,Happiness,Pride,0.08304979537612335
0.0031502007957132953,Happiness,Sadness,0.01091070519017472
0.0031502007957132953,Happiness,Shame,0.07059386454886495
0.0031502007957132953,Joy,Boredom,0.008685034366763664
0.0031502007957132953,Joy,Fear,0.07423440673868742
0.0031502007957132953,Joy,Happiness,0.06238699126032145
0.0031502007957132953,Joy,Joy,0.30430197942280696
0.0031502007957132953,Joy,Pride,0.26574085720062657
0.0031502007957132953,Joy,Sadness,0.05047461806367997
0.0031502007957132953,Joy,Shame,0.23417611294711405
0.0031502007957132953,Pride,Boredom,0.048617816407388985
0.0031502007957132953,Pride,Fear,0.015408531550349457
0.0031502007957132953,Pride,Happiness,0.26866132750233157
0.0031502007957132953,Pride,Joy,0.11490941273206154
0.0031502007957132953,Pride,Pride,0.2633700918662797
0.0031502007957132953,Pride,Sadness,0.048346507270622945
0.0031502007957132953,Pride,Shame,0.24068631267096588
0.0031502007957132953,Sadness,Boredom,0.021584059805138906
0.0031502007957132953,Sadness,Fear,0.4738463265673493
0.0031502007957132953,Sadness,Happiness,0.03728295037151201
0.0031502007957132953,Sadness,Joy,0.08301113318975145
0.0031502007957132953,Sadness,Pride,0.08040827948525614
0.0031502007957132953,Sadness,Sadness,0.09944342826783364
0.0031502007957132953,Sadness,Shame,0.20442382231315853
0.0031502007957132953,Shame,Boredom,0.03379009588971615
0.0031502007957132953,Shame,Fear,0.019610328055226875
0.0031502007957132953,Shame,Happiness,0.17577543927684433
0.0031502007957132953,Shame,Joy,0.2049987516268389
0.0031502007957132953,Shame,Pride,0.2541082743310797
0.0031502007957132953,Shame,Sadness,0.0367540683578909
0.0031502007957132953,Shame,Shame,0.27496304246240266
0.003275279886958532,Boredom,Boredom,0.4218207925015586
0.003275279886958532,Boredom,Fear,0.035454469313492394
0.003275279886958532,Boredom,Happiness,0.1277619052207759
0.003275279886958532,Boredom,Joy,0.17663091423317365
0.003275279886958532,Boredom,Pride,0.09794620221994636
0.003275279886958532,Boredom,Sadness,0.012037185213722408
0.003275279886958532,Boredom,Shame,0.1283485312973306
0.003275279886958532,Fear,Boredom,0.006344648012461195
0.003275279886958532,Fear,Fear,0.5699939614354244
0.003275279886958532,Fear,Happiness,0.01038775331503389
0.003275279886958532,Fear,Joy,0.050438107524553424
0.003275279886958532,Fear,Pride,0.02910205997245767
0.003275279886958532,Fear,Sadness,0.18348243592900307
0.003275279886958532,Fear,Shame,0.15025103381106625
0.003275279886958532,Happiness,Boredom,0.4356959481179476
0.003275279886958532,Happiness,Fear,0.006229469754171564
0.003275279886958532,Happiness,Happiness,0.3791759265399881
0.003275279886958532,Happiness,Joy,0.02617952140471562
0.003275279886958532,Happiness,Pride,0.08147904553586433
0.003275279886958532,Happiness,Sadness,0.008709214080935675
0.003275279886958532,Happiness,Shame,0.06253087456637711
0.003275279886958532,Joy,Boredom,0.007641102455376307
0.003275279886958532,Joy,Fear,0.07084693330935805
0.003275279886958532,Joy,Happiness,0.050083759864926226
0.003275279886958532,Joy,Joy,0.3015219580244225
0.003275279886958532,Joy,Pride,0.27023654631641497
0.003275279886958532,Joy,Sadness,0.04623569991037718
0.003275279886958532,Joy,Shame,0.25343400011912437
0.003275279886958532,Pride,Boredom,0.04561653707005138
0.003275279886958532,Pride,Fear,0.013790961765114813
0.003275279886958532,Pride,Happiness,0.27983774147063506
0.003275279886958532,Pride,Joy,0.0823627200674455
0.003275279886958532,Pride,Pride,0.27253729453173725
0.003275279886958532,Pride,Sadness,0.04579772155308893
0.003275279886958532,Pride,Shame,0.2600570235419273
0.003275279886958532,Sadness,Boredom,0.02013160949918254
0.003275279886958532,Sadness,Fear,0.5127390863986806
0.003275279886958532,Sadness,Happiness,0.030509414820962255
0.003275279886958532,Sadness,Joy,0.0748380627187254
0.003275279886958532,Sadness,Pride,0.07455206427219443
0.003275279886958532,Sadness,Sadness,0.08573014031934592
0.003275279886958532,Sadness,Shame,0.20149962197090884
0.003275279886958532,Shame,Boredom,0.031262217721700424
0.003275279886958532,Shame,Fear,0.017417950272074184
0.003275279886958532,Shame,Happiness,0.18194253069156482
0.003275279886958532,Shame,Joy,0.1685287944906341
0.003275279886958532,Shame,Pride,0.2602262504878256
0.003275279886958532,Shame,Sadness,0.03183221483578556
0.003275279886958532,Shame,Shame,0.3087900415004152
0.0032516815952112425,Boredom,Boredom,0.4155540802254164
0.0032516815952112425,Boredom,Fear,0.03560956260360598
0.0032516815952112425,Boredom,Happiness,0.1914879256715786
0.0032516815952112425,Boredom,Joy,0.16264402914908285
0.0032516815952112425,Boredom,Pride,0.08303751027448322
0.0032516815952112425,Boredom,Sadness,0.01044683458389893
0.0032516815952112425,Boredom,Shame,0.1012200574919337
0.0032516815952112425,Fear,Boredom,0.0059894550034057465
0.0032516815952112425,Fear,Fear,0.6158557512766936
0.0032516815952112425,Fear,Happiness,0.013978599254267157
0.0032516815952112425,Fear,Joy,0.04663152031485143
0.0032516815952112425,Fear,Pride,0.021448558958594516
0.0032516815952112425,Fear,Sadness,0.1769004289243065
0.0032516815952112425,Fear,Shame,0.11919568626788124
0.0032516815952112425,Happiness,Boredom,0.47595625720342305
0.0032516815952112425,Happiness,Fear,0.00697070323760017
0.0032516815952112425,Happiness,Happiness,0.35233742592345885
0.0032516815952112425,Happiness,Joy,0.02681371409684051
0.0032516815952112425,Happiness,Pride,0.07297480807141424
0.0032516815952112425,Happiness,Sadness,0.009647795585407948
0.0032516815952112425,Happiness,Shame,0.0552992958818555
0.0032516815952112425,Joy,Boredom,0.010677574830839955
0.0032516815952112425,Joy,Fear,0.0981156547390547
0.0032516815952112425,Joy,Happiness,0.07362290535037525
0.0032516815952112425,Joy,Joy,0.3219419357792513
0.0032516815952112425,Joy,Pride,0.25433980711122595
0.0032516815952112425,Joy,Sadness,0.05284433625806351
0.0032516815952112425,Joy,Shame,0.18845778593118914
0.0032516815952112425,Pride,Boredom,0.0544647551562572
0.0032516815952112425,Pride,Fear,0.021256177495902674
0.0032516815952112425,Pride,Happiness,0.3007671024858607
0.0032516815952112425,Pride,Joy,0.10884695043805585
0.0032516815952112425,Pride,Pride,0.2601417897597135
0.0032516815952112425,Pride,Sadness,0.05326423821238112
0.0032516815952112425,Pride,Shame,0.2012589864518286
0.0032516815952112425,Sadness,Boredom,0.017473402221940656
0.0032516815952112425,Sadness,Fear,0.5781218087835772
0.0032516815952112425,Sadness,Happiness,0.03372082751190116
0.0032516815952112425,Sadness,Joy,0.06640895480143658
0.0032516815952112425,Sadness,Pride,0.06227853218215043
0.0032516815952112425,Sadness,Sadness,0.09185891617394623
0.0032516815952112425,Sadness,Shame,0.15013755832504766
0.0032516815952112425,Shame,Boredom,0.03831473535503059
0.0032516815952112425,Shame,Fear,0.026735028949152015
0.0032516815952112425,Shame,Happiness,0.22164483367260746
0.0032516815952112425,Shame,Joy,0.19304372406008422
0.0032516815952112425,Shame,Pride,0.24922240936190798
0.0032516815952112425,Shame,Sadness,0.04277301717122564
0.0032516815952112425,Shame,Shame,0.22826625142999218
0.0032583692056952713,Boredom,Boredom,0.4127600483864445
0.0032583692056952713,Boredom,Fear,0.03555828259218223
0.0032583692056952713,Boredom,Happiness,0.19343585763226126
0.0032583692056952713,Boredom,Joy,0.16236805991831307
0.0032583692056952713,Boredom,Pride,0.08365810398488294
0.0032583692056952713,Boredom,Sadness,0.010797194185456788
0.0032583692056952713,Boredom,Shame,0.10142245330045907
0.0032583692056952713,Fear,Boredom,0.006155519799346702
0.0032583692056952713,Fear,Fear,0.6008412625960216
0.0032583692056952713,Fear,Happiness,0.015279227776676459
0.0032583692056952713,Fear,Joy,0.048968831866732364
0.0032583692056952713,Fear,Pride,0.02255468381248778
0.0032583692056952713,Fear,Sadness,0.18336303210474064
0.0032583692056952713,Fear,Shame,0.12283744204399402
0.0032583692056952713,Happiness,Boredom,0.47479626846237677
0.0032583692056952713,Happiness,Fear,0.007684541632966644
0.0032583692056952713,Happiness,Happiness,0.3457715278615612
0.0032583692056952713,Happiness,Joy,0.028643209496559546
0.0032583692056952713,Happiness,Pride,0.07438906124918009
0.0032583692056952713,Happiness,Sadness,0.010340598255621454
0.0032583692056952713,Happiness,Shame,0.05837479304173417
0.0032583692056952713,Joy,Boredom,0.010952722088534008
0.0032583692056952713,Joy,Fear,0.09703978154722123
0.0032583692056952713,Joy,Happiness,0.07540256669662036
0.0032583692056952713,Joy,Joy,0.31986366625121343
0.0032583692056952713,Joy,Pride,0.2554514092013805
0.0032583692056952713,Joy,Sadness,0.05317788467838185
0.0032583692056952713,Joy,Shame,0.1881119695366483
0.0032583692056952713,Pride,Boredom,0.057265654553565776
0.0032583692056952713,Pride,Fear,0.021906593652123302
0.0032583692056952713,Pride,Happiness,0.29605832890105993
0.0032583692056952713,Pride,Joy,0.11169807085665502
0.0032583692056952713,Pride,Pride,0.2587221384996805
0.0032583692056952713,Pride,Sadness,0.053732631240675906
0.0032583692056952713,Pride,Shame,0.20061658229623947
0.0032583692056952713,Sadness,Boredom,0.018729304056529263
0.0032583692056952713,Sadness,Fear,0.566539557977147
0.0032583692056952713,Sadness,Happiness,0.03554013056470355
0.0032583692056952713,Sadness,Joy,0.06899476936580995
0.0032583692056952713,Sadness,Pride,0.06459195391657109
0.0032583692056952713,Sadness,Sadness,0.092110313774603
0.0032583692056952713,Sadness,Shame,0.15349397034463638
0.0032583692056952713,Shame,Boredom,0.0401838776623128
0.0032583692056952713,Shame,Fear,0.027133588791278748
0.0032583692056952713,Shame,Happiness,0.22216605205183296
0.0032583692056952713,Shame,Joy,0.19624646065502416
0.0032583692056952713,Shame,Pride,0.24838385530353185
0.0032583692056952713,Shame,Sadness,0.04249303130069155
0.0032583692056952713,Shame,Shame,0.22339313423532786
0.003260927290540893,Boredom,Boredom,0.4195399079606795
0.003260927290540893,Boredom,Fear,0.0338401454833181
0.003260927290540893,Boredom,Happiness,0.13103206854203187
0.003260927290540893,Boredom,Joy,0.1722576674664265
0.003260927290540893,Boredom,Pride,0.09591931323633512
0.003260927290540893,Boredom,Sadness,0.009817473830168604
0.003260927290540893,Boredom,Shame,0.13759342348103998
0.003260927290540893,Fear,Boredom,0.004327775671896591
0.003260927290540893,Fear,Fear,0.6840717545137416
0.003260927290540893,Fear,Happiness,0.00601935445969521
0.003260927290540893,Fear,Joy,0.03513914775753178
0.003260927290540893,Fear,Pride,0.020034516761341117
0.003260927290540893,Fear,Sadness,0.1267511255690993
0.003260927290540893,Fear,Shame,0.12365632526669404
0.003260927290540893,Happiness,Boredom,0.42014107130901746
0.003260927290540893,Happiness,Fear,0.004870342885084871
0.003260927290540893,Happiness,Happiness,0.41385682546365365
0.003260927290540893,Happiness,Joy,0.022833256747794177
0.003260927290540893,Happiness,Pride,0.0791127460431775
0.003260927290540893,Happiness,Sadness,0.007191082990940708
0.003260927290540893,Happiness,Shame,0.05199467456033133
0.003260927290540893,Joy,Boredom,0.005905358254491245
0.003260927290540893,Joy,Fear,0.08940992116464994
0.003260927290540893,Joy,Happiness,0.043312137118137736
0.003260927290540893,Joy,Joy,0.2892062747040929
0.003260927290540893,Joy,Pride,0.268760428178451
0.003260927290540893,Joy,Sadness,0.04287003512005786
0.003260927290540893,Joy,Shame,0.26053584546011954
0.003260927290540893,Pride,Boredom,0.04225332225275502
0.003260927290540893,Pride,Fear,0.009546292488201444
0.003260927290540893,Pride,Happiness,0.2897874228732203
0.003260927290540893,Pride,Joy,0.08270593085184152
0.003260927290540893,Pride,Pride,0.2718078190962081
0.003260927290540893,Pride,Sadness,0.04328806948748807
0.003260927290540893,Pride,Shame,0.26061114295028565
0.003260927290540893,Sadness,Boredom,0.01598815030207305
0.003260927290540893,Sadness,Fear,0.5971900834284658
0.003260927290540893,Sadness,Happiness,0.022248109616921988
0.003260927290540893,Sadness,Joy,0.05807702469632672
0.003260927290540893,Sadness,Pride,0.05807851096278071
0.003260927290540893,Sadness,Sadness,0.06561977006932314
0.003260927290540893,Sadness,Shame,0.1827983509241084
0.003260927290540893,Shame,Boredom,0.027344239677773826
0.003260927290540893,Shame,Fear,0.012568497471276415
0.003260927290540893,Shame,Happiness,0.15445848023358918
0.003260927290540893,Shame,Joy,0.17960806739702026
0.003260927290540893,Shame,Pride,0.26338647464449083
0.003260927290540893,Shame,Sadness,0.031130976063894058
0.003260927290540893,Shame,Shame,0.3315032645119556
0.003502874708297481,Boredom,Boredom,0.46224091096961784
0.003502874708297481,Boredom,Fear,0.03340896251315734
0.003502874708297481,Boredom,Happiness,0.1150629248671006
0.003502874708297481,Boredom,Joy,0.18691968065297124
0.003502874708297481,Boredom,Pride,0.09107628468038888
0.003502874708297481,Boredom,Sadness,0.00849249295334933
0.003502874708297481,Boredom,Shame,0.10279874336341444
0.003502874708297481,Fear,Boredom,0.003289573648067625
0.003502874708297481,Fear,Fear,0.8041578535666563
0.003502874708297481,Fear,Happiness,0.003714681487738665
0.003502874708297481,Fear,Joy,0.022104565492989607
0.003502874708297481,Fear,Pride,0.01295745897674188
0.003502874708297481,Fear,Sadness,0.10303658119480286
0.003502874708297481,Fear,Shame,0.050739285633002874
0.003502874708297481,Happiness,Boredom,0.488122672023854
0.003502874708297481,Happiness,Fear,0.003051421144469438
0.003502874708297481,Happiness,Happiness,0.3933638048186832
0.003502874708297481,Happiness,Joy,0.016335362294608715
0.003502874708297481,Happiness,Pride,0.06292674780918492
0.003502874708297481,Happiness,Sadness,0.004234979817971924
0.003502874708297481,Happiness,Shame,0.03196501209122744
0.003502874708297481,Joy,Boredom,0.008277383586927211
0.003502874708297481,Joy,Fear,0.09739535231682359
0.003502874708297481,Joy,Happiness,0.05529103210015656
0.003502874708297481,Joy,Joy,0.3280660842706815
0.003502874708297481,Joy,Pride,0.2602954642017719
0.003502874708297481,Joy,Sadness,0.04139651553072727
0.003502874708297481,Joy,Shame,0.20927816799291163
0.003502874708297481,Pride,Boredom,0.05851718104591075
0.003502874708297481,Pride,Fear,0.012231808861688289
0.003502874708297481,Pride,Happiness,0.33428967269755383
0.003502874708297481,Pride,Joy,0.0814562810970654
0.003502874708297481,Pride,Pride,0.26067878584403625
0.003502874708297481,Pride,Sadness,0.04491597598562341
0.003502874708297481,Pride,Shame,0.20791029446812165
0.003502874708297481,Sadness,Boredom,0.015556003759555459
0.003502874708297481,Sadness,Fear,0.7531256074661182
0.003502874708297481,Sadness,Happiness,0.020001134037710963
0.003502874708297481,Sadness,Joy,0.0357176102576237
0.003502874708297481,Sadness,Pride,0.037769213829582024
0.003502874708297481,Sadness,Sadness,0.04678342349759251
0.003502874708297481,Sadness,Shame,0.09104700715181688
0.003502874708297481,Shame,Boredom,0.03894257740740971
0.003502874708297481,Shame,Fear,0.01866108553061523
0.003502874708297481,Shame,Happiness,0.21941705977075113
0.003502874708297481,Shame,Joy,0.13047246492013667
0.003502874708297481,Shame,Pride,0.2629648811863828
0.003502874708297481,Shame,Sadness,0.029859641132139316
0.003502874708297481,Shame,Shame,0.299682290052565
0.003142524237187679,Boredom,Boredom,0.3903254477083612
0.003142524237187679,Boredom,Fear,0.03446656969292034
0.003142524237187679,Boredom,Happiness,0.158628177773648
0.003142524237187679,Boredom,Joy,0.16730219741311214
0.003142524237187679,Boredom,Pride,0.09087166776594571
0.003142524237187679,Boredom,Sadness,0.011606997096529917
0.003142524237187679,Boredom,Shame,0.1467989425494825
0.003142524237187679,Fear,Boredom,0.00749326343018657
0.003142524237187679,Fear,Fear,0.5166541716814577
0.003142524237187679,Fear,Happiness,0.01562609487467049
0.003142524237187679,Fear,Joy,0.0588794882621557
0.003142524237187679,Fear,Pride,0.030273127447993372
0.003142524237187679,Fear,Sadness,0.20593083873181073
0.003142524237187679,Fear,Shame,0.16514301557172584
0.003142524237187679,Happiness,Boredom,0.4380641812974062
0.003142524237187679,Happiness,Fear,0.007696853082989725
0.003142524237187679,Happiness,Happiness,0.3567378330196014
0.003142524237187679,Happiness,Joy,0.03369334768932363
0.003142524237187679,Happiness,Pride,0.0829209411283872
0.003142524237187679,Happiness,Sadness,0.010835436239606176
0.003142524237187679,Happiness,Shame,0.07005140754268553
0.003142524237187679,Joy,Boredom,0.008764293526841372
0.003142524237187679,Joy,Fear,0.07268301999267131
0.003142524237187679,Joy,Happiness,0.062319697983232086
0.003142524237187679,Joy,Joy,0.30532456616293596
0.003142524237187679,Joy,Pride,0.2660815353991716
0.003142524237187679,Joy,Sadness,0.05020953697303462
0.003142524237187679,Joy,Shame,0.2346173499621126
0.003142524237187679,Pride,Boredom,0.04940347161368557
0.003142524237187679,Pride,Fear,0.015621045892939781
0.003142524237187679,Pride,Happiness,0.26844456186035326
0.003142524237187679,Pride,Joy,0.1159381239527537
0.003142524237187679,Pride,Pride,0.2627553905977531
0.003142524237187679,Pride,Sadness,0.047898547987128295
0.003142524237187679,Pride,Shame,0.23993885809538595
0.003142524237187679,Sadness,Boredom,0.022006009588979504
0.003142524237187679,Sadness,Fear,0.47148142353330735
0.003142524237187679,Sadness,Happiness,0.037293033876310264
0.003142524237187679,Sadness,Joy,0.0835265813829502
0.003142524237187679,Sadness,Pride,0.08076640603403701
0.003142524237187679,Sadness,Sadness,0.09931459530880986
0.003142524237187679,Sadness,Shame,0.20561195027560594
0.003142524237187679,Shame,Boredom,0.03435200522004038
0.003142524237187679,Shame,Fear,0.019950517399659532
0.003142524237187679,Shame,Happiness,0.17508554877316737
0.003142524237187679,Shame,Joy,0.20585299051789163
0.003142524237187679,Shame,Pride,0.2536905933063186
0.003142524237187679,Shame,Sadness,0.036460735780206706
0.003142524237187679,Shame,Shame,0.2746076090027153
0.0031275579385320025,Boredom,Boredom,0.3961495632210615
0.0031275579385320025,Boredom,Fear,0.03461499045052191
0.0031275579385320025,Boredom,Happiness,0.16182606270067199
0.0031275579385320025,Boredom,Joy,0.16709584649031667
0.0031275579385320025,Boredom,Pride,0.09072879758471636
0.0031275579385320025,Boredom,Sadness,0.012181957996044606
0.0031275579385320025,Boredom,Shame,0.137402781556667
0.0031275579385320025,Fear,Boredom,0.007851716720983252
0.0031275579385320025,Fear,Fear,0.504183731228377
0.0031275579385320025,Fear,Happiness,0.01676012275380386
0.0031275579385320025,Fear,Joy,0.060731134547902
0.0031275579385320025,Fear,Pride,0.031411711837316725
0.0031275579385320025,Fear,Sadness,0.2104985453750698
0.0031275579385320025,Fear,Shame,0.16856303753654744
0.0031275579385320025,Happiness,Boredom,0.43812249973388284
0.0031275579385320025,Happiness,Fear,0.008164273286337002
0.0031275579385320025,Happiness,Happiness,0.3527294114337887
0.0031275579385320025,Happiness,Joy,0.03550212821828264
0.0031275579385320025,Happiness,Pride,0.08319651759946191
0.0031275579385320025,Happiness,Sadness,0.011355639243415186
0.0031275579385320025,Happiness,Shame,0.07092953048483155
0.0031275579385320025,Joy,Boredom,0.009105311083919083
0.0031275579385320025,Joy,Fear,0.07127447022196473
0.0031275579385320025,Joy,Happiness,0.06420372634155563
0.0031275579385320025,Joy,Joy,0.30731267106487337
0.0031275579385320025,Joy,Pride,0.2671760370161139
0.0031275579385320025,Joy,Sadness,0.050994796091112723
0.0031275579385320025,Joy,Shame,0.2299329881804603
0.0031275579385320025,Pride,Boredom,0.04827417870358383
0.0031275579385320025,Pride,Fear,0.016722096860102627
0.0031275579385320025,Pride,Happiness,0.2671503046355386
0.0031275579385320025,Pride,Joy,0.12008300318945186
0.0031275579385320025,Pride,Pride,0.26328421373914496
0.0031275579385320025,Pride,Sadness,0.04893913381867817
0.0031275579385320025,Pride,Shame,0.23554706905349976
0.0031275579385320025,Sadness,Boredom,0.021924704300864246
0.0031275579385320025,Sadness,Fear,0.4653074975373444
0.0031275579385320025,Sadness,Happiness,0.038756402185217885
0.0031275579385320025,Sadness,Joy,0.08566280735448921
0.0031275579385320025,Sadness,Pride,0.08228202277569775
0.0031275579385320025,Sadness,Sadness,0.09944675206697458
0.0031275579385320025,Sadness,Shame,0.20661981377941202
0.0031275579385320025,Shame,Boredom,0.034448428489203424
0.0031275579385320025,Shame,Fear,0.021164323562763206
0.0031275579385320025,Shame,Happiness,0.17693902925810273
0.0031275579385320025,Shame,Joy,0.20895878849767516
0.0031275579385320025,Shame,Pride,0.254076721193677
0.0031275579385320025,Shame,Sadness,0.0379219350022853
0.0031275579385320025,Shame,Shame,0.266490773996293
0.0030849151571022498,Boredom,Boredom,0.4060733506492148
0.0030849151571022498,Boredom,Fear,0.03363771967460199
0.0030849151571022498,Boredom,Happiness,0.1965676404579623
0.0030849151571022498,Boredom,Joy,0.15684616022865605
0.0030849151571022498,Boredom,Pride,0.08211217147805186
0.0030849151571022498,Boredom,Sadness,0.010469150473416107
0.0030849151571022498,Boredom,Shame,0.11429380703809705
0.0030849151571022498,Fear,Boredom,0.006802513646477687
0.0030849151571022498,Fear,Fear,0.5851828144901381
0.0030849151571022498,Fear,Happiness,0.0167132944036104
0.0030849151571022498,Fear,Joy,0.04987011612255148
0.0030849151571022498,Fear,Pride,0.022945219751269633
0.0030849151571022498,Fear,Sadness,0.19223206194721718
0.0030849151571022498,Fear,Shame,0.12625397963873594
0.0030849151571022498,Happiness,Boredom,0.47461531442407373
0.0030849151571022498,Happiness,Fear,0.007377530700086336
0.0030849151571022498,Happiness,Happiness,0.34522490695154184
0.0030849151571022498,Happiness,Joy,0.031167318534092006
0.0030849151571022498,Happiness,Pride,0.07352329807287131
0.0030849151571022498,Happiness,Sadness,0.009955918741636184
0.0030849151571022498,Happiness,Shame,0.058135712575698446
0.0030849151571022498,Joy,Boredom,0.011620427032243627
0.0030849151571022498,Joy,Fear,0.08747295757006317
0.0030849151571022498,Joy,Happiness,0.08229671033138185
0.0030849151571022498,Joy,Joy,0.31637638420408576
0.0030849151571022498,Joy,Pride,0.2588401125724975
0.0030849151571022498,Joy,Sadness,0.053610230044481136
0.0030849151571022498,Joy,Shame,0.18978317824524707
0.0030849151571022498,Pride,Boredom,0.06507806589341601
0.0030849151571022498,Pride,Fear,0.020791112734843534
0.0030849151571022498,Pride,Happiness,0.291744300040541
0.0030849151571022498,Pride,Joy,0.11832408408338353
0.0030849151571022498,Pride,Pride,0.25413555959232914
0.0030849151571022498,Pride,Sadness,0.05241224849764488
0.0030849151571022498,Pride,Shame,0.19751462915784224
0.0030849151571022498,Sadness,Boredom,0.02115633711474242
0.0030849151571022498,Sadness,Fear,0.5494589945425231
0.0030849151571022498,Sadness,Happiness,0.038036006702616205
0.0030849151571022498,Sadness,Joy,0.07112705096384284
0.0030849151571022498,Sadness,Pride,0.06660995710185126
0.0030849151571022498,Sadness,Sadness,0.09751859928649126
0.0030849151571022498,Sadness,Shame,0.15609305428793285
0.0030849151571022498,Shame,Boredom,0.04145941501863825
0.0030849151571022498,Shame,Fear,0.026195582872515808
0.0030849151571022498,Shame,Happiness,0.22075198622542286
0.0030849151571022498,Shame,Joy,0.19867055979305745
0.0030849151571022498,Shame,Pride,0.2484490262003043
0.0030849151571022498,Shame,Sadness,0.04131967705207434
0.0030849151571022498,Shame,Shame,0.2231537528379868
0.003287112645354902,Boredom,Boredom,0.42755473099594726
0.003287112645354902,Boredom,Fear,0.03520453190202337
0.003287112645354902,Boredom,Happiness,0.15438733824927922
0.003287112645354902,Boredom,Joy,0.1752120418446502
0.003287112645354902,Boredom,Pride,0.08900325090474405
0.003287112645354902,Boredom,Sadness,0.009627234927670994
0.003287112645354902,Boredom,Shame,0.10901087117568442
0.003287112645354902,Fear,Boredom,0.004856816491272958
0.003287112645354902,Fear,Fear,0.6590521793610272
0.003287112645354902,Fear,Happiness,0.008538301348972804
0.003287112645354902,Fear,Joy,0.03991112654308008
0.003287112645354902,Fear,Pride,0.02088237936628269
0.003287112645354902,Fear,Sadness,0.150879410220206
0.003287112645354902,Fear,Shame,0.11587978666915885
0.003287112645354902,Happiness,Boredom,0.4587834292715685
0.003287112645354902,Happiness,Fear,0.00518015435785606
0.003287112645354902,Happiness,Happiness,0.38087883233285424
0.003287112645354902,Happiness,Joy,0.022704045409027512
0.003287112645354902,Happiness,Pride,0.07368388268771765
0.003287112645354902,Happiness,Sadness,0.007573687794623458
0.003287112645354902,Happiness,Shame,0.051195968146352695
0.003287112645354902,Joy,Boredom,0.007892924996663804
0.003287112645354902,Joy,Fear,0.10452293875533519
0.003287112645354902,Joy,Happiness,0.05380569617472409
0.003287112645354902,Joy,Joy,0.30964816019882657
0.003287112645354902,Joy,Pride,0.2569246490842817
0.003287112645354902,Joy,Sadness,0.04848899092513658
0.003287112645354902,Joy,Shame,0.21871663986503218
0.003287112645354902,Pride,Boredom,0.051699166054996276
0.003287112645354902,Pride,Fear,0.01524685693342526
0.003287112645354902,Pride,Happiness,0.3029752245243616
0.003287112645354902,Pride,Joy,0.0886972947774593
0.003287112645354902,Pride,Pride,0.26530786467744416
0.003287112645354902,Pride,Sadness,0.04876031927659061
0.003287112645354902,Pride,Shame,0.22731327375572233
0.003287112645354902,Sadness,Boredom,0.018005845790913327
0.003287112645354902,Sadness,Fear,0.6020153624018241
0.003287112645354902,Sadness,Happiness,0.026888938591693185
0.003287112645354902,Sadness,Joy,0.06054472237960515
0.003287112645354902,Sadness,Pride,0.05780115338905488
0.003287112645354902,Sadness,Sadness,0.07465922909217282
0.003287112645354902,Sadness,Shame,0.1600847483547365
0.003287112645354902,Shame,Boredom,0.03504603489053878
0.003287112645354902,Shame,Fear,0.019724684139688902
0.003287112645354902,Shame,Happiness,0.19674649954373324
0.003287112645354902,Shame,Joy,0.18061578155682456
0.003287112645354902,Shame,Pride,0.25344620362193065
0.003287112645354902,Shame,Sadness,0.0356611175230088
0.003287112645354902,Shame,Shame,0.2787596787242747
0.003359660792790933,Boredom,Boredom,0.39912625586427114
0.003359660792790933,Boredom,Fear,0.034516838178957406
0.003359660792790933,Boredom,Happiness,0.12093690590696779
0.003359660792790933,Boredom,Joy,0.17647551483664414
0.003359660792790933,Boredom,Pride,0.10434488665059806
0.003359660792790933,Boredom,Sadness,0.011908821825457994
0.003359660792790933,Boredom,Shame,0.1526907767371034
0.003359660792790933,Fear,Boredom,0.0055299827068216525
0.003359660792790933,Fear,Fear,0.6075744336962131
0.003359660792790933,Fear,Happiness,0.008056259405276715
0.003359660792790933,Fear,Joy,0.04366336038308572
0.003359660792790933,Fear,Pride,0.026011411863966688
0.003359660792790933,Fear,Sadness,0.15696121290948795
0.003359660792790933,Fear,Shame,0.1522033390351486
0.003359660792790933,Happiness,Boredom,0.3926096889003579
0.003359660792790933,Happiness,Fear,0.006496690305932008
0.003359660792790933,Happiness,Happiness,0.4032833861904899
0.003359660792790933,Happiness,Joy,0.02850577337620619
0.003359660792790933,Happiness,Pride,0.08982121503971756
0.003359660792790933,Happiness,Sadness,0.009534779001416676
0.003359660792790933,Happiness,Shame,0.0697484671858799
0.003359660792790933,Joy,Boredom,0.005544844045977216
0.003359660792790933,Joy,Fear,0.07407616933453043
0.003359660792790933,Joy,Happiness,0.04337213296774425
0.003359660792790933,Joy,Joy,0.27569164686189573
0.003359660792790933,Joy,Pride,0.2751989549314861
0.003359660792790933,Joy,Sadness,0.04265828529974897
0.003359660792790933,Joy,Shame,0.2834579665586167
0.003359660792790933,Pride,Boredom,0.03869446025994091
0.003359660792790933,Pride,Fear,0.008958303808468583
0.003359660792790933,Pride,Happiness,0.2644362526705992
0.003359660792790933,Pride,Joy,0.07954208620302863
0.003359660792790933,Pride,Pride,0.277945208816959
0.003359660792790933,Pride,Sadness,0.04163275934804996
0.003359660792790933,Pride,Shame,0.2887909288929537
0.003359660792790933,Sadness,Boredom,0.0182459377459471
0.003359660792790933,Sadness,Fear,0.5205535835768567
0.003359660792790933,Sadness,Happiness,0.026052643835809738
0.003359660792790933,Sadness,Joy,0.0688036546118462
0.003359660792790933,Sadness,Pride,0.07175870967423224
0.003359660792790933,Sadness,Sadness,0.07910515104763968
0.003359660792790933,Sadness,Shame,0.21548031950766816
0.003359660792790933,Shame,Boredom,0.02542243138449653
0.003359660792790933,Shame,Fear,0.011169737821992173
0.003359660792790933,Shame,Happiness,0.14489062391701915
0.003359660792790933,Shame,Joy,0.17730768091952298
0.003359660792790933,Shame,Pride,0.26827526834394033
0.003359660792790933,Shame,Sadness,0.0287650691104405
0.003359660792790933,Shame,Shame,0.3441691885025881
0.003183885395998654,Boredom,Boredom,0.3976636370868036
0.003183885395998654,Boredom,Fear,0.035456906571762994
0.003183885395998654,Boredom,Happiness,0.16267382514527148
0.003183885395998654,Boredom,Joy,0.16812154763423504
0.003183885395998654,Boredom,Pride,0.09079405406680546
0.003183885395998654,Boredom,Sadness,0.012174197692134818
0.003183885395998654,Boredom,Shame,0.1331158318029864
0.003183885395998654,Fear,Boredom,0.00767243262277064
0.003183885395998654,Fear,Fear,0.5104622467448479
0.003183885395998654,Fear,Happiness,0.01668155599110225
0.003183885395998654,Fear,Joy,0.05994324566679108
0.003183885395998654,Fear,Pride,0.030744564282388955
0.003183885395998654,Fear,Sadness,0.21015981707621864
0.003183885395998654,Fear,Shame,0.1643361376158803
0.003183885395998654,Happiness,Boredom,0.4416545265214041
0.003183885395998654,Happiness,Fear,0.008203555176090655
0.003183885395998654,Happiness,Happiness,0.34963459683639114
0.003183885395998654,Happiness,Joy,0.03519499328517838
0.003183885395998654,Happiness,Pride,0.08290325673158523
0.003183885395998654,Happiness,Sadness,0.011438722554497809
0.003183885395998654,Happiness,Shame,0.07097034889485276
0.003183885395998654,Joy,Boredom,0.00883294398185814
0.003183885395998654,Joy,Fear,0.085736492448543
0.003183885395998654,Joy,Happiness,0.06290765491120469
0.003183885395998654,Joy,Joy,0.30514372564456654
0.003183885395998654,Joy,Pride,0.260032762153487
0.003183885395998654,Joy,Sadness,0.05111988874671015
0.003183885395998654,Joy,Shame,0.2262265321136304
0.003183885395998654,Pride,Boredom,0.04879769160533167
0.003183885395998654,Pride,Fear,0.016955541057924604
0.003183885395998654,Pride,Happiness,0.2684007079472057
0.003183885395998654,Pride,Joy,0.1195217630082358
0.003183885395998654,Pride,Pride,0.2623046516575265
0.003183885395998654,Pride,Sadness,0.049492235655725074
0.003183885395998654,Pride,Shame,0.234527409068051
0.003183885395998654,Sadness,Boredom,0.021742193601201925
0.003183885395998654,Sadness,Fear,0.47197477055883613
0.003183885395998654,Sadness,Happiness,0.038567296200910275
0.003183885395998654,Sadness,Joy,0.08519528412312524
0.003183885395998654,Sadness,Pride,0.08118029229039479
0.003183885395998654,Sadness,Sadness,0.09818063023450206
0.003183885395998654,Sadness,Shame,0.20315953299102954
0.003183885395998654,Shame,Boredom,0.03483672522970479
0.003183885395998654,Shame,Fear,0.02133406642149291
0.003183885395998654,Shame,Happiness,0.1791733827656219
0.003183885395998654,Shame,Joy,0.2103294294200038
0.003183885395998654,Shame,Pride,0.2524624303385433
0.003183885395998654,Shame,Sadness,0.038686758991303326
0.003183885395998654,Shame,Shame,0.26317720683333
0.0030811839315763993,Boredom,Boredom,0.39066452469783497
0.0030811839315763993,Boredom,Fear,0.03392432263821215
0.0030811839315763993,Boredom,Happiness,0.19874660139420341
0.0030811839315763993,Boredom,Joy,0.15857528440063784
0.0030811839315763993,Boredom,Pride,0.08449217360516866
0.0030811839315763993,Boredom,Sadness,0.011224301494684296
0.0030811839315763993,Boredom,Shame,0.12237279176925865
0.0030811839315763993,Fear,Boredom,0.007833225993372096
0.0030811839315763993,Fear,Fear,0.5671370093141602
0.0030811839315763993,Fear,Happiness,0.01812532863838332
0.0030811839315763993,Fear,Joy,0.05135196601983217
0.0030811839315763993,Fear,Pride,0.023802731255712667
0.0030811839315763993,Fear,Sadness,0.20007297133563098
0.0030811839315763993,Fear,Shame,0.13167676744290852
0.0030811839315763993,Happiness,Boredom,0.4715276212936822
0.0030811839315763993,Happiness,Fear,0.008028584272724954
0.0030811839315763993,Happiness,Happiness,0.3405083288302474
0.0030811839315763993,Happiness,Joy,0.03325564157454138
0.0030811839315763993,Happiness,Pride,0.07479330961781583
0.0030811839315763993,Happiness,Sadness,0.010674920953993436
0.0030811839315763993,Happiness,Shame,0.06121159345699469
0.0030811839315763993,Joy,Boredom,0.011290548000045343
0.0030811839315763993,Joy,Fear,0.10895939479603065
0.0030811839315763993,Joy,Happiness,0.08102427798314558
0.0030811839315763993,Joy,Joy,0.30522171397772835
0.0030811839315763993,Joy,Pride,0.2527461735723758
0.0030811839315763993,Joy,Sadness,0.0539067214393505
0.0030811839315763993,Joy,Shame,0.18685117023132375
0.0030811839315763993,Pride,Boredom,0.0687692706418225
0.0030811839315763993,Pride,Fear,0.021438705660895015
0.0030811839315763993,Pride,Happiness,0.2881877195564891
0.0030811839315763993,Pride,Joy,0.12129792858806723
0.0030811839315763993,Pride,Pride,0.25267920754294293
0.0030811839315763993,Pride,Sadness,0.05287891051082399
0.0030811839315763993,Pride,Shame,0.19474825749895905
0.0030811839315763993,Sadness,Boredom,0.02249116815444021
0.0030811839315763993,Sadness,Fear,0.5307665088099723
0.0030811839315763993,Sadness,Happiness,0.03892669761464889
0.0030811839315763993,Sadness,Joy,0.0729880458019547
0.0030811839315763993,Sadness,Pride,0.06870839717337296
0.0030811839315763993,Sadness,Sadness,0.10746242431388828
0.0030811839315763993,Sadness,Shame,0.1586567581317227
0.0030811839315763993,Shame,Boredom,0.042147566436492194
0.0030811839315763993,Shame,Fear,0.026797266435768956
0.0030811839315763993,Shame,Happiness,0.22136231582449997
0.0030811839315763993,Shame,Joy,0.20107988272808566
0.0030811839315763993,Shame,Pride,0.2480170691361659
0.0030811839315763993,Shame,Sadness,0.04249310985846831
0.0030811839315763993,Shame,Shame,0.21810278958051862
0.0030834007482847593,Boredom,Boredom,0.4102805007836555
0.0030834007482847593,Boredom,Fear,0.03379623753254335
0.0030834007482847593,Boredom,Happiness,0.1959035918029981
0.0030834007482847593,Boredom,Joy,0.15695855240809756
0.0030834007482847593,Boredom,Pride,0.08185704208918906
0.0030834007482847593,Boredom,Sadness,0.00987631391994379
0.0030834007482847593,Boredom,Shame,0.1113277614635724
0.0030834007482847593,Fear,Boredom,0.0065098110814598795
0.0030834007482847593,Fear,Fear,0.5955533144401648
0.0030834007482847593,Fear,Happiness,0.015927129832196733
0.0030834007482847593,Fear,Joy,0.04906311180534626
0.0030834007482847593,Fear,Pride,0.022260131237151454
0.0030834007482847593,Fear,Sadness,0.1861734292328041
0.0030834007482847593,Fear,Shame,0.12451307237087693
0.0030834007482847593,Happiness,Boredom,0.4750949970611154
0.0030834007482847593,Happiness,Fear,0.006872341999524831
0.0030834007482847593,Happiness,Happiness,0.35009703462437297
0.0030834007482847593,Happiness,Joy,0.02974403158165382
0.0030834007482847593,Happiness,Pride,0.07282209495945598
0.0030834007482847593,Happiness,Sadness,0.009335988575783846
0.0030834007482847593,Happiness,Shame,0.05603351119809316
0.0030834007482847593,Joy,Boredom,0.010651229088748954
0.0030834007482847593,Joy,Fear,0.10352912907629615
0.0030834007482847593,Joy,Happiness,0.08143417295281939
0.0030834007482847593,Joy,Joy,0.3105447602192143
0.0030834007482847593,Joy,Pride,0.25163269613227324
0.0030834007482847593,Joy,Sadness,0.05237068143711397
0.0030834007482847593,Joy,Shame,0.18983733109353418
0.0030834007482847593,Pride,Boredom,0.061585874568860235
0.0030834007482847593,Pride,Fear,0.020169624478305656
0.0030834007482847593,Pride,Happiness,0.29475429692454513
0.0030834007482847593,Pride,Joy,0.1167695340152577
0.0030834007482847593,Pride,Pride,0.2553367088802712
0.0030834007482847593,Pride,Sadness,0.05157579254134216
0.0030834007482847593,Pride,Shame,0.19980816859141792
0.0030834007482847593,Sadness,Boredom,0.020461665122755688
0.0030834007482847593,Sadness,Fear,0.556046451173266
0.0030834007482847593,Sadness,Happiness,0.03739920272499129
0.0030834007482847593,Sadness,Joy,0.06972138901377063
0.0030834007482847593,Sadness,Pride,0.0653657277318592
0.0030834007482847593,Sadness,Sadness,0.09518437207298819
0.0030834007482847593,Sadness,Shame,0.15582119216036913
0.0030834007482847593,Shame,Boredom,0.04054222288463567
0.0030834007482847593,Shame,Fear,0.025582613171800557
0.0030834007482847593,Shame,Happiness,0.21976894387761864
0.0030834007482847593,Shame,Joy,0.19651533967647591
0.0030834007482847593,Shame,Pride,0.24852134395913208
0.0030834007482847593,Shame,Sadness,0.03990185495985995
0.0030834007482847593,Shame,Shame,0.22916768147047759
0.0032920077144123817,Boredom,Boredom,0.4252423729427048
0.0032920077144123817,Boredom,Fear,0.035296867100894684
0.0032920077144123817,Boredom,Happiness,0.18840632324304804
0.0032920077144123817,Boredom,Joy,0.1679803551486598
0.0032920077144123817,Boredom,Pride,0.08453565357809296
0.0032920077144123817,Boredom,Sadness,0.009752776269975432
0.0032920077144123817,Boredom,Shame,0.0887856517166246
0.0032920077144123817,Fear,Boredom,0.005405419343309246
0.0032920077144123817,Fear,Fear,0.6372280304071167
0.0032920077144123817,Fear,Happiness,0.01211239168011884
0.0032920077144123817,Fear,Joy,0.04392082573787041
0.0032920077144123817,Fear,Pride,0.01987579355672703
0.0032920077144123817,Fear,Sadness,0.16884252339456673
0.0032920077144123817,Fear,Shame,0.11261501588029108
0.0032920077144123817,Happiness,Boredom,0.4783059224647005
0.0032920077144123817,Happiness,Fear,0.0063799346213296425
0.0032920077144123817,Happiness,Happiness,0.35877576082473905
0.0032920077144123817,Happiness,Joy,0.024353506124601323
0.0032920077144123817,Happiness,Pride,0.07147643101620493
0.0032920077144123817,Happiness,Sadness,0.00870947749900406
0.0032920077144123817,Happiness,Shame,0.0519989674494206
0.0032920077144123817,Joy,Boredom,0.010651216333032868
0.0032920077144123817,Joy,Fear,0.08710386534149463
0.0032920077144123817,Joy,Happiness,0.06962262243290368
0.0032920077144123817,Joy,Joy,0.3312984577964324
0.0032920077144123817,Joy,Pride,0.2594669483780179
0.0032920077144123817,Joy,Sadness,0.052173622576976095
0.0032920077144123817,Joy,Shame,0.1896832671411427
0.0032920077144123817,Pride,Boredom,0.054114301771067866
0.0032920077144123817,Pride,Fear,0.021141606509069488
0.0032920077144123817,Pride,Happiness,0.30704371002803266
0.0032920077144123817,Pride,Joy,0.10321700105151553
0.0032920077144123817,Pride,Pride,0.26135712207916706
0.0032920077144123817,Pride,Sadness,0.05330010449322555
0.0032920077144123817,Pride,Shame,0.19982615406792184
0.0032920077144123817,Sadness,Boredom,0.01705381689597657
0.0032920077144123817,Sadness,Fear,0.5965120379139048
0.0032920077144123817,Sadness,Happiness,0.03100149993860431
0.0032920077144123817,Sadness,Joy,0.0628078530336144
0.0032920077144123817,Sadness,Pride,0.05898786055390608
0.0032920077144123817,Sadness,Sadness,0.08891601615908273
0.0032920077144123817,Sadness,Shame,0.14472091550491098
0.0032920077144123817,Shame,Boredom,0.03911469248855728
0.0032920077144123817,Shame,Fear,0.026674199648908842
0.0032920077144123817,Shame,Happiness,0.22213015094803806
0.0032920077144123817,Shame,Joy,0.18880630381040234
0.0032920077144123817,Shame,Pride,0.24892071032961763
0.0032920077144123817,Shame,Sadness,0.04166938338381744
0.0032920077144123817,Shame,Shame,0.2326845593906583
0.0033051120129206283,Boredom,Boredom,0.4339518385961054
0.0033051120129206283,Boredom,Fear,0.035111889056423644
0.0033051120129206283,Boredom,Happiness,0.14567883902326328
0.0033051120129206283,Boredom,Joy,0.17702587341222895
0.0033051120129206283,Boredom,Pride,0.08978445490568043
0.0033051120129206283,Boredom,Sadness,0.00979445105122927
0.0033051120129206283,Boredom,Shame,0.10865265395506934
0.0033051120129206283,Fear,Boredom,0.004630484544003553
0.0033051120129206283,Fear,Fear,0.6710223877535968
0.0033051120129206283,Fear,Happiness,0.00786816076024548
0.0033051120129206283,Fear,Joy,0.03834696124464379
0.0033051120129206283,Fear,Pride,0.020187149102972757
0.0033051120129206283,Fear,Sadness,0.1475605824139189
0.0033051120129206283,Fear,Shame,0.11038427418061897
0.0033051120129206283,Happiness,Boredom,0.4591069906785239
0.0033051120129206283,Happiness,Fear,0.004979819220341472
0.0033051120129206283,Happiness,Happiness,0.3833424588787048
0.0033051120129206283,Happiness,Joy,0.022183120409372703
0.0033051120129206283,Happiness,Pride,0.07321788938953426
0.0033051120129206283,Happiness,Sadness,0.007250419207787015
0.0033051120129206283,Happiness,Shame,0.04991930221573569
0.0033051120129206283,Joy,Boredom,0.008186032612417777
0.0033051120129206283,Joy,Fear,0.09286164980004225
0.0033051120129206283,Joy,Happiness,0.052217025325030426
0.0033051120129206283,Joy,Joy,0.31579203104577364
0.0033051120129206283,Joy,Pride,0.2623857426809776
0.0033051120129206283,Joy,Sadness,0.047981835716085705
0.0033051120129206283,Joy,Shame,0.22057568281967235
0.0033051120129206283,Pride,Boredom,0.05124810903190163
0.0033051120129206283,Pride,Fear,0.014966593324053541
0.0033051120129206283,Pride,Happiness,0.30550369872181177
0.0033051120129206283,Pride,Joy,0.08556570144619184
0.0033051120129206283,Pride,Pride,0.26655603437180236
0.0033051120129206283,Pride,Sadness,0.04862904794979327
0.0033051120129206283,Pride,Shame,0.22753081515444554
0.0033051120129206283,Sadness,Boredom,0.017530374669457692
0.0033051120129206283,Sadness,Fear,0.6141986632313068
0.0033051120129206283,Sadness,Happiness,0.02571474831311332
0.0033051120129206283,Sadness,Joy,0.05839116256557111
0.0033051120129206283,Sadness,Pride,0.056315635717460615
0.0033051120129206283,Sadness,Sadness,0.07234722024808168
0.0033051120129206283,Sadness,Shame,0.15550219525500936
0.0033051120129206283,Shame,Boredom,0.0348488187025646
0.0033051120129206283,Shame,Fear,0.019417316859666814
0.0033051120129206283,Shame,Happiness,0.1985750674859736
0.0033051120129206283,Shame,Joy,0.17589037102467064
0.0033051120129206283,Shame,Pride,0.2544038419525534
0.0033051120129206283,Shame,Sadness,0.03520218298074519
0.0033051120129206283,Shame,Shame,0.28166240099382517
0.003276813613269804,Boredom,Boredom,0.42129983897901047
0.003276813613269804,Boredom,Fear,0.03576348813817472
0.003276813613269804,Boredom,Happiness,0.18979720073798437
0.003276813613269804,Boredom,Joy,0.16425740850960124
0.003276813613269804,Boredom,Pride,0.08351411918550454
0.003276813613269804,Boredom,Sadness,0.010142757734528511
0.003276813613269804,Boredom,Shame,0.09522518671519614
0.003276813613269804,Fear,Boredom,0.005953763766231601
0.003276813613269804,Fear,Fear,0.6222623371558182
0.003276813613269804,Fear,Happiness,0.013356379823842046
0.003276813613269804,Fear,Joy,0.04580334376228829
0.003276813613269804,Fear,Pride,0.021928189317284276
0.003276813613269804,Fear,Sadness,0.17385749539047896
0.003276813613269804,Fear,Shame,0.1168384907840565
0.003276813613269804,Happiness,Boredom,0.476381682295299
0.003276813613269804,Happiness,Fear,0.0067860409891003694
0.003276813613269804,Happiness,Happiness,0.35331748911289784
0.003276813613269804,Happiness,Joy,0.026240857009669476
0.003276813613269804,Happiness,Pride,0.07270007328717515
0.003276813613269804,Happiness,Sadness,0.009371090239190367
0.003276813613269804,Happiness,Shame,0.05520276706666797
0.003276813613269804,Joy,Boredom,0.010034777067246562
0.003276813613269804,Joy,Fear,0.10980904564845569
0.003276813613269804,Joy,Happiness,0.07262608679826345
0.003276813613269804,Joy,Joy,0.31675595695496805
0.003276813613269804,Joy,Pride,0.2506055355558496
0.003276813613269804,Joy,Sadness,0.0522579215241502
0.003276813613269804,Joy,Shame,0.18791067645106652
0.003276813613269804,Pride,Boredom,0.05619583883057813
0.003276813613269804,Pride,Fear,0.020907522915489744
0.003276813613269804,Pride,Happiness,0.301272631671915
0.003276813613269804,Pride,Joy,0.1070614174789261
0.003276813613269804,Pride,Pride,0.2596924450261395
0.003276813613269804,Pride,Sadness,0.052972879606634465
0.003276813613269804,Pride,Shame,0.2018972644703169
0.003276813613269804,Sadness,Boredom,0.01886280335614888
0.003276813613269804,Sadness,Fear,0.5867641758513925
0.003276813613269804,Sadness,Happiness,0.03371451327768997
0.003276813613269804,Sadness,Joy,0.06584685108823073
0.003276813613269804,Sadness,Pride,0.06084385303614064
0.003276813613269804,Sadness,Sadness,0.08443611404840198
0.003276813613269804,Sadness,Shame,0.1495316893419956
0.003276813613269804,Shame,Boredom,0.0403172842669234
0.003276813613269804,Shame,Fear,0.026334327582217754
0.003276813613269804,Shame,Happiness,0.22057859022373508
0.003276813613269804,Shame,Joy,0.19217850067953263
0.003276813613269804,Shame,Pride,0.24859319500372318
0.003276813613269804,Shame,Sadness,0.04123276472456669
0.003276813613269804,Shame,Shame,0.2307653375193014
