C,Story,Emotion,Val
0.0032001739699561954,Boredom,Boredom,0.40478230025121525
0.0032001739699561954,Boredom,Fear,0.035005114823622195
0.0032001739699561954,Boredom,Happiness,0.16171917091339796
0.0032001739699561954,Boredom,Joy,0.1703499350474431
0.0032001739699561954,Boredom,Pride,0.09155097707899687
0.0032001739699561954,Boredom,Sadness,0.01184201928524808
0.0032001739699561954,Boredom,Shame,0.12475048260007647
0.0032001739699561954,Fear,Boredom,0.007743229495155952
0.0032001739699561954,Fear,Fear,0.5204111578649103
0.0032001739699561954,Fear,Happiness,0.01597446538331783
0.0032001739699561954,Fear,Joy,0.058517936051620145
0.0032001739699561954,Fear,Pride,0.030523921746035597
0.0032001739699561954,Fear,Sadness,0.20547762885647783
0.0032001739699561954,Fear,Shame,0.16135166060248232
0.0032001739699561954,Happiness,Boredom,0.4408585358807839
0.0032001739699561954,Happiness,Fear,0.007928475883126286
0.0032001739699561954,Happiness,Happiness,0.35342638294749057
0.0032001739699561954,Happiness,Joy,0.03357874097480788
0.0032001739699561954,Happiness,Pride,0.08283945623897868
0.0032001739699561954,Happiness,Sadness,0.011024903437529526
0.0032001739699561954,Happiness,Shame,0.07034350463728348
0.0032001739699561954,Joy,Boredom,0.00978645493741686
0.0032001739699561954,Joy,Fear,0.057036941777523206
0.0032001739699561954,Joy,Happiness,0.07067081545524789
0.0032001739699561954,Joy,Joy,0.3095065006603946
0.0032001739699561954,Joy,Pride,0.2686864659931993
0.0032001739699561954,Joy,Sadness,0.05271835944093748
0.0032001739699561954,Joy,Shame,0.23159446173528073
0.0032001739699561954,Pride,Boredom,0.04705809607750765
0.0032001739699561954,Pride,Fear,0.01647163791961802
0.0032001739699561954,Pride,Happiness,0.2711641072669072
0.0032001739699561954,Pride,Joy,0.11589906738267808
0.0032001739699561954,Pride,Pride,0.26374623844543954
0.0032001739699561954,Pride,Sadness,0.04903020035213973
0.0032001739699561954,Pride,Shame,0.23663065255570973
0.0032001739699561954,Sadness,Boredom,0.056217729655418186
0.0032001739699561954,Sadness,Fear,0.4619103173986149
0.0032001739699561954,Sadness,Happiness,0.051492426823892885
0.0032001739699561954,Sadness,Joy,0.08415307486813542
0.0032001739699561954,Sadness,Pride,0.07587524488942383
0.0032001739699561954,Sadness,Sadness,0.07303257199840196
0.0032001739699561954,Sadness,Shame,0.1973186343661127
0.0032001739699561954,Shame,Boredom,0.0341225277097609
0.0032001739699561954,Shame,Fear,0.019811786758226896
0.0032001739699561954,Shame,Happiness,0.17971803386383506
0.0032001739699561954,Shame,Joy,0.21132495304127227
0.0032001739699561954,Shame,Pride,0.2531448799756551
0.0032001739699561954,Shame,Sadness,0.035497194602798696
0.0032001739699561954,Shame,Shame,0.2663806240484509
0.003242248999084292,Boredom,Boredom,0.4164016706512034
0.003242248999084292,Boredom,Fear,0.03445700722294403
0.003242248999084292,Boredom,Happiness,0.13827704666871626
0.003242248999084292,Boredom,Joy,0.1744102765410527
0.003242248999084292,Boredom,Pride,0.09575530638571907
0.003242248999084292,Boredom,Sadness,0.011989882020979906
0.003242248999084292,Boredom,Shame,0.12870881050938437
0.003242248999084292,Fear,Boredom,0.006623962688798207
0.003242248999084292,Fear,Fear,0.5646583745810201
0.003242248999084292,Fear,Happiness,0.011305960057424866
0.003242248999084292,Fear,Joy,0.05127130656986492
0.003242248999084292,Fear,Pride,0.028444605337682043
0.003242248999084292,Fear,Sadness,0.18996218553650746
0.003242248999084292,Fear,Shame,0.14773360522870238
0.003242248999084292,Happiness,Boredom,0.4362292064639132
0.003242248999084292,Happiness,Fear,0.006537638511874011
0.003242248999084292,Happiness,Happiness,0.3718220143309961
0.003242248999084292,Happiness,Joy,0.027272803239642672
0.003242248999084292,Happiness,Pride,0.0823041612991449
0.003242248999084292,Happiness,Sadness,0.009595971357788809
0.003242248999084292,Happiness,Shame,0.06623820479664048
0.003242248999084292,Joy,Boredom,0.00870119249741723
0.003242248999084292,Joy,Fear,0.05654770976998535
0.003242248999084292,Joy,Happiness,0.058880096422317056
0.003242248999084292,Joy,Joy,0.30153080424909584
0.003242248999084292,Joy,Pride,0.27123807978112996
0.003242248999084292,Joy,Sadness,0.05078859471572
0.003242248999084292,Joy,Shame,0.2523135225643345
0.003242248999084292,Pride,Boredom,0.046880014387155965
0.003242248999084292,Pride,Fear,0.013623999498448955
0.003242248999084292,Pride,Happiness,0.2796462372680724
0.003242248999084292,Pride,Joy,0.08545344674859015
0.003242248999084292,Pride,Pride,0.27130734678182566
0.003242248999084292,Pride,Sadness,0.047030458222407756
0.003242248999084292,Pride,Shame,0.25605849709349937
0.003242248999084292,Sadness,Boredom,0.04986446738778485
0.003242248999084292,Sadness,Fear,0.4902242749533311
0.003242248999084292,Sadness,Happiness,0.04522033238849481
0.003242248999084292,Sadness,Joy,0.07662346111587619
0.003242248999084292,Sadness,Pride,0.0739002173880939
0.003242248999084292,Sadness,Sadness,0.06829842231052276
0.003242248999084292,Sadness,Shame,0.19586882445589632
0.003242248999084292,Shame,Boredom,0.032187022753000005
0.003242248999084292,Shame,Fear,0.015595389567233326
0.003242248999084292,Shame,Happiness,0.1817183317147768
0.003242248999084292,Shame,Joy,0.18489082930147224
0.003242248999084292,Shame,Pride,0.2571076579647141
0.003242248999084292,Shame,Sadness,0.031394866433805735
0.003242248999084292,Shame,Shame,0.2971059022649979
0.003161231052698688,Boredom,Boredom,0.4015590016590393
0.003161231052698688,Boredom,Fear,0.03421010481499878
0.003161231052698688,Boredom,Happiness,0.15762465921016777
0.003161231052698688,Boredom,Joy,0.16804711314449364
0.003161231052698688,Boredom,Pride,0.09205981520701795
0.003161231052698688,Boredom,Sadness,0.011558619295830299
0.003161231052698688,Boredom,Shame,0.13494068666845233
0.003161231052698688,Fear,Boredom,0.007458510791128486
0.003161231052698688,Fear,Fear,0.5229298786231539
0.003161231052698688,Fear,Happiness,0.014912980549193692
0.003161231052698688,Fear,Joy,0.05774444131826495
0.003161231052698688,Fear,Pride,0.030406056165286483
0.003161231052698688,Fear,Sadness,0.20273194330099698
0.003161231052698688,Fear,Shame,0.1638161892519755
0.003161231052698688,Happiness,Boredom,0.43770355416778894
0.003161231052698688,Happiness,Fear,0.007452111617127495
0.003161231052698688,Happiness,Happiness,0.36027664527401204
0.003161231052698688,Happiness,Joy,0.03228416571324635
0.003161231052698688,Happiness,Pride,0.08284984023168171
0.003161231052698688,Happiness,Sadness,0.010545514466655765
0.003161231052698688,Happiness,Shame,0.06888816852948763
0.003161231052698688,Joy,Boredom,0.009395638113041584
0.003161231052698688,Joy,Fear,0.054738151979350794
0.003161231052698688,Joy,Happiness,0.06917172383224497
0.003161231052698688,Joy,Joy,0.30472420607811224
0.003161231052698688,Joy,Pride,0.2700417753054783
0.003161231052698688,Joy,Sadness,0.052352324856681856
0.003161231052698688,Joy,Shame,0.23957617983509014
0.003161231052698688,Pride,Boredom,0.04754382344041214
0.003161231052698688,Pride,Fear,0.015226978848739223
0.003161231052698688,Pride,Happiness,0.27006850186841225
0.003161231052698688,Pride,Joy,0.11257914647141083
0.003161231052698688,Pride,Pride,0.26430793080764853
0.003161231052698688,Pride,Sadness,0.04815160259443892
0.003161231052698688,Pride,Shame,0.24212201596893784
0.003161231052698688,Sadness,Boredom,0.05474980730812803
0.003161231052698688,Sadness,Fear,0.45821534500358285
0.003161231052698688,Sadness,Happiness,0.05087150319087021
0.003161231052698688,Sadness,Joy,0.08333408996360385
0.003161231052698688,Sadness,Pride,0.07810270632370453
0.003161231052698688,Sadness,Sadness,0.07280476400933365
0.003161231052698688,Sadness,Shame,0.20192178420077742
0.003161231052698688,Shame,Boredom,0.03380052392920846
0.003161231052698688,Shame,Fear,0.01855733652534823
0.003161231052698688,Shame,Happiness,0.17439307579167437
0.003161231052698688,Shame,Joy,0.20608678539454695
0.003161231052698688,Shame,Pride,0.2543089178510855
0.003161231052698688,Shame,Sadness,0.03440830305030591
0.003161231052698688,Shame,Shame,0.2784450574578309
0.003074051294309067,Boredom,Boredom,0.395832940858056
0.003074051294309067,Boredom,Fear,0.03424163144626779
0.003074051294309067,Boredom,Happiness,0.20137302629312867
0.003074051294309067,Boredom,Joy,0.15799392146570804
0.003074051294309067,Boredom,Pride,0.08450725166080536
0.003074051294309067,Boredom,Sadness,0.011860966157160256
0.003074051294309067,Boredom,Shame,0.11419026211887372
0.003074051294309067,Fear,Boredom,0.008476820349288015
0.003074051294309067,Fear,Fear,0.5373819514920779
0.003074051294309067,Fear,Happiness,0.02063977845700197
0.003074051294309067,Fear,Joy,0.055098124332099575
0.003074051294309067,Fear,Pride,0.026335472444434033
0.003074051294309067,Fear,Sadness,0.21102629120142855
0.003074051294309067,Fear,Shame,0.1410415617236699
0.003074051294309067,Happiness,Boredom,0.47088000942457214
0.003074051294309067,Happiness,Fear,0.009137925472917136
0.003074051294309067,Happiness,Happiness,0.33366529646328685
0.003074051294309067,Happiness,Joy,0.036375013436845176
0.003074051294309067,Happiness,Pride,0.07627193046250698
0.003074051294309067,Happiness,Sadness,0.011563169654052522
0.003074051294309067,Happiness,Shame,0.062106655085819425
0.003074051294309067,Joy,Boredom,0.013291417330794824
0.003074051294309067,Joy,Fear,0.07686039298070142
0.003074051294309067,Joy,Happiness,0.09463869351580247
0.003074051294309067,Joy,Joy,0.30632701099409426
0.003074051294309067,Joy,Pride,0.26073755544961413
0.003074051294309067,Joy,Sadness,0.05830786831356918
0.003074051294309067,Joy,Shame,0.1898370614154236
0.003074051294309067,Pride,Boredom,0.06474782438639506
0.003074051294309067,Pride,Fear,0.022916882328483292
0.003074051294309067,Pride,Happiness,0.2848065560818496
0.003074051294309067,Pride,Joy,0.1259206120617506
0.003074051294309067,Pride,Pride,0.25458736134752835
0.003074051294309067,Pride,Sadness,0.05370069154436722
0.003074051294309067,Pride,Shame,0.1933200722496254
0.003074051294309067,Sadness,Boredom,0.07599505845820434
0.003074051294309067,Sadness,Fear,0.483194868976318
0.003074051294309067,Sadness,Happiness,0.056486652653231176
0.003074051294309067,Sadness,Joy,0.0796249590408209
0.003074051294309067,Sadness,Pride,0.07168070686953007
0.003074051294309067,Sadness,Sadness,0.07326057211855189
0.003074051294309067,Sadness,Shame,0.15975718188334354
0.003074051294309067,Shame,Boredom,0.04164068969247982
0.003074051294309067,Shame,Fear,0.027048048977839082
0.003074051294309067,Shame,Happiness,0.2228087654645566
0.003074051294309067,Shame,Joy,0.2079833023626063
0.003074051294309067,Shame,Pride,0.24894641577655677
0.003074051294309067,Shame,Sadness,0.0416727381741351
0.003074051294309067,Shame,Shame,0.20990003955182596
0.003135699840919533,Boredom,Boredom,0.3885193769128482
0.003135699840919533,Boredom,Fear,0.034543779614608056
0.003135699840919533,Boredom,Happiness,0.16217580279542654
0.003135699840919533,Boredom,Joy,0.16562840486515992
0.003135699840919533,Boredom,Pride,0.09041948519560977
0.003135699840919533,Boredom,Sadness,0.012168407161008742
0.003135699840919533,Boredom,Shame,0.14654474345533905
0.003135699840919533,Fear,Boredom,0.008071530025433732
0.003135699840919533,Fear,Fear,0.5048866546514356
0.003135699840919533,Fear,Happiness,0.017056260027642375
0.003135699840919533,Fear,Joy,0.06017379980918745
0.003135699840919533,Fear,Pride,0.03136790585672805
0.003135699840919533,Fear,Sadness,0.21104808365400723
0.003135699840919533,Fear,Shame,0.16739576597556616
0.003135699840919533,Happiness,Boredom,0.4381527917296253
0.003135699840919533,Happiness,Fear,0.00813910518958034
0.003135699840919533,Happiness,Happiness,0.3505023651972498
0.003135699840919533,Happiness,Joy,0.036593503178395034
0.003135699840919533,Happiness,Pride,0.08342168983495467
0.003135699840919533,Happiness,Sadness,0.011521731121062972
0.003135699840919533,Happiness,Shame,0.07166881374913184
0.003135699840919533,Joy,Boredom,0.009912619087307065
0.003135699840919533,Joy,Fear,0.05654793977818318
0.003135699840919533,Joy,Happiness,0.07564354038794643
0.003135699840919533,Joy,Joy,0.3047286125793179
0.003135699840919533,Joy,Pride,0.26768818535792754
0.003135699840919533,Joy,Sadness,0.05434589812945022
0.003135699840919533,Joy,Shame,0.23113320467986767
0.003135699840919533,Pride,Boredom,0.049206227028338184
0.003135699840919533,Pride,Fear,0.01641621390499006
0.003135699840919533,Pride,Happiness,0.26590057880464657
0.003135699840919533,Pride,Joy,0.12123191486755962
0.003135699840919533,Pride,Pride,0.2621379606332532
0.003135699840919533,Pride,Sadness,0.049472075080930066
0.003135699840919533,Pride,Shame,0.23563502968028238
0.003135699840919533,Sadness,Boredom,0.062089664168841395
0.003135699840919533,Sadness,Fear,0.4439409084008754
0.003135699840919533,Sadness,Happiness,0.05504289671046037
0.003135699840919533,Sadness,Joy,0.08593237821262631
0.003135699840919533,Sadness,Pride,0.07726391205041518
0.003135699840919533,Sadness,Sadness,0.07484676663625334
0.003135699840919533,Sadness,Shame,0.20088347382052765
0.003135699840919533,Shame,Boredom,0.03493308502435203
0.003135699840919533,Shame,Fear,0.020035569382357694
0.003135699840919533,Shame,Happiness,0.17825865963508183
0.003135699840919533,Shame,Joy,0.2116856407164418
0.003135699840919533,Shame,Pride,0.2534330324317231
0.003135699840919533,Shame,Sadness,0.03612357638099427
0.003135699840919533,Shame,Shame,0.26553043642904894
0.0030597599992843445,Boredom,Boredom,0.35470983602801287
0.0030597599992843445,Boredom,Fear,0.03547321776420725
0.0030597599992843445,Boredom,Happiness,0.16474272511094298
0.0030597599992843445,Boredom,Joy,0.16200197452341833
0.0030597599992843445,Boredom,Pride,0.0931878750258456
0.0030597599992843445,Boredom,Sadness,0.012846870589792262
0.0030597599992843445,Boredom,Shame,0.17703750095778023
0.0030597599992843445,Fear,Boredom,0.009602379375274845
0.0030597599992843445,Fear,Fear,0.48879781304704106
0.0030597599992843445,Fear,Happiness,0.018972672798506784
0.0030597599992843445,Fear,Joy,0.06279830863204303
0.0030597599992843445,Fear,Pride,0.03192150950820991
0.0030597599992843445,Fear,Sadness,0.21714336533533876
0.0030597599992843445,Fear,Shame,0.17076395130358576
0.0030597599992843445,Happiness,Boredom,0.4367149623695506
0.0030597599992843445,Happiness,Fear,0.008380841718716711
0.0030597599992843445,Happiness,Happiness,0.34127947457570806
0.0030597599992843445,Happiness,Joy,0.04053055441195311
0.0030597599992843445,Happiness,Pride,0.08353730793214402
0.0030597599992843445,Happiness,Sadness,0.011836452292579142
0.0030597599992843445,Happiness,Shame,0.07772040669934834
0.0030597599992843445,Joy,Boredom,0.009939960446475691
0.0030597599992843445,Joy,Fear,0.06873518237711403
0.0030597599992843445,Joy,Happiness,0.07767475928364106
0.0030597599992843445,Joy,Joy,0.29990645563685076
0.0030597599992843445,Joy,Pride,0.26278730922651156
0.0030597599992843445,Joy,Sadness,0.05342425840370458
0.0030597599992843445,Joy,Shame,0.22753207462570224
0.0030597599992843445,Pride,Boredom,0.05693269211155847
0.0030597599992843445,Pride,Fear,0.016535602016060944
0.0030597599992843445,Pride,Happiness,0.2594151012511821
0.0030597599992843445,Pride,Joy,0.1273202652533375
0.0030597599992843445,Pride,Pride,0.2578905785443059
0.0030597599992843445,Pride,Sadness,0.0490540446387301
0.0030597599992843445,Pride,Shame,0.23285171618482486
0.0030597599992843445,Sadness,Boredom,0.07493209703485318
0.0030597599992843445,Sadness,Fear,0.42657801352031155
0.0030597599992843445,Sadness,Happiness,0.05743088643437704
0.0030597599992843445,Sadness,Joy,0.08902625578006727
0.0030597599992843445,Sadness,Pride,0.07920792140620372
0.0030597599992843445,Sadness,Sadness,0.07156833337211972
0.0030597599992843445,Sadness,Shame,0.20125649245206756
0.0030597599992843445,Shame,Boredom,0.03734768590382996
0.0030597599992843445,Shame,Fear,0.02008593246617277
0.0030597599992843445,Shame,Happiness,0.1792565587602068
0.0030597599992843445,Shame,Joy,0.2153102224213603
0.0030597599992843445,Shame,Pride,0.2522632302384002
0.0030597599992843445,Shame,Sadness,0.03567191632665767
0.0030597599992843445,Shame,Shame,0.26006445388337235
0.0032085055898483277,Boredom,Boredom,0.4343183327645544
0.0032085055898483277,Boredom,Fear,0.03437053388691302
0.0032085055898483277,Boredom,Happiness,0.18704507485206506
0.0032085055898483277,Boredom,Joy,0.16256441888130846
0.0032085055898483277,Boredom,Pride,0.08169136043907171
0.0032085055898483277,Boredom,Sadness,0.009003464873485531
0.0032085055898483277,Boredom,Shame,0.09100681430260184
0.0032085055898483277,Fear,Boredom,0.005320623839940534
0.0032085055898483277,Fear,Fear,0.6503161517653638
0.0032085055898483277,Fear,Happiness,0.010984475156726537
0.0032085055898483277,Fear,Joy,0.04195790328514602
0.0032085055898483277,Fear,Pride,0.020462787841376534
0.0032085055898483277,Fear,Sadness,0.16288993093435672
0.0032085055898483277,Fear,Shame,0.10806812717708993
0.0032085055898483277,Happiness,Boredom,0.4800526214231019
0.0032085055898483277,Happiness,Fear,0.005492584177612748
0.0032085055898483277,Happiness,Happiness,0.3660270276637119
0.0032085055898483277,Happiness,Joy,0.022938643993761363
0.0032085055898483277,Happiness,Pride,0.06975215479800975
0.0032085055898483277,Happiness,Sadness,0.007666435937616854
0.0032085055898483277,Happiness,Shame,0.04807053200618514
0.0032085055898483277,Joy,Boredom,0.011267931308571682
0.0032085055898483277,Joy,Fear,0.06600470744677463
0.0032085055898483277,Joy,Happiness,0.08363233728529369
0.0032085055898483277,Joy,Joy,0.3290611211664718
0.0032085055898483277,Joy,Pride,0.2615079467691484
0.0032085055898483277,Joy,Sadness,0.05369582761979019
0.0032085055898483277,Joy,Shame,0.19483012840394967
0.0032085055898483277,Pride,Boredom,0.05647126851657221
0.0032085055898483277,Pride,Fear,0.019296614200480317
0.0032085055898483277,Pride,Happiness,0.30995593331982335
0.0032085055898483277,Pride,Joy,0.10183025234780685
0.0032085055898483277,Pride,Pride,0.2604060932252193
0.0032085055898483277,Pride,Sadness,0.05128704773500299
0.0032085055898483277,Pride,Shame,0.20075279065509483
0.0032085055898483277,Sadness,Boredom,0.048468771520791855
0.0032085055898483277,Sadness,Fear,0.5846086686458166
0.0032085055898483277,Sadness,Happiness,0.04698343045550231
0.0032085055898483277,Sadness,Joy,0.06403103675203378
0.0032085055898483277,Sadness,Pride,0.055693318556644306
0.0032085055898483277,Sadness,Sadness,0.05933726787025461
0.0032085055898483277,Sadness,Shame,0.14087750619895684
0.0032085055898483277,Shame,Boredom,0.04064175239012436
0.0032085055898483277,Shame,Fear,0.023810446595058956
0.0032085055898483277,Shame,Happiness,0.21912888255824353
0.0032085055898483277,Shame,Joy,0.1883995912815221
0.0032085055898483277,Shame,Pride,0.2489831635843483
0.0032085055898483277,Shame,Sadness,0.03681474075259249
0.0032085055898483277,Shame,Shame,0.24222142283810985
0.003389535057676241,Boredom,Boredom,0.43181303762242157
0.003389535057676241,Boredom,Fear,0.03551458608456196
0.003389535057676241,Boredom,Happiness,0.16966069172750745
0.003389535057676241,Boredom,Joy,0.1774595257186794
0.003389535057676241,Boredom,Pride,0.08657494337010756
0.003389535057676241,Boredom,Sadness,0.010269013785801025
0.003389535057676241,Boredom,Shame,0.08870820169092095
0.003389535057676241,Fear,Boredom,0.004990237275456614
0.003389535057676241,Fear,Fear,0.6653990034726079
0.003389535057676241,Fear,Happiness,0.009669742467482187
0.003389535057676241,Fear,Joy,0.03966139787210799
0.003389535057676241,Fear,Pride,0.0193794519235627
0.003389535057676241,Fear,Sadness,0.1570195642203277
0.003389535057676241,Fear,Shame,0.10388060276845497
0.003389535057676241,Happiness,Boredom,0.47934834702938656
0.003389535057676241,Happiness,Fear,0.00576901793999751
0.003389535057676241,Happiness,Happiness,0.36364955178830316
0.003389535057676241,Happiness,Joy,0.022618760960764126
0.003389535057676241,Happiness,Pride,0.07079463651146194
0.003389535057676241,Happiness,Sadness,0.008321997878405932
0.003389535057676241,Happiness,Shame,0.04949768789168079
0.003389535057676241,Joy,Boredom,0.01112384348248629
0.003389535057676241,Joy,Fear,0.07526353572307116
0.003389535057676241,Joy,Happiness,0.07157690485783874
0.003389535057676241,Joy,Joy,0.3322395188575226
0.003389535057676241,Joy,Pride,0.26119041173848445
0.003389535057676241,Joy,Sadness,0.05555547683754535
0.003389535057676241,Joy,Shame,0.1930503085030518
0.003389535057676241,Pride,Boredom,0.05722033502356456
0.003389535057676241,Pride,Fear,0.02040513932857843
0.003389535057676241,Pride,Happiness,0.31131963503812554
0.003389535057676241,Pride,Joy,0.09257745728562221
0.003389535057676241,Pride,Pride,0.26257892655193005
0.003389535057676241,Pride,Sadness,0.053832074495162065
0.003389535057676241,Pride,Shame,0.20206643227701737
0.003389535057676241,Sadness,Boredom,0.046237045964360395
0.003389535057676241,Sadness,Fear,0.5993469175133127
0.003389535057676241,Sadness,Happiness,0.04349010707797154
0.003389535057676241,Sadness,Joy,0.06078737698649756
0.003389535057676241,Sadness,Pride,0.05446431154220734
0.003389535057676241,Sadness,Sadness,0.059045855342219095
0.003389535057676241,Sadness,Shame,0.13662838557343152
0.003389535057676241,Shame,Boredom,0.0406318847312584
0.003389535057676241,Shame,Fear,0.02481747194011389
0.003389535057676241,Shame,Happiness,0.22369269970777428
0.003389535057676241,Shame,Joy,0.18274735431781935
0.003389535057676241,Shame,Pride,0.24956924589364776
0.003389535057676241,Shame,Sadness,0.03915611864138038
0.003389535057676241,Shame,Shame,0.23938522476800633
0.0031303914865976265,Boredom,Boredom,0.38697398025562235
0.0031303914865976265,Boredom,Fear,0.03454765890625252
0.0031303914865976265,Boredom,Happiness,0.1624271467222692
0.0031303914865976265,Boredom,Joy,0.1665439210148746
0.0031303914865976265,Boredom,Pride,0.09049177778211454
0.0031303914865976265,Boredom,Sadness,0.011964827375179815
0.0031303914865976265,Boredom,Shame,0.1470506879436868
0.0031303914865976265,Fear,Boredom,0.008255048132164627
0.0031303914865976265,Fear,Fear,0.5031152130603539
0.0031303914865976265,Fear,Happiness,0.017276451230972337
0.0031303914865976265,Fear,Joy,0.06089322169252584
0.0031303914865976265,Fear,Pride,0.031213849454278478
0.0031303914865976265,Fear,Sadness,0.20999724823219765
0.0031303914865976265,Fear,Shame,0.16924896819750737
0.0031303914865976265,Happiness,Boredom,0.43871851896622094
0.0031303914865976265,Happiness,Fear,0.008268517864045463
0.0031303914865976265,Happiness,Happiness,0.35099219099684753
0.0031303914865976265,Happiness,Joy,0.036265018296950134
0.0031303914865976265,Happiness,Pride,0.08314659081044852
0.0031303914865976265,Happiness,Sadness,0.011346506682025418
0.0031303914865976265,Happiness,Shame,0.07126265638346183
0.0031303914865976265,Joy,Boredom,0.010008366568025704
0.0031303914865976265,Joy,Fear,0.055514013226678045
0.0031303914865976265,Joy,Happiness,0.0746985655145397
0.0031303914865976265,Joy,Joy,0.3067328442113371
0.0031303914865976265,Joy,Pride,0.2687967331801843
0.0031303914865976265,Joy,Sadness,0.05375801069167312
0.0031303914865976265,Joy,Shame,0.23049146660756176
0.0031303914865976265,Pride,Boredom,0.049396942022997964
0.0031303914865976265,Pride,Fear,0.01697540515190432
0.0031303914865976265,Pride,Happiness,0.26634498785723065
0.0031303914865976265,Pride,Joy,0.12146431643092982
0.0031303914865976265,Pride,Pride,0.26200448856561015
0.0031303914865976265,Pride,Sadness,0.0492764382632158
0.0031303914865976265,Pride,Shame,0.23453742170811126
0.0031303914865976265,Sadness,Boredom,0.06322045137370323
0.0031303914865976265,Sadness,Fear,0.44325561681038306
0.0031303914865976265,Sadness,Happiness,0.054110255687196476
0.0031303914865976265,Sadness,Joy,0.08587656398831203
0.0031303914865976265,Sadness,Pride,0.07707154400174032
0.0031303914865976265,Sadness,Sadness,0.07559153199554589
0.0031303914865976265,Sadness,Shame,0.20087403614311883
0.0031303914865976265,Shame,Boredom,0.03471837996082194
0.0031303914865976265,Shame,Fear,0.020677962572932165
0.0031303914865976265,Shame,Happiness,0.17880325043427683
0.0031303914865976265,Shame,Joy,0.21243809469216857
0.0031303914865976265,Shame,Pride,0.25353852645050035
0.0031303914865976265,Shame,Sadness,0.03588284502661433
0.0031303914865976265,Shame,Shame,0.263940940862686
0.0031122515981562553,Boredom,Boredom,0.4195238243921827
0.0031122515981562553,Boredom,Fear,0.03341767982184854
0.0031122515981562553,Boredom,Happiness,0.19360112259334508
0.0031122515981562553,Boredom,Joy,0.15632287006987888
0.0031122515981562553,Boredom,Pride,0.0808562373217733
0.0031122515981562553,Boredom,Sadness,0.009352744411740825
0.0031122515981562553,Boredom,Shame,0.106925521389231
0.0031122515981562553,Fear,Boredom,0.006365625674100285
0.0031122515981562553,Fear,Fear,0.6146324119645229
0.0031122515981562553,Fear,Happiness,0.01425777953359461
0.0031122515981562553,Fear,Joy,0.04682557344744281
0.0031122515981562553,Fear,Pride,0.02188065207727075
0.0031122515981562553,Fear,Sadness,0.1782155414447794
0.0031122515981562553,Fear,Shame,0.11782241585828966
0.0031122515981562553,Happiness,Boredom,0.47686727330462514
0.0031122515981562553,Happiness,Fear,0.006272522632902642
0.0031122515981562553,Happiness,Happiness,0.3556879229273995
0.0031122515981562553,Happiness,Joy,0.027304959704312667
0.0031122515981562553,Happiness,Pride,0.0715405107206075
0.0031122515981562553,Happiness,Sadness,0.008682602561959518
0.0031122515981562553,Happiness,Shame,0.053644208148192984
0.0031122515981562553,Joy,Boredom,0.01206947688447662
0.0031122515981562553,Joy,Fear,0.065847757640335
0.0031122515981562553,Joy,Happiness,0.09485295472646445
0.0031122515981562553,Joy,Joy,0.31754088559989335
0.0031122515981562553,Joy,Pride,0.2614721827504962
0.0031122515981562553,Joy,Sadness,0.0548090370661327
0.0031122515981562553,Joy,Shame,0.19340770533220192
0.0031122515981562553,Pride,Boredom,0.06045287338797769
0.0031122515981562553,Pride,Fear,0.019551216264983913
0.0031122515981562553,Pride,Happiness,0.29982011535585545
0.0031122515981562553,Pride,Joy,0.11226217743050089
0.0031122515981562553,Pride,Pride,0.2566558941403863
0.0031122515981562553,Pride,Sadness,0.050960732270806705
0.0031122515981562553,Pride,Shame,0.200296991149489
0.0031122515981562553,Sadness,Boredom,0.06169743944179558
0.0031122515981562553,Sadness,Fear,0.5459007630182685
0.0031122515981562553,Sadness,Happiness,0.053390233000905916
0.0031122515981562553,Sadness,Joy,0.06934462818352985
0.0031122515981562553,Sadness,Pride,0.05964399463429311
0.0031122515981562553,Sadness,Sadness,0.0618331946534229
0.0031122515981562553,Sadness,Shame,0.14818974706778396
0.0031122515981562553,Shame,Boredom,0.04155580062379606
0.0031122515981562553,Shame,Fear,0.023954719357390117
0.0031122515981562553,Shame,Happiness,0.22046130413465537
0.0031122515981562553,Shame,Joy,0.19519000644407805
0.0031122515981562553,Shame,Pride,0.24872774098382625
0.0031122515981562553,Shame,Sadness,0.03669362503506942
0.0031122515981562553,Shame,Shame,0.2334168034211842
0.003269274127079255,Boredom,Boredom,0.4054310799669859
0.003269274127079255,Boredom,Fear,0.03583144885955725
0.003269274127079255,Boredom,Happiness,0.16034983666692237
0.003269274127079255,Boredom,Joy,0.17336322086294692
0.003269274127079255,Boredom,Pride,0.09187087882281324
0.003269274127079255,Boredom,Sadness,0.012761234689757525
0.003269274127079255,Boredom,Shame,0.12039230013101716
0.003269274127079255,Fear,Boredom,0.007461242836036071
0.003269274127079255,Fear,Fear,0.5248059450615377
0.003269274127079255,Fear,Happiness,0.015387187284832392
0.003269274127079255,Fear,Joy,0.05752823744350658
0.003269274127079255,Fear,Pride,0.02973614696767223
0.003269274127079255,Fear,Sadness,0.20627541522073242
0.003269274127079255,Fear,Shame,0.15880582518568254
0.003269274127079255,Happiness,Boredom,0.4435011203579773
0.003269274127079255,Happiness,Fear,0.008084701557664845
0.003269274127079255,Happiness,Happiness,0.3532872789932047
0.003269274127079255,Happiness,Joy,0.0317938569241953
0.003269274127079255,Happiness,Pride,0.08230282348929872
0.003269274127079255,Happiness,Sadness,0.01152185867588942
0.003269274127079255,Happiness,Shame,0.06950836000176955
0.003269274127079255,Joy,Boredom,0.009920337539460939
0.003269274127079255,Joy,Fear,0.0612670335737281
0.003269274127079255,Joy,Happiness,0.0700041600105168
0.003269274127079255,Joy,Joy,0.3102359204375235
0.003269274127079255,Joy,Pride,0.2674319410282558
0.003269274127079255,Joy,Sadness,0.055639427062436825
0.003269274127079255,Joy,Shame,0.2255011803480781
0.003269274127079255,Pride,Boredom,0.048927568553589505
0.003269274127079255,Pride,Fear,0.01749850877225643
0.003269274127079255,Pride,Happiness,0.27482124784160217
0.003269274127079255,Pride,Joy,0.11081267499243133
0.003269274127079255,Pride,Pride,0.2641923795929788
0.003269274127079255,Pride,Sadness,0.05111038645070817
0.003269274127079255,Pride,Shame,0.23263723379643342
0.003269274127079255,Sadness,Boredom,0.05539488973922273
0.003269274127079255,Sadness,Fear,0.4669000192561022
0.003269274127079255,Sadness,Happiness,0.051244423681289064
0.003269274127079255,Sadness,Joy,0.08275858187030818
0.003269274127079255,Sadness,Pride,0.07515242233142695
0.003269274127079255,Sadness,Sadness,0.07620241160239845
0.003269274127079255,Sadness,Shame,0.1923472515192526
0.003269274127079255,Shame,Boredom,0.0352199803220146
0.003269274127079255,Shame,Fear,0.020926084366534026
0.003269274127079255,Shame,Happiness,0.18281115866152065
0.003269274127079255,Shame,Joy,0.21018583333402707
0.003269274127079255,Shame,Pride,0.2527710642414958
0.003269274127079255,Shame,Sadness,0.03798708813786943
0.003269274127079255,Shame,Shame,0.26009879093653815
0.003250471444717471,Boredom,Boredom,0.41440153501951055
0.003250471444717471,Boredom,Fear,0.035416744926990436
0.003250471444717471,Boredom,Happiness,0.14740005683213356
0.003250471444717471,Boredom,Joy,0.17433450065145908
0.003250471444717471,Boredom,Pride,0.09450717388018992
0.003250471444717471,Boredom,Sadness,0.011697793599462082
0.003250471444717471,Boredom,Shame,0.12224219509025462
0.003250471444717471,Fear,Boredom,0.006994064695319495
0.003250471444717471,Fear,Fear,0.5530553798129693
0.003250471444717471,Fear,Happiness,0.012531414450086636
0.003250471444717471,Fear,Joy,0.053236768426120636
0.003250471444717471,Fear,Pride,0.029913942911481715
0.003250471444717471,Fear,Sadness,0.19089823199507333
0.003250471444717471,Fear,Shame,0.153370197708949
0.003250471444717471,Happiness,Boredom,0.4376346637483639
0.003250471444717471,Happiness,Fear,0.006908808494884307
0.003250471444717471,Happiness,Happiness,0.36792048281663586
0.003250471444717471,Happiness,Joy,0.028097029887495757
0.003250471444717471,Happiness,Pride,0.08231155747556057
0.003250471444717471,Happiness,Sadness,0.009800782285644448
0.003250471444717471,Happiness,Shame,0.06732667529141545
0.003250471444717471,Joy,Boredom,0.008869078216353321
0.003250471444717471,Joy,Fear,0.05950706367166135
0.003250471444717471,Joy,Happiness,0.06192928213252801
0.003250471444717471,Joy,Joy,0.3040858161297825
0.003250471444717471,Joy,Pride,0.27051950522566287
0.003250471444717471,Joy,Sadness,0.050618249177321224
0.003250471444717471,Joy,Shame,0.24447100544669073
0.003250471444717471,Pride,Boredom,0.04722427474458937
0.003250471444717471,Pride,Fear,0.014745908684698637
0.003250471444717471,Pride,Happiness,0.2788411726604068
0.003250471444717471,Pride,Joy,0.09263744038191732
0.003250471444717471,Pride,Pride,0.26943071510541977
0.003250471444717471,Pride,Sadness,0.04717617431733974
0.003250471444717471,Pride,Shame,0.24994431410562842
0.003250471444717471,Sadness,Boredom,0.05126776274658041
0.003250471444717471,Sadness,Fear,0.48540956700665094
0.003250471444717471,Sadness,Happiness,0.04717638332965279
0.003250471444717471,Sadness,Joy,0.07860286123810772
0.003250471444717471,Sadness,Pride,0.07257192829082888
0.003250471444717471,Sadness,Sadness,0.06815959602576135
0.003250471444717471,Sadness,Shame,0.19681190136241777
0.003250471444717471,Shame,Boredom,0.03274760594619343
0.003250471444717471,Shame,Fear,0.017143047180523605
0.003250471444717471,Shame,Happiness,0.1794413225496728
0.003250471444717471,Shame,Joy,0.19605125864838757
0.003250471444717471,Shame,Pride,0.25589235107007047
0.003250471444717471,Shame,Sadness,0.03206894844872602
0.003250471444717471,Shame,Shame,0.2866554661564263
0.0032149078260600207,Boredom,Boredom,0.4205127724201391
0.0032149078260600207,Boredom,Fear,0.03446233287403516
0.0032149078260600207,Boredom,Happiness,0.1647914282997068
0.0032149078260600207,Boredom,Joy,0.16868804415340874
0.0032149078260600207,Boredom,Pride,0.08638783282261646
0.0032149078260600207,Boredom,Sadness,0.009775981181970863
0.0032149078260600207,Boredom,Shame,0.11538160824812299
0.0032149078260600207,Fear,Boredom,0.005628403599697403
0.0032149078260600207,Fear,Fear,0.6312335711014077
0.0032149078260600207,Fear,Happiness,0.0106485865602165
0.0032149078260600207,Fear,Joy,0.04382396121195554
0.0032149078260600207,Fear,Pride,0.022769700747955958
0.0032149078260600207,Fear,Sadness,0.1618418920030512
0.0032149078260600207,Fear,Shame,0.12405388477571537
0.0032149078260600207,Happiness,Boredom,0.4585958607287864
0.0032149078260600207,Happiness,Fear,0.005761441067638772
0.0032149078260600207,Happiness,Happiness,0.3728010145134785
0.0032149078260600207,Happiness,Joy,0.024425024464877345
0.0032149078260600207,Happiness,Pride,0.0745827220406093
0.0032149078260600207,Happiness,Sadness,0.008401454326746003
0.0032149078260600207,Happiness,Shame,0.055432482857863646
0.0032149078260600207,Joy,Boredom,0.009940818711430347
0.0032149078260600207,Joy,Fear,0.06317522983507062
0.0032149078260600207,Joy,Happiness,0.06848483735487967
0.0032149078260600207,Joy,Joy,0.32034718161857934
0.0032149078260600207,Joy,Pride,0.2679203208380517
0.0032149078260600207,Joy,Sadness,0.05224230514343775
0.0032149078260600207,Joy,Shame,0.21788930649855043
0.0032149078260600207,Pride,Boredom,0.051359323995420855
0.0032149078260600207,Pride,Fear,0.016355926439665557
0.0032149078260600207,Pride,Happiness,0.2980189332021776
0.0032149078260600207,Pride,Joy,0.09707473897128831
0.0032149078260600207,Pride,Pride,0.2640786930737429
0.0032149078260600207,Pride,Sadness,0.0496852422389791
0.0032149078260600207,Pride,Shame,0.22342714207872566
0.0032149078260600207,Sadness,Boredom,0.05170421905882463
0.0032149078260600207,Sadness,Fear,0.55631471697569
0.0032149078260600207,Sadness,Happiness,0.04325167891508961
0.0032149078260600207,Sadness,Joy,0.06712334593870865
0.0032149078260600207,Sadness,Pride,0.05917379345870381
0.0032149078260600207,Sadness,Sadness,0.06039850600296208
0.0032149078260600207,Sadness,Shame,0.16203373965002152
0.0032149078260600207,Shame,Boredom,0.03578550824306504
0.0032149078260600207,Shame,Fear,0.02002886471823628
0.0032149078260600207,Shame,Happiness,0.19873835800632697
0.0032149078260600207,Shame,Joy,0.19192545221021723
0.0032149078260600207,Shame,Pride,0.25251794736124566
0.0032149078260600207,Shame,Sadness,0.03520409922362777
0.0032149078260600207,Shame,Shame,0.26579977023728085
0.003068411947181888,Boredom,Boredom,0.4098699003171215
0.003068411947181888,Boredom,Fear,0.03311939959133221
0.003068411947181888,Boredom,Happiness,0.17050949880977076
0.003068411947181888,Boredom,Joy,0.16168496115967826
0.003068411947181888,Boredom,Pride,0.08600704814278737
0.003068411947181888,Boredom,Sadness,0.009421670394564412
0.003068411947181888,Boredom,Shame,0.12938752158474573
0.003068411947181888,Fear,Boredom,0.006368518415133116
0.003068411947181888,Fear,Fear,0.5994472692715458
0.003068411947181888,Fear,Happiness,0.012566380073701368
0.003068411947181888,Fear,Joy,0.04806295212929151
0.003068411947181888,Fear,Pride,0.02375413000363178
0.003068411947181888,Fear,Sadness,0.17601422929593757
0.003068411947181888,Fear,Shame,0.13378652081075892
0.003068411947181888,Happiness,Boredom,0.4579558495389907
0.003068411947181888,Happiness,Fear,0.006015382668287169
0.003068411947181888,Happiness,Happiness,0.3681742598454477
0.003068411947181888,Happiness,Joy,0.02664307228501045
0.003068411947181888,Happiness,Pride,0.07531802911778539
0.003068411947181888,Happiness,Sadness,0.00857150801286818
0.003068411947181888,Happiness,Shame,0.05732189853161032
0.003068411947181888,Joy,Boredom,0.009980509112119918
0.003068411947181888,Joy,Fear,0.06246773380517235
0.003068411947181888,Joy,Happiness,0.0755055351281667
0.003068411947181888,Joy,Joy,0.31495677972782676
0.003068411947181888,Joy,Pride,0.2659623276847373
0.003068411947181888,Joy,Sadness,0.051960743123283096
0.003068411947181888,Joy,Shame,0.2191663714186944
0.003068411947181888,Pride,Boredom,0.05505824180366957
0.003068411947181888,Pride,Fear,0.015999571818167958
0.003068411947181888,Pride,Happiness,0.2913161707491987
0.003068411947181888,Pride,Joy,0.10572127941429102
0.003068411947181888,Pride,Pride,0.26032593953364647
0.003068411947181888,Pride,Sadness,0.048349189923891735
0.003068411947181888,Pride,Shame,0.22322960675713438
0.003068411947181888,Sadness,Boredom,0.060289397153242705
0.003068411947181888,Sadness,Fear,0.5215316764837377
0.003068411947181888,Sadness,Happiness,0.0480292756062059
0.003068411947181888,Sadness,Joy,0.07241389721387029
0.003068411947181888,Sadness,Pride,0.06429888602218069
0.003068411947181888,Sadness,Sadness,0.06337852154064307
0.003068411947181888,Sadness,Shame,0.17005834598011946
0.003068411947181888,Shame,Boredom,0.03659400950993711
0.003068411947181888,Shame,Fear,0.019678925289079045
0.003068411947181888,Shame,Happiness,0.1963754429754447
0.003068411947181888,Shame,Joy,0.1967436454378747
0.003068411947181888,Shame,Pride,0.25206840734935776
0.003068411947181888,Shame,Sadness,0.03359400896348945
0.003068411947181888,Shame,Shame,0.26494556047481677
0.0031958631675948306,Boredom,Boredom,0.45870446357767247
0.0031958631675948306,Boredom,Fear,0.03301334638410155
0.0031958631675948306,Boredom,Happiness,0.19838010659781305
0.0031958631675948306,Boredom,Joy,0.15255801435612737
0.0031958631675948306,Boredom,Pride,0.07219634266353755
0.0031958631675948306,Boredom,Sadness,0.0056205376130213465
0.0031958631675948306,Boredom,Shame,0.07952718880772683
0.0031958631675948306,Fear,Boredom,0.003243522738005365
0.0031958631675948306,Fear,Fear,0.8190624361673005
0.0031958631675948306,Fear,Happiness,0.005650835659442618
0.0031958631675948306,Fear,Joy,0.0212837141767098
0.0031958631675948306,Fear,Pride,0.008987985530366432
0.0031958631675948306,Fear,Sadness,0.08666555427690516
0.0031958631675948306,Fear,Shame,0.05510595145127027
0.0031958631675948306,Happiness,Boredom,0.5172563854380627
0.0031958631675948306,Happiness,Fear,0.003195110684180709
0.0031958631675948306,Happiness,Happiness,0.372055557178118
0.0031958631675948306,Happiness,Joy,0.015760226597748384
0.0031958631675948306,Happiness,Pride,0.05699509280182069
0.0031958631675948306,Happiness,Sadness,0.004665287226267376
0.0031958631675948306,Happiness,Shame,0.03007234007380164
0.0031958631675948306,Joy,Boredom,0.01180213451143913
0.0031958631675948306,Joy,Fear,0.0842922986513644
0.0031958631675948306,Joy,Happiness,0.08767954008369969
0.0031958631675948306,Joy,Joy,0.3434106162914823
0.0031958631675948306,Joy,Pride,0.25540913316082803
0.0031958631675948306,Joy,Sadness,0.0496467742345966
0.0031958631675948306,Joy,Shame,0.16775950306659004
0.0031958631675948306,Pride,Boredom,0.0617277568507931
0.0031958631675948306,Pride,Fear,0.019091885721300585
0.0031958631675948306,Pride,Happiness,0.3441155050464451
0.0031958631675948306,Pride,Joy,0.09520958390589243
0.0031958631675948306,Pride,Pride,0.2536120666408773
0.0031958631675948306,Pride,Sadness,0.05263198545420732
0.0031958631675948306,Pride,Shame,0.17361121638048443
0.0031958631675948306,Sadness,Boredom,0.047032679055898446
0.0031958631675948306,Sadness,Fear,0.7206167487527747
0.0031958631675948306,Sadness,Happiness,0.03503296850884284
0.0031958631675948306,Sadness,Joy,0.03996350503213736
0.0031958631675948306,Sadness,Pride,0.03321453190119073
0.0031958631675948306,Sadness,Sadness,0.03711332079942474
0.0031958631675948306,Sadness,Shame,0.0870262459497313
0.0031958631675948306,Shame,Boredom,0.04239658974847328
0.0031958631675948306,Shame,Fear,0.025048306167867917
0.0031958631675948306,Shame,Happiness,0.24493760722085525
0.0031958631675948306,Shame,Joy,0.1692561642894437
0.0031958631675948306,Shame,Pride,0.24738566687932903
0.0031958631675948306,Shame,Sadness,0.03694275714723283
0.0031958631675948306,Shame,Shame,0.2340329085467983
0.0032983307207564245,Boredom,Boredom,0.3816463424380416
0.0032983307207564245,Boredom,Fear,0.03604418443991434
0.0032983307207564245,Boredom,Happiness,0.12986278280445765
0.0032983307207564245,Boredom,Joy,0.1730285251005475
0.0032983307207564245,Boredom,Pride,0.09902516376297851
0.0032983307207564245,Boredom,Sadness,0.012289461450417009
0.0032983307207564245,Boredom,Shame,0.16810354000364355
0.0032983307207564245,Fear,Boredom,0.006836608658215892
0.0032983307207564245,Fear,Fear,0.5453474407903002
0.0032983307207564245,Fear,Happiness,0.01106058735146472
0.0032983307207564245,Fear,Joy,0.05266772368691542
0.0032983307207564245,Fear,Pride,0.029657028284754604
0.0032983307207564245,Fear,Sadness,0.18009391609032302
0.0032983307207564245,Fear,Shame,0.1743366951380262
0.0032983307207564245,Happiness,Boredom,0.40616203099451437
0.0032983307207564245,Happiness,Fear,0.007349010241114272
0.0032983307207564245,Happiness,Happiness,0.3830685613288045
0.0032983307207564245,Happiness,Joy,0.03079006563498167
0.0032983307207564245,Happiness,Pride,0.08881875340677102
0.0032983307207564245,Happiness,Sadness,0.010883271354582993
0.0032983307207564245,Happiness,Shame,0.07292830703923125
0.0032983307207564245,Joy,Boredom,0.007193687666736074
0.0032983307207564245,Joy,Fear,0.06499871451722543
0.0032983307207564245,Joy,Happiness,0.0530014182050351
0.0032983307207564245,Joy,Joy,0.28563511857088913
0.0032983307207564245,Joy,Pride,0.27320174337642567
0.0032983307207564245,Joy,Sadness,0.05022672133062556
0.0032983307207564245,Joy,Shame,0.2657425963330634
0.0032983307207564245,Pride,Boredom,0.0439268554456593
0.0032983307207564245,Pride,Fear,0.012012202199241607
0.0032983307207564245,Pride,Happiness,0.26223887823665587
0.0032983307207564245,Pride,Joy,0.09663463116383125
0.0032983307207564245,Pride,Pride,0.2695521249650899
0.0032983307207564245,Pride,Sadness,0.04598142495624567
0.0032983307207564245,Pride,Shame,0.26965388303327653
0.0032983307207564245,Sadness,Boredom,0.05576112480800948
0.0032983307207564245,Sadness,Fear,0.46072171520954813
0.0032983307207564245,Sadness,Happiness,0.04194384978817685
0.0032983307207564245,Sadness,Joy,0.07815590473510511
0.0032983307207564245,Sadness,Pride,0.07472094330360814
0.0032983307207564245,Sadness,Sadness,0.06934305602682102
0.0032983307207564245,Sadness,Shame,0.21935340612873083
0.0032983307207564245,Shame,Boredom,0.028648544848604615
0.0032983307207564245,Shame,Fear,0.014859758642145579
0.0032983307207564245,Shame,Happiness,0.14606505192901637
0.0032983307207564245,Shame,Joy,0.20173295147723805
0.0032983307207564245,Shame,Pride,0.26232633898266866
0.0032983307207564245,Shame,Sadness,0.03278651629872735
0.0032983307207564245,Shame,Shame,0.31358083782159984
0.0030098993556490227,Boredom,Boredom,0.3075445582238743
0.0030098993556490227,Boredom,Fear,0.03777581172926462
0.0030098993556490227,Boredom,Happiness,0.1389522902969182
0.0030098993556490227,Boredom,Joy,0.16796123313775382
0.0030098993556490227,Boredom,Pride,0.10361727126191975
0.0030098993556490227,Boredom,Sadness,0.013965001631312764
0.0030098993556490227,Boredom,Shame,0.23018383371895648
0.0030098993556490227,Fear,Boredom,0.009693222598297375
0.0030098993556490227,Fear,Fear,0.47189696391013397
0.0030098993556490227,Fear,Happiness,0.01640809673448405
0.0030098993556490227,Fear,Joy,0.0632103372282305
0.0030098993556490227,Fear,Pride,0.03424603651317893
0.0030098993556490227,Fear,Sadness,0.2089646450725163
0.0030098993556490227,Fear,Shame,0.1955806979431584
0.0030098993556490227,Happiness,Boredom,0.40573807700329056
0.0030098993556490227,Happiness,Fear,0.008212869196942819
0.0030098993556490227,Happiness,Happiness,0.35258395863791225
0.0030098993556490227,Happiness,Joy,0.039445990097501
0.0030098993556490227,Happiness,Pride,0.08953332549607233
0.0030098993556490227,Happiness,Sadness,0.012076827219205465
0.0030098993556490227,Happiness,Shame,0.09240895234907538
0.0030098993556490227,Joy,Boredom,0.007574882803567262
0.0030098993556490227,Joy,Fear,0.08980830601572054
0.0030098993556490227,Joy,Happiness,0.05809508171718443
0.0030098993556490227,Joy,Joy,0.27617475175213213
0.0030098993556490227,Joy,Pride,0.2628889294253191
0.0030098993556490227,Joy,Sadness,0.05019014987555689
0.0030098993556490227,Joy,Shame,0.2552678984105194
0.0030098993556490227,Pride,Boredom,0.048903410310379654
0.0030098993556490227,Pride,Fear,0.013144476511471822
0.0030098993556490227,Pride,Happiness,0.24481968738666335
0.0030098993556490227,Pride,Joy,0.12375870868650715
0.0030098993556490227,Pride,Pride,0.2630288760343388
0.0030098993556490227,Pride,Sadness,0.045876020334782705
0.0030098993556490227,Pride,Shame,0.26046882073585637
0.0030098993556490227,Sadness,Boredom,0.06929494430566585
0.0030098993556490227,Sadness,Fear,0.402201408596088
0.0030098993556490227,Sadness,Happiness,0.047684003647281946
0.0030098993556490227,Sadness,Joy,0.09327548165568779
0.0030098993556490227,Sadness,Pride,0.08424012074364505
0.0030098993556490227,Sadness,Sadness,0.07371607857778747
0.0030098993556490227,Sadness,Shame,0.229587962473844
0.0030098993556490227,Shame,Boredom,0.03149926813817119
0.0030098993556490227,Shame,Fear,0.016841613681179434
0.0030098993556490227,Shame,Happiness,0.14721140179167835
0.0030098993556490227,Shame,Joy,0.21550241834887027
0.0030098993556490227,Shame,Pride,0.25984882840931073
0.0030098993556490227,Shame,Sadness,0.03314182909475613
0.0030098993556490227,Shame,Shame,0.29595464053603393
0.003135283358438124,Boredom,Boredom,0.3848745288928537
0.003135283358438124,Boredom,Fear,0.034262352655030824
0.003135283358438124,Boredom,Happiness,0.16134164457595065
0.003135283358438124,Boredom,Joy,0.16601187002242232
0.003135283358438124,Boredom,Pride,0.09090107343411055
0.003135283358438124,Boredom,Sadness,0.01169832899119857
0.003135283358438124,Boredom,Shame,0.15091020142843362
0.003135283358438124,Fear,Boredom,0.008020878938855648
0.003135283358438124,Fear,Fear,0.5128881047692389
0.003135283358438124,Fear,Happiness,0.016710970194038794
0.003135283358438124,Fear,Joy,0.059565235947686805
0.003135283358438124,Fear,Pride,0.03068293492134124
0.003135283358438124,Fear,Sadness,0.2087758215868733
0.003135283358438124,Fear,Shame,0.16335605364196543
0.003135283358438124,Happiness,Boredom,0.43833255827926954
0.003135283358438124,Happiness,Fear,0.007920971669174916
0.003135283358438124,Happiness,Happiness,0.35117299434473787
0.003135283358438124,Happiness,Joy,0.0360891288327986
0.003135283358438124,Happiness,Pride,0.08329331371258164
0.003135283358438124,Happiness,Sadness,0.011233406698344208
0.003135283358438124,Happiness,Shame,0.07195762646309325
0.003135283358438124,Joy,Boredom,0.009752590628008564
0.003135283358438124,Joy,Fear,0.05713547040558081
0.003135283358438124,Joy,Happiness,0.07249697092616918
0.003135283358438124,Joy,Joy,0.30621909765399125
0.003135283358438124,Joy,Pride,0.2684687636175584
0.003135283358438124,Joy,Sadness,0.052703484206301145
0.003135283358438124,Joy,Shame,0.23322362256239074
0.003135283358438124,Pride,Boredom,0.049519087164897425
0.003135283358438124,Pride,Fear,0.01575632332059936
0.003135283358438124,Pride,Happiness,0.26596205711748205
0.003135283358438124,Pride,Joy,0.12061524498799489
0.003135283358438124,Pride,Pride,0.2617302806211411
0.003135283358438124,Pride,Sadness,0.04872054578683582
0.003135283358438124,Pride,Shame,0.2376964610010494
0.003135283358438124,Sadness,Boredom,0.06302393038948999
0.003135283358438124,Sadness,Fear,0.4491752004292257
0.003135283358438124,Sadness,Happiness,0.05255408140229973
0.003135283358438124,Sadness,Joy,0.08519691692693575
0.003135283358438124,Sadness,Pride,0.07686744709864647
0.003135283358438124,Sadness,Sadness,0.07397437450246575
0.003135283358438124,Sadness,Shame,0.19920804925093666
0.003135283358438124,Shame,Boredom,0.03434987054361157
0.003135283358438124,Shame,Fear,0.019151480914031207
0.003135283358438124,Shame,Happiness,0.17806120907115622
0.003135283358438124,Shame,Joy,0.21178281281781142
0.003135283358438124,Shame,Pride,0.25335375235608876
0.003135283358438124,Shame,Sadness,0.03512652564178211
0.003135283358438124,Shame,Shame,0.2681743486555185
0.0029311265016281514,Boredom,Boredom,0.3750068775958281
0.0029311265016281514,Boredom,Fear,0.03731868194160147
0.0029311265016281514,Boredom,Happiness,0.20156788742280765
0.0029311265016281514,Boredom,Joy,0.15360847865715366
0.0029311265016281514,Boredom,Pride,0.08538407458252394
0.0029311265016281514,Boredom,Sadness,0.012218308198033571
0.0029311265016281514,Boredom,Shame,0.13489569160205142
0.0029311265016281514,Fear,Boredom,0.011948427010176472
0.0029311265016281514,Fear,Fear,0.5291675219872725
0.0029311265016281514,Fear,Happiness,0.021539994273314742
0.0029311265016281514,Fear,Joy,0.05497281144542584
0.0029311265016281514,Fear,Pride,0.026303449809520648
0.0029311265016281514,Fear,Sadness,0.21584480722767074
0.0029311265016281514,Fear,Shame,0.1402229882466191
0.0029311265016281514,Happiness,Boredom,0.46415943709357343
0.0029311265016281514,Happiness,Fear,0.00889481736589089
0.0029311265016281514,Happiness,Happiness,0.3274071480686918
0.0029311265016281514,Happiness,Joy,0.04002098173778143
0.0029311265016281514,Happiness,Pride,0.0758699460108686
0.0029311265016281514,Happiness,Sadness,0.01134711244893557
0.0029311265016281514,Happiness,Shame,0.07230055727425785
0.0029311265016281514,Joy,Boredom,0.013672701469045298
0.0029311265016281514,Joy,Fear,0.13768010528428715
0.0029311265016281514,Joy,Happiness,0.09409917129210463
0.0029311265016281514,Joy,Joy,0.26736551119105073
0.0029311265016281514,Joy,Pride,0.2444849821880258
0.0029311265016281514,Joy,Sadness,0.057928470001097895
0.0029311265016281514,Joy,Shame,0.18476905857438866
0.0029311265016281514,Pride,Boredom,0.07922253655741904
0.0029311265016281514,Pride,Fear,0.02186948713210257
0.0029311265016281514,Pride,Happiness,0.2792619930866564
0.0029311265016281514,Pride,Joy,0.1304012012942922
0.0029311265016281514,Pride,Pride,0.24911696618020204
0.0029311265016281514,Pride,Sadness,0.052962725928284694
0.0029311265016281514,Pride,Shame,0.18716508982104335
0.0029311265016281514,Sadness,Boredom,0.08539194116311791
0.0029311265016281514,Sadness,Fear,0.47473935946450946
0.0029311265016281514,Sadness,Happiness,0.05879143024671297
0.0029311265016281514,Sadness,Joy,0.0826914358988727
0.0029311265016281514,Sadness,Pride,0.07310045044820747
0.0029311265016281514,Sadness,Sadness,0.0700371010141257
0.0029311265016281514,Sadness,Shame,0.15524828176445332
0.0029311265016281514,Shame,Boredom,0.051019575775667105
0.0029311265016281514,Shame,Fear,0.02641906540835851
0.0029311265016281514,Shame,Happiness,0.2199422958947075
0.0029311265016281514,Shame,Joy,0.20930019003345454
0.0029311265016281514,Shame,Pride,0.24479923992210947
0.0029311265016281514,Shame,Sadness,0.039406088078931666
0.0029311265016281514,Shame,Shame,0.20911354488677106
0.003017631823920414,Boredom,Boredom,0.34837765655422753
0.003017631823920414,Boredom,Fear,0.03554567068950543
0.003017631823920414,Boredom,Happiness,0.169050672879404
0.003017631823920414,Boredom,Joy,0.16549371134713056
0.003017631823920414,Boredom,Pride,0.09336972997942014
0.003017631823920414,Boredom,Sadness,0.013775664248772914
0.003017631823920414,Boredom,Shame,0.17438689430153928
0.003017631823920414,Fear,Boredom,0.0100838453313793
0.003017631823920414,Fear,Fear,0.46676731479392586
0.003017631823920414,Fear,Happiness,0.021000588377787767
0.003017631823920414,Fear,Joy,0.06562638263149834
0.003017631823920414,Fear,Pride,0.033046834833116635
0.003017631823920414,Fear,Sadness,0.22632014066257214
0.003017631823920414,Fear,Shame,0.17715489336972026
0.003017631823920414,Happiness,Boredom,0.4376049653182787
0.003017631823920414,Happiness,Fear,0.009319692353539197
0.003017631823920414,Happiness,Happiness,0.33377859801338866
0.003017631823920414,Happiness,Joy,0.04418767152454854
0.003017631823920414,Happiness,Pride,0.08349276791862074
0.003017631823920414,Happiness,Sadness,0.012455173362052447
0.003017631823920414,Happiness,Shame,0.07916113150957191
0.003017631823920414,Joy,Boredom,0.010605232663318294
0.003017631823920414,Joy,Fear,0.06684760596134133
0.003017631823920414,Joy,Happiness,0.07898424072871384
0.003017631823920414,Joy,Joy,0.3031886925833377
0.003017631823920414,Joy,Pride,0.2640707696975638
0.003017631823920414,Joy,Sadness,0.0548661830525121
0.003017631823920414,Joy,Shame,0.221437275313213
0.003017631823920414,Pride,Boredom,0.0593858282656805
0.003017631823920414,Pride,Fear,0.018560863662732945
0.003017631823920414,Pride,Happiness,0.25624502061655874
0.003017631823920414,Pride,Joy,0.1341947960325956
0.003017631823920414,Pride,Pride,0.2565446805553425
0.003017631823920414,Pride,Sadness,0.050560504898083086
0.003017631823920414,Pride,Shame,0.22450830596900645
0.003017631823920414,Sadness,Boredom,0.07549753965558259
0.003017631823920414,Sadness,Fear,0.41407061093013564
0.003017631823920414,Sadness,Happiness,0.057903516993186986
0.003017631823920414,Sadness,Joy,0.09221924356394305
0.003017631823920414,Sadness,Pride,0.08348264259058603
0.003017631823920414,Sadness,Sadness,0.07501286834793203
0.003017631823920414,Sadness,Shame,0.20181357791863347
0.003017631823920414,Shame,Boredom,0.03869325174580251
0.003017631823920414,Shame,Fear,0.02229427390456371
0.003017631823920414,Shame,Happiness,0.1822136041036515
0.003017631823920414,Shame,Joy,0.2208339593220858
0.003017631823920414,Shame,Pride,0.25167143391204955
0.003017631823920414,Shame,Sadness,0.03722448558832424
0.003017631823920414,Shame,Shame,0.24706899142352243
0.0029395393331257207,Boredom,Boredom,0.3867732805897836
0.0029395393331257207,Boredom,Fear,0.033329903717978726
0.0029395393331257207,Boredom,Happiness,0.2004315082134826
0.0029395393331257207,Boredom,Joy,0.15473973425447266
0.0029395393331257207,Boredom,Pride,0.08387448990559143
0.0029395393331257207,Boredom,Sadness,0.011254624036478077
0.0029395393331257207,Boredom,Shame,0.12959645928221306
0.0029395393331257207,Fear,Boredom,0.009866531116937841
0.0029395393331257207,Fear,Fear,0.5495418723665434
0.0029395393331257207,Fear,Happiness,0.019819848435261977
0.0029395393331257207,Fear,Joy,0.05291910204825383
0.0029395393331257207,Fear,Pride,0.024833314460888628
0.0029395393331257207,Fear,Sadness,0.20803026464459223
0.0029395393331257207,Fear,Shame,0.13498906692752158
0.0029395393331257207,Happiness,Boredom,0.469189943208329
0.0029395393331257207,Happiness,Fear,0.008072623251110779
0.0029395393331257207,Happiness,Happiness,0.3350405283743259
0.0029395393331257207,Happiness,Joy,0.03706082186635148
0.0029395393331257207,Happiness,Pride,0.07459150450965855
0.0029395393331257207,Happiness,Sadness,0.010558584618482894
0.0029395393331257207,Happiness,Shame,0.06548599417174121
0.0029395393331257207,Joy,Boredom,0.013659159371894929
0.0029395393331257207,Joy,Fear,0.08718344147420155
0.0029395393331257207,Joy,Happiness,0.09631639824902809
0.0029395393331257207,Joy,Joy,0.2987103982138832
0.0029395393331257207,Joy,Pride,0.25738171232098506
0.0029395393331257207,Joy,Sadness,0.05714567395953477
0.0029395393331257207,Joy,Shame,0.1896032164104722
0.0029395393331257207,Pride,Boredom,0.07431143150384525
0.0029395393331257207,Pride,Fear,0.021053839276521387
0.0029395393331257207,Pride,Happiness,0.2838445103256666
0.0029395393331257207,Pride,Joy,0.12746631550505136
0.0029395393331257207,Pride,Pride,0.2503874605442767
0.0029395393331257207,Pride,Sadness,0.052305691312084596
0.0029395393331257207,Pride,Shame,0.1906307515325534
0.0029395393331257207,Sadness,Boredom,0.07902663027635991
0.0029395393331257207,Sadness,Fear,0.48865818615991957
0.0029395393331257207,Sadness,Happiness,0.05669991434501603
0.0029395393331257207,Sadness,Joy,0.07832286703651904
0.0029395393331257207,Sadness,Pride,0.07218677330532128
0.0029395393331257207,Sadness,Sadness,0.07201494642548013
0.0029395393331257207,Sadness,Shame,0.15309068245138396
0.0029395393331257207,Shame,Boredom,0.04651291832846787
0.0029395393331257207,Shame,Fear,0.025280178831493614
0.0029395393331257207,Shame,Happiness,0.22088039072460844
0.0029395393331257207,Shame,Joy,0.20653584165319808
0.0029395393331257207,Shame,Pride,0.24654747225617965
0.0029395393331257207,Shame,Sadness,0.03894726654681796
0.0029395393331257207,Shame,Shame,0.21529593165923455
0.0031667530934040558,Boredom,Boredom,0.34890167597585403
0.0031667530934040558,Boredom,Fear,0.033979535151441434
0.0031667530934040558,Boredom,Happiness,0.1278511428836355
0.0031667530934040558,Boredom,Joy,0.16637948275008516
0.0031667530934040558,Boredom,Pride,0.1002482641152135
0.0031667530934040558,Boredom,Sadness,0.01152185686955976
0.0031667530934040558,Boredom,Shame,0.21111804225421035
0.0031667530934040558,Fear,Boredom,0.0072542231083196785
0.0031667530934040558,Fear,Fear,0.5311172382095658
0.0031667530934040558,Fear,Happiness,0.011774129434667394
0.0031667530934040558,Fear,Joy,0.05415697772039102
0.0031667530934040558,Fear,Pride,0.03106165056821163
0.0031667530934040558,Fear,Sadness,0.18429565542426027
0.0031667530934040558,Fear,Shame,0.1803401255345843
0.0031667530934040558,Happiness,Boredom,0.4019484738739904
0.0031667530934040558,Happiness,Fear,0.0073597430058958205
0.0031667530934040558,Happiness,Happiness,0.3798551671679741
0.0031667530934040558,Happiness,Joy,0.032106299487231114
0.0031667530934040558,Happiness,Pride,0.09040946199179634
0.0031667530934040558,Happiness,Sadness,0.01083051179460759
0.0031667530934040558,Happiness,Shame,0.07749034267850442
0.0031667530934040558,Joy,Boredom,0.007093539025147121
0.0031667530934040558,Joy,Fear,0.05539098150395586
0.0031667530934040558,Joy,Happiness,0.05254884548426528
0.0031667530934040558,Joy,Joy,0.28101174803864504
0.0031667530934040558,Joy,Pride,0.27672715948403803
0.0031667530934040558,Joy,Sadness,0.04723149298892777
0.0031667530934040558,Joy,Shame,0.27999623347502073
0.0031667530934040558,Pride,Boredom,0.04187367074558199
0.0031667530934040558,Pride,Fear,0.010199310298629485
0.0031667530934040558,Pride,Happiness,0.25416453637987013
0.0031667530934040558,Pride,Joy,0.10142169084725904
0.0031667530934040558,Pride,Pride,0.27008618611489565
0.0031667530934040558,Pride,Sadness,0.04323653729165932
0.0031667530934040558,Pride,Shame,0.2790180683221043
0.0031667530934040558,Sadness,Boredom,0.057597370169411084
0.0031667530934040558,Sadness,Fear,0.4424638582766037
0.0031667530934040558,Sadness,Happiness,0.042330771622213124
0.0031667530934040558,Sadness,Joy,0.08028290130420918
0.0031667530934040558,Sadness,Pride,0.07835218300202533
0.0031667530934040558,Sadness,Sadness,0.06922574346953103
0.0031667530934040558,Sadness,Shame,0.22974717215600665
0.0031667530934040558,Shame,Boredom,0.02735311222272663
0.0031667530934040558,Shame,Fear,0.012903029435802385
0.0031667530934040558,Shame,Happiness,0.1397613893876316
0.0031667530934040558,Shame,Joy,0.19865844781403239
0.0031667530934040558,Shame,Pride,0.26438451626720444
0.0031667530934040558,Shame,Sadness,0.030139528306963984
0.0031667530934040558,Shame,Shame,0.3267999765656392
0.003020755999636026,Boredom,Boredom,0.35576712159552687
0.003020755999636026,Boredom,Fear,0.03422340780801409
0.003020755999636026,Boredom,Happiness,0.16371069675426883
0.003020755999636026,Boredom,Joy,0.1636207986322874
0.003020755999636026,Boredom,Pride,0.09276950727914313
0.003020755999636026,Boredom,Sadness,0.01199285114987844
0.003020755999636026,Boredom,Shame,0.17791561678088097
0.003020755999636026,Fear,Boredom,0.009193586521954511
0.003020755999636026,Fear,Fear,0.48890005765135097
0.003020755999636026,Fear,Happiness,0.018700657590639724
0.003020755999636026,Fear,Joy,0.06311111761008925
0.003020755999636026,Fear,Pride,0.03289736305209008
0.003020755999636026,Fear,Sadness,0.2134651748947044
0.003020755999636026,Fear,Shame,0.17373204267917058
0.003020755999636026,Happiness,Boredom,0.4351497448759289
0.003020755999636026,Happiness,Fear,0.008190743731964724
0.003020755999636026,Happiness,Happiness,0.3453888431675717
0.003020755999636026,Happiness,Joy,0.03997901074340035
0.003020755999636026,Happiness,Pride,0.083641344329158
0.003020755999636026,Happiness,Sadness,0.011263548906923933
0.003020755999636026,Happiness,Shame,0.07638676424505293
0.003020755999636026,Joy,Boredom,0.009982655938468572
0.003020755999636026,Joy,Fear,0.05580049357852456
0.003020755999636026,Joy,Happiness,0.0774770317180098
0.003020755999636026,Joy,Joy,0.30196750824663215
0.003020755999636026,Joy,Pride,0.26845381207808355
0.003020755999636026,Joy,Sadness,0.05213273722717742
0.003020755999636026,Joy,Shame,0.23418576121310392
0.003020755999636026,Pride,Boredom,0.0550799061165231
0.003020755999636026,Pride,Fear,0.01603277227107051
0.003020755999636026,Pride,Happiness,0.25819852528318493
0.003020755999636026,Pride,Joy,0.12700539261142574
0.003020755999636026,Pride,Pride,0.25893767151012304
0.003020755999636026,Pride,Sadness,0.04784642632402246
0.003020755999636026,Pride,Shame,0.2368993058836505
0.003020755999636026,Sadness,Boredom,0.07176024636992907
0.003020755999636026,Sadness,Fear,0.42525062072951697
0.003020755999636026,Sadness,Happiness,0.05687452821315566
0.003020755999636026,Sadness,Joy,0.08869687708432417
0.003020755999636026,Sadness,Pride,0.08021391163598783
0.003020755999636026,Sadness,Sadness,0.07206544754771337
0.003020755999636026,Sadness,Shame,0.20513836841937272
0.003020755999636026,Shame,Boredom,0.035772828787337084
0.003020755999636026,Shame,Fear,0.01950335658721679
0.003020755999636026,Shame,Happiness,0.17667801875189507
0.003020755999636026,Shame,Joy,0.2135899063812329
0.003020755999636026,Shame,Pride,0.25351625259588384
0.003020755999636026,Shame,Sadness,0.03358906094480155
0.003020755999636026,Shame,Shame,0.26735057595163253
0.003238362573523409,Boredom,Boredom,0.4188061408635027
0.003238362573523409,Boredom,Fear,0.03524876525103384
0.003238362573523409,Boredom,Happiness,0.1690566811162592
0.003238362573523409,Boredom,Joy,0.16957278382418764
0.003238362573523409,Boredom,Pride,0.08638021939872222
0.003238362573523409,Boredom,Sadness,0.010235623692313595
0.003238362573523409,Boredom,Shame,0.11069978585398087
0.003238362573523409,Fear,Boredom,0.005907586570456176
0.003238362573523409,Fear,Fear,0.6175456111143544
0.003238362573523409,Fear,Happiness,0.011914128414009883
0.003238362573523409,Fear,Joy,0.04590981257466339
0.003238362573523409,Fear,Pride,0.023156105582189564
0.003238362573523409,Fear,Sadness,0.16680597073038064
0.003238362573523409,Fear,Shame,0.1287607850139457
0.003238362573523409,Happiness,Boredom,0.45943192558163115
0.003238362573523409,Happiness,Fear,0.0062863891657771636
0.003238362573523409,Happiness,Happiness,0.367140658476507
0.003238362573523409,Happiness,Joy,0.025716083828645698
0.003238362573523409,Happiness,Pride,0.07533526904573358
0.003238362573523409,Happiness,Sadness,0.00899636186219021
0.003238362573523409,Happiness,Shame,0.057093312039515176
0.003238362573523409,Joy,Boredom,0.010198245789718292
0.003238362573523409,Joy,Fear,0.06741325086023968
0.003238362573523409,Joy,Happiness,0.07167263141424689
0.003238362573523409,Joy,Joy,0.31939117125107475
0.003238362573523409,Joy,Pride,0.26519547370460456
0.003238362573523409,Joy,Sadness,0.05358104719015974
0.003238362573523409,Joy,Shame,0.21254817978995588
0.003238362573523409,Pride,Boredom,0.05181248335127352
0.003238362573523409,Pride,Fear,0.017569729237808484
0.003238362573523409,Pride,Happiness,0.29688515346028777
0.003238362573523409,Pride,Joy,0.1010845663336138
0.003238362573523409,Pride,Pride,0.26271116381003734
0.003238362573523409,Pride,Sadness,0.05086661385073784
0.003238362573523409,Pride,Shame,0.21907028995624145
0.003238362573523409,Sadness,Boredom,0.05241419247869163
0.003238362573523409,Sadness,Fear,0.5455156381378279
0.003238362573523409,Sadness,Happiness,0.04533260891659083
0.003238362573523409,Sadness,Joy,0.06904276358428367
0.003238362573523409,Sadness,Pride,0.0610065880211202
0.003238362573523409,Sadness,Sadness,0.063241568234713
0.003238362573523409,Sadness,Shame,0.16344664062677236
0.003238362573523409,Shame,Boredom,0.03658646395255706
0.003238362573523409,Shame,Fear,0.021472131125459044
0.003238362573523409,Shame,Happiness,0.20154345597518053
0.003238362573523409,Shame,Joy,0.19680960217438132
0.003238362573523409,Shame,Pride,0.2511059273390907
0.003238362573523409,Shame,Sadness,0.036613212860970946
0.003238362573523409,Shame,Shame,0.2558692065723605
0.0032221679512620697,Boredom,Boredom,0.4226082462280095
0.0032221679512620697,Boredom,Fear,0.035217934718659485
0.0032221679512620697,Boredom,Happiness,0.1932922873435357
0.0032221679512620697,Boredom,Joy,0.16176176865335876
0.0032221679512620697,Boredom,Pride,0.082945194003804
0.0032221679512620697,Boredom,Sadness,0.009874956657398477
0.0032221679512620697,Boredom,Shame,0.09429961239523352
0.0032221679512620697,Fear,Boredom,0.006028429681162993
0.0032221679512620697,Fear,Fear,0.6188088318298158
0.0032221679512620697,Fear,Happiness,0.013962591642656442
0.0032221679512620697,Fear,Joy,0.04629466769951788
0.0032221679512620697,Fear,Pride,0.02158819809980287
0.0032221679512620697,Fear,Sadness,0.17566560401692202
0.0032221679512620697,Fear,Shame,0.1176516770301218
0.0032221679512620697,Happiness,Boredom,0.47716777892758955
0.0032221679512620697,Happiness,Fear,0.006754404057292208
0.0032221679512620697,Happiness,Happiness,0.35333691289319097
0.0032221679512620697,Happiness,Joy,0.027004179647822365
0.0032221679512620697,Happiness,Pride,0.07250373004515649
0.0032221679512620697,Happiness,Sadness,0.009171275192352434
0.0032221679512620697,Happiness,Shame,0.05406171923659649
0.0032221679512620697,Joy,Boredom,0.012077535659727141
0.0032221679512620697,Joy,Fear,0.06985333277079545
0.0032221679512620697,Joy,Happiness,0.088206416736395
0.0032221679512620697,Joy,Joy,0.32139993502117353
0.0032221679512620697,Joy,Pride,0.26150799196115415
0.0032221679512620697,Joy,Sadness,0.055222736059720945
0.0032221679512620697,Joy,Shame,0.1917320517910335
0.0032221679512620697,Pride,Boredom,0.05405911305856086
0.0032221679512620697,Pride,Fear,0.021010603082027488
0.0032221679512620697,Pride,Happiness,0.3014648820069342
0.0032221679512620697,Pride,Joy,0.11090490960816059
0.0032221679512620697,Pride,Pride,0.26000664797465195
0.0032221679512620697,Pride,Sadness,0.05298116497059864
0.0032221679512620697,Pride,Shame,0.19957267929906575
0.0032221679512620697,Sadness,Boredom,0.05291730307025345
0.0032221679512620697,Sadness,Fear,0.5573452566422827
0.0032221679512620697,Sadness,Happiness,0.04939188285331561
0.0032221679512620697,Sadness,Joy,0.06822341009697404
0.0032221679512620697,Sadness,Pride,0.060266601546607464
0.0032221679512620697,Sadness,Sadness,0.06484695369552065
0.0032221679512620697,Sadness,Shame,0.1470085920950455
0.0032221679512620697,Shame,Boredom,0.03979472350195253
0.0032221679512620697,Shame,Fear,0.02551548512896107
0.0032221679512620697,Shame,Happiness,0.22145102755833265
0.0032221679512620697,Shame,Joy,0.19578334025270167
0.0032221679512620697,Shame,Pride,0.24855789489852823
0.0032221679512620697,Shame,Sadness,0.0395946370316744
0.0032221679512620697,Shame,Shame,0.22930289162784936
0.0031735639722877103,Boredom,Boredom,0.39195843244708634
0.0031735639722877103,Boredom,Fear,0.03495049197394527
0.0031735639722877103,Boredom,Happiness,0.1647404305861146
0.0031735639722877103,Boredom,Joy,0.16889636337915676
0.0031735639722877103,Boredom,Pride,0.09005938728632217
0.0031735639722877103,Boredom,Sadness,0.012604357056484541
0.0031735639722877103,Boredom,Shame,0.13679053727089036
0.0031735639722877103,Fear,Boredom,0.008267540815429004
0.0031735639722877103,Fear,Fear,0.49875869168387676
0.0031735639722877103,Fear,Happiness,0.0179407492736657
0.0031735639722877103,Fear,Joy,0.06178224332898631
0.0031735639722877103,Fear,Pride,0.031211688201413
0.0031735639722877103,Fear,Sadness,0.21395321721045482
0.0031735639722877103,Fear,Shame,0.1680858694861746
0.0031735639722877103,Happiness,Boredom,0.442475143693302
0.0031735639722877103,Happiness,Fear,0.008712600579368922
0.0031735639722877103,Happiness,Happiness,0.3457029378902951
0.0031735639722877103,Happiness,Joy,0.036809128384867405
0.0031735639722877103,Happiness,Pride,0.08296759634935122
0.0031735639722877103,Happiness,Sadness,0.011905913425728266
0.0031735639722877103,Happiness,Shame,0.07142667967708688
0.0031735639722877103,Joy,Boredom,0.010392078723570035
0.0031735639722877103,Joy,Fear,0.05713570095012955
0.0031735639722877103,Joy,Happiness,0.07284619971227538
0.0031735639722877103,Joy,Joy,0.31200960004066636
0.0031735639722877103,Joy,Pride,0.2680431053972644
0.0031735639722877103,Joy,Sadness,0.05434263728851822
0.0031735639722877103,Joy,Shame,0.22523067788757598
0.0031735639722877103,Pride,Boredom,0.05143222109009271
0.0031735639722877103,Pride,Fear,0.018046285556344514
0.0031735639722877103,Pride,Happiness,0.26693137149291124
0.0031735639722877103,Pride,Joy,0.12342899893066293
0.0031735639722877103,Pride,Pride,0.2606611452108632
0.0031735639722877103,Pride,Sadness,0.050402287379739556
0.0031735639722877103,Pride,Shame,0.22909769033938568
0.0031735639722877103,Sadness,Boredom,0.06353946768893202
0.0031735639722877103,Sadness,Fear,0.44598763071360176
0.0031735639722877103,Sadness,Happiness,0.05280122748739937
0.0031735639722877103,Sadness,Joy,0.08738585499234439
0.0031735639722877103,Sadness,Pride,0.0773458290300672
0.0031735639722877103,Sadness,Sadness,0.074081216428733
0.0031735639722877103,Sadness,Shame,0.19885877365892202
0.0031735639722877103,Shame,Boredom,0.0363218745129695
0.0031735639722877103,Shame,Fear,0.021755168369598534
0.0031735639722877103,Shame,Happiness,0.18192431354250754
0.0031735639722877103,Shame,Joy,0.21654939934681178
0.0031735639722877103,Shame,Pride,0.2519633186539482
0.0031735639722877103,Shame,Sadness,0.037435449734747696
0.0031735639722877103,Shame,Shame,0.25405047583941626
0.002844076428372344,Boredom,Boredom,0.3098729070021583
0.002844076428372344,Boredom,Fear,0.04614835565074763
0.002844076428372344,Boredom,Happiness,0.17788343847921603
0.002844076428372344,Boredom,Joy,0.1639733885779936
0.002844076428372344,Boredom,Pride,0.10025694908262901
0.002844076428372344,Boredom,Sadness,0.016549506369986648
0.002844076428372344,Boredom,Shame,0.18531545483726908
0.002844076428372344,Fear,Boredom,0.015152320275879996
0.002844076428372344,Fear,Fear,0.42589571253784625
0.002844076428372344,Fear,Happiness,0.025239688011272042
0.002844076428372344,Fear,Joy,0.07012302735638272
0.002844076428372344,Fear,Pride,0.034340030158391766
0.002844076428372344,Fear,Sadness,0.2500796009773198
0.002844076428372344,Fear,Shame,0.17916962068290723
0.002844076428372344,Happiness,Boredom,0.41853788359514277
0.002844076428372344,Happiness,Fear,0.0108504608907552
0.002844076428372344,Happiness,Happiness,0.3033996570132653
0.002844076428372344,Happiness,Joy,0.0558365474445536
0.002844076428372344,Happiness,Pride,0.08414976052293541
0.002844076428372344,Happiness,Sadness,0.01413436652732532
0.002844076428372344,Happiness,Shame,0.11309132400602291
0.002844076428372344,Joy,Boredom,0.01308256151789277
0.002844076428372344,Joy,Fear,0.12418883067489463
0.002844076428372344,Joy,Happiness,0.08124173127090646
0.002844076428372344,Joy,Joy,0.2664873854519461
0.002844076428372344,Joy,Pride,0.24838530611458137
0.002844076428372344,Joy,Sadness,0.058214150543487185
0.002844076428372344,Joy,Shame,0.20840003442629157
0.002844076428372344,Pride,Boredom,0.06864281682314043
0.002844076428372344,Pride,Fear,0.022696696182960503
0.002844076428372344,Pride,Happiness,0.24566393476185938
0.002844076428372344,Pride,Joy,0.14544265107054402
0.002844076428372344,Pride,Pride,0.25308108138408403
0.002844076428372344,Pride,Sadness,0.05299482145291793
0.002844076428372344,Pride,Shame,0.21147799832449357
0.002844076428372344,Sadness,Boredom,0.08269034129863034
0.002844076428372344,Sadness,Fear,0.3685400340273363
0.002844076428372344,Sadness,Happiness,0.058426283253382526
0.002844076428372344,Sadness,Joy,0.13678499708979008
0.002844076428372344,Sadness,Pride,0.0873840662083743
0.002844076428372344,Sadness,Sadness,0.07555660603033111
0.002844076428372344,Sadness,Shame,0.19061767209215483
0.002844076428372344,Shame,Boredom,0.04583106400546086
0.002844076428372344,Shame,Fear,0.02964681391122053
0.002844076428372344,Shame,Happiness,0.18604306435197504
0.002844076428372344,Shame,Joy,0.22770286575378668
0.002844076428372344,Shame,Pride,0.2458098691580812
0.002844076428372344,Shame,Sadness,0.03972406357299104
0.002844076428372344,Shame,Shame,0.22524225924648456
0.003123817320073965,Boredom,Boredom,0.4421940563263002
0.003123817320073965,Boredom,Fear,0.033608685149104804
0.003123817320073965,Boredom,Happiness,0.2248132063405136
0.003123817320073965,Boredom,Joy,0.14196205171163528
0.003123817320073965,Boredom,Pride,0.07304459478647024
0.003123817320073965,Boredom,Sadness,0.00666747827869113
0.003123817320073965,Boredom,Shame,0.07770992740728444
0.003123817320073965,Fear,Boredom,0.003363677973650888
0.003123817320073965,Fear,Fear,0.8211342593415066
0.003123817320073965,Fear,Happiness,0.007207210536134393
0.003123817320073965,Fear,Joy,0.020031909497511175
0.003123817320073965,Fear,Pride,0.008332360087123751
0.003123817320073965,Fear,Sadness,0.08887014174119719
0.003123817320073965,Fear,Shame,0.05106044082287564
0.003123817320073965,Happiness,Boredom,0.5216244605879407
0.003123817320073965,Happiness,Fear,0.00412907122289485
0.003123817320073965,Happiness,Happiness,0.3607943290657
0.003123817320073965,Happiness,Joy,0.017754978821973143
0.003123817320073965,Happiness,Pride,0.058175861573849
0.003123817320073965,Happiness,Sadness,0.005715719429495256
0.003123817320073965,Happiness,Shame,0.031805579298146876
0.003123817320073965,Joy,Boredom,0.01606295431978394
0.003123817320073965,Joy,Fear,0.08445195058056675
0.003123817320073965,Joy,Happiness,0.1060522740798069
0.003123817320073965,Joy,Joy,0.3231697336531861
0.003123817320073965,Joy,Pride,0.2640984689898524
0.003123817320073965,Joy,Sadness,0.05381549217739585
0.003123817320073965,Joy,Shame,0.1523491261994079
0.003123817320073965,Pride,Boredom,0.06870202910047225
0.003123817320073965,Pride,Fear,0.02369068097671276
0.003123817320073965,Pride,Happiness,0.3427506401735198
0.003123817320073965,Pride,Joy,0.10341298598625744
0.003123817320073965,Pride,Pride,0.25098228066982103
0.003123817320073965,Pride,Sadness,0.05371249193773274
0.003123817320073965,Pride,Shame,0.15674889115548385
0.003123817320073965,Sadness,Boredom,0.054909352199071934
0.003123817320073965,Sadness,Fear,0.7222008363703567
0.003123817320073965,Sadness,Happiness,0.03577920785286685
0.003123817320073965,Sadness,Joy,0.03724198890513477
0.003123817320073965,Sadness,Pride,0.03395199592847893
0.003123817320073965,Sadness,Sadness,0.040612125012432
0.003123817320073965,Sadness,Shame,0.07530449373165819
0.003123817320073965,Shame,Boredom,0.04346656407733712
0.003123817320073965,Shame,Fear,0.030391886601720115
0.003123817320073965,Shame,Happiness,0.26617806336017624
0.003123817320073965,Shame,Joy,0.17052127174345358
0.003123817320073965,Shame,Pride,0.24811762859732045
0.003123817320073965,Shame,Sadness,0.04166027438719145
0.003123817320073965,Shame,Shame,0.1996643112328013
0.003193140930522589,Boredom,Boredom,0.40402750798457304
0.003193140930522589,Boredom,Fear,0.034619716749977485
0.003193140930522589,Boredom,Happiness,0.15541830651533708
0.003193140930522589,Boredom,Joy,0.1693453564368135
0.003193140930522589,Boredom,Pride,0.0927492560234948
0.003193140930522589,Boredom,Sadness,0.011389539518193837
0.003193140930522589,Boredom,Shame,0.13245031677161004
0.003193140930522589,Fear,Boredom,0.00734045272454402
0.003193140930522589,Fear,Fear,0.5323911130715602
0.003193140930522589,Fear,Happiness,0.014052190202876692
0.003193140930522589,Fear,Joy,0.05618476040145212
0.003193140930522589,Fear,Pride,0.030701216510074198
0.003193140930522589,Fear,Sadness,0.19874982513987025
0.003193140930522589,Fear,Shame,0.16058044194962248
0.003193140930522589,Happiness,Boredom,0.4374858441539496
0.003193140930522589,Happiness,Fear,0.007206683986308048
0.003193140930522589,Happiness,Happiness,0.3637396052858967
0.003193140930522589,Happiness,Joy,0.030668168732497003
0.003193140930522589,Happiness,Pride,0.08268563435751158
0.003193140930522589,Happiness,Sadness,0.010263208492790015
0.003193140930522589,Happiness,Shame,0.06795085499104724
0.003193140930522589,Joy,Boredom,0.009064115770602494
0.003193140930522589,Joy,Fear,0.058728006316837306
0.003193140930522589,Joy,Happiness,0.06738847503930134
0.003193140930522589,Joy,Joy,0.303071194977125
0.003193140930522589,Joy,Pride,0.26886886253550235
0.003193140930522589,Joy,Sadness,0.05151265182710141
0.003193140930522589,Joy,Shame,0.2413666935335297
0.003193140930522589,Pride,Boredom,0.04691131461524113
0.003193140930522589,Pride,Fear,0.014768956520099163
0.003193140930522589,Pride,Happiness,0.27307015016361735
0.003193140930522589,Pride,Joy,0.1077090413208801
0.003193140930522589,Pride,Pride,0.2654442395658247
0.003193140930522589,Pride,Sadness,0.047484458797043105
0.003193140930522589,Pride,Shame,0.2446118390172941
0.003193140930522589,Sadness,Boredom,0.053932453449761684
0.003193140930522589,Sadness,Fear,0.4672176676193358
0.003193140930522589,Sadness,Happiness,0.05007407176583209
0.003193140930522589,Sadness,Joy,0.08222584737300961
0.003193140930522589,Sadness,Pride,0.07561566627678915
0.003193140930522589,Sadness,Sadness,0.06986461400916774
0.003193140930522589,Sadness,Shame,0.2010696795061037
0.003193140930522589,Shame,Boredom,0.033233326634618046
0.003193140930522589,Shame,Fear,0.01789856514211069
0.003193140930522589,Shame,Happiness,0.1744926476074008
0.003193140930522589,Shame,Joy,0.2036033853077581
0.003193140930522589,Shame,Pride,0.2547562637288072
0.003193140930522589,Shame,Sadness,0.033647378158131604
0.003193140930522589,Shame,Shame,0.2823684334211732
0.003216024310474462,Boredom,Boredom,0.4071541840524053
0.003216024310474462,Boredom,Fear,0.03509529270522115
0.003216024310474462,Boredom,Happiness,0.17001885295741123
0.003216024310474462,Boredom,Joy,0.16813865303900297
0.003216024310474462,Boredom,Pride,0.08606673836299378
0.003216024310474462,Boredom,Sadness,0.010460564160626951
0.003216024310474462,Boredom,Shame,0.12306571472233847
0.003216024310474462,Fear,Boredom,0.00611516389500204
0.003216024310474462,Fear,Fear,0.6054504732190015
0.003216024310474462,Fear,Happiness,0.012615612000948696
0.003216024310474462,Fear,Joy,0.04772612325332108
0.003216024310474462,Fear,Pride,0.02322028827431794
0.003216024310474462,Fear,Sadness,0.17331735093404843
0.003216024310474462,Fear,Shame,0.1315549884233601
0.003216024310474462,Happiness,Boredom,0.45998059556707194
0.003216024310474462,Happiness,Fear,0.006506556035333221
0.003216024310474462,Happiness,Happiness,0.36374019766339594
0.003216024310474462,Happiness,Joy,0.026609683715371327
0.003216024310474462,Happiness,Pride,0.07580132348379606
0.003216024310474462,Happiness,Sadness,0.00939688114332211
0.003216024310474462,Happiness,Shame,0.05796476239170908
0.003216024310474462,Joy,Boredom,0.01039070054671689
0.003216024310474462,Joy,Fear,0.06748128494926318
0.003216024310474462,Joy,Happiness,0.07167602488262108
0.003216024310474462,Joy,Joy,0.31975094223540124
0.003216024310474462,Joy,Pride,0.2651049210745019
0.003216024310474462,Joy,Sadness,0.053624324763674916
0.003216024310474462,Joy,Shame,0.21197180154782083
0.003216024310474462,Pride,Boredom,0.05358013491131246
0.003216024310474462,Pride,Fear,0.017685654704372767
0.003216024310474462,Pride,Happiness,0.2940757674289037
0.003216024310474462,Pride,Joy,0.10447917668719905
0.003216024310474462,Pride,Pride,0.261030732866525
0.003216024310474462,Pride,Sadness,0.05112730225160486
0.003216024310474462,Pride,Shame,0.21802123115008246
0.003216024310474462,Sadness,Boredom,0.0582240025685161
0.003216024310474462,Sadness,Fear,0.5321992980418048
0.003216024310474462,Sadness,Happiness,0.04533454930791593
0.003216024310474462,Sadness,Joy,0.07112281471967498
0.003216024310474462,Sadness,Pride,0.0628244137144271
0.003216024310474462,Sadness,Sadness,0.06520345585719013
0.003216024310474462,Sadness,Shame,0.16509146579047074
0.003216024310474462,Shame,Boredom,0.036520479682947325
0.003216024310474462,Shame,Fear,0.02163207068490027
0.003216024310474462,Shame,Happiness,0.20141410529393294
0.003216024310474462,Shame,Joy,0.1992116065017269
0.003216024310474462,Shame,Pride,0.2504626137912017
0.003216024310474462,Shame,Sadness,0.037865961176366286
0.003216024310474462,Shame,Shame,0.2528931628689247
0.0029836061248150136,Boredom,Boredom,0.3386132768183059
0.0029836061248150136,Boredom,Fear,0.03580056730457484
0.0029836061248150136,Boredom,Happiness,0.16931274432282786
0.0029836061248150136,Boredom,Joy,0.16610536033728
0.0029836061248150136,Boredom,Pride,0.09485950037717779
0.0029836061248150136,Boredom,Sadness,0.013911318345989354
0.0029836061248150136,Boredom,Shame,0.1813972324938439
0.0029836061248150136,Fear,Boredom,0.01057920920787983
0.0029836061248150136,Fear,Fear,0.4630656910744196
0.0029836061248150136,Fear,Happiness,0.02123354672748931
0.0029836061248150136,Fear,Joy,0.06597373741376106
0.0029836061248150136,Fear,Pride,0.03312438784618597
0.0029836061248150136,Fear,Sadness,0.2276272209702604
0.0029836061248150136,Fear,Shame,0.1783962067600037
0.0029836061248150136,Happiness,Boredom,0.43493226487831793
0.0029836061248150136,Happiness,Fear,0.009222230511193483
0.0029836061248150136,Happiness,Happiness,0.33181440212218016
0.0029836061248150136,Happiness,Joy,0.045062813040834565
0.0029836061248150136,Happiness,Pride,0.08335549309856252
0.0029836061248150136,Happiness,Sadness,0.012331871042568651
0.0029836061248150136,Happiness,Shame,0.08328092530634273
0.0029836061248150136,Joy,Boredom,0.010271696642825357
0.0029836061248150136,Joy,Fear,0.08222560104870616
0.0029836061248150136,Joy,Happiness,0.07898633459365635
0.0029836061248150136,Joy,Joy,0.29530435115625187
0.0029836061248150136,Joy,Pride,0.25856191916463445
0.0029836061248150136,Joy,Sadness,0.05443821962969088
0.0029836061248150136,Joy,Shame,0.22021187776423465
0.0029836061248150136,Pride,Boredom,0.06105701209657825
0.0029836061248150136,Pride,Fear,0.018413978714062886
0.0029836061248150136,Pride,Happiness,0.25424371160284137
0.0029836061248150136,Pride,Joy,0.1355324020722251
0.0029836061248150136,Pride,Pride,0.2558319594533967
0.0029836061248150136,Pride,Sadness,0.050214228635478385
0.0029836061248150136,Pride,Shame,0.22470670742541726
0.0029836061248150136,Sadness,Boredom,0.07540642526966232
0.0029836061248150136,Sadness,Fear,0.40884664605734417
0.0029836061248150136,Sadness,Happiness,0.0587516808076735
0.0029836061248150136,Sadness,Joy,0.09348651907364205
0.0029836061248150136,Sadness,Pride,0.08630103021068651
0.0029836061248150136,Sadness,Sadness,0.07480713742488901
0.0029836061248150136,Sadness,Shame,0.2024005611561023
0.0029836061248150136,Shame,Boredom,0.039308172412311
0.0029836061248150136,Shame,Fear,0.022097992539159318
0.0029836061248150136,Shame,Happiness,0.18110680896412276
0.0029836061248150136,Shame,Joy,0.22125407616737067
0.0029836061248150136,Shame,Pride,0.2514745512198587
0.0029836061248150136,Shame,Sadness,0.036624158210720036
0.0029836061248150136,Shame,Shame,0.24813424048645738
0.003132435483756464,Boredom,Boredom,0.4262663349114839
0.003132435483756464,Boredom,Fear,0.033521549441953666
0.003132435483756464,Boredom,Happiness,0.1918135297533515
0.003132435483756464,Boredom,Joy,0.15751407147309254
0.003132435483756464,Boredom,Pride,0.08078209866695421
0.003132435483756464,Boredom,Sadness,0.008973176419507845
0.003132435483756464,Boredom,Shame,0.10112923933365632
0.003132435483756464,Fear,Boredom,0.006076597295593259
0.003132435483756464,Fear,Fear,0.6264081508291118
0.003132435483756464,Fear,Happiness,0.013033486926109356
0.003132435483756464,Fear,Joy,0.04524777198733177
0.003132435483756464,Fear,Pride,0.02081595336511219
0.003132435483756464,Fear,Sadness,0.1736144458850328
0.003132435483756464,Fear,Shame,0.11480359371170895
0.003132435483756464,Happiness,Boredom,0.4792188010518527
0.003132435483756464,Happiness,Fear,0.005857041300696644
0.003132435483756464,Happiness,Happiness,0.36063286249567644
0.003132435483756464,Happiness,Joy,0.02535108016028016
0.003132435483756464,Happiness,Pride,0.07036006792242767
0.003132435483756464,Happiness,Sadness,0.008048250153887205
0.003132435483756464,Happiness,Shame,0.050531896915178856
0.003132435483756464,Joy,Boredom,0.01183282166799081
0.003132435483756464,Joy,Fear,0.06350702224042415
0.003132435483756464,Joy,Happiness,0.09126761703396931
0.003132435483756464,Joy,Joy,0.3218743399742204
0.003132435483756464,Joy,Pride,0.2625393195854912
0.003132435483756464,Joy,Sadness,0.054158556690821695
0.003132435483756464,Joy,Shame,0.19482032280708222
0.003132435483756464,Pride,Boredom,0.05814913888236848
0.003132435483756464,Pride,Fear,0.019503935700618587
0.003132435483756464,Pride,Happiness,0.3038314399658506
0.003132435483756464,Pride,Joy,0.10910061213311421
0.003132435483756464,Pride,Pride,0.2582698951224841
0.003132435483756464,Pride,Sadness,0.050826725900959706
0.003132435483756464,Pride,Shame,0.2003182522946042
0.003132435483756464,Sadness,Boredom,0.056404267928674603
0.003132435483756464,Sadness,Fear,0.5594470524445588
0.003132435483756464,Sadness,Happiness,0.05090467583063182
0.003132435483756464,Sadness,Joy,0.0674582311200368
0.003132435483756464,Sadness,Pride,0.057529822244823434
0.003132435483756464,Sadness,Sadness,0.0619300876060066
0.003132435483756464,Sadness,Shame,0.14632586282526852
0.003132435483756464,Shame,Boredom,0.04109484937513687
0.003132435483756464,Shame,Fear,0.023987600270447176
0.003132435483756464,Shame,Happiness,0.21904046697679347
0.003132435483756464,Shame,Joy,0.19260433579527128
0.003132435483756464,Shame,Pride,0.24906958719821404
0.003132435483756464,Shame,Sadness,0.036286700351626205
0.003132435483756464,Shame,Shame,0.23791646003251107
0.003061616504877148,Boredom,Boredom,0.37635637732537525
0.003061616504877148,Boredom,Fear,0.033828465627641933
0.003061616504877148,Boredom,Happiness,0.1623933999193023
0.003061616504877148,Boredom,Joy,0.16274197346765304
0.003061616504877148,Boredom,Pride,0.09135245454099883
0.003061616504877148,Boredom,Sadness,0.011276420093558863
0.003061616504877148,Boredom,Shame,0.16205090902546984
0.003061616504877148,Fear,Boredom,0.008420696267084834
0.003061616504877148,Fear,Fear,0.5009438869683709
0.003061616504877148,Fear,Happiness,0.01764977169701679
0.003061616504877148,Fear,Joy,0.061116191802483774
0.003061616504877148,Fear,Pride,0.03187406363621658
0.003061616504877148,Fear,Sadness,0.20980033492207043
0.003061616504877148,Fear,Shame,0.17019505470675675
0.003061616504877148,Happiness,Boredom,0.4358876398839471
0.003061616504877148,Happiness,Fear,0.007980903430438611
0.003061616504877148,Happiness,Happiness,0.3501494239386551
0.003061616504877148,Happiness,Joy,0.03831286278159577
0.003061616504877148,Happiness,Pride,0.0836566843934851
0.003061616504877148,Happiness,Sadness,0.01096608966618337
0.003061616504877148,Happiness,Shame,0.07304639590569523
0.003061616504877148,Joy,Boredom,0.009687878129420372
0.003061616504877148,Joy,Fear,0.05497449828451267
0.003061616504877148,Joy,Happiness,0.07786699885332832
0.003061616504877148,Joy,Joy,0.3018342506226263
0.003061616504877148,Joy,Pride,0.267910874732621
0.003061616504877148,Joy,Sadness,0.05171049869916732
0.003061616504877148,Joy,Shame,0.2360150006783237
0.003061616504877148,Pride,Boredom,0.05083315808863726
0.003061616504877148,Pride,Fear,0.01562052329151083
0.003061616504877148,Pride,Happiness,0.26162549169653665
0.003061616504877148,Pride,Joy,0.12368539528504623
0.003061616504877148,Pride,Pride,0.26093476033025453
0.003061616504877148,Pride,Sadness,0.04730634243683963
0.003061616504877148,Pride,Shame,0.23999432887117478
0.003061616504877148,Sadness,Boredom,0.06519539397362807
0.003061616504877148,Sadness,Fear,0.43539290847459716
0.003061616504877148,Sadness,Happiness,0.05710718683509264
0.003061616504877148,Sadness,Joy,0.08697816614229051
0.003061616504877148,Sadness,Pride,0.07913216762657614
0.003061616504877148,Sadness,Sadness,0.0712747909646081
0.003061616504877148,Sadness,Shame,0.2049193859832071
0.003061616504877148,Shame,Boredom,0.034757492068500366
0.003061616504877148,Shame,Fear,0.019012382888876172
0.003061616504877148,Shame,Happiness,0.1761149207933538
0.003061616504877148,Shame,Joy,0.21156385658488958
0.003061616504877148,Shame,Pride,0.253948023920681
0.003061616504877148,Shame,Sadness,0.03286525151704436
0.003061616504877148,Shame,Shame,0.2717380722266545
0.0030856131406251904,Boredom,Boredom,0.420176699073834
0.0030856131406251904,Boredom,Fear,0.0330359550068782
0.0030856131406251904,Boredom,Happiness,0.16952631003470395
0.0030856131406251904,Boredom,Joy,0.16331599304228514
0.0030856131406251904,Boredom,Pride,0.08579089115013347
0.0030856131406251904,Boredom,Sadness,0.009380976545077354
0.0030856131406251904,Boredom,Shame,0.11877317514708796
0.0030856131406251904,Fear,Boredom,0.0060811156156978146
0.0030856131406251904,Fear,Fear,0.6011447250089159
0.0030856131406251904,Fear,Happiness,0.012150141769709872
0.0030856131406251904,Fear,Joy,0.04804748799716861
0.0030856131406251904,Fear,Pride,0.024596739111380498
0.0030856131406251904,Fear,Sadness,0.17420400487671683
0.0030856131406251904,Fear,Shame,0.1337757856204106
0.0030856131406251904,Happiness,Boredom,0.45885760608592463
0.0030856131406251904,Happiness,Fear,0.00590222577445354
0.0030856131406251904,Happiness,Happiness,0.3707711267016201
0.0030856131406251904,Happiness,Joy,0.02574773222094922
0.0030856131406251904,Happiness,Pride,0.07496243775069808
0.0030856131406251904,Happiness,Sadness,0.008287618887753359
0.0030856131406251904,Happiness,Shame,0.055471252578601145
0.0030856131406251904,Joy,Boredom,0.009966161324354704
0.0030856131406251904,Joy,Fear,0.05911642835894961
0.0030856131406251904,Joy,Happiness,0.07569458228898032
0.0030856131406251904,Joy,Joy,0.31656427759784844
0.0030856131406251904,Joy,Pride,0.2668262366801731
0.0030856131406251904,Joy,Sadness,0.05162426002298722
0.0030856131406251904,Joy,Shame,0.22020805372670693
0.0030856131406251904,Pride,Boredom,0.05221686820814639
0.0030856131406251904,Pride,Fear,0.016155396316320764
0.0030856131406251904,Pride,Happiness,0.2943582964609771
0.0030856131406251904,Pride,Joy,0.10397559653901096
0.0030856131406251904,Pride,Pride,0.26216976754512467
0.0030856131406251904,Pride,Sadness,0.04820515078619006
0.0030856131406251904,Pride,Shame,0.2229189241442303
0.0030856131406251904,Sadness,Boredom,0.054742002622737394
0.0030856131406251904,Sadness,Fear,0.5261962769128331
0.0030856131406251904,Sadness,Happiness,0.048670039176114614
0.0030856131406251904,Sadness,Joy,0.07215952309986952
0.0030856131406251904,Sadness,Pride,0.06524691605230949
0.0030856131406251904,Sadness,Sadness,0.06195222714108873
0.0030856131406251904,Sadness,Shame,0.171033014995047
0.0030856131406251904,Shame,Boredom,0.03621740058546109
0.0030856131406251904,Shame,Fear,0.019736535258603204
0.0030856131406251904,Shame,Happiness,0.1958899899281127
0.0030856131406251904,Shame,Joy,0.19649644471898728
0.0030856131406251904,Shame,Pride,0.2524013268073172
0.0030856131406251904,Shame,Sadness,0.03315164838706563
0.0030856131406251904,Shame,Shame,0.2661066543144529
0.0033500337221495542,Boredom,Boredom,0.41382789319750934
0.0033500337221495542,Boredom,Fear,0.03589063731160897
0.0033500337221495542,Boredom,Happiness,0.1395194236255868
0.0033500337221495542,Boredom,Joy,0.17945373011608534
0.0033500337221495542,Boredom,Pride,0.09517763323787398
0.0033500337221495542,Boredom,Sadness,0.012404924196369155
0.0033500337221495542,Boredom,Shame,0.12372575831496616
0.0033500337221495542,Fear,Boredom,0.006521522751334012
0.0033500337221495542,Fear,Fear,0.5721681218974144
0.0033500337221495542,Fear,Happiness,0.011452717247627999
0.0033500337221495542,Fear,Joy,0.050464142064941965
0.0033500337221495542,Fear,Pride,0.0275658005179696
0.0033500337221495542,Fear,Sadness,0.18771628880552452
0.0033500337221495542,Fear,Shame,0.14411140671518718
0.0033500337221495542,Happiness,Boredom,0.43973671560452343
0.0033500337221495542,Happiness,Fear,0.006793916017330409
0.0033500337221495542,Happiness,Happiness,0.3672678282211097
0.0033500337221495542,Happiness,Joy,0.027841417703195082
0.0033500337221495542,Happiness,Pride,0.08188434036307113
0.0033500337221495542,Happiness,Sadness,0.01007631309881718
0.0033500337221495542,Happiness,Shame,0.06639946899195281
0.0033500337221495542,Joy,Boredom,0.0088996980477795
0.0033500337221495542,Joy,Fear,0.06562477020719192
0.0033500337221495542,Joy,Happiness,0.05898494034483191
0.0033500337221495542,Joy,Joy,0.3051582993870424
0.0033500337221495542,Joy,Pride,0.26821497229930863
0.0033500337221495542,Joy,Sadness,0.05279319549208929
0.0033500337221495542,Joy,Shame,0.24032412422175614
0.0033500337221495542,Pride,Boredom,0.048737508600858744
0.0033500337221495542,Pride,Fear,0.015083366872431638
0.0033500337221495542,Pride,Happiness,0.281433050914048
0.0033500337221495542,Pride,Joy,0.08734011669485305
0.0033500337221495542,Pride,Pride,0.2698922600185226
0.0033500337221495542,Pride,Sadness,0.04946165228147954
0.0033500337221495542,Pride,Shame,0.24805204461780642
0.0033500337221495542,Sadness,Boredom,0.05150068136706389
0.0033500337221495542,Sadness,Fear,0.5020783343524796
0.0033500337221495542,Sadness,Happiness,0.044590036580606486
0.0033500337221495542,Sadness,Joy,0.07529654273360753
0.0033500337221495542,Sadness,Pride,0.06933002541718142
0.0033500337221495542,Sadness,Sadness,0.06875591780729354
0.0033500337221495542,Sadness,Shame,0.18844846174176752
0.0033500337221495542,Shame,Boredom,0.03325771621421493
0.0033500337221495542,Shame,Fear,0.017472168122719626
0.0033500337221495542,Shame,Happiness,0.18693339032780254
0.0033500337221495542,Shame,Joy,0.18865553229059065
0.0033500337221495542,Shame,Pride,0.2554155389413733
0.0033500337221495542,Shame,Sadness,0.034362512277429695
0.0033500337221495542,Shame,Shame,0.2839031418258692
0.003085797351005908,Boredom,Boredom,0.4543656556990832
0.003085797351005908,Boredom,Fear,0.03276325109350182
0.003085797351005908,Boredom,Happiness,0.20674837921548442
0.003085797351005908,Boredom,Joy,0.1482202296587602
0.003085797351005908,Boredom,Pride,0.07270313009881264
0.003085797351005908,Boredom,Sadness,0.006029633022941302
0.003085797351005908,Boredom,Shame,0.0791697212114165
0.003085797351005908,Fear,Boredom,0.0037576426246703127
0.003085797351005908,Fear,Fear,0.7835803712994042
0.003085797351005908,Fear,Happiness,0.0075321840058088785
0.003085797351005908,Fear,Joy,0.02568083555916311
0.003085797351005908,Fear,Pride,0.010947276746872372
0.003085797351005908,Fear,Sadness,0.10231059987484649
0.003085797351005908,Fear,Shame,0.06619108988923492
0.003085797351005908,Happiness,Boredom,0.5139543409602807
0.003085797351005908,Happiness,Fear,0.0036262775668475995
0.003085797351005908,Happiness,Happiness,0.36956483098127546
0.003085797351005908,Happiness,Joy,0.016906472739278148
0.003085797351005908,Happiness,Pride,0.05840582035746065
0.003085797351005908,Happiness,Sadness,0.005090462651664727
0.003085797351005908,Happiness,Shame,0.03245179474319264
0.003085797351005908,Joy,Boredom,0.012556269129813929
0.003085797351005908,Joy,Fear,0.08237501655546031
0.003085797351005908,Joy,Happiness,0.09398861219644246
0.003085797351005908,Joy,Joy,0.3355527564135341
0.003085797351005908,Joy,Pride,0.25690486891705766
0.003085797351005908,Joy,Sadness,0.0506066424905167
0.003085797351005908,Joy,Shame,0.16801583429717468
0.003085797351005908,Pride,Boredom,0.06537835549637959
0.003085797351005908,Pride,Fear,0.020217040900685893
0.003085797351005908,Pride,Happiness,0.33852443919128405
0.003085797351005908,Pride,Joy,0.09866528894334554
0.003085797351005908,Pride,Pride,0.2522440313770382
0.003085797351005908,Pride,Sadness,0.05223859174753173
0.003085797351005908,Pride,Shame,0.17273225234373468
0.003085797351005908,Sadness,Boredom,0.05437192396616099
0.003085797351005908,Sadness,Fear,0.6882804211861208
0.003085797351005908,Sadness,Happiness,0.038553911601512864
0.003085797351005908,Sadness,Joy,0.044807835513798445
0.003085797351005908,Sadness,Pride,0.03729407749042707
0.003085797351005908,Sadness,Sadness,0.0403694759253195
0.003085797351005908,Sadness,Shame,0.09632235431666103
0.003085797351005908,Shame,Boredom,0.04326039199916425
0.003085797351005908,Shame,Fear,0.026217050809193003
0.003085797351005908,Shame,Happiness,0.24761989642307736
0.003085797351005908,Shame,Joy,0.1720788188943841
0.003085797351005908,Shame,Pride,0.24764763664138167
0.003085797351005908,Shame,Sadness,0.03710099592311833
0.003085797351005908,Shame,Shame,0.22607520930968134
0.003195400736379455,Boredom,Boredom,0.4513898332185964
0.003195400736379455,Boredom,Fear,0.032304425585230966
0.003195400736379455,Boredom,Happiness,0.17453865231717458
0.003195400736379455,Boredom,Joy,0.1630154955837041
0.003195400736379455,Boredom,Pride,0.07756414637748855
0.003195400736379455,Boredom,Sadness,0.005809978679850042
0.003195400736379455,Boredom,Shame,0.09537746823795516
0.003195400736379455,Fear,Boredom,0.003423813362088105
0.003195400736379455,Fear,Fear,0.7983307288724246
0.003195400736379455,Fear,Happiness,0.005127236172580528
0.003195400736379455,Fear,Joy,0.023507200229585513
0.003195400736379455,Fear,Pride,0.010947561061139354
0.003195400736379455,Fear,Sadness,0.08892465095561031
0.003195400736379455,Fear,Shame,0.06973880934657137
0.003195400736379455,Happiness,Boredom,0.4922517730782838
0.003195400736379455,Happiness,Fear,0.0030774977148151634
0.003195400736379455,Happiness,Happiness,0.39218347611747595
0.003195400736379455,Happiness,Joy,0.015985102236266226
0.003195400736379455,Happiness,Pride,0.060160041305558534
0.003195400736379455,Happiness,Sadness,0.004493455743918206
0.003195400736379455,Happiness,Shame,0.03184865380368222
0.003195400736379455,Joy,Boredom,0.009537315304950781
0.003195400736379455,Joy,Fear,0.0792798605348313
0.003195400736379455,Joy,Happiness,0.06937061273589762
0.003195400736379455,Joy,Joy,0.336150140221637
0.003195400736379455,Joy,Pride,0.26093546638375564
0.003195400736379455,Joy,Sadness,0.04723582337545506
0.003195400736379455,Joy,Shame,0.19749078144347224
0.003195400736379455,Pride,Boredom,0.05674473041307435
0.003195400736379455,Pride,Fear,0.014713942324996832
0.003195400736379455,Pride,Happiness,0.3390332643871087
0.003195400736379455,Pride,Joy,0.08812154831723376
0.003195400736379455,Pride,Pride,0.25695860828247763
0.003195400736379455,Pride,Sadness,0.0486721976815161
0.003195400736379455,Pride,Shame,0.19575570859359268
0.003195400736379455,Sadness,Boredom,0.04512027831762373
0.003195400736379455,Sadness,Fear,0.6896222765871877
0.003195400736379455,Sadness,Happiness,0.03341707509310104
0.003195400736379455,Sadness,Joy,0.04452534361300564
0.003195400736379455,Sadness,Pride,0.03856828969276527
0.003195400736379455,Sadness,Sadness,0.038462609967043815
0.003195400736379455,Sadness,Shame,0.1102841267292729
0.003195400736379455,Shame,Boredom,0.03755491139377902
0.003195400736379455,Shame,Fear,0.01956026684617134
0.003195400736379455,Shame,Happiness,0.22004989161050584
0.003195400736379455,Shame,Joy,0.1698531796263529
0.003195400736379455,Shame,Pride,0.2516563086885177
0.003195400736379455,Shame,Sadness,0.032203379902699246
0.003195400736379455,Shame,Shame,0.26912206193197385
0.003325071614487863,Boredom,Boredom,0.4132610709779068
0.003325071614487863,Boredom,Fear,0.03602408057893176
0.003325071614487863,Boredom,Happiness,0.14474276985218712
0.003325071614487863,Boredom,Joy,0.17954233150340512
0.003325071614487863,Boredom,Pride,0.09563385066749708
0.003325071614487863,Boredom,Sadness,0.012469777559690547
0.003325071614487863,Boredom,Shame,0.11832611886038114
0.003325071614487863,Fear,Boredom,0.0066996015835207355
0.003325071614487863,Fear,Fear,0.5515248267833176
0.003325071614487863,Fear,Happiness,0.01233324756318235
0.003325071614487863,Fear,Joy,0.053379359797011625
0.003325071614487863,Fear,Pride,0.02913274492459248
0.003325071614487863,Fear,Sadness,0.19422130992583136
0.003325071614487863,Fear,Shame,0.15270890942254398
0.003325071614487863,Happiness,Boredom,0.4403683200296683
0.003325071614487863,Happiness,Fear,0.007160997241693732
0.003325071614487863,Happiness,Happiness,0.3656307017782391
0.003325071614487863,Happiness,Joy,0.02815153041712907
0.003325071614487863,Happiness,Pride,0.08204552718408079
0.003325071614487863,Happiness,Sadness,0.0102779370088442
0.003325071614487863,Happiness,Shame,0.06636498634034489
0.003325071614487863,Joy,Boredom,0.009158452272876736
0.003325071614487863,Joy,Fear,0.06306964556642544
0.003325071614487863,Joy,Happiness,0.060818262842800064
0.003325071614487863,Joy,Joy,0.30737251476804006
0.003325071614487863,Joy,Pride,0.2685633966694344
0.003325071614487863,Joy,Sadness,0.053239897279742245
0.003325071614487863,Joy,Shame,0.23777783060068097
0.003325071614487863,Pride,Boredom,0.048618607088641186
0.003325071614487863,Pride,Fear,0.016348044180113767
0.003325071614487863,Pride,Happiness,0.2808766375205798
0.003325071614487863,Pride,Joy,0.09031811150605269
0.003325071614487863,Pride,Pride,0.26892152445257084
0.003325071614487863,Pride,Sadness,0.049772042487574816
0.003325071614487863,Pride,Shame,0.24514503276446645
0.003325071614487863,Sadness,Boredom,0.051053049798564606
0.003325071614487863,Sadness,Fear,0.4865516343619106
0.003325071614487863,Sadness,Happiness,0.04654289460434552
0.003325071614487863,Sadness,Joy,0.0784353056006438
0.003325071614487863,Sadness,Pride,0.07355194888859307
0.003325071614487863,Sadness,Sadness,0.07050662164739974
0.003325071614487863,Sadness,Shame,0.19335854509854267
0.003325071614487863,Shame,Boredom,0.03357844779860542
0.003325071614487863,Shame,Fear,0.01896716010531446
0.003325071614487863,Shame,Happiness,0.18514049443778308
0.003325071614487863,Shame,Joy,0.1937531909737717
0.003325071614487863,Shame,Pride,0.254469956988583
0.003325071614487863,Shame,Sadness,0.03503363803267332
0.003325071614487863,Shame,Shame,0.27905711166326963
0.0031174664353007613,Boredom,Boredom,0.43149775548909564
0.0031174664353007613,Boredom,Fear,0.032774979026391884
0.0031174664353007613,Boredom,Happiness,0.19145921901116925
0.0031174664353007613,Boredom,Joy,0.15755423870305751
0.0031174664353007613,Boredom,Pride,0.08056621310226861
0.0031174664353007613,Boredom,Sadness,0.008658899217522088
0.0031174664353007613,Boredom,Shame,0.09748869545049497
0.0031174664353007613,Fear,Boredom,0.0057006866593093015
0.0031174664353007613,Fear,Fear,0.6325826235573523
0.0031174664353007613,Fear,Happiness,0.012617790843079643
0.0031174664353007613,Fear,Joy,0.044466574860316306
0.0031174664353007613,Fear,Pride,0.02149010121761975
0.0031174664353007613,Fear,Sadness,0.17121088832417006
0.0031174664353007613,Fear,Shame,0.11193133453815285
0.0031174664353007613,Happiness,Boredom,0.4805068526312809
0.0031174664353007613,Happiness,Fear,0.005552507387865436
0.0031174664353007613,Happiness,Happiness,0.3623425126705493
0.0031174664353007613,Happiness,Joy,0.02440705346610198
0.0031174664353007613,Happiness,Pride,0.0698162760664191
0.0031174664353007613,Happiness,Sadness,0.007707593528661747
0.0031174664353007613,Happiness,Shame,0.04966720424912185
0.0031174664353007613,Joy,Boredom,0.011732644122917458
0.0031174664353007613,Joy,Fear,0.05918169661944426
0.0031174664353007613,Joy,Happiness,0.09360427220677643
0.0031174664353007613,Joy,Joy,0.3234187208605539
0.0031174664353007613,Joy,Pride,0.26213348726683805
0.0031174664353007613,Joy,Sadness,0.053529813376537214
0.0031174664353007613,Joy,Shame,0.1963993655469327
0.0031174664353007613,Pride,Boredom,0.056237704073700975
0.0031174664353007613,Pride,Fear,0.01891351493090657
0.0031174664353007613,Pride,Happiness,0.3060760185449144
0.0031174664353007613,Pride,Joy,0.10707788551265178
0.0031174664353007613,Pride,Pride,0.25933081165888
0.0031174664353007613,Pride,Sadness,0.0504251235066906
0.0031174664353007613,Pride,Shame,0.20193894177225558
0.0031174664353007613,Sadness,Boredom,0.052723008675644216
0.0031174664353007613,Sadness,Fear,0.5649021834442441
0.0031174664353007613,Sadness,Happiness,0.052503185696982375
0.0031174664353007613,Sadness,Joy,0.06698859629515996
0.0031174664353007613,Sadness,Pride,0.057765479775882436
0.0031174664353007613,Sadness,Sadness,0.05976577451202717
0.0031174664353007613,Sadness,Shame,0.14535177160005955
0.0031174664353007613,Shame,Boredom,0.04047301538196173
0.0031174664353007613,Shame,Fear,0.023128639133063577
0.0031174664353007613,Shame,Happiness,0.21925801836168607
0.0031174664353007613,Shame,Joy,0.19043770300754867
0.0031174664353007613,Shame,Pride,0.24917448429907038
0.0031174664353007613,Shame,Sadness,0.03553675294738247
0.0031174664353007613,Shame,Shame,0.2419913868692866
0.003184202958795457,Boredom,Boredom,0.41830804605850663
0.003184202958795457,Boredom,Fear,0.03344858055480795
0.003184202958795457,Boredom,Happiness,0.16603045529594312
0.003184202958795457,Boredom,Joy,0.16660747383193344
0.003184202958795457,Boredom,Pride,0.08679059615628856
0.003184202958795457,Boredom,Sadness,0.009321177245009657
0.003184202958795457,Boredom,Shame,0.11949367085751064
0.003184202958795457,Fear,Boredom,0.0056407077794885675
0.003184202958795457,Fear,Fear,0.6265551370721882
0.003184202958795457,Fear,Happiness,0.010926413999530612
0.003184202958795457,Fear,Joy,0.04456572988869842
0.003184202958795457,Fear,Pride,0.02209394035433366
0.003184202958795457,Fear,Sadness,0.16520844416331137
0.003184202958795457,Fear,Shame,0.12500962674244928
0.003184202958795457,Happiness,Boredom,0.45865645104839686
0.003184202958795457,Happiness,Fear,0.005681800228989303
0.003184202958795457,Happiness,Happiness,0.3731153217537121
0.003184202958795457,Happiness,Joy,0.02480585255605093
0.003184202958795457,Happiness,Pride,0.07459181661307672
0.003184202958795457,Happiness,Sadness,0.00821418434987043
0.003184202958795457,Happiness,Shame,0.05493457344990395
0.003184202958795457,Joy,Boredom,0.009804473279004711
0.003184202958795457,Joy,Fear,0.06244308628323
0.003184202958795457,Joy,Happiness,0.06956072999830634
0.003184202958795457,Joy,Joy,0.319763925292025
0.003184202958795457,Joy,Pride,0.26720172447162943
0.003184202958795457,Joy,Sadness,0.05191428474460807
0.003184202958795457,Joy,Shame,0.21931177593119663
0.003184202958795457,Pride,Boredom,0.0511081319579196
0.003184202958795457,Pride,Fear,0.015827688254269837
0.003184202958795457,Pride,Happiness,0.2974039760113661
0.003184202958795457,Pride,Joy,0.10033211257996887
0.003184202958795457,Pride,Pride,0.2630108922289083
0.003184202958795457,Pride,Sadness,0.04932894571277467
0.003184202958795457,Pride,Shame,0.2229882532547931
0.003184202958795457,Sadness,Boredom,0.05160098318329143
0.003184202958795457,Sadness,Fear,0.5480791499474754
0.003184202958795457,Sadness,Happiness,0.04371968442464362
0.003184202958795457,Sadness,Joy,0.06817904097851832
0.003184202958795457,Sadness,Pride,0.062122926846709926
0.003184202958795457,Sadness,Sadness,0.06261298155749351
0.003184202958795457,Sadness,Shame,0.16368523306186777
0.003184202958795457,Shame,Boredom,0.03558486779170256
0.003184202958795457,Shame,Fear,0.01943018117600726
0.003184202958795457,Shame,Happiness,0.1969903466352144
0.003184202958795457,Shame,Joy,0.19455762497433637
0.003184202958795457,Shame,Pride,0.252211452679001
0.003184202958795457,Shame,Sadness,0.034538617776898324
0.003184202958795457,Shame,Shame,0.2666869089668405
0.0032156219889539336,Boredom,Boredom,0.3871653181452771
0.0032156219889539336,Boredom,Fear,0.035758422216079
0.0032156219889539336,Boredom,Happiness,0.16210664388138504
0.0032156219889539336,Boredom,Joy,0.16876447994043584
0.0032156219889539336,Boredom,Pride,0.09052220724101756
0.0032156219889539336,Boredom,Sadness,0.012659878760753657
0.0032156219889539336,Boredom,Shame,0.14302304981505193
0.0032156219889539336,Fear,Boredom,0.008362222805832873
0.0032156219889539336,Fear,Fear,0.5071356111658784
0.0032156219889539336,Fear,Happiness,0.0171494182972327
0.0032156219889539336,Fear,Joy,0.06054030227628376
0.0032156219889539336,Fear,Pride,0.030928442596965443
0.0032156219889539336,Fear,Sadness,0.2107629142612809
0.0032156219889539336,Fear,Shame,0.16512108859652594
0.0032156219889539336,Happiness,Boredom,0.44342668853368933
0.0032156219889539336,Happiness,Fear,0.008487459334877904
0.0032156219889539336,Happiness,Happiness,0.34729463809747063
0.0032156219889539336,Happiness,Joy,0.03499690324999805
0.0032156219889539336,Happiness,Pride,0.08271996073875937
0.0032156219889539336,Happiness,Sadness,0.011855448817950679
0.0032156219889539336,Happiness,Shame,0.0712189012272539
0.0032156219889539336,Joy,Boredom,0.009789494264957205
0.0032156219889539336,Joy,Fear,0.07002716132652188
0.0032156219889539336,Joy,Happiness,0.07202008926040496
0.0032156219889539336,Joy,Joy,0.30707100947000715
0.0032156219889539336,Joy,Pride,0.2630010192936566
0.0032156219889539336,Joy,Sadness,0.054477637271518234
0.0032156219889539336,Joy,Shame,0.2236135891129337
0.0032156219889539336,Pride,Boredom,0.05325092566718609
0.0032156219889539336,Pride,Fear,0.01767283412677957
0.0032156219889539336,Pride,Happiness,0.2686369213923171
0.0032156219889539336,Pride,Joy,0.11928521822005742
0.0032156219889539336,Pride,Pride,0.26028427439951
0.0032156219889539336,Pride,Sadness,0.05041719114924701
0.0032156219889539336,Pride,Shame,0.2304526350449034
0.0032156219889539336,Sadness,Boredom,0.06663768306305014
0.0032156219889539336,Sadness,Fear,0.4503954665540244
0.0032156219889539336,Sadness,Happiness,0.05294477530527051
0.0032156219889539336,Sadness,Joy,0.08588882619366034
0.0032156219889539336,Sadness,Pride,0.07394551475368522
0.0032156219889539336,Sadness,Sadness,0.07364992257252946
0.0032156219889539336,Sadness,Shame,0.1965378115577801
0.0032156219889539336,Shame,Boredom,0.03631519712743439
0.0032156219889539336,Shame,Fear,0.02135785834597631
0.0032156219889539336,Shame,Happiness,0.18192714837404184
0.0032156219889539336,Shame,Joy,0.21514615490754171
0.0032156219889539336,Shame,Pride,0.25189236147571087
0.0032156219889539336,Shame,Sadness,0.037544733807619565
0.0032156219889539336,Shame,Shame,0.2558165459616756
0.003209020105018373,Boredom,Boredom,0.37276860929072464
0.003209020105018373,Boredom,Fear,0.034369428419695564
0.003209020105018373,Boredom,Happiness,0.12640957169346023
0.003209020105018373,Boredom,Joy,0.16793013337902515
0.003209020105018373,Boredom,Pride,0.10008492311899285
0.003209020105018373,Boredom,Sadness,0.01159527364004974
0.003209020105018373,Boredom,Shame,0.18684206045805238
0.003209020105018373,Fear,Boredom,0.006938704155932347
0.003209020105018373,Fear,Fear,0.5400786451103405
0.003209020105018373,Fear,Happiness,0.010709128696224823
0.003209020105018373,Fear,Joy,0.05286897855187463
0.003209020105018373,Fear,Pride,0.03113954603908321
0.003209020105018373,Fear,Sadness,0.18002989495071786
0.003209020105018373,Fear,Shame,0.17823510249582597
0.003209020105018373,Happiness,Boredom,0.3999069764592479
0.003209020105018373,Happiness,Fear,0.007178446202975219
0.003209020105018373,Happiness,Happiness,0.38757584574679166
0.003209020105018373,Happiness,Joy,0.030862138440566247
0.003209020105018373,Happiness,Pride,0.09020302016877534
0.003209020105018373,Happiness,Sadness,0.01049016164553288
0.003209020105018373,Happiness,Shame,0.07378341133611059
0.003209020105018373,Joy,Boredom,0.006829687042659815
0.003209020105018373,Joy,Fear,0.05549648293282325
0.003209020105018373,Joy,Happiness,0.050713953708834116
0.003209020105018373,Joy,Joy,0.2810354516359452
0.003209020105018373,Joy,Pride,0.2774146099218966
0.003209020105018373,Joy,Sadness,0.047125526944401114
0.003209020105018373,Joy,Shame,0.2813842878134396
0.003209020105018373,Pride,Boredom,0.03968337728726042
0.003209020105018373,Pride,Fear,0.010302861934610167
0.003209020105018373,Pride,Happiness,0.25655040098953685
0.003209020105018373,Pride,Joy,0.09693858140262591
0.003209020105018373,Pride,Pride,0.2726049801862446
0.003209020105018373,Pride,Sadness,0.04333856243574885
0.003209020105018373,Pride,Shame,0.280581235763973
0.003209020105018373,Sadness,Boredom,0.05274133069245793
0.003209020105018373,Sadness,Fear,0.4526169150767228
0.003209020105018373,Sadness,Happiness,0.04097248693263669
0.003209020105018373,Sadness,Joy,0.07899012545919988
0.003209020105018373,Sadness,Pride,0.07665000006699588
0.003209020105018373,Sadness,Sadness,0.06833588842672196
0.003209020105018373,Sadness,Shame,0.22969325334526433
0.003209020105018373,Shame,Boredom,0.02679454389873876
0.003209020105018373,Shame,Fear,0.012792359002461194
0.003209020105018373,Shame,Happiness,0.1376291865731931
0.003209020105018373,Shame,Joy,0.1973500816889632
0.003209020105018373,Shame,Pride,0.2653643457588528
0.003209020105018373,Shame,Sadness,0.02983448083902549
0.003209020105018373,Shame,Shame,0.33023500223876556
0.0032430935026875438,Boredom,Boredom,0.39985404246550726
0.0032430935026875438,Boredom,Fear,0.03539435836093449
0.0032430935026875438,Boredom,Happiness,0.16008901272311227
0.0032430935026875438,Boredom,Joy,0.17122227698943937
0.0032430935026875438,Boredom,Pride,0.09057478271989898
0.0032430935026875438,Boredom,Sadness,0.012317406775167397
0.0032430935026875438,Boredom,Shame,0.13054811996594048
0.0032430935026875438,Fear,Boredom,0.00741929652494786
0.0032430935026875438,Fear,Fear,0.524983865838743
0.0032430935026875438,Fear,Happiness,0.015493170111659002
0.0032430935026875438,Fear,Joy,0.05798246622594075
0.0032430935026875438,Fear,Pride,0.029348402228524147
0.0032430935026875438,Fear,Sadness,0.2054570148966062
0.0032430935026875438,Fear,Shame,0.15931578417357903
0.0032430935026875438,Happiness,Boredom,0.44280046052966193
0.0032430935026875438,Happiness,Fear,0.007933049087650792
0.0032430935026875438,Happiness,Happiness,0.35285892030260724
0.0032430935026875438,Happiness,Joy,0.03249728847794847
0.0032430935026875438,Happiness,Pride,0.08257727887476327
0.0032430935026875438,Happiness,Sadness,0.011353724334984177
0.0032430935026875438,Happiness,Shame,0.06997927839238414
0.0032430935026875438,Joy,Boredom,0.008921285131675286
0.0032430935026875438,Joy,Fear,0.07851015515779701
0.0032430935026875438,Joy,Happiness,0.06134168862833794
0.0032430935026875438,Joy,Joy,0.308754495045143
0.0032430935026875438,Joy,Pride,0.26374822341056137
0.0032430935026875438,Joy,Sadness,0.05159176675566694
0.0032430935026875438,Joy,Shame,0.22713238587081835
0.0032430935026875438,Pride,Boredom,0.049472884646439896
0.0032430935026875438,Pride,Fear,0.01659792208912993
0.0032430935026875438,Pride,Happiness,0.2732098453932642
0.0032430935026875438,Pride,Joy,0.1126530223341886
0.0032430935026875438,Pride,Pride,0.26306353998555315
0.0032430935026875438,Pride,Sadness,0.0497683449696812
0.0032430935026875438,Pride,Shame,0.23523444058174306
0.0032430935026875438,Sadness,Boredom,0.02153590243280717
0.0032430935026875438,Sadness,Fear,0.4810898651310535
0.0032430935026875438,Sadness,Happiness,0.036701184022334916
0.0032430935026875438,Sadness,Joy,0.08233497476615118
0.0032430935026875438,Sadness,Pride,0.07950361206856006
0.0032430935026875438,Sadness,Sadness,0.10033597577962927
0.0032430935026875438,Sadness,Shame,0.19849848579946405
0.0032430935026875438,Shame,Boredom,0.034749837889754165
0.0032430935026875438,Shame,Fear,0.02084113577726975
0.0032430935026875438,Shame,Happiness,0.1809359966098828
0.0032430935026875438,Shame,Joy,0.20793766965092572
0.0032430935026875438,Shame,Pride,0.25228983420033635
0.0032430935026875438,Shame,Sadness,0.03881516366286488
0.0032430935026875438,Shame,Shame,0.264430362208966
0.003052924037230223,Boredom,Boredom,0.40729479221806497
0.003052924037230223,Boredom,Fear,0.033985739696804046
0.003052924037230223,Boredom,Happiness,0.1974694987572375
0.003052924037230223,Boredom,Joy,0.1530820243372046
0.003052924037230223,Boredom,Pride,0.08171813320085039
0.003052924037230223,Boredom,Sadness,0.010595318867354918
0.003052924037230223,Boredom,Shame,0.11585449292248391
0.003052924037230223,Fear,Boredom,0.007464429266088686
0.003052924037230223,Fear,Fear,0.5731999886702099
0.003052924037230223,Fear,Happiness,0.01779472515158167
0.003052924037230223,Fear,Joy,0.05191034439683972
0.003052924037230223,Fear,Pride,0.024035158533300998
0.003052924037230223,Fear,Sadness,0.19510018252988628
0.003052924037230223,Fear,Shame,0.1304951714520929
0.003052924037230223,Happiness,Boredom,0.47392899107349445
0.003052924037230223,Happiness,Fear,0.007654627904235852
0.003052924037230223,Happiness,Happiness,0.3434443006358198
0.003052924037230223,Happiness,Joy,0.03231454873843109
0.003052924037230223,Happiness,Pride,0.07377980978076773
0.003052924037230223,Happiness,Sadness,0.010037706485435765
0.003052924037230223,Happiness,Shame,0.05884001538181525
0.003052924037230223,Joy,Boredom,0.011472386753829769
0.003052924037230223,Joy,Fear,0.09849074392706414
0.003052924037230223,Joy,Happiness,0.08266599930095592
0.003052924037230223,Joy,Joy,0.3109386166815947
0.003052924037230223,Joy,Pride,0.25454942948403236
0.003052924037230223,Joy,Sadness,0.053074684743297906
0.003052924037230223,Joy,Shame,0.18880813910922525
0.003052924037230223,Pride,Boredom,0.06681323145450846
0.003052924037230223,Pride,Fear,0.021147863039576175
0.003052924037230223,Pride,Happiness,0.2904516459709305
0.003052924037230223,Pride,Joy,0.12000872603255877
0.003052924037230223,Pride,Pride,0.2534730113253421
0.003052924037230223,Pride,Sadness,0.05191955254061335
0.003052924037230223,Pride,Shame,0.1961859696364708
0.003052924037230223,Sadness,Boredom,0.02282233767953716
0.003052924037230223,Sadness,Fear,0.5435566169473084
0.003052924037230223,Sadness,Happiness,0.039871435678424376
0.003052924037230223,Sadness,Joy,0.07355550847774092
0.003052924037230223,Sadness,Pride,0.06788092739546485
0.003052924037230223,Sadness,Sadness,0.09205786594716782
0.003052924037230223,Sadness,Shame,0.16025530787435632
0.003052924037230223,Shame,Boredom,0.04300251478066893
0.003052924037230223,Shame,Fear,0.026605861526439258
0.003052924037230223,Shame,Happiness,0.22090510697263138
0.003052924037230223,Shame,Joy,0.1999148666320431
0.003052924037230223,Shame,Pride,0.24830691761310136
0.003052924037230223,Shame,Sadness,0.04044128782190268
0.003052924037230223,Shame,Shame,0.2208234446532133
0.0033061298259008604,Boredom,Boredom,0.4248339412430763
0.0033061298259008604,Boredom,Fear,0.035031086521309554
0.0033061298259008604,Boredom,Happiness,0.18674232484381897
0.0033061298259008604,Boredom,Joy,0.1678338194307702
0.0033061298259008604,Boredom,Pride,0.08510153204817962
0.0033061298259008604,Boredom,Sadness,0.009868908173277987
0.0033061298259008604,Boredom,Shame,0.09058838773956746
0.0033061298259008604,Fear,Boredom,0.005268518390126868
0.0033061298259008604,Fear,Fear,0.6419399577863243
0.0033061298259008604,Fear,Happiness,0.011795555495403521
0.0033061298259008604,Fear,Joy,0.0431517032479941
0.0033061298259008604,Fear,Pride,0.02010666446937318
0.0033061298259008604,Fear,Sadness,0.16756371134028694
0.0033061298259008604,Fear,Shame,0.11017388927049108
0.0033061298259008604,Happiness,Boredom,0.47837217112842906
0.0033061298259008604,Happiness,Fear,0.006335237578382853
0.0033061298259008604,Happiness,Happiness,0.35732993216378817
0.0033061298259008604,Happiness,Joy,0.024621181541801422
0.0033061298259008604,Happiness,Pride,0.07182115792861374
0.0033061298259008604,Happiness,Sadness,0.008898021746612647
0.0033061298259008604,Happiness,Shame,0.05262229791237216
0.0033061298259008604,Joy,Boredom,0.010595891885989816
0.0033061298259008604,Joy,Fear,0.088178617795813
0.0033061298259008604,Joy,Happiness,0.07031484725718075
0.0033061298259008604,Joy,Joy,0.3298185594996003
0.0033061298259008604,Joy,Pride,0.25915131126709473
0.0033061298259008604,Joy,Sadness,0.052361934426345035
0.0033061298259008604,Joy,Shame,0.18957883786797608
0.0033061298259008604,Pride,Boredom,0.05475813559800984
0.0033061298259008604,Pride,Fear,0.020685122633943023
0.0033061298259008604,Pride,Happiness,0.3057136905488877
0.0033061298259008604,Pride,Joy,0.10334877019711738
0.0033061298259008604,Pride,Pride,0.26109362909712625
0.0033061298259008604,Pride,Sadness,0.05338741606068119
0.0033061298259008604,Pride,Shame,0.20101323586423472
0.0033061298259008604,Sadness,Boredom,0.017427732591994063
0.0033061298259008604,Sadness,Fear,0.6037272222863956
0.0033061298259008604,Sadness,Happiness,0.03137012522786335
0.0033061298259008604,Sadness,Joy,0.06238770990410966
0.0033061298259008604,Sadness,Pride,0.05807116392472931
0.0033061298259008604,Sadness,Sadness,0.08359457020703477
0.0033061298259008604,Sadness,Shame,0.14342147585787302
0.0033061298259008604,Shame,Boredom,0.039563141765946455
0.0033061298259008604,Shame,Fear,0.026143696290737276
0.0033061298259008604,Shame,Happiness,0.22108737306375778
0.0033061298259008604,Shame,Joy,0.1892406686913902
0.0033061298259008604,Shame,Pride,0.24862080895892666
0.0033061298259008604,Shame,Sadness,0.04200973219343509
0.0033061298259008604,Shame,Shame,0.23333457903580684
0.0033330159378210057,Boredom,Boredom,0.47836978588534024
0.0033330159378210057,Boredom,Fear,0.031450635103073034
0.0033330159378210057,Boredom,Happiness,0.1653383031319035
0.0033330159378210057,Boredom,Joy,0.1724443716446661
0.0033330159378210057,Boredom,Pride,0.07301403800151403
0.0033330159378210057,Boredom,Sadness,0.004533936607279708
0.0033330159378210057,Boredom,Shame,0.07484892962622339
0.0033330159378210057,Fear,Boredom,0.002415649397834632
0.0033330159378210057,Fear,Fear,0.8894877978912464
0.0033330159378210057,Fear,Happiness,0.0023149225758578662
0.0033330159378210057,Fear,Joy,0.012603525236631387
0.0033330159378210057,Fear,Pride,0.005456670877447613
0.0033330159378210057,Fear,Sadness,0.0579825311874428
0.0033330159378210057,Fear,Shame,0.02973890283353884
0.0033330159378210057,Happiness,Boredom,0.5295037493099545
0.0033330159378210057,Happiness,Fear,0.001956003535472013
0.0033330159378210057,Happiness,Happiness,0.3853073289556033
0.0033330159378210057,Happiness,Joy,0.011691334671860655
0.0033330159378210057,Happiness,Pride,0.04971874441197957
0.0033330159378210057,Happiness,Sadness,0.002707747594718623
0.0033330159378210057,Happiness,Shame,0.019115091520411336
0.0033330159378210057,Joy,Boredom,0.009162843757430665
0.0033330159378210057,Joy,Fear,0.11702191371032085
0.0033330159378210057,Joy,Happiness,0.05459538848153504
0.0033330159378210057,Joy,Joy,0.35485052165788405
0.0033330159378210057,Joy,Pride,0.25268552278803985
0.0033330159378210057,Joy,Sadness,0.04171892180245214
0.0033330159378210057,Joy,Shame,0.16996488780233768
0.0033330159378210057,Pride,Boredom,0.06556007356137368
0.0033330159378210057,Pride,Fear,0.015429703664462455
0.0033330159378210057,Pride,Happiness,0.36753173056979493
0.0033330159378210057,Pride,Joy,0.08473801174596748
0.0033330159378210057,Pride,Pride,0.2505402296490299
0.0033330159378210057,Pride,Sadness,0.04953438219215953
0.0033330159378210057,Pride,Shame,0.16666586861721164
0.0033330159378210057,Sadness,Boredom,0.012337486983535399
0.0033330159378210057,Sadness,Fear,0.8412002225769588
0.0033330159378210057,Sadness,Happiness,0.014217514236859834
0.0033330159378210057,Sadness,Joy,0.021802791672522838
0.0033330159378210057,Sadness,Pride,0.021088048918025237
0.0033330159378210057,Sadness,Sadness,0.030353732028989392
0.0033330159378210057,Sadness,Shame,0.059000203583108445
0.0033330159378210057,Shame,Boredom,0.04275447715154186
0.0033330159378210057,Shame,Fear,0.02194275878007359
0.0033330159378210057,Shame,Happiness,0.24040941809471317
0.0033330159378210057,Shame,Joy,0.15170262022497286
0.0033330159378210057,Shame,Pride,0.24955988689290715
0.0033330159378210057,Shame,Sadness,0.03217081015213253
0.0033330159378210057,Shame,Shame,0.2614600287036586
0.0029240819575538594,Boredom,Boredom,0.3833582556542148
0.0029240819575538594,Boredom,Fear,0.03377446467942948
0.0029240819575538594,Boredom,Happiness,0.1997041894048521
0.0029240819575538594,Boredom,Joy,0.15294096138568347
0.0029240819575538594,Boredom,Pride,0.08392168093971822
0.0029240819575538594,Boredom,Sadness,0.011380413605131973
0.0029240819575538594,Boredom,Shame,0.13492003433096972
0.0029240819575538594,Fear,Boredom,0.010536499522249082
0.0029240819575538594,Fear,Fear,0.5527031787548692
0.0029240819575538594,Fear,Happiness,0.01936504702633949
0.0029240819575538594,Fear,Joy,0.05309979418924503
0.0029240819575538594,Fear,Pride,0.024884544930725838
0.0029240819575538594,Fear,Sadness,0.20349131711043758
0.0029240819575538594,Fear,Shame,0.13591961846613385
0.0029240819575538594,Happiness,Boredom,0.4685952874786966
0.0029240819575538594,Happiness,Fear,0.007657526877944937
0.0029240819575538594,Happiness,Happiness,0.3389928788384977
0.0029240819575538594,Happiness,Joy,0.035075297632381465
0.0029240819575538594,Happiness,Pride,0.07348887376603755
0.0029240819575538594,Happiness,Sadness,0.010066199645337694
0.0029240819575538594,Happiness,Shame,0.06612393576110379
0.0029240819575538594,Joy,Boredom,0.011778270602642837
0.0029240819575538594,Joy,Fear,0.1386112778804725
0.0029240819575538594,Joy,Happiness,0.08234838730471869
0.0029240819575538594,Joy,Joy,0.2836285481549451
0.0029240819575538594,Joy,Pride,0.24502216176644828
0.0029240819575538594,Joy,Sadness,0.053510071964658894
0.0029240819575538594,Joy,Shame,0.1851012823261136
0.0029240819575538594,Pride,Boredom,0.08092363838325388
0.0029240819575538594,Pride,Fear,0.020682424520188064
0.0029240819575538594,Pride,Happiness,0.285816380963181
0.0029240819575538594,Pride,Joy,0.12438248655073252
0.0029240819575538594,Pride,Pride,0.24813746659067404
0.0029240819575538594,Pride,Sadness,0.0516921743273174
0.0029240819575538594,Pride,Shame,0.1883654286646529
0.0029240819575538594,Sadness,Boredom,0.028916718702551324
0.0029240819575538594,Sadness,Fear,0.5214399784991216
0.0029240819575538594,Sadness,Happiness,0.041787955029702145
0.0029240819575538594,Sadness,Joy,0.07611161629910304
0.0029240819575538594,Sadness,Pride,0.07080840544917988
0.0029240819575538594,Sadness,Sadness,0.09959437154858843
0.0029240819575538594,Sadness,Shame,0.1613409544717534
0.0029240819575538594,Shame,Boredom,0.05082294267323165
0.0029240819575538594,Shame,Fear,0.026335994887739283
0.0029240819575538594,Shame,Happiness,0.21915205598640944
0.0029240819575538594,Shame,Joy,0.2011317978682292
0.0029240819575538594,Shame,Pride,0.2453704203408038
0.0029240819575538594,Shame,Sadness,0.040114993146421446
0.0029240819575538594,Shame,Shame,0.2170717950971651
0.0030158440080750998,Boredom,Boredom,0.44115547141325767
0.0030158440080750998,Boredom,Fear,0.03265225083310039
0.0030158440080750998,Boredom,Happiness,0.18547785418987167
0.0030158440080750998,Boredom,Joy,0.15530608112882374
0.0030158440080750998,Boredom,Pride,0.07611442577394646
0.0030158440080750998,Boredom,Sadness,0.006187637874339727
0.0030158440080750998,Boredom,Shame,0.10310627878666058
0.0030158440080750998,Fear,Boredom,0.004153470412569871
0.0030158440080750998,Fear,Fear,0.7459883950547402
0.0030158440080750998,Fear,Happiness,0.007609259039793783
0.0030158440080750998,Fear,Joy,0.0300936808542677
0.0030158440080750998,Fear,Pride,0.014256326059936635
0.0030158440080750998,Fear,Sadness,0.11040365523509037
0.0030158440080750998,Fear,Shame,0.08749521334360151
0.0030158440080750998,Happiness,Boredom,0.4918969280724847
0.0030158440080750998,Happiness,Fear,0.003698921730387
0.0030158440080750998,Happiness,Happiness,0.3818629154182413
0.0030158440080750998,Happiness,Joy,0.017958942645276674
0.0030158440080750998,Happiness,Pride,0.06254342639856485
0.0030158440080750998,Happiness,Sadness,0.005298196480777039
0.0030158440080750998,Happiness,Shame,0.03674066925426861
0.0030158440080750998,Joy,Boredom,0.007712396796888599
0.0030158440080750998,Joy,Fear,0.1550823495475893
0.0030158440080750998,Joy,Happiness,0.06435195841500481
0.0030158440080750998,Joy,Joy,0.3040726445466375
0.0030158440080750998,Joy,Pride,0.23786536384854215
0.0030158440080750998,Joy,Sadness,0.04481104821785822
0.0030158440080750998,Joy,Shame,0.1861042386274791
0.0030158440080750998,Pride,Boredom,0.0640011513970902
0.0030158440080750998,Pride,Fear,0.0161207495847183
0.0030158440080750998,Pride,Happiness,0.32724266372137234
0.0030158440080750998,Pride,Joy,0.09440164302203086
0.0030158440080750998,Pride,Pride,0.2542292610092597
0.0030158440080750998,Pride,Sadness,0.04847593568076076
0.0030158440080750998,Pride,Shame,0.1955285955847682
0.0030158440080750998,Sadness,Boredom,0.016686917501462097
0.0030158440080750998,Sadness,Fear,0.6863121478981884
0.0030158440080750998,Sadness,Happiness,0.02466101287999087
0.0030158440080750998,Sadness,Joy,0.047771112021629335
0.0030158440080750998,Sadness,Pride,0.04295010232715566
0.0030158440080750998,Sadness,Sadness,0.05677758024290222
0.0030158440080750998,Sadness,Shame,0.12484112712867079
0.0030158440080750998,Shame,Boredom,0.03946473253512259
0.0030158440080750998,Shame,Fear,0.022287346515227655
0.0030158440080750998,Shame,Happiness,0.22100245847277858
0.0030158440080750998,Shame,Joy,0.17342558420987306
0.0030158440080750998,Shame,Pride,0.25036760836819305
0.0030158440080750998,Shame,Sadness,0.034992297566318914
0.0030158440080750998,Shame,Shame,0.2584599723324859
0.0032180793631978416,Boredom,Boredom,0.49928109746393745
0.0032180793631978416,Boredom,Fear,0.03157058215651299
0.0032180793631978416,Boredom,Happiness,0.20105359032844383
0.0032180793631978416,Boredom,Joy,0.14307550681153738
0.0032180793631978416,Boredom,Pride,0.06300256940758568
0.0032180793631978416,Boredom,Sadness,0.0033492125501150246
0.0032180793631978416,Boredom,Shame,0.05866744128186742
0.0032180793631978416,Fear,Boredom,0.002311308623018093
0.0032180793631978416,Fear,Fear,0.916671120144298
0.0032180793631978416,Fear,Happiness,0.0025405006854775833
0.0032180793631978416,Fear,Joy,0.009672076281059651
0.0032180793631978416,Fear,Pride,0.004007435572359996
0.0032180793631978416,Fear,Sadness,0.04381734105944413
0.0032180793631978416,Fear,Shame,0.020980217634342452
0.0032180793631978416,Happiness,Boredom,0.5674835121217449
0.0032180793631978416,Happiness,Fear,0.0015109988098779452
0.0032180793631978416,Happiness,Happiness,0.3630967223415853
0.0032180793631978416,Happiness,Joy,0.009652784626703536
0.0032180793631978416,Happiness,Pride,0.04192925473759939
0.0032180793631978416,Happiness,Sadness,0.002187517570471206
0.0032180793631978416,Happiness,Shame,0.014139209792017864
0.0032180793631978416,Joy,Boredom,0.010893543742847744
0.0032180793631978416,Joy,Fear,0.11822552550715643
0.0032180793631978416,Joy,Happiness,0.08043287321342903
0.0032180793631978416,Joy,Joy,0.37200533646001943
0.0032180793631978416,Joy,Pride,0.2409856212824012
0.0032180793631978416,Joy,Sadness,0.04157005889128119
0.0032180793631978416,Joy,Shame,0.13588704090286535
0.0032180793631978416,Pride,Boredom,0.07369015778399825
0.0032180793631978416,Pride,Fear,0.01942324636027531
0.0032180793631978416,Pride,Happiness,0.37997502835282354
0.0032180793631978416,Pride,Joy,0.09331757490236706
0.0032180793631978416,Pride,Pride,0.24310908458130925
0.0032180793631978416,Pride,Sadness,0.05212365702322339
0.0032180793631978416,Pride,Shame,0.13836125099600288
0.0032180793631978416,Sadness,Boredom,0.011935485920057626
0.0032180793631978416,Sadness,Fear,0.8758372493310568
0.0032180793631978416,Sadness,Happiness,0.014977727248142976
0.0032180793631978416,Sadness,Joy,0.017267783303991657
0.0032180793631978416,Sadness,Pride,0.015302168582737755
0.0032180793631978416,Sadness,Sadness,0.023322218594463612
0.0032180793631978416,Sadness,Shame,0.04135736701954917
0.0032180793631978416,Shame,Boredom,0.049464368365718776
0.0032180793631978416,Shame,Fear,0.02669354848949474
0.0032180793631978416,Shame,Happiness,0.26736292004900947
0.0032180793631978416,Shame,Joy,0.15791270398983923
0.0032180793631978416,Shame,Pride,0.24158567850581067
0.0032180793631978416,Shame,Sadness,0.03664723776931315
0.0032180793631978416,Shame,Shame,0.2203335428308139
0.003155276543690768,Boredom,Boredom,0.4251402010912552
0.003155276543690768,Boredom,Fear,0.03411943614376403
0.003155276543690768,Boredom,Happiness,0.19307531156900892
0.003155276543690768,Boredom,Joy,0.15885262864397515
0.003155276543690768,Boredom,Pride,0.08105835988804012
0.003155276543690768,Boredom,Sadness,0.009163857942526697
0.003155276543690768,Boredom,Shame,0.09859020472142929
0.003155276543690768,Fear,Boredom,0.005902455202624664
0.003155276543690768,Fear,Fear,0.6248882094185207
0.003155276543690768,Fear,Happiness,0.013294753816677064
0.003155276543690768,Fear,Joy,0.04565094044621029
0.003155276543690768,Fear,Pride,0.021151864226594888
0.003155276543690768,Fear,Sadness,0.17434031443135295
0.003155276543690768,Fear,Shame,0.11477146245801968
0.003155276543690768,Happiness,Boredom,0.47802910341085947
0.003155276543690768,Happiness,Fear,0.006122890360945017
0.003155276543690768,Happiness,Happiness,0.35845330495401806
0.003155276543690768,Happiness,Joy,0.025911348172226026
0.003155276543690768,Happiness,Pride,0.07109038770214621
0.003155276543690768,Happiness,Sadness,0.008367384056205834
0.003155276543690768,Happiness,Shame,0.05202558134359921
0.003155276543690768,Joy,Boredom,0.010866361052204619
0.003155276543690768,Joy,Fear,0.08378940047597916
0.003155276543690768,Joy,Happiness,0.07700010871560253
0.003155276543690768,Joy,Joy,0.32552615299469967
0.003155276543690768,Joy,Pride,0.2595144383489596
0.003155276543690768,Joy,Sadness,0.05114593170395514
0.003155276543690768,Joy,Shame,0.19215760670859905
0.003155276543690768,Pride,Boredom,0.057099085660898885
0.003155276543690768,Pride,Fear,0.019821869656310363
0.003155276543690768,Pride,Happiness,0.3034594556771962
0.003155276543690768,Pride,Joy,0.10960939715186285
0.003155276543690768,Pride,Pride,0.25862213951800833
0.003155276543690768,Pride,Sadness,0.05139197330410431
0.003155276543690768,Pride,Shame,0.19999607903161884
0.003155276543690768,Sadness,Boredom,0.019340544114332718
0.003155276543690768,Sadness,Fear,0.5868510693857641
0.003155276543690768,Sadness,Happiness,0.03409074420662344
0.003155276543690768,Sadness,Joy,0.06533261566632602
0.003155276543690768,Sadness,Pride,0.06051637544558073
0.003155276543690768,Sadness,Sadness,0.0855000943213066
0.003155276543690768,Sadness,Shame,0.14836855686006656
0.003155276543690768,Shame,Boredom,0.04060127357840605
0.003155276543690768,Shame,Fear,0.025294537717737518
0.003155276543690768,Shame,Happiness,0.21981510751887887
0.003155276543690768,Shame,Joy,0.1910756725010624
0.003155276543690768,Shame,Pride,0.24840533858584493
0.003155276543690768,Shame,Sadness,0.03942957844625297
0.003155276543690768,Shame,Shame,0.23537849165181723
0.003197623957519387,Boredom,Boredom,0.42868077581342584
0.003197623957519387,Boredom,Fear,0.03413043884737572
0.003197623957519387,Boredom,Happiness,0.18816084690048346
0.003197623957519387,Boredom,Joy,0.16160014424693003
0.003197623957519387,Boredom,Pride,0.08176069181340163
0.003197623957519387,Boredom,Sadness,0.009145983012780495
0.003197623957519387,Boredom,Shame,0.09652111936560241
0.003197623957519387,Fear,Boredom,0.005530819069443922
0.003197623957519387,Fear,Fear,0.6359209720606238
0.003197623957519387,Fear,Happiness,0.01204638764589686
0.003197623957519387,Fear,Joy,0.04413309036251273
0.003197623957519387,Fear,Pride,0.0211292208377514
0.003197623957519387,Fear,Sadness,0.1676717048670044
0.003197623957519387,Fear,Shame,0.1135678051567671
0.003197623957519387,Happiness,Boredom,0.47934367873279726
0.003197623957519387,Happiness,Fear,0.005914128851630398
0.003197623957519387,Happiness,Happiness,0.36223167806698714
0.003197623957519387,Happiness,Joy,0.023852285415139705
0.003197623957519387,Happiness,Pride,0.0704252300862006
0.003197623957519387,Happiness,Sadness,0.008068065982184432
0.003197623957519387,Happiness,Shame,0.050164932865060886
0.003197623957519387,Joy,Boredom,0.01060805785637184
0.003197623957519387,Joy,Fear,0.08030914400929577
0.003197623957519387,Joy,Happiness,0.07197561833085502
0.003197623957519387,Joy,Joy,0.33239582131341927
0.003197623957519387,Joy,Pride,0.2609002414932055
0.003197623957519387,Joy,Sadness,0.0507716114924519
0.003197623957519387,Joy,Shame,0.1930395055044005
0.003197623957519387,Pride,Boredom,0.0559876963684379
0.003197623957519387,Pride,Fear,0.02008513902339285
0.003197623957519387,Pride,Happiness,0.3073276948022582
0.003197623957519387,Pride,Joy,0.10385114481703754
0.003197623957519387,Pride,Pride,0.2602347943965498
0.003197623957519387,Pride,Sadness,0.05154001549724516
0.003197623957519387,Pride,Shame,0.20097351509507846
0.003197623957519387,Sadness,Boredom,0.01855842555094292
0.003197623957519387,Sadness,Fear,0.5988144388071721
0.003197623957519387,Sadness,Happiness,0.032114116565014186
0.003197623957519387,Sadness,Joy,0.06377335888755564
0.003197623957519387,Sadness,Pride,0.058489006430512934
0.003197623957519387,Sadness,Sadness,0.08089156639549397
0.003197623957519387,Sadness,Shame,0.14735908736330788
0.003197623957519387,Shame,Boredom,0.040394774256589626
0.003197623957519387,Shame,Fear,0.02558653443612363
0.003197623957519387,Shame,Happiness,0.2192187793422915
0.003197623957519387,Shame,Joy,0.18819638696767407
0.003197623957519387,Shame,Pride,0.24876818055023261
0.003197623957519387,Shame,Sadness,0.03947263942712129
0.003197623957519387,Shame,Shame,0.2383627050199674
0.003079361370832543,Boredom,Boredom,0.37545375724715135
0.003079361370832543,Boredom,Fear,0.03467861141218791
0.003079361370832543,Boredom,Happiness,0.16523032919744715
0.003079361370832543,Boredom,Joy,0.16449494084720895
0.003079361370832543,Boredom,Pride,0.09071301856321534
0.003079361370832543,Boredom,Sadness,0.012393621389648867
0.003079361370832543,Boredom,Shame,0.15703572134314067
0.003079361370832543,Fear,Boredom,0.008417027730547024
0.003079361370832543,Fear,Fear,0.48829664555481495
0.003079361370832543,Fear,Happiness,0.018807651024663582
0.003079361370832543,Fear,Joy,0.06324195010808509
0.003079361370832543,Fear,Pride,0.032030191858690445
0.003079361370832543,Fear,Sadness,0.21715032593839462
0.003079361370832543,Fear,Shame,0.17205620778480424
0.003079361370832543,Happiness,Boredom,0.4385264523899432
0.003079361370832543,Happiness,Fear,0.008632361575565644
0.003079361370832543,Happiness,Happiness,0.34326236779092445
0.003079361370832543,Happiness,Joy,0.0404351328519796
0.003079361370832543,Happiness,Pride,0.08367862045977167
0.003079361370832543,Happiness,Sadness,0.011852036975990451
0.003079361370832543,Happiness,Shame,0.07361302795582512
0.003079361370832543,Joy,Boredom,0.009203602210520757
0.003079361370832543,Joy,Fear,0.07986474228976943
0.003079361370832543,Joy,Happiness,0.06797105651501265
0.003079361370832543,Joy,Joy,0.30363989924099183
0.003079361370832543,Joy,Pride,0.2615024291242663
0.003079361370832543,Joy,Sadness,0.05164998555060736
0.003079361370832543,Joy,Shame,0.22616828506883171
0.003079361370832543,Pride,Boredom,0.052660131796649676
0.003079361370832543,Pride,Fear,0.01714360038764337
0.003079361370832543,Pride,Happiness,0.2606309221883093
0.003079361370832543,Pride,Joy,0.1281900827481125
0.003079361370832543,Pride,Pride,0.2598344677480016
0.003079361370832543,Pride,Sadness,0.04936992953217288
0.003079361370832543,Pride,Shame,0.23217086559911068
0.003079361370832543,Sadness,Boredom,0.023099158959353168
0.003079361370832543,Sadness,Fear,0.45031562195335934
0.003079361370832543,Sadness,Happiness,0.04111907060326818
0.003079361370832543,Sadness,Joy,0.08818204402713162
0.003079361370832543,Sadness,Pride,0.08465893221092095
0.003079361370832543,Sadness,Sadness,0.1046777829835299
0.003079361370832543,Sadness,Shame,0.20794738926243633
0.003079361370832543,Shame,Boredom,0.03582454027084808
0.003079361370832543,Shame,Fear,0.02162732227646407
0.003079361370832543,Shame,Happiness,0.17894173294681776
0.003079361370832543,Shame,Joy,0.21356286950462483
0.003079361370832543,Shame,Pride,0.25288968225275077
0.003079361370832543,Shame,Sadness,0.03782128178762995
0.003079361370832543,Shame,Shame,0.2593325709608643
0.0033243656542774444,Boredom,Boredom,0.4180012293907089
0.0033243656542774444,Boredom,Fear,0.035314999501625276
0.0033243656542774444,Boredom,Happiness,0.16796228581097267
0.0033243656542774444,Boredom,Joy,0.17518624000934704
0.0033243656542774444,Boredom,Pride,0.08870952147287889
0.0033243656542774444,Boredom,Sadness,0.010614436748807294
0.0033243656542774444,Boredom,Shame,0.10421128706565991
0.0033243656542774444,Fear,Boredom,0.005517383115775337
0.0033243656542774444,Fear,Fear,0.6244188110242653
0.0033243656542774444,Fear,Happiness,0.011687751511714924
0.0033243656542774444,Fear,Joy,0.04521236453796476
0.0033243656542774444,Fear,Pride,0.022563367408368153
0.0033243656542774444,Fear,Sadness,0.16450862469788666
0.0033243656542774444,Fear,Shame,0.1260916977040249
0.0033243656542774444,Happiness,Boredom,0.46009429097314575
0.0033243656542774444,Happiness,Fear,0.006537972074838251
0.0033243656542774444,Happiness,Happiness,0.3634683445867863
0.0033243656542774444,Happiness,Joy,0.02616698028284895
0.0033243656542774444,Happiness,Pride,0.07598543869612193
0.0033243656542774444,Happiness,Sadness,0.009440636215782611
0.0033243656542774444,Happiness,Shame,0.05830633717047651
0.0033243656542774444,Joy,Boredom,0.009361625888575033
0.0033243656542774444,Joy,Fear,0.08897089965310281
0.0033243656542774444,Joy,Happiness,0.059987402253231396
0.0033243656542774444,Joy,Joy,0.320440407035012
0.0033243656542774444,Joy,Pride,0.26163117666561686
0.0033243656542774444,Joy,Sadness,0.05109056437918093
0.0033243656542774444,Joy,Shame,0.208517924125281
0.0033243656542774444,Pride,Boredom,0.052311177583498
0.0033243656542774444,Pride,Fear,0.01801922133085244
0.0033243656542774444,Pride,Happiness,0.29672806933607804
0.0033243656542774444,Pride,Joy,0.10042149235379477
0.0033243656542774444,Pride,Pride,0.26218419403978105
0.0033243656542774444,Pride,Sadness,0.051665922909922835
0.0033243656542774444,Pride,Shame,0.2186699224460729
0.0033243656542774444,Sadness,Boredom,0.018080935451658706
0.0033243656542774444,Sadness,Fear,0.5769723541686218
0.0033243656542774444,Sadness,Happiness,0.030310390421639587
0.0033243656542774444,Sadness,Joy,0.06604044053419163
0.0033243656542774444,Sadness,Pride,0.06259856682116428
0.0033243656542774444,Sadness,Sadness,0.08245092881053144
0.0033243656542774444,Sadness,Shame,0.16354638379219238
0.0033243656542774444,Shame,Boredom,0.036558174110603345
0.0033243656542774444,Shame,Fear,0.022807571749756273
0.0033243656542774444,Shame,Happiness,0.20260282346947842
0.0033243656542774444,Shame,Joy,0.19575274829945924
0.0033243656542774444,Shame,Pride,0.24988202846810784
0.0033243656542774444,Shame,Sadness,0.03990462660330246
0.0033243656542774444,Shame,Shame,0.25249202729929193
0.003309996390378804,Boredom,Boredom,0.4515853112275834
0.003309996390378804,Boredom,Fear,0.0342771153822865
0.003309996390378804,Boredom,Happiness,0.1440809679809071
0.003309996390378804,Boredom,Joy,0.17913559767999176
0.003309996390378804,Boredom,Pride,0.08602491434152537
0.003309996390378804,Boredom,Sadness,0.009155729842443682
0.003309996390378804,Boredom,Shame,0.09574036354526232
0.003309996390378804,Fear,Boredom,0.004040462870761295
0.003309996390378804,Fear,Fear,0.7119458055733595
0.003309996390378804,Fear,Happiness,0.006679264044164867
0.003309996390378804,Fear,Joy,0.033396795056826266
0.003309996390378804,Fear,Pride,0.017372091484461775
0.003309996390378804,Fear,Sadness,0.14153483651203447
0.003309996390378804,Fear,Shame,0.08503074445839177
0.003309996390378804,Happiness,Boredom,0.4848024405166525
0.003309996390378804,Happiness,Fear,0.0042319142274195925
0.003309996390378804,Happiness,Happiness,0.3766240305478754
0.003309996390378804,Happiness,Joy,0.01942003476626488
0.003309996390378804,Happiness,Pride,0.06689159725956371
0.003309996390378804,Happiness,Sadness,0.006128975902818952
0.003309996390378804,Happiness,Shame,0.041901006779405274
0.003309996390378804,Joy,Boredom,0.009279058600092009
0.003309996390378804,Joy,Fear,0.0932928822132785
0.003309996390378804,Joy,Happiness,0.055688168887666534
0.003309996390378804,Joy,Joy,0.33365376744855124
0.003309996390378804,Joy,Pride,0.2597133530936888
0.003309996390378804,Joy,Sadness,0.048884375280311615
0.003309996390378804,Joy,Shame,0.19948839447641134
0.003309996390378804,Pride,Boredom,0.0576789030832288
0.003309996390378804,Pride,Fear,0.016775531616198266
0.003309996390378804,Pride,Happiness,0.3205689293790902
0.003309996390378804,Pride,Joy,0.08562717922517102
0.003309996390378804,Pride,Pride,0.2627837028443137
0.003309996390378804,Pride,Sadness,0.050023193278978896
0.003309996390378804,Pride,Shame,0.20654256057301923
0.003309996390378804,Sadness,Boredom,0.01768603038008199
0.003309996390378804,Sadness,Fear,0.6667187889967588
0.003309996390378804,Sadness,Happiness,0.024442693425564214
0.003309996390378804,Sadness,Joy,0.05043656687899356
0.003309996390378804,Sadness,Pride,0.04794505134305066
0.003309996390378804,Sadness,Sadness,0.0676438514132691
0.003309996390378804,Sadness,Shame,0.1251270175622812
0.003309996390378804,Shame,Boredom,0.03993227215789888
0.003309996390378804,Shame,Fear,0.022703145059821222
0.003309996390378804,Shame,Happiness,0.22336210907069884
0.003309996390378804,Shame,Joy,0.15748161815336084
0.003309996390378804,Shame,Pride,0.25372083893797376
0.003309996390378804,Shame,Sadness,0.03635759188248097
0.003309996390378804,Shame,Shame,0.26644242473776586
0.003209338150802403,Boredom,Boredom,0.4057650556941744
0.003209338150802403,Boredom,Fear,0.03538978032306624
0.003209338150802403,Boredom,Happiness,0.15928608480726789
0.003209338150802403,Boredom,Joy,0.1707155989230612
0.003209338150802403,Boredom,Pride,0.09167392086720427
0.003209338150802403,Boredom,Sadness,0.012135343676171773
0.003209338150802403,Boredom,Shame,0.12503421570905432
0.003209338150802403,Fear,Boredom,0.007338417781519164
0.003209338150802403,Fear,Fear,0.523126920059442
0.003209338150802403,Fear,Happiness,0.015073308786818685
0.003209338150802403,Fear,Joy,0.05780282937748247
0.003209338150802403,Fear,Pride,0.030255565953153696
0.003209338150802403,Fear,Sadness,0.20417845620726613
0.003209338150802403,Fear,Shame,0.16222450183431775
0.003209338150802403,Happiness,Boredom,0.4397352749932394
0.003209338150802403,Happiness,Fear,0.007785958879248373
0.003209338150802403,Happiness,Happiness,0.35811168341271066
0.003209338150802403,Happiness,Joy,0.03191847453026961
0.003209338150802403,Happiness,Pride,0.08256615178792719
0.003209338150802403,Happiness,Sadness,0.010922904811648017
0.003209338150802403,Happiness,Shame,0.06895955158495676
0.003209338150802403,Joy,Boredom,0.008957737894001455
0.003209338150802403,Joy,Fear,0.07125217886461921
0.003209338150802403,Joy,Happiness,0.06012436299346725
0.003209338150802403,Joy,Joy,0.3094363848560248
0.003209338150802403,Joy,Pride,0.26809915087989056
0.003209338150802403,Joy,Sadness,0.05114145504364014
0.003209338150802403,Joy,Shame,0.23098872946835647
0.003209338150802403,Pride,Boredom,0.047652556836665146
0.003209338150802403,Pride,Fear,0.01652031509899943
0.003209338150802403,Pride,Happiness,0.27309528034491776
0.003209338150802403,Pride,Joy,0.11161689947231726
0.003209338150802403,Pride,Pride,0.26476255366785323
0.003209338150802403,Pride,Sadness,0.049421985790445495
0.003209338150802403,Pride,Shame,0.23693040878880092
0.003209338150802403,Sadness,Boredom,0.021339690621100877
0.003209338150802403,Sadness,Fear,0.48057458855368446
0.003209338150802403,Sadness,Happiness,0.03610442669810558
0.003209338150802403,Sadness,Joy,0.08220847398604483
0.003209338150802403,Sadness,Pride,0.07955244324916774
0.003209338150802403,Sadness,Sadness,0.09873761369400405
0.003209338150802403,Sadness,Shame,0.20148276319789257
0.003209338150802403,Shame,Boredom,0.03417260286301934
0.003209338150802403,Shame,Fear,0.020896527599267398
0.003209338150802403,Shame,Happiness,0.17765198862910722
0.003209338150802403,Shame,Joy,0.20526970801494884
0.003209338150802403,Shame,Pride,0.2536030418010725
0.003209338150802403,Shame,Sadness,0.03873260951904659
0.003209338150802403,Shame,Shame,0.26967352157353824
0.0033594159802960008,Boredom,Boredom,0.46795284473443394
0.0033594159802960008,Boredom,Fear,0.032136056700948885
0.0033594159802960008,Boredom,Happiness,0.14681253920560375
0.0033594159802960008,Boredom,Joy,0.17699279925678257
0.0033594159802960008,Boredom,Pride,0.0796017729946578
0.0033594159802960008,Boredom,Sadness,0.005689158025827314
0.0033594159802960008,Boredom,Shame,0.0908148290817455
0.0033594159802960008,Fear,Boredom,0.0025988644000684725
0.0033594159802960008,Fear,Fear,0.8616849414854001
0.0033594159802960008,Fear,Happiness,0.002768027910398123
0.0033594159802960008,Fear,Joy,0.015622055423023013
0.0033594159802960008,Fear,Pride,0.008379082614330501
0.0033594159802960008,Fear,Sadness,0.060852790471801976
0.0033594159802960008,Fear,Shame,0.048094237694977504
0.0033594159802960008,Happiness,Boredom,0.4970956899034583
0.0033594159802960008,Happiness,Fear,0.00233205978867705
0.0033594159802960008,Happiness,Happiness,0.40425754695695515
0.0033594159802960008,Happiness,Joy,0.013410801512335263
0.0033594159802960008,Happiness,Pride,0.05596056210531559
0.0033594159802960008,Happiness,Sadness,0.003303851155285846
0.0033594159802960008,Happiness,Shame,0.02363948857797278
0.0033594159802960008,Joy,Boredom,0.007655520708584382
0.0033594159802960008,Joy,Fear,0.11285535747837655
0.0033594159802960008,Joy,Happiness,0.049423421673401344
0.0033594159802960008,Joy,Joy,0.33313759331204973
0.0033594159802960008,Joy,Pride,0.2584543207824241
0.0033594159802960008,Joy,Sadness,0.0395064848655676
0.0033594159802960008,Joy,Shame,0.1989673011795965
0.0033594159802960008,Pride,Boredom,0.055505151358094564
0.0033594159802960008,Pride,Fear,0.012366052718514315
0.0033594159802960008,Pride,Happiness,0.35550865066435633
0.0033594159802960008,Pride,Joy,0.080072010461711
0.0033594159802960008,Pride,Pride,0.25721820150022534
0.0033594159802960008,Pride,Sadness,0.04610517126815431
0.0033594159802960008,Pride,Shame,0.193224762028944
0.0033594159802960008,Sadness,Boredom,0.012207397685587625
0.0033594159802960008,Sadness,Fear,0.7932646019857172
0.0033594159802960008,Sadness,Happiness,0.015516169716898731
0.0033594159802960008,Sadness,Joy,0.02953989970629377
0.0033594159802960008,Sadness,Pride,0.02861467031815147
0.0033594159802960008,Sadness,Sadness,0.03211140150601792
0.0033594159802960008,Sadness,Shame,0.08874585908133288
0.0033594159802960008,Shame,Boredom,0.035850431502663954
0.0033594159802960008,Shame,Fear,0.018260074416807003
0.0033594159802960008,Shame,Happiness,0.21239082782975754
0.0033594159802960008,Shame,Joy,0.15503058827948699
0.0033594159802960008,Shame,Pride,0.2552589120382317
0.0033594159802960008,Shame,Sadness,0.031120485564713585
0.0033594159802960008,Shame,Shame,0.2920886803683394
0.0032661158052348965,Boredom,Boredom,0.40961251614137606
0.0032661158052348965,Boredom,Fear,0.03581332884572556
0.0032661158052348965,Boredom,Happiness,0.15544882366547105
0.0032661158052348965,Boredom,Joy,0.1734644351389586
0.0032661158052348965,Boredom,Pride,0.09236598820397178
0.0032661158052348965,Boredom,Sadness,0.012428021521803034
0.0032661158052348965,Boredom,Shame,0.12086688648269407
0.0032661158052348965,Fear,Boredom,0.0070865698408250025
0.0032661158052348965,Fear,Fear,0.5368950264273925
0.0032661158052348965,Fear,Happiness,0.014027107902951256
0.0032661158052348965,Fear,Joy,0.055610586179411635
0.0032661158052348965,Fear,Pride,0.029779512268171573
0.0032661158052348965,Fear,Sadness,0.20012260695185935
0.0032661158052348965,Fear,Shame,0.15647859042938883
0.0032661158052348965,Happiness,Boredom,0.4417666178395168
0.0032661158052348965,Happiness,Fear,0.007577386360865737
0.0032661158052348965,Happiness,Happiness,0.35828758449537956
0.0032661158052348965,Happiness,Joy,0.030159629899148787
0.0032661158052348965,Happiness,Pride,0.08246903716816346
0.0032661158052348965,Happiness,Sadness,0.010995149804822447
0.0032661158052348965,Happiness,Shame,0.06874459443210328
0.0032661158052348965,Joy,Boredom,0.00858127617003688
0.0032661158052348965,Joy,Fear,0.08293805761332729
0.0032661158052348965,Joy,Happiness,0.05825520213230843
0.0032661158052348965,Joy,Joy,0.3057393554186765
0.0032661158052348965,Joy,Pride,0.26284261076713555
0.0032661158052348965,Joy,Sadness,0.05151557921859253
0.0032661158052348965,Joy,Shame,0.23012791867992302
0.0032661158052348965,Pride,Boredom,0.047699256434991046
0.0032661158052348965,Pride,Fear,0.01617901303195112
0.0032661158052348965,Pride,Happiness,0.27714452795805894
0.0032661158052348965,Pride,Joy,0.10398067675407205
0.0032661158052348965,Pride,Pride,0.26600868665246474
0.0032661158052348965,Pride,Sadness,0.0495173984714263
0.0032661158052348965,Pride,Shame,0.23947044069703602
0.0032661158052348965,Sadness,Boredom,0.021276976157154272
0.0032661158052348965,Sadness,Fear,0.49311663803806
0.0032661158052348965,Sadness,Happiness,0.035284833915680845
0.0032661158052348965,Sadness,Joy,0.08040595195198004
0.0032661158052348965,Sadness,Pride,0.07736662321855368
0.0032661158052348965,Sadness,Sadness,0.09436064936210584
0.0032661158052348965,Sadness,Shame,0.1981883273564649
0.0032661158052348965,Shame,Boredom,0.03390407612179288
0.0032661158052348965,Shame,Fear,0.020132713255942687
0.0032661158052348965,Shame,Happiness,0.17991732771631477
0.0032661158052348965,Shame,Joy,0.20274217425671678
0.0032661158052348965,Shame,Pride,0.2532217654367141
0.0032661158052348965,Shame,Sadness,0.03861714912351669
0.0032661158052348965,Shame,Shame,0.27146479408900154
0.0030784776944945543,Boredom,Boredom,0.3994120564912199
0.0030784776944945543,Boredom,Fear,0.0333419568386797
0.0030784776944945543,Boredom,Happiness,0.17306106102561483
0.0030784776944945543,Boredom,Joy,0.16243318539636828
0.0030784776944945543,Boredom,Pride,0.08572397738306758
0.0030784776944945543,Boredom,Sadness,0.009899353701324897
0.0030784776944945543,Boredom,Shame,0.13612840916372446
0.0030784776944945543,Fear,Boredom,0.006351201201334967
0.0030784776944945543,Fear,Fear,0.5945221500846637
0.0030784776944945543,Fear,Happiness,0.013501863660054568
0.0030784776944945543,Fear,Joy,0.0490554750033262
0.0030784776944945543,Fear,Pride,0.023906416259063243
0.0030784776944945543,Fear,Sadness,0.1797936196471262
0.0030784776944945543,Fear,Shame,0.13286927414443092
0.0030784776944945543,Happiness,Boredom,0.4574717704757155
0.0030784776944945543,Happiness,Fear,0.006459829959402202
0.0030784776944945543,Happiness,Happiness,0.3613032146084364
0.0030784776944945543,Happiness,Joy,0.028464689831605997
0.0030784776944945543,Happiness,Pride,0.07622201578631832
0.0030784776944945543,Happiness,Sadness,0.009282524514681742
0.0030784776944945543,Happiness,Shame,0.0607959548238395
0.0030784776944945543,Joy,Boredom,0.009446755470642583
0.0030784776944945543,Joy,Fear,0.08146080410073873
0.0030784776944945543,Joy,Happiness,0.06802214849333497
0.0030784776944945543,Joy,Joy,0.31649429432225806
0.0030784776944945543,Joy,Pride,0.2618909763578627
0.0030784776944945543,Joy,Sadness,0.0500524054893011
0.0030784776944945543,Joy,Shame,0.2126326157658619
0.0030784776944945543,Pride,Boredom,0.057310025177850506
0.0030784776944945543,Pride,Fear,0.016438642523795982
0.0030784776944945543,Pride,Happiness,0.2885471258536539
0.0030784776944945543,Pride,Joy,0.10948368798774241
0.0030784776944945543,Pride,Pride,0.2586590201565459
0.0030784776944945543,Pride,Sadness,0.049023397378260246
0.0030784776944945543,Pride,Shame,0.22053810092215084
0.0030784776944945543,Sadness,Boredom,0.020850191238005366
0.0030784776944945543,Sadness,Fear,0.5476721348486705
0.0030784776944945543,Sadness,Happiness,0.03446481087431635
0.0030784776944945543,Sadness,Joy,0.07149926514163854
0.0030784776944945543,Sadness,Pride,0.06690347608185535
0.0030784776944945543,Sadness,Sadness,0.08682859016377123
0.0030784776944945543,Sadness,Shame,0.17178153165174298
0.0030784776944945543,Shame,Boredom,0.03724418581045182
0.0030784776944945543,Shame,Fear,0.021017591025217094
0.0030784776944945543,Shame,Happiness,0.1986491138438267
0.0030784776944945543,Shame,Joy,0.19866695709755186
0.0030784776944945543,Shame,Pride,0.25089469041626816
0.0030784776944945543,Shame,Sadness,0.03666269667475928
0.0030784776944945543,Shame,Shame,0.256864765131925
0.0032521492359985182,Boredom,Boredom,0.40948937462760127
0.0032521492359985182,Boredom,Fear,0.03516167181127072
0.0032521492359985182,Boredom,Happiness,0.15220681168595565
0.0032521492359985182,Boredom,Joy,0.17268903699596627
0.0032521492359985182,Boredom,Pride,0.09294110234552683
0.0032521492359985182,Boredom,Sadness,0.011905932288541298
0.0032521492359985182,Boredom,Shame,0.12560607024513798
0.0032521492359985182,Fear,Boredom,0.006908229147688098
0.0032521492359985182,Fear,Fear,0.5468618657375397
0.0032521492359985182,Fear,Happiness,0.013119097863453201
0.0032521492359985182,Fear,Joy,0.05425374281748661
0.0032521492359985182,Fear,Pride,0.029482941260563306
0.0032521492359985182,Fear,Sadness,0.1958528252060911
0.0032521492359985182,Fear,Shame,0.1535212979671774
0.0032521492359985182,Happiness,Boredom,0.43961217133045033
0.0032521492359985182,Happiness,Fear,0.00716368426503389
0.0032521492359985182,Happiness,Happiness,0.3637609702109333
0.0032521492359985182,Happiness,Joy,0.028950656350180022
0.0032521492359985182,Happiness,Pride,0.08216783564987193
0.0032521492359985182,Happiness,Sadness,0.010355234707829928
0.0032521492359985182,Happiness,Shame,0.06798944748570053
0.0032521492359985182,Joy,Boredom,0.008483094838895417
0.0032521492359985182,Joy,Fear,0.07265812427196494
0.0032521492359985182,Joy,Happiness,0.05638377938929477
0.0032521492359985182,Joy,Joy,0.30763125923248474
0.0032521492359985182,Joy,Pride,0.26841086908176714
0.0032521492359985182,Joy,Sadness,0.05003603572235331
0.0032521492359985182,Joy,Shame,0.23639683746323947
0.0032521492359985182,Pride,Boredom,0.04719117460339316
0.0032521492359985182,Pride,Fear,0.015343279188449714
0.0032521492359985182,Pride,Happiness,0.27757634739225245
0.0032521492359985182,Pride,Joy,0.0985459689002505
0.0032521492359985182,Pride,Pride,0.26791133451800087
0.0032521492359985182,Pride,Sadness,0.04854622632258633
0.0032521492359985182,Pride,Shame,0.24488566907506717
0.0032521492359985182,Sadness,Boredom,0.021089142410580373
0.0032521492359985182,Sadness,Fear,0.4988709919020763
0.0032521492359985182,Sadness,Happiness,0.03398638491440259
0.0032521492359985182,Sadness,Joy,0.07877015464203253
0.0032521492359985182,Sadness,Pride,0.07648114639763305
0.0032521492359985182,Sadness,Sadness,0.09288873792879779
0.0032521492359985182,Sadness,Shame,0.19791344180447726
0.0032521492359985182,Shame,Boredom,0.03314410531173176
0.0032521492359985182,Shame,Fear,0.018927847261184287
0.0032521492359985182,Shame,Happiness,0.17882263238618706
0.0032521492359985182,Shame,Joy,0.19787155412273325
0.0032521492359985182,Shame,Pride,0.25475911035464954
0.0032521492359985182,Shame,Sadness,0.0365708106388302
0.0032521492359985182,Shame,Shame,0.2799039399246839
0.0030643935221184044,Boredom,Boredom,0.39762881727670046
0.0030643935221184044,Boredom,Fear,0.03378931505848805
0.0030643935221184044,Boredom,Happiness,0.19822348036199386
0.0030643935221184044,Boredom,Joy,0.157128611621711
0.0030643935221184044,Boredom,Pride,0.08266365641942527
0.0030643935221184044,Boredom,Sadness,0.011134457948527379
0.0030643935221184044,Boredom,Shame,0.1194316613131539
0.0030643935221184044,Fear,Boredom,0.00754485414247236
0.0030643935221184044,Fear,Fear,0.5702069073612157
0.0030643935221184044,Fear,Happiness,0.01789378649604513
0.0030643935221184044,Fear,Joy,0.0513936489645018
0.0030643935221184044,Fear,Pride,0.023704260957541003
0.0030643935221184044,Fear,Sadness,0.19842199631208657
0.0030643935221184044,Fear,Shame,0.13083454576613746
0.0030643935221184044,Happiness,Boredom,0.47304250187540037
0.0030643935221184044,Happiness,Fear,0.007925445743054746
0.0030643935221184044,Happiness,Happiness,0.34181162815512073
0.0030643935221184044,Happiness,Joy,0.03265142396036437
0.0030643935221184044,Happiness,Pride,0.07427895155929087
0.0030643935221184044,Happiness,Sadness,0.010466013103529468
0.0030643935221184044,Happiness,Shame,0.05982403560323928
0.0030643935221184044,Joy,Boredom,0.012030247272069954
0.0030643935221184044,Joy,Fear,0.08606845593391473
0.0030643935221184044,Joy,Happiness,0.08392829972057933
0.0030643935221184044,Joy,Joy,0.3152631579495108
0.0030643935221184044,Joy,Pride,0.25992154349073315
0.0030643935221184044,Joy,Sadness,0.05441557468698944
0.0030643935221184044,Joy,Shame,0.18837272094620217
0.0030643935221184044,Pride,Boredom,0.06842006456331033
0.0030643935221184044,Pride,Fear,0.021496394184841474
0.0030643935221184044,Pride,Happiness,0.28960074708415173
0.0030643935221184044,Pride,Joy,0.12059658124586621
0.0030643935221184044,Pride,Pride,0.25311763819842426
0.0030643935221184044,Pride,Sadness,0.05282505979286374
0.0030643935221184044,Pride,Shame,0.1939435149305424
0.0030643935221184044,Sadness,Boredom,0.02217739751651593
0.0030643935221184044,Sadness,Fear,0.5355210090878487
0.0030643935221184044,Sadness,Happiness,0.03908613896939332
0.0030643935221184044,Sadness,Joy,0.07280772200976458
0.0030643935221184044,Sadness,Pride,0.06849682006745604
0.0030643935221184044,Sadness,Sadness,0.10384730591435792
0.0030643935221184044,Sadness,Shame,0.1580636064346634
0.0030643935221184044,Shame,Boredom,0.04273402966067171
0.0030643935221184044,Shame,Fear,0.026998008046186763
0.0030643935221184044,Shame,Happiness,0.22168394197487878
0.0030643935221184044,Shame,Joy,0.20073890432757532
0.0030643935221184044,Shame,Pride,0.24831690917369872
0.0030643935221184044,Shame,Sadness,0.04215163624864553
0.0030643935221184044,Shame,Shame,0.2173765705683431
0.0033242316329979474,Boredom,Boredom,0.44400037829029476
0.0033242316329979474,Boredom,Fear,0.034693913169005365
0.0033242316329979474,Boredom,Happiness,0.15772653382666355
0.0033242316329979474,Boredom,Joy,0.17874846821939305
0.0033242316329979474,Boredom,Pride,0.08547051304757046
0.0033242316329979474,Boredom,Sadness,0.009229868361750873
0.0033242316329979474,Boredom,Shame,0.09013032508532227
0.0033242316329979474,Fear,Boredom,0.004324009642206372
0.0033242316329979474,Fear,Fear,0.692230404377048
0.0033242316329979474,Fear,Happiness,0.007762766012971067
0.0033242316329979474,Fear,Joy,0.0360583693735107
0.0033242316329979474,Fear,Pride,0.018067589701873832
0.0033242316329979474,Fear,Sadness,0.14956897179486678
0.0033242316329979474,Fear,Shame,0.0919878890975233
0.0033242316329979474,Happiness,Boredom,0.4826137775266233
0.0033242316329979474,Happiness,Fear,0.004801308797231635
0.0033242316329979474,Happiness,Happiness,0.3704356834966273
0.0033242316329979474,Happiness,Joy,0.020839024838873257
0.0033242316329979474,Happiness,Pride,0.06867272918994491
0.0033242316329979474,Happiness,Sadness,0.006870414568466315
0.0033242316329979474,Happiness,Shame,0.045767061582232975
0.0033242316329979474,Joy,Boredom,0.009543607064253102
0.0033242316329979474,Joy,Fear,0.09430604084503794
0.0033242316329979474,Joy,Happiness,0.05642167855891198
0.0033242316329979474,Joy,Joy,0.33309396497601673
0.0033242316329979474,Joy,Pride,0.2589593210646596
0.0033242316329979474,Joy,Sadness,0.05034015386781389
0.0033242316329979474,Joy,Shame,0.19733523362330682
0.0033242316329979474,Pride,Boredom,0.05769410395951122
0.0033242316329979474,Pride,Fear,0.018033751004741933
0.0033242316329979474,Pride,Happiness,0.31581212061715636
0.0033242316329979474,Pride,Joy,0.08795485561928484
0.0033242316329979474,Pride,Pride,0.2627557002639226
0.0033242316329979474,Pride,Sadness,0.05135741138261598
0.0033242316329979474,Pride,Shame,0.20639205715276684
0.0033242316329979474,Sadness,Boredom,0.018001650888139216
0.0033242316329979474,Sadness,Fear,0.64850082628686
0.0033242316329979474,Sadness,Happiness,0.025581983431415437
0.0033242316329979474,Sadness,Joy,0.053642475697491886
0.0033242316329979474,Sadness,Pride,0.050529831944651216
0.0033242316329979474,Sadness,Sadness,0.0726893075361337
0.0033242316329979474,Sadness,Shame,0.1310539242153085
0.0033242316329979474,Shame,Boredom,0.04008611069189396
0.0033242316329979474,Shame,Fear,0.023514026929557424
0.0033242316329979474,Shame,Happiness,0.22298901093893744
0.0033242316329979474,Shame,Joy,0.16815388971689654
0.0033242316329979474,Shame,Pride,0.2510337091283804
0.0033242316329979474,Shame,Sadness,0.037612504794255854
0.0033242316329979474,Shame,Shame,0.2566107478000786
0.003192939409956941,Boredom,Boredom,0.4019127164467735
0.003192939409956941,Boredom,Fear,0.034942977957441064
0.003192939409956941,Boredom,Happiness,0.16130662548065286
0.003192939409956941,Boredom,Joy,0.1702078682776106
0.003192939409956941,Boredom,Pride,0.0908351799585098
0.003192939409956941,Boredom,Sadness,0.012076790475650608
0.003192939409956941,Boredom,Shame,0.12871784140336137
0.003192939409956941,Fear,Boredom,0.007524517916005969
0.003192939409956941,Fear,Fear,0.5199189523973174
0.003192939409956941,Fear,Happiness,0.01583368055411941
0.003192939409956941,Fear,Joy,0.05868089152028115
0.003192939409956941,Fear,Pride,0.029454629754909
0.003192939409956941,Fear,Sadness,0.20638357153255452
0.003192939409956941,Fear,Shame,0.16220375632481285
0.003192939409956941,Happiness,Boredom,0.4405033596648703
0.003192939409956941,Happiness,Fear,0.00792889305447218
0.003192939409956941,Happiness,Happiness,0.3545249560971786
0.003192939409956941,Happiness,Joy,0.03301269656171158
0.003192939409956941,Happiness,Pride,0.08275340686854286
0.003192939409956941,Happiness,Sadness,0.011110503164705063
0.003192939409956941,Happiness,Shame,0.07016618458851909
0.003192939409956941,Joy,Boredom,0.009031224490907847
0.003192939409956941,Joy,Fear,0.07197238635184491
0.003192939409956941,Joy,Happiness,0.06150608748029659
0.003192939409956941,Joy,Joy,0.30980252459675967
0.003192939409956941,Joy,Pride,0.2672097473542088
0.003192939409956941,Joy,Sadness,0.050725549961586215
0.003192939409956941,Joy,Shame,0.22975247976439564
0.003192939409956941,Pride,Boredom,0.04833911173396233
0.003192939409956941,Pride,Fear,0.016476792701032587
0.003192939409956941,Pride,Happiness,0.2718595517672635
0.003192939409956941,Pride,Joy,0.11438377922574901
0.003192939409956941,Pride,Pride,0.2635445260629658
0.003192939409956941,Pride,Sadness,0.04911199202235755
0.003192939409956941,Pride,Shame,0.23628424648666893
0.003192939409956941,Sadness,Boredom,0.021387883479612478
0.003192939409956941,Sadness,Fear,0.47585463673047096
0.003192939409956941,Sadness,Happiness,0.036872603835158245
0.003192939409956941,Sadness,Joy,0.08280438628179793
0.003192939409956941,Sadness,Pride,0.08024979879551013
0.003192939409956941,Sadness,Sadness,0.10197827059736672
0.003192939409956941,Sadness,Shame,0.20085242028008354
0.003192939409956941,Shame,Boredom,0.03430498512423001
0.003192939409956941,Shame,Fear,0.020746313533176124
0.003192939409956941,Shame,Happiness,0.17954358755199198
0.003192939409956941,Shame,Joy,0.20724833333861456
0.003192939409956941,Shame,Pride,0.25298837223708465
0.003192939409956941,Shame,Sadness,0.038150423080039686
0.003192939409956941,Shame,Shame,0.26701798513486297
0.0031738565138301946,Boredom,Boredom,0.3513534779909014
0.0031738565138301946,Boredom,Fear,0.03414937929251889
0.0031738565138301946,Boredom,Happiness,0.13148632092427043
0.0031738565138301946,Boredom,Joy,0.1668605791918269
0.0031738565138301946,Boredom,Pride,0.09917033680399931
0.0031738565138301946,Boredom,Sadness,0.011873840433592422
0.0031738565138301946,Boredom,Shame,0.20510606536289067
0.0031738565138301946,Fear,Boredom,0.007301794670046676
0.0031738565138301946,Fear,Fear,0.5289565330192557
0.0031738565138301946,Fear,Happiness,0.012466355224136406
0.0031738565138301946,Fear,Joy,0.055000792730471
0.0031738565138301946,Fear,Pride,0.030738340383719878
0.0031738565138301946,Fear,Sadness,0.1880292962790389
0.0031738565138301946,Fear,Shame,0.1775068876933318
0.0031738565138301946,Happiness,Boredom,0.404911642308939
0.0031738565138301946,Happiness,Fear,0.007497943479431252
0.0031738565138301946,Happiness,Happiness,0.3740198001681774
0.0031738565138301946,Happiness,Joy,0.03329532975803452
0.0031738565138301946,Happiness,Pride,0.09018137789877466
0.0031738565138301946,Happiness,Sadness,0.011232336320544527
0.0031738565138301946,Happiness,Shame,0.0788615700660985
0.0031738565138301946,Joy,Boredom,0.006478720124785345
0.0031738565138301946,Joy,Fear,0.08074566337034397
0.0031738565138301946,Joy,Happiness,0.04788240873855467
0.0031738565138301946,Joy,Joy,0.2818121812549003
0.0031738565138301946,Joy,Pride,0.26811604525208016
0.0031738565138301946,Joy,Sadness,0.046594220696430336
0.0031738565138301946,Joy,Shame,0.2683707605629052
0.0031738565138301946,Pride,Boredom,0.04452110197968529
0.0031738565138301946,Pride,Fear,0.010434957439482294
0.0031738565138301946,Pride,Happiness,0.25530912686223
0.0031738565138301946,Pride,Joy,0.10549732515651264
0.0031738565138301946,Pride,Pride,0.2677993976310554
0.0031738565138301946,Pride,Sadness,0.044322562066682364
0.0031738565138301946,Pride,Shame,0.272115528864352
0.0031738565138301946,Sadness,Boredom,0.020969723005136623
0.0031738565138301946,Sadness,Fear,0.4609307327995038
0.0031738565138301946,Sadness,Happiness,0.03132095324027122
0.0031738565138301946,Sadness,Joy,0.08045760245134927
0.0031738565138301946,Sadness,Pride,0.08167276134425189
0.0031738565138301946,Sadness,Sadness,0.09548762696516234
0.0031738565138301946,Sadness,Shame,0.2291606001943247
0.0031738565138301946,Shame,Boredom,0.028683623500337065
0.0031738565138301946,Shame,Fear,0.013926058732999687
0.0031738565138301946,Shame,Happiness,0.1435165260781057
0.0031738565138301946,Shame,Joy,0.20056325971350142
0.0031738565138301946,Shame,Pride,0.2625475493706298
0.0031738565138301946,Shame,Sadness,0.03335060548778814
0.0031738565138301946,Shame,Shame,0.31741237711663817
0.0031037020203283413,Boredom,Boredom,0.3980454682017261
0.0031037020203283413,Boredom,Fear,0.03328728031502383
0.0031037020203283413,Boredom,Happiness,0.15901064501855203
0.0031037020203283413,Boredom,Joy,0.16684740480737675
0.0031037020203283413,Boredom,Pride,0.09182216941451815
0.0031037020203283413,Boredom,Sadness,0.011117551005269373
0.0031037020203283413,Boredom,Shame,0.13986948123753395
0.0031037020203283413,Fear,Boredom,0.007452559955241405
0.0031037020203283413,Fear,Fear,0.5171250960467166
0.0031037020203283413,Fear,Happiness,0.015387260137562095
0.0031037020203283413,Fear,Joy,0.058802834775189175
0.0031037020203283413,Fear,Pride,0.031022079204269463
0.0031037020203283413,Fear,Sadness,0.20420728841330893
0.0031037020203283413,Fear,Shame,0.16600288146771236
0.0031037020203283413,Happiness,Boredom,0.4359068287363173
0.0031037020203283413,Happiness,Fear,0.007355166225893622
0.0031037020203283413,Happiness,Happiness,0.3598335376846117
0.0031037020203283413,Happiness,Joy,0.033717136780902664
0.0031037020203283413,Happiness,Pride,0.08307251215897174
0.0031037020203283413,Happiness,Sadness,0.010352770622861406
0.0031037020203283413,Happiness,Shame,0.06976204779044162
0.0031037020203283413,Joy,Boredom,0.00854767304824143
0.0031037020203283413,Joy,Fear,0.06468125159461412
0.0031037020203283413,Joy,Happiness,0.06213157043126769
0.0031037020203283413,Joy,Joy,0.3050476293728826
0.0031037020203283413,Joy,Pride,0.2691858159313761
0.0031037020203283413,Joy,Sadness,0.048697176391012786
0.0031037020203283413,Joy,Shame,0.24170888323060524
0.0031037020203283413,Pride,Boredom,0.04692230676255636
0.0031037020203283413,Pride,Fear,0.014447623919297563
0.0031037020203283413,Pride,Happiness,0.2668492524705238
0.0031037020203283413,Pride,Joy,0.11593343387994798
0.0031037020203283413,Pride,Pride,0.2641383646367541
0.0031037020203283413,Pride,Sadness,0.04676816642263366
0.0031037020203283413,Pride,Shame,0.2449408519082863
0.0031037020203283413,Sadness,Boredom,0.021724419226315923
0.0031037020203283413,Sadness,Fear,0.46825715576802224
0.0031037020203283413,Sadness,Happiness,0.037370712565517925
0.0031037020203283413,Sadness,Joy,0.08402156575521377
0.0031037020203283413,Sadness,Pride,0.08135924278582586
0.0031037020203283413,Sadness,Sadness,0.09774680797116807
0.0031037020203283413,Sadness,Shame,0.20952009592793586
0.0031037020203283413,Shame,Boredom,0.033278090972895455
0.0031037020203283413,Shame,Fear,0.018313004297057282
0.0031037020203283413,Shame,Happiness,0.1721055315162472
0.0031037020203283413,Shame,Joy,0.20434551649439947
0.0031037020203283413,Shame,Pride,0.2548276013482577
0.0031037020203283413,Shame,Sadness,0.03460587739705209
0.0031037020203283413,Shame,Shame,0.28252437797409075
0.0033728934541714575,Boredom,Boredom,0.4332464688265817
0.0033728934541714575,Boredom,Fear,0.03563101093197551
0.0033728934541714575,Boredom,Happiness,0.16861737362813065
0.0033728934541714575,Boredom,Joy,0.1769757407818817
0.0033728934541714575,Boredom,Pride,0.08518788367942196
0.0033728934541714575,Boredom,Sadness,0.009991830782537637
0.0033728934541714575,Boredom,Shame,0.09034969136947098
0.0033728934541714575,Fear,Boredom,0.004631703724359934
0.0033728934541714575,Fear,Fear,0.6774086946574117
0.0033728934541714575,Fear,Happiness,0.009031240178808204
0.0033728934541714575,Fear,Joy,0.03813931921332689
0.0033728934541714575,Fear,Pride,0.018920595559239476
0.0033728934541714575,Fear,Sadness,0.1529346121709072
0.0033728934541714575,Fear,Shame,0.09893383449594646
0.0033728934541714575,Happiness,Boredom,0.47920220458190177
0.0033728934541714575,Happiness,Fear,0.005580260590348004
0.0033728934541714575,Happiness,Happiness,0.3640473338133128
0.0033728934541714575,Happiness,Joy,0.022521919400670908
0.0033728934541714575,Happiness,Pride,0.07063481785631319
0.0033728934541714575,Happiness,Sadness,0.008111145243743621
0.0033728934541714575,Happiness,Shame,0.049902318513709513
0.0033728934541714575,Joy,Boredom,0.00980235572318157
0.0033728934541714575,Joy,Fear,0.10180067248241849
0.0033728934541714575,Joy,Happiness,0.05908985027341603
0.0033728934541714575,Joy,Joy,0.3290036989798989
0.0033728934541714575,Joy,Pride,0.2567348871239287
0.0033728934541714575,Joy,Sadness,0.05169255602099838
0.0033728934541714575,Joy,Shame,0.19187597939615808
0.0033728934541714575,Pride,Boredom,0.05747662544623436
0.0033728934541714575,Pride,Fear,0.01961669127470727
0.0033728934541714575,Pride,Happiness,0.3108863590416217
0.0033728934541714575,Pride,Joy,0.09166623729523189
0.0033728934541714575,Pride,Pride,0.2624850964316599
0.0033728934541714575,Pride,Sadness,0.052856102581104104
0.0033728934541714575,Pride,Shame,0.20501288792944058
0.0033728934541714575,Sadness,Boredom,0.017978074060913122
0.0033728934541714575,Sadness,Fear,0.6368284938269483
0.0033728934541714575,Sadness,Happiness,0.027023879377560688
0.0033728934541714575,Sadness,Joy,0.05611574579154445
0.0033728934541714575,Sadness,Pride,0.05252216116775401
0.0033728934541714575,Sadness,Sadness,0.0746693553641188
0.0033728934541714575,Sadness,Shame,0.13486229041116068
0.0033728934541714575,Shame,Boredom,0.04042456942602751
0.0033728934541714575,Shame,Fear,0.0250246387383546
0.0033728934541714575,Shame,Happiness,0.2225055288719381
0.0033728934541714575,Shame,Joy,0.17814561236576573
0.0033728934541714575,Shame,Pride,0.24938182597527392
0.0033728934541714575,Shame,Sadness,0.0403623319979448
0.0033728934541714575,Shame,Shame,0.2441554926246955
0.0031781462310671808,Boredom,Boredom,0.3902779380437016
0.0031781462310671808,Boredom,Fear,0.0344701550643597
0.0031781462310671808,Boredom,Happiness,0.1604146851590577
0.0031781462310671808,Boredom,Joy,0.1692720870812982
0.0031781462310671808,Boredom,Pride,0.090604874660466
0.0031781462310671808,Boredom,Sadness,0.011687168771155712
0.0031781462310671808,Boredom,Shame,0.1432730912199609
0.0031781462310671808,Fear,Boredom,0.007486476885504466
0.0031781462310671808,Fear,Fear,0.5197180804165609
0.0031781462310671808,Fear,Happiness,0.016030119084650664
0.0031781462310671808,Fear,Joy,0.05871227864181737
0.0031781462310671808,Fear,Pride,0.029909923035901394
0.0031781462310671808,Fear,Sadness,0.20658570607603532
0.0031781462310671808,Fear,Shame,0.1615574158595302
0.0031781462310671808,Happiness,Boredom,0.4406099595243028
0.0031781462310671808,Happiness,Fear,0.007894604428508426
0.0031781462310671808,Happiness,Happiness,0.3524807731184352
0.0031781462310671808,Happiness,Joy,0.03381594355197422
0.0031781462310671808,Happiness,Pride,0.0830580444571706
0.0031781462310671808,Happiness,Sadness,0.011141769753104526
0.0031781462310671808,Happiness,Shame,0.07099890516650423
0.0031781462310671808,Joy,Boredom,0.008933259520325377
0.0031781462310671808,Joy,Fear,0.07398185813667109
0.0031781462310671808,Joy,Happiness,0.06271246348170019
0.0031781462310671808,Joy,Joy,0.3078261920196865
0.0031781462310671808,Joy,Pride,0.2654967585344181
0.0031781462310671808,Joy,Sadness,0.050344402253272226
0.0031781462310671808,Joy,Shame,0.2307050660539264
0.0031781462310671808,Pride,Boredom,0.05009490038338465
0.0031781462310671808,Pride,Fear,0.015930231164418527
0.0031781462310671808,Pride,Happiness,0.26998019822240077
0.0031781462310671808,Pride,Joy,0.1159528182185184
0.0031781462310671808,Pride,Pride,0.2622112574198466
0.0031781462310671808,Pride,Sadness,0.04845729952595006
0.0031781462310671808,Pride,Shame,0.23737329506548122
0.0031781462310671808,Sadness,Boredom,0.022048354346317217
0.0031781462310671808,Sadness,Fear,0.47606861663449795
0.0031781462310671808,Sadness,Happiness,0.03772691355356861
0.0031781462310671808,Sadness,Joy,0.08344623331186254
0.0031781462310671808,Sadness,Pride,0.0803376154398649
0.0031781462310671808,Sadness,Sadness,0.09847893237081275
0.0031781462310671808,Sadness,Shame,0.2018933343430762
0.0031781462310671808,Shame,Boredom,0.0345844968417653
0.0031781462310671808,Shame,Fear,0.020201979588209115
0.0031781462310671808,Shame,Happiness,0.1793772994900503
0.0031781462310671808,Shame,Joy,0.20744310947816663
0.0031781462310671808,Shame,Pride,0.2526308632446859
0.0031781462310671808,Shame,Sadness,0.037133139792689014
0.0031781462310671808,Shame,Shame,0.26862911156443364
0.0031394252984755203,Boredom,Boredom,0.4251005064500731
0.0031394252984755203,Boredom,Fear,0.03351300369335429
0.0031394252984755203,Boredom,Happiness,0.1937809133143243
0.0031394252984755203,Boredom,Joy,0.1580776782314126
0.0031394252984755203,Boredom,Pride,0.08071814518553624
0.0031394252984755203,Boredom,Sadness,0.0093736955248461
0.0031394252984755203,Boredom,Shame,0.09943605760045329
0.0031394252984755203,Fear,Boredom,0.005998013160758824
0.0031394252984755203,Fear,Fear,0.6164830252455166
0.0031394252984755203,Fear,Happiness,0.013891921679325035
0.0031394252984755203,Fear,Joy,0.04659120327677917
0.0031394252984755203,Fear,Pride,0.021613989018115815
0.0031394252984755203,Fear,Sadness,0.17779804414233116
0.0031394252984755203,Fear,Shame,0.1176238034771734
0.0031394252984755203,Happiness,Boredom,0.4780826939330983
0.0031394252984755203,Happiness,Fear,0.0063569375784981235
0.0031394252984755203,Happiness,Happiness,0.35571899403001817
0.0031394252984755203,Happiness,Joy,0.02674136134580901
0.0031394252984755203,Happiness,Pride,0.07149067191886799
0.0031394252984755203,Happiness,Sadness,0.008632938485060028
0.0031394252984755203,Happiness,Shame,0.05297640270864793
0.0031394252984755203,Joy,Boredom,0.011236607430544287
0.0031394252984755203,Joy,Fear,0.0758129981708792
0.0031394252984755203,Joy,Happiness,0.07878675326935158
0.0031394252984755203,Joy,Joy,0.3274565034001536
0.0031394252984755203,Joy,Pride,0.262274767498628
0.0031394252984755203,Joy,Sadness,0.05153527808039581
0.0031394252984755203,Joy,Shame,0.19289709215004752
0.0031394252984755203,Pride,Boredom,0.0574715781920249
0.0031394252984755203,Pride,Fear,0.020152657772781194
0.0031394252984755203,Pride,Happiness,0.3014256105650779
0.0031394252984755203,Pride,Joy,0.11113105077501044
0.0031394252984755203,Pride,Pride,0.2582404752553018
0.0031394252984755203,Pride,Sadness,0.05143753531494888
0.0031394252984755203,Pride,Shame,0.20014109212485495
0.0031394252984755203,Sadness,Boredom,0.019235836452580105
0.0031394252984755203,Sadness,Fear,0.5807115168179836
0.0031394252984755203,Sadness,Happiness,0.034944265185882485
0.0031394252984755203,Sadness,Joy,0.06677006170311706
0.0031394252984755203,Sadness,Pride,0.06150161806309147
0.0031394252984755203,Sadness,Sadness,0.08606413402008495
0.0031394252984755203,Sadness,Shame,0.15077256775726003
0.0031394252984755203,Shame,Boredom,0.040911525608308415
0.0031394252984755203,Shame,Fear,0.025588599131050754
0.0031394252984755203,Shame,Happiness,0.219595722933759
0.0031394252984755203,Shame,Joy,0.19244604985718708
0.0031394252984755203,Shame,Pride,0.24843430819954973
0.0031394252984755203,Shame,Sadness,0.03942607880279564
0.0031394252984755203,Shame,Shame,0.23359771546734953
0.0031502007957132953,Boredom,Boredom,0.39061980837097365
0.0031502007957132953,Boredom,Fear,0.03449629321741457
0.0031502007957132953,Boredom,Happiness,0.15898608384638402
0.0031502007957132953,Boredom,Joy,0.16646946259086792
0.0031502007957132953,Boredom,Pride,0.09127337245687735
0.0031502007957132953,Boredom,Sadness,0.011648771599829013
0.0031502007957132953,Boredom,Shame,0.1465062079176535
0.0031502007957132953,Fear,Boredom,0.00740038807392221
0.0031502007957132953,Fear,Fear,0.5196203020241209
0.0031502007957132953,Fear,Happiness,0.01554139222383149
0.0031502007957132953,Fear,Joy,0.05834496653224302
0.0031502007957132953,Fear,Pride,0.03045526365448586
0.0031502007957132953,Fear,Sadness,0.2054464026171515
0.0031502007957132953,Fear,Shame,0.1631912848742445
0.0031502007957132953,Happiness,Boredom,0.4375544715182744
0.0031502007957132953,Happiness,Fear,0.007660286677760168
0.0031502007957132953,Happiness,Happiness,0.3566912579999774
0.0031502007957132953,Happiness,Joy,0.03353961868882538
0.0031502007957132953,Happiness,Pride,0.08304979537612335
0.0031502007957132953,Happiness,Sadness,0.01091070519017472
0.0031502007957132953,Happiness,Shame,0.07059386454886495
0.0031502007957132953,Joy,Boredom,0.008685034366763664
0.0031502007957132953,Joy,Fear,0.07423440673868742
0.0031502007957132953,Joy,Happiness,0.06238699126032145
0.0031502007957132953,Joy,Joy,0.30430197942280696
0.0031502007957132953,Joy,Pride,0.26574085720062657
0.0031502007957132953,Joy,Sadness,0.05047461806367997
0.0031502007957132953,Joy,Shame,0.23417611294711405
0.0031502007957132953,Pride,Boredom,0.048617816407388985
0.0031502007957132953,Pride,Fear,0.015408531550349457
0.0031502007957132953,Pride,Happiness,0.26866132750233157
0.0031502007957132953,Pride,Joy,0.11490941273206154
0.0031502007957132953,Pride,Pride,0.2633700918662797
0.0031502007957132953,Pride,Sadness,0.048346507270622945
0.0031502007957132953,Pride,Shame,0.24068631267096588
0.0031502007957132953,Sadness,Boredom,0.021584059805138906
0.0031502007957132953,Sadness,Fear,0.4738463265673493
0.0031502007957132953,Sadness,Happiness,0.03728295037151201
0.0031502007957132953,Sadness,Joy,0.08301113318975145
0.0031502007957132953,Sadness,Pride,0.08040827948525614
0.0031502007957132953,Sadness,Sadness,0.09944342826783364
0.0031502007957132953,Sadness,Shame,0.20442382231315853
0.0031502007957132953,Shame,Boredom,0.03379009588971615
0.0031502007957132953,Shame,Fear,0.019610328055226875
0.0031502007957132953,Shame,Happiness,0.17577543927684433
0.0031502007957132953,Shame,Joy,0.2049987516268389
0.0031502007957132953,Shame,Pride,0.2541082743310797
0.0031502007957132953,Shame,Sadness,0.0367540683578909
0.0031502007957132953,Shame,Shame,0.27496304246240266
0.003275279886958532,Boredom,Boredom,0.4218207925015586
0.003275279886958532,Boredom,Fear,0.035454469313492394
0.003275279886958532,Boredom,Happiness,0.1277619052207759
0.003275279886958532,Boredom,Joy,0.17663091423317365
0.003275279886958532,Boredom,Pride,0.09794620221994636
0.003275279886958532,Boredom,Sadness,0.012037185213722408
0.003275279886958532,Boredom,Shame,0.1283485312973306
0.003275279886958532,Fear,Boredom,0.006344648012461195
0.003275279886958532,Fear,Fear,0.5699939614354244
0.003275279886958532,Fear,Happiness,0.01038775331503389
0.003275279886958532,Fear,Joy,0.050438107524553424
0.003275279886958532,Fear,Pride,0.02910205997245767
0.003275279886958532,Fear,Sadness,0.18348243592900307
0.003275279886958532,Fear,Shame,0.15025103381106625
0.003275279886958532,Happiness,Boredom,0.4356959481179476
0.003275279886958532,Happiness,Fear,0.006229469754171564
0.003275279886958532,Happiness,Happiness,0.3791759265399881
0.003275279886958532,Happiness,Joy,0.02617952140471562
0.003275279886958532,Happiness,Pride,0.08147904553586433
0.003275279886958532,Happiness,Sadness,0.008709214080935675
0.003275279886958532,Happiness,Shame,0.06253087456637711
0.003275279886958532,Joy,Boredom,0.007641102455376307
0.003275279886958532,Joy,Fear,0.07084693330935805
0.003275279886958532,Joy,Happiness,0.050083759864926226
0.003275279886958532,Joy,Joy,0.3015219580244225
0.003275279886958532,Joy,Pride,0.27023654631641497
0.003275279886958532,Joy,Sadness,0.04623569991037718
0.003275279886958532,Joy,Shame,0.25343400011912437
0.003275279886958532,Pride,Boredom,0.04561653707005138
0.003275279886958532,Pride,Fear,0.013790961765114813
0.003275279886958532,Pride,Happiness,0.27983774147063506
0.003275279886958532,Pride,Joy,0.0823627200674455
0.003275279886958532,Pride,Pride,0.27253729453173725
0.003275279886958532,Pride,Sadness,0.04579772155308893
0.003275279886958532,Pride,Shame,0.2600570235419273
0.003275279886958532,Sadness,Boredom,0.02013160949918254
0.003275279886958532,Sadness,Fear,0.5127390863986806
0.003275279886958532,Sadness,Happiness,0.030509414820962255
0.003275279886958532,Sadness,Joy,0.0748380627187254
0.003275279886958532,Sadness,Pride,0.07455206427219443
0.003275279886958532,Sadness,Sadness,0.08573014031934592
0.003275279886958532,Sadness,Shame,0.20149962197090884
0.003275279886958532,Shame,Boredom,0.031262217721700424
0.003275279886958532,Shame,Fear,0.017417950272074184
0.003275279886958532,Shame,Happiness,0.18194253069156482
0.003275279886958532,Shame,Joy,0.1685287944906341
0.003275279886958532,Shame,Pride,0.2602262504878256
0.003275279886958532,Shame,Sadness,0.03183221483578556
0.003275279886958532,Shame,Shame,0.3087900415004152
0.0032516815952112425,Boredom,Boredom,0.4155540802254164
0.0032516815952112425,Boredom,Fear,0.03560956260360598
0.0032516815952112425,Boredom,Happiness,0.1914879256715786
0.0032516815952112425,Boredom,Joy,0.16264402914908285
0.0032516815952112425,Boredom,Pride,0.08303751027448322
0.0032516815952112425,Boredom,Sadness,0.01044683458389893
0.0032516815952112425,Boredom,Shame,0.1012200574919337
0.0032516815952112425,Fear,Boredom,0.0059894550034057465
0.0032516815952112425,Fear,Fear,0.6158557512766936
0.0032516815952112425,Fear,Happiness,0.013978599254267157
0.0032516815952112425,Fear,Joy,0.04663152031485143
0.0032516815952112425,Fear,Pride,0.021448558958594516
0.0032516815952112425,Fear,Sadness,0.1769004289243065
0.0032516815952112425,Fear,Shame,0.11919568626788124
0.0032516815952112425,Happiness,Boredom,0.47595625720342305
0.0032516815952112425,Happiness,Fear,0.00697070323760017
0.0032516815952112425,Happiness,Happiness,0.35233742592345885
0.0032516815952112425,Happiness,Joy,0.02681371409684051
0.0032516815952112425,Happiness,Pride,0.07297480807141424
0.0032516815952112425,Happiness,Sadness,0.009647795585407948
0.0032516815952112425,Happiness,Shame,0.0552992958818555
0.0032516815952112425,Joy,Boredom,0.010677574830839955
0.0032516815952112425,Joy,Fear,0.0981156547390547
0.0032516815952112425,Joy,Happiness,0.07362290535037525
0.0032516815952112425,Joy,Joy,0.3219419357792513
0.0032516815952112425,Joy,Pride,0.25433980711122595
0.0032516815952112425,Joy,Sadness,0.05284433625806351
0.0032516815952112425,Joy,Shame,0.18845778593118914
0.0032516815952112425,Pride,Boredom,0.0544647551562572
0.0032516815952112425,Pride,Fear,0.021256177495902674
0.0032516815952112425,Pride,Happiness,0.3007671024858607
0.0032516815952112425,Pride,Joy,0.10884695043805585
0.0032516815952112425,Pride,Pride,0.2601417897597135
0.0032516815952112425,Pride,Sadness,0.05326423821238112
0.0032516815952112425,Pride,Shame,0.2012589864518286
0.0032516815952112425,Sadness,Boredom,0.017473402221940656
0.0032516815952112425,Sadness,Fear,0.5781218087835772
0.0032516815952112425,Sadness,Happiness,0.03372082751190116
0.0032516815952112425,Sadness,Joy,0.06640895480143658
0.0032516815952112425,Sadness,Pride,0.06227853218215043
0.0032516815952112425,Sadness,Sadness,0.09185891617394623
0.0032516815952112425,Sadness,Shame,0.15013755832504766
0.0032516815952112425,Shame,Boredom,0.03831473535503059
0.0032516815952112425,Shame,Fear,0.026735028949152015
0.0032516815952112425,Shame,Happiness,0.22164483367260746
0.0032516815952112425,Shame,Joy,0.19304372406008422
0.0032516815952112425,Shame,Pride,0.24922240936190798
0.0032516815952112425,Shame,Sadness,0.04277301717122564
0.0032516815952112425,Shame,Shame,0.22826625142999218
0.0032583692056952713,Boredom,Boredom,0.4127600483864445
0.0032583692056952713,Boredom,Fear,0.03555828259218223
0.0032583692056952713,Boredom,Happiness,0.19343585763226126
0.0032583692056952713,Boredom,Joy,0.16236805991831307
0.0032583692056952713,Boredom,Pride,0.08365810398488294
0.0032583692056952713,Boredom,Sadness,0.010797194185456788
0.0032583692056952713,Boredom,Shame,0.10142245330045907
0.0032583692056952713,Fear,Boredom,0.006155519799346702
0.0032583692056952713,Fear,Fear,0.6008412625960216
0.0032583692056952713,Fear,Happiness,0.015279227776676459
0.0032583692056952713,Fear,Joy,0.048968831866732364
0.0032583692056952713,Fear,Pride,0.02255468381248778
0.0032583692056952713,Fear,Sadness,0.18336303210474064
0.0032583692056952713,Fear,Shame,0.12283744204399402
0.0032583692056952713,Happiness,Boredom,0.47479626846237677
0.0032583692056952713,Happiness,Fear,0.007684541632966644
0.0032583692056952713,Happiness,Happiness,0.3457715278615612
0.0032583692056952713,Happiness,Joy,0.028643209496559546
0.0032583692056952713,Happiness,Pride,0.07438906124918009
0.0032583692056952713,Happiness,Sadness,0.010340598255621454
0.0032583692056952713,Happiness,Shame,0.05837479304173417
0.0032583692056952713,Joy,Boredom,0.010952722088534008
0.0032583692056952713,Joy,Fear,0.09703978154722123
0.0032583692056952713,Joy,Happiness,0.07540256669662036
0.0032583692056952713,Joy,Joy,0.31986366625121343
0.0032583692056952713,Joy,Pride,0.2554514092013805
0.0032583692056952713,Joy,Sadness,0.05317788467838185
0.0032583692056952713,Joy,Shame,0.1881119695366483
0.0032583692056952713,Pride,Boredom,0.057265654553565776
0.0032583692056952713,Pride,Fear,0.021906593652123302
0.0032583692056952713,Pride,Happiness,0.29605832890105993
0.0032583692056952713,Pride,Joy,0.11169807085665502
0.0032583692056952713,Pride,Pride,0.2587221384996805
0.0032583692056952713,Pride,Sadness,0.053732631240675906
0.0032583692056952713,Pride,Shame,0.20061658229623947
0.0032583692056952713,Sadness,Boredom,0.018729304056529263
0.0032583692056952713,Sadness,Fear,0.566539557977147
0.0032583692056952713,Sadness,Happiness,0.03554013056470355
0.0032583692056952713,Sadness,Joy,0.06899476936580995
0.0032583692056952713,Sadness,Pride,0.06459195391657109
0.0032583692056952713,Sadness,Sadness,0.092110313774603
0.0032583692056952713,Sadness,Shame,0.15349397034463638
0.0032583692056952713,Shame,Boredom,0.0401838776623128
0.0032583692056952713,Shame,Fear,0.027133588791278748
0.0032583692056952713,Shame,Happiness,0.22216605205183296
0.0032583692056952713,Shame,Joy,0.19624646065502416
0.0032583692056952713,Shame,Pride,0.24838385530353185
0.0032583692056952713,Shame,Sadness,0.04249303130069155
0.0032583692056952713,Shame,Shame,0.22339313423532786
0.003260927290540893,Boredom,Boredom,0.4195399079606795
0.003260927290540893,Boredom,Fear,0.0338401454833181
0.003260927290540893,Boredom,Happiness,0.13103206854203187
0.003260927290540893,Boredom,Joy,0.1722576674664265
0.003260927290540893,Boredom,Pride,0.09591931323633512
0.003260927290540893,Boredom,Sadness,0.009817473830168604
0.003260927290540893,Boredom,Shame,0.13759342348103998
0.003260927290540893,Fear,Boredom,0.004327775671896591
0.003260927290540893,Fear,Fear,0.6840717545137416
0.003260927290540893,Fear,Happiness,0.00601935445969521
0.003260927290540893,Fear,Joy,0.03513914775753178
0.003260927290540893,Fear,Pride,0.020034516761341117
0.003260927290540893,Fear,Sadness,0.1267511255690993
0.003260927290540893,Fear,Shame,0.12365632526669404
0.003260927290540893,Happiness,Boredom,0.42014107130901746
0.003260927290540893,Happiness,Fear,0.004870342885084871
0.003260927290540893,Happiness,Happiness,0.41385682546365365
0.003260927290540893,Happiness,Joy,0.022833256747794177
0.003260927290540893,Happiness,Pride,0.0791127460431775
0.003260927290540893,Happiness,Sadness,0.007191082990940708
0.003260927290540893,Happiness,Shame,0.05199467456033133
0.003260927290540893,Joy,Boredom,0.005905358254491245
0.003260927290540893,Joy,Fear,0.08940992116464994
0.003260927290540893,Joy,Happiness,0.043312137118137736
0.003260927290540893,Joy,Joy,0.2892062747040929
0.003260927290540893,Joy,Pride,0.268760428178451
0.003260927290540893,Joy,Sadness,0.04287003512005786
0.003260927290540893,Joy,Shame,0.26053584546011954
0.003260927290540893,Pride,Boredom,0.04225332225275502
0.003260927290540893,Pride,Fear,0.009546292488201444
0.003260927290540893,Pride,Happiness,0.2897874228732203
0.003260927290540893,Pride,Joy,0.08270593085184152
0.003260927290540893,Pride,Pride,0.2718078190962081
0.003260927290540893,Pride,Sadness,0.04328806948748807
0.003260927290540893,Pride,Shame,0.26061114295028565
0.003260927290540893,Sadness,Boredom,0.01598815030207305
0.003260927290540893,Sadness,Fear,0.5971900834284658
0.003260927290540893,Sadness,Happiness,0.022248109616921988
0.003260927290540893,Sadness,Joy,0.05807702469632672
0.003260927290540893,Sadness,Pride,0.05807851096278071
0.003260927290540893,Sadness,Sadness,0.06561977006932314
0.003260927290540893,Sadness,Shame,0.1827983509241084
0.003260927290540893,Shame,Boredom,0.027344239677773826
0.003260927290540893,Shame,Fear,0.012568497471276415
0.003260927290540893,Shame,Happiness,0.15445848023358918
0.003260927290540893,Shame,Joy,0.17960806739702026
0.003260927290540893,Shame,Pride,0.26338647464449083
0.003260927290540893,Shame,Sadness,0.031130976063894058
0.003260927290540893,Shame,Shame,0.3315032645119556
0.003502874708297481,Boredom,Boredom,0.46224091096961784
0.003502874708297481,Boredom,Fear,0.03340896251315734
0.003502874708297481,Boredom,Happiness,0.1150629248671006
0.003502874708297481,Boredom,Joy,0.18691968065297124
0.003502874708297481,Boredom,Pride,0.09107628468038888
0.003502874708297481,Boredom,Sadness,0.00849249295334933
0.003502874708297481,Boredom,Shame,0.10279874336341444
0.003502874708297481,Fear,Boredom,0.003289573648067625
0.003502874708297481,Fear,Fear,0.8041578535666563
0.003502874708297481,Fear,Happiness,0.003714681487738665
0.003502874708297481,Fear,Joy,0.022104565492989607
0.003502874708297481,Fear,Pride,0.01295745897674188
0.003502874708297481,Fear,Sadness,0.10303658119480286
0.003502874708297481,Fear,Shame,0.050739285633002874
0.003502874708297481,Happiness,Boredom,0.488122672023854
0.003502874708297481,Happiness,Fear,0.003051421144469438
0.003502874708297481,Happiness,Happiness,0.3933638048186832
0.003502874708297481,Happiness,Joy,0.016335362294608715
0.003502874708297481,Happiness,Pride,0.06292674780918492
0.003502874708297481,Happiness,Sadness,0.004234979817971924
0.003502874708297481,Happiness,Shame,0.03196501209122744
0.003502874708297481,Joy,Boredom,0.008277383586927211
0.003502874708297481,Joy,Fear,0.09739535231682359
0.003502874708297481,Joy,Happiness,0.05529103210015656
0.003502874708297481,Joy,Joy,0.3280660842706815
0.003502874708297481,Joy,Pride,0.2602954642017719
0.003502874708297481,Joy,Sadness,0.04139651553072727
0.003502874708297481,Joy,Shame,0.20927816799291163
0.003502874708297481,Pride,Boredom,0.05851718104591075
0.003502874708297481,Pride,Fear,0.012231808861688289
0.003502874708297481,Pride,Happiness,0.33428967269755383
0.003502874708297481,Pride,Joy,0.0814562810970654
0.003502874708297481,Pride,Pride,0.26067878584403625
0.003502874708297481,Pride,Sadness,0.04491597598562341
0.003502874708297481,Pride,Shame,0.20791029446812165
0.003502874708297481,Sadness,Boredom,0.015556003759555459
0.003502874708297481,Sadness,Fear,0.7531256074661182
0.003502874708297481,Sadness,Happiness,0.020001134037710963
0.003502874708297481,Sadness,Joy,0.0357176102576237
0.003502874708297481,Sadness,Pride,0.037769213829582024
0.003502874708297481,Sadness,Sadness,0.04678342349759251
0.003502874708297481,Sadness,Shame,0.09104700715181688
0.003502874708297481,Shame,Boredom,0.03894257740740971
0.003502874708297481,Shame,Fear,0.01866108553061523
0.003502874708297481,Shame,Happiness,0.21941705977075113
0.003502874708297481,Shame,Joy,0.13047246492013667
0.003502874708297481,Shame,Pride,0.2629648811863828
0.003502874708297481,Shame,Sadness,0.029859641132139316
0.003502874708297481,Shame,Shame,0.299682290052565
0.003142524237187679,Boredom,Boredom,0.3903254477083612
0.003142524237187679,Boredom,Fear,0.03446656969292034
0.003142524237187679,Boredom,Happiness,0.158628177773648
0.003142524237187679,Boredom,Joy,0.16730219741311214
0.003142524237187679,Boredom,Pride,0.09087166776594571
0.003142524237187679,Boredom,Sadness,0.011606997096529917
0.003142524237187679,Boredom,Shame,0.1467989425494825
0.003142524237187679,Fear,Boredom,0.00749326343018657
0.003142524237187679,Fear,Fear,0.5166541716814577
0.003142524237187679,Fear,Happiness,0.01562609487467049
0.003142524237187679,Fear,Joy,0.0588794882621557
0.003142524237187679,Fear,Pride,0.030273127447993372
0.003142524237187679,Fear,Sadness,0.20593083873181073
0.003142524237187679,Fear,Shame,0.16514301557172584
0.003142524237187679,Happiness,Boredom,0.4380641812974062
0.003142524237187679,Happiness,Fear,0.007696853082989725
0.003142524237187679,Happiness,Happiness,0.3567378330196014
0.003142524237187679,Happiness,Joy,0.03369334768932363
0.003142524237187679,Happiness,Pride,0.0829209411283872
0.003142524237187679,Happiness,Sadness,0.010835436239606176
0.003142524237187679,Happiness,Shame,0.07005140754268553
0.003142524237187679,Joy,Boredom,0.008764293526841372
0.003142524237187679,Joy,Fear,0.07268301999267131
0.003142524237187679,Joy,Happiness,0.062319697983232086
0.003142524237187679,Joy,Joy,0.30532456616293596
0.003142524237187679,Joy,Pride,0.2660815353991716
0.003142524237187679,Joy,Sadness,0.05020953697303462
0.003142524237187679,Joy,Shame,0.2346173499621126
0.003142524237187679,Pride,Boredom,0.04940347161368557
0.003142524237187679,Pride,Fear,0.015621045892939781
0.003142524237187679,Pride,Happiness,0.26844456186035326
0.003142524237187679,Pride,Joy,0.1159381239527537
0.003142524237187679,Pride,Pride,0.2627553905977531
0.003142524237187679,Pride,Sadness,0.047898547987128295
0.003142524237187679,Pride,Shame,0.23993885809538595
0.003142524237187679,Sadness,Boredom,0.022006009588979504
0.003142524237187679,Sadness,Fear,0.47148142353330735
0.003142524237187679,Sadness,Happiness,0.037293033876310264
0.003142524237187679,Sadness,Joy,0.0835265813829502
0.003142524237187679,Sadness,Pride,0.08076640603403701
0.003142524237187679,Sadness,Sadness,0.09931459530880986
0.003142524237187679,Sadness,Shame,0.20561195027560594
0.003142524237187679,Shame,Boredom,0.03435200522004038
0.003142524237187679,Shame,Fear,0.019950517399659532
0.003142524237187679,Shame,Happiness,0.17508554877316737
0.003142524237187679,Shame,Joy,0.20585299051789163
0.003142524237187679,Shame,Pride,0.2536905933063186
0.003142524237187679,Shame,Sadness,0.036460735780206706
0.003142524237187679,Shame,Shame,0.2746076090027153
0.0031275579385320025,Boredom,Boredom,0.3961495632210615
0.0031275579385320025,Boredom,Fear,0.03461499045052191
0.0031275579385320025,Boredom,Happiness,0.16182606270067199
0.0031275579385320025,Boredom,Joy,0.16709584649031667
0.0031275579385320025,Boredom,Pride,0.09072879758471636
0.0031275579385320025,Boredom,Sadness,0.012181957996044606
0.0031275579385320025,Boredom,Shame,0.137402781556667
0.0031275579385320025,Fear,Boredom,0.007851716720983252
0.0031275579385320025,Fear,Fear,0.504183731228377
0.0031275579385320025,Fear,Happiness,0.01676012275380386
0.0031275579385320025,Fear,Joy,0.060731134547902
0.0031275579385320025,Fear,Pride,0.031411711837316725
0.0031275579385320025,Fear,Sadness,0.2104985453750698
0.0031275579385320025,Fear,Shame,0.16856303753654744
0.0031275579385320025,Happiness,Boredom,0.43812249973388284
0.0031275579385320025,Happiness,Fear,0.008164273286337002
0.0031275579385320025,Happiness,Happiness,0.3527294114337887
0.0031275579385320025,Happiness,Joy,0.03550212821828264
0.0031275579385320025,Happiness,Pride,0.08319651759946191
0.0031275579385320025,Happiness,Sadness,0.011355639243415186
0.0031275579385320025,Happiness,Shame,0.07092953048483155
0.0031275579385320025,Joy,Boredom,0.009105311083919083
0.0031275579385320025,Joy,Fear,0.07127447022196473
0.0031275579385320025,Joy,Happiness,0.06420372634155563
0.0031275579385320025,Joy,Joy,0.30731267106487337
0.0031275579385320025,Joy,Pride,0.2671760370161139
0.0031275579385320025,Joy,Sadness,0.050994796091112723
0.0031275579385320025,Joy,Shame,0.2299329881804603
0.0031275579385320025,Pride,Boredom,0.04827417870358383
0.0031275579385320025,Pride,Fear,0.016722096860102627
0.0031275579385320025,Pride,Happiness,0.2671503046355386
0.0031275579385320025,Pride,Joy,0.12008300318945186
0.0031275579385320025,Pride,Pride,0.26328421373914496
0.0031275579385320025,Pride,Sadness,0.04893913381867817
0.0031275579385320025,Pride,Shame,0.23554706905349976
0.0031275579385320025,Sadness,Boredom,0.021924704300864246
0.0031275579385320025,Sadness,Fear,0.4653074975373444
0.0031275579385320025,Sadness,Happiness,0.038756402185217885
0.0031275579385320025,Sadness,Joy,0.08566280735448921
0.0031275579385320025,Sadness,Pride,0.08228202277569775
0.0031275579385320025,Sadness,Sadness,0.09944675206697458
0.0031275579385320025,Sadness,Shame,0.20661981377941202
0.0031275579385320025,Shame,Boredom,0.034448428489203424
0.0031275579385320025,Shame,Fear,0.021164323562763206
0.0031275579385320025,Shame,Happiness,0.17693902925810273
0.0031275579385320025,Shame,Joy,0.20895878849767516
0.0031275579385320025,Shame,Pride,0.254076721193677
0.0031275579385320025,Shame,Sadness,0.0379219350022853
0.0031275579385320025,Shame,Shame,0.266490773996293
0.0030849151571022498,Boredom,Boredom,0.4060733506492148
0.0030849151571022498,Boredom,Fear,0.03363771967460199
0.0030849151571022498,Boredom,Happiness,0.1965676404579623
0.0030849151571022498,Boredom,Joy,0.15684616022865605
0.0030849151571022498,Boredom,Pride,0.08211217147805186
0.0030849151571022498,Boredom,Sadness,0.010469150473416107
0.0030849151571022498,Boredom,Shame,0.11429380703809705
0.0030849151571022498,Fear,Boredom,0.006802513646477687
0.0030849151571022498,Fear,Fear,0.5851828144901381
0.0030849151571022498,Fear,Happiness,0.0167132944036104
0.0030849151571022498,Fear,Joy,0.04987011612255148
0.0030849151571022498,Fear,Pride,0.022945219751269633
0.0030849151571022498,Fear,Sadness,0.19223206194721718
0.0030849151571022498,Fear,Shame,0.12625397963873594
0.0030849151571022498,Happiness,Boredom,0.47461531442407373
0.0030849151571022498,Happiness,Fear,0.007377530700086336
0.0030849151571022498,Happiness,Happiness,0.34522490695154184
0.0030849151571022498,Happiness,Joy,0.031167318534092006
0.0030849151571022498,Happiness,Pride,0.07352329807287131
0.0030849151571022498,Happiness,Sadness,0.009955918741636184
0.0030849151571022498,Happiness,Shame,0.058135712575698446
0.0030849151571022498,Joy,Boredom,0.011620427032243627
0.0030849151571022498,Joy,Fear,0.08747295757006317
0.0030849151571022498,Joy,Happiness,0.08229671033138185
0.0030849151571022498,Joy,Joy,0.31637638420408576
0.0030849151571022498,Joy,Pride,0.2588401125724975
0.0030849151571022498,Joy,Sadness,0.053610230044481136
0.0030849151571022498,Joy,Shame,0.18978317824524707
0.0030849151571022498,Pride,Boredom,0.06507806589341601
0.0030849151571022498,Pride,Fear,0.020791112734843534
0.0030849151571022498,Pride,Happiness,0.291744300040541
0.0030849151571022498,Pride,Joy,0.11832408408338353
0.0030849151571022498,Pride,Pride,0.25413555959232914
0.0030849151571022498,Pride,Sadness,0.05241224849764488
0.0030849151571022498,Pride,Shame,0.19751462915784224
0.0030849151571022498,Sadness,Boredom,0.02115633711474242
0.0030849151571022498,Sadness,Fear,0.5494589945425231
0.0030849151571022498,Sadness,Happiness,0.038036006702616205
0.0030849151571022498,Sadness,Joy,0.07112705096384284
0.0030849151571022498,Sadness,Pride,0.06660995710185126
0.0030849151571022498,Sadness,Sadness,0.09751859928649126
0.0030849151571022498,Sadness,Shame,0.15609305428793285
0.0030849151571022498,Shame,Boredom,0.04145941501863825
0.0030849151571022498,Shame,Fear,0.026195582872515808
0.0030849151571022498,Shame,Happiness,0.22075198622542286
0.0030849151571022498,Shame,Joy,0.19867055979305745
0.0030849151571022498,Shame,Pride,0.2484490262003043
0.0030849151571022498,Shame,Sadness,0.04131967705207434
0.0030849151571022498,Shame,Shame,0.2231537528379868
0.003287112645354902,Boredom,Boredom,0.42755473099594726
0.003287112645354902,Boredom,Fear,0.03520453190202337
0.003287112645354902,Boredom,Happiness,0.15438733824927922
0.003287112645354902,Boredom,Joy,0.1752120418446502
0.003287112645354902,Boredom,Pride,0.08900325090474405
0.003287112645354902,Boredom,Sadness,0.009627234927670994
0.003287112645354902,Boredom,Shame,0.10901087117568442
0.003287112645354902,Fear,Boredom,0.004856816491272958
0.003287112645354902,Fear,Fear,0.6590521793610272
0.003287112645354902,Fear,Happiness,0.008538301348972804
0.003287112645354902,Fear,Joy,0.03991112654308008
0.003287112645354902,Fear,Pride,0.02088237936628269
0.003287112645354902,Fear,Sadness,0.150879410220206
0.003287112645354902,Fear,Shame,0.11587978666915885
0.003287112645354902,Happiness,Boredom,0.4587834292715685
0.003287112645354902,Happiness,Fear,0.00518015435785606
0.003287112645354902,Happiness,Happiness,0.38087883233285424
0.003287112645354902,Happiness,Joy,0.022704045409027512
0.003287112645354902,Happiness,Pride,0.07368388268771765
0.003287112645354902,Happiness,Sadness,0.007573687794623458
0.003287112645354902,Happiness,Shame,0.051195968146352695
0.003287112645354902,Joy,Boredom,0.007892924996663804
0.003287112645354902,Joy,Fear,0.10452293875533519
0.003287112645354902,Joy,Happiness,0.05380569617472409
0.003287112645354902,Joy,Joy,0.30964816019882657
0.003287112645354902,Joy,Pride,0.2569246490842817
0.003287112645354902,Joy,Sadness,0.04848899092513658
0.003287112645354902,Joy,Shame,0.21871663986503218
0.003287112645354902,Pride,Boredom,0.051699166054996276
0.003287112645354902,Pride,Fear,0.01524685693342526
0.003287112645354902,Pride,Happiness,0.3029752245243616
0.003287112645354902,Pride,Joy,0.0886972947774593
0.003287112645354902,Pride,Pride,0.26530786467744416
0.003287112645354902,Pride,Sadness,0.04876031927659061
0.003287112645354902,Pride,Shame,0.22731327375572233
0.003287112645354902,Sadness,Boredom,0.018005845790913327
0.003287112645354902,Sadness,Fear,0.6020153624018241
0.003287112645354902,Sadness,Happiness,0.026888938591693185
0.003287112645354902,Sadness,Joy,0.06054472237960515
0.003287112645354902,Sadness,Pride,0.05780115338905488
0.003287112645354902,Sadness,Sadness,0.07465922909217282
0.003287112645354902,Sadness,Shame,0.1600847483547365
0.003287112645354902,Shame,Boredom,0.03504603489053878
0.003287112645354902,Shame,Fear,0.019724684139688902
0.003287112645354902,Shame,Happiness,0.19674649954373324
0.003287112645354902,Shame,Joy,0.18061578155682456
0.003287112645354902,Shame,Pride,0.25344620362193065
0.003287112645354902,Shame,Sadness,0.0356611175230088
0.003287112645354902,Shame,Shame,0.2787596787242747
0.003359660792790933,Boredom,Boredom,0.39912625586427114
0.003359660792790933,Boredom,Fear,0.034516838178957406
0.003359660792790933,Boredom,Happiness,0.12093690590696779
0.003359660792790933,Boredom,Joy,0.17647551483664414
0.003359660792790933,Boredom,Pride,0.10434488665059806
0.003359660792790933,Boredom,Sadness,0.011908821825457994
0.003359660792790933,Boredom,Shame,0.1526907767371034
0.003359660792790933,Fear,Boredom,0.0055299827068216525
0.003359660792790933,Fear,Fear,0.6075744336962131
0.003359660792790933,Fear,Happiness,0.008056259405276715
0.003359660792790933,Fear,Joy,0.04366336038308572
0.003359660792790933,Fear,Pride,0.026011411863966688
0.003359660792790933,Fear,Sadness,0.15696121290948795
0.003359660792790933,Fear,Shame,0.1522033390351486
0.003359660792790933,Happiness,Boredom,0.3926096889003579
0.003359660792790933,Happiness,Fear,0.006496690305932008
0.003359660792790933,Happiness,Happiness,0.4032833861904899
0.003359660792790933,Happiness,Joy,0.02850577337620619
0.003359660792790933,Happiness,Pride,0.08982121503971756
0.003359660792790933,Happiness,Sadness,0.009534779001416676
0.003359660792790933,Happiness,Shame,0.0697484671858799
0.003359660792790933,Joy,Boredom,0.005544844045977216
0.003359660792790933,Joy,Fear,0.07407616933453043
0.003359660792790933,Joy,Happiness,0.04337213296774425
0.003359660792790933,Joy,Joy,0.27569164686189573
0.003359660792790933,Joy,Pride,0.2751989549314861
0.003359660792790933,Joy,Sadness,0.04265828529974897
0.003359660792790933,Joy,Shame,0.2834579665586167
0.003359660792790933,Pride,Boredom,0.03869446025994091
0.003359660792790933,Pride,Fear,0.008958303808468583
0.003359660792790933,Pride,Happiness,0.2644362526705992
0.003359660792790933,Pride,Joy,0.07954208620302863
0.003359660792790933,Pride,Pride,0.277945208816959
0.003359660792790933,Pride,Sadness,0.04163275934804996
0.003359660792790933,Pride,Shame,0.2887909288929537
0.003359660792790933,Sadness,Boredom,0.0182459377459471
0.003359660792790933,Sadness,Fear,0.5205535835768567
0.003359660792790933,Sadness,Happiness,0.026052643835809738
0.003359660792790933,Sadness,Joy,0.0688036546118462
0.003359660792790933,Sadness,Pride,0.07175870967423224
0.003359660792790933,Sadness,Sadness,0.07910515104763968
0.003359660792790933,Sadness,Shame,0.21548031950766816
0.003359660792790933,Shame,Boredom,0.02542243138449653
0.003359660792790933,Shame,Fear,0.011169737821992173
0.003359660792790933,Shame,Happiness,0.14489062391701915
0.003359660792790933,Shame,Joy,0.17730768091952298
0.003359660792790933,Shame,Pride,0.26827526834394033
0.003359660792790933,Shame,Sadness,0.0287650691104405
0.003359660792790933,Shame,Shame,0.3441691885025881
0.003183885395998654,Boredom,Boredom,0.3976636370868036
0.003183885395998654,Boredom,Fear,0.035456906571762994
0.003183885395998654,Boredom,Happiness,0.16267382514527148
0.003183885395998654,Boredom,Joy,0.16812154763423504
0.003183885395998654,Boredom,Pride,0.09079405406680546
0.003183885395998654,Boredom,Sadness,0.012174197692134818
0.003183885395998654,Boredom,Shame,0.1331158318029864
0.003183885395998654,Fear,Boredom,0.00767243262277064
0.003183885395998654,Fear,Fear,0.5104622467448479
0.003183885395998654,Fear,Happiness,0.01668155599110225
0.003183885395998654,Fear,Joy,0.05994324566679108
0.003183885395998654,Fear,Pride,0.030744564282388955
0.003183885395998654,Fear,Sadness,0.21015981707621864
0.003183885395998654,Fear,Shame,0.1643361376158803
0.003183885395998654,Happiness,Boredom,0.4416545265214041
0.003183885395998654,Happiness,Fear,0.008203555176090655
0.003183885395998654,Happiness,Happiness,0.34963459683639114
0.003183885395998654,Happiness,Joy,0.03519499328517838
0.003183885395998654,Happiness,Pride,0.08290325673158523
0.003183885395998654,Happiness,Sadness,0.011438722554497809
0.003183885395998654,Happiness,Shame,0.07097034889485276
0.003183885395998654,Joy,Boredom,0.00883294398185814
0.003183885395998654,Joy,Fear,0.085736492448543
0.003183885395998654,Joy,Happiness,0.06290765491120469
0.003183885395998654,Joy,Joy,0.30514372564456654
0.003183885395998654,Joy,Pride,0.260032762153487
0.003183885395998654,Joy,Sadness,0.05111988874671015
0.003183885395998654,Joy,Shame,0.2262265321136304
0.003183885395998654,Pride,Boredom,0.04879769160533167
0.003183885395998654,Pride,Fear,0.016955541057924604
0.003183885395998654,Pride,Happiness,0.2684007079472057
0.003183885395998654,Pride,Joy,0.1195217630082358
0.003183885395998654,Pride,Pride,0.2623046516575265
0.003183885395998654,Pride,Sadness,0.049492235655725074
0.003183885395998654,Pride,Shame,0.234527409068051
0.003183885395998654,Sadness,Boredom,0.021742193601201925
0.003183885395998654,Sadness,Fear,0.47197477055883613
0.003183885395998654,Sadness,Happiness,0.038567296200910275
0.003183885395998654,Sadness,Joy,0.08519528412312524
0.003183885395998654,Sadness,Pride,0.08118029229039479
0.003183885395998654,Sadness,Sadness,0.09818063023450206
0.003183885395998654,Sadness,Shame,0.20315953299102954
0.003183885395998654,Shame,Boredom,0.03483672522970479
0.003183885395998654,Shame,Fear,0.02133406642149291
0.003183885395998654,Shame,Happiness,0.1791733827656219
0.003183885395998654,Shame,Joy,0.2103294294200038
0.003183885395998654,Shame,Pride,0.2524624303385433
0.003183885395998654,Shame,Sadness,0.038686758991303326
0.003183885395998654,Shame,Shame,0.26317720683333
0.0030811839315763993,Boredom,Boredom,0.39066452469783497
0.0030811839315763993,Boredom,Fear,0.03392432263821215
0.0030811839315763993,Boredom,Happiness,0.19874660139420341
0.0030811839315763993,Boredom,Joy,0.15857528440063784
0.0030811839315763993,Boredom,Pride,0.08449217360516866
0.0030811839315763993,Boredom,Sadness,0.011224301494684296
0.0030811839315763993,Boredom,Shame,0.12237279176925865
0.0030811839315763993,Fear,Boredom,0.007833225993372096
0.0030811839315763993,Fear,Fear,0.5671370093141602
0.0030811839315763993,Fear,Happiness,0.01812532863838332
0.0030811839315763993,Fear,Joy,0.05135196601983217
0.0030811839315763993,Fear,Pride,0.023802731255712667
0.0030811839315763993,Fear,Sadness,0.20007297133563098
0.0030811839315763993,Fear,Shame,0.13167676744290852
0.0030811839315763993,Happiness,Boredom,0.4715276212936822
0.0030811839315763993,Happiness,Fear,0.008028584272724954
0.0030811839315763993,Happiness,Happiness,0.3405083288302474
0.0030811839315763993,Happiness,Joy,0.03325564157454138
0.0030811839315763993,Happiness,Pride,0.07479330961781583
0.0030811839315763993,Happiness,Sadness,0.010674920953993436
0.0030811839315763993,Happiness,Shame,0.06121159345699469
0.0030811839315763993,Joy,Boredom,0.011290548000045343
0.0030811839315763993,Joy,Fear,0.10895939479603065
0.0030811839315763993,Joy,Happiness,0.08102427798314558
0.0030811839315763993,Joy,Joy,0.30522171397772835
0.0030811839315763993,Joy,Pride,0.2527461735723758
0.0030811839315763993,Joy,Sadness,0.0539067214393505
0.0030811839315763993,Joy,Shame,0.18685117023132375
0.0030811839315763993,Pride,Boredom,0.0687692706418225
0.0030811839315763993,Pride,Fear,0.021438705660895015
0.0030811839315763993,Pride,Happiness,0.2881877195564891
0.0030811839315763993,Pride,Joy,0.12129792858806723
0.0030811839315763993,Pride,Pride,0.25267920754294293
0.0030811839315763993,Pride,Sadness,0.05287891051082399
0.0030811839315763993,Pride,Shame,0.19474825749895905
0.0030811839315763993,Sadness,Boredom,0.02249116815444021
0.0030811839315763993,Sadness,Fear,0.5307665088099723
0.0030811839315763993,Sadness,Happiness,0.03892669761464889
0.0030811839315763993,Sadness,Joy,0.0729880458019547
0.0030811839315763993,Sadness,Pride,0.06870839717337296
0.0030811839315763993,Sadness,Sadness,0.10746242431388828
0.0030811839315763993,Sadness,Shame,0.1586567581317227
0.0030811839315763993,Shame,Boredom,0.042147566436492194
0.0030811839315763993,Shame,Fear,0.026797266435768956
0.0030811839315763993,Shame,Happiness,0.22136231582449997
0.0030811839315763993,Shame,Joy,0.20107988272808566
0.0030811839315763993,Shame,Pride,0.2480170691361659
0.0030811839315763993,Shame,Sadness,0.04249310985846831
0.0030811839315763993,Shame,Shame,0.21810278958051862
0.0030834007482847593,Boredom,Boredom,0.4102805007836555
0.0030834007482847593,Boredom,Fear,0.03379623753254335
0.0030834007482847593,Boredom,Happiness,0.1959035918029981
0.0030834007482847593,Boredom,Joy,0.15695855240809756
0.0030834007482847593,Boredom,Pride,0.08185704208918906
0.0030834007482847593,Boredom,Sadness,0.00987631391994379
0.0030834007482847593,Boredom,Shame,0.1113277614635724
0.0030834007482847593,Fear,Boredom,0.0065098110814598795
0.0030834007482847593,Fear,Fear,0.5955533144401648
0.0030834007482847593,Fear,Happiness,0.015927129832196733
0.0030834007482847593,Fear,Joy,0.04906311180534626
0.0030834007482847593,Fear,Pride,0.022260131237151454
0.0030834007482847593,Fear,Sadness,0.1861734292328041
0.0030834007482847593,Fear,Shame,0.12451307237087693
0.0030834007482847593,Happiness,Boredom,0.4750949970611154
0.0030834007482847593,Happiness,Fear,0.006872341999524831
0.0030834007482847593,Happiness,Happiness,0.35009703462437297
0.0030834007482847593,Happiness,Joy,0.02974403158165382
0.0030834007482847593,Happiness,Pride,0.07282209495945598
0.0030834007482847593,Happiness,Sadness,0.009335988575783846
0.0030834007482847593,Happiness,Shame,0.05603351119809316
0.0030834007482847593,Joy,Boredom,0.010651229088748954
0.0030834007482847593,Joy,Fear,0.10352912907629615
0.0030834007482847593,Joy,Happiness,0.08143417295281939
0.0030834007482847593,Joy,Joy,0.3105447602192143
0.0030834007482847593,Joy,Pride,0.25163269613227324
0.0030834007482847593,Joy,Sadness,0.05237068143711397
0.0030834007482847593,Joy,Shame,0.18983733109353418
0.0030834007482847593,Pride,Boredom,0.061585874568860235
0.0030834007482847593,Pride,Fear,0.020169624478305656
0.0030834007482847593,Pride,Happiness,0.29475429692454513
0.0030834007482847593,Pride,Joy,0.1167695340152577
0.0030834007482847593,Pride,Pride,0.2553367088802712
0.0030834007482847593,Pride,Sadness,0.05157579254134216
0.0030834007482847593,Pride,Shame,0.19980816859141792
0.0030834007482847593,Sadness,Boredom,0.020461665122755688
0.0030834007482847593,Sadness,Fear,0.556046451173266
0.0030834007482847593,Sadness,Happiness,0.03739920272499129
0.0030834007482847593,Sadness,Joy,0.06972138901377063
0.0030834007482847593,Sadness,Pride,0.0653657277318592
0.0030834007482847593,Sadness,Sadness,0.09518437207298819
0.0030834007482847593,Sadness,Shame,0.15582119216036913
0.0030834007482847593,Shame,Boredom,0.04054222288463567
0.0030834007482847593,Shame,Fear,0.025582613171800557
0.0030834007482847593,Shame,Happiness,0.21976894387761864
0.0030834007482847593,Shame,Joy,0.19651533967647591
0.0030834007482847593,Shame,Pride,0.24852134395913208
0.0030834007482847593,Shame,Sadness,0.03990185495985995
0.0030834007482847593,Shame,Shame,0.22916768147047759
0.0032920077144123817,Boredom,Boredom,0.4252423729427048
0.0032920077144123817,Boredom,Fear,0.035296867100894684
0.0032920077144123817,Boredom,Happiness,0.18840632324304804
0.0032920077144123817,Boredom,Joy,0.1679803551486598
0.0032920077144123817,Boredom,Pride,0.08453565357809296
0.0032920077144123817,Boredom,Sadness,0.009752776269975432
0.0032920077144123817,Boredom,Shame,0.0887856517166246
0.0032920077144123817,Fear,Boredom,0.005405419343309246
0.0032920077144123817,Fear,Fear,0.6372280304071167
0.0032920077144123817,Fear,Happiness,0.01211239168011884
0.0032920077144123817,Fear,Joy,0.04392082573787041
0.0032920077144123817,Fear,Pride,0.01987579355672703
0.0032920077144123817,Fear,Sadness,0.16884252339456673
0.0032920077144123817,Fear,Shame,0.11261501588029108
0.0032920077144123817,Happiness,Boredom,0.4783059224647005
0.0032920077144123817,Happiness,Fear,0.0063799346213296425
0.0032920077144123817,Happiness,Happiness,0.35877576082473905
0.0032920077144123817,Happiness,Joy,0.024353506124601323
0.0032920077144123817,Happiness,Pride,0.07147643101620493
0.0032920077144123817,Happiness,Sadness,0.00870947749900406
0.0032920077144123817,Happiness,Shame,0.0519989674494206
0.0032920077144123817,Joy,Boredom,0.010651216333032868
0.0032920077144123817,Joy,Fear,0.08710386534149463
0.0032920077144123817,Joy,Happiness,0.06962262243290368
0.0032920077144123817,Joy,Joy,0.3312984577964324
0.0032920077144123817,Joy,Pride,0.2594669483780179
0.0032920077144123817,Joy,Sadness,0.052173622576976095
0.0032920077144123817,Joy,Shame,0.1896832671411427
0.0032920077144123817,Pride,Boredom,0.054114301771067866
0.0032920077144123817,Pride,Fear,0.021141606509069488
0.0032920077144123817,Pride,Happiness,0.30704371002803266
0.0032920077144123817,Pride,Joy,0.10321700105151553
0.0032920077144123817,Pride,Pride,0.26135712207916706
0.0032920077144123817,Pride,Sadness,0.05330010449322555
0.0032920077144123817,Pride,Shame,0.19982615406792184
0.0032920077144123817,Sadness,Boredom,0.01705381689597657
0.0032920077144123817,Sadness,Fear,0.5965120379139048
0.0032920077144123817,Sadness,Happiness,0.03100149993860431
0.0032920077144123817,Sadness,Joy,0.0628078530336144
0.0032920077144123817,Sadness,Pride,0.05898786055390608
0.0032920077144123817,Sadness,Sadness,0.08891601615908273
0.0032920077144123817,Sadness,Shame,0.14472091550491098
0.0032920077144123817,Shame,Boredom,0.03911469248855728
0.0032920077144123817,Shame,Fear,0.026674199648908842
0.0032920077144123817,Shame,Happiness,0.22213015094803806
0.0032920077144123817,Shame,Joy,0.18880630381040234
0.0032920077144123817,Shame,Pride,0.24892071032961763
0.0032920077144123817,Shame,Sadness,0.04166938338381744
0.0032920077144123817,Shame,Shame,0.2326845593906583
0.0033051120129206283,Boredom,Boredom,0.4339518385961054
0.0033051120129206283,Boredom,Fear,0.035111889056423644
0.0033051120129206283,Boredom,Happiness,0.14567883902326328
0.0033051120129206283,Boredom,Joy,0.17702587341222895
0.0033051120129206283,Boredom,Pride,0.08978445490568043
0.0033051120129206283,Boredom,Sadness,0.00979445105122927
0.0033051120129206283,Boredom,Shame,0.10865265395506934
0.0033051120129206283,Fear,Boredom,0.004630484544003553
0.0033051120129206283,Fear,Fear,0.6710223877535968
0.0033051120129206283,Fear,Happiness,0.00786816076024548
0.0033051120129206283,Fear,Joy,0.03834696124464379
0.0033051120129206283,Fear,Pride,0.020187149102972757
0.0033051120129206283,Fear,Sadness,0.1475605824139189
0.0033051120129206283,Fear,Shame,0.11038427418061897
0.0033051120129206283,Happiness,Boredom,0.4591069906785239
0.0033051120129206283,Happiness,Fear,0.004979819220341472
0.0033051120129206283,Happiness,Happiness,0.3833424588787048
0.0033051120129206283,Happiness,Joy,0.022183120409372703
0.0033051120129206283,Happiness,Pride,0.07321788938953426
0.0033051120129206283,Happiness,Sadness,0.007250419207787015
0.0033051120129206283,Happiness,Shame,0.04991930221573569
0.0033051120129206283,Joy,Boredom,0.008186032612417777
0.0033051120129206283,Joy,Fear,0.09286164980004225
0.0033051120129206283,Joy,Happiness,0.052217025325030426
0.0033051120129206283,Joy,Joy,0.31579203104577364
0.0033051120129206283,Joy,Pride,0.2623857426809776
0.0033051120129206283,Joy,Sadness,0.047981835716085705
0.0033051120129206283,Joy,Shame,0.22057568281967235
0.0033051120129206283,Pride,Boredom,0.05124810903190163
0.0033051120129206283,Pride,Fear,0.014966593324053541
0.0033051120129206283,Pride,Happiness,0.30550369872181177
0.0033051120129206283,Pride,Joy,0.08556570144619184
0.0033051120129206283,Pride,Pride,0.26655603437180236
0.0033051120129206283,Pride,Sadness,0.04862904794979327
0.0033051120129206283,Pride,Shame,0.22753081515444554
0.0033051120129206283,Sadness,Boredom,0.017530374669457692
0.0033051120129206283,Sadness,Fear,0.6141986632313068
0.0033051120129206283,Sadness,Happiness,0.02571474831311332
0.0033051120129206283,Sadness,Joy,0.05839116256557111
0.0033051120129206283,Sadness,Pride,0.056315635717460615
0.0033051120129206283,Sadness,Sadness,0.07234722024808168
0.0033051120129206283,Sadness,Shame,0.15550219525500936
0.0033051120129206283,Shame,Boredom,0.0348488187025646
0.0033051120129206283,Shame,Fear,0.019417316859666814
0.0033051120129206283,Shame,Happiness,0.1985750674859736
0.0033051120129206283,Shame,Joy,0.17589037102467064
0.0033051120129206283,Shame,Pride,0.2544038419525534
0.0033051120129206283,Shame,Sadness,0.03520218298074519
0.0033051120129206283,Shame,Shame,0.28166240099382517
0.003276813613269804,Boredom,Boredom,0.42129983897901047
0.003276813613269804,Boredom,Fear,0.03576348813817472
0.003276813613269804,Boredom,Happiness,0.18979720073798437
0.003276813613269804,Boredom,Joy,0.16425740850960124
0.003276813613269804,Boredom,Pride,0.08351411918550454
0.003276813613269804,Boredom,Sadness,0.010142757734528511
0.003276813613269804,Boredom,Shame,0.09522518671519614
0.003276813613269804,Fear,Boredom,0.005953763766231601
0.003276813613269804,Fear,Fear,0.6222623371558182
0.003276813613269804,Fear,Happiness,0.013356379823842046
0.003276813613269804,Fear,Joy,0.04580334376228829
0.003276813613269804,Fear,Pride,0.021928189317284276
0.003276813613269804,Fear,Sadness,0.17385749539047896
0.003276813613269804,Fear,Shame,0.1168384907840565
0.003276813613269804,Happiness,Boredom,0.476381682295299
0.003276813613269804,Happiness,Fear,0.0067860409891003694
0.003276813613269804,Happiness,Happiness,0.35331748911289784
0.003276813613269804,Happiness,Joy,0.026240857009669476
0.003276813613269804,Happiness,Pride,0.07270007328717515
0.003276813613269804,Happiness,Sadness,0.009371090239190367
0.003276813613269804,Happiness,Shame,0.05520276706666797
0.003276813613269804,Joy,Boredom,0.010034777067246562
0.003276813613269804,Joy,Fear,0.10980904564845569
0.003276813613269804,Joy,Happiness,0.07262608679826345
0.003276813613269804,Joy,Joy,0.31675595695496805
0.003276813613269804,Joy,Pride,0.2506055355558496
0.003276813613269804,Joy,Sadness,0.0522579215241502
0.003276813613269804,Joy,Shame,0.18791067645106652
0.003276813613269804,Pride,Boredom,0.05619583883057813
0.003276813613269804,Pride,Fear,0.020907522915489744
0.003276813613269804,Pride,Happiness,0.301272631671915
0.003276813613269804,Pride,Joy,0.1070614174789261
0.003276813613269804,Pride,Pride,0.2596924450261395
0.003276813613269804,Pride,Sadness,0.052972879606634465
0.003276813613269804,Pride,Shame,0.2018972644703169
0.003276813613269804,Sadness,Boredom,0.01886280335614888
0.003276813613269804,Sadness,Fear,0.5867641758513925
0.003276813613269804,Sadness,Happiness,0.03371451327768997
0.003276813613269804,Sadness,Joy,0.06584685108823073
0.003276813613269804,Sadness,Pride,0.06084385303614064
0.003276813613269804,Sadness,Sadness,0.08443611404840198
0.003276813613269804,Sadness,Shame,0.1495316893419956
0.003276813613269804,Shame,Boredom,0.0403172842669234
0.003276813613269804,Shame,Fear,0.026334327582217754
0.003276813613269804,Shame,Happiness,0.22057859022373508
0.003276813613269804,Shame,Joy,0.19217850067953263
0.003276813613269804,Shame,Pride,0.24859319500372318
0.003276813613269804,Shame,Sadness,0.04123276472456669
0.003276813613269804,Shame,Shame,0.2307653375193014
0.0030601171171505278,Boredom,Boredom,0.40856968636678803
0.0030601171171505278,Boredom,Fear,0.03320208719542077
0.0030601171171505278,Boredom,Happiness,0.17222469983604358
0.0030601171171505278,Boredom,Joy,0.16213598311877592
0.0030601171171505278,Boredom,Pride,0.08510083166886079
0.0030601171171505278,Boredom,Sadness,0.009427203580297151
0.0030601171171505278,Boredom,Shame,0.12933950823381332
0.0030601171171505278,Fear,Boredom,0.005801858812291261
0.0030601171171505278,Fear,Fear,0.5988202822046783
0.0030601171171505278,Fear,Happiness,0.012454821111607468
0.0030601171171505278,Fear,Joy,0.0483996827853266
0.0030601171171505278,Fear,Pride,0.024048394180729498
0.0030601171171505278,Fear,Sadness,0.17695570982644568
0.0030601171171505278,Fear,Shame,0.13351925107892124
0.0030601171171505278,Happiness,Boredom,0.45274832377882845
0.0030601171171505278,Happiness,Fear,0.0061954562194891215
0.0030601171171505278,Happiness,Happiness,0.36835630655418994
0.0030601171171505278,Happiness,Joy,0.028295271830674765
0.0030601171171505278,Happiness,Pride,0.07682098539767847
0.0030601171171505278,Happiness,Sadness,0.008820477095822697
0.0030601171171505278,Happiness,Shame,0.05876317912331692
0.0030601171171505278,Joy,Boredom,0.009708170738236729
0.0030601171171505278,Joy,Fear,0.06598974110985557
0.0030601171171505278,Joy,Happiness,0.07411602714182368
0.0030601171171505278,Joy,Joy,0.3152969440284659
0.0030601171171505278,Joy,Pride,0.2650268191826938
0.0030601171171505278,Joy,Sadness,0.050591457855391236
0.0030601171171505278,Joy,Shame,0.219270839943533
0.0030601171171505278,Pride,Boredom,0.054032939345873
0.0030601171171505278,Pride,Fear,0.01584842104613344
0.0030601171171505278,Pride,Happiness,0.2912783742224819
0.0030601171171505278,Pride,Joy,0.10736670637596317
0.0030601171171505278,Pride,Pride,0.2604196139040763
0.0030601171171505278,Pride,Sadness,0.04813272780586572
0.0030601171171505278,Pride,Shame,0.2229212172996063
0.0030601171171505278,Sadness,Boredom,0.04154993942469092
0.0030601171171505278,Sadness,Fear,0.5325252464625749
0.0030601171171505278,Sadness,Happiness,0.04241768761873882
0.0030601171171505278,Sadness,Joy,0.07215249893053523
0.0030601171171505278,Sadness,Pride,0.06736782033872413
0.0030601171171505278,Sadness,Sadness,0.07205407509963024
0.0030601171171505278,Sadness,Shame,0.1719327321251063
0.0030601171171505278,Shame,Boredom,0.036163210418004035
0.0030601171171505278,Shame,Fear,0.019687956187022945
0.0030601171171505278,Shame,Happiness,0.19590902393693838
0.0030601171171505278,Shame,Joy,0.19681280061756445
0.0030601171171505278,Shame,Pride,0.2519288470964546
0.0030601171171505278,Shame,Sadness,0.03378305173770534
0.0030601171171505278,Shame,Shame,0.2657151100063099
0.0031479871129434333,Boredom,Boredom,0.42222246387075163
0.0031479871129434333,Boredom,Fear,0.034159008418016855
0.0031479871129434333,Boredom,Happiness,0.19511998185223167
0.0031479871129434333,Boredom,Joy,0.15815358039084126
0.0031479871129434333,Boredom,Pride,0.08161412691614749
0.0031479871129434333,Boredom,Sadness,0.009883492476655707
0.0031479871129434333,Boredom,Shame,0.09884734607535549
0.0031479871129434333,Fear,Boredom,0.005884388500281196
0.0031479871129434333,Fear,Fear,0.6089057627536651
0.0031479871129434333,Fear,Happiness,0.014759775386721253
0.0031479871129434333,Fear,Joy,0.04773583499867835
0.0031479871129434333,Fear,Pride,0.021976386277783894
0.0031479871129434333,Fear,Sadness,0.18051866474527506
0.0031479871129434333,Fear,Shame,0.12021918733759464
0.0031479871129434333,Happiness,Boredom,0.4724505610840249
0.0031479871129434333,Happiness,Fear,0.006939350159054958
0.0031479871129434333,Happiness,Happiness,0.3523829437269018
0.0031479871129434333,Happiness,Joy,0.02926091338734523
0.0031479871129434333,Happiness,Pride,0.07350287123892506
0.0031479871129434333,Happiness,Sadness,0.009430087265456103
0.0031479871129434333,Happiness,Shame,0.05603327313829174
0.0031479871129434333,Joy,Boredom,0.012019604798556212
0.0031479871129434333,Joy,Fear,0.06863121629368957
0.0031479871129434333,Joy,Happiness,0.08926797610523246
0.0031479871129434333,Joy,Joy,0.32151399099265854
0.0031479871129434333,Joy,Pride,0.26242258493799425
0.0031479871129434333,Joy,Sadness,0.05423031995961966
0.0031479871129434333,Joy,Shame,0.19191430691224928
0.0031479871129434333,Pride,Boredom,0.05732654732818909
0.0031479871129434333,Pride,Fear,0.020632216432202803
0.0031479871129434333,Pride,Happiness,0.2992323384377522
0.0031479871129434333,Pride,Joy,0.11337039813737905
0.0031479871129434333,Pride,Pride,0.2582608168082663
0.0031479871129434333,Pride,Sadness,0.05208816601573774
0.0031479871129434333,Pride,Shame,0.19908951684047274
0.0031479871129434333,Sadness,Boredom,0.04142080536594693
0.0031479871129434333,Sadness,Fear,0.5558519433097481
0.0031479871129434333,Sadness,Happiness,0.04525890524547575
0.0031479871129434333,Sadness,Joy,0.06923814476410853
0.0031479871129434333,Sadness,Pride,0.06390064065407577
0.0031479871129434333,Sadness,Sadness,0.07425697585948786
0.0031479871129434333,Sadness,Shame,0.15007258480115707
0.0031479871129434333,Shame,Boredom,0.041035576310576395
0.0031479871129434333,Shame,Fear,0.025321374804383328
0.0031479871129434333,Shame,Happiness,0.22105991162466956
0.0031479871129434333,Shame,Joy,0.1963062345031564
0.0031479871129434333,Shame,Pride,0.24868759397418838
0.0031479871129434333,Shame,Sadness,0.038846473202124775
0.0031479871129434333,Shame,Shame,0.22874283558090114
0.003382140137183817,Boredom,Boredom,0.4247415871214631
0.003382140137183817,Boredom,Fear,0.037533744260950734
0.003382140137183817,Boredom,Happiness,0.13675293895546434
0.003382140137183817,Boredom,Joy,0.1826300074186438
0.003382140137183817,Boredom,Pride,0.09719639082215208
0.003382140137183817,Boredom,Sadness,0.013800775082930754
0.003382140137183817,Boredom,Shame,0.10734455633839457
0.003382140137183817,Fear,Boredom,0.006207993523259188
0.003382140137183817,Fear,Fear,0.5642816734453318
0.003382140137183817,Fear,Happiness,0.011660438836056225
0.003382140137183817,Fear,Joy,0.05145789231193916
0.003382140137183817,Fear,Pride,0.02873517165352909
0.003382140137183817,Fear,Sadness,0.19020767056379345
0.003382140137183817,Fear,Shame,0.14744915966609107
0.003382140137183817,Happiness,Boredom,0.43693249071409995
0.003382140137183817,Happiness,Fear,0.0073273621963478785
0.003382140137183817,Happiness,Happiness,0.3652740600102893
0.003382140137183817,Happiness,Joy,0.028872369212918754
0.003382140137183817,Happiness,Pride,0.08332787454236817
0.003382140137183817,Happiness,Sadness,0.010738535602357243
0.003382140137183817,Happiness,Shame,0.06752730772161872
0.003382140137183817,Joy,Boredom,0.009139428394203364
0.003382140137183817,Joy,Fear,0.06966071876976879
0.003382140137183817,Joy,Happiness,0.05912829613698568
0.003382140137183817,Joy,Joy,0.3075030543663379
0.003382140137183817,Joy,Pride,0.2686732005421489
0.003382140137183817,Joy,Sadness,0.05322332392598237
0.003382140137183817,Joy,Shame,0.23267197786457278
0.003382140137183817,Pride,Boredom,0.050090971758362586
0.003382140137183817,Pride,Fear,0.016849900762653504
0.003382140137183817,Pride,Happiness,0.2834898837523462
0.003382140137183817,Pride,Joy,0.08634066677065588
0.003382140137183817,Pride,Pride,0.27049478900534085
0.003382140137183817,Pride,Sadness,0.05055547859662204
0.003382140137183817,Pride,Shame,0.2421783093540188
0.003382140137183817,Sadness,Boredom,0.03924144531638714
0.003382140137183817,Sadness,Fear,0.5057837124043002
0.003382140137183817,Sadness,Happiness,0.040811896417998476
0.003382140137183817,Sadness,Joy,0.07534040519895416
0.003382140137183817,Sadness,Pride,0.07370967230519386
0.003382140137183817,Sadness,Sadness,0.07724339212395324
0.003382140137183817,Sadness,Shame,0.18786947623321268
0.003382140137183817,Shame,Boredom,0.03476746787154728
0.003382140137183817,Shame,Fear,0.020091835708427302
0.003382140137183817,Shame,Happiness,0.1920272444043283
0.003382140137183817,Shame,Joy,0.18425280581128511
0.003382140137183817,Shame,Pride,0.2558898777301073
0.003382140137183817,Shame,Sadness,0.03625438572730326
0.003382140137183817,Shame,Shame,0.2767163827470011
0.0032274321254290783,Boredom,Boredom,0.40105710104573583
0.0032274321254290783,Boredom,Fear,0.0359978120812233
0.0032274321254290783,Boredom,Happiness,0.16349052653602453
0.0032274321254290783,Boredom,Joy,0.17156919468198403
0.0032274321254290783,Boredom,Pride,0.09135578652379008
0.0032274321254290783,Boredom,Sadness,0.012984785416872226
0.0032274321254290783,Boredom,Shame,0.12354479371437016
0.0032274321254290783,Fear,Boredom,0.007469578655841254
0.0032274321254290783,Fear,Fear,0.5057940754817921
0.0032274321254290783,Fear,Happiness,0.016968820647626896
0.0032274321254290783,Fear,Joy,0.0606778062811501
0.0032274321254290783,Fear,Pride,0.030996956698473677
0.0032274321254290783,Fear,Sadness,0.21160621629287793
0.0032274321254290783,Fear,Shame,0.1664865459422378
0.0032274321254290783,Happiness,Boredom,0.44023732557529127
0.0032274321254290783,Happiness,Fear,0.00890130097639316
0.0032274321254290783,Happiness,Happiness,0.3467020840324224
0.0032274321254290783,Happiness,Joy,0.03601554100180864
0.0032274321254290783,Happiness,Pride,0.08385167296956784
0.0032274321254290783,Happiness,Sadness,0.012265785714749698
0.0032274321254290783,Happiness,Shame,0.07202628972976653
0.0032274321254290783,Joy,Boredom,0.00990741707044154
0.0032274321254290783,Joy,Fear,0.06717802740556712
0.0032274321254290783,Joy,Happiness,0.06930841994484836
0.0032274321254290783,Joy,Joy,0.3107011270041643
0.0032274321254290783,Joy,Pride,0.26614461433588155
0.0032274321254290783,Joy,Sadness,0.05423467114438061
0.0032274321254290783,Joy,Shame,0.22252572309471652
0.0032274321254290783,Pride,Boredom,0.049390903681368156
0.0032274321254290783,Pride,Fear,0.01845190172637546
0.0032274321254290783,Pride,Happiness,0.2705873245743203
0.0032274321254290783,Pride,Joy,0.11882106797934966
0.0032274321254290783,Pride,Pride,0.2626153722641741
0.0032274321254290783,Pride,Sadness,0.05119952921469758
0.0032274321254290783,Pride,Shame,0.22893390055971483
0.0032274321254290783,Sadness,Boredom,0.042087311784662816
0.0032274321254290783,Sadness,Fear,0.45832621949037383
0.0032274321254290783,Sadness,Happiness,0.04636724513107897
0.0032274321254290783,Sadness,Joy,0.08558733031396933
0.0032274321254290783,Sadness,Pride,0.0821331213878845
0.0032274321254290783,Sadness,Sadness,0.08773928521420236
0.0032274321254290783,Sadness,Shame,0.19775948667782836
0.0032274321254290783,Shame,Boredom,0.035827695863460095
0.0032274321254290783,Shame,Fear,0.022425990971569953
0.0032274321254290783,Shame,Happiness,0.1825034444128749
0.0032274321254290783,Shame,Joy,0.2138759847951733
0.0032274321254290783,Shame,Pride,0.25232260490850267
0.0032274321254290783,Shame,Sadness,0.03941723097342178
0.0032274321254290783,Shame,Shame,0.25362704807499736
0.003330140301878548,Boredom,Boredom,0.43188990666099203
0.003330140301878548,Boredom,Fear,0.03464657562277714
0.003330140301878548,Boredom,Happiness,0.17805163280319036
0.003330140301878548,Boredom,Joy,0.17208079929317305
0.003330140301878548,Boredom,Pride,0.08431979840880602
0.003330140301878548,Boredom,Sadness,0.009086397588101919
0.003330140301878548,Boredom,Shame,0.08992488962295936
0.003330140301878548,Fear,Boredom,0.004580175005793905
0.003330140301878548,Fear,Fear,0.6743863212880078
0.003330140301878548,Fear,Happiness,0.009332480770149068
0.003330140301878548,Fear,Joy,0.038645001913426354
0.003330140301878548,Fear,Pride,0.018529053927096657
0.003330140301878548,Fear,Sadness,0.1554928109862867
0.003330140301878548,Fear,Shame,0.0990341561092397
0.003330140301878548,Happiness,Boredom,0.47540539681568766
0.003330140301878548,Happiness,Fear,0.005631900767770405
0.003330140301878548,Happiness,Happiness,0.36514178489290816
0.003330140301878548,Happiness,Joy,0.023384586390803028
0.003330140301878548,Happiness,Pride,0.07163401958776708
0.003330140301878548,Happiness,Sadness,0.00800821981224803
0.003330140301878548,Happiness,Shame,0.050794091732815544
0.003330140301878548,Joy,Boredom,0.010718451783291292
0.003330140301878548,Joy,Fear,0.07404005417894921
0.003330140301878548,Joy,Happiness,0.07238409266361126
0.003330140301878548,Joy,Joy,0.333947609779335
0.003330140301878548,Joy,Pride,0.2615372344948054
0.003330140301878548,Joy,Sadness,0.052754429890714306
0.003330140301878548,Joy,Shame,0.1946181272092934
0.003330140301878548,Pride,Boredom,0.05654862507830012
0.003330140301878548,Pride,Fear,0.019175320340274936
0.003330140301878548,Pride,Happiness,0.3110457070149921
0.003330140301878548,Pride,Joy,0.09575321884203354
0.003330140301878548,Pride,Pride,0.2614725169298169
0.003330140301878548,Pride,Sadness,0.05225525391140235
0.003330140301878548,Pride,Shame,0.20374935788317974
0.003330140301878548,Sadness,Boredom,0.03533818531649628
0.003330140301878548,Sadness,Fear,0.614824609726343
0.003330140301878548,Sadness,Happiness,0.03716420505395206
0.003330140301878548,Sadness,Joy,0.05891493653326074
0.003330140301878548,Sadness,Pride,0.054497842283222256
0.003330140301878548,Sadness,Sadness,0.0649941944203859
0.003330140301878548,Sadness,Shame,0.13426602666634002
0.003330140301878548,Shame,Boredom,0.0398594035097196
0.003330140301878548,Shame,Fear,0.023589253187468566
0.003330140301878548,Shame,Happiness,0.22106837407764776
0.003330140301878548,Shame,Joy,0.18462562278299102
0.003330140301878548,Shame,Pride,0.24900581216379364
0.003330140301878548,Shame,Sadness,0.037383183857045504
0.003330140301878548,Shame,Shame,0.24446835042133408
0.003281614800849294,Boredom,Boredom,0.4016760080800567
0.003281614800849294,Boredom,Fear,0.03554497733891927
0.003281614800849294,Boredom,Happiness,0.1566529288222652
0.003281614800849294,Boredom,Joy,0.1737746274594898
0.003281614800849294,Boredom,Pride,0.09213791524873213
0.003281614800849294,Boredom,Sadness,0.012092613003207905
0.003281614800849294,Boredom,Shame,0.12812093004732897
0.003281614800849294,Fear,Boredom,0.007056231814340407
0.003281614800849294,Fear,Fear,0.5320738867358372
0.003281614800849294,Fear,Happiness,0.014515210230579553
0.003281614800849294,Fear,Joy,0.056520338494638674
0.003281614800849294,Fear,Pride,0.02954414582296404
0.003281614800849294,Fear,Sadness,0.20126602280866968
0.003281614800849294,Fear,Shame,0.15902416409296977
0.003281614800849294,Happiness,Boredom,0.43827454448088354
0.003281614800849294,Happiness,Fear,0.007952602355268821
0.003281614800849294,Happiness,Happiness,0.35531420653922735
0.003281614800849294,Happiness,Joy,0.032349369187961996
0.003281614800849294,Happiness,Pride,0.08384719262825609
0.003281614800849294,Happiness,Sadness,0.01134612434684001
0.003281614800849294,Happiness,Shame,0.07091596046156233
0.003281614800849294,Joy,Boredom,0.009074502974915324
0.003281614800849294,Joy,Fear,0.0709610521376353
0.003281614800849294,Joy,Happiness,0.06598863503811572
0.003281614800849294,Joy,Joy,0.30615976963755154
0.003281614800849294,Joy,Pride,0.264464814374798
0.003281614800849294,Joy,Sadness,0.05256296332535146
0.003281614800849294,Joy,Shame,0.2307882625116323
0.003281614800849294,Pride,Boredom,0.049402170762359476
0.003281614800849294,Pride,Fear,0.01637571574383165
0.003281614800849294,Pride,Happiness,0.274543609772827
0.003281614800849294,Pride,Joy,0.10800614203540387
0.003281614800849294,Pride,Pride,0.2638836417435613
0.003281614800849294,Pride,Sadness,0.049357653780700644
0.003281614800849294,Pride,Shame,0.23843106616131582
0.003281614800849294,Sadness,Boredom,0.043253655768075945
0.003281614800849294,Sadness,Fear,0.4734185160479383
0.003281614800849294,Sadness,Happiness,0.044612279714460454
0.003281614800849294,Sadness,Joy,0.08186688112660342
0.003281614800849294,Sadness,Pride,0.07808315550327695
0.003281614800849294,Sadness,Sadness,0.08236054584721561
0.003281614800849294,Sadness,Shame,0.19640496599242951
0.003281614800849294,Shame,Boredom,0.034301164177849744
0.003281614800849294,Shame,Fear,0.019802619480408255
0.003281614800849294,Shame,Happiness,0.17983250549935376
0.003281614800849294,Shame,Joy,0.20758276559858982
0.003281614800849294,Shame,Pride,0.25292108291529214
0.003281614800849294,Shame,Sadness,0.0363118618386178
0.003281614800849294,Shame,Shame,0.2692480004898881
0.0031099904479344725,Boredom,Boredom,0.3409164135120307
0.0031099904479344725,Boredom,Fear,0.036306871860229864
0.0031099904479344725,Boredom,Happiness,0.1742267597087418
0.0031099904479344725,Boredom,Joy,0.16882336504756826
0.0031099904479344725,Boredom,Pride,0.09417162529718359
0.0031099904479344725,Boredom,Sadness,0.015309573673085145
0.0031099904479344725,Boredom,Shame,0.1702453909011609
0.0031099904479344725,Fear,Boredom,0.011446721237860228
0.0031099904479344725,Fear,Fear,0.4594267290535627
0.0031099904479344725,Fear,Happiness,0.022775816753207213
0.0031099904479344725,Fear,Joy,0.06734619651419206
0.0031099904479344725,Fear,Pride,0.03312742468532522
0.0031099904479344725,Fear,Sadness,0.23387269430049454
0.0031099904479344725,Fear,Shame,0.1720044174553578
0.0031099904479344725,Happiness,Boredom,0.4392471170266297
0.0031099904479344725,Happiness,Fear,0.010323818255032242
0.0031099904479344725,Happiness,Happiness,0.31563231795027896
0.0031099904479344725,Happiness,Joy,0.047428718996257634
0.0031099904479344725,Happiness,Pride,0.08312929354826044
0.0031099904479344725,Happiness,Sadness,0.013813064923378502
0.0031099904479344725,Happiness,Shame,0.09042566930016283
0.0031099904479344725,Joy,Boredom,0.011203310912499279
0.0031099904479344725,Joy,Fear,0.09180543013454309
0.0031099904479344725,Joy,Happiness,0.07739117010284781
0.0031099904479344725,Joy,Joy,0.30046195091751815
0.0031099904479344725,Joy,Pride,0.2549463977172468
0.0031099904479344725,Joy,Sadness,0.05565863622548536
0.0031099904479344725,Joy,Shame,0.20853310398985975
0.0031099904479344725,Pride,Boredom,0.06594434716202487
0.0031099904479344725,Pride,Fear,0.020262157080317873
0.0031099904479344725,Pride,Happiness,0.255757025826372
0.0031099904479344725,Pride,Joy,0.13877163617824623
0.0031099904479344725,Pride,Pride,0.25250523212567694
0.0031099904479344725,Pride,Sadness,0.052850737042369325
0.0031099904479344725,Pride,Shame,0.21390886458499223
0.0031099904479344725,Sadness,Boredom,0.061398394726707696
0.0031099904479344725,Sadness,Fear,0.41700118933139035
0.0031099904479344725,Sadness,Happiness,0.052636083275350416
0.0031099904479344725,Sadness,Joy,0.09342339732911388
0.0031099904479344725,Sadness,Pride,0.0882170032582444
0.0031099904479344725,Sadness,Sadness,0.09249585636871736
0.0031099904479344725,Sadness,Shame,0.1948280757104758
0.0031099904479344725,Shame,Boredom,0.042527477565614855
0.0031099904479344725,Shame,Fear,0.023952165160094498
0.0031099904479344725,Shame,Happiness,0.18899999616245536
0.0031099904479344725,Shame,Joy,0.22795730905679487
0.0031099904479344725,Shame,Pride,0.247712864626035
0.0031099904479344725,Shame,Sadness,0.040753809618072845
0.0031099904479344725,Shame,Shame,0.22809637781093237
0.0032766436180262453,Boredom,Boredom,0.43632525049958965
0.0032766436180262453,Boredom,Fear,0.033827904860893786
0.0032766436180262453,Boredom,Happiness,0.17330473465005602
0.0032766436180262453,Boredom,Joy,0.17091919942832873
0.0032766436180262453,Boredom,Pride,0.08325885439206757
0.0032766436180262453,Boredom,Sadness,0.00876196351371784
0.0032766436180262453,Boredom,Shame,0.09360209265534618
0.0032766436180262453,Fear,Boredom,0.004552723424176171
0.0032766436180262453,Fear,Fear,0.675315971003801
0.0032766436180262453,Fear,Happiness,0.00892058405250541
0.0032766436180262453,Fear,Joy,0.03832483329385675
0.0032766436180262453,Fear,Pride,0.019514333626156597
0.0032766436180262453,Fear,Sadness,0.15406462460017348
0.0032766436180262453,Fear,Shame,0.09930692999933075
0.0032766436180262453,Happiness,Boredom,0.4771217490726159
0.0032766436180262453,Happiness,Fear,0.005280268511487328
0.0032766436180262453,Happiness,Happiness,0.3680701031597294
0.0032766436180262453,Happiness,Joy,0.022333659479768987
0.0032766436180262453,Happiness,Pride,0.07060523173015158
0.0032766436180262453,Happiness,Sadness,0.007550945748512227
0.0032766436180262453,Happiness,Shame,0.04903804229773465
0.0032766436180262453,Joy,Boredom,0.0105719832330904
0.0032766436180262453,Joy,Fear,0.07155396343407244
0.0032766436180262453,Joy,Happiness,0.07042865089572392
0.0032766436180262453,Joy,Joy,0.3367124158178434
0.0032766436180262453,Joy,Pride,0.2620853602421456
0.0032766436180262453,Joy,Sadness,0.051997882403314606
0.0032766436180262453,Joy,Shame,0.19664974397380955
0.0032766436180262453,Pride,Boredom,0.056452628753474496
0.0032766436180262453,Pride,Fear,0.018716890607313685
0.0032766436180262453,Pride,Happiness,0.31364691354365676
0.0032766436180262453,Pride,Joy,0.09251475394677416
0.0032766436180262453,Pride,Pride,0.26240008990345265
0.0032766436180262453,Pride,Sadness,0.051447218252080325
0.0032766436180262453,Pride,Shame,0.20482150499324747
0.0032766436180262453,Sadness,Boredom,0.035496065726288425
0.0032766436180262453,Sadness,Fear,0.6158645332348828
0.0032766436180262453,Sadness,Happiness,0.03698425893623061
0.0032766436180262453,Sadness,Joy,0.058906986973490665
0.0032766436180262453,Sadness,Pride,0.05445750875246473
0.0032766436180262453,Sadness,Sadness,0.06311744292940377
0.0032766436180262453,Sadness,Shame,0.13517320344723902
0.0032766436180262453,Shame,Boredom,0.039742788538672226
0.0032766436180262453,Shame,Fear,0.023120743554913004
0.0032766436180262453,Shame,Happiness,0.22147931876208718
0.0032766436180262453,Shame,Joy,0.1800221124991432
0.0032766436180262453,Shame,Pride,0.25002928734817403
0.0032766436180262453,Shame,Sadness,0.03667508020173998
0.0032766436180262453,Shame,Shame,0.2489306690952696
0.0031552266419175674,Boredom,Boredom,0.42892634571245947
0.0031552266419175674,Boredom,Fear,0.03403950978940229
0.0031552266419175674,Boredom,Happiness,0.19267029624318094
0.0031552266419175674,Boredom,Joy,0.15876807580169813
0.0031552266419175674,Boredom,Pride,0.08084525154219359
0.0031552266419175674,Boredom,Sadness,0.009208573069523884
0.0031552266419175674,Boredom,Shame,0.09554194784154132
0.0031552266419175674,Fear,Boredom,0.005532843386094686
0.0031552266419175674,Fear,Fear,0.6291365520630796
0.0031552266419175674,Fear,Happiness,0.012888188361987196
0.0031552266419175674,Fear,Joy,0.04499341924153681
0.0031552266419175674,Fear,Pride,0.021009563176115832
0.0031552266419175674,Fear,Sadness,0.17315994209000085
0.0031552266419175674,Fear,Shame,0.1132794916811849
0.0031552266419175674,Happiness,Boredom,0.4744654709075917
0.0031552266419175674,Happiness,Fear,0.006323304237321493
0.0031552266419175674,Happiness,Happiness,0.35751604802823594
0.0031552266419175674,Happiness,Joy,0.02683260258479066
0.0031552266419175674,Happiness,Pride,0.07233220904458305
0.0031552266419175674,Happiness,Sadness,0.008664736544572917
0.0031552266419175674,Happiness,Shame,0.05386562865290417
0.0031552266419175674,Joy,Boredom,0.011710441432390674
0.0031552266419175674,Joy,Fear,0.06619002496480283
0.0031552266419175674,Joy,Happiness,0.08688387548641126
0.0031552266419175674,Joy,Joy,0.325806894363613
0.0031552266419175674,Joy,Pride,0.26276973632619544
0.0031552266419175674,Joy,Sadness,0.053115422719194234
0.0031552266419175674,Joy,Shame,0.19352360470739252
0.0031552266419175674,Pride,Boredom,0.056957973886081294
0.0031552266419175674,Pride,Fear,0.01986838415294249
0.0031552266419175674,Pride,Happiness,0.3038031458821165
0.0031552266419175674,Pride,Joy,0.10838166423771459
0.0031552266419175674,Pride,Pride,0.25902630459150955
0.0031552266419175674,Pride,Sadness,0.05112921868807193
0.0031552266419175674,Pride,Shame,0.20083330856156362
0.0031552266419175674,Sadness,Boredom,0.038845863137131995
0.0031552266419175674,Sadness,Fear,0.5761249789278098
0.0031552266419175674,Sadness,Happiness,0.04333947794652185
0.0031552266419175674,Sadness,Joy,0.06635607854714796
0.0031552266419175674,Sadness,Pride,0.06070614947382379
0.0031552266419175674,Sadness,Sadness,0.06914474274911721
0.0031552266419175674,Sadness,Shame,0.1454827092184474
0.0031552266419175674,Shame,Boredom,0.04116538299099019
0.0031552266419175674,Shame,Fear,0.024513264514444928
0.0031552266419175674,Shame,Happiness,0.22092308531256039
0.0031552266419175674,Shame,Joy,0.1919570469279604
0.0031552266419175674,Shame,Pride,0.24860613158606404
0.0031552266419175674,Shame,Sadness,0.03702557553426167
0.0031552266419175674,Shame,Shame,0.23580951313371856
0.003154407293956652,Boredom,Boredom,0.3989476167398583
0.003154407293956652,Boredom,Fear,0.03480806212199698
0.003154407293956652,Boredom,Happiness,0.16201026654777517
0.003154407293956652,Boredom,Joy,0.16764376985792095
0.003154407293956652,Boredom,Pride,0.09098826162090727
0.003154407293956652,Boredom,Sadness,0.011923032064058424
0.003154407293956652,Boredom,Shame,0.13367899104748276
0.003154407293956652,Fear,Boredom,0.007518879778694385
0.003154407293956652,Fear,Fear,0.5087371704572966
0.003154407293956652,Fear,Happiness,0.01645129906600097
0.003154407293956652,Fear,Joy,0.060348209122244825
0.003154407293956652,Fear,Pride,0.03125243638516981
0.003154407293956652,Fear,Sadness,0.20858555178432062
0.003154407293956652,Fear,Shame,0.1671064534062727
0.003154407293956652,Happiness,Boredom,0.4353111201116414
0.003154407293956652,Happiness,Fear,0.008311572697567904
0.003154407293956652,Happiness,Happiness,0.3520641147520599
0.003154407293956652,Happiness,Joy,0.03650884042229846
0.003154407293956652,Happiness,Pride,0.08423076835180175
0.003154407293956652,Happiness,Sadness,0.011403715465072697
0.003154407293956652,Happiness,Shame,0.07216986819955801
0.003154407293956652,Joy,Boredom,0.00963618476205524
0.003154407293956652,Joy,Fear,0.05874160879512602
0.003154407293956652,Joy,Happiness,0.06999246473396566
0.003154407293956652,Joy,Joy,0.30889101946108943
0.003154407293956652,Joy,Pride,0.26930320836194505
0.003154407293956652,Joy,Sadness,0.051849062199012884
0.003154407293956652,Joy,Shame,0.23158645168680536
0.003154407293956652,Pride,Boredom,0.04861208429806845
0.003154407293956652,Pride,Fear,0.016773862360927448
0.003154407293956652,Pride,Happiness,0.26796351489614206
0.003154407293956652,Pride,Joy,0.11914941639854716
0.003154407293956652,Pride,Pride,0.26315426285982946
0.003154407293956652,Pride,Sadness,0.04864788459915382
0.003154407293956652,Pride,Shame,0.23569897458733138
0.003154407293956652,Sadness,Boredom,0.0427689093281663
0.003154407293956652,Sadness,Fear,0.4565371449514867
0.003154407293956652,Sadness,Happiness,0.046728309746491344
0.003154407293956652,Sadness,Joy,0.08564732596952916
0.003154407293956652,Sadness,Pride,0.0821597214830722
0.003154407293956652,Sadness,Sadness,0.08374401753447719
0.003154407293956652,Sadness,Shame,0.20241457098677737
0.003154407293956652,Shame,Boredom,0.034990819323382424
0.003154407293956652,Shame,Fear,0.020478474061021917
0.003154407293956652,Shame,Happiness,0.17760777583055803
0.003154407293956652,Shame,Joy,0.21161442044314235
0.003154407293956652,Shame,Pride,0.25376562936770786
0.003154407293956652,Shame,Sadness,0.03536011863900226
0.003154407293956652,Shame,Shame,0.26618276233518484
0.0032137415339883193,Boredom,Boredom,0.4136759279719785
0.0032137415339883193,Boredom,Fear,0.031629200792545775
0.0032137415339883193,Boredom,Happiness,0.12334303200092876
0.0032137415339883193,Boredom,Joy,0.16981859350466608
0.0032137415339883193,Boredom,Pride,0.09860247090723462
0.0032137415339883193,Boredom,Sadness,0.008671522205855748
0.0032137415339883193,Boredom,Shame,0.15425925261679022
0.0032137415339883193,Fear,Boredom,0.004085970398507596
0.0032137415339883193,Fear,Fear,0.6992501962760382
0.0032137415339883193,Fear,Happiness,0.005017625789418336
0.0032137415339883193,Fear,Joy,0.03323330299694994
0.0032137415339883193,Fear,Pride,0.019786324802725554
0.0032137415339883193,Fear,Sadness,0.12116380534804466
0.0032137415339883193,Fear,Shame,0.11746277438831572
0.0032137415339883193,Happiness,Boredom,0.4071809019478948
0.0032137415339883193,Happiness,Fear,0.0048192134247622654
0.0032137415339883193,Happiness,Happiness,0.4257958886722096
0.0032137415339883193,Happiness,Joy,0.022842854336813587
0.0032137415339883193,Happiness,Pride,0.08201508899110888
0.0032137415339883193,Happiness,Sadness,0.006606198166544727
0.0032137415339883193,Happiness,Shame,0.05073985446066625
0.0032137415339883193,Joy,Boredom,0.0059555498815272116
0.0032137415339883193,Joy,Fear,0.05944606817665054
0.0032137415339883193,Joy,Happiness,0.04463396390573387
0.0032137415339883193,Joy,Joy,0.2895510569406814
0.0032137415339883193,Joy,Pride,0.27935151760543525
0.0032137415339883193,Joy,Sadness,0.03783808537965867
0.0032137415339883193,Joy,Shame,0.28322375811031314
0.0032137415339883193,Pride,Boredom,0.04003353674339628
0.0032137415339883193,Pride,Fear,0.008099504529852463
0.0032137415339883193,Pride,Happiness,0.2889881476701968
0.0032137415339883193,Pride,Joy,0.07778999775718949
0.0032137415339883193,Pride,Pride,0.27482227189327196
0.0032137415339883193,Pride,Sadness,0.037518220181169806
0.0032137415339883193,Pride,Shame,0.2727483212249233
0.0032137415339883193,Sadness,Boredom,0.0304875323851834
0.0032137415339883193,Sadness,Fear,0.5894101000170205
0.0032137415339883193,Sadness,Happiness,0.02720979256458751
0.0032137415339883193,Sadness,Joy,0.058002574277465684
0.0032137415339883193,Sadness,Pride,0.05945354659900089
0.0032137415339883193,Sadness,Sadness,0.05231621409180584
0.0032137415339883193,Sadness,Shame,0.1831202400649361
0.0032137415339883193,Shame,Boredom,0.02568740646056048
0.0032137415339883193,Shame,Fear,0.010043811945331667
0.0032137415339883193,Shame,Happiness,0.14758177144791643
0.0032137415339883193,Shame,Joy,0.17442576761065565
0.0032137415339883193,Shame,Pride,0.26852371475029824
0.0032137415339883193,Shame,Sadness,0.022786949756650653
0.0032137415339883193,Shame,Shame,0.3509505780285869
0.002984200852386341,Boredom,Boredom,0.3951374487505846
0.002984200852386341,Boredom,Fear,0.03327728799404753
0.002984200852386341,Boredom,Happiness,0.19870796343187241
0.002984200852386341,Boredom,Joy,0.15413573066189423
0.002984200852386341,Boredom,Pride,0.0832407903585237
0.002984200852386341,Boredom,Sadness,0.010668489486262875
0.002984200852386341,Boredom,Shame,0.12483228931681478
0.002984200852386341,Fear,Boredom,0.008028305332974568
0.002984200852386341,Fear,Fear,0.5681358093279933
0.002984200852386341,Fear,Happiness,0.017931837987625075
0.002984200852386341,Fear,Joy,0.051295191781908576
0.002984200852386341,Fear,Pride,0.023543168137802162
0.002984200852386341,Fear,Sadness,0.20017508062603234
0.002984200852386341,Fear,Shame,0.13089060680566408
0.002984200852386341,Happiness,Boredom,0.4683510720362593
0.002984200852386341,Happiness,Fear,0.007683226984685903
0.002984200852386341,Happiness,Happiness,0.3414109815018058
0.002984200852386341,Happiness,Joy,0.034818540840714805
0.002984200852386341,Happiness,Pride,0.07458515130476658
0.002984200852386341,Happiness,Sadness,0.01018722995899197
0.002984200852386341,Happiness,Shame,0.06296379737277563
0.002984200852386341,Joy,Boredom,0.012868685510149906
0.002984200852386341,Joy,Fear,0.07861102735739925
0.002984200852386341,Joy,Happiness,0.09160528860210589
0.002984200852386341,Joy,Joy,0.30942764166809644
0.002984200852386341,Joy,Pride,0.26099822251282595
0.002984200852386341,Joy,Sadness,0.055112076111535936
0.002984200852386341,Joy,Shame,0.19137705823788684
0.002984200852386341,Pride,Boredom,0.07113331891648257
0.002984200852386341,Pride,Fear,0.02079319346263766
0.002984200852386341,Pride,Happiness,0.2885958971142034
0.002984200852386341,Pride,Joy,0.12229474146843625
0.002984200852386341,Pride,Pride,0.2516181388411212
0.002984200852386341,Pride,Sadness,0.051912734227278344
0.002984200852386341,Pride,Shame,0.19365197596984013
0.002984200852386341,Sadness,Boredom,0.05323599692916312
0.002984200852386341,Sadness,Fear,0.5149804891897268
0.002984200852386341,Sadness,Happiness,0.047845709702332755
0.002984200852386341,Sadness,Joy,0.07458139383286479
0.002984200852386341,Sadness,Pride,0.07026732700273816
0.002984200852386341,Sadness,Sadness,0.08406479253942474
0.002984200852386341,Sadness,Shame,0.15502429080374935
0.002984200852386341,Shame,Boredom,0.04435068915055366
0.002984200852386341,Shame,Fear,0.02545269599333104
0.002984200852386341,Shame,Happiness,0.2205695435563142
0.002984200852386341,Shame,Joy,0.2022160411828759
0.002984200852386341,Shame,Pride,0.24741029056681021
0.002984200852386341,Shame,Sadness,0.039323538311316825
0.002984200852386341,Shame,Shame,0.22067720123879808
0.0033685977473022063,Boredom,Boredom,0.4741734033900284
0.0033685977473022063,Boredom,Fear,0.030813909319644797
0.0033685977473022063,Boredom,Happiness,0.14386002321686261
0.0033685977473022063,Boredom,Joy,0.17923364272810594
0.0033685977473022063,Boredom,Pride,0.07919698880157702
0.0033685977473022063,Boredom,Sadness,0.005506212355044875
0.0033685977473022063,Boredom,Shame,0.0872158201887362
0.0033685977473022063,Fear,Boredom,0.0023531663605103853
0.0033685977473022063,Fear,Fear,0.8832895830092076
0.0033685977473022063,Fear,Happiness,0.0023145134452863952
0.0033685977473022063,Fear,Joy,0.013014719411324474
0.0033685977473022063,Fear,Pride,0.00664358235330257
0.0033685977473022063,Fear,Sadness,0.052857846993594464
0.0033685977473022063,Fear,Shame,0.03952658842677402
0.0033685977473022063,Happiness,Boredom,0.489211080014197
0.0033685977473022063,Happiness,Fear,0.00236559774188617
0.0033685977473022063,Happiness,Happiness,0.40715132976206087
0.0033685977473022063,Happiness,Joy,0.014209282312085889
0.0033685977473022063,Happiness,Pride,0.05810912824991592
0.0033685977473022063,Happiness,Sadness,0.0034090388174425655
0.0033685977473022063,Happiness,Shame,0.025544543102411704
0.0033685977473022063,Joy,Boredom,0.008268905755284453
0.0033685977473022063,Joy,Fear,0.08766307182204955
0.0033685977473022063,Joy,Happiness,0.05545710667640868
0.0033685977473022063,Joy,Joy,0.33891465344430227
0.0033685977473022063,Joy,Pride,0.2633548361522868
0.0033685977473022063,Joy,Sadness,0.04113207945465359
0.0033685977473022063,Joy,Shame,0.2052093466950148
0.0033685977473022063,Pride,Boredom,0.05603423708741264
0.0033685977473022063,Pride,Fear,0.01122299397967466
0.0033685977473022063,Pride,Happiness,0.3566903397720912
0.0033685977473022063,Pride,Joy,0.07904858471979376
0.0033685977473022063,Pride,Pride,0.25700976215349775
0.0033685977473022063,Pride,Sadness,0.045342614724321655
0.0033685977473022063,Pride,Shame,0.1946514675632083
0.0033685977473022063,Sadness,Boredom,0.026253373730385807
0.0033685977473022063,Sadness,Fear,0.7850047312339475
0.0033685977473022063,Sadness,Happiness,0.021420888727281272
0.0033685977473022063,Sadness,Joy,0.029880536231420143
0.0033685977473022063,Sadness,Pride,0.029797777623607514
0.0033685977473022063,Sadness,Sadness,0.02676841039757221
0.0033685977473022063,Sadness,Shame,0.08087428205578555
0.0033685977473022063,Shame,Boredom,0.0361182241274675
0.0033685977473022063,Shame,Fear,0.01602402590687796
0.0033685977473022063,Shame,Happiness,0.21562974430381296
0.0033685977473022063,Shame,Joy,0.15219527541933306
0.0033685977473022063,Shame,Pride,0.2573342860486199
0.0033685977473022063,Shame,Sadness,0.028501686947043522
0.0033685977473022063,Shame,Shame,0.29419675724684535
0.003105093587980022,Boredom,Boredom,0.3905495894933233
0.003105093587980022,Boredom,Fear,0.03390604162199443
0.003105093587980022,Boredom,Happiness,0.16164241602042195
0.003105093587980022,Boredom,Joy,0.16594457023587056
0.003105093587980022,Boredom,Pride,0.09048502078171045
0.003105093587980022,Boredom,Sadness,0.011700928867313685
0.003105093587980022,Boredom,Shame,0.14577143297936557
0.003105093587980022,Fear,Boredom,0.007633997810991453
0.003105093587980022,Fear,Fear,0.5051728478549384
0.003105093587980022,Fear,Happiness,0.0167242191968128
0.003105093587980022,Fear,Joy,0.06053775632180302
0.003105093587980022,Fear,Pride,0.031137315252608287
0.003105093587980022,Fear,Sadness,0.21006393511470664
0.003105093587980022,Fear,Shame,0.16872992844813928
0.003105093587980022,Happiness,Boredom,0.43339341685112254
0.003105093587980022,Happiness,Fear,0.008251188095698482
0.003105093587980022,Happiness,Happiness,0.3514451103989427
0.003105093587980022,Happiness,Joy,0.0375195812375974
0.003105093587980022,Happiness,Pride,0.0847094615663754
0.003105093587980022,Happiness,Sadness,0.011429577244578782
0.003105093587980022,Happiness,Shame,0.07325166460568498
0.003105093587980022,Joy,Boredom,0.009604487046902414
0.003105093587980022,Joy,Fear,0.05675742487518754
0.003105093587980022,Joy,Happiness,0.07205558034660697
0.003105093587980022,Joy,Joy,0.30652371320201566
0.003105093587980022,Joy,Pride,0.26898476869560056
0.003105093587980022,Joy,Sadness,0.05190454439004787
0.003105093587980022,Joy,Shame,0.23416948144363894
0.003105093587980022,Pride,Boredom,0.04964168524560319
0.003105093587980022,Pride,Fear,0.01608848715716698
0.003105093587980022,Pride,Happiness,0.2660400142168307
0.003105093587980022,Pride,Joy,0.12014742132074088
0.003105093587980022,Pride,Pride,0.2622111619213679
0.003105093587980022,Pride,Sadness,0.04814384393798595
0.003105093587980022,Pride,Shame,0.23772738620030423
0.003105093587980022,Sadness,Boredom,0.04496746668631167
0.003105093587980022,Sadness,Fear,0.44906617378829444
0.003105093587980022,Sadness,Happiness,0.04816323690040008
0.003105093587980022,Sadness,Joy,0.08615214389045761
0.003105093587980022,Sadness,Pride,0.0830375992415674
0.003105093587980022,Sadness,Sadness,0.08415278899304497
0.003105093587980022,Sadness,Shame,0.20446059049992396
0.003105093587980022,Shame,Boredom,0.03483162619408665
0.003105093587980022,Shame,Fear,0.019750766029854625
0.003105093587980022,Shame,Happiness,0.17707660262118963
0.003105093587980022,Shame,Joy,0.21031291791181453
0.003105093587980022,Shame,Pride,0.25374034414810714
0.003105093587980022,Shame,Sadness,0.03470769121418503
0.003105093587980022,Shame,Shame,0.2695800518807624
0.0033414594579309473,Boredom,Boredom,0.44088991103049585
0.0033414594579309473,Boredom,Fear,0.03498509804838276
0.0033414594579309473,Boredom,Happiness,0.15658545688537642
0.0033414594579309473,Boredom,Joy,0.17985455934379874
0.0033414594579309473,Boredom,Pride,0.08622838011840099
0.0033414594579309473,Boredom,Sadness,0.009723828593588182
0.0033414594579309473,Boredom,Shame,0.0917327659799567
0.0033414594579309473,Fear,Boredom,0.004214320586518808
0.0033414594579309473,Fear,Fear,0.6910793391585157
0.0033414594579309473,Fear,Happiness,0.007829903777227462
0.0033414594579309473,Fear,Joy,0.03633701225338195
0.0033414594579309473,Fear,Pride,0.017364711527591874
0.0033414594579309473,Fear,Sadness,0.14934760970617775
0.0033414594579309473,Fear,Shame,0.09382710299058644
0.0033414594579309473,Happiness,Boredom,0.47641795239560536
0.0033414594579309473,Happiness,Fear,0.005088957581189964
0.0033414594579309473,Happiness,Happiness,0.37176250025402885
0.0033414594579309473,Happiness,Joy,0.02177778788448448
0.0033414594579309473,Happiness,Pride,0.07051709601484381
0.0033414594579309473,Happiness,Sadness,0.007379337524470865
0.0033414594579309473,Happiness,Shame,0.04705636834537673
0.0033414594579309473,Joy,Boredom,0.010472385646233297
0.0033414594579309473,Joy,Fear,0.07731316588173757
0.0033414594579309473,Joy,Happiness,0.061412456629552706
0.0033414594579309473,Joy,Joy,0.3373435895253131
0.0033414594579309473,Joy,Pride,0.2632653329426384
0.0033414594579309473,Joy,Sadness,0.052776266049473046
0.0033414594579309473,Joy,Shame,0.19741680332505185
0.0033414594579309473,Pride,Boredom,0.057164746192791216
0.0033414594579309473,Pride,Fear,0.018690207754916262
0.0033414594579309473,Pride,Happiness,0.31635470199817745
0.0033414594579309473,Pride,Joy,0.08824018049440588
0.0033414594579309473,Pride,Pride,0.2629958699242595
0.0033414594579309473,Pride,Sadness,0.05225276418645521
0.0033414594579309473,Pride,Shame,0.20430152944899435
0.0033414594579309473,Sadness,Boredom,0.033966917927390754
0.0033414594579309473,Sadness,Fear,0.6314876529055239
0.0033414594579309473,Sadness,Happiness,0.03282168876204425
0.0033414594579309473,Sadness,Joy,0.055481632914332245
0.0033414594579309473,Sadness,Pride,0.052560517447029144
0.0033414594579309473,Sadness,Sadness,0.06357549482912656
0.0033414594579309473,Sadness,Shame,0.1301060952145531
0.0033414594579309473,Shame,Boredom,0.039851565457402996
0.0033414594579309473,Shame,Fear,0.023503568397206447
0.0033414594579309473,Shame,Happiness,0.2236841838106302
0.0033414594579309473,Shame,Joy,0.1719011473270532
0.0033414594579309473,Shame,Pride,0.25100405176779944
0.0033414594579309473,Shame,Sadness,0.03764428199823315
0.0033414594579309473,Shame,Shame,0.25241120124167415
0.0032192787182191017,Boredom,Boredom,0.395604192200165
0.0032192787182191017,Boredom,Fear,0.035602531053658744
0.0032192787182191017,Boredom,Happiness,0.161550420234862
0.0032192787182191017,Boredom,Joy,0.1708333510984279
0.0032192787182191017,Boredom,Pride,0.09155914270493466
0.0032192787182191017,Boredom,Sadness,0.01245205359860998
0.0032192787182191017,Boredom,Shame,0.13239830910934156
0.0032192787182191017,Fear,Boredom,0.007521575423679361
0.0032192787182191017,Fear,Fear,0.5108335174854626
0.0032192787182191017,Fear,Happiness,0.01645436229047617
0.0032192787182191017,Fear,Joy,0.06011071195039409
0.0032192787182191017,Fear,Pride,0.030602849938664373
0.0032192787182191017,Fear,Sadness,0.20958249280582628
0.0032192787182191017,Fear,Shame,0.16489449010549725
0.0032192787182191017,Happiness,Boredom,0.4395104673200306
0.0032192787182191017,Happiness,Fear,0.008590061018962326
0.0032192787182191017,Happiness,Happiness,0.3492207334166595
0.0032192787182191017,Happiness,Joy,0.03526799578620085
0.0032192787182191017,Happiness,Pride,0.08380274819998329
0.0032192787182191017,Happiness,Sadness,0.011903791816437323
0.0032192787182191017,Happiness,Shame,0.07170420244172623
0.0032192787182191017,Joy,Boredom,0.009699854899380014
0.0032192787182191017,Joy,Fear,0.06780739659762756
0.0032192787182191017,Joy,Happiness,0.06763252434312465
0.0032192787182191017,Joy,Joy,0.31019328055550943
0.0032192787182191017,Joy,Pride,0.2662734869714441
0.0032192787182191017,Joy,Sadness,0.053023930078376864
0.0032192787182191017,Joy,Shame,0.22536952655453715
0.0032192787182191017,Pride,Boredom,0.050588347216940985
0.0032192787182191017,Pride,Fear,0.017747545771907174
0.0032192787182191017,Pride,Happiness,0.27113632795661097
0.0032192787182191017,Pride,Joy,0.11721591646214258
0.0032192787182191017,Pride,Pride,0.26204027297203464
0.0032192787182191017,Pride,Sadness,0.050129631085336114
0.0032192787182191017,Pride,Shame,0.23114195853502695
0.0032192787182191017,Sadness,Boredom,0.04422463591369683
0.0032192787182191017,Sadness,Fear,0.4619150981462057
0.0032192787182191017,Sadness,Happiness,0.045594733612712254
0.0032192787182191017,Sadness,Joy,0.08554925557949158
0.0032192787182191017,Sadness,Pride,0.08122531760577253
0.0032192787182191017,Sadness,Sadness,0.08297631640335096
0.0032192787182191017,Sadness,Shame,0.1985146427387705
0.0032192787182191017,Shame,Boredom,0.03586750021791753
0.0032192787182191017,Shame,Fear,0.021576460573320532
0.0032192787182191017,Shame,Happiness,0.18166779837318217
0.0032192787182191017,Shame,Joy,0.21276941681601086
0.0032192787182191017,Shame,Pride,0.25227696595643473
0.0032192787182191017,Shame,Sadness,0.037900727570513146
0.0032192787182191017,Shame,Shame,0.2579411304926211
0.0034166621959215264,Boredom,Boredom,0.4462925616949748
0.0034166621959215264,Boredom,Fear,0.03625432541742013
0.0034166621959215264,Boredom,Happiness,0.1378108111439362
0.0034166621959215264,Boredom,Joy,0.18563892998062853
0.0034166621959215264,Boredom,Pride,0.08852060807824015
0.0034166621959215264,Boredom,Sadness,0.011303766563641687
0.0034166621959215264,Boredom,Shame,0.09417899712115856
0.0034166621959215264,Fear,Boredom,0.004281069640602235
0.0034166621959215264,Fear,Fear,0.6918812190085608
0.0034166621959215264,Fear,Happiness,0.008124015118236795
0.0034166621959215264,Fear,Joy,0.03605138418780181
0.0034166621959215264,Fear,Pride,0.018459111931420972
0.0034166621959215264,Fear,Sadness,0.14475098702545453
0.0034166621959215264,Fear,Shame,0.09645221308792291
0.0034166621959215264,Happiness,Boredom,0.4753155629820687
0.0034166621959215264,Happiness,Fear,0.0053978659871949525
0.0034166621959215264,Happiness,Happiness,0.3694861329160124
0.0034166621959215264,Happiness,Joy,0.02243313964433812
0.0034166621959215264,Happiness,Pride,0.0713164738699836
0.0034166621959215264,Happiness,Sadness,0.007842794632447588
0.0034166621959215264,Happiness,Shame,0.04820802996795442
0.0034166621959215264,Joy,Boredom,0.010814974064692917
0.0034166621959215264,Joy,Fear,0.0770052377647595
0.0034166621959215264,Joy,Happiness,0.062452804146451574
0.0034166621959215264,Joy,Joy,0.33635830774747594
0.0034166621959215264,Joy,Pride,0.2640017342606796
0.0034166621959215264,Joy,Sadness,0.053274021533553345
0.0034166621959215264,Joy,Shame,0.19609292048238694
0.0034166621959215264,Pride,Boredom,0.05903580254891817
0.0034166621959215264,Pride,Fear,0.019463922906173253
0.0034166621959215264,Pride,Happiness,0.31558638299110425
0.0034166621959215264,Pride,Joy,0.08763119933976646
0.0034166621959215264,Pride,Pride,0.263256624403499
0.0034166621959215264,Pride,Sadness,0.052333254669522614
0.0034166621959215264,Pride,Shame,0.2026928131410163
0.0034166621959215264,Sadness,Boredom,0.03405261075601021
0.0034166621959215264,Sadness,Fear,0.6336004192826399
0.0034166621959215264,Sadness,Happiness,0.0337430997746138
0.0034166621959215264,Sadness,Joy,0.055049406751132686
0.0034166621959215264,Sadness,Pride,0.05267029206170339
0.0034166621959215264,Sadness,Sadness,0.05930857031745993
0.0034166621959215264,Sadness,Shame,0.13157560105644023
0.0034166621959215264,Shame,Boredom,0.04154519220488803
0.0034166621959215264,Shame,Fear,0.025420285206400484
0.0034166621959215264,Shame,Happiness,0.2292794655999501
0.0034166621959215264,Shame,Joy,0.16185231717121404
0.0034166621959215264,Shame,Pride,0.2534988852489303
0.0034166621959215264,Shame,Sadness,0.03837488116719776
0.0034166621959215264,Shame,Shame,0.25002897340141894
0.0031066662304264185,Boredom,Boredom,0.40363611406290417
0.0031066662304264185,Boredom,Fear,0.03403728609546641
0.0031066662304264185,Boredom,Happiness,0.17267273798493785
0.0031066662304264185,Boredom,Joy,0.16266071131810902
0.0031066662304264185,Boredom,Pride,0.08545381466442144
0.0031066662304264185,Boredom,Sadness,0.009628466403468082
0.0031066662304264185,Boredom,Shame,0.13191086947069283
0.0031066662304264185,Fear,Boredom,0.006083607245370721
0.0031066662304264185,Fear,Fear,0.5998586999248966
0.0031066662304264185,Fear,Happiness,0.013038846531458946
0.0031066662304264185,Fear,Joy,0.04827938326303219
0.0031066662304264185,Fear,Pride,0.02316834293988607
0.0031066662304264185,Fear,Sadness,0.1773860517533699
0.0031066662304264185,Fear,Shame,0.13218506834198585
0.0031066662304264185,Happiness,Boredom,0.45308685644503827
0.0031066662304264185,Happiness,Fear,0.006568737702169559
0.0031066662304264185,Happiness,Happiness,0.36170837942427964
0.0031066662304264185,Happiness,Joy,0.02965852660297536
0.0031066662304264185,Happiness,Pride,0.07746900221243691
0.0031066662304264185,Happiness,Sadness,0.009384645934260888
0.0031066662304264185,Happiness,Shame,0.062123851678839465
0.0031066662304264185,Joy,Boredom,0.00928849551724471
0.0031066662304264185,Joy,Fear,0.08608525083388814
0.0031066662304264185,Joy,Happiness,0.07177211457758087
0.0031066662304264185,Joy,Joy,0.3097608498071721
0.0031066662304264185,Joy,Pride,0.25823602096937837
0.0031066662304264185,Joy,Sadness,0.050856633898450854
0.0031066662304264185,Joy,Shame,0.21400063439628517
0.0031066662304264185,Pride,Boredom,0.05456735821618213
0.0031066662304264185,Pride,Fear,0.016302520626100634
0.0031066662304264185,Pride,Happiness,0.28861473650631714
0.0031066662304264185,Pride,Joy,0.10928623993534557
0.0031066662304264185,Pride,Pride,0.25924718896276977
0.0031066662304264185,Pride,Sadness,0.049323524434751444
0.0031066662304264185,Pride,Shame,0.22265843131853288
0.0031066662304264185,Sadness,Boredom,0.04436430350959091
0.0031066662304264185,Sadness,Fear,0.5301648928383542
0.0031066662304264185,Sadness,Happiness,0.0413727878333632
0.0031066662304264185,Sadness,Joy,0.07175141305077669
0.0031066662304264185,Sadness,Pride,0.06703062697115024
0.0031066662304264185,Sadness,Sadness,0.07618552036795617
0.0031066662304264185,Sadness,Shame,0.16913045542880867
0.0031066662304264185,Shame,Boredom,0.03611852876250254
0.0031066662304264185,Shame,Fear,0.02005036854288418
0.0031066662304264185,Shame,Happiness,0.19791310656284047
0.0031066662304264185,Shame,Joy,0.20050065187341337
0.0031066662304264185,Shame,Pride,0.25095725742842434
0.0031066662304264185,Shame,Sadness,0.03509336677173309
0.0031066662304264185,Shame,Shame,0.2593667200582019
0.003155905548530207,Boredom,Boredom,0.46604825310993553
0.003155905548530207,Boredom,Fear,0.029917121363041477
0.003155905548530207,Boredom,Happiness,0.16606695506635605
0.003155905548530207,Boredom,Joy,0.1631244449541019
0.003155905548530207,Boredom,Pride,0.07513095033378965
0.003155905548530207,Boredom,Sadness,0.004855330265228024
0.003155905548530207,Boredom,Shame,0.09485694490754738
0.003155905548530207,Fear,Boredom,0.0027258451677559673
0.003155905548530207,Fear,Fear,0.84550443733476
0.003155905548530207,Fear,Happiness,0.003062825108519963
0.003155905548530207,Fear,Joy,0.0176661056706284
0.003155905548530207,Fear,Pride,0.008727673917955142
0.003155905548530207,Fear,Sadness,0.07400941711859672
0.003155905548530207,Fear,Shame,0.04830369568178366
0.003155905548530207,Happiness,Boredom,0.4893974857240917
0.003155905548530207,Happiness,Fear,0.002489761047130015
0.003155905548530207,Happiness,Happiness,0.40527537128566576
0.003155905548530207,Happiness,Joy,0.014436762968395531
0.003155905548530207,Happiness,Pride,0.057948006914739655
0.003155905548530207,Happiness,Sadness,0.003504033256242364
0.003155905548530207,Happiness,Shame,0.02694857880373472
0.003155905548530207,Joy,Boredom,0.008544327995690382
0.003155905548530207,Joy,Fear,0.07788486411256981
0.003155905548530207,Joy,Happiness,0.06314665994254798
0.003155905548530207,Joy,Joy,0.3413334760939232
0.003155905548530207,Joy,Pride,0.2625628470474513
0.003155905548530207,Joy,Sadness,0.04170593232363652
0.003155905548530207,Joy,Shame,0.20482189248418048
0.003155905548530207,Pride,Boredom,0.05758308420918299
0.003155905548530207,Pride,Fear,0.011864926929436305
0.003155905548530207,Pride,Happiness,0.35212324174175974
0.003155905548530207,Pride,Joy,0.0820217601314446
0.003155905548530207,Pride,Pride,0.25650778018014414
0.003155905548530207,Pride,Sadness,0.044975077676722236
0.003155905548530207,Pride,Shame,0.19492412913130985
0.003155905548530207,Sadness,Boredom,0.02960064633611902
0.003155905548530207,Sadness,Fear,0.7539935012504375
0.003155905548530207,Sadness,Happiness,0.02506738968425282
0.003155905548530207,Sadness,Joy,0.034472870072981165
0.003155905548530207,Sadness,Pride,0.032482098682558254
0.003155905548530207,Sadness,Sadness,0.034055284488299246
0.003155905548530207,Sadness,Shame,0.09032820948535225
0.003155905548530207,Shame,Boredom,0.037055568581784486
0.003155905548530207,Shame,Fear,0.01587421502227272
0.003155905548530207,Shame,Happiness,0.21716232179667694
0.003155905548530207,Shame,Joy,0.15862707840629978
0.003155905548530207,Shame,Pride,0.2557634141707148
0.003155905548530207,Shame,Sadness,0.027366926429495165
0.003155905548530207,Shame,Shame,0.28815047559275564
0.0032477677679730406,Boredom,Boredom,0.42286578363248045
0.0032477677679730406,Boredom,Fear,0.03520825516208632
0.0032477677679730406,Boredom,Happiness,0.19018170620668318
0.0032477677679730406,Boredom,Joy,0.16381126919572578
0.0032477677679730406,Boredom,Pride,0.08353366951585674
0.0032477677679730406,Boredom,Sadness,0.009747749590426985
0.0032477677679730406,Boredom,Shame,0.09465156669674024
0.0032477677679730406,Fear,Boredom,0.0053566064558569345
0.0032477677679730406,Fear,Fear,0.631799384112292
0.0032477677679730406,Fear,Happiness,0.012626395444410797
0.0032477677679730406,Fear,Joy,0.04467266456968505
0.0032477677679730406,Fear,Pride,0.020348007698483578
0.0032477677679730406,Fear,Sadness,0.17185236017909233
0.0032477677679730406,Fear,Shame,0.11334458154017955
0.0032477677679730406,Happiness,Boredom,0.47429549056519155
0.0032477677679730406,Happiness,Fear,0.006664907503400682
0.0032477677679730406,Happiness,Happiness,0.35619937229122217
0.0032477677679730406,Happiness,Joy,0.026334678419434047
0.0032477677679730406,Happiness,Pride,0.07302191740179029
0.0032477677679730406,Happiness,Sadness,0.009194793398777091
0.0032477677679730406,Happiness,Shame,0.05428884042018428
0.0032477677679730406,Joy,Boredom,0.011645060620223389
0.0032477677679730406,Joy,Fear,0.07115155156250089
0.0032477677679730406,Joy,Happiness,0.08108061335385061
0.0032477677679730406,Joy,Joy,0.3287694612141419
0.0032477677679730406,Joy,Pride,0.26239766153808697
0.0032477677679730406,Joy,Sadness,0.0543257749977379
0.0032477677679730406,Joy,Shame,0.1906298767134584
0.0032477677679730406,Pride,Boredom,0.05328501238045645
0.0032477677679730406,Pride,Fear,0.02097085603616393
0.0032477677679730406,Pride,Happiness,0.30536282216202176
0.0032477677679730406,Pride,Joy,0.10618394533058953
0.0032477677679730406,Pride,Pride,0.26124300131013295
0.0032477677679730406,Pride,Sadness,0.053140399903846544
0.0032477677679730406,Pride,Shame,0.19981396287678874
0.0032477677679730406,Sadness,Boredom,0.035591783265172816
0.0032477677679730406,Sadness,Fear,0.5763501000651863
0.0032477677679730406,Sadness,Happiness,0.04045171258904251
0.0032477677679730406,Sadness,Joy,0.06510806955389926
0.0032477677679730406,Sadness,Pride,0.061131166695118096
0.0032477677679730406,Sadness,Sadness,0.07792540436045219
0.0032477677679730406,Sadness,Shame,0.14344176347112828
0.0032477677679730406,Shame,Boredom,0.039051784875630144
0.0032477677679730406,Shame,Fear,0.02564327258899663
0.0032477677679730406,Shame,Happiness,0.22290299630790467
0.0032477677679730406,Shame,Joy,0.1922447211485664
0.0032477677679730406,Shame,Pride,0.24919476241184915
0.0032477677679730406,Shame,Sadness,0.040041150903015556
0.0032477677679730406,Shame,Shame,0.23092131176403732
0.002887816443437921,Boredom,Boredom,0.31807225142306156
0.002887816443437921,Boredom,Fear,0.0363035944596126
0.002887816443437921,Boredom,Happiness,0.17144369250772212
0.002887816443437921,Boredom,Joy,0.16690602310870573
0.002887816443437921,Boredom,Pride,0.09803774346430859
0.002887816443437921,Boredom,Sadness,0.014322159874335659
0.002887816443437921,Boredom,Shame,0.19491453516225363
0.002887816443437921,Fear,Boredom,0.011471309399269186
0.002887816443437921,Fear,Fear,0.45611761927690886
0.002887816443437921,Fear,Happiness,0.022068841165897836
0.002887816443437921,Fear,Joy,0.06568899247124833
0.002887816443437921,Fear,Pride,0.03321695288754422
0.002887816443437921,Fear,Sadness,0.23214239924447316
0.002887816443437921,Fear,Shame,0.17929388555465797
0.002887816443437921,Happiness,Boredom,0.4185432242566592
0.002887816443437921,Happiness,Fear,0.008874988344269657
0.002887816443437921,Happiness,Happiness,0.32037659874026786
0.002887816443437921,Happiness,Joy,0.050674641139955755
0.002887816443437921,Happiness,Pride,0.0846817771830434
0.002887816443437921,Happiness,Sadness,0.012636379962195863
0.002887816443437921,Happiness,Shame,0.10421239037360822
0.002887816443437921,Joy,Boredom,0.010278488882905147
0.002887816443437921,Joy,Fear,0.10062707498169747
0.002887816443437921,Joy,Happiness,0.07575728938640845
0.002887816443437921,Joy,Joy,0.28522269380317683
0.002887816443437921,Joy,Pride,0.25371581978350355
0.002887816443437921,Joy,Sadness,0.05302137786309997
0.002887816443437921,Joy,Shame,0.2213772552992085
0.002887816443437921,Pride,Boredom,0.06524353456809355
0.002887816443437921,Pride,Fear,0.017250610129061147
0.002887816443437921,Pride,Happiness,0.24917452249022143
0.002887816443437921,Pride,Joy,0.13857581034140828
0.002887816443437921,Pride,Pride,0.2540074310709356
0.002887816443437921,Pride,Sadness,0.049804006320430236
0.002887816443437921,Pride,Shame,0.22594408507984992
0.002887816443437921,Sadness,Boredom,0.057893227922509324
0.002887816443437921,Sadness,Fear,0.40767283490056005
0.002887816443437921,Sadness,Happiness,0.05263686789051636
0.002887816443437921,Sadness,Joy,0.09695121132693833
0.002887816443437921,Sadness,Pride,0.09009993090515263
0.002887816443437921,Sadness,Sadness,0.08770067612652958
0.002887816443437921,Sadness,Shame,0.20704525092779394
0.002887816443437921,Shame,Boredom,0.04160890456938754
0.002887816443437921,Shame,Fear,0.020967377642903445
0.002887816443437921,Shame,Happiness,0.180672173157438
0.002887816443437921,Shame,Joy,0.22032346295662944
0.002887816443437921,Shame,Pride,0.25015687628377653
0.002887816443437921,Shame,Sadness,0.03598530437024884
0.002887816443437921,Shame,Shame,0.2502859010196159
0.003317085773123185,Boredom,Boredom,0.42788422585526475
0.003317085773123185,Boredom,Fear,0.03583844793198849
0.003317085773123185,Boredom,Happiness,0.1240423853096728
0.003317085773123185,Boredom,Joy,0.1785418396701094
0.003317085773123185,Boredom,Pride,0.10078602747975014
0.003317085773123185,Boredom,Sadness,0.012453791953644149
0.003317085773123185,Boredom,Shame,0.12045328179957
0.003317085773123185,Fear,Boredom,0.005847028574256768
0.003317085773123185,Fear,Fear,0.5856196260242282
0.003317085773123185,Fear,Happiness,0.009589112406845995
0.003317085773123185,Fear,Joy,0.0482875963672427
0.003317085773123185,Fear,Pride,0.02841188803123469
0.003317085773123185,Fear,Sadness,0.1799668712938628
0.003317085773123185,Fear,Shame,0.14227787730232888
0.003317085773123185,Happiness,Boredom,0.42926775757891805
0.003317085773123185,Happiness,Fear,0.006245427342206101
0.003317085773123185,Happiness,Happiness,0.38117574291694967
0.003317085773123185,Happiness,Joy,0.02696067019764494
0.003317085773123185,Happiness,Pride,0.08381859605018098
0.003317085773123185,Happiness,Sadness,0.008862012554646016
0.003317085773123185,Happiness,Shame,0.06366979335945402
0.003317085773123185,Joy,Boredom,0.007841791192282394
0.003317085773123185,Joy,Fear,0.06404547629370155
0.003317085773123185,Joy,Happiness,0.053451913291024875
0.003317085773123185,Joy,Joy,0.29900490838613347
0.003317085773123185,Joy,Pride,0.2708792866553991
0.003317085773123185,Joy,Sadness,0.047147876387959566
0.003317085773123185,Joy,Shame,0.25762874779349865
0.003317085773123185,Pride,Boredom,0.046570600692049394
0.003317085773123185,Pride,Fear,0.012872630570599822
0.003317085773123185,Pride,Happiness,0.2810577711866107
0.003317085773123185,Pride,Joy,0.08138921612469302
0.003317085773123185,Pride,Pride,0.27223252175772944
0.003317085773123185,Pride,Sadness,0.04552831058816974
0.003317085773123185,Pride,Shame,0.2603489490801483
0.003317085773123185,Sadness,Boredom,0.03649185770695615
0.003317085773123185,Sadness,Fear,0.5132166156162398
0.003317085773123185,Sadness,Happiness,0.037145858521506224
0.003317085773123185,Sadness,Joy,0.07309591761639177
0.003317085773123185,Sadness,Pride,0.07366199393744295
0.003317085773123185,Sadness,Sadness,0.07182122864578495
0.003317085773123185,Sadness,Shame,0.19456652795567875
0.003317085773123185,Shame,Boredom,0.03175945133304274
0.003317085773123185,Shame,Fear,0.01608258830367927
0.003317085773123185,Shame,Happiness,0.18456744235314457
0.003317085773123185,Shame,Joy,0.1621949212407063
0.003317085773123185,Shame,Pride,0.2618043087744356
0.003317085773123185,Shame,Sadness,0.03027266724353426
0.003317085773123185,Shame,Shame,0.31331862075145767
0.0034180194612338055,Boredom,Boredom,0.4262251233438518
0.0034180194612338055,Boredom,Fear,0.0371778251969207
0.0034180194612338055,Boredom,Happiness,0.12179173203685154
0.0034180194612338055,Boredom,Joy,0.18350878517608776
0.0034180194612338055,Boredom,Pride,0.10045288326517512
0.0034180194612338055,Boredom,Sadness,0.012907765338686221
0.0034180194612338055,Boredom,Shame,0.11793588564242732
0.0034180194612338055,Fear,Boredom,0.0056479833226322045
0.0034180194612338055,Fear,Fear,0.5908887528898079
0.0034180194612338055,Fear,Happiness,0.009793224438994186
0.0034180194612338055,Fear,Joy,0.04757591648332951
0.0034180194612338055,Fear,Pride,0.02862058246427393
0.0034180194612338055,Fear,Sadness,0.17586066274478274
0.0034180194612338055,Fear,Shame,0.1416128776561791
0.0034180194612338055,Happiness,Boredom,0.4328071753810921
0.0034180194612338055,Happiness,Fear,0.006516641368941832
0.0034180194612338055,Happiness,Happiness,0.3772971714852801
0.0034180194612338055,Happiness,Joy,0.027383054256126377
0.0034180194612338055,Happiness,Pride,0.0833104978809361
0.0034180194612338055,Happiness,Sadness,0.009282933928684425
0.0034180194612338055,Happiness,Shame,0.06340252569893874
0.0034180194612338055,Joy,Boredom,0.008456126416387993
0.0034180194612338055,Joy,Fear,0.0660548487452793
0.0034180194612338055,Joy,Happiness,0.05580470332140378
0.0034180194612338055,Joy,Joy,0.30521180845523205
0.0034180194612338055,Joy,Pride,0.2707882784114457
0.0034180194612338055,Joy,Sadness,0.04950425004927501
0.0034180194612338055,Joy,Shame,0.24417998460097598
0.0034180194612338055,Pride,Boredom,0.048793289931839186
0.0034180194612338055,Pride,Fear,0.014891074137022632
0.0034180194612338055,Pride,Happiness,0.2838458795602587
0.0034180194612338055,Pride,Joy,0.08318414580114837
0.0034180194612338055,Pride,Pride,0.2713323647380916
0.0034180194612338055,Pride,Sadness,0.0477774373341485
0.0034180194612338055,Pride,Shame,0.25017580849749094
0.0034180194612338055,Sadness,Boredom,0.036519639004281304
0.0034180194612338055,Sadness,Fear,0.5249809472120294
0.0034180194612338055,Sadness,Happiness,0.03768631238204561
0.0034180194612338055,Sadness,Joy,0.07171329449637358
0.0034180194612338055,Sadness,Pride,0.07144949697221849
0.0034180194612338055,Sadness,Sadness,0.06996986171354354
0.0034180194612338055,Sadness,Shame,0.1876804482195086
0.0034180194612338055,Shame,Boredom,0.03365384261314862
0.0034180194612338055,Shame,Fear,0.019482351555044682
0.0034180194612338055,Shame,Happiness,0.1927248712382634
0.0034180194612338055,Shame,Joy,0.15877124690581076
0.0034180194612338055,Shame,Pride,0.26199466658978404
0.0034180194612338055,Shame,Sadness,0.03325642968795503
0.0034180194612338055,Shame,Shame,0.30011659140999347
0.0033593545449209536,Boredom,Boredom,0.4454126725457044
0.0033593545449209536,Boredom,Fear,0.035311822582885954
0.0033593545449209536,Boredom,Happiness,0.15483003271990706
0.0033593545449209536,Boredom,Joy,0.17990278500001566
0.0033593545449209536,Boredom,Pride,0.08570839456857675
0.0033593545449209536,Boredom,Sadness,0.009698397324271201
0.0033593545449209536,Boredom,Shame,0.08913589525863855
0.0033593545449209536,Fear,Boredom,0.0043750118732438495
0.0033593545449209536,Fear,Fear,0.6893767260794128
0.0033593545449209536,Fear,Happiness,0.008021840895668726
0.0033593545449209536,Fear,Joy,0.0364956838506267
0.0033593545449209536,Fear,Pride,0.018045622256055705
0.0033593545449209536,Fear,Sadness,0.14705680852678718
0.0033593545449209536,Fear,Shame,0.09662830651820513
0.0033593545449209536,Happiness,Boredom,0.4768031160008839
0.0033593545449209536,Happiness,Fear,0.005154798168958291
0.0033593545449209536,Happiness,Happiness,0.3714329535496976
0.0033593545449209536,Happiness,Joy,0.021782801809503902
0.0033593545449209536,Happiness,Pride,0.07042765670743095
0.0033593545449209536,Happiness,Sadness,0.007275127241576216
0.0033593545449209536,Happiness,Shame,0.04712354652194916
0.0033593545449209536,Joy,Boredom,0.010372252392790856
0.0033593545449209536,Joy,Fear,0.07976118229708971
0.0033593545449209536,Joy,Happiness,0.06242138005200185
0.0033593545449209536,Joy,Joy,0.33562655873669345
0.0033593545449209536,Joy,Pride,0.2621518754170827
0.0033593545449209536,Joy,Sadness,0.05211558611692533
0.0033593545449209536,Joy,Shame,0.19755116498741604
0.0033593545449209536,Pride,Boredom,0.0574628196695166
0.0033593545449209536,Pride,Fear,0.01901414082668666
0.0033593545449209536,Pride,Happiness,0.3163674273271638
0.0033593545449209536,Pride,Joy,0.0876649297217775
0.0033593545449209536,Pride,Pride,0.26315644104165276
0.0033593545449209536,Pride,Sadness,0.05178734492352424
0.0033593545449209536,Pride,Shame,0.20454689648967853
0.0033593545449209536,Sadness,Boredom,0.03473214496674219
0.0033593545449209536,Sadness,Fear,0.628948934786632
0.0033593545449209536,Sadness,Happiness,0.03381241179463918
0.0033593545449209536,Sadness,Joy,0.05585520686410426
0.0033593545449209536,Sadness,Pride,0.052440204500400815
0.0033593545449209536,Sadness,Sadness,0.061661233797450435
0.0033593545449209536,Sadness,Shame,0.13254986329003113
0.0033593545449209536,Shame,Boredom,0.04024727861362609
0.0033593545449209536,Shame,Fear,0.024088658718742655
0.0033593545449209536,Shame,Happiness,0.2242914394082589
0.0033593545449209536,Shame,Joy,0.17010873166340132
0.0033593545449209536,Shame,Pride,0.25162366882940823
0.0033593545449209536,Shame,Sadness,0.03673627690925009
0.0033593545449209536,Shame,Shame,0.2529039458573127
0.00330674054674539,Boredom,Boredom,0.39621355104398137
0.00330674054674539,Boredom,Fear,0.03633600395211269
0.00330674054674539,Boredom,Happiness,0.16463238847333184
0.00330674054674539,Boredom,Joy,0.17409323789753336
0.00330674054674539,Boredom,Pride,0.0905034645165003
0.00330674054674539,Boredom,Sadness,0.013430357104148543
0.00330674054674539,Boredom,Shame,0.1247909970123919
0.00330674054674539,Fear,Boredom,0.007884120005192391
0.00330674054674539,Fear,Fear,0.5023136268932744
0.00330674054674539,Fear,Happiness,0.017840884932146677
0.00330674054674539,Fear,Joy,0.06212039914390372
0.00330674054674539,Fear,Pride,0.03119630136059635
0.00330674054674539,Fear,Sadness,0.2130900673721258
0.00330674054674539,Fear,Shame,0.16555460029276053
0.00330674054674539,Happiness,Boredom,0.4471462467815426
0.00330674054674539,Happiness,Fear,0.009504229124009254
0.00330674054674539,Happiness,Happiness,0.33946580495408135
0.00330674054674539,Happiness,Joy,0.03600866339436884
0.00330674054674539,Happiness,Pride,0.08310521066725929
0.00330674054674539,Happiness,Sadness,0.012806914394043049
0.00330674054674539,Happiness,Shame,0.07196293068469574
0.00330674054674539,Joy,Boredom,0.010034057510167574
0.00330674054674539,Joy,Fear,0.07609728231482113
0.00330674054674539,Joy,Happiness,0.07136336531485708
0.00330674054674539,Joy,Joy,0.31186020499786304
0.00330674054674539,Joy,Pride,0.26069634581460316
0.00330674054674539,Joy,Sadness,0.05531687917761046
0.00330674054674539,Joy,Shame,0.2146318648700777
0.00330674054674539,Pride,Boredom,0.053967139637262476
0.00330674054674539,Pride,Fear,0.01985798751861739
0.00330674054674539,Pride,Happiness,0.27119928331110493
0.00330674054674539,Pride,Joy,0.12018995069356227
0.00330674054674539,Pride,Pride,0.2597477250888315
0.00330674054674539,Pride,Sadness,0.052440906654035564
0.00330674054674539,Pride,Shame,0.222597007096586
0.00330674054674539,Sadness,Boredom,0.046930119308031565
0.00330674054674539,Sadness,Fear,0.455774521756417
0.00330674054674539,Sadness,Happiness,0.04797763090808958
0.00330674054674539,Sadness,Joy,0.08637706675507596
0.00330674054674539,Sadness,Pride,0.0819536890952932
0.00330674054674539,Sadness,Sadness,0.08710872098477826
0.00330674054674539,Sadness,Shame,0.1938782511923144
0.00330674054674539,Shame,Boredom,0.03768313234431138
0.00330674054674539,Shame,Fear,0.023659401865826858
0.00330674054674539,Shame,Happiness,0.1869586784443554
0.00330674054674539,Shame,Joy,0.2201869907183151
0.00330674054674539,Shame,Pride,0.2503709124186488
0.00330674054674539,Shame,Sadness,0.04005022952215044
0.00330674054674539,Shame,Shame,0.24109065468639224
0.0031793556083749798,Boredom,Boredom,0.42202739906324627
0.0031793556083749798,Boredom,Fear,0.03411187385824222
0.0031793556083749798,Boredom,Happiness,0.16598406323617163
0.0031793556083749798,Boredom,Joy,0.1673630629111383
0.0031793556083749798,Boredom,Pride,0.08630354268177542
0.0031793556083749798,Boredom,Sadness,0.009565896926147338
0.0031793556083749798,Boredom,Shame,0.114644161323279
0.0031793556083749798,Fear,Boredom,0.005434576389565016
0.0031793556083749798,Fear,Fear,0.6242288044688941
0.0031793556083749798,Fear,Happiness,0.010725938521496024
0.0031793556083749798,Fear,Joy,0.044931759050263594
0.0031793556083749798,Fear,Pride,0.02313523907675339
0.0031793556083749798,Fear,Sadness,0.1650200950065864
0.0031793556083749798,Fear,Shame,0.12652358748644157
0.0031793556083749798,Happiness,Boredom,0.45305880715158003
0.0031793556083749798,Happiness,Fear,0.005946054202498656
0.0031793556083749798,Happiness,Happiness,0.37310157493375395
0.0031793556083749798,Happiness,Joy,0.025755035260645324
0.0031793556083749798,Happiness,Pride,0.07637025236328847
0.0031793556083749798,Happiness,Sadness,0.008542923592065706
0.0031793556083749798,Happiness,Shame,0.0572253524961677
0.0031793556083749798,Joy,Boredom,0.009288991581775702
0.0031793556083749798,Joy,Fear,0.07212481287049409
0.0031793556083749798,Joy,Happiness,0.06592711753837811
0.0031793556083749798,Joy,Joy,0.31802539877031927
0.0031793556083749798,Joy,Pride,0.26487435959360756
0.0031793556083749798,Joy,Sadness,0.0500697344847841
0.0031793556083749798,Joy,Shame,0.21968958516064105
0.0031793556083749798,Pride,Boredom,0.049642576644331894
0.0031793556083749798,Pride,Fear,0.01593537025023107
0.0031793556083749798,Pride,Happiness,0.2973055198837841
0.0031793556083749798,Pride,Joy,0.09830741484102871
0.0031793556083749798,Pride,Pride,0.2640396420799377
0.0031793556083749798,Pride,Sadness,0.04901783040402023
0.0031793556083749798,Pride,Shame,0.2257516458966663
0.0031793556083749798,Sadness,Boredom,0.03791860823256559
0.0031793556083749798,Sadness,Fear,0.5565978299614729
0.0031793556083749798,Sadness,Happiness,0.03814107351382175
0.0031793556083749798,Sadness,Joy,0.06766019260287694
0.0031793556083749798,Sadness,Pride,0.06302067993554311
0.0031793556083749798,Sadness,Sadness,0.07053617703446899
0.0031793556083749798,Sadness,Shame,0.1661254387192507
0.0031793556083749798,Shame,Boredom,0.03477213726526724
0.0031793556083749798,Shame,Fear,0.019584613591016962
0.0031793556083749798,Shame,Happiness,0.19689328468505482
0.0031793556083749798,Shame,Joy,0.1920419172118524
0.0031793556083749798,Shame,Pride,0.25252811861364166
0.0031793556083749798,Shame,Sadness,0.034810100893713586
0.0031793556083749798,Shame,Shame,0.2693698277394534
0.0033812883515144123,Boredom,Boredom,0.42695762060126186
0.0033812883515144123,Boredom,Fear,0.035768462771006176
0.0033812883515144123,Boredom,Happiness,0.15705117329512408
0.0033812883515144123,Boredom,Joy,0.17906867811771798
0.0033812883515144123,Boredom,Pride,0.08995915165261245
0.0033812883515144123,Boredom,Sadness,0.011073041477993624
0.0033812883515144123,Boredom,Shame,0.10012187208428376
0.0033812883515144123,Fear,Boredom,0.004954114507615971
0.0033812883515144123,Fear,Fear,0.6449659103235075
0.0033812883515144123,Fear,Happiness,0.009878714940116457
0.0033812883515144123,Fear,Joy,0.042198814369095006
0.0033812883515144123,Fear,Pride,0.020810611881859606
0.0033812883515144123,Fear,Sadness,0.155749510268618
0.0033812883515144123,Fear,Shame,0.12144232370918728
0.0033812883515144123,Happiness,Boredom,0.4557505554346363
0.0033812883515144123,Happiness,Fear,0.006212911785891829
0.0033812883515144123,Happiness,Happiness,0.3711092187515063
0.0033812883515144123,Happiness,Joy,0.025213751846272933
0.0033812883515144123,Happiness,Pride,0.0762518011338447
0.0033812883515144123,Happiness,Sadness,0.009137228616674846
0.0033812883515144123,Happiness,Shame,0.05632453243117306
0.0033812883515144123,Joy,Boredom,0.009916466594597866
0.0033812883515144123,Joy,Fear,0.07419447154540952
0.0033812883515144123,Joy,Happiness,0.06193429542850706
0.0033812883515144123,Joy,Joy,0.3229547080925202
0.0033812883515144123,Joy,Pride,0.26575875369245316
0.0033812883515144123,Joy,Sadness,0.0531689433039999
0.0033812883515144123,Joy,Shame,0.21207236134251234
0.0033812883515144123,Pride,Boredom,0.05154087271143848
0.0033812883515144123,Pride,Fear,0.018060374759078845
0.0033812883515144123,Pride,Happiness,0.3023841727592658
0.0033812883515144123,Pride,Joy,0.09096931974540319
0.0033812883515144123,Pride,Pride,0.2649676419196658
0.0033812883515144123,Pride,Sadness,0.05217238822012206
0.0033812883515144123,Pride,Shame,0.2199052298850258
0.0033812883515144123,Sadness,Boredom,0.03436052979080163
0.0033812883515144123,Sadness,Fear,0.5776152856437872
0.0033812883515144123,Sadness,Happiness,0.035863709178582545
0.0033812883515144123,Sadness,Joy,0.06344102300609172
0.0033812883515144123,Sadness,Pride,0.06101697322604836
0.0033812883515144123,Sadness,Sadness,0.06991175068191499
0.0033812883515144123,Sadness,Shame,0.15779072847277337
0.0033812883515144123,Shame,Boredom,0.03611191449922919
0.0033812883515144123,Shame,Fear,0.02223080939524417
0.0033812883515144123,Shame,Happiness,0.20523353563964827
0.0033812883515144123,Shame,Joy,0.18751451466757274
0.0033812883515144123,Shame,Pride,0.25187871836576686
0.0033812883515144123,Shame,Sadness,0.03863811288877185
0.0033812883515144123,Shame,Shame,0.2583923945437671
0.0033518908671996733,Boredom,Boredom,0.4497521889627221
0.0033518908671996733,Boredom,Fear,0.03549252303582513
0.0033518908671996733,Boredom,Happiness,0.13982033853124742
0.0033518908671996733,Boredom,Joy,0.18305388170740403
0.0033518908671996733,Boredom,Pride,0.0872027095259831
0.0033518908671996733,Boredom,Sadness,0.010105501128792693
0.0033518908671996733,Boredom,Shame,0.09457285710802615
0.0033518908671996733,Fear,Boredom,0.004032065132949429
0.0033518908671996733,Fear,Fear,0.6994005814420812
0.0033518908671996733,Fear,Happiness,0.007384750715770341
0.0033518908671996733,Fear,Joy,0.03507863009598038
0.0033518908671996733,Fear,Pride,0.018130027138150748
0.0033518908671996733,Fear,Sadness,0.1443195121776711
0.0033518908671996733,Fear,Shame,0.0916544332973968
0.0033518908671996733,Happiness,Boredom,0.4773599948989291
0.0033518908671996733,Happiness,Fear,0.004922164381004482
0.0033518908671996733,Happiness,Happiness,0.3728241361330427
0.0033518908671996733,Happiness,Joy,0.021493145480839165
0.0033518908671996733,Happiness,Pride,0.07023603543872005
0.0033518908671996733,Happiness,Sadness,0.006995348954528782
0.0033518908671996733,Happiness,Shame,0.04616917471293566
0.0033518908671996733,Joy,Boredom,0.010292506352325016
0.0033518908671996733,Joy,Fear,0.0787817900970782
0.0033518908671996733,Joy,Happiness,0.05999480554774601
0.0033518908671996733,Joy,Joy,0.3364912353326331
0.0033518908671996733,Joy,Pride,0.26258380667891
0.0033518908671996733,Joy,Sadness,0.05163723480262087
0.0033518908671996733,Joy,Shame,0.20021862118868633
0.0033518908671996733,Pride,Boredom,0.057537586411949115
0.0033518908671996733,Pride,Fear,0.018196662392926246
0.0033518908671996733,Pride,Happiness,0.3173489152421537
0.0033518908671996733,Pride,Joy,0.08666478850847457
0.0033518908671996733,Pride,Pride,0.263045393098375
0.0033518908671996733,Pride,Sadness,0.05111248641568807
0.0033518908671996733,Pride,Shame,0.20609416793043364
0.0033518908671996733,Sadness,Boredom,0.033043259304627315
0.0033518908671996733,Sadness,Fear,0.6406257083338083
0.0033518908671996733,Sadness,Happiness,0.03212616823831337
0.0033518908671996733,Sadness,Joy,0.05401672880543207
0.0033518908671996733,Sadness,Pride,0.051462166657699954
0.0033518908671996733,Sadness,Sadness,0.059252869876381405
0.0033518908671996733,Sadness,Shame,0.1294730987837378
0.0033518908671996733,Shame,Boredom,0.04016347529913946
0.0033518908671996733,Shame,Fear,0.02360046542093844
0.0033518908671996733,Shame,Happiness,0.22613983730542328
0.0033518908671996733,Shame,Joy,0.161868636814988
0.0033518908671996733,Shame,Pride,0.25305186479565894
0.0033518908671996733,Shame,Sadness,0.03594618145865937
0.0033518908671996733,Shame,Shame,0.259229538905192
0.003255524972327156,Boredom,Boredom,0.42220869857815907
0.003255524972327156,Boredom,Fear,0.034923039989548016
0.003255524972327156,Boredom,Happiness,0.18846251478875894
0.003255524972327156,Boredom,Joy,0.16341231194924863
0.003255524972327156,Boredom,Pride,0.08315770544130784
0.003255524972327156,Boredom,Sadness,0.009529286977857081
0.003255524972327156,Boredom,Shame,0.0983064422751206
0.003255524972327156,Fear,Boredom,0.005242004292058776
0.003255524972327156,Fear,Fear,0.6374503112542013
0.003255524972327156,Fear,Happiness,0.012019175048181396
0.003255524972327156,Fear,Joy,0.04387427631724322
0.003255524972327156,Fear,Pride,0.020264626290426937
0.003255524972327156,Fear,Sadness,0.17079687122022694
0.003255524972327156,Fear,Shame,0.11035273557766136
0.003255524972327156,Happiness,Boredom,0.4741290023904349
0.003255524972327156,Happiness,Fear,0.006481376228248362
0.003255524972327156,Happiness,Happiness,0.35715705019712785
0.003255524972327156,Happiness,Joy,0.026126245397746713
0.003255524972327156,Happiness,Pride,0.07302413121019818
0.003255524972327156,Happiness,Sadness,0.008992069453291306
0.003255524972327156,Happiness,Shame,0.054090125122952734
0.003255524972327156,Joy,Boredom,0.011424434422350305
0.003255524972327156,Joy,Fear,0.07141587409293526
0.003255524972327156,Joy,Happiness,0.08075748146903192
0.003255524972327156,Joy,Joy,0.32884321329600896
0.003255524972327156,Joy,Pride,0.2616502451274933
0.003255524972327156,Joy,Sadness,0.05382444855919424
0.003255524972327156,Joy,Shame,0.19208430303298601
0.003255524972327156,Pride,Boredom,0.05522990785741156
0.003255524972327156,Pride,Fear,0.020404333379726688
0.003255524972327156,Pride,Happiness,0.30456265037339453
0.003255524972327156,Pride,Joy,0.10533042561956044
0.003255524972327156,Pride,Pride,0.26047258239803023
0.003255524972327156,Pride,Sadness,0.05285165715411102
0.003255524972327156,Pride,Shame,0.20114844321776537
0.003255524972327156,Sadness,Boredom,0.03673522699381978
0.003255524972327156,Sadness,Fear,0.5820637026053833
0.003255524972327156,Sadness,Happiness,0.04069276580530057
0.003255524972327156,Sadness,Joy,0.06461072816371205
0.003255524972327156,Sadness,Pride,0.060126048866278134
0.003255524972327156,Sadness,Sadness,0.07328464689237611
0.003255524972327156,Sadness,Shame,0.14248688067313012
0.003255524972327156,Shame,Boredom,0.03990871521623572
0.003255524972327156,Shame,Fear,0.024964242634940872
0.003255524972327156,Shame,Happiness,0.22096792100846643
0.003255524972327156,Shame,Joy,0.1920063550909251
0.003255524972327156,Shame,Pride,0.24857935565085268
0.003255524972327156,Shame,Sadness,0.03916365457586817
0.003255524972327156,Shame,Shame,0.234409755822711
0.0032007232730564966,Boredom,Boredom,0.40217066554841935
0.0032007232730564966,Boredom,Fear,0.03483583508121096
0.0032007232730564966,Boredom,Happiness,0.1558392166046752
0.0032007232730564966,Boredom,Joy,0.16978098331864205
0.0032007232730564966,Boredom,Pride,0.09231250404521135
0.0032007232730564966,Boredom,Sadness,0.011648728501221908
0.0032007232730564966,Boredom,Shame,0.1334120669006191
0.0032007232730564966,Fear,Boredom,0.007014570513244741
0.0032007232730564966,Fear,Fear,0.5279066671273732
0.0032007232730564966,Fear,Happiness,0.014450950742841064
0.0032007232730564966,Fear,Joy,0.057228376100068125
0.0032007232730564966,Fear,Pride,0.030399972015521536
0.0032007232730564966,Fear,Sadness,0.20139159414756588
0.0032007232730564966,Fear,Shame,0.1616078693533854
0.0032007232730564966,Happiness,Boredom,0.4351059713736368
0.0032007232730564966,Happiness,Fear,0.0077500866678553906
0.0032007232730564966,Happiness,Happiness,0.3585566497070026
0.0032007232730564966,Happiness,Joy,0.032546328230840235
0.0032007232730564966,Happiness,Pride,0.08411718068910408
0.0032007232730564966,Happiness,Sadness,0.010890782449413437
0.0032007232730564966,Happiness,Shame,0.07103300088214747
0.0032007232730564966,Joy,Boredom,0.009123796070144035
0.0032007232730564966,Joy,Fear,0.06078963155248328
0.0032007232730564966,Joy,Happiness,0.0652694987369185
0.0032007232730564966,Joy,Joy,0.30684642252454336
0.0032007232730564966,Joy,Pride,0.26931302777047655
0.0032007232730564966,Joy,Sadness,0.051144316961932904
0.0032007232730564966,Joy,Shame,0.23751330638350135
0.0032007232730564966,Pride,Boredom,0.04677696428143292
0.0032007232730564966,Pride,Fear,0.015623471955463908
0.0032007232730564966,Pride,Happiness,0.27207912477758595
0.0032007232730564966,Pride,Joy,0.10916775940701798
0.0032007232730564966,Pride,Pride,0.26521027541400477
0.0032007232730564966,Pride,Sadness,0.04825952226521092
0.0032007232730564966,Pride,Shame,0.2428828818992835
0.0032007232730564966,Sadness,Boredom,0.0410351621781969
0.0032007232730564966,Sadness,Fear,0.46862307810735954
0.0032007232730564966,Sadness,Happiness,0.044064294602372475
0.0032007232730564966,Sadness,Joy,0.08220110448411119
0.0032007232730564966,Sadness,Pride,0.07954756201490205
0.0032007232730564966,Sadness,Sadness,0.08390970430788079
0.0032007232730564966,Sadness,Shame,0.20061909430517705
0.0032007232730564966,Shame,Boredom,0.03302579954504281
0.0032007232730564966,Shame,Fear,0.018904554923315813
0.0032007232730564966,Shame,Happiness,0.1755591849788695
0.0032007232730564966,Shame,Joy,0.20625956613396895
0.0032007232730564966,Shame,Pride,0.25440829352222044
0.0032007232730564966,Shame,Sadness,0.03480867414533905
0.0032007232730564966,Shame,Shame,0.27703392675124333
0.0031488384382972728,Boredom,Boredom,0.40960969034116795
0.0031488384382972728,Boredom,Fear,0.03413714048464289
0.0031488384382972728,Boredom,Happiness,0.171228228344476
0.0031488384382972728,Boredom,Joy,0.16552601666445624
0.0031488384382972728,Boredom,Pride,0.08562276235780487
0.0031488384382972728,Boredom,Sadness,0.009825018956761944
0.0031488384382972728,Boredom,Shame,0.12405114285068983
0.0031488384382972728,Fear,Boredom,0.005941861896254202
0.0031488384382972728,Fear,Fear,0.6038786042967654
0.0031488384382972728,Fear,Happiness,0.012570709684956362
0.0031488384382972728,Fear,Joy,0.04804103415096731
0.0031488384382972728,Fear,Pride,0.023420607826285918
0.0031488384382972728,Fear,Sadness,0.17379714420076192
0.0031488384382972728,Fear,Shame,0.13235003794400904
0.0031488384382972728,Happiness,Boredom,0.45414178373178105
0.0031488384382972728,Happiness,Fear,0.006580147836665634
0.0031488384382972728,Happiness,Happiness,0.36415424241816025
0.0031488384382972728,Happiness,Joy,0.028264149232298384
0.0031488384382972728,Happiness,Pride,0.07728495601473061
0.0031488384382972728,Happiness,Sadness,0.00931577785698706
0.0031488384382972728,Happiness,Shame,0.06025894290937723
0.0031488384382972728,Joy,Boredom,0.009989164817621693
0.0031488384382972728,Joy,Fear,0.06751525669379553
0.0031488384382972728,Joy,Happiness,0.07097851935299437
0.0031488384382972728,Joy,Joy,0.31939618061282177
0.0031488384382972728,Joy,Pride,0.26545470343846045
0.0031488384382972728,Joy,Sadness,0.051152524354966554
0.0031488384382972728,Joy,Shame,0.21551365072933987
0.0031488384382972728,Pride,Boredom,0.053647106971473374
0.0031488384382972728,Pride,Fear,0.01692202996900748
0.0031488384382972728,Pride,Happiness,0.2920705882204907
0.0031488384382972728,Pride,Joy,0.10591729227760492
0.0031488384382972728,Pride,Pride,0.26081138386780833
0.0031488384382972728,Pride,Sadness,0.0495861132848726
0.0031488384382972728,Pride,Shame,0.22104548540874217
0.0031488384382972728,Sadness,Boredom,0.04214670887433039
0.0031488384382972728,Sadness,Fear,0.538534640723737
0.0031488384382972728,Sadness,Happiness,0.040596144718531534
0.0031488384382972728,Sadness,Joy,0.07094193865462745
0.0031488384382972728,Sadness,Pride,0.06600791708134203
0.0031488384382972728,Sadness,Sadness,0.07310149720240099
0.0031488384382972728,Sadness,Shame,0.16867115274503025
0.0031488384382972728,Shame,Boredom,0.03638463643717841
0.0031488384382972728,Shame,Fear,0.020857172218818387
0.0031488384382972728,Shame,Happiness,0.19893903916063269
0.0031488384382972728,Shame,Joy,0.1987302159302875
0.0031488384382972728,Shame,Pride,0.25102031570604455
0.0031488384382972728,Shame,Sadness,0.035536134451031334
0.0031488384382972728,Shame,Shame,0.25853248609600726
0.0030260188944269384,Boredom,Boredom,0.38823658112749765
0.0030260188944269384,Boredom,Fear,0.03396380328847238
0.0030260188944269384,Boredom,Happiness,0.1778860722302944
0.0030260188944269384,Boredom,Joy,0.1599373519618037
0.0030260188944269384,Boredom,Pride,0.08620813991652243
0.0030260188944269384,Boredom,Sadness,0.01039243650888165
0.0030260188944269384,Boredom,Shame,0.14337561496652762
0.0030260188944269384,Fear,Boredom,0.007070858745829736
0.0030260188944269384,Fear,Fear,0.5651492479378569
0.0030260188944269384,Fear,Happiness,0.015780232637789906
0.0030260188944269384,Fear,Joy,0.05299591729267611
0.0030260188944269384,Fear,Pride,0.025619939903593705
0.0030260188944269384,Fear,Sadness,0.19047403349007908
0.0030260188944269384,Fear,Shame,0.1429097699921745
0.0030260188944269384,Happiness,Boredom,0.4522754069212474
0.0030260188944269384,Happiness,Fear,0.007315930065683555
0.0030260188944269384,Happiness,Happiness,0.35268921500198863
0.0030260188944269384,Happiness,Joy,0.033424471485753296
0.0030260188944269384,Happiness,Pride,0.07826330268536975
0.0030260188944269384,Happiness,Sadness,0.010102832436691182
0.0030260188944269384,Happiness,Shame,0.06592884140326596
0.0030260188944269384,Joy,Boredom,0.010273462021993156
0.0030260188944269384,Joy,Fear,0.07639173603693947
0.0030260188944269384,Joy,Happiness,0.07832860711839454
0.0030260188944269384,Joy,Joy,0.31104114425624474
0.0030260188944269384,Joy,Pride,0.2610991314570641
0.0030260188944269384,Joy,Sadness,0.05206736663747403
0.0030260188944269384,Joy,Shame,0.21079855247188978
0.0030260188944269384,Pride,Boredom,0.06038900482609486
0.0030260188944269384,Pride,Fear,0.017639178116280713
0.0030260188944269384,Pride,Happiness,0.2826681803872758
0.0030260188944269384,Pride,Joy,0.11727737716102639
0.0030260188944269384,Pride,Pride,0.25592784785906497
0.0030260188944269384,Pride,Sadness,0.04959505108164552
0.0030260188944269384,Pride,Shame,0.21650336056861225
0.0030260188944269384,Sadness,Boredom,0.04891936431337127
0.0030260188944269384,Sadness,Fear,0.5047166186223758
0.0030260188944269384,Sadness,Happiness,0.04567141666172287
0.0030260188944269384,Sadness,Joy,0.07709044769707298
0.0030260188944269384,Sadness,Pride,0.07205432256571587
0.0030260188944269384,Sadness,Sadness,0.07634987178914515
0.0030260188944269384,Sadness,Shame,0.17519795835059593
0.0030260188944269384,Shame,Boredom,0.0387787916567859
0.0030260188944269384,Shame,Fear,0.021717186410293524
0.0030260188944269384,Shame,Happiness,0.19996819609310096
0.0030260188944269384,Shame,Joy,0.20539091715710747
0.0030260188944269384,Shame,Pride,0.2499695370120711
0.0030260188944269384,Shame,Sadness,0.03563811398818206
0.0030260188944269384,Shame,Shame,0.24853725768245918
0.0033734150096486845,Boredom,Boredom,0.4516022465169558
0.0033734150096486845,Boredom,Fear,0.03568978696158132
0.0033734150096486845,Boredom,Happiness,0.14003962552934268
0.0033734150096486845,Boredom,Joy,0.182740757909381
0.0033734150096486845,Boredom,Pride,0.08836848421795687
0.0033734150096486845,Boredom,Sadness,0.010465039915815917
0.0033734150096486845,Boredom,Shame,0.09109405894896642
0.0033734150096486845,Fear,Boredom,0.003967779716226602
0.0033734150096486845,Fear,Fear,0.7039213446236714
0.0033734150096486845,Fear,Happiness,0.007260153402180755
0.0033734150096486845,Fear,Joy,0.03451049566663199
0.0033734150096486845,Fear,Pride,0.017422175752878168
0.0033734150096486845,Fear,Sadness,0.14360036157527736
0.0033734150096486845,Fear,Shame,0.08931768926313366
0.0033734150096486845,Happiness,Boredom,0.47661902264285005
0.0033734150096486845,Happiness,Fear,0.004883222699837503
0.0033734150096486845,Happiness,Happiness,0.37403914537749117
0.0033734150096486845,Happiness,Joy,0.02134582149631123
0.0033734150096486845,Happiness,Pride,0.07005990186410929
0.0033734150096486845,Happiness,Sadness,0.00709238353836483
0.0033734150096486845,Happiness,Shame,0.04596050238103588
0.0033734150096486845,Joy,Boredom,0.010542273789202155
0.0033734150096486845,Joy,Fear,0.07725405773011026
0.0033734150096486845,Joy,Happiness,0.06138495231055772
0.0033734150096486845,Joy,Joy,0.33719650845030713
0.0033734150096486845,Joy,Pride,0.26390585110721726
0.0033734150096486845,Joy,Sadness,0.052280298718561664
0.0033734150096486845,Joy,Shame,0.19743605789404392
0.0033734150096486845,Pride,Boredom,0.057319930207787646
0.0033734150096486845,Pride,Fear,0.01845245667380618
0.0033734150096486845,Pride,Happiness,0.3188640097323704
0.0033734150096486845,Pride,Joy,0.08660794145175492
0.0033734150096486845,Pride,Pride,0.263130178972683
0.0033734150096486845,Pride,Sadness,0.0519122657066017
0.0033734150096486845,Pride,Shame,0.20371321725499605
0.0033734150096486845,Sadness,Boredom,0.032894221945048936
0.0033734150096486845,Sadness,Fear,0.6447594548464801
0.0033734150096486845,Sadness,Happiness,0.03249023660129465
0.0033734150096486845,Sadness,Joy,0.05304895293838814
0.0033734150096486845,Sadness,Pride,0.05066554711200065
0.0033734150096486845,Sadness,Sadness,0.059719441241643564
0.0033734150096486845,Sadness,Shame,0.1264221453151438
0.0033734150096486845,Shame,Boredom,0.04028634427070585
0.0033734150096486845,Shame,Fear,0.023907356388187594
0.0033734150096486845,Shame,Happiness,0.22710704668925097
0.0033734150096486845,Shame,Joy,0.1621481992162715
0.0033734150096486845,Shame,Pride,0.25314972884853154
0.0033734150096486845,Shame,Sadness,0.03710574951281115
0.0033734150096486845,Shame,Shame,0.2562955750742418
0.0028928266077380247,Boredom,Boredom,0.3151112917414588
0.0028928266077380247,Boredom,Fear,0.04278527412857046
0.0028928266077380247,Boredom,Happiness,0.1759041817348108
0.0028928266077380247,Boredom,Joy,0.16757728703592345
0.0028928266077380247,Boredom,Pride,0.09697335646598325
0.0028928266077380247,Boredom,Sadness,0.015953490296528164
0.0028928266077380247,Boredom,Shame,0.18569511859672486
0.0028928266077380247,Fear,Boredom,0.012891232052293656
0.0028928266077380247,Fear,Fear,0.43903946522911297
0.0028928266077380247,Fear,Happiness,0.024104314852656024
0.0028928266077380247,Fear,Joy,0.06730305527810651
0.0028928266077380247,Fear,Pride,0.033801665807737996
0.0028928266077380247,Fear,Sadness,0.24407627393105086
0.0028928266077380247,Fear,Shame,0.17878399284904184
0.0028928266077380247,Happiness,Boredom,0.4181104357898546
0.0028928266077380247,Happiness,Fear,0.010343289981480947
0.0028928266077380247,Happiness,Happiness,0.30751688163530394
0.0028928266077380247,Happiness,Joy,0.05519414383618705
0.0028928266077380247,Happiness,Pride,0.08439737776031545
0.0028928266077380247,Happiness,Sadness,0.013888663222371913
0.0028928266077380247,Happiness,Shame,0.11054920777448625
0.0028928266077380247,Joy,Boredom,0.011433304581088112
0.0028928266077380247,Joy,Fear,0.13070370845823992
0.0028928266077380247,Joy,Happiness,0.07768297146781682
0.0028928266077380247,Joy,Joy,0.26831494691691693
0.0028928266077380247,Joy,Pride,0.24599609925565014
0.0028928266077380247,Joy,Sadness,0.05644913115181554
0.0028928266077380247,Joy,Shame,0.20941983816847287
0.0028928266077380247,Pride,Boredom,0.06847761324166925
0.0028928266077380247,Pride,Fear,0.020509812754084346
0.0028928266077380247,Pride,Happiness,0.24721981459692904
0.0028928266077380247,Pride,Joy,0.1443622215758633
0.0028928266077380247,Pride,Pride,0.2525668212049756
0.0028928266077380247,Pride,Sadness,0.05241750496932238
0.0028928266077380247,Pride,Shame,0.21444621165715608
0.0028928266077380247,Sadness,Boredom,0.06002601843375915
0.0028928266077380247,Sadness,Fear,0.39416037115857255
0.0028928266077380247,Sadness,Happiness,0.05314011700125617
0.0028928266077380247,Sadness,Joy,0.11375734407445558
0.0028928266077380247,Sadness,Pride,0.0906334758506235
0.0028928266077380247,Sadness,Sadness,0.09009483870341395
0.0028928266077380247,Sadness,Shame,0.19818783477791904
0.0028928266077380247,Shame,Boredom,0.04494470109124097
0.0028928266077380247,Shame,Fear,0.026332471271087746
0.0028928266077380247,Shame,Happiness,0.18488682295097808
0.0028928266077380247,Shame,Joy,0.22680366264396704
0.0028928266077380247,Shame,Pride,0.24707054601546735
0.0028928266077380247,Shame,Sadness,0.03900602715651636
0.0028928266077380247,Shame,Shame,0.2309557688707423
0.003147653260341925,Boredom,Boredom,0.39240633215485926
0.003147653260341925,Boredom,Fear,0.03458473263994334
0.003147653260341925,Boredom,Happiness,0.16254258739743388
0.003147653260341925,Boredom,Joy,0.1660312858237495
0.003147653260341925,Boredom,Pride,0.09068668135913945
0.003147653260341925,Boredom,Sadness,0.011873465870042637
0.003147653260341925,Boredom,Shame,0.14187491475483152
0.003147653260341925,Fear,Boredom,0.007507807962610407
0.003147653260341925,Fear,Fear,0.510866766483013
0.003147653260341925,Fear,Happiness,0.016757234752805345
0.003147653260341925,Fear,Joy,0.05997725956585426
0.003147653260341925,Fear,Pride,0.031028405288752177
0.003147653260341925,Fear,Sadness,0.20835103189309503
0.003147653260341925,Fear,Shame,0.16551149405387017
0.003147653260341925,Happiness,Boredom,0.43473671610579234
0.003147653260341925,Happiness,Fear,0.008286547200738239
0.003147653260341925,Happiness,Happiness,0.3497733577135416
0.003147653260341925,Happiness,Joy,0.03772420972979413
0.003147653260341925,Happiness,Pride,0.08454183415440879
0.003147653260341925,Happiness,Sadness,0.01162291600119475
0.003147653260341925,Happiness,Shame,0.07331441909452999
0.003147653260341925,Joy,Boredom,0.009697071907537628
0.003147653260341925,Joy,Fear,0.05937714716988089
0.003147653260341925,Joy,Happiness,0.07174811119233841
0.003147653260341925,Joy,Joy,0.3071540025124419
0.003147653260341925,Joy,Pride,0.26862170699942906
0.003147653260341925,Joy,Sadness,0.052088655488426866
0.003147653260341925,Joy,Shame,0.23131330472994557
0.003147653260341925,Pride,Boredom,0.05005184028304861
0.003147653260341925,Pride,Fear,0.016273131282798607
0.003147653260341925,Pride,Happiness,0.26663951829323307
0.003147653260341925,Pride,Joy,0.1204791712343263
0.003147653260341925,Pride,Pride,0.2619615481471562
0.003147653260341925,Pride,Sadness,0.04869224968087012
0.003147653260341925,Pride,Shame,0.23590254107856692
0.003147653260341925,Sadness,Boredom,0.04412836672339228
0.003147653260341925,Sadness,Fear,0.45644314917514084
0.003147653260341925,Sadness,Happiness,0.0476228325045901
0.003147653260341925,Sadness,Joy,0.08547479601160413
0.003147653260341925,Sadness,Pride,0.08214805732753414
0.003147653260341925,Sadness,Sadness,0.08271118739999103
0.003147653260341925,Sadness,Shame,0.20147161085774767
0.003147653260341925,Shame,Boredom,0.035310135271248065
0.003147653260341925,Shame,Fear,0.020081222985174264
0.003147653260341925,Shame,Happiness,0.1787681568071031
0.003147653260341925,Shame,Joy,0.21074306509602178
0.003147653260341925,Shame,Pride,0.253336317451063
0.003147653260341925,Shame,Sadness,0.03567550160637125
0.003147653260341925,Shame,Shame,0.26608560078301835
0.003223246852391775,Boredom,Boredom,0.42803999166586326
0.003223246852391775,Boredom,Fear,0.034279250468601155
0.003223246852391775,Boredom,Happiness,0.18868256930742028
0.003223246852391775,Boredom,Joy,0.16280392669668767
0.003223246852391775,Boredom,Pride,0.08269308648952832
0.003223246852391775,Boredom,Sadness,0.009006418819280038
0.003223246852391775,Boredom,Shame,0.09449475655261938
0.003223246852391775,Fear,Boredom,0.005083612313132598
0.003223246852391775,Fear,Fear,0.6507771783422474
0.003223246852391775,Fear,Happiness,0.011139956381536982
0.003223246852391775,Fear,Joy,0.042112157776756524
0.003223246852391775,Fear,Pride,0.018962479623535033
0.003223246852391775,Fear,Sadness,0.16650572789540724
0.003223246852391775,Fear,Shame,0.10541888766738451
0.003223246852391775,Happiness,Boredom,0.4745970804596401
0.003223246852391775,Happiness,Fear,0.005876815289345276
0.003223246852391775,Happiness,Happiness,0.36220743357397717
0.003223246852391775,Happiness,Joy,0.025011195552531843
0.003223246852391775,Happiness,Pride,0.07182720005604015
0.003223246852391775,Happiness,Sadness,0.00830528543210108
0.003223246852391775,Happiness,Shame,0.05217498963636441
0.003223246852391775,Joy,Boredom,0.01117719447969997
0.003223246852391775,Joy,Fear,0.06997617122946184
0.003223246852391775,Joy,Happiness,0.07997205109808783
0.003223246852391775,Joy,Joy,0.3299246007621936
0.003223246852391775,Joy,Pride,0.26221740363611323
0.003223246852391775,Joy,Sadness,0.052708717931881116
0.003223246852391775,Joy,Shame,0.1940238608625625
0.003223246852391775,Pride,Boredom,0.05552406648641283
0.003223246852391775,Pride,Fear,0.019285220233113087
0.003223246852391775,Pride,Happiness,0.3072822135983808
0.003223246852391775,Pride,Joy,0.10372295120314526
0.003223246852391775,Pride,Pride,0.2599998812154398
0.003223246852391775,Pride,Sadness,0.051916033899749386
0.003223246852391775,Pride,Shame,0.20226963336375878
0.003223246852391775,Sadness,Boredom,0.03715733508826466
0.003223246852391775,Sadness,Fear,0.5922736155818639
0.003223246852391775,Sadness,Happiness,0.03960414234028104
0.003223246852391775,Sadness,Joy,0.06287214081884666
0.003223246852391775,Sadness,Pride,0.05785273930027419
0.003223246852391775,Sadness,Sadness,0.07087509518729497
0.003223246852391775,Sadness,Shame,0.13936493168317443
0.003223246852391775,Shame,Boredom,0.03981919522450387
0.003223246852391775,Shame,Fear,0.02380821837643688
0.003223246852391775,Shame,Happiness,0.22034239230028171
0.003223246852391775,Shame,Joy,0.18907260131167677
0.003223246852391775,Shame,Pride,0.24867839546004966
0.003223246852391775,Shame,Sadness,0.03793598070273829
0.003223246852391775,Shame,Shame,0.24034321662431263
0.0033216055633308776,Boredom,Boredom,0.4475585228155469
0.0033216055633308776,Boredom,Fear,0.035201955980927756
0.0033216055633308776,Boredom,Happiness,0.14934347291440375
0.0033216055633308776,Boredom,Joy,0.17965770285069205
0.0033216055633308776,Boredom,Pride,0.08603487359679352
0.0033216055633308776,Boredom,Sadness,0.009699590892281574
0.0033216055633308776,Boredom,Shame,0.09250388094935441
0.0033216055633308776,Fear,Boredom,0.004159831585244339
0.0033216055633308776,Fear,Fear,0.693200336988215
0.0033216055633308776,Fear,Happiness,0.007686412890299414
0.0033216055633308776,Fear,Joy,0.03595170683254753
0.0033216055633308776,Fear,Pride,0.018187450879643734
0.0033216055633308776,Fear,Sadness,0.1481373668415233
0.0033216055633308776,Fear,Shame,0.09267689398252649
0.0033216055633308776,Happiness,Boredom,0.4778159885405389
0.0033216055633308776,Happiness,Fear,0.005039168448412055
0.0033216055633308776,Happiness,Happiness,0.3705118636300729
0.0033216055633308776,Happiness,Joy,0.021774415061912092
0.0033216055633308776,Happiness,Pride,0.07040740368777307
0.0033216055633308776,Happiness,Sadness,0.007184627697605519
0.0033216055633308776,Happiness,Shame,0.0472665329336854
0.0033216055633308776,Joy,Boredom,0.010505001598996859
0.0033216055633308776,Joy,Fear,0.07519518213297924
0.0033216055633308776,Joy,Happiness,0.06162413359741588
0.0033216055633308776,Joy,Joy,0.3374711579088723
0.0033216055633308776,Joy,Pride,0.2639281138261669
0.0033216055633308776,Joy,Sadness,0.051951434236049664
0.0033216055633308776,Joy,Shame,0.1993249766995194
0.0033216055633308776,Pride,Boredom,0.056648915260438096
0.0033216055633308776,Pride,Fear,0.01847486646722263
0.0033216055633308776,Pride,Happiness,0.3161910665398221
0.0033216055633308776,Pride,Joy,0.08742903652828304
0.0033216055633308776,Pride,Pride,0.26372152157278045
0.0033216055633308776,Pride,Sadness,0.05157554766256651
0.0033216055633308776,Pride,Shame,0.2059590459688874
0.0033216055633308776,Sadness,Boredom,0.03392638881424206
0.0033216055633308776,Sadness,Fear,0.6349854214014009
0.0033216055633308776,Sadness,Happiness,0.03306097870077413
0.0033216055633308776,Sadness,Joy,0.05497733776730944
0.0033216055633308776,Sadness,Pride,0.05177750100839543
0.0033216055633308776,Sadness,Sadness,0.061053962927407654
0.0033216055633308776,Sadness,Shame,0.13021840938047005
0.0033216055633308776,Shame,Boredom,0.039927680726096496
0.0033216055633308776,Shame,Fear,0.023407829467675507
0.0033216055633308776,Shame,Happiness,0.22551436787469537
0.0033216055633308776,Shame,Joy,0.16673255542810417
0.0033216055633308776,Shame,Pride,0.2525178705567799
0.0033216055633308776,Shame,Sadness,0.03609260329782042
0.0033216055633308776,Shame,Shame,0.25580709264882856
0.0034491365212981962,Boredom,Boredom,0.42718241883803454
0.0034491365212981962,Boredom,Fear,0.03794501046806243
0.0034491365212981962,Boredom,Happiness,0.12181131682096472
0.0034491365212981962,Boredom,Joy,0.18539466244571653
0.0034491365212981962,Boredom,Pride,0.10012863034295391
0.0034491365212981962,Boredom,Sadness,0.01371870942688873
0.0034491365212981962,Boredom,Shame,0.1138192516573793
0.0034491365212981962,Fear,Boredom,0.005677316475443594
0.0034491365212981962,Fear,Fear,0.5898220993667539
0.0034491365212981962,Fear,Happiness,0.01032879506337172
0.0034491365212981962,Fear,Joy,0.047941802103124355
0.0034491365212981962,Fear,Pride,0.027095271647525582
0.0034491365212981962,Fear,Sadness,0.17938879223932022
0.0034491365212981962,Fear,Shame,0.13974592310446043
0.0034491365212981962,Happiness,Boredom,0.4340100421558746
0.0034491365212981962,Happiness,Fear,0.006767743332813696
0.0034491365212981962,Happiness,Happiness,0.3733034317512563
0.0034491365212981962,Happiness,Joy,0.027925642173470065
0.0034491365212981962,Happiness,Pride,0.08316492291493514
0.0034491365212981962,Happiness,Sadness,0.009896176963009458
0.0034491365212981962,Happiness,Shame,0.06493204070864084
0.0034491365212981962,Joy,Boredom,0.008724428089301113
0.0034491365212981962,Joy,Fear,0.07181426559801904
0.0034491365212981962,Joy,Happiness,0.05762978541233977
0.0034491365212981962,Joy,Joy,0.30526178126790965
0.0034491365212981962,Joy,Pride,0.268775169477764
0.0034491365212981962,Joy,Sadness,0.051608513586746556
0.0034491365212981962,Joy,Shame,0.23618605656791972
0.0034491365212981962,Pride,Boredom,0.049848632653796854
0.0034491365212981962,Pride,Fear,0.015675369579722247
0.0034491365212981962,Pride,Happiness,0.2860354355536839
0.0034491365212981962,Pride,Joy,0.08411500992071608
0.0034491365212981962,Pride,Pride,0.2705556141127469
0.0034491365212981962,Pride,Sadness,0.0492656228892961
0.0034491365212981962,Pride,Shame,0.24450431529003802
0.0034491365212981962,Sadness,Boredom,0.03710757690776637
0.0034491365212981962,Sadness,Fear,0.5254566848560394
0.0034491365212981962,Sadness,Happiness,0.038711986144732397
0.0034491365212981962,Sadness,Joy,0.07144586933212507
0.0034491365212981962,Sadness,Pride,0.07125066779504506
0.0034491365212981962,Sadness,Sadness,0.07280468293982367
0.0034491365212981962,Sadness,Shame,0.18322253202446773
0.0034491365212981962,Shame,Boredom,0.03473330770833282
0.0034491365212981962,Shame,Fear,0.020563666919785478
0.0034491365212981962,Shame,Happiness,0.19972600805036791
0.0034491365212981962,Shame,Joy,0.15822510169775988
0.0034491365212981962,Shame,Pride,0.2611380168942205
0.0034491365212981962,Shame,Sadness,0.035227987516026196
0.0034491365212981962,Shame,Shame,0.29038591121350743
0.0033404771955778704,Boredom,Boredom,0.4366304104258137
0.0033404771955778704,Boredom,Fear,0.035614699707155195
0.0033404771955778704,Boredom,Happiness,0.16342650498992692
0.0033404771955778704,Boredom,Joy,0.17789700424164046
0.0033404771955778704,Boredom,Pride,0.08532846362254311
0.0033404771955778704,Boredom,Sadness,0.010369889865047431
0.0033404771955778704,Boredom,Shame,0.09073302714787343
0.0033404771955778704,Fear,Boredom,0.0045474957969996845
0.0033404771955778704,Fear,Fear,0.6702461701633469
0.0033404771955778704,Fear,Happiness,0.009050805146998055
0.0033404771955778704,Fear,Joy,0.03916637689870539
0.0033404771955778704,Fear,Pride,0.019145353533223077
0.0033404771955778704,Fear,Sadness,0.15583572168592644
0.0033404771955778704,Fear,Shame,0.10200807677480045
0.0033404771955778704,Happiness,Boredom,0.47568670609836244
0.0033404771955778704,Happiness,Fear,0.005719111398642935
0.0033404771955778704,Happiness,Happiness,0.3664352784572421
0.0033404771955778704,Happiness,Joy,0.02284370724727532
0.0033404771955778704,Happiness,Pride,0.07146862324229773
0.0033404771955778704,Happiness,Sadness,0.008245687262672382
0.0033404771955778704,Happiness,Shame,0.04960088629350705
0.0033404771955778704,Joy,Boredom,0.010954853384554101
0.0033404771955778704,Joy,Fear,0.07534421739648692
0.0033404771955778704,Joy,Happiness,0.06392632860326007
0.0033404771955778704,Joy,Joy,0.3379696576964735
0.0033404771955778704,Joy,Pride,0.26380931068193425
0.0033404771955778704,Joy,Sadness,0.05413712711065546
0.0033404771955778704,Joy,Shame,0.19385850512663555
0.0033404771955778704,Pride,Boredom,0.05783138948008544
0.0033404771955778704,Pride,Fear,0.020179677151869135
0.0033404771955778704,Pride,Happiness,0.31360626325533497
0.0033404771955778704,Pride,Joy,0.09041130291952051
0.0033404771955778704,Pride,Pride,0.2632569327713754
0.0033404771955778704,Pride,Sadness,0.05305305623885339
0.0033404771955778704,Pride,Shame,0.20166137818296126
0.0033404771955778704,Sadness,Boredom,0.034549970219247564
0.0033404771955778704,Sadness,Fear,0.6155910872308745
0.0033404771955778704,Sadness,Happiness,0.03477411433190068
0.0033404771955778704,Sadness,Joy,0.05882152844505873
0.0033404771955778704,Sadness,Pride,0.05544154226198069
0.0033404771955778704,Sadness,Sadness,0.06523792943674715
0.0033404771955778704,Sadness,Shame,0.1355838280741907
0.0033404771955778704,Shame,Boredom,0.041000536970055595
0.0033404771955778704,Shame,Fear,0.02499426742191357
0.0033404771955778704,Shame,Happiness,0.22467260383566595
0.0033404771955778704,Shame,Joy,0.17802354492897607
0.0033404771955778704,Shame,Pride,0.25029074245996963
0.0033404771955778704,Shame,Sadness,0.03917819043885595
0.0033404771955778704,Shame,Shame,0.24184011394456323
0.003158772644548924,Boredom,Boredom,0.42708172363849306
0.003158772644548924,Boredom,Fear,0.033193167490060384
0.003158772644548924,Boredom,Happiness,0.18932965395845092
0.003158772644548924,Boredom,Joy,0.15881748027012374
0.003158772644548924,Boredom,Pride,0.08072699205949856
0.003158772644548924,Boredom,Sadness,0.008698815525178096
0.003158772644548924,Boredom,Shame,0.10215216705819519
0.003158772644548924,Fear,Boredom,0.0049910832991383255
0.003158772644548924,Fear,Fear,0.6499195049122325
0.003158772644548924,Fear,Happiness,0.01139036102795414
0.003158772644548924,Fear,Joy,0.04223985305994214
0.003158772644548924,Fear,Pride,0.019531195535826853
0.003158772644548924,Fear,Sadness,0.1670502251092927
0.003158772644548924,Fear,Shame,0.1048777770556135
0.003158772644548924,Happiness,Boredom,0.47491617743443676
0.003158772644548924,Happiness,Fear,0.005626076471001881
0.003158772644548924,Happiness,Happiness,0.363378532718079
0.003158772644548924,Happiness,Joy,0.025045747318240323
0.003158772644548924,Happiness,Pride,0.07118535380182688
0.003158772644548924,Happiness,Sadness,0.008041076492214902
0.003158772644548924,Happiness,Shame,0.05180703576420052
0.003158772644548924,Joy,Boredom,0.011291942817847747
0.003158772644548924,Joy,Fear,0.0639250633613395
0.003158772644548924,Joy,Happiness,0.08454131515130635
0.003158772644548924,Joy,Joy,0.3289494238893324
0.003158772644548924,Joy,Pride,0.2629283143393438
0.003158772644548924,Joy,Sadness,0.05242103735816056
0.003158772644548924,Joy,Shame,0.19594290308266946
0.003158772644548924,Pride,Boredom,0.05797319297928153
0.003158772644548924,Pride,Fear,0.01838889346037067
0.003158772644548924,Pride,Happiness,0.3064653102600085
0.003158772644548924,Pride,Joy,0.10459864731225056
0.003158772644548924,Pride,Pride,0.25865492005837976
0.003158772644548924,Pride,Sadness,0.050415111781586114
0.003158772644548924,Pride,Shame,0.203503924148123
0.003158772644548924,Sadness,Boredom,0.03796392079081434
0.003158772644548924,Sadness,Fear,0.59074592772161
0.003158772644548924,Sadness,Happiness,0.04157283575618806
0.003158772644548924,Sadness,Joy,0.06340861851784303
0.003158772644548924,Sadness,Pride,0.05852843600061124
0.003158772644548924,Sadness,Sadness,0.06775642810280073
0.003158772644548924,Sadness,Shame,0.14002383311013225
0.003158772644548924,Shame,Boredom,0.04068017597354012
0.003158772644548924,Shame,Fear,0.02282940157308316
0.003158772644548924,Shame,Happiness,0.21946034603311124
0.003158772644548924,Shame,Joy,0.18834544177052573
0.003158772644548924,Shame,Pride,0.24885933688651313
0.003158772644548924,Shame,Sadness,0.03598110970460896
0.003158772644548924,Shame,Shame,0.24384418805861777
0.0033029727867504425,Boredom,Boredom,0.41593702205906763
0.0033029727867504425,Boredom,Fear,0.03614044432926779
0.0033029727867504425,Boredom,Happiness,0.13867828468900578
0.0033029727867504425,Boredom,Joy,0.17788686462250597
0.0033029727867504425,Boredom,Pride,0.09719711329668715
0.0033029727867504425,Boredom,Sadness,0.012233689675950277
0.0033029727867504425,Boredom,Shame,0.12192658132751516
0.0033029727867504425,Fear,Boredom,0.006243578284717123
0.0033029727867504425,Fear,Fear,0.5603571719861346
0.0033029727867504425,Fear,Happiness,0.011406836925730244
0.0033029727867504425,Fear,Joy,0.05198384171284173
0.0033029727867504425,Fear,Pride,0.029176792675478905
0.0033029727867504425,Fear,Sadness,0.18938491028582335
0.0033029727867504425,Fear,Shame,0.1514468681292742
0.0033029727867504425,Happiness,Boredom,0.4330211181702141
0.0033029727867504425,Happiness,Fear,0.006997472730045288
0.0033029727867504425,Happiness,Happiness,0.3702239254110372
0.0033029727867504425,Happiness,Joy,0.028481612096069257
0.0033029727867504425,Happiness,Pride,0.08388377460498075
0.0033029727867504425,Happiness,Sadness,0.010057200343890208
0.0033029727867504425,Happiness,Shame,0.06733489664376331
0.0033029727867504425,Joy,Boredom,0.008467750549435804
0.0033029727867504425,Joy,Fear,0.06841967058922459
0.0033029727867504425,Joy,Happiness,0.05606187639717956
0.0033029727867504425,Joy,Joy,0.3039863147664026
0.0033029727867504425,Joy,Pride,0.2692539637709524
0.0033029727867504425,Joy,Sadness,0.05065410914570662
0.0033029727867504425,Joy,Shame,0.24315631478109842
0.0033029727867504425,Pride,Boredom,0.04789254257418157
0.0033029727867504425,Pride,Fear,0.015261977535793027
0.0033029727867504425,Pride,Happiness,0.2805552851067317
0.0033029727867504425,Pride,Joy,0.08687089528032628
0.0033029727867504425,Pride,Pride,0.2708654425622668
0.0033029727867504425,Pride,Sadness,0.04842528120226688
0.0033029727867504425,Pride,Shame,0.2501285757384341
0.0033029727867504425,Sadness,Boredom,0.03834456118929441
0.0033029727867504425,Sadness,Fear,0.497662119896716
0.0033029727867504425,Sadness,Happiness,0.039332409771810115
0.0033029727867504425,Sadness,Joy,0.0768805905628576
0.0033029727867504425,Sadness,Pride,0.07508846114398839
0.0033029727867504425,Sadness,Sadness,0.07677793453488942
0.0033029727867504425,Sadness,Shame,0.19591392290044427
0.0033029727867504425,Shame,Boredom,0.03286120719520198
0.0033029727867504425,Shame,Fear,0.01795490938848673
0.0033029727867504425,Shame,Happiness,0.18293521308918262
0.0033029727867504425,Shame,Joy,0.18719451359058034
0.0033029727867504425,Shame,Pride,0.2565163888892416
0.0033029727867504425,Shame,Sadness,0.03386867537621102
0.0033029727867504425,Shame,Shame,0.28866909247109557
0.003021582772151797,Boredom,Boredom,0.3120898504393468
0.003021582772151797,Boredom,Fear,0.03691852414928429
0.003021582772151797,Boredom,Happiness,0.13656380380215116
0.003021582772151797,Boredom,Joy,0.16632850234417978
0.003021582772151797,Boredom,Pride,0.10290735794459366
0.003021582772151797,Boredom,Sadness,0.013438002366852369
0.003021582772151797,Boredom,Shame,0.23175395895359213
0.003021582772151797,Fear,Boredom,0.00876356683177745
0.003021582772151797,Fear,Fear,0.4762527630251137
0.003021582772151797,Fear,Happiness,0.015293455414647565
0.003021582772151797,Fear,Joy,0.062414433958297495
0.003021582772151797,Fear,Pride,0.03422456745265439
0.003021582772151797,Fear,Sadness,0.20628552428975777
0.003021582772151797,Fear,Shame,0.19676568902775166
0.003021582772151797,Happiness,Boredom,0.3996542793333265
0.003021582772151797,Happiness,Fear,0.008194873803085208
0.003021582772151797,Happiness,Happiness,0.354829099786421
0.003021582772151797,Happiness,Joy,0.040079791791740725
0.003021582772151797,Happiness,Pride,0.09111808242945259
0.003021582772151797,Happiness,Sadness,0.012038782388085895
0.003021582772151797,Happiness,Shame,0.09408509046788786
0.003021582772151797,Joy,Boredom,0.00699750601653527
0.003021582772151797,Joy,Fear,0.09200825675739656
0.003021582772151797,Joy,Happiness,0.05509407187218641
0.003021582772151797,Joy,Joy,0.2747721396165792
0.003021582772151797,Joy,Pride,0.261858602965113
0.003021582772151797,Joy,Sadness,0.04923492299312248
0.003021582772151797,Joy,Shame,0.2600344997790672
0.003021582772151797,Pride,Boredom,0.04904933505059033
0.003021582772151797,Pride,Fear,0.012517860458959041
0.003021582772151797,Pride,Happiness,0.24446392107989992
0.003021582772151797,Pride,Joy,0.12059547266240757
0.003021582772151797,Pride,Pride,0.2633103063769859
0.003021582772151797,Pride,Sadness,0.0455675932195931
0.003021582772151797,Pride,Shame,0.2644955111515644
0.003021582772151797,Sadness,Boredom,0.04926016116466772
0.003021582772151797,Sadness,Fear,0.4085393222367576
0.003021582772151797,Sadness,Happiness,0.04183402031178262
0.003021582772151797,Sadness,Joy,0.09015038711860965
0.003021582772151797,Sadness,Pride,0.08858773713166299
0.003021582772151797,Sadness,Sadness,0.08650922408455451
0.003021582772151797,Sadness,Shame,0.23511914795196465
0.003021582772151797,Shame,Boredom,0.03158324813301046
0.003021582772151797,Shame,Fear,0.01622358106344678
0.003021582772151797,Shame,Happiness,0.14385597253946897
0.003021582772151797,Shame,Joy,0.21185948084013267
0.003021582772151797,Shame,Pride,0.26016917797556877
0.003021582772151797,Shame,Sadness,0.03263698318100264
0.003021582772151797,Shame,Shame,0.30367155626736947
0.0033082791062058747,Boredom,Boredom,0.4289993610821954
0.0033082791062058747,Boredom,Fear,0.035383550281357305
0.0033082791062058747,Boredom,Happiness,0.1815622602240844
0.0033082791062058747,Boredom,Joy,0.1697681296614951
0.0033082791062058747,Boredom,Pride,0.08434559007657234
0.0033082791062058747,Boredom,Sadness,0.010090453810420806
0.0033082791062058747,Boredom,Shame,0.08985065486387463
0.0033082791062058747,Fear,Boredom,0.00504879424273198
0.0033082791062058747,Fear,Fear,0.6495092981883357
0.0033082791062058747,Fear,Happiness,0.010815682667144265
0.0033082791062058747,Fear,Joy,0.04215021007135516
0.0033082791062058747,Fear,Pride,0.01955472013858528
0.0033082791062058747,Fear,Sadness,0.16372688732254786
0.0033082791062058747,Fear,Shame,0.1091944073692997
0.0033082791062058747,Happiness,Boredom,0.47892733207744326
0.0033082791062058747,Happiness,Fear,0.00602979738004174
0.0033082791062058747,Happiness,Happiness,0.3622189965872012
0.0033082791062058747,Happiness,Joy,0.02310272623652979
0.0033082791062058747,Happiness,Pride,0.07092619863364959
0.0033082791062058747,Happiness,Sadness,0.008528533606702535
0.0033082791062058747,Happiness,Shame,0.050266415478431914
0.0033082791062058747,Joy,Boredom,0.010361223696483044
0.0033082791062058747,Joy,Fear,0.0892861378612214
0.0033082791062058747,Joy,Happiness,0.0653968498755974
0.0033082791062058747,Joy,Joy,0.3329242919328682
0.0033082791062058747,Joy,Pride,0.2594773045156794
0.0033082791062058747,Joy,Sadness,0.05259511947128477
0.0033082791062058747,Joy,Shame,0.18995907264686593
0.0033082791062058747,Pride,Boredom,0.05677183493875335
0.0033082791062058747,Pride,Fear,0.020570294176743702
0.0033082791062058747,Pride,Happiness,0.3090730451366213
0.0033082791062058747,Pride,Joy,0.0976296701716742
0.0033082791062058747,Pride,Pride,0.2618021516940739
0.0033082791062058747,Pride,Sadness,0.05309631449408271
0.0033082791062058747,Pride,Shame,0.20105668938805085
0.0033082791062058747,Sadness,Boredom,0.047392407557206945
0.0033082791062058747,Sadness,Fear,0.5829393266724134
0.0033082791062058747,Sadness,Happiness,0.04496995505542029
0.0033082791062058747,Sadness,Joy,0.06366131494267854
0.0033082791062058747,Sadness,Pride,0.05758746324304207
0.0033082791062058747,Sadness,Sadness,0.0637658982521529
0.0033082791062058747,Sadness,Shame,0.13968363427708594
0.0033082791062058747,Shame,Boredom,0.0420277262897959
0.0033082791062058747,Shame,Fear,0.024923770174349234
0.0033082791062058747,Shame,Happiness,0.2275579829496419
0.0033082791062058747,Shame,Joy,0.1795560913790784
0.0033082791062058747,Shame,Pride,0.2500650876752849
0.0033082791062058747,Shame,Sadness,0.04062838558131283
0.0033082791062058747,Shame,Shame,0.2352409559505369
0.003129765344052682,Boredom,Boredom,0.41902343692394656
0.003129765344052682,Boredom,Fear,0.033608910653999444
0.003129765344052682,Boredom,Happiness,0.19338315673679082
0.003129765344052682,Boredom,Joy,0.15793001611663554
0.003129765344052682,Boredom,Pride,0.0808999458055535
0.003129765344052682,Boredom,Sadness,0.00943157771608582
0.003129765344052682,Boredom,Shame,0.10572295604698856
0.003129765344052682,Fear,Boredom,0.0061833915330281215
0.003129765344052682,Fear,Fear,0.6077147691308933
0.003129765344052682,Fear,Happiness,0.014841116457511044
0.003129765344052682,Fear,Joy,0.048121025536984975
0.003129765344052682,Fear,Pride,0.022132908503837208
0.003129765344052682,Fear,Sadness,0.17972884204794137
0.003129765344052682,Fear,Shame,0.121277946789804
0.003129765344052682,Happiness,Boredom,0.47765880713175884
0.003129765344052682,Happiness,Fear,0.006583459954178862
0.003129765344052682,Happiness,Happiness,0.35418457460169367
0.003129765344052682,Happiness,Joy,0.027326597360414876
0.003129765344052682,Happiness,Pride,0.07163727653142389
0.003129765344052682,Happiness,Sadness,0.008794843151389115
0.003129765344052682,Happiness,Shame,0.05381444126914081
0.003129765344052682,Joy,Boredom,0.011407161087278095
0.003129765344052682,Joy,Fear,0.0746150698592623
0.003129765344052682,Joy,Happiness,0.08047580884234959
0.003129765344052682,Joy,Joy,0.3264484766402897
0.003129765344052682,Joy,Pride,0.26305408040177153
0.003129765344052682,Joy,Sadness,0.051604291324251365
0.003129765344052682,Joy,Shame,0.19239511184479796
0.003129765344052682,Pride,Boredom,0.06049386529139034
0.003129765344052682,Pride,Fear,0.020237960535086096
0.003129765344052682,Pride,Happiness,0.2993041027855832
0.003129765344052682,Pride,Joy,0.113040156796652
0.003129765344052682,Pride,Pride,0.2565679223872427
0.003129765344052682,Pride,Sadness,0.05097265483873211
0.003129765344052682,Pride,Shame,0.19938333736531336
0.003129765344052682,Sadness,Boredom,0.062268780305045186
0.003129765344052682,Sadness,Fear,0.5421389728015521
0.003129765344052682,Sadness,Happiness,0.051900348063824486
0.003129765344052682,Sadness,Joy,0.07010354313333421
0.003129765344052682,Sadness,Pride,0.05975076153118592
0.003129765344052682,Sadness,Sadness,0.06406190004546794
0.003129765344052682,Sadness,Shame,0.14977569411958983
0.003129765344052682,Shame,Boredom,0.042487392280876814
0.003129765344052682,Shame,Fear,0.02463724168290775
0.003129765344052682,Shame,Happiness,0.2243826930521367
0.003129765344052682,Shame,Joy,0.19088925886498287
0.003129765344052682,Shame,Pride,0.24901924743675308
0.003129765344052682,Shame,Sadness,0.0385076844839765
0.003129765344052682,Shame,Shame,0.230076482198366
0.0029099839592890233,Boredom,Boredom,0.3878777643522323
0.0029099839592890233,Boredom,Fear,0.03400672535509
0.0029099839592890233,Boredom,Happiness,0.20032721203218462
0.0029099839592890233,Boredom,Joy,0.1514864240181478
0.0029099839592890233,Boredom,Pride,0.08347888195441945
0.0029099839592890233,Boredom,Sadness,0.01123384102295815
0.0029099839592890233,Boredom,Shame,0.13158915126496754
0.0029099839592890233,Fear,Boredom,0.010271195565880532
0.0029099839592890233,Fear,Fear,0.5452398917390772
0.0029099839592890233,Fear,Happiness,0.02005774130410171
0.0029099839592890233,Fear,Joy,0.05385858791221502
0.0029099839592890233,Fear,Pride,0.025362793593606256
0.0029099839592890233,Fear,Sadness,0.20757151424584055
0.0029099839592890233,Fear,Shame,0.13763827563927866
0.0029099839592890233,Happiness,Boredom,0.46885098090335003
0.0029099839592890233,Happiness,Fear,0.007982720282678442
0.0029099839592890233,Happiness,Happiness,0.33619965957905207
0.0029099839592890233,Happiness,Joy,0.03671630588607862
0.0029099839592890233,Happiness,Pride,0.0741799164401031
0.0029099839592890233,Happiness,Sadness,0.010298135442147088
0.0029099839592890233,Happiness,Shame,0.06577228146659035
0.0029099839592890233,Joy,Boredom,0.011700079284405656
0.0029099839592890233,Joy,Fear,0.1432700436492318
0.0029099839592890233,Joy,Happiness,0.08373203807853506
0.0029099839592890233,Joy,Joy,0.27603747105353066
0.0029099839592890233,Joy,Pride,0.24556831557093253
0.0029099839592890233,Joy,Sadness,0.05396257527379706
0.0029099839592890233,Joy,Shame,0.185729477089567
0.0029099839592890233,Pride,Boredom,0.07973946733934585
0.0029099839592890233,Pride,Fear,0.020722395888638005
0.0029099839592890233,Pride,Happiness,0.28347885744101436
0.0029099839592890233,Pride,Joy,0.12663455033733723
0.0029099839592890233,Pride,Pride,0.24820469027327774
0.0029099839592890233,Pride,Sadness,0.05148782795913249
0.0029099839592890233,Pride,Shame,0.18973221076125424
0.0029099839592890233,Sadness,Boredom,0.08301998596158951
0.0029099839592890233,Sadness,Fear,0.4852484274714009
0.0029099839592890233,Sadness,Happiness,0.05811590065798796
0.0029099839592890233,Sadness,Joy,0.07987249086638733
0.0029099839592890233,Sadness,Pride,0.07121643744868192
0.0029099839592890233,Sadness,Sadness,0.0680330575835748
0.0029099839592890233,Sadness,Shame,0.15449370001037763
0.0029099839592890233,Shame,Boredom,0.051224630854398184
0.0029099839592890233,Shame,Fear,0.025034254319536528
0.0029099839592890233,Shame,Happiness,0.2227196770357189
0.0029099839592890233,Shame,Joy,0.20105604025111676
0.0029099839592890233,Shame,Pride,0.24564790819404236
0.0029099839592890233,Shame,Sadness,0.03889011268748881
0.0029099839592890233,Shame,Shame,0.2154273766576983
0.0031991188612645613,Boredom,Boredom,0.42405795111604416
0.0031991188612645613,Boredom,Fear,0.034043476155705944
0.0031991188612645613,Boredom,Happiness,0.16265483289465904
0.0031991188612645613,Boredom,Joy,0.16884298632248504
0.0031991188612645613,Boredom,Pride,0.08656707778639629
0.0031991188612645613,Boredom,Sadness,0.009542876310297883
0.0031991188612645613,Boredom,Shame,0.1142907994144114
0.0031991188612645613,Fear,Boredom,0.005241745832779906
0.0031991188612645613,Fear,Fear,0.6366655597213544
0.0031991188612645613,Fear,Happiness,0.009831990534958005
0.0031991188612645613,Fear,Joy,0.043102449739048435
0.0031991188612645613,Fear,Pride,0.02209721653927025
0.0031991188612645613,Fear,Sadness,0.16017698788260726
0.0031991188612645613,Fear,Shame,0.12288404974998178
0.0031991188612645613,Happiness,Boredom,0.4579229530483984
0.0031991188612645613,Happiness,Fear,0.005396100003628615
0.0031991188612645613,Happiness,Happiness,0.3782160098598482
0.0031991188612645613,Happiness,Joy,0.02357781820815876
0.0031991188612645613,Happiness,Pride,0.07405485891234048
0.0031991188612645613,Happiness,Sadness,0.007869762487208685
0.0031991188612645613,Happiness,Shame,0.05296249748041692
0.0031991188612645613,Joy,Boredom,0.008605457087093394
0.0031991188612645613,Joy,Fear,0.08269097849947403
0.0031991188612645613,Joy,Happiness,0.05724636011961399
0.0031991188612645613,Joy,Joy,0.31859085317990277
0.0031991188612645613,Joy,Pride,0.26412220749975124
0.0031991188612645613,Joy,Sadness,0.0481970141908831
0.0031991188612645613,Joy,Shame,0.22054712942328142
0.0031991188612645613,Pride,Boredom,0.051731619365136663
0.0031991188612645613,Pride,Fear,0.015111406154556577
0.0031991188612645613,Pride,Happiness,0.29936841685301496
0.0031991188612645613,Pride,Joy,0.0958109470424702
0.0031991188612645613,Pride,Pride,0.263844080182397
0.0031991188612645613,Pride,Sadness,0.047932945312713214
0.0031991188612645613,Pride,Shame,0.2262005850897113
0.0031991188612645613,Sadness,Boredom,0.049522828751944574
0.0031991188612645613,Sadness,Fear,0.5585272120207819
0.0031991188612645613,Sadness,Happiness,0.042117618976173714
0.0031991188612645613,Sadness,Joy,0.0666155192331177
0.0031991188612645613,Sadness,Pride,0.059390386461564644
0.0031991188612645613,Sadness,Sadness,0.06039701658835578
0.0031991188612645613,Sadness,Shame,0.16342941796806146
0.0031991188612645613,Shame,Boredom,0.036671252805388806
0.0031991188612645613,Shame,Fear,0.01844341560146435
0.0031991188612645613,Shame,Happiness,0.20005950080810608
0.0031991188612645613,Shame,Joy,0.18354308789570875
0.0031991188612645613,Shame,Pride,0.2531235927570435
0.0031991188612645613,Shame,Sadness,0.03488581842338857
0.0031991188612645613,Shame,Shame,0.2732733317089001
0.0032744847503415565,Boredom,Boredom,0.4329430038523336
0.0032744847503415565,Boredom,Fear,0.034398679546634475
0.0032744847503415565,Boredom,Happiness,0.17946698170483957
0.0032744847503415565,Boredom,Joy,0.16916124827223109
0.0032744847503415565,Boredom,Pride,0.08295534586052003
0.0032744847503415565,Boredom,Sadness,0.009123551931389215
0.0032744847503415565,Boredom,Shame,0.09195118883205228
0.0032744847503415565,Fear,Boredom,0.005205749161911358
0.0032744847503415565,Fear,Fear,0.6559088327456651
0.0032744847503415565,Fear,Happiness,0.010183539260801315
0.0032744847503415565,Fear,Joy,0.041120667221353005
0.0032744847503415565,Fear,Pride,0.01985527208027503
0.0032744847503415565,Fear,Sadness,0.16174369898469332
0.0032744847503415565,Fear,Shame,0.10598224054530095
0.0032744847503415565,Happiness,Boredom,0.4805791871320493
0.0032744847503415565,Happiness,Fear,0.005578231407580341
0.0032744847503415565,Happiness,Happiness,0.3652264976536521
0.0032744847503415565,Happiness,Joy,0.02227409020459753
0.0032744847503415565,Happiness,Pride,0.06979977031076112
0.0032744847503415565,Happiness,Sadness,0.007723004331996605
0.0032744847503415565,Happiness,Shame,0.04881921895936299
0.0032744847503415565,Joy,Boredom,0.010260576024371996
0.0032744847503415565,Joy,Fear,0.08227046772385432
0.0032744847503415565,Joy,Happiness,0.06517532833879773
0.0032744847503415565,Joy,Joy,0.3364401246096113
0.0032744847503415565,Joy,Pride,0.2615979079223336
0.0032744847503415565,Joy,Sadness,0.05068473775726527
0.0032744847503415565,Joy,Shame,0.19357085762376572
0.0032744847503415565,Pride,Boredom,0.05667471637307571
0.0032744847503415565,Pride,Fear,0.019735858562386462
0.0032744847503415565,Pride,Happiness,0.3106506255586601
0.0032744847503415565,Pride,Joy,0.09664514894432304
0.0032744847503415565,Pride,Pride,0.2615871856401261
0.0032744847503415565,Pride,Sadness,0.05142448599910521
0.0032744847503415565,Pride,Shame,0.20328197892232366
0.0032744847503415565,Sadness,Boredom,0.049153820343482015
0.0032744847503415565,Sadness,Fear,0.5931481936310944
0.0032744847503415565,Sadness,Happiness,0.04435473509356419
0.0032744847503415565,Sadness,Joy,0.06277052562420453
0.0032744847503415565,Sadness,Pride,0.05219928780679148
0.0032744847503415565,Sadness,Sadness,0.05938311726559364
0.0032744847503415565,Sadness,Shame,0.13899032023527016
0.0032744847503415565,Shame,Boredom,0.04125574569296661
0.0032744847503415565,Shame,Fear,0.023958553046106636
0.0032744847503415565,Shame,Happiness,0.22545526827721835
0.0032744847503415565,Shame,Joy,0.17845612938938885
0.0032744847503415565,Shame,Pride,0.2501763091459738
0.0032744847503415565,Shame,Sadness,0.038290102174555425
0.0032744847503415565,Shame,Shame,0.2424078922737906
0.0031274761777438653,Boredom,Boredom,0.4238870136479727
0.0031274761777438653,Boredom,Fear,0.033752486716735516
0.0031274761777438653,Boredom,Happiness,0.193767574301764
0.0031274761777438653,Boredom,Joy,0.15864978886203615
0.0031274761777438653,Boredom,Pride,0.08149892948617529
0.0031274761777438653,Boredom,Sadness,0.009252749558957038
0.0031274761777438653,Boredom,Shame,0.09919145742635926
0.0031274761777438653,Fear,Boredom,0.005829944391232467
0.0031274761777438653,Fear,Fear,0.613102313357832
0.0031274761777438653,Fear,Happiness,0.014097821653630315
0.0031274761777438653,Fear,Joy,0.047240636393599815
0.0031274761777438653,Fear,Pride,0.021614451021212275
0.0031274761777438653,Fear,Sadness,0.17852279775197044
0.0031274761777438653,Fear,Shame,0.11959203543052276
0.0031274761777438653,Happiness,Boredom,0.47814074402563994
0.0031274761777438653,Happiness,Fear,0.0061911751006729025
0.0031274761777438653,Happiness,Happiness,0.358125537813621
0.0031274761777438653,Happiness,Joy,0.026374686643416002
0.0031274761777438653,Happiness,Pride,0.07109891548405513
0.0031274761777438653,Happiness,Sadness,0.008395964769702696
0.0031274761777438653,Happiness,Shame,0.051672976162892216
0.0031274761777438653,Joy,Boredom,0.010880907083178865
0.0031274761777438653,Joy,Fear,0.08473895769714085
0.0031274761777438653,Joy,Happiness,0.0775982145188882
0.0031274761777438653,Joy,Joy,0.3232279484752185
0.0031274761777438653,Joy,Pride,0.2590391562267338
0.0031274761777438653,Joy,Sadness,0.05102684084184777
0.0031274761777438653,Joy,Shame,0.19348797515699187
0.0031274761777438653,Pride,Boredom,0.05798681861654293
0.0031274761777438653,Pride,Fear,0.01975899252143559
0.0031274761777438653,Pride,Happiness,0.30189581898847423
0.0031274761777438653,Pride,Joy,0.11185639602853077
0.0031274761777438653,Pride,Pride,0.2578823272543012
0.0031274761777438653,Pride,Sadness,0.05079074965396116
0.0031274761777438653,Pride,Shame,0.19982889693675404
0.0031274761777438653,Sadness,Boredom,0.05646149828022538
0.0031274761777438653,Sadness,Fear,0.5483097993414591
0.0031274761777438653,Sadness,Happiness,0.05037097533299292
0.0031274761777438653,Sadness,Joy,0.06969316886038775
0.0031274761777438653,Sadness,Pride,0.061101150180765514
0.0031274761777438653,Sadness,Sadness,0.06378807491548405
0.0031274761777438653,Sadness,Shame,0.15027533308868504
0.0031274761777438653,Shame,Boredom,0.041991809612916466
0.0031274761777438653,Shame,Fear,0.02397940692621776
0.0031274761777438653,Shame,Happiness,0.22318593111980808
0.0031274761777438653,Shame,Joy,0.18936128051812862
0.0031274761777438653,Shame,Pride,0.24908412588203446
0.0031274761777438653,Shame,Sadness,0.038258625590229293
0.0031274761777438653,Shame,Shame,0.23413882035066516
0.003158441169807269,Boredom,Boredom,0.42453516665552327
0.003158441169807269,Boredom,Fear,0.03427095068693739
0.003158441169807269,Boredom,Happiness,0.19136549814160717
0.003158441169807269,Boredom,Joy,0.1588212861314359
0.003158441169807269,Boredom,Pride,0.08115614148911628
0.003158441169807269,Boredom,Sadness,0.00943491512775046
0.003158441169807269,Boredom,Shame,0.10041604176762958
0.003158441169807269,Fear,Boredom,0.005752731837471994
0.003158441169807269,Fear,Fear,0.6259354363229538
0.003158441169807269,Fear,Happiness,0.012972819657417142
0.003158441169807269,Fear,Joy,0.045406022532482326
0.003158441169807269,Fear,Pride,0.02136276050520352
0.003158441169807269,Fear,Sadness,0.17382551563524706
0.003158441169807269,Fear,Shame,0.11474471350922423
0.003158441169807269,Happiness,Boredom,0.478070503641976
0.003158441169807269,Happiness,Fear,0.006102619142850661
0.003158441169807269,Happiness,Happiness,0.3590362363352178
0.003158441169807269,Happiness,Joy,0.025243930323547485
0.003158441169807269,Happiness,Pride,0.07099777606949087
0.003158441169807269,Happiness,Sadness,0.008492301831847742
0.003158441169807269,Happiness,Shame,0.0520566326550697
0.003158441169807269,Joy,Boredom,0.010702045075374183
0.003158441169807269,Joy,Fear,0.08618702878567444
0.003158441169807269,Joy,Happiness,0.07660798371913996
0.003158441169807269,Joy,Joy,0.3258071998651024
0.003158441169807269,Joy,Pride,0.25780456219117415
0.003158441169807269,Joy,Sadness,0.05142506582133131
0.003158441169807269,Joy,Shame,0.19146611454220328
0.003158441169807269,Pride,Boredom,0.05736390979913778
0.003158441169807269,Pride,Fear,0.019697915426924804
0.003158441169807269,Pride,Happiness,0.303756138225187
0.003158441169807269,Pride,Joy,0.10768382927584516
0.003158441169807269,Pride,Pride,0.25889443539907225
0.003158441169807269,Pride,Sadness,0.051189846525186884
0.003158441169807269,Pride,Shame,0.20141392534864602
0.003158441169807269,Sadness,Boredom,0.05547047643959237
0.003158441169807269,Sadness,Fear,0.5607360742966062
0.003158441169807269,Sadness,Happiness,0.05025204296814391
0.003158441169807269,Sadness,Joy,0.0675322529509132
0.003158441169807269,Sadness,Pride,0.05760523155660119
0.003158441169807269,Sadness,Sadness,0.0628499002259681
0.003158441169807269,Sadness,Shame,0.14555402156217528
0.003158441169807269,Shame,Boredom,0.04198094384899172
0.003158441169807269,Shame,Fear,0.023935101141119474
0.003158441169807269,Shame,Happiness,0.22451858324759594
0.003158441169807269,Shame,Joy,0.18639582098622157
0.003158441169807269,Shame,Pride,0.2493227853970433
0.003158441169807269,Shame,Sadness,0.03879811159322149
0.003158441169807269,Shame,Shame,0.2350486537858064
0.0031015150100591788,Boredom,Boredom,0.28587646786362714
0.0031015150100591788,Boredom,Fear,0.0332276662095334
0.0031015150100591788,Boredom,Happiness,0.11966014239332362
0.0031015150100591788,Boredom,Joy,0.16447566696657345
0.0031015150100591788,Boredom,Pride,0.1104418045009196
0.0031015150100591788,Boredom,Sadness,0.01275890398956014
0.0031015150100591788,Boredom,Shame,0.27355934807646254
0.0031015150100591788,Fear,Boredom,0.009741101644402684
0.0031015150100591788,Fear,Fear,0.4401044913416853
0.0031015150100591788,Fear,Happiness,0.015092977394894309
0.0031015150100591788,Fear,Joy,0.06592855720918916
0.0031015150100591788,Fear,Pride,0.040036241057266844
0.0031015150100591788,Fear,Sadness,0.20646289789957578
0.0031015150100591788,Fear,Shame,0.22263373345298615
0.0031015150100591788,Happiness,Boredom,0.37140888496959434
0.0031015150100591788,Happiness,Fear,0.008705769715728269
0.0031015150100591788,Happiness,Happiness,0.36371213757021087
0.0031015150100591788,Happiness,Joy,0.04301212390039286
0.0031015150100591788,Happiness,Pride,0.09975321444528866
0.0031015150100591788,Happiness,Sadness,0.01278402557887103
0.0031015150100591788,Happiness,Shame,0.10062384381991367
0.0031015150100591788,Joy,Boredom,0.005565645853193043
0.0031015150100591788,Joy,Fear,0.06433043800821032
0.0031015150100591788,Joy,Happiness,0.04433074603573515
0.0031015150100591788,Joy,Joy,0.2667310045884713
0.0031015150100591788,Joy,Pride,0.2761567930776945
0.0031015150100591788,Joy,Sadness,0.04168412889462265
0.0031015150100591788,Joy,Shame,0.301201243542073
0.0031015150100591788,Pride,Boredom,0.04073933256492564
0.0031015150100591788,Pride,Fear,0.008392911935312948
0.0031015150100591788,Pride,Happiness,0.21937517791281042
0.0031015150100591788,Pride,Joy,0.11927193940003561
0.0031015150100591788,Pride,Pride,0.2712747522738928
0.0031015150100591788,Pride,Sadness,0.03985636624748074
0.0031015150100591788,Pride,Shame,0.3010895196655424
0.0031015150100591788,Sadness,Boredom,0.0634953932923526
0.0031015150100591788,Sadness,Fear,0.3609065679447691
0.0031015150100591788,Sadness,Happiness,0.04586100771736418
0.0031015150100591788,Sadness,Joy,0.09249802303426613
0.0031015150100591788,Sadness,Pride,0.09286483529242094
0.0031015150100591788,Sadness,Sadness,0.07272576433590239
0.0031015150100591788,Sadness,Shame,0.2716484083829243
0.0031015150100591788,Shame,Boredom,0.02731238221971401
0.0031015150100591788,Shame,Fear,0.011008365295654425
0.0031015150100591788,Shame,Happiness,0.12109403204510581
0.0031015150100591788,Shame,Joy,0.19604290290120335
0.0031015150100591788,Shame,Pride,0.27063646223526083
0.0031015150100591788,Shame,Sadness,0.028464082750090658
0.0031015150100591788,Shame,Shame,0.34544177255297115
0.0032660651925447526,Boredom,Boredom,0.40291641071593004
0.0032660651925447526,Boredom,Fear,0.03620522040885323
0.0032660651925447526,Boredom,Happiness,0.15977737266675318
0.0032660651925447526,Boredom,Joy,0.1726933553166978
0.0032660651925447526,Boredom,Pride,0.09203372009373538
0.0032660651925447526,Boredom,Sadness,0.012220667454734071
0.0032660651925447526,Boredom,Shame,0.12415325334329634
0.0032660651925447526,Fear,Boredom,0.007115879955719553
0.0032660651925447526,Fear,Fear,0.5309019066981735
0.0032660651925447526,Fear,Happiness,0.015181515522084608
0.0032660651925447526,Fear,Joy,0.05692968582598503
0.0032660651925447526,Fear,Pride,0.028587212401912657
0.0032660651925447526,Fear,Sadness,0.20495321183492823
0.0032660651925447526,Fear,Shame,0.15633058776119618
0.0032660651925447526,Happiness,Boredom,0.4439616918126606
0.0032660651925447526,Happiness,Fear,0.007952047199187856
0.0032660651925447526,Happiness,Happiness,0.3525502637368111
0.0032660651925447526,Happiness,Joy,0.031708634658971856
0.0032660651925447526,Happiness,Pride,0.08242488273777329
0.0032660651925447526,Happiness,Sadness,0.011304350578951535
0.0032660651925447526,Happiness,Shame,0.07009812927564381
0.0032660651925447526,Joy,Boredom,0.008770344442112329
0.0032660651925447526,Joy,Fear,0.08808928144070846
0.0032660651925447526,Joy,Happiness,0.059633312827612715
0.0032660651925447526,Joy,Joy,0.3068398352056553
0.0032660651925447526,Joy,Pride,0.25979854864937146
0.0032660651925447526,Joy,Sadness,0.051791741763022106
0.0032660651925447526,Joy,Shame,0.22507693567151793
0.0032660651925447526,Pride,Boredom,0.04924363528710685
0.0032660651925447526,Pride,Fear,0.01671674094892172
0.0032660651925447526,Pride,Happiness,0.2748970741617018
0.0032660651925447526,Pride,Joy,0.1100460987577457
0.0032660651925447526,Pride,Pride,0.26340974994065575
0.0032660651925447526,Pride,Sadness,0.0497462499636772
0.0032660651925447526,Pride,Shame,0.23594045094019123
0.0032660651925447526,Sadness,Boredom,0.057375154589262824
0.0032660651925447526,Sadness,Fear,0.4672027871245882
0.0032660651925447526,Sadness,Happiness,0.049800001056620184
0.0032660651925447526,Sadness,Joy,0.08205683775418848
0.0032660651925447526,Sadness,Pride,0.07541152324008524
0.0032660651925447526,Sadness,Sadness,0.0767894006441304
0.0032660651925447526,Sadness,Shame,0.19136429559112456
0.0032660651925447526,Shame,Boredom,0.03556538030469387
0.0032660651925447526,Shame,Fear,0.0197908629954429
0.0032660651925447526,Shame,Happiness,0.18813117977623273
0.0032660651925447526,Shame,Joy,0.2032964791178512
0.0032660651925447526,Shame,Pride,0.2523621077749233
0.0032660651925447526,Shame,Sadness,0.03796707209988949
0.0032660651925447526,Shame,Shame,0.2628869179309661
0.0030379471146729335,Boredom,Boredom,0.4129385637409495
0.0030379471146729335,Boredom,Fear,0.03313248365488335
0.0030379471146729335,Boredom,Happiness,0.19451222251644748
0.0030379471146729335,Boredom,Joy,0.15183827317325854
0.0030379471146729335,Boredom,Pride,0.08095776064543507
0.0030379471146729335,Boredom,Sadness,0.009564353986197338
0.0030379471146729335,Boredom,Shame,0.1170563422828286
0.0030379471146729335,Fear,Boredom,0.006570564384893863
0.0030379471146729335,Fear,Fear,0.600352293761743
0.0030379471146729335,Fear,Happiness,0.015625727252410754
0.0030379471146729335,Fear,Joy,0.04856308865126133
0.0030379471146729335,Fear,Pride,0.022759836801289422
0.0030379471146729335,Fear,Sadness,0.18469635835963227
0.0030379471146729335,Fear,Shame,0.12143213078876935
0.0030379471146729335,Happiness,Boredom,0.4773287300587513
0.0030379471146729335,Happiness,Fear,0.0065639359989332425
0.0030379471146729335,Happiness,Happiness,0.3501157779313972
0.0030379471146729335,Happiness,Joy,0.02931893813625828
0.0030379471146729335,Happiness,Pride,0.07188359455036292
0.0030379471146729335,Happiness,Sadness,0.00898749056103108
0.0030379471146729335,Happiness,Shame,0.05580153276326609
0.0030379471146729335,Joy,Boredom,0.011484595582286327
0.0030379471146729335,Joy,Fear,0.08234227943055171
0.0030379471146729335,Joy,Happiness,0.08566429579183078
0.0030379471146729335,Joy,Joy,0.31766478034526374
0.0030379471146729335,Joy,Pride,0.2590328513250916
0.0030379471146729335,Joy,Sadness,0.05228971875725107
0.0030379471146729335,Joy,Shame,0.19152147876772468
0.0030379471146729335,Pride,Boredom,0.06617605331368123
0.0030379471146729335,Pride,Fear,0.019444460755290667
0.0030379471146729335,Pride,Happiness,0.2948246034695294
0.0030379471146729335,Pride,Joy,0.11589444025264806
0.0030379471146729335,Pride,Pride,0.25366061139983576
0.0030379471146729335,Pride,Sadness,0.05033910232520584
0.0030379471146729335,Pride,Shame,0.19966072848380953
0.0030379471146729335,Sadness,Boredom,0.06874682157160374
0.0030379471146729335,Sadness,Fear,0.5298253095434653
0.0030379471146729335,Sadness,Happiness,0.05569163401747527
0.0030379471146729335,Sadness,Joy,0.07143077221254245
0.0030379471146729335,Sadness,Pride,0.06303924592484553
0.0030379471146729335,Sadness,Sadness,0.062075054919115115
0.0030379471146729335,Sadness,Shame,0.14919116181095274
0.0030379471146729335,Shame,Boredom,0.044210623353739056
0.0030379471146729335,Shame,Fear,0.023810058720854364
0.0030379471146729335,Shame,Happiness,0.22379952387032062
0.0030379471146729335,Shame,Joy,0.19205599273264523
0.0030379471146729335,Shame,Pride,0.2486911528559573
0.0030379471146729335,Shame,Sadness,0.03771664145410719
0.0030379471146729335,Shame,Shame,0.22971600701237635
0.003404425743487765,Boredom,Boredom,0.47224057986732787
0.003404425743487765,Boredom,Fear,0.026094395611970436
0.003404425743487765,Boredom,Happiness,0.10370602450632915
0.003404425743487765,Boredom,Joy,0.17832215704635795
0.003404425743487765,Boredom,Pride,0.08694903671007358
0.003404425743487765,Boredom,Sadness,0.00558625267435435
0.003404425743487765,Boredom,Shame,0.12710155358358668
0.003404425743487765,Fear,Boredom,0.002106213233769074
0.003404425743487765,Fear,Fear,0.9270361442022759
0.003404425743487765,Fear,Happiness,0.0011245721868590787
0.003404425743487765,Fear,Joy,0.007402685563423123
0.003404425743487765,Fear,Pride,0.004898689544063368
0.003404425743487765,Fear,Sadness,0.03021983245239295
0.003404425743487765,Fear,Shame,0.027211862817216655
0.003404425743487765,Happiness,Boredom,0.45129777259705184
0.003404425743487765,Happiness,Fear,0.0016717389705977546
0.003404425743487765,Happiness,Happiness,0.4648030663656772
0.003404425743487765,Happiness,Joy,0.0104564758535598
0.003404425743487765,Happiness,Pride,0.05345589231425809
0.003404425743487765,Happiness,Sadness,0.0022744485626762733
0.003404425743487765,Happiness,Shame,0.016040605336178872
0.003404425743487765,Joy,Boredom,0.004392712778678472
0.003404425743487765,Joy,Fear,0.08860644632690572
0.003404425743487765,Joy,Happiness,0.03447584748664562
0.003404425743487765,Joy,Joy,0.3092164197515345
0.003404425743487765,Joy,Pride,0.2778001251745821
0.003404425743487765,Joy,Sadness,0.02551405469647487
0.003404425743487765,Joy,Shame,0.25999439378517886
0.003404425743487765,Pride,Boredom,0.043114346419549573
0.003404425743487765,Pride,Fear,0.00560210132051123
0.003404425743487765,Pride,Happiness,0.3659536322669164
0.003404425743487765,Pride,Joy,0.06463937255027646
0.003404425743487765,Pride,Pride,0.26790685335018644
0.003404425743487765,Pride,Sadness,0.028742055624205346
0.003404425743487765,Pride,Shame,0.2240416384683541
0.003404425743487765,Sadness,Boredom,0.03567162030172106
0.003404425743487765,Sadness,Fear,0.7787373410178142
0.003404425743487765,Sadness,Happiness,0.02072508026369592
0.003404425743487765,Sadness,Joy,0.03228884908075709
0.003404425743487765,Sadness,Pride,0.033680765695002154
0.003404425743487765,Sadness,Sadness,0.015526243309037548
0.003404425743487765,Sadness,Shame,0.08337010033197192
0.003404425743487765,Shame,Boredom,0.027081052599292266
0.003404425743487765,Shame,Fear,0.008889094875108335
0.003404425743487765,Shame,Happiness,0.15811351298426868
0.003404425743487765,Shame,Joy,0.12252961955775887
0.003404425743487765,Shame,Pride,0.28255306521316675
0.003404425743487765,Shame,Sadness,0.018869693417094293
0.003404425743487765,Shame,Shame,0.3819639613533112
0.0032801376465358112,Boredom,Boredom,0.401904687609913
0.0032801376465358112,Boredom,Fear,0.036513298382753884
0.0032801376465358112,Boredom,Happiness,0.16008564294645078
0.0032801376465358112,Boredom,Joy,0.17371470309263168
0.0032801376465358112,Boredom,Pride,0.09169063298467217
0.0032801376465358112,Boredom,Sadness,0.012646051843085449
0.0032801376465358112,Boredom,Shame,0.12344498314049322
0.0032801376465358112,Fear,Boredom,0.007345272616281638
0.0032801376465358112,Fear,Fear,0.5171951776037828
0.0032801376465358112,Fear,Happiness,0.01587770536623074
0.0032801376465358112,Fear,Joy,0.05900249035830505
0.0032801376465358112,Fear,Pride,0.030338079886295125
0.0032801376465358112,Fear,Sadness,0.20732047787562474
0.0032801376465358112,Fear,Shame,0.16292079629347947
0.0032801376465358112,Happiness,Boredom,0.4448429673440936
0.0032801376465358112,Happiness,Fear,0.008435036616023303
0.0032801376465358112,Happiness,Happiness,0.3511811533870763
0.0032801376465358112,Happiness,Joy,0.0321900948238087
0.0032801376465358112,Happiness,Pride,0.08233366536198149
0.0032801376465358112,Happiness,Sadness,0.01153843674190301
0.0032801376465358112,Happiness,Shame,0.06947864572511372
0.0032801376465358112,Joy,Boredom,0.00906393688456059
0.0032801376465358112,Joy,Fear,0.08246250329837292
0.0032801376465358112,Joy,Happiness,0.061509586496651704
0.0032801376465358112,Joy,Joy,0.3099535463495569
0.0032801376465358112,Joy,Pride,0.2624407364072344
0.0032801376465358112,Joy,Sadness,0.05199397369887779
0.0032801376465358112,Joy,Shame,0.2225757168647457
0.0032801376465358112,Pride,Boredom,0.051202563126494065
0.0032801376465358112,Pride,Fear,0.01817011759448032
0.0032801376465358112,Pride,Happiness,0.2739252173039398
0.0032801376465358112,Pride,Joy,0.11262043311584627
0.0032801376465358112,Pride,Pride,0.26267556733503555
0.0032801376465358112,Pride,Sadness,0.04999210573429621
0.0032801376465358112,Pride,Shame,0.2314139957899073
0.0032801376465358112,Sadness,Boredom,0.057326457892616
0.0032801376465358112,Sadness,Fear,0.46180574156915116
0.0032801376465358112,Sadness,Happiness,0.052185240987125445
0.0032801376465358112,Sadness,Joy,0.08420927477498798
0.0032801376465358112,Sadness,Pride,0.0765798714239947
0.0032801376465358112,Sadness,Sadness,0.07300524001029415
0.0032801376465358112,Sadness,Shame,0.19488817334183106
0.0032801376465358112,Shame,Boredom,0.03710451049288416
0.0032801376465358112,Shame,Fear,0.02154623469484671
0.0032801376465358112,Shame,Happiness,0.1871784521938077
0.0032801376465358112,Shame,Joy,0.20685683518628384
0.0032801376465358112,Shame,Pride,0.2521035237501528
0.0032801376465358112,Shame,Sadness,0.03854663429614156
0.0032801376465358112,Shame,Shame,0.2566638093858834
0.003218223246963499,Boredom,Boredom,0.4158903853328642
0.003218223246963499,Boredom,Fear,0.035075422897322774
0.003218223246963499,Boredom,Happiness,0.16503061979217476
0.003218223246963499,Boredom,Joy,0.16898121086237056
0.003218223246963499,Boredom,Pride,0.08749784520812194
0.003218223246963499,Boredom,Sadness,0.010013645173483974
0.003218223246963499,Boredom,Shame,0.11751087073366163
0.003218223246963499,Fear,Boredom,0.005536137489531973
0.003218223246963499,Fear,Fear,0.6188579207078057
0.003218223246963499,Fear,Happiness,0.011078323197119022
0.003218223246963499,Fear,Joy,0.04558684449256642
0.003218223246963499,Fear,Pride,0.023051002186269844
0.003218223246963499,Fear,Sadness,0.16581842577850775
0.003218223246963499,Fear,Shame,0.13007134614819918
0.003218223246963499,Happiness,Boredom,0.4585273450426494
0.003218223246963499,Happiness,Fear,0.0059798135339778485
0.003218223246963499,Happiness,Happiness,0.37122832506125675
0.003218223246963499,Happiness,Joy,0.024994908541146388
0.003218223246963499,Happiness,Pride,0.07515873383334655
0.003218223246963499,Happiness,Sadness,0.008626022147201512
0.003218223246963499,Happiness,Shame,0.05548485184042154
0.003218223246963499,Joy,Boredom,0.008687366482809744
0.003218223246963499,Joy,Fear,0.09395221774922463
0.003218223246963499,Joy,Happiness,0.05886118171216354
0.003218223246963499,Joy,Joy,0.31514990009509614
0.003218223246963499,Joy,Pride,0.2583761240043813
0.003218223246963499,Joy,Sadness,0.049564314195476945
0.003218223246963499,Joy,Shame,0.21540889576084765
0.003218223246963499,Pride,Boredom,0.053124608006484435
0.003218223246963499,Pride,Fear,0.01650035129234047
0.003218223246963499,Pride,Happiness,0.2953803703171394
0.003218223246963499,Pride,Joy,0.09951233428049135
0.003218223246963499,Pride,Pride,0.2621241913444227
0.003218223246963499,Pride,Sadness,0.049385847144187554
0.003218223246963499,Pride,Shame,0.22397229761493354
0.003218223246963499,Sadness,Boredom,0.053193651818413026
0.003218223246963499,Sadness,Fear,0.5422119480909353
0.003218223246963499,Sadness,Happiness,0.04386570415650098
0.003218223246963499,Sadness,Joy,0.06911500108027635
0.003218223246963499,Sadness,Pride,0.06223834610256297
0.003218223246963499,Sadness,Sadness,0.06265909118748324
0.003218223246963499,Sadness,Shame,0.16671625756382788
0.003218223246963499,Shame,Boredom,0.03716640019566189
0.003218223246963499,Shame,Fear,0.02013360030196866
0.003218223246963499,Shame,Happiness,0.20096132649606857
0.003218223246963499,Shame,Joy,0.18815486114565189
0.003218223246963499,Shame,Pride,0.2517710836779944
0.003218223246963499,Shame,Sadness,0.03694731030566698
0.003218223246963499,Shame,Shame,0.26486541787698753
0.0031831878085528467,Boredom,Boredom,0.4519107808261898
0.0031831878085528467,Boredom,Fear,0.03304813241040577
0.0031831878085528467,Boredom,Happiness,0.19880188741593982
0.0031831878085528467,Boredom,Joy,0.15274952468675101
0.0031831878085528467,Boredom,Pride,0.07353679566934479
0.0031831878085528467,Boredom,Sadness,0.006206472868024828
0.0031831878085528467,Boredom,Shame,0.08374640612334425
0.0031831878085528467,Fear,Boredom,0.0032670751421475883
0.0031831878085528467,Fear,Fear,0.804887619800834
0.0031831878085528467,Fear,Happiness,0.006246873778706167
0.0031831878085528467,Fear,Joy,0.023244266903731832
0.0031831878085528467,Fear,Pride,0.010145409063229784
0.0031831878085528467,Fear,Sadness,0.09004559562206453
0.0031831878085528467,Fear,Shame,0.062163159689286145
0.0031831878085528467,Happiness,Boredom,0.5146118807520629
0.0031831878085528467,Happiness,Fear,0.0032601288425951713
0.0031831878085528467,Happiness,Happiness,0.37450319525417936
0.0031831878085528467,Happiness,Joy,0.015635770731575304
0.0031831878085528467,Happiness,Pride,0.056850438701547275
0.0031831878085528467,Happiness,Sadness,0.004903012166003818
0.0031831878085528467,Happiness,Shame,0.030235573552036526
0.0031831878085528467,Joy,Boredom,0.010496495683202219
0.0031831878085528467,Joy,Fear,0.10805507806595446
0.0031831878085528467,Joy,Happiness,0.07232267081126599
0.0031831878085528467,Joy,Joy,0.34837762548531187
0.0031831878085528467,Joy,Pride,0.2504228725012678
0.0031831878085528467,Joy,Sadness,0.046007470259002835
0.0031831878085528467,Joy,Shame,0.1643177871939948
0.0031831878085528467,Pride,Boredom,0.06445387638598953
0.0031831878085528467,Pride,Fear,0.019316897019837943
0.0031831878085528467,Pride,Happiness,0.3435568996740232
0.0031831878085528467,Pride,Joy,0.09489096496825851
0.0031831878085528467,Pride,Pride,0.25206507797466615
0.0031831878085528467,Pride,Sadness,0.05215065829426023
0.0031831878085528467,Pride,Shame,0.17356562568296424
0.0031831878085528467,Sadness,Boredom,0.048431565049533463
0.0031831878085528467,Sadness,Fear,0.7053877276939581
0.0031831878085528467,Sadness,Happiness,0.03609571567122045
0.0031831878085528467,Sadness,Joy,0.042580935905419504
0.0031831878085528467,Sadness,Pride,0.03658642003515431
0.0031831878085528467,Sadness,Sadness,0.03832615014140963
0.0031831878085528467,Sadness,Shame,0.09259148550330455
0.0031831878085528467,Shame,Boredom,0.044474436022950196
0.0031831878085528467,Shame,Fear,0.02537802239430495
0.0031831878085528467,Shame,Happiness,0.25018838667691307
0.0031831878085528467,Shame,Joy,0.1630500177647867
0.0031831878085528467,Shame,Pride,0.24816017750895733
0.0031831878085528467,Shame,Sadness,0.03990985139541561
0.0031831878085528467,Shame,Shame,0.2288391082366722
0.003437553083702021,Boredom,Boredom,0.44167151703346375
0.003437553083702021,Boredom,Fear,0.036105798069452466
0.003437553083702021,Boredom,Happiness,0.1262656522113957
0.003437553083702021,Boredom,Joy,0.18521619411011495
0.003437553083702021,Boredom,Pride,0.0923906755648634
0.003437553083702021,Boredom,Sadness,0.010605435994047858
0.003437553083702021,Boredom,Shame,0.10774472701666202
0.003437553083702021,Fear,Boredom,0.004371711372237285
0.003437553083702021,Fear,Fear,0.6983612682456792
0.003437553083702021,Fear,Happiness,0.006883269413996134
0.003437553083702021,Fear,Joy,0.03487822777818348
0.003437553083702021,Fear,Pride,0.018463827037798797
0.003437553083702021,Fear,Sadness,0.13294656099080604
0.003437553083702021,Fear,Shame,0.10409513516129935
0.003437553083702021,Happiness,Boredom,0.4594922448081449
0.003437553083702021,Happiness,Fear,0.004699992045571621
0.003437553083702021,Happiness,Happiness,0.3889720373471541
0.003437553083702021,Happiness,Joy,0.02138393740993033
0.003437553083702021,Happiness,Pride,0.07228598586247184
0.003437553083702021,Happiness,Sadness,0.006749699680782938
0.003437553083702021,Happiness,Shame,0.04641610284594448
0.003437553083702021,Joy,Boredom,0.008205710233857784
0.003437553083702021,Joy,Fear,0.09308843457899939
0.003437553083702021,Joy,Happiness,0.05252122901701253
0.003437553083702021,Joy,Joy,0.3144213294991796
0.003437553083702021,Joy,Pride,0.26413920975764793
0.003437553083702021,Joy,Sadness,0.04701392347151394
0.003437553083702021,Joy,Shame,0.22061016344178852
0.003437553083702021,Pride,Boredom,0.0527182695480215
0.003437553083702021,Pride,Fear,0.014701538482926407
0.003437553083702021,Pride,Happiness,0.30944126266376976
0.003437553083702021,Pride,Joy,0.08334133072555783
0.003437553083702021,Pride,Pride,0.26566351541387667
0.003437553083702021,Pride,Sadness,0.04774872528873007
0.003437553083702021,Pride,Shame,0.22638535787711775
0.003437553083702021,Sadness,Boredom,0.043547855978186764
0.003437553083702021,Sadness,Fear,0.6124687384111761
0.003437553083702021,Sadness,Happiness,0.03662050436049784
0.003437553083702021,Sadness,Joy,0.056247008659462
0.003437553083702021,Sadness,Pride,0.051800111669136346
0.003437553083702021,Sadness,Sadness,0.05156552337799828
0.003437553083702021,Sadness,Shame,0.14775025754354262
0.003437553083702021,Shame,Boredom,0.03700266268789381
0.003437553083702021,Shame,Fear,0.020218850304757553
0.003437553083702021,Shame,Happiness,0.21192851954438227
0.003437553083702021,Shame,Joy,0.14626905879071522
0.003437553083702021,Shame,Pride,0.26062284409990105
0.003437553083702021,Shame,Sadness,0.03410947902804124
0.003437553083702021,Shame,Shame,0.2898485855443094
0.0032659245551764572,Boredom,Boredom,0.4334322579741027
0.0032659245551764572,Boredom,Fear,0.03457578522678275
0.0032659245551764572,Boredom,Happiness,0.17902538984714292
0.0032659245551764572,Boredom,Joy,0.16824194086702288
0.0032659245551764572,Boredom,Pride,0.08260804856096723
0.0032659245551764572,Boredom,Sadness,0.008577430079539297
0.0032659245551764572,Boredom,Shame,0.09353914744444243
0.0032659245551764572,Fear,Boredom,0.0046587808920922616
0.0032659245551764572,Fear,Fear,0.6725735070125141
0.0032659245551764572,Fear,Happiness,0.009282336863832655
0.0032659245551764572,Fear,Joy,0.03898300920584707
0.0032659245551764572,Fear,Pride,0.018135043537733615
0.0032659245551764572,Fear,Sadness,0.15753560196631017
0.0032659245551764572,Fear,Shame,0.09883172052167055
0.0032659245551764572,Happiness,Boredom,0.48067056747131276
0.0032659245551764572,Happiness,Fear,0.005189942494536645
0.0032659245551764572,Happiness,Happiness,0.3673030878280504
0.0032659245551764572,Happiness,Joy,0.021885700352881433
0.0032659245551764572,Happiness,Pride,0.06955279834746315
0.0032659245551764572,Happiness,Sadness,0.007310556509868398
0.0032659245551764572,Happiness,Shame,0.048087346995887306
0.0032659245551764572,Joy,Boredom,0.009623408258597208
0.0032659245551764572,Joy,Fear,0.0941555158003432
0.0032659245551764572,Joy,Happiness,0.06423464055419335
0.0032659245551764572,Joy,Joy,0.33119397773137366
0.0032659245551764572,Joy,Pride,0.25633426856863645
0.0032659245551764572,Joy,Sadness,0.04978345298995235
0.0032659245551764572,Joy,Shame,0.19467473609690372
0.0032659245551764572,Pride,Boredom,0.056271256081564615
0.0032659245551764572,Pride,Fear,0.01830400404423784
0.0032659245551764572,Pride,Happiness,0.3120351106295091
0.0032659245551764572,Pride,Joy,0.09516693777438147
0.0032659245551764572,Pride,Pride,0.26144925727369406
0.0032659245551764572,Pride,Sadness,0.050573188152397294
0.0032659245551764572,Pride,Shame,0.20620024604421563
0.0032659245551764572,Sadness,Boredom,0.04727977925744483
0.0032659245551764572,Sadness,Fear,0.6017860129174293
0.0032659245551764572,Sadness,Happiness,0.04351223692908661
0.0032659245551764572,Sadness,Joy,0.06061233012536361
0.0032659245551764572,Sadness,Pride,0.05301665696421626
0.0032659245551764572,Sadness,Sadness,0.05908412398673522
0.0032659245551764572,Sadness,Shame,0.13470885981972408
0.0032659245551764572,Shame,Boredom,0.04072164019103841
0.0032659245551764572,Shame,Fear,0.022253035932278533
0.0032659245551764572,Shame,Happiness,0.225672840428444
0.0032659245551764572,Shame,Joy,0.17559105705869693
0.0032659245551764572,Shame,Pride,0.25001026361280465
0.0032659245551764572,Shame,Sadness,0.03646293663785564
0.0032659245551764572,Shame,Shame,0.24928822613888246
0.0031130162339955496,Boredom,Boredom,0.4260617016363253
0.0031130162339955496,Boredom,Fear,0.033647615378237475
0.0031130162339955496,Boredom,Happiness,0.19209949869771775
0.0031130162339955496,Boredom,Joy,0.15639205007343937
0.0031130162339955496,Boredom,Pride,0.08037120343250229
0.0031130162339955496,Boredom,Sadness,0.008830969426510677
0.0031130162339955496,Boredom,Shame,0.102596961355267
0.0031130162339955496,Fear,Boredom,0.005609078434551302
0.0031130162339955496,Fear,Fear,0.6272582439310617
0.0031130162339955496,Fear,Happiness,0.013219260037050533
0.0031130162339955496,Fear,Joy,0.04515353842057126
0.0031130162339955496,Fear,Pride,0.021504073602690306
0.0031130162339955496,Fear,Sadness,0.17339509726369126
0.0031130162339955496,Fear,Shame,0.1138607083103836
0.0031130162339955496,Happiness,Boredom,0.47921269861339083
0.0031130162339955496,Happiness,Fear,0.00587556224176492
0.0031130162339955496,Happiness,Happiness,0.35863642236394183
0.0031130162339955496,Happiness,Joy,0.02597810227521088
0.0031130162339955496,Happiness,Pride,0.07072095996872634
0.0031130162339955496,Happiness,Sadness,0.008105532008920372
0.0031130162339955496,Happiness,Shame,0.051470722528044764
0.0031130162339955496,Joy,Boredom,0.010623705874612586
0.0031130162339955496,Joy,Fear,0.0879967129198799
0.0031130162339955496,Joy,Happiness,0.08004643793624118
0.0031130162339955496,Joy,Joy,0.32121921968200906
0.0031130162339955496,Joy,Pride,0.25606550174458015
0.0031130162339955496,Joy,Sadness,0.050803282515036546
0.0031130162339955496,Joy,Shame,0.1932451393276408
0.0031130162339955496,Pride,Boredom,0.05893831949886365
0.0031130162339955496,Pride,Fear,0.018874943381269018
0.0031130162339955496,Pride,Happiness,0.30223692756890985
0.0031130162339955496,Pride,Joy,0.11033339168139769
0.0031130162339955496,Pride,Pride,0.2576788860187424
0.0031130162339955496,Pride,Sadness,0.049575093929175966
0.0031130162339955496,Pride,Shame,0.2023624379216412
0.0031130162339955496,Sadness,Boredom,0.05593701931574131
0.0031130162339955496,Sadness,Fear,0.5604943428468169
0.0031130162339955496,Sadness,Happiness,0.051798857974635446
0.0031130162339955496,Sadness,Joy,0.0675131981730867
0.0031130162339955496,Sadness,Pride,0.0578991036529512
0.0031130162339955496,Sadness,Sadness,0.06016037514958548
0.0031130162339955496,Sadness,Shame,0.14619710288718304
0.0031130162339955496,Shame,Boredom,0.04254265825164644
0.0031130162339955496,Shame,Fear,0.023056424594195497
0.0031130162339955496,Shame,Happiness,0.22237084690318573
0.0031130162339955496,Shame,Joy,0.18724342649724454
0.0031130162339955496,Shame,Pride,0.2489481866588994
0.0031130162339955496,Shame,Sadness,0.03669064167627107
0.0031130162339955496,Shame,Shame,0.23914781541855723
0.0032200797921234313,Boredom,Boredom,0.4309171760760464
0.0032200797921234313,Boredom,Fear,0.03461440694915656
0.0032200797921234313,Boredom,Happiness,0.18818243194194664
0.0032200797921234313,Boredom,Joy,0.1615874269905179
0.0032200797921234313,Boredom,Pride,0.0821517838162927
0.0032200797921234313,Boredom,Sadness,0.009220795926354807
0.0032200797921234313,Boredom,Shame,0.09332597829968532
0.0032200797921234313,Fear,Boredom,0.0054431178586818955
0.0032200797921234313,Fear,Fear,0.6399218748185848
0.0032200797921234313,Fear,Happiness,0.011789612694510544
0.0032200797921234313,Fear,Joy,0.04341504335540096
0.0032200797921234313,Fear,Pride,0.02073128122700307
0.0032200797921234313,Fear,Sadness,0.1678478182456004
0.0032200797921234313,Fear,Shame,0.11085125180021829
0.0032200797921234313,Happiness,Boredom,0.47987412792195
0.0032200797921234313,Happiness,Fear,0.005862940374091143
0.0032200797921234313,Happiness,Happiness,0.36107094874716034
0.0032200797921234313,Happiness,Joy,0.024084970440406122
0.0032200797921234313,Happiness,Pride,0.07060879661781477
0.0032200797921234313,Happiness,Sadness,0.008169482049930978
0.0032200797921234313,Happiness,Shame,0.05032873384864626
0.0032200797921234313,Joy,Boredom,0.010382282869494292
0.0032200797921234313,Joy,Fear,0.08749989926899097
0.0032200797921234313,Joy,Happiness,0.07380078843507093
0.0032200797921234313,Joy,Joy,0.3278600644502226
0.0032200797921234313,Joy,Pride,0.25772912450095253
0.0032200797921234313,Joy,Sadness,0.0509171829972855
0.0032200797921234313,Joy,Shame,0.19181065747798343
0.0032200797921234313,Pride,Boredom,0.05756158749667429
0.0032200797921234313,Pride,Fear,0.019529884625926492
0.0032200797921234313,Pride,Happiness,0.30667576413599307
0.0032200797921234313,Pride,Joy,0.10437028294434242
0.0032200797921234313,Pride,Pride,0.2597151730999728
0.0032200797921234313,Pride,Sadness,0.050729105086552026
0.0032200797921234313,Pride,Shame,0.20141820261053897
0.0032200797921234313,Sadness,Boredom,0.050410597234745745
0.0032200797921234313,Sadness,Fear,0.5763324190865814
0.0032200797921234313,Sadness,Happiness,0.04870737188193656
0.0032200797921234313,Sadness,Joy,0.06558857327835706
0.0032200797921234313,Sadness,Pride,0.05631117680423355
0.0032200797921234313,Sadness,Sadness,0.05980028281161322
0.0032200797921234313,Sadness,Shame,0.14284957890253275
0.0032200797921234313,Shame,Boredom,0.04244152475194591
0.0032200797921234313,Shame,Fear,0.023886983439274895
0.0032200797921234313,Shame,Happiness,0.2238226125011588
0.0032200797921234313,Shame,Joy,0.18431335938162932
0.0032200797921234313,Shame,Pride,0.24924868588373414
0.0032200797921234313,Shame,Sadness,0.038161576233584744
0.0032200797921234313,Shame,Shame,0.2381252578086717
0.003295756144031787,Boredom,Boredom,0.4398051464109292
0.003295756144031787,Boredom,Fear,0.03397016107439454
0.003295756144031787,Boredom,Happiness,0.14034916450054585
0.003295756144031787,Boredom,Joy,0.17841276547377422
0.003295756144031787,Boredom,Pride,0.09089493869719821
0.003295756144031787,Boredom,Sadness,0.00928473485246416
0.003295756144031787,Boredom,Shame,0.10728308899069379
0.003295756144031787,Fear,Boredom,0.004431154204796489
0.003295756144031787,Fear,Fear,0.6885325538645471
0.003295756144031787,Fear,Happiness,0.006709490222371411
0.003295756144031787,Fear,Joy,0.0360433867945574
0.003295756144031787,Fear,Pride,0.0196009773314043
0.003295756144031787,Fear,Sadness,0.14060955370479167
0.003295756144031787,Fear,Shame,0.10407288387753168
0.003295756144031787,Happiness,Boredom,0.45899742234021507
0.003295756144031787,Happiness,Fear,0.004510757668479058
0.003295756144031787,Happiness,Happiness,0.3907027228977911
0.003295756144031787,Happiness,Joy,0.021033573727171653
0.003295756144031787,Happiness,Pride,0.07230028147385915
0.003295756144031787,Happiness,Sadness,0.006355389444703745
0.003295756144031787,Happiness,Shame,0.04609985244778027
0.003295756144031787,Joy,Boredom,0.007903877302867955
0.003295756144031787,Joy,Fear,0.08260538596051319
0.003295756144031787,Joy,Happiness,0.05149995031387866
0.003295756144031787,Joy,Joy,0.31692202129234415
0.003295756144031787,Joy,Pride,0.2658341550320457
0.003295756144031787,Joy,Sadness,0.044757107445994364
0.003295756144031787,Joy,Shame,0.23047750265235584
0.003295756144031787,Pride,Boredom,0.051818259924848016
0.003295756144031787,Pride,Fear,0.013186663496740136
0.003295756144031787,Pride,Happiness,0.3072047677139457
0.003295756144031787,Pride,Joy,0.08334043679160971
0.003295756144031787,Pride,Pride,0.2667162771990402
0.003295756144031787,Pride,Sadness,0.04513471776302535
0.003295756144031787,Pride,Shame,0.232598877110791
0.003295756144031787,Sadness,Boredom,0.044152754288110906
0.003295756144031787,Sadness,Fear,0.6008803811939756
0.003295756144031787,Sadness,Happiness,0.037152923121979806
0.003295756144031787,Sadness,Joy,0.05861509232885405
0.003295756144031787,Sadness,Pride,0.05487365763867279
0.003295756144031787,Sadness,Sadness,0.05197095917858535
0.003295756144031787,Sadness,Shame,0.15235423224982128
0.003295756144031787,Shame,Boredom,0.035630841761117256
0.003295756144031787,Shame,Fear,0.016722506037585128
0.003295756144031787,Shame,Happiness,0.20226153579283182
0.003295756144031787,Shame,Joy,0.16088373830195546
0.003295756144031787,Shame,Pride,0.2586542807504736
0.003295756144031787,Shame,Sadness,0.030313440155292967
0.003295756144031787,Shame,Shame,0.29553365720074404
0.0030732103306964106,Boredom,Boredom,0.3718953040700112
0.0030732103306964106,Boredom,Fear,0.03430383562448024
0.0030732103306964106,Boredom,Happiness,0.1622998846272483
0.0030732103306964106,Boredom,Joy,0.1640072412898241
0.0030732103306964106,Boredom,Pride,0.0921153539102249
0.0030732103306964106,Boredom,Sadness,0.01228241559656807
0.0030732103306964106,Boredom,Shame,0.16309596488164274
0.0030732103306964106,Fear,Boredom,0.008244006742873119
0.0030732103306964106,Fear,Fear,0.4970633552030933
0.0030732103306964106,Fear,Happiness,0.017711600429846222
0.0030732103306964106,Fear,Joy,0.061682717072850037
0.0030732103306964106,Fear,Pride,0.03167466567882764
0.0030732103306964106,Fear,Sadness,0.21405814965792253
0.0030732103306964106,Fear,Shame,0.16956550521458671
0.0030732103306964106,Happiness,Boredom,0.4375043482063221
0.0030732103306964106,Happiness,Fear,0.008269461531409457
0.0030732103306964106,Happiness,Happiness,0.34755689360972536
0.0030732103306964106,Happiness,Joy,0.03826715504873593
0.0030732103306964106,Happiness,Pride,0.08339677563606226
0.0030732103306964106,Happiness,Sadness,0.011574459891465503
0.0030732103306964106,Happiness,Shame,0.07343090607627963
0.0030732103306964106,Joy,Boredom,0.009337280167971515
0.0030732103306964106,Joy,Fear,0.06942330555757459
0.0030732103306964106,Joy,Happiness,0.06671073988548219
0.0030732103306964106,Joy,Joy,0.30647079072057887
0.0030732103306964106,Joy,Pride,0.26711716748689396
0.0030732103306964106,Joy,Sadness,0.051134942336141576
0.0030732103306964106,Joy,Shame,0.22980577384535708
0.0030732103306964106,Pride,Boredom,0.055494246184655927
0.0030732103306964106,Pride,Fear,0.016247561045863824
0.0030732103306964106,Pride,Happiness,0.2614830431025502
0.0030732103306964106,Pride,Joy,0.12474575990515824
0.0030732103306964106,Pride,Pride,0.25928804583340087
0.0030732103306964106,Pride,Sadness,0.048179537479745016
0.0030732103306964106,Pride,Shame,0.23456180644862587
0.0030732103306964106,Sadness,Boredom,0.0670748836893996
0.0030732103306964106,Sadness,Fear,0.4351643464434369
0.0030732103306964106,Sadness,Happiness,0.05530747661529954
0.0030732103306964106,Sadness,Joy,0.08751529379185255
0.0030732103306964106,Sadness,Pride,0.08064752318746049
0.0030732103306964106,Sadness,Sadness,0.07262390733162252
0.0030732103306964106,Sadness,Shame,0.2016665689409285
0.0030732103306964106,Shame,Boredom,0.03784899786113844
0.0030732103306964106,Shame,Fear,0.01974185720864212
0.0030732103306964106,Shame,Happiness,0.18105597181574587
0.0030732103306964106,Shame,Joy,0.20866145906152364
0.0030732103306964106,Shame,Pride,0.2534722721799306
0.0030732103306964106,Shame,Sadness,0.036095915680853775
0.0030732103306964106,Shame,Shame,0.26312352619216567
0.003321926289234095,Boredom,Boredom,0.42842431570102674
0.003321926289234095,Boredom,Fear,0.03547337803615993
0.003321926289234095,Boredom,Happiness,0.18612339067485167
0.003321926289234095,Boredom,Joy,0.16895937852498893
0.003321926289234095,Boredom,Pride,0.08476978728412818
0.003321926289234095,Boredom,Sadness,0.010163811137881968
0.003321926289234095,Boredom,Shame,0.08608593864096273
0.003321926289234095,Fear,Boredom,0.005209979480129981
0.003321926289234095,Fear,Fear,0.6478331624696644
0.003321926289234095,Fear,Happiness,0.011421796313141474
0.003321926289234095,Fear,Joy,0.04238262461030709
0.003321926289234095,Fear,Pride,0.020222861405505093
0.003321926289234095,Fear,Sadness,0.16430155418750314
0.003321926289234095,Fear,Shame,0.10862802153374872
0.003321926289234095,Happiness,Boredom,0.47836932937859405
0.003321926289234095,Happiness,Fear,0.006275995465459308
0.003321926289234095,Happiness,Happiness,0.3578823661448277
0.003321926289234095,Happiness,Joy,0.024412712681161103
0.003321926289234095,Happiness,Pride,0.07180887028093093
0.003321926289234095,Happiness,Sadness,0.008943278746340363
0.003321926289234095,Happiness,Shame,0.05230744730268679
0.003321926289234095,Joy,Boredom,0.010478876509949886
0.003321926289234095,Joy,Fear,0.09082011485245499
0.003321926289234095,Joy,Happiness,0.07003311131920453
0.003321926289234095,Joy,Joy,0.32957020691415745
0.003321926289234095,Joy,Pride,0.25805041918054583
0.003321926289234095,Joy,Sadness,0.05225006572077254
0.003321926289234095,Joy,Shame,0.18879720550291507
0.003321926289234095,Pride,Boredom,0.05665973558562208
0.003321926289234095,Pride,Fear,0.020338367292965343
0.003321926289234095,Pride,Happiness,0.3059369710442086
0.003321926289234095,Pride,Joy,0.10245936455043761
0.003321926289234095,Pride,Pride,0.26074939228932464
0.003321926289234095,Pride,Sadness,0.05283046187374058
0.003321926289234095,Pride,Shame,0.20102570736370123
0.003321926289234095,Sadness,Boredom,0.04787669091999218
0.003321926289234095,Sadness,Fear,0.5844339513948418
0.003321926289234095,Sadness,Happiness,0.046845935723012364
0.003321926289234095,Sadness,Joy,0.06419592945897677
0.003321926289234095,Sadness,Pride,0.056238612383908045
0.003321926289234095,Sadness,Sadness,0.06099161906970906
0.003321926289234095,Sadness,Shame,0.1394172610495601
0.003321926289234095,Shame,Boredom,0.04211196875931813
0.003321926289234095,Shame,Fear,0.024633080598926892
0.003321926289234095,Shame,Happiness,0.22597021336353232
0.003321926289234095,Shame,Joy,0.18492522827112295
0.003321926289234095,Shame,Pride,0.24909235461172222
0.003321926289234095,Shame,Sadness,0.04063142714145987
0.003321926289234095,Shame,Shame,0.2326357272539177
0.003169369588370387,Boredom,Boredom,0.45226141781082696
0.003169369588370387,Boredom,Fear,0.03241692275300552
0.003169369588370387,Boredom,Happiness,0.2210385565885662
0.003169369588370387,Boredom,Joy,0.14268624275405936
0.003169369588370387,Boredom,Pride,0.07204617438141699
0.003169369588370387,Boredom,Sadness,0.006260797771463237
0.003169369588370387,Boredom,Shame,0.07328988794066187
0.003169369588370387,Fear,Boredom,0.002967528496798862
0.003169369588370387,Fear,Fear,0.8340892015290847
0.003169369588370387,Fear,Happiness,0.006451811962971877
0.003169369588370387,Fear,Joy,0.018999439064862893
0.003169369588370387,Fear,Pride,0.007808562241400518
0.003169369588370387,Fear,Sadness,0.08119858000235075
0.003169369588370387,Fear,Shame,0.04848487670253017
0.003169369588370387,Happiness,Boredom,0.5269765271608149
0.003169369588370387,Happiness,Fear,0.003653410734065624
0.003169369588370387,Happiness,Happiness,0.36293789607626536
0.003169369588370387,Happiness,Joy,0.016436012808393918
0.003169369588370387,Happiness,Pride,0.05636560050014617
0.003169369588370387,Happiness,Sadness,0.005166812852177514
0.003169369588370387,Happiness,Shame,0.028463739868135808
0.003169369588370387,Joy,Boredom,0.014201103602801671
0.003169369588370387,Joy,Fear,0.08983660501954739
0.003169369588370387,Joy,Happiness,0.09077921387503425
0.003169369588370387,Joy,Joy,0.3444833464209244
0.003169369588370387,Joy,Pride,0.26211341535762234
0.003169369588370387,Joy,Sadness,0.048004100597789846
0.003169369588370387,Joy,Shame,0.15058221512628014
0.003169369588370387,Pride,Boredom,0.06735533783726307
0.003169369588370387,Pride,Fear,0.022810596791718693
0.003169369588370387,Pride,Happiness,0.3472962304914059
0.003169369588370387,Pride,Joy,0.10206134576840432
0.003169369588370387,Pride,Pride,0.2505834795432245
0.003169369588370387,Pride,Sadness,0.05375758168977653
0.003169369588370387,Pride,Shame,0.1561354278782071
0.003169369588370387,Sadness,Boredom,0.05080206359948762
0.003169369588370387,Sadness,Fear,0.7346920400293003
0.003169369588370387,Sadness,Happiness,0.0348548011414991
0.003169369588370387,Sadness,Joy,0.036233746797346235
0.003169369588370387,Sadness,Pride,0.03285919018614844
0.003169369588370387,Sadness,Sadness,0.036576671634808
0.003169369588370387,Sadness,Shame,0.07398148661141007
0.003169369588370387,Shame,Boredom,0.04540626312503323
0.003169369588370387,Shame,Fear,0.029279066902448924
0.003169369588370387,Shame,Happiness,0.268868399075297
0.003169369588370387,Shame,Joy,0.16473350493534417
0.003169369588370387,Shame,Pride,0.2473556211721053
0.003169369588370387,Shame,Sadness,0.042274572940436454
0.003169369588370387,Shame,Shame,0.2020825718493349
0.0032482255129733196,Boredom,Boredom,0.43724636602752426
0.0032482255129733196,Boredom,Fear,0.03434054552705212
0.0032482255129733196,Boredom,Happiness,0.1778958079712949
0.0032482255129733196,Boredom,Joy,0.16717472888582713
0.0032482255129733196,Boredom,Pride,0.08281100896714547
0.0032482255129733196,Boredom,Sadness,0.008665375485406126
0.0032482255129733196,Boredom,Shame,0.09186616713574972
0.0032482255129733196,Fear,Boredom,0.00478070338297901
0.0032482255129733196,Fear,Fear,0.6688580080315043
0.0032482255129733196,Fear,Happiness,0.009245554852361879
0.0032482255129733196,Fear,Joy,0.039414564015530965
0.0032482255129733196,Fear,Pride,0.01941977860772558
0.0032482255129733196,Fear,Sadness,0.156289135375985
0.0032482255129733196,Fear,Shame,0.1019922557339129
0.0032482255129733196,Happiness,Boredom,0.4823735443580128
0.0032482255129733196,Happiness,Fear,0.005061187204674837
0.0032482255129733196,Happiness,Happiness,0.3699257787061398
0.0032482255129733196,Happiness,Joy,0.0211339071489978
0.0032482255129733196,Happiness,Pride,0.06863712540342097
0.0032482255129733196,Happiness,Sadness,0.007071508336168835
0.0032482255129733196,Happiness,Shame,0.04579694884258471
0.0032482255129733196,Joy,Boredom,0.009958934447824896
0.0032482255129733196,Joy,Fear,0.08401941720320515
0.0032482255129733196,Joy,Happiness,0.06395230968970987
0.0032482255129733196,Joy,Joy,0.33575694281841995
0.0032482255129733196,Joy,Pride,0.26034521221774315
0.0032482255129733196,Joy,Sadness,0.04993773396886858
0.0032482255129733196,Joy,Shame,0.19602944965422828
0.0032482255129733196,Pride,Boredom,0.05696976850003417
0.0032482255129733196,Pride,Fear,0.018714060756687446
0.0032482255129733196,Pride,Happiness,0.3138919709033802
0.0032482255129733196,Pride,Joy,0.0944251494584038
0.0032482255129733196,Pride,Pride,0.2613041292435887
0.0032482255129733196,Pride,Sadness,0.050538126598896164
0.0032482255129733196,Pride,Shame,0.20415679453900953
0.0032482255129733196,Sadness,Boredom,0.04758730774607899
0.0032482255129733196,Sadness,Fear,0.6003851942360385
0.0032482255129733196,Sadness,Happiness,0.04330983386582654
0.0032482255129733196,Sadness,Joy,0.0609539560853633
0.0032482255129733196,Sadness,Pride,0.053266683719406106
0.0032482255129733196,Sadness,Sadness,0.057683775207254796
0.0032482255129733196,Sadness,Shame,0.13681324914003196
0.0032482255129733196,Shame,Boredom,0.041241081291251154
0.0032482255129733196,Shame,Fear,0.022937114120491344
0.0032482255129733196,Shame,Happiness,0.2244463866626898
0.0032482255129733196,Shame,Joy,0.17491781272903015
0.0032482255129733196,Shame,Pride,0.25029390661403556
0.0032482255129733196,Shame,Sadness,0.03685132430184926
0.0032482255129733196,Shame,Shame,0.2493123742806529
0.0032212710960791307,Boredom,Boredom,0.3866933588618833
0.0032212710960791307,Boredom,Fear,0.035818940465718346
0.0032212710960791307,Boredom,Happiness,0.15982081687026936
0.0032212710960791307,Boredom,Joy,0.17065484520126392
0.0032212710960791307,Boredom,Pride,0.09157389091621213
0.0032212710960791307,Boredom,Sadness,0.012222838471016606
0.0032212710960791307,Boredom,Shame,0.1432153092136363
0.0032212710960791307,Fear,Boredom,0.0076167248871320346
0.0032212710960791307,Fear,Fear,0.5126891471338658
0.0032212710960791307,Fear,Happiness,0.016408460357920682
0.0032212710960791307,Fear,Joy,0.05985123341229206
0.0032212710960791307,Fear,Pride,0.029921245911082393
0.0032212710960791307,Fear,Sadness,0.2089194515018852
0.0032212710960791307,Fear,Shame,0.1645937367958216
0.0032212710960791307,Happiness,Boredom,0.4430020366305027
0.0032212710960791307,Happiness,Fear,0.008272080820334815
0.0032212710960791307,Happiness,Happiness,0.35032120090647706
0.0032212710960791307,Happiness,Joy,0.03358263488434276
0.0032212710960791307,Happiness,Pride,0.08255960248220523
0.0032212710960791307,Happiness,Sadness,0.011510137968480083
0.0032212710960791307,Happiness,Shame,0.07075230630765732
0.0032212710960791307,Joy,Boredom,0.00854179751950336
0.0032212710960791307,Joy,Fear,0.09659456491037113
0.0032212710960791307,Joy,Happiness,0.060953705956346325
0.0032212710960791307,Joy,Joy,0.30263949517404176
0.0032212710960791307,Joy,Pride,0.2557129153633309
0.0032212710960791307,Joy,Sadness,0.05164011322214909
0.0032212710960791307,Joy,Shame,0.22391740785425746
0.0032212710960791307,Pride,Boredom,0.05287650594175738
0.0032212710960791307,Pride,Fear,0.017097635642330192
0.0032212710960791307,Pride,Happiness,0.26978363642089087
0.0032212710960791307,Pride,Joy,0.11651824277747753
0.0032212710960791307,Pride,Pride,0.2604534062752148
0.0032212710960791307,Pride,Sadness,0.04947953596471779
0.0032212710960791307,Pride,Shame,0.2337910369776111
0.0032212710960791307,Sadness,Boredom,0.06372210553199155
0.0032212710960791307,Sadness,Fear,0.4492285309013511
0.0032212710960791307,Sadness,Happiness,0.05151999229471751
0.0032212710960791307,Sadness,Joy,0.08483191805758761
0.0032212710960791307,Sadness,Pride,0.07812820706459327
0.0032212710960791307,Sadness,Sadness,0.07630218872309723
0.0032212710960791307,Sadness,Shame,0.19626705742666128
0.0032212710960791307,Shame,Boredom,0.03634026381190601
0.0032212710960791307,Shame,Fear,0.020523822325545883
0.0032212710960791307,Shame,Happiness,0.1852593890902666
0.0032212710960791307,Shame,Joy,0.20717122179994626
0.0032212710960791307,Shame,Pride,0.2523535847601236
0.0032212710960791307,Shame,Sadness,0.037947552124236394
0.0032212710960791307,Shame,Shame,0.2604041660879757
0.00294893219606384,Boredom,Boredom,0.3318892213990894
0.00294893219606384,Boredom,Fear,0.035086932968573556
0.00294893219606384,Boredom,Happiness,0.16986472358920435
0.00294893219606384,Boredom,Joy,0.16679573585905508
0.00294893219606384,Boredom,Pride,0.09565112498295275
0.00294893219606384,Boredom,Sadness,0.013761842609811632
0.00294893219606384,Boredom,Shame,0.18695041859131295
0.00294893219606384,Fear,Boredom,0.010570300444229465
0.00294893219606384,Fear,Fear,0.4619705769351533
0.00294893219606384,Fear,Happiness,0.021463861999368766
0.00294893219606384,Fear,Joy,0.06608873776998178
0.00294893219606384,Fear,Pride,0.03327037375553977
0.00294893219606384,Fear,Sadness,0.22779334155059014
0.00294893219606384,Fear,Shame,0.1788428075451366
0.00294893219606384,Happiness,Boredom,0.4316158030568513
0.00294893219606384,Happiness,Fear,0.009110841492620354
0.00294893219606384,Happiness,Happiness,0.32959842424963115
0.00294893219606384,Happiness,Joy,0.04641675030384405
0.00294893219606384,Happiness,Pride,0.08360271715587053
0.00294893219606384,Happiness,Sadness,0.012236824437701754
0.00294893219606384,Happiness,Shame,0.08741863930348093
0.00294893219606384,Joy,Boredom,0.009463212933034697
0.00294893219606384,Joy,Fear,0.09664195882032965
0.00294893219606384,Joy,Happiness,0.06990153680322071
0.00294893219606384,Joy,Joy,0.29475353900806206
0.00294893219606384,Joy,Pride,0.257177011076146
0.00294893219606384,Joy,Sadness,0.05127587307455268
0.00294893219606384,Joy,Shame,0.2207868682846544
0.00294893219606384,Pride,Boredom,0.06297734219918577
0.00294893219606384,Pride,Fear,0.017732407145056774
0.00294893219606384,Pride,Happiness,0.25185864831561616
0.00294893219606384,Pride,Joy,0.1371436351162472
0.00294893219606384,Pride,Pride,0.25495229424603094
0.00294893219606384,Pride,Sadness,0.04935445464523327
0.00294893219606384,Pride,Shame,0.2259812183326302
0.00294893219606384,Sadness,Boredom,0.07549233177163525
0.00294893219606384,Sadness,Fear,0.4068253033908192
0.00294893219606384,Sadness,Happiness,0.0588230174712613
0.00294893219606384,Sadness,Joy,0.09353908369086851
0.00294893219606384,Sadness,Pride,0.0871787029218854
0.00294893219606384,Sadness,Sadness,0.07489451257739865
0.00294893219606384,Sadness,Shame,0.20324704817613187
0.00294893219606384,Shame,Boredom,0.04121190876480991
0.00294893219606384,Shame,Fear,0.021175816431066044
0.00294893219606384,Shame,Happiness,0.18347546918787602
0.00294893219606384,Shame,Joy,0.21620766542209827
0.00294893219606384,Shame,Pride,0.25132139085472344
0.00294893219606384,Shame,Sadness,0.036828803309467015
0.00294893219606384,Shame,Shame,0.24977894602995906
0.003125889134313568,Boredom,Boredom,0.47116313692162
0.003125889134313568,Boredom,Fear,0.030932581216224917
0.003125889134313568,Boredom,Happiness,0.17355694752447784
0.003125889134313568,Boredom,Joy,0.1605242026897486
0.003125889134313568,Boredom,Pride,0.07553328793283692
0.003125889134313568,Boredom,Sadness,0.005385398398212925
0.003125889134313568,Boredom,Shame,0.08290444531687881
0.003125889134313568,Fear,Boredom,0.0031410615793927114
0.003125889134313568,Fear,Fear,0.8120237475111094
0.003125889134313568,Fear,Happiness,0.0041502639346676536
0.003125889134313568,Fear,Joy,0.021808356400862424
0.003125889134313568,Fear,Pride,0.01103514707860048
0.003125889134313568,Fear,Sadness,0.08368373700094876
0.003125889134313568,Fear,Shame,0.06415768649441862
0.003125889134313568,Happiness,Boredom,0.5000859755415501
0.003125889134313568,Happiness,Fear,0.002600351312318181
0.003125889134313568,Happiness,Happiness,0.39597204864062396
0.003125889134313568,Happiness,Joy,0.014206591062107726
0.003125889134313568,Happiness,Pride,0.057202240252920256
0.003125889134313568,Happiness,Sadness,0.0036781517261647223
0.003125889134313568,Happiness,Shame,0.0262546414643151
0.003125889134313568,Joy,Boredom,0.007879054405746422
0.003125889134313568,Joy,Fear,0.10469717635842478
0.003125889134313568,Joy,Happiness,0.05797678461184553
0.003125889134313568,Joy,Joy,0.3355821298929183
0.003125889134313568,Joy,Pride,0.25469130688178876
0.003125889134313568,Joy,Sadness,0.04099275426869038
0.003125889134313568,Joy,Shame,0.1981807935805858
0.003125889134313568,Pride,Boredom,0.05930037677148676
0.003125889134313568,Pride,Fear,0.013108090544916047
0.003125889134313568,Pride,Happiness,0.34729560216949035
0.003125889134313568,Pride,Joy,0.08482327824751952
0.003125889134313568,Pride,Pride,0.25681126016111383
0.003125889134313568,Pride,Sadness,0.04420335188041031
0.003125889134313568,Pride,Shame,0.1944580402250634
0.003125889134313568,Sadness,Boredom,0.044380284007352104
0.003125889134313568,Sadness,Fear,0.7023709986717481
0.003125889134313568,Sadness,Happiness,0.03339414964437101
0.003125889134313568,Sadness,Joy,0.042855639167118424
0.003125889134313568,Sadness,Pride,0.03643719506618288
0.003125889134313568,Sadness,Sadness,0.03367508879001321
0.003125889134313568,Sadness,Shame,0.10688664465321361
0.003125889134313568,Shame,Boredom,0.039647002302464124
0.003125889134313568,Shame,Fear,0.017603351333210195
0.003125889134313568,Shame,Happiness,0.2219111899420852
0.003125889134313568,Shame,Joy,0.15547751503960283
0.003125889134313568,Shame,Pride,0.2544678442653543
0.003125889134313568,Shame,Sadness,0.02937718327047352
0.003125889134313568,Shame,Shame,0.2815159138468098
0.003292163958914637,Boredom,Boredom,0.4377299024596026
0.003292163958914637,Boredom,Fear,0.034378292865641556
0.003292163958914637,Boredom,Happiness,0.1717465325361709
0.003292163958914637,Boredom,Joy,0.17248725405881637
0.003292163958914637,Boredom,Pride,0.08406445551540784
0.003292163958914637,Boredom,Sadness,0.008661601068537587
0.003292163958914637,Boredom,Shame,0.09093196149582333
0.003292163958914637,Fear,Boredom,0.004445383352634567
0.003292163958914637,Fear,Fear,0.6847066876279414
0.003292163958914637,Fear,Happiness,0.008404691892669635
0.003292163958914637,Fear,Joy,0.037165689972301186
0.003292163958914637,Fear,Pride,0.019032730298314666
0.003292163958914637,Fear,Sadness,0.1499245944363427
0.003292163958914637,Fear,Shame,0.0963202224197957
0.003292163958914637,Happiness,Boredom,0.48225460815249027
0.003292163958914637,Happiness,Fear,0.00489736416569203
0.003292163958914637,Happiness,Happiness,0.3704489054155808
0.003292163958914637,Happiness,Joy,0.020936283061515473
0.003292163958914637,Happiness,Pride,0.06863235385198226
0.003292163958914637,Happiness,Sadness,0.006965543602791179
0.003292163958914637,Happiness,Shame,0.045864941749948054
0.003292163958914637,Joy,Boredom,0.009679996581123802
0.003292163958914637,Joy,Fear,0.08960526788342837
0.003292163958914637,Joy,Happiness,0.06239982760674536
0.003292163958914637,Joy,Joy,0.3338850023498758
0.003292163958914637,Joy,Pride,0.2588448595964182
0.003292163958914637,Joy,Sadness,0.04950875443258131
0.003292163958914637,Joy,Shame,0.1960762915498273
0.003292163958914637,Pride,Boredom,0.0577860705997775
0.003292163958914637,Pride,Fear,0.018112176211267053
0.003292163958914637,Pride,Happiness,0.3145260124162086
0.003292163958914637,Pride,Joy,0.09185344514249369
0.003292163958914637,Pride,Pride,0.261908697191192
0.003292163958914637,Pride,Sadness,0.05012558115421495
0.003292163958914637,Pride,Shame,0.20568801728484626
0.003292163958914637,Sadness,Boredom,0.04562820428335937
0.003292163958914637,Sadness,Fear,0.6145364731941063
0.003292163958914637,Sadness,Happiness,0.04258179921725532
0.003292163958914637,Sadness,Joy,0.05853551716264488
0.003292163958914637,Sadness,Pride,0.05145019850564339
0.003292163958914637,Sadness,Sadness,0.054493883543996306
0.003292163958914637,Sadness,Shame,0.1327739240929943
0.003292163958914637,Shame,Boredom,0.041230596814024564
0.003292163958914637,Shame,Fear,0.022270267305279888
0.003292163958914637,Shame,Happiness,0.22554336750054949
0.003292163958914637,Shame,Joy,0.17149673100555402
0.003292163958914637,Shame,Pride,0.2509827550016363
0.003292163958914637,Shame,Sadness,0.036128409021909745
0.003292163958914637,Shame,Shame,0.25234787335104614
0.002918436032747119,Boredom,Boredom,0.437909491596357
0.002918436032747119,Boredom,Fear,0.0324869074969367
0.002918436032747119,Boredom,Happiness,0.21177694977757097
0.002918436032747119,Boredom,Joy,0.13989831121374213
0.002918436032747119,Boredom,Pride,0.0751629334467155
0.002918436032747119,Boredom,Sadness,0.007498173077775807
0.002918436032747119,Boredom,Shame,0.09526723339090183
0.002918436032747119,Fear,Boredom,0.006079476707716592
0.002918436032747119,Fear,Fear,0.7166956088897762
0.002918436032747119,Fear,Happiness,0.011414454010495543
0.002918436032747119,Fear,Joy,0.03257698106719745
0.002918436032747119,Fear,Pride,0.014435308013612296
0.002918436032747119,Fear,Sadness,0.13288031257582578
0.002918436032747119,Fear,Shame,0.08591785873537583
0.002918436032747119,Happiness,Boredom,0.50730715540806
0.002918436032747119,Happiness,Fear,0.004786687325569357
0.002918436032747119,Happiness,Happiness,0.3578605977269757
0.002918436032747119,Happiness,Joy,0.02043314153818804
0.002918436032747119,Happiness,Pride,0.06178500179834791
0.002918436032747119,Happiness,Sadness,0.0065949034079304525
0.002918436032747119,Happiness,Shame,0.0412325127949286
0.002918436032747119,Joy,Boredom,0.010889144188527874
0.002918436032747119,Joy,Fear,0.18591364109313674
0.002918436032747119,Joy,Happiness,0.08357133661152073
0.002918436032747119,Joy,Joy,0.2734553149348158
0.002918436032747119,Joy,Pride,0.23620870647861222
0.002918436032747119,Joy,Sadness,0.049690830963277734
0.002918436032747119,Joy,Shame,0.1602710257301084
0.002918436032747119,Pride,Boredom,0.0835004606974299
0.002918436032747119,Pride,Fear,0.02113049126921201
0.002918436032747119,Pride,Happiness,0.3225476132114075
0.002918436032747119,Pride,Joy,0.10429635853360614
0.002918436032747119,Pride,Pride,0.24563052759166606
0.002918436032747119,Pride,Sadness,0.05233925850171768
0.002918436032747119,Pride,Shame,0.17055529019496055
0.002918436032747119,Sadness,Boredom,0.07079801432013375
0.002918436032747119,Sadness,Fear,0.6251099500332976
0.002918436032747119,Sadness,Happiness,0.04501032277758947
0.002918436032747119,Sadness,Joy,0.053774170180426774
0.002918436032747119,Sadness,Pride,0.04735401376992922
0.002918436032747119,Sadness,Sadness,0.05206341585488353
0.002918436032747119,Sadness,Shame,0.10589011306373945
0.002918436032747119,Shame,Boredom,0.0516115322905025
0.002918436032747119,Shame,Fear,0.02685039573639772
0.002918436032747119,Shame,Happiness,0.2504470933227017
0.002918436032747119,Shame,Joy,0.1737950479555869
0.002918436032747119,Shame,Pride,0.24617559612119103
0.002918436032747119,Shame,Sadness,0.04001272701100037
0.002918436032747119,Shame,Shame,0.2111076075626196
0.0030110928040827907,Boredom,Boredom,0.3910744263051977
0.0030110928040827907,Boredom,Fear,0.033699143886092096
0.0030110928040827907,Boredom,Happiness,0.1997813339868177
0.0030110928040827907,Boredom,Joy,0.1558756820803057
0.0030110928040827907,Boredom,Pride,0.08340086808665433
0.0030110928040827907,Boredom,Sadness,0.011077676999393554
0.0030110928040827907,Boredom,Shame,0.12509086865553878
0.0030110928040827907,Fear,Boredom,0.008685434912736635
0.0030110928040827907,Fear,Fear,0.5563879745826366
0.0030110928040827907,Fear,Happiness,0.01923286008644275
0.0030110928040827907,Fear,Joy,0.052794854740189266
0.0030110928040827907,Fear,Pride,0.024640400991159432
0.0030110928040827907,Fear,Sadness,0.20423304480043195
0.0030110928040827907,Fear,Shame,0.13402542988640287
0.0030110928040827907,Happiness,Boredom,0.47070356369372224
0.0030110928040827907,Happiness,Fear,0.008245490474614675
0.0030110928040827907,Happiness,Happiness,0.33675725243019994
0.0030110928040827907,Happiness,Joy,0.035609596170801554
0.0030110928040827907,Happiness,Pride,0.07479905567805963
0.0030110928040827907,Happiness,Sadness,0.01061128926983756
0.0030110928040827907,Happiness,Shame,0.06327375228276433
0.0030110928040827907,Joy,Boredom,0.011793783047577161
0.0030110928040827907,Joy,Fear,0.10652074229157982
0.0030110928040827907,Joy,Happiness,0.0837824823917142
0.0030110928040827907,Joy,Joy,0.30304638229920045
0.0030110928040827907,Joy,Pride,0.2541670524491776
0.0030110928040827907,Joy,Sadness,0.05345306044464023
0.0030110928040827907,Joy,Shame,0.18723649707611065
0.0030110928040827907,Pride,Boredom,0.07333763858153063
0.0030110928040827907,Pride,Fear,0.021273800550348148
0.0030110928040827907,Pride,Happiness,0.2845188405799501
0.0030110928040827907,Pride,Joy,0.12561057662153058
0.0030110928040827907,Pride,Pride,0.2504528860702621
0.0030110928040827907,Pride,Sadness,0.052269496470244134
0.0030110928040827907,Pride,Shame,0.19253676112613438
0.0030110928040827907,Sadness,Boredom,0.07865940171697844
0.0030110928040827907,Sadness,Fear,0.49611562580754004
0.0030110928040827907,Sadness,Happiness,0.055784681916836644
0.0030110928040827907,Sadness,Joy,0.07721383053707288
0.0030110928040827907,Sadness,Pride,0.06913378574607264
0.0030110928040827907,Sadness,Sadness,0.06978908770520176
0.0030110928040827907,Sadness,Shame,0.15330358657029722
0.0030110928040827907,Shame,Boredom,0.04660158816924309
0.0030110928040827907,Shame,Fear,0.025437953797437792
0.0030110928040827907,Shame,Happiness,0.22384683049114745
0.0030110928040827907,Shame,Joy,0.20116665402549114
0.0030110928040827907,Shame,Pride,0.247155711810028
0.0030110928040827907,Shame,Sadness,0.040300501193855524
0.0030110928040827907,Shame,Shame,0.21549076051279759
0.0032728260189569722,Boredom,Boredom,0.4739995062545979
0.0032728260189569722,Boredom,Fear,0.031218168536979334
0.0032728260189569722,Boredom,Happiness,0.18130566902703962
0.0032728260189569722,Boredom,Joy,0.16244995743697713
0.0032728260189569722,Boredom,Pride,0.07192361503504681
0.0032728260189569722,Boredom,Sadness,0.004522734543616276
0.0032728260189569722,Boredom,Shame,0.07458034916574287
0.0032728260189569722,Fear,Boredom,0.002501171021547604
0.0032728260189569722,Fear,Fear,0.8760471450475962
0.0032728260189569722,Fear,Happiness,0.0029649992486972697
0.0032728260189569722,Fear,Joy,0.01426350753508578
0.0032728260189569722,Fear,Pride,0.006061428504753341
0.0032728260189569722,Fear,Sadness,0.06321014348450525
0.0032728260189569722,Fear,Shame,0.03495160515781462
0.0032728260189569722,Happiness,Boredom,0.5283096974491668
0.0032728260189569722,Happiness,Fear,0.0021735196863838318
0.0032728260189569722,Happiness,Happiness,0.3797456297235626
0.0032728260189569722,Happiness,Joy,0.012578928993989415
0.0032728260189569722,Happiness,Pride,0.05118648802949154
0.0032728260189569722,Happiness,Sadness,0.003229933987625974
0.0032728260189569722,Happiness,Shame,0.022775802129779487
0.0032728260189569722,Joy,Boredom,0.009659809796772886
0.0032728260189569722,Joy,Fear,0.10465738857839642
0.0032728260189569722,Joy,Happiness,0.061627372283879454
0.0032728260189569722,Joy,Joy,0.36147337517135736
0.0032728260189569722,Joy,Pride,0.2539871271565195
0.0032728260189569722,Joy,Sadness,0.04301530437715136
0.0032728260189569722,Joy,Shame,0.16557962263592277
0.0032728260189569722,Pride,Boredom,0.06386124190751384
0.0032728260189569722,Pride,Fear,0.01604058420475857
0.0032728260189569722,Pride,Happiness,0.35964841342821835
0.0032728260189569722,Pride,Joy,0.08771117942294818
0.0032728260189569722,Pride,Pride,0.2513502702459045
0.0032728260189569722,Pride,Sadness,0.05041156783911242
0.0032728260189569722,Pride,Shame,0.1709767429515438
0.0032728260189569722,Sadness,Boredom,0.03981379527460327
0.0032728260189569722,Sadness,Fear,0.7772742315273573
0.0032728260189569722,Sadness,Happiness,0.029263933407833818
0.0032728260189569722,Sadness,Joy,0.031593394755086615
0.0032728260189569722,Sadness,Pride,0.027196770969286497
0.0032728260189569722,Sadness,Sadness,0.028157052938264922
0.0032728260189569722,Sadness,Shame,0.0667008211275679
0.0032728260189569722,Shame,Boredom,0.04407207493007488
0.0032728260189569722,Shame,Fear,0.02141544785049523
0.0032728260189569722,Shame,Happiness,0.24926340768106522
0.0032728260189569722,Shame,Joy,0.15159681054703028
0.0032728260189569722,Shame,Pride,0.2491230528519456
0.0032728260189569722,Shame,Sadness,0.03484719103984352
0.0032728260189569722,Shame,Shame,0.2496820150995453
0.0031428037765119307,Boredom,Boredom,0.39879607375071735
0.0031428037765119307,Boredom,Fear,0.03452164757757357
0.0031428037765119307,Boredom,Happiness,0.162180690332289
0.0031428037765119307,Boredom,Joy,0.16813129738936383
0.0031428037765119307,Boredom,Pride,0.09116750500004334
0.0031428037765119307,Boredom,Sadness,0.01224853041060539
0.0031428037765119307,Boredom,Shame,0.1329542555394074
0.0031428037765119307,Fear,Boredom,0.007628071045054178
0.0031428037765119307,Fear,Fear,0.505513519694014
0.0031428037765119307,Fear,Happiness,0.016608949242061025
0.0031428037765119307,Fear,Joy,0.06049072736763369
0.0031428037765119307,Fear,Pride,0.03114039521909986
0.0031428037765119307,Fear,Sadness,0.21019130123732963
0.0031428037765119307,Fear,Shame,0.16842703619480764
0.0031428037765119307,Happiness,Boredom,0.4394901746754863
0.0031428037765119307,Happiness,Fear,0.008136521248406968
0.0031428037765119307,Happiness,Happiness,0.35307289999203156
0.0031428037765119307,Happiness,Joy,0.03505638286552479
0.0031428037765119307,Happiness,Pride,0.08281942431119765
0.0031428037765119307,Happiness,Sadness,0.011304806652988499
0.0031428037765119307,Happiness,Shame,0.07011979025436435
0.0031428037765119307,Joy,Boredom,0.009388050119884297
0.0031428037765119307,Joy,Fear,0.06432411551719139
0.0031428037765119307,Joy,Happiness,0.0643121284755001
0.0031428037765119307,Joy,Joy,0.31070367680935806
0.0031428037765119307,Joy,Pride,0.26979321134478856
0.0031428037765119307,Joy,Sadness,0.05106711942618726
0.0031428037765119307,Joy,Shame,0.2304116983070903
0.0031428037765119307,Pride,Boredom,0.04912528498659649
0.0031428037765119307,Pride,Fear,0.01679587253029596
0.0031428037765119307,Pride,Happiness,0.2676563592107397
0.0031428037765119307,Pride,Joy,0.12016623275618307
0.0031428037765119307,Pride,Pride,0.2626198674276631
0.0031428037765119307,Pride,Sadness,0.04874022805990521
0.0031428037765119307,Pride,Shame,0.23489615502861658
0.0031428037765119307,Sadness,Boredom,0.058207843248981185
0.0031428037765119307,Sadness,Fear,0.44803855287108707
0.0031428037765119307,Sadness,Happiness,0.05316142193777193
0.0031428037765119307,Sadness,Joy,0.08591206372109257
0.0031428037765119307,Sadness,Pride,0.07916527375508726
0.0031428037765119307,Sadness,Sadness,0.07437542701054307
0.0031428037765119307,Sadness,Shame,0.20113941745543645
0.0031428037765119307,Shame,Boredom,0.03607719268156508
0.0031428037765119307,Shame,Fear,0.02030358601524505
0.0031428037765119307,Shame,Happiness,0.18170074683953166
0.0031428037765119307,Shame,Joy,0.2064291859493698
0.0031428037765119307,Shame,Pride,0.253766140480817
0.0031428037765119307,Shame,Sadness,0.037170431584326896
0.0031428037765119307,Shame,Shame,0.26455271644914463
0.003204339003811871,Boredom,Boredom,0.4211928583588332
0.003204339003811871,Boredom,Fear,0.034709976735768346
0.003204339003811871,Boredom,Happiness,0.1922157615239863
0.003204339003811871,Boredom,Joy,0.1593177925388211
0.003204339003811871,Boredom,Pride,0.08219872753013126
0.003204339003811871,Boredom,Sadness,0.009995740822128821
0.003204339003811871,Boredom,Shame,0.10036914249033092
0.003204339003811871,Fear,Boredom,0.00605329058591174
0.003204339003811871,Fear,Fear,0.618007449436493
0.003204339003811871,Fear,Happiness,0.01388622438526591
0.003204339003811871,Fear,Joy,0.04652258754459285
0.003204339003811871,Fear,Pride,0.021823627800256516
0.003204339003811871,Fear,Sadness,0.175717179039601
0.003204339003811871,Fear,Shame,0.11798964120787933
0.003204339003811871,Happiness,Boredom,0.476368866151552
0.003204339003811871,Happiness,Fear,0.006677382271087409
0.003204339003811871,Happiness,Happiness,0.3539184681305915
0.003204339003811871,Happiness,Joy,0.026966977677002728
0.003204339003811871,Happiness,Pride,0.07243572051806592
0.003204339003811871,Happiness,Sadness,0.0091999332995062
0.003204339003811871,Happiness,Shame,0.05443265195219379
0.003204339003811871,Joy,Boredom,0.011037425274021639
0.003204339003811871,Joy,Fear,0.08444391626504126
0.003204339003811871,Joy,Happiness,0.0768738673655285
0.003204339003811871,Joy,Joy,0.32538537666415773
0.003204339003811871,Joy,Pride,0.25946480578560116
0.003204339003811871,Joy,Sadness,0.05192308223706385
0.003204339003811871,Joy,Shame,0.1908715264085855
0.003204339003811871,Pride,Boredom,0.058538934751903846
0.003204339003811871,Pride,Fear,0.020357888870717305
0.003204339003811871,Pride,Happiness,0.29970205652664783
0.003204339003811871,Pride,Joy,0.110633893819957
0.003204339003811871,Pride,Pride,0.25809483335103267
0.003204339003811871,Pride,Sadness,0.051951989201185954
0.003204339003811871,Pride,Shame,0.20072040347855552
0.003204339003811871,Sadness,Boredom,0.05823266096199194
0.003204339003811871,Sadness,Fear,0.5534238805625078
0.003204339003811871,Sadness,Happiness,0.050127882092826655
0.003204339003811871,Sadness,Joy,0.06840057022087308
0.003204339003811871,Sadness,Pride,0.058610112580160245
0.003204339003811871,Sadness,Sadness,0.06391177477485573
0.003204339003811871,Sadness,Shame,0.14729311880678483
0.003204339003811871,Shame,Boredom,0.04254369225848306
0.003204339003811871,Shame,Fear,0.02464195080452599
0.003204339003811871,Shame,Happiness,0.22406506417891078
0.003204339003811871,Shame,Joy,0.19034460432836142
0.003204339003811871,Shame,Pride,0.24882833745225497
0.003204339003811871,Shame,Sadness,0.03970509392834224
0.003204339003811871,Shame,Shame,0.22987125704912115
0.0029944425552743677,Boredom,Boredom,0.326186785002904
0.0029944425552743677,Boredom,Fear,0.03684544404688573
0.0029944425552743677,Boredom,Happiness,0.17584690315281126
0.0029944425552743677,Boredom,Joy,0.16866751435949226
0.0029944425552743677,Boredom,Pride,0.09764807039003759
0.0029944425552743677,Boredom,Sadness,0.01548246281065408
0.0029944425552743677,Boredom,Shame,0.17932282023721507
0.0029944425552743677,Fear,Boredom,0.012330681734077408
0.0029944425552743677,Fear,Fear,0.4496591536250867
0.0029944425552743677,Fear,Happiness,0.023434659084538786
0.0029944425552743677,Fear,Joy,0.06623482282217967
0.0029944425552743677,Fear,Pride,0.0331293636900961
0.0029944425552743677,Fear,Sadness,0.24087692901195262
0.0029944425552743677,Fear,Shame,0.17433439003206905
0.0029944425552743677,Happiness,Boredom,0.4341318406849088
0.0029944425552743677,Happiness,Fear,0.010019107397675761
0.0029944425552743677,Happiness,Happiness,0.3141223146106064
0.0029944425552743677,Happiness,Joy,0.049577454780165287
0.0029944425552743677,Happiness,Pride,0.08302888336118827
0.0029944425552743677,Happiness,Sadness,0.013610354782253914
0.0029944425552743677,Happiness,Shame,0.09551004438320182
0.0029944425552743677,Joy,Boredom,0.01000005256689131
0.0029944425552743677,Joy,Fear,0.14039320740088276
0.0029944425552743677,Joy,Happiness,0.06988234896303724
0.0029944425552743677,Joy,Joy,0.27956392058112817
0.0029944425552743677,Joy,Pride,0.23830343553141495
0.0029944425552743677,Joy,Sadness,0.05562617601146446
0.0029944425552743677,Joy,Shame,0.206230858945181
0.0029944425552743677,Pride,Boredom,0.06767356344069951
0.0029944425552743677,Pride,Fear,0.019505429092543825
0.0029944425552743677,Pride,Happiness,0.2509668909480868
0.0029944425552743677,Pride,Joy,0.14211913153752853
0.0029944425552743677,Pride,Pride,0.2522531395748296
0.0029944425552743677,Pride,Sadness,0.052936183104883024
0.0029944425552743677,Pride,Shame,0.2145456623014284
0.0029944425552743677,Sadness,Boredom,0.07980345555237617
0.0029944425552743677,Sadness,Fear,0.3984918135660443
0.0029944425552743677,Sadness,Happiness,0.05825373178704524
0.0029944425552743677,Sadness,Joy,0.09483262268717946
0.0029944425552743677,Sadness,Pride,0.08685388933114117
0.0029944425552743677,Sadness,Sadness,0.08887391271150338
0.0029944425552743677,Sadness,Shame,0.1928905743647106
0.0029944425552743677,Shame,Boredom,0.044637342138854064
0.0029944425552743677,Shame,Fear,0.022783316286578925
0.0029944425552743677,Shame,Happiness,0.19019972489451556
0.0029944425552743677,Shame,Joy,0.22292323081350357
0.0029944425552743677,Shame,Pride,0.24808370361763507
0.0029944425552743677,Shame,Sadness,0.04098376999981474
0.0029944425552743677,Shame,Shame,0.23038891224909835
0.0031664578442149073,Boredom,Boredom,0.4168646730319066
0.0031664578442149073,Boredom,Fear,0.034426600041482805
0.0031664578442149073,Boredom,Happiness,0.19501279016343148
0.0031664578442149073,Boredom,Joy,0.15887524108922968
0.0031664578442149073,Boredom,Pride,0.08204343854759656
0.0031664578442149073,Boredom,Sadness,0.010160080491929667
0.0031664578442149073,Boredom,Shame,0.10261717663442331
0.0031664578442149073,Fear,Boredom,0.006084276530002284
0.0031664578442149073,Fear,Fear,0.6073512386515207
0.0031664578442149073,Fear,Happiness,0.015196958515727632
0.0031664578442149073,Fear,Joy,0.04803727785168555
0.0031664578442149073,Fear,Pride,0.02174768724899971
0.0031664578442149073,Fear,Sadness,0.1826569660246581
0.0031664578442149073,Fear,Shame,0.11892559517740571
0.0031664578442149073,Happiness,Boredom,0.4753750964389754
0.0031664578442149073,Happiness,Fear,0.007099755574762565
0.0031664578442149073,Happiness,Happiness,0.34803112634871824
0.0031664578442149073,Happiness,Joy,0.02949966348649577
0.0031664578442149073,Happiness,Pride,0.07337036128330061
0.0031664578442149073,Happiness,Sadness,0.009706143958077909
0.0031664578442149073,Happiness,Shame,0.05691785290966911
0.0031664578442149073,Joy,Boredom,0.011467685653020037
0.0031664578442149073,Joy,Fear,0.08460157859398303
0.0031664578442149073,Joy,Happiness,0.08112884414763061
0.0031664578442149073,Joy,Joy,0.3210402747587954
0.0031664578442149073,Joy,Pride,0.2597733840596883
0.0031664578442149073,Joy,Sadness,0.05225234420129674
0.0031664578442149073,Joy,Shame,0.18973588858558582
0.0031664578442149073,Pride,Boredom,0.05775654413191808
0.0031664578442149073,Pride,Fear,0.020557484498023
0.0031664578442149073,Pride,Happiness,0.29573415868522074
0.0031664578442149073,Pride,Joy,0.1163429093949823
0.0031664578442149073,Pride,Pride,0.2574599082149954
0.0031664578442149073,Pride,Sadness,0.05197084765849568
0.0031664578442149073,Pride,Shame,0.20017814741636467
0.0031664578442149073,Sadness,Boredom,0.06043824742400134
0.0031664578442149073,Sadness,Fear,0.5442696359109148
0.0031664578442149073,Sadness,Happiness,0.052203406650142344
0.0031664578442149073,Sadness,Joy,0.06994352095677055
0.0031664578442149073,Sadness,Pride,0.06007119507875457
0.0031664578442149073,Sadness,Sadness,0.06511413234471077
0.0031664578442149073,Sadness,Shame,0.14795986163470573
0.0031664578442149073,Shame,Boredom,0.04167875575437963
0.0031664578442149073,Shame,Fear,0.024685029743746888
0.0031664578442149073,Shame,Happiness,0.2246408415070799
0.0031664578442149073,Shame,Joy,0.19441042437631528
0.0031664578442149073,Shame,Pride,0.24878686419161067
0.0031664578442149073,Shame,Sadness,0.03974511171415902
0.0031664578442149073,Shame,Shame,0.22605297271270866
0.0032310346055655515,Boredom,Boredom,0.3638957293669329
0.0032310346055655515,Boredom,Fear,0.0354316942662722
0.0032310346055655515,Boredom,Happiness,0.12915494332121175
0.0032310346055655515,Boredom,Joy,0.16923172412374488
0.0032310346055655515,Boredom,Pride,0.09826541043479796
0.0032310346055655515,Boredom,Sadness,0.011920345694988838
0.0032310346055655515,Boredom,Shame,0.1921001527920517
0.0032310346055655515,Fear,Boredom,0.007062278630301283
0.0032310346055655515,Fear,Fear,0.539244626099762
0.0032310346055655515,Fear,Happiness,0.011602469806302066
0.0032310346055655515,Fear,Joy,0.05355651154025175
0.0032310346055655515,Fear,Pride,0.030932715218605612
0.0032310346055655515,Fear,Sadness,0.18160117408896337
0.0032310346055655515,Fear,Shame,0.17600022461581338
0.0032310346055655515,Happiness,Boredom,0.4053437290834036
0.0032310346055655515,Happiness,Fear,0.007414227821262838
0.0032310346055655515,Happiness,Happiness,0.37920164032216575
0.0032310346055655515,Happiness,Joy,0.03166375053155211
0.0032310346055655515,Happiness,Pride,0.08941925310203849
0.0032310346055655515,Happiness,Sadness,0.010933178251260776
0.0032310346055655515,Happiness,Shame,0.07602422088831617
0.0032310346055655515,Joy,Boredom,0.006486300187264589
0.0032310346055655515,Joy,Fear,0.08244970297784039
0.0032310346055655515,Joy,Happiness,0.04678552876662638
0.0032310346055655515,Joy,Joy,0.28278307706770067
0.0032310346055655515,Joy,Pride,0.26893278479584654
0.0032310346055655515,Joy,Sadness,0.04550999350806302
0.0032310346055655515,Joy,Shame,0.2670526126966581
0.0032310346055655515,Pride,Boredom,0.04361045099862747
0.0032310346055655515,Pride,Fear,0.011075829113650648
0.0032310346055655515,Pride,Happiness,0.25806944696110784
0.0032310346055655515,Pride,Joy,0.10034121491028801
0.0032310346055655515,Pride,Pride,0.2692046147661054
0.0032310346055655515,Pride,Sadness,0.04354142518757957
0.0032310346055655515,Pride,Shame,0.27415701806264076
0.0032310346055655515,Sadness,Boredom,0.0601742480990088
0.0032310346055655515,Sadness,Fear,0.45625564322186746
0.0032310346055655515,Sadness,Happiness,0.042153757067924506
0.0032310346055655515,Sadness,Joy,0.07894909271770917
0.0032310346055655515,Sadness,Pride,0.07182564178614356
0.0032310346055655515,Sadness,Sadness,0.0680828611739241
0.0032310346055655515,Sadness,Shame,0.22255875593342236
0.0032310346055655515,Shame,Boredom,0.028930787660041403
0.0032310346055655515,Shame,Fear,0.01371509870058876
0.0032310346055655515,Shame,Happiness,0.148619475589783
0.0032310346055655515,Shame,Joy,0.19622449993019248
0.0032310346055655515,Shame,Pride,0.26297926370891406
0.0032310346055655515,Shame,Sadness,0.03224797876256991
0.0032310346055655515,Shame,Shame,0.31728289564791007
0.0032048987003265054,Boredom,Boredom,0.4573085453439375
0.0032048987003265054,Boredom,Fear,0.03340631636203127
0.0032048987003265054,Boredom,Happiness,0.1993548300189272
0.0032048987003265054,Boredom,Joy,0.1529778928326522
0.0032048987003265054,Boredom,Pride,0.07364046952418947
0.0032048987003265054,Boredom,Sadness,0.0057215153635491985
0.0032048987003265054,Boredom,Shame,0.07759043055471315
0.0032048987003265054,Fear,Boredom,0.003099632590396003
0.0032048987003265054,Fear,Fear,0.8167441379835199
0.0032048987003265054,Fear,Happiness,0.005564984666969175
0.0032048987003265054,Fear,Joy,0.02170693455131925
0.0032048987003265054,Fear,Pride,0.009252773697957324
0.0032048987003265054,Fear,Sadness,0.08668514366007982
0.0032048987003265054,Fear,Shame,0.05694639284975868
0.0032048987003265054,Happiness,Boredom,0.5145151319121187
0.0032048987003265054,Happiness,Fear,0.0031299225176358255
0.0032048987003265054,Happiness,Happiness,0.3765152546276511
0.0032048987003265054,Happiness,Joy,0.015412264064229911
0.0032048987003265054,Happiness,Pride,0.05685894660343451
0.0032048987003265054,Happiness,Sadness,0.004561269386611628
0.0032048987003265054,Happiness,Shame,0.02900721088831831
0.0032048987003265054,Joy,Boredom,0.010019990767997488
0.0032048987003265054,Joy,Fear,0.11685215902998074
0.0032048987003265054,Joy,Happiness,0.07026125344016666
0.0032048987003265054,Joy,Joy,0.3436865059201718
0.0032048987003265054,Joy,Pride,0.24808573230671155
0.0032048987003265054,Joy,Sadness,0.04498873041940657
0.0032048987003265054,Joy,Shame,0.16610562811556523
0.0032048987003265054,Pride,Boredom,0.06396701683410204
0.0032048987003265054,Pride,Fear,0.018694903902119284
0.0032048987003265054,Pride,Happiness,0.34575226295665284
0.0032048987003265054,Pride,Joy,0.09409879072134696
0.0032048987003265054,Pride,Pride,0.2528310834382854
0.0032048987003265054,Pride,Sadness,0.05151790679753551
0.0032048987003265054,Pride,Shame,0.1731380353499582
0.0032048987003265054,Sadness,Boredom,0.0447026832284422
0.0032048987003265054,Sadness,Fear,0.7198534857786262
0.0032048987003265054,Sadness,Happiness,0.03467167507125772
0.0032048987003265054,Sadness,Joy,0.04058120587931069
0.0032048987003265054,Sadness,Pride,0.034496356312137814
0.0032048987003265054,Sadness,Sadness,0.036429485797686505
0.0032048987003265054,Sadness,Shame,0.08926510793253888
0.0032048987003265054,Shame,Boredom,0.0449280370514168
0.0032048987003265054,Shame,Fear,0.024483840374430164
0.0032048987003265054,Shame,Happiness,0.24907021051608072
0.0032048987003265054,Shame,Joy,0.16167350638676084
0.0032048987003265054,Shame,Pride,0.24774866460286524
0.0032048987003265054,Shame,Sadness,0.03758625947663206
0.0032048987003265054,Shame,Shame,0.23450948159181406
0.003060704997888054,Boredom,Boredom,0.4063495745785544
0.003060704997888054,Boredom,Fear,0.03404644484259872
0.003060704997888054,Boredom,Happiness,0.19536792478364198
0.003060704997888054,Boredom,Joy,0.15282629282298488
0.003060704997888054,Boredom,Pride,0.0818310157356126
0.003060704997888054,Boredom,Sadness,0.010192854120427378
0.003060704997888054,Boredom,Shame,0.1193858931161799
0.003060704997888054,Fear,Boredom,0.007044403075777118
0.003060704997888054,Fear,Fear,0.5927632298483831
0.003060704997888054,Fear,Happiness,0.01608847155791131
0.003060704997888054,Fear,Joy,0.0493725719962006
0.003060704997888054,Fear,Pride,0.02279030952695891
0.003060704997888054,Fear,Sadness,0.1876891962537323
0.003060704997888054,Fear,Shame,0.12425181774103723
0.003060704997888054,Happiness,Boredom,0.4751039349552067
0.003060704997888054,Happiness,Fear,0.006911469482461515
0.003060704997888054,Happiness,Happiness,0.34909196051782426
0.003060704997888054,Happiness,Joy,0.02979167159245114
0.003060704997888054,Happiness,Pride,0.07268531622051949
0.003060704997888054,Happiness,Sadness,0.009425676079481742
0.003060704997888054,Happiness,Shame,0.05698997115205482
0.003060704997888054,Joy,Boredom,0.011019547779470997
0.003060704997888054,Joy,Fear,0.09820332653609162
0.003060704997888054,Joy,Happiness,0.08183962192172256
0.003060704997888054,Joy,Joy,0.3132653010944653
0.003060704997888054,Joy,Pride,0.25420468523019707
0.003060704997888054,Joy,Sadness,0.052159604060765544
0.003060704997888054,Joy,Shame,0.18930791337728714
0.003060704997888054,Pride,Boredom,0.06841874403365626
0.003060704997888054,Pride,Fear,0.01994453188637998
0.003060704997888054,Pride,Happiness,0.2932201166602567
0.003060704997888054,Pride,Joy,0.11606964899163745
0.003060704997888054,Pride,Pride,0.2528622182149148
0.003060704997888054,Pride,Sadness,0.05097448514542872
0.003060704997888054,Pride,Shame,0.1985102550677262
0.003060704997888054,Sadness,Boredom,0.07260999731106685
0.003060704997888054,Sadness,Fear,0.5246240281796524
0.003060704997888054,Sadness,Happiness,0.05413898741623565
0.003060704997888054,Sadness,Joy,0.07232072268158558
0.003060704997888054,Sadness,Pride,0.062135405858377214
0.003060704997888054,Sadness,Sadness,0.06427080305873617
0.003060704997888054,Sadness,Shame,0.14990005549434557
0.003060704997888054,Shame,Boredom,0.04481067807208646
0.003060704997888054,Shame,Fear,0.024395055104125287
0.003060704997888054,Shame,Happiness,0.2238991128773031
0.003060704997888054,Shame,Joy,0.1930351291219178
0.003060704997888054,Shame,Pride,0.2483787964168363
0.003060704997888054,Shame,Sadness,0.038910274231514067
0.003060704997888054,Shame,Shame,0.22657095417621706
0.0033836372929346046,Boredom,Boredom,0.4475823460086306
0.0033836372929346046,Boredom,Fear,0.03420024516645055
0.0033836372929346046,Boredom,Happiness,0.12159145638795059
0.0033836372929346046,Boredom,Joy,0.18350410164185205
0.0033836372929346046,Boredom,Pride,0.09359353480949507
0.0033836372929346046,Boredom,Sadness,0.009923895447925548
0.0033836372929346046,Boredom,Shame,0.10960442053769578
0.0033836372929346046,Fear,Boredom,0.0038152975719629215
0.0033836372929346046,Fear,Fear,0.7335532850248191
0.0033836372929346046,Fear,Happiness,0.005247616476966464
0.0033836372929346046,Fear,Joy,0.03016609701374574
0.0033836372929346046,Fear,Pride,0.016812172958882265
0.0033836372929346046,Fear,Sadness,0.12449420510326642
0.0033836372929346046,Fear,Shame,0.0859113258503572
0.0033836372929346046,Happiness,Boredom,0.45883973110367493
0.0033836372929346046,Happiness,Fear,0.004106737747569857
0.0033836372929346046,Happiness,Happiness,0.39717064155835197
0.0033836372929346046,Happiness,Joy,0.020064851150313187
0.0033836372929346046,Happiness,Pride,0.07133201173044826
0.0033836372929346046,Happiness,Sadness,0.0057931345602162026
0.0033836372929346046,Happiness,Shame,0.04269289214942531
0.0033836372929346046,Joy,Boredom,0.007679008116990449
0.0033836372929346046,Joy,Fear,0.08238357866087047
0.0033836372929346046,Joy,Happiness,0.05130680690712034
0.0033836372929346046,Joy,Joy,0.3158273102368731
0.0033836372929346046,Joy,Pride,0.26637735672162266
0.0033836372929346046,Joy,Sadness,0.0427292904470545
0.0033836372929346046,Joy,Shame,0.23369664890946848
0.0033836372929346046,Pride,Boredom,0.05131951470913649
0.0033836372929346046,Pride,Fear,0.011558629285409785
0.0033836372929346046,Pride,Happiness,0.3121606316569896
0.0033836372929346046,Pride,Joy,0.08051093992858627
0.0033836372929346046,Pride,Pride,0.26697258041957206
0.0033836372929346046,Pride,Sadness,0.04395362597941772
0.0033836372929346046,Pride,Shame,0.23352407802088815
0.0033836372929346046,Sadness,Boredom,0.04158685628320243
0.0033836372929346046,Sadness,Fear,0.6374319377017282
0.0033836372929346046,Sadness,Happiness,0.034428951366202006
0.0033836372929346046,Sadness,Joy,0.0520997466427829
0.0033836372929346046,Sadness,Pride,0.05071880161431649
0.0033836372929346046,Sadness,Sadness,0.04638467586990276
0.0033836372929346046,Sadness,Shame,0.13734903052186526
0.0033836372929346046,Shame,Boredom,0.0355607700137405
0.0033836372929346046,Shame,Fear,0.01623592156930175
0.0033836372929346046,Shame,Happiness,0.2065916555790331
0.0033836372929346046,Shame,Joy,0.13632375456602186
0.0033836372929346046,Shame,Pride,0.2652123422249691
0.0033836372929346046,Shame,Sadness,0.02935691220563806
0.0033836372929346046,Shame,Shame,0.31071864384129516
0.0030567129682888593,Boredom,Boredom,0.34702146705590053
0.0030567129682888593,Boredom,Fear,0.035755265418672764
0.0030567129682888593,Boredom,Happiness,0.1718472999790225
0.0030567129682888593,Boredom,Joy,0.16740280843641345
0.0030567129682888593,Boredom,Pride,0.09335131815244652
0.0030567129682888593,Boredom,Sadness,0.014571143683986319
0.0030567129682888593,Boredom,Shame,0.17005069727355773
0.0030567129682888593,Fear,Boredom,0.010113892158263683
0.0030567129682888593,Fear,Fear,0.4634591159471167
0.0030567129682888593,Fear,Happiness,0.021776296414229797
0.0030567129682888593,Fear,Joy,0.06616802456966597
0.0030567129682888593,Fear,Pride,0.03285141978416881
0.0030567129682888593,Fear,Sadness,0.23180103316658257
0.0030567129682888593,Fear,Shame,0.17383021795997247
0.0030567129682888593,Happiness,Boredom,0.44197689357305514
0.0030567129682888593,Happiness,Fear,0.009776002888059736
0.0030567129682888593,Happiness,Happiness,0.32650550983455845
0.0030567129682888593,Happiness,Joy,0.04479529367654309
0.0030567129682888593,Happiness,Pride,0.08310903621106416
0.0030567129682888593,Happiness,Sadness,0.013136265250392272
0.0030567129682888593,Happiness,Shame,0.08070099856632752
0.0030567129682888593,Joy,Boredom,0.00943850729889695
0.0030567129682888593,Joy,Fear,0.11030590474353134
0.0030567129682888593,Joy,Happiness,0.06875504075997999
0.0030567129682888593,Joy,Joy,0.2943923480151628
0.0030567129682888593,Joy,Pride,0.2521813744232703
0.0030567129682888593,Joy,Sadness,0.05354696331983023
0.0030567129682888593,Joy,Shame,0.21137986143932813
0.0030567129682888593,Pride,Boredom,0.06238010241239726
0.0030567129682888593,Pride,Fear,0.01922264351216898
0.0030567129682888593,Pride,Happiness,0.2562229142312879
0.0030567129682888593,Pride,Joy,0.1367865424930351
0.0030567129682888593,Pride,Pride,0.2543374547728986
0.0030567129682888593,Pride,Sadness,0.05169206512704259
0.0030567129682888593,Pride,Shame,0.2193582774511697
0.0030567129682888593,Sadness,Boredom,0.07720448027073439
0.0030567129682888593,Sadness,Fear,0.41235531036929746
0.0030567129682888593,Sadness,Happiness,0.0575682258277933
0.0030567129682888593,Sadness,Joy,0.09303447654788677
0.0030567129682888593,Sadness,Pride,0.08458669269051187
0.0030567129682888593,Sadness,Sadness,0.0788356494798155
0.0030567129682888593,Sadness,Shame,0.1964151648139609
0.0030567129682888593,Shame,Boredom,0.04115553757646365
0.0030567129682888593,Shame,Fear,0.022637139072431724
0.0030567129682888593,Shame,Happiness,0.1892056251426138
0.0030567129682888593,Shame,Joy,0.22041994110386032
0.0030567129682888593,Shame,Pride,0.24985523583751518
0.0030567129682888593,Shame,Sadness,0.04016029113467849
0.0030567129682888593,Shame,Shame,0.23656623013243686
0.0030910779914843987,Boredom,Boredom,0.41485619462694173
0.0030910779914843987,Boredom,Fear,0.03333373874905532
0.0030910779914843987,Boredom,Happiness,0.17161206521030797
0.0030910779914843987,Boredom,Joy,0.16373087944552778
0.0030910779914843987,Boredom,Pride,0.08558272483665462
0.0030910779914843987,Boredom,Sadness,0.009444438077337993
0.0030910779914843987,Boredom,Shame,0.12143995905417442
0.0030910779914843987,Fear,Boredom,0.005903918295766035
0.0030910779914843987,Fear,Fear,0.6015372467774412
0.0030910779914843987,Fear,Happiness,0.012389041820736734
0.0030910779914843987,Fear,Joy,0.048087875993268095
0.0030910779914843987,Fear,Pride,0.02351042816620605
0.0030910779914843987,Fear,Sadness,0.17546870010248794
0.0030910779914843987,Fear,Shame,0.13310278884409385
0.0030910779914843987,Happiness,Boredom,0.45794954972218244
0.0030910779914843987,Happiness,Fear,0.006026021378674198
0.0030910779914843987,Happiness,Happiness,0.36863633059128503
0.0030910779914843987,Happiness,Joy,0.02653510202392544
0.0030910779914843987,Happiness,Pride,0.07522964361552721
0.0030910779914843987,Happiness,Sadness,0.008510238682854082
0.0030910779914843987,Happiness,Shame,0.05711311398555132
0.0030910779914843987,Joy,Boredom,0.009035345558763569
0.0030910779914843987,Joy,Fear,0.0797174124623192
0.0030910779914843987,Joy,Happiness,0.06518906533233598
0.0030910779914843987,Joy,Joy,0.31719877333594565
0.0030910779914843987,Joy,Pride,0.2628895348851458
0.0030910779914843987,Joy,Sadness,0.04883147068105477
0.0030910779914843987,Joy,Shame,0.21713839774443539
0.0030910779914843987,Pride,Boredom,0.05458085541446856
0.0030910779914843987,Pride,Fear,0.015929850271294854
0.0030910779914843987,Pride,Happiness,0.2916238045416386
0.0030910779914843987,Pride,Joy,0.10605993032185601
0.0030910779914843987,Pride,Pride,0.260727702847206
0.0030910779914843987,Pride,Sadness,0.04755627297110764
0.0030910779914843987,Pride,Shame,0.22352158363242858
0.0030910779914843987,Sadness,Boredom,0.05548339495321073
0.0030910779914843987,Sadness,Fear,0.5259041559350051
0.0030910779914843987,Sadness,Happiness,0.04807595924263823
0.0030910779914843987,Sadness,Joy,0.0723507694837682
0.0030910779914843987,Sadness,Pride,0.06478842016724304
0.0030910779914843987,Sadness,Sadness,0.06318383253494177
0.0030910779914843987,Sadness,Shame,0.17021346768319306
0.0030910779914843987,Shame,Boredom,0.0381228755941605
0.0030910779914843987,Shame,Fear,0.019385514923753226
0.0030910779914843987,Shame,Happiness,0.20073238928066037
0.0030910779914843987,Shame,Joy,0.1913291895700797
0.0030910779914843987,Shame,Pride,0.25215856381510354
0.0030910779914843987,Shame,Sadness,0.034248481819750286
0.0030910779914843987,Shame,Shame,0.26402298499649285
0.003434035259248978,Boredom,Boredom,0.4113095483591621
0.003434035259248978,Boredom,Fear,0.037613288409306805
0.003434035259248978,Boredom,Happiness,0.15482322141148336
0.003434035259248978,Boredom,Joy,0.1829503774022918
0.003434035259248978,Boredom,Pride,0.0936084719835405
0.003434035259248978,Boredom,Sadness,0.013865196252724865
0.003434035259248978,Boredom,Shame,0.10582989618149068
0.003434035259248978,Fear,Boredom,0.006933543528534972
0.003434035259248978,Fear,Fear,0.5392137141406986
0.003434035259248978,Fear,Happiness,0.0141209540188454
0.003434035259248978,Fear,Joy,0.05587380665730778
0.003434035259248978,Fear,Pride,0.028346554939206372
0.003434035259248978,Fear,Sadness,0.2007581678719893
0.003434035259248978,Fear,Shame,0.15475325884341765
0.003434035259248978,Happiness,Boredom,0.44950835687071017
0.003434035259248978,Happiness,Fear,0.008257212116638494
0.003434035259248978,Happiness,Happiness,0.3526947186216309
0.003434035259248978,Happiness,Joy,0.02949706851622702
0.003434035259248978,Happiness,Pride,0.0813038320617972
0.003434035259248978,Happiness,Sadness,0.011733238754858768
0.003434035259248978,Happiness,Shame,0.06700557305813724
0.003434035259248978,Joy,Boredom,0.009105334603481202
0.003434035259248978,Joy,Fear,0.0901099938693409
0.003434035259248978,Joy,Happiness,0.05747266220529535
0.003434035259248978,Joy,Joy,0.3103767130210655
0.003434035259248978,Joy,Pride,0.2611759971558111
0.003434035259248978,Joy,Sadness,0.054426994750826796
0.003434035259248978,Joy,Shame,0.21733230439417897
0.003434035259248978,Pride,Boredom,0.05120663644950774
0.003434035259248978,Pride,Fear,0.0194922649047578
0.003434035259248978,Pride,Happiness,0.28193364358179684
0.003434035259248978,Pride,Joy,0.09818622323433085
0.003434035259248978,Pride,Pride,0.26588358230895726
0.003434035259248978,Pride,Sadness,0.05316563662743052
0.003434035259248978,Pride,Shame,0.23013201289321913
0.003434035259248978,Sadness,Boredom,0.05373465264916516
0.003434035259248978,Sadness,Fear,0.4833129083277446
0.003434035259248978,Sadness,Happiness,0.04909722120561787
0.003434035259248978,Sadness,Joy,0.07975532243292328
0.003434035259248978,Sadness,Pride,0.07182813072311978
0.003434035259248978,Sadness,Sadness,0.07647044911072218
0.003434035259248978,Sadness,Shame,0.18580131555070653
0.003434035259248978,Shame,Boredom,0.03720016752633179
0.003434035259248978,Shame,Fear,0.022496157849960122
0.003434035259248978,Shame,Happiness,0.19748566217634678
0.003434035259248978,Shame,Joy,0.19693551814152246
0.003434035259248978,Shame,Pride,0.2519211672401189
0.003434035259248978,Shame,Sadness,0.04166097753002859
0.003434035259248978,Shame,Shame,0.25230034953569086
0.0030057639621674584,Boredom,Boredom,0.39769871168838844
0.0030057639621674584,Boredom,Fear,0.033150420674287966
0.0030057639621674584,Boredom,Happiness,0.1741423062616035
0.0030057639621674584,Boredom,Joy,0.1608229100787942
0.0030057639621674584,Boredom,Pride,0.08595604185663676
0.0030057639621674584,Boredom,Sadness,0.009836933912894339
0.0030057639621674584,Boredom,Shame,0.1383926755273945
0.0030057639621674584,Fear,Boredom,0.00656771174017097
0.0030057639621674584,Fear,Fear,0.574670082087699
0.0030057639621674584,Fear,Happiness,0.014267483750014017
0.0030057639621674584,Fear,Joy,0.05194215614702716
0.0030057639621674584,Fear,Pride,0.02575204611383368
0.0030057639621674584,Fear,Sadness,0.18394382030188086
0.0030057639621674584,Fear,Shame,0.14285669985937424
0.0030057639621674584,Happiness,Boredom,0.45695209092294187
0.0030057639621674584,Happiness,Fear,0.006441673523579592
0.0030057639621674584,Happiness,Happiness,0.36420115530303765
0.0030057639621674584,Happiness,Joy,0.02859883273752803
0.0030057639621674584,Happiness,Pride,0.0758101034867934
0.0030057639621674584,Happiness,Sadness,0.008946834075872162
0.0030057639621674584,Happiness,Shame,0.05904930995024722
0.0030057639621674584,Joy,Boredom,0.009227636062149623
0.0030057639621674584,Joy,Fear,0.0847339887133719
0.0030057639621674584,Joy,Happiness,0.06966864873866059
0.0030057639621674584,Joy,Joy,0.31267192413933115
0.0030057639621674584,Joy,Pride,0.25969475773078754
0.0030057639621674584,Joy,Sadness,0.0493338224308088
0.0030057639621674584,Joy,Shame,0.21466922218489043
0.0030057639621674584,Pride,Boredom,0.05885313648569235
0.0030057639621674584,Pride,Fear,0.016562080185996784
0.0030057639621674584,Pride,Happiness,0.286738169676284
0.0030057639621674584,Pride,Joy,0.11189412507693688
0.0030057639621674584,Pride,Pride,0.25798435903943867
0.0030057639621674584,Pride,Sadness,0.04750421215008019
0.0030057639621674584,Pride,Shame,0.2204639173855715
0.0030057639621674584,Sadness,Boredom,0.06327683041587949
0.0030057639621674584,Sadness,Fear,0.5004586729393162
0.0030057639621674584,Sadness,Happiness,0.0523562297178678
0.0030057639621674584,Sadness,Joy,0.07641271806801737
0.0030057639621674584,Sadness,Pride,0.06907673845424128
0.0030057639621674584,Sadness,Sadness,0.06299296776787658
0.0030057639621674584,Sadness,Shame,0.1754258426368013
0.0030057639621674584,Shame,Boredom,0.038984133553619654
0.0030057639621674584,Shame,Fear,0.02024572220860233
0.0030057639621674584,Shame,Happiness,0.20060960718779727
0.0030057639621674584,Shame,Joy,0.19515902825499817
0.0030057639621674584,Shame,Pride,0.25199988645114557
0.0030057639621674584,Shame,Sadness,0.034505725734436526
0.0030057639621674584,Shame,Shame,0.25849589660940037
0.0033455023344883565,Boredom,Boredom,0.46842030415133895
0.0033455023344883565,Boredom,Fear,0.032335781218547376
0.0033455023344883565,Boredom,Happiness,0.1765181368619505
0.0033455023344883565,Boredom,Joy,0.1692232557330816
0.0033455023344883565,Boredom,Pride,0.07403378645365716
0.0033455023344883565,Boredom,Sadness,0.004938860341749001
0.0033455023344883565,Boredom,Shame,0.07452987523967519
0.0033455023344883565,Fear,Boredom,0.002345676774649674
0.0033455023344883565,Fear,Fear,0.8763530869784002
0.0033455023344883565,Fear,Happiness,0.00291641638067923
0.0033455023344883565,Fear,Joy,0.014215320892776735
0.0033455023344883565,Fear,Pride,0.00615876259683823
0.0033455023344883565,Fear,Sadness,0.0625192462890966
0.0033455023344883565,Fear,Shame,0.03549149008755955
0.0033455023344883565,Happiness,Boredom,0.5067561381625774
0.0033455023344883565,Happiness,Fear,0.00266924753925698
0.0033455023344883565,Happiness,Happiness,0.38615112405204344
0.0033455023344883565,Happiness,Joy,0.015399049300999446
0.0033455023344883565,Happiness,Pride,0.058111843558210495
0.0033455023344883565,Happiness,Sadness,0.003927108624414245
0.0033455023344883565,Happiness,Shame,0.026985488762497938
0.0033455023344883565,Joy,Boredom,0.009999260715314477
0.0033455023344883565,Joy,Fear,0.10090862390361077
0.0033455023344883565,Joy,Happiness,0.0634773054875212
0.0033455023344883565,Joy,Joy,0.35792227927794235
0.0033455023344883565,Joy,Pride,0.2548119744615865
0.0033455023344883565,Joy,Sadness,0.04438047141469356
0.0033455023344883565,Joy,Shame,0.1685000847393317
0.0033455023344883565,Pride,Boredom,0.06167633056861876
0.0033455023344883565,Pride,Fear,0.01687375619593668
0.0033455023344883565,Pride,Happiness,0.35908062857911643
0.0033455023344883565,Pride,Joy,0.08740984912760157
0.0033455023344883565,Pride,Pride,0.2531355055774099
0.0033455023344883565,Pride,Sadness,0.0530261471254806
0.0033455023344883565,Pride,Shame,0.16879778282583627
0.0033455023344883565,Sadness,Boredom,0.02657564179401075
0.0033455023344883565,Sadness,Fear,0.7986703731171019
0.0033455023344883565,Sadness,Happiness,0.02287109633487563
0.0033455023344883565,Sadness,Joy,0.028182124929338036
0.0033455023344883565,Sadness,Pride,0.026709266935018683
0.0033455023344883565,Sadness,Sadness,0.03030965584151186
0.0033455023344883565,Sadness,Shame,0.0666818410481429
0.0033455023344883565,Shame,Boredom,0.04214613512423976
0.0033455023344883565,Shame,Fear,0.02296692167120597
0.0033455023344883565,Shame,Happiness,0.24101471261674046
0.0033455023344883565,Shame,Joy,0.15964820020655154
0.0033455023344883565,Shame,Pride,0.24752199461746507
0.0033455023344883565,Shame,Sadness,0.03601182472996243
0.0033455023344883565,Shame,Shame,0.25069021103383526
0.0034322025589849326,Boredom,Boredom,0.43499628905638843
0.0034322025589849326,Boredom,Fear,0.03625408613302907
0.0034322025589849326,Boredom,Happiness,0.13698625094179973
0.0034322025589849326,Boredom,Joy,0.18431288329670395
0.0034322025589849326,Boredom,Pride,0.09162147460387716
0.0034322025589849326,Boredom,Sadness,0.010494429815789443
0.0034322025589849326,Boredom,Shame,0.10533458615241216
0.0034322025589849326,Fear,Boredom,0.004013126064074534
0.0034322025589849326,Fear,Fear,0.7043344456982348
0.0034322025589849326,Fear,Happiness,0.007006897335319317
0.0034322025589849326,Fear,Joy,0.034043177182293154
0.0034322025589849326,Fear,Pride,0.017217089345080663
0.0034322025589849326,Fear,Sadness,0.13340722961518
0.0034322025589849326,Fear,Shame,0.0999780347598177
0.0034322025589849326,Happiness,Boredom,0.4457419561440247
0.0034322025589849326,Happiness,Fear,0.005347131566924189
0.0034322025589849326,Happiness,Happiness,0.3835999540870354
0.0034322025589849326,Happiness,Joy,0.024709893097470105
0.0034322025589849326,Happiness,Pride,0.07823514822577057
0.0034322025589849326,Happiness,Sadness,0.00803188269337501
0.0034322025589849326,Happiness,Shame,0.05433403418540001
0.0034322025589849326,Joy,Boredom,0.008651977012541577
0.0034322025589849326,Joy,Fear,0.08667055476923362
0.0034322025589849326,Joy,Happiness,0.05624305760252522
0.0034322025589849326,Joy,Joy,0.3165055736641352
0.0034322025589849326,Joy,Pride,0.26398704967598974
0.0034322025589849326,Joy,Sadness,0.04909180861938912
0.0034322025589849326,Joy,Shame,0.21884997865618525
0.0034322025589849326,Pride,Boredom,0.05086415222114369
0.0034322025589849326,Pride,Fear,0.015054291738356165
0.0034322025589849326,Pride,Happiness,0.30840403106365427
0.0034322025589849326,Pride,Joy,0.08378238262425222
0.0034322025589849326,Pride,Pride,0.266050089088076
0.0034322025589849326,Pride,Sadness,0.05128422922686774
0.0034322025589849326,Pride,Shame,0.22456082403764951
0.0034322025589849326,Sadness,Boredom,0.03252745809728664
0.0034322025589849326,Sadness,Fear,0.6238896172574357
0.0034322025589849326,Sadness,Happiness,0.031845184532369814
0.0034322025589849326,Sadness,Joy,0.05465895795686605
0.0034322025589849326,Sadness,Pride,0.053538793100309186
0.0034322025589849326,Sadness,Sadness,0.060066731498594574
0.0034322025589849326,Sadness,Shame,0.143473257557138
0.0034322025589849326,Shame,Boredom,0.03513516553595997
0.0034322025589849326,Shame,Fear,0.019707245393654323
0.0034322025589849326,Shame,Happiness,0.20479887111579037
0.0034322025589849326,Shame,Joy,0.1677405736397827
0.0034322025589849326,Shame,Pride,0.2546820424484129
0.0034322025589849326,Shame,Sadness,0.0364378476656074
0.0034322025589849326,Shame,Shame,0.28149825420079194
0.003362170631099363,Boredom,Boredom,0.47614321015557465
0.003362170631099363,Boredom,Fear,0.03150131676506763
0.003362170631099363,Boredom,Happiness,0.16290379127387117
0.003362170631099363,Boredom,Joy,0.17490625020267664
0.003362170631099363,Boredom,Pride,0.07358429136802512
0.003362170631099363,Boredom,Sadness,0.004587488949697644
0.003362170631099363,Boredom,Shame,0.07637365128508736
0.003362170631099363,Fear,Boredom,0.002316930040677355
0.003362170631099363,Fear,Fear,0.8853447722786391
0.003362170631099363,Fear,Happiness,0.0025728708838747036
0.003362170631099363,Fear,Joy,0.01313787957512937
0.003362170631099363,Fear,Pride,0.005892484928052314
0.003362170631099363,Fear,Sadness,0.05688461364059073
0.003362170631099363,Fear,Shame,0.03385044865303711
0.003362170631099363,Happiness,Boredom,0.511628315672581
0.003362170631099363,Happiness,Fear,0.002348695337907488
0.003362170631099363,Happiness,Happiness,0.3889688616406433
0.003362170631099363,Happiness,Joy,0.014237474308608888
0.003362170631099363,Happiness,Pride,0.056219440943205516
0.003362170631099363,Happiness,Sadness,0.00331490797295191
0.003362170631099363,Happiness,Shame,0.023282304124102076
0.003362170631099363,Joy,Boredom,0.009772509688235674
0.003362170631099363,Joy,Fear,0.0987175129741259
0.003362170631099363,Joy,Happiness,0.05951519741704472
0.003362170631099363,Joy,Joy,0.36212460175766753
0.003362170631099363,Joy,Pride,0.2557670836413868
0.003362170631099363,Joy,Sadness,0.04288570351403665
0.003362170631099363,Joy,Shame,0.17121739100750263
0.003362170631099363,Pride,Boredom,0.061536833559662066
0.003362170631099363,Pride,Fear,0.016395720514575343
0.003362170631099363,Pride,Happiness,0.36690160624498475
0.003362170631099363,Pride,Joy,0.08498990124148405
0.003362170631099363,Pride,Pride,0.2523391948019152
0.003362170631099363,Pride,Sadness,0.052167664823994736
0.003362170631099363,Pride,Shame,0.1656690788133838
0.003362170631099363,Sadness,Boredom,0.026433170978748862
0.003362170631099363,Sadness,Fear,0.8043386932775545
0.003362170631099363,Sadness,Happiness,0.022007056681783575
0.003362170631099363,Sadness,Joy,0.027192124760203926
0.003362170631099363,Sadness,Pride,0.026132999360940722
0.003362170631099363,Sadness,Sadness,0.028125323007572037
0.003362170631099363,Sadness,Shame,0.06577063193319634
0.003362170631099363,Shame,Boredom,0.04163620876950864
0.003362170631099363,Shame,Fear,0.022684939052854194
0.003362170631099363,Shame,Happiness,0.24110733318309444
0.003362170631099363,Shame,Joy,0.15522218109283198
0.003362170631099363,Shame,Pride,0.24853482555048123
0.003362170631099363,Shame,Sadness,0.03394143676105455
0.003362170631099363,Shame,Shame,0.2568730755901751
0.003062371633059219,Boredom,Boredom,0.40973972628241784
0.003062371633059219,Boredom,Fear,0.0338089075114434
0.003062371633059219,Boredom,Happiness,0.1963369248791001
0.003062371633059219,Boredom,Joy,0.15402782392223874
0.003062371633059219,Boredom,Pride,0.08137856593663313
0.003062371633059219,Boredom,Sadness,0.010491802773123742
0.003062371633059219,Boredom,Shame,0.1142162486950426
0.003062371633059219,Fear,Boredom,0.006737733890306871
0.003062371633059219,Fear,Fear,0.5801040628137925
0.003062371633059219,Fear,Happiness,0.017058124403717102
0.003062371633059219,Fear,Joy,0.050852257421648825
0.003062371633059219,Fear,Pride,0.023656782436154558
0.003062371633059219,Fear,Sadness,0.19196322453951403
0.003062371633059219,Fear,Shame,0.12962781449486638
0.003062371633059219,Happiness,Boredom,0.46673496979046264
0.003062371633059219,Happiness,Fear,0.007732764048409783
0.003062371633059219,Happiness,Happiness,0.34418632139443434
0.003062371633059219,Happiness,Joy,0.03475800398167187
0.003062371633059219,Happiness,Pride,0.07540710131206953
0.003062371633059219,Happiness,Sadness,0.010302544002040793
0.003062371633059219,Happiness,Shame,0.060878295470910684
0.003062371633059219,Joy,Boredom,0.012148894732050339
0.003062371633059219,Joy,Fear,0.0763786085332541
0.003062371633059219,Joy,Happiness,0.08992934640840672
0.003062371633059219,Joy,Joy,0.3149929107478055
0.003062371633059219,Joy,Pride,0.2614628602771773
0.003062371633059219,Joy,Sadness,0.053995154239980456
0.003062371633059219,Joy,Shame,0.19109222506132587
0.003062371633059219,Pride,Boredom,0.06250361958772704
0.003062371633059219,Pride,Fear,0.02135883788714981
0.003062371633059219,Pride,Happiness,0.29272732234873877
0.003062371633059219,Pride,Joy,0.11941072762830253
0.003062371633059219,Pride,Pride,0.2554105479323018
0.003062371633059219,Pride,Sadness,0.052582414602560336
0.003062371633059219,Pride,Shame,0.1960065300132198
0.003062371633059219,Sadness,Boredom,0.04915351072076014
0.003062371633059219,Sadness,Fear,0.528272424247131
0.003062371633059219,Sadness,Happiness,0.04818791728730878
0.003062371633059219,Sadness,Joy,0.07340578558488182
0.003062371633059219,Sadness,Pride,0.06830626139905357
0.003062371633059219,Sadness,Sadness,0.07647144572965708
0.003062371633059219,Sadness,Shame,0.15620265503120748
0.003062371633059219,Shame,Boredom,0.04251575351048005
0.003062371633059219,Shame,Fear,0.026471219585702727
0.003062371633059219,Shame,Happiness,0.21984365587845547
0.003062371633059219,Shame,Joy,0.19924986647290122
0.003062371633059219,Shame,Pride,0.24858435489836436
0.003062371633059219,Shame,Sadness,0.040528358251954166
0.003062371633059219,Shame,Shame,0.2228067914021422
0.0030030283214029277,Boredom,Boredom,0.3965415623560547
0.0030030283214029277,Boredom,Fear,0.03405055763708091
0.0030030283214029277,Boredom,Happiness,0.19898142629649157
0.0030030283214029277,Boredom,Joy,0.15473313277438752
0.0030030283214029277,Boredom,Pride,0.08288318911733
0.0030030283214029277,Boredom,Sadness,0.010930432512897312
0.0030030283214029277,Boredom,Shame,0.12187969930575791
0.0030030283214029277,Fear,Boredom,0.007830171216023816
0.0030030283214029277,Fear,Fear,0.5590349863916795
0.0030030283214029277,Fear,Happiness,0.018757381347802544
0.0030030283214029277,Fear,Joy,0.053147109652473074
0.0030030283214029277,Fear,Pride,0.024806746322147726
0.0030030283214029277,Fear,Sadness,0.20113461848385558
0.0030030283214029277,Fear,Shame,0.1352889865860181
0.0030030283214029277,Happiness,Boredom,0.4636678768827037
0.0030030283214029277,Happiness,Fear,0.008268988764827316
0.0030030283214029277,Happiness,Happiness,0.33827499669652017
0.0030030283214029277,Happiness,Joy,0.03754178704004926
0.0030030283214029277,Happiness,Pride,0.0762144502906428
0.0030030283214029277,Happiness,Sadness,0.01074445033619923
0.0030030283214029277,Happiness,Shame,0.06528744998905733
0.0030030283214029277,Joy,Boredom,0.011489001199921635
0.0030030283214029277,Joy,Fear,0.10809758194349028
0.0030030283214029277,Joy,Happiness,0.08699686243561958
0.0030030283214029277,Joy,Joy,0.2997105099906047
0.0030030283214029277,Joy,Pride,0.25227265479394584
0.0030030283214029277,Joy,Sadness,0.05359605634300287
0.0030030283214029277,Joy,Shame,0.18783733329341548
0.0030030283214029277,Pride,Boredom,0.06631243210091287
0.0030030283214029277,Pride,Fear,0.02171883260588846
0.0030030283214029277,Pride,Happiness,0.2880462926477859
0.0030030283214029277,Pride,Joy,0.12387858132652167
0.0030030283214029277,Pride,Pride,0.25392264587643515
0.0030030283214029277,Pride,Sadness,0.052424543536370785
0.0030030283214029277,Pride,Shame,0.1936966719060855
0.0030030283214029277,Sadness,Boredom,0.053074822954939996
0.0030030283214029277,Sadness,Fear,0.5103874741933669
0.0030030283214029277,Sadness,Happiness,0.04898513828728259
0.0030030283214029277,Sadness,Joy,0.07648202575250579
0.0030030283214029277,Sadness,Pride,0.0712454834670101
0.0030030283214029277,Sadness,Sadness,0.08071071015054984
0.0030030283214029277,Sadness,Shame,0.15911434519434461
0.0030030283214029277,Shame,Boredom,0.04298398895147396
0.0030030283214029277,Shame,Fear,0.02653572289613099
0.0030030283214029277,Shame,Happiness,0.21988565669407328
0.0030030283214029277,Shame,Joy,0.20286876263805065
0.0030030283214029277,Shame,Pride,0.2481435053057432
0.0030030283214029277,Shame,Sadness,0.0407759564418254
0.0030030283214029277,Shame,Shame,0.2188064070727023
0.0032095029996683584,Boredom,Boredom,0.42826333765433855
0.0032095029996683584,Boredom,Fear,0.03427378526458884
0.0032095029996683584,Boredom,Happiness,0.1877966589159106
0.0032095029996683584,Boredom,Joy,0.1607078136892104
0.0032095029996683584,Boredom,Pride,0.08193288503432322
0.0032095029996683584,Boredom,Sadness,0.008942622453930236
0.0032095029996683584,Boredom,Shame,0.09808289698769836
0.0032095029996683584,Fear,Boredom,0.0049329009163262315
0.0032095029996683584,Fear,Fear,0.6516428654721681
0.0032095029996683584,Fear,Happiness,0.011378755219957924
0.0032095029996683584,Fear,Joy,0.041851501532897566
0.0032095029996683584,Fear,Pride,0.01999393347986243
0.0032095029996683584,Fear,Sadness,0.16549451191317602
0.0032095029996683584,Fear,Shame,0.1047055314656122
0.0032095029996683584,Happiness,Boredom,0.47041256341086424
0.0032095029996683584,Happiness,Fear,0.006040364588997259
0.0032095029996683584,Happiness,Happiness,0.3596904548268351
0.0032095029996683584,Happiness,Joy,0.026907175508517952
0.0032095029996683584,Happiness,Pride,0.07383395143263058
0.0032095029996683584,Happiness,Sadness,0.008704482972632198
0.0032095029996683584,Happiness,Shame,0.0544110072595226
0.0032095029996683584,Joy,Boredom,0.010830905792516082
0.0032095029996683584,Joy,Fear,0.07736836398371655
0.0032095029996683584,Joy,Happiness,0.07947928118179885
0.0032095029996683584,Joy,Joy,0.32760134182046746
0.0032095029996683584,Joy,Pride,0.2598056522045179
0.0032095029996683584,Joy,Sadness,0.051572516892351414
0.0032095029996683584,Joy,Shame,0.193341938124632
0.0032095029996683584,Pride,Boredom,0.05440093474059396
0.0032095029996683584,Pride,Fear,0.019157382380499192
0.0032095029996683584,Pride,Happiness,0.3068621876659883
0.0032095029996683584,Pride,Joy,0.10468187450310808
0.0032095029996683584,Pride,Pride,0.2604437991018733
0.0032095029996683584,Pride,Sadness,0.052502268350491405
0.0032095029996683584,Pride,Shame,0.2019515532574452
0.0032095029996683584,Sadness,Boredom,0.037281735530965594
0.0032095029996683584,Sadness,Fear,0.5941491454862002
0.0032095029996683584,Sadness,Happiness,0.040919978227844996
0.0032095029996683584,Sadness,Joy,0.062973174778764
0.0032095029996683584,Sadness,Pride,0.05761103984335685
0.0032095029996683584,Sadness,Sadness,0.06794546837434791
0.0032095029996683584,Sadness,Shame,0.13911945775852017
0.0032095029996683584,Shame,Boredom,0.04021563430315454
0.0032095029996683584,Shame,Fear,0.02392851500583815
0.0032095029996683584,Shame,Happiness,0.219165866724504
0.0032095029996683584,Shame,Joy,0.18791762568881895
0.0032095029996683584,Shame,Pride,0.24835694498551897
0.0032095029996683584,Shame,Sadness,0.039258945057358864
0.0032095029996683584,Shame,Shame,0.241156468234807
0.003321813415011387,Boredom,Boredom,0.4101830706948303
0.003321813415011387,Boredom,Fear,0.03626623726600837
0.003321813415011387,Boredom,Happiness,0.16034230373520095
0.003321813415011387,Boredom,Joy,0.1773241851784068
0.003321813415011387,Boredom,Pride,0.09294675327917029
0.003321813415011387,Boredom,Sadness,0.012733429226771084
0.003321813415011387,Boredom,Shame,0.11020402061961236
0.003321813415011387,Fear,Boredom,0.006806673072151007
0.003321813415011387,Fear,Fear,0.5355767534626167
0.003321813415011387,Fear,Happiness,0.014700635788205789
0.003321813415011387,Fear,Joy,0.056514979180679534
0.003321813415011387,Fear,Pride,0.029130029176553354
0.003321813415011387,Fear,Sadness,0.20239718591814787
0.003321813415011387,Fear,Shame,0.15487374340164548
0.003321813415011387,Happiness,Boredom,0.4368206261051658
0.003321813415011387,Happiness,Fear,0.008439846957168075
0.003321813415011387,Happiness,Happiness,0.35059172923038706
0.003321813415011387,Happiness,Joy,0.033914060194313596
0.003321813415011387,Happiness,Pride,0.08537489736261138
0.003321813415011387,Happiness,Sadness,0.012015122282113126
0.003321813415011387,Happiness,Shame,0.07284371786824057
0.003321813415011387,Joy,Boredom,0.009340175326797241
0.003321813415011387,Joy,Fear,0.07123334407113803
0.003321813415011387,Joy,Happiness,0.06383743997512803
0.003321813415011387,Joy,Joy,0.3123595619513324
0.003321813415011387,Joy,Pride,0.2658202954495175
0.003321813415011387,Joy,Sadness,0.052414866967929234
0.003321813415011387,Joy,Shame,0.22499431625815777
0.003321813415011387,Pride,Boredom,0.04816803996956272
0.003321813415011387,Pride,Fear,0.017661289558602952
0.003321813415011387,Pride,Happiness,0.2772615952384818
0.003321813415011387,Pride,Joy,0.10787583072933156
0.003321813415011387,Pride,Pride,0.2647326659711284
0.003321813415011387,Pride,Sadness,0.051842201045690595
0.003321813415011387,Pride,Shame,0.23245837748720194
0.003321813415011387,Sadness,Boredom,0.04085197529444647
0.003321813415011387,Sadness,Fear,0.48148302532269494
0.003321813415011387,Sadness,Happiness,0.04427108192889969
0.003321813415011387,Sadness,Joy,0.08144756192903448
0.003321813415011387,Sadness,Pride,0.07802598702990697
0.003321813415011387,Sadness,Sadness,0.08288116393919723
0.003321813415011387,Sadness,Shame,0.19103920455582027
0.003321813415011387,Shame,Boredom,0.03539511599691705
0.003321813415011387,Shame,Fear,0.021387329287412576
0.003321813415011387,Shame,Happiness,0.18394210905606465
0.003321813415011387,Shame,Joy,0.20719471202374942
0.003321813415011387,Shame,Pride,0.251685155554572
0.003321813415011387,Shame,Sadness,0.03965911938833086
0.003321813415011387,Shame,Shame,0.26073645869295364
0.003272009887670891,Boredom,Boredom,0.4106742738060447
0.003272009887670891,Boredom,Fear,0.035026371270340174
0.003272009887670891,Boredom,Happiness,0.14926753371486032
0.003272009887670891,Boredom,Joy,0.17505055215705081
0.003272009887670891,Boredom,Pride,0.09562072107664127
0.003272009887670891,Boredom,Sadness,0.011481575179429791
0.003272009887670891,Boredom,Shame,0.12287897279563287
0.003272009887670891,Fear,Boredom,0.006338340514464791
0.003272009887670891,Fear,Fear,0.5537405343035108
0.003272009887670891,Fear,Happiness,0.012105773390939817
0.003272009887670891,Fear,Joy,0.05307824454229953
0.003272009887670891,Fear,Pride,0.02912912514988387
0.003272009887670891,Fear,Sadness,0.19171182080525473
0.003272009887670891,Fear,Shame,0.15389616129364628
0.003272009887670891,Happiness,Boredom,0.42838770479990784
0.003272009887670891,Happiness,Fear,0.00732844281109079
0.003272009887670891,Happiness,Happiness,0.36626083275071786
0.003272009887670891,Happiness,Joy,0.030724385331196067
0.003272009887670891,Happiness,Pride,0.08658544702167016
0.003272009887670891,Happiness,Sadness,0.010412092360214394
0.003272009887670891,Happiness,Shame,0.07030109492520299
0.003272009887670891,Joy,Boredom,0.008400019010441054
0.003272009887670891,Joy,Fear,0.0650158232092894
0.003272009887670891,Joy,Happiness,0.05683507991904693
0.003272009887670891,Joy,Joy,0.3069820949086225
0.003272009887670891,Joy,Pride,0.27053108368754564
0.003272009887670891,Joy,Sadness,0.04876386525662894
0.003272009887670891,Joy,Shame,0.2434720340084257
0.003272009887670891,Pride,Boredom,0.046197877223765955
0.003272009887670891,Pride,Fear,0.015076935587477826
0.003272009887670891,Pride,Happiness,0.27790138987037327
0.003272009887670891,Pride,Joy,0.09600194300671804
0.003272009887670891,Pride,Pride,0.2686632391886725
0.003272009887670891,Pride,Sadness,0.04889366741490354
0.003272009887670891,Pride,Shame,0.24726494770808843
0.003272009887670891,Sadness,Boredom,0.03860161252731802
0.003272009887670891,Sadness,Fear,0.49026138667790714
0.003272009887670891,Sadness,Happiness,0.040236914712348755
0.003272009887670891,Sadness,Joy,0.07854185930034085
0.003272009887670891,Sadness,Pride,0.07654622254986337
0.003272009887670891,Sadness,Sadness,0.07784757790562497
0.003272009887670891,Sadness,Shame,0.1979644263265973
0.003272009887670891,Shame,Boredom,0.03270616715356765
0.003272009887670891,Shame,Fear,0.018154372385394333
0.003272009887670891,Shame,Happiness,0.17512920862965747
0.003272009887670891,Shame,Joy,0.19554436893813365
0.003272009887670891,Shame,Pride,0.2553354073343137
0.003272009887670891,Shame,Sadness,0.035156467292555234
0.003272009887670891,Shame,Shame,0.28797400826637826
0.0034560130410936757,Boredom,Boredom,0.4534090929988958
0.0034560130410936757,Boredom,Fear,0.03715354004575751
0.0034560130410936757,Boredom,Happiness,0.12546884218270415
0.0034560130410936757,Boredom,Joy,0.1879016161484506
0.0034560130410936757,Boredom,Pride,0.08961032116836425
0.0034560130410936757,Boredom,Sadness,0.011206439700761137
0.0034560130410936757,Boredom,Shame,0.09525014775506653
0.0034560130410936757,Fear,Boredom,0.004088960398403292
0.0034560130410936757,Fear,Fear,0.7144634142835004
0.0034560130410936757,Fear,Happiness,0.007026387968390674
0.0034560130410936757,Fear,Joy,0.03328668331230506
0.0034560130410936757,Fear,Pride,0.017666107717650967
0.0034560130410936757,Fear,Sadness,0.1352918180921949
0.0034560130410936757,Fear,Shame,0.08817662822755451
0.0034560130410936757,Happiness,Boredom,0.46942809773758976
0.0034560130410936757,Happiness,Fear,0.005050097667770705
0.0034560130410936757,Happiness,Happiness,0.3755262329399442
0.0034560130410936757,Happiness,Joy,0.022536936390154947
0.0034560130410936757,Happiness,Pride,0.07277510274949064
0.0034560130410936757,Happiness,Sadness,0.007293259472416679
0.0034560130410936757,Happiness,Shame,0.04739027304263331
0.0034560130410936757,Joy,Boredom,0.010011495157581315
0.0034560130410936757,Joy,Fear,0.08736312143018032
0.0034560130410936757,Joy,Happiness,0.05980278659738375
0.0034560130410936757,Joy,Joy,0.3336921498225237
0.0034560130410936757,Joy,Pride,0.26245187666423914
0.0034560130410936757,Joy,Sadness,0.05039637186535868
0.0034560130410936757,Joy,Shame,0.19628219846273284
0.0034560130410936757,Pride,Boredom,0.0585524634765231
0.0034560130410936757,Pride,Fear,0.01876740448290591
0.0034560130410936757,Pride,Happiness,0.3194598194078447
0.0034560130410936757,Pride,Joy,0.08609199680726534
0.0034560130410936757,Pride,Pride,0.26278005000846494
0.0034560130410936757,Pride,Sadness,0.05264414022205614
0.0034560130410936757,Pride,Shame,0.20170412559493975
0.0034560130410936757,Sadness,Boredom,0.033466739026080404
0.0034560130410936757,Sadness,Fear,0.6542078962391766
0.0034560130410936757,Sadness,Happiness,0.032152785662076085
0.0034560130410936757,Sadness,Joy,0.05139766677487822
0.0034560130410936757,Sadness,Pride,0.048856784535876815
0.0034560130410936757,Sadness,Sadness,0.05497305088535279
0.0034560130410936757,Sadness,Shame,0.1249450768765593
0.0034560130410936757,Shame,Boredom,0.04149479166221951
0.0034560130410936757,Shame,Fear,0.02597295173215574
0.0034560130410936757,Shame,Happiness,0.22785658903442912
0.0034560130410936757,Shame,Joy,0.14997180500653734
0.0034560130410936757,Shame,Pride,0.2554611861907036
0.0034560130410936757,Shame,Sadness,0.03861035109440203
0.0034560130410936757,Shame,Shame,0.2606323252795526
0.003306185302295359,Boredom,Boredom,0.4401786162949341
0.003306185302295359,Boredom,Fear,0.03466921649279392
0.003306185302295359,Boredom,Happiness,0.15928179902094533
0.003306185302295359,Boredom,Joy,0.17602976956675356
0.003306185302295359,Boredom,Pride,0.08489194981455644
0.003306185302295359,Boredom,Sadness,0.00962906122838395
0.003306185302295359,Boredom,Shame,0.09531958758163227
0.003306185302295359,Fear,Boredom,0.004347257368521929
0.003306185302295359,Fear,Fear,0.6800874615289341
0.003306185302295359,Fear,Happiness,0.008275133452520747
0.003306185302295359,Fear,Joy,0.03765187956769238
0.003306185302295359,Fear,Pride,0.019602526770362685
0.003306185302295359,Fear,Sadness,0.15187362788024175
0.003306185302295359,Fear,Shame,0.09816211343172619
0.003306185302295359,Happiness,Boredom,0.47104908270452145
0.003306185302295359,Happiness,Fear,0.00541900809860433
0.003306185302295359,Happiness,Happiness,0.3699208028068595
0.003306185302295359,Happiness,Joy,0.02311439455554404
0.003306185302295359,Happiness,Pride,0.07287671804242257
0.003306185302295359,Happiness,Sadness,0.007839442616448762
0.003306185302295359,Happiness,Shame,0.049780551175598965
0.003306185302295359,Joy,Boredom,0.010303520782029264
0.003306185302295359,Joy,Fear,0.07896765838213823
0.003306185302295359,Joy,Happiness,0.060624538949519594
0.003306185302295359,Joy,Joy,0.3387704274046157
0.003306185302295359,Joy,Pride,0.263391322606837
0.003306185302295359,Joy,Sadness,0.05122031284584886
0.003306185302295359,Joy,Shame,0.19672221902901108
0.003306185302295359,Pride,Boredom,0.05605302817385093
0.003306185302295359,Pride,Fear,0.01946655798265336
0.003306185302295359,Pride,Happiness,0.31577300320222595
0.003306185302295359,Pride,Joy,0.08852339152885597
0.003306185302295359,Pride,Pride,0.2639005234028184
0.003306185302295359,Pride,Sadness,0.053010647504896154
0.003306185302295359,Pride,Shame,0.20327284820469926
0.003306185302295359,Sadness,Boredom,0.03480615398310388
0.003306185302295359,Sadness,Fear,0.6246644670484056
0.003306185302295359,Sadness,Happiness,0.03405906253049681
0.003306185302295359,Sadness,Joy,0.05739924791225795
0.003306185302295359,Sadness,Pride,0.053332661521266825
0.003306185302295359,Sadness,Sadness,0.06180636135999625
0.003306185302295359,Sadness,Shame,0.13393204564447295
0.003306185302295359,Shame,Boredom,0.040520112708546344
0.003306185302295359,Shame,Fear,0.02465157790026368
0.003306185302295359,Shame,Happiness,0.22262865260130882
0.003306185302295359,Shame,Joy,0.17092123964649664
0.003306185302295359,Shame,Pride,0.2512087040099603
0.003306185302295359,Shame,Sadness,0.03919065257585346
0.003306185302295359,Shame,Shame,0.25087906055757087
0.0032904756637827637,Boredom,Boredom,0.43979540547784607
0.0032904756637827637,Boredom,Fear,0.034260096860526716
0.0032904756637827637,Boredom,Happiness,0.1646798847677756
0.0032904756637827637,Boredom,Joy,0.1742724861633615
0.0032904756637827637,Boredom,Pride,0.08448579085519649
0.0032904756637827637,Boredom,Sadness,0.008781232144071317
0.0032904756637827637,Boredom,Shame,0.0937251037312224
0.0032904756637827637,Fear,Boredom,0.004127165203314932
0.0032904756637827637,Fear,Fear,0.6923067994959592
0.0032904756637827637,Fear,Happiness,0.007873940302640067
0.0032904756637827637,Fear,Joy,0.0361604894929639
0.0032904756637827637,Fear,Pride,0.01820490024235316
0.0032904756637827637,Fear,Sadness,0.14973368197801148
0.0032904756637827637,Fear,Shame,0.09159302328475706
0.0032904756637827637,Happiness,Boredom,0.47171841856425145
0.0032904756637827637,Happiness,Fear,0.00520056170645112
0.0032904756637827637,Happiness,Happiness,0.36959942987853195
0.0032904756637827637,Happiness,Joy,0.023055678862217606
0.0032904756637827637,Happiness,Pride,0.07275990064502262
0.0032904756637827637,Happiness,Sadness,0.007487700765424361
0.0032904756637827637,Happiness,Shame,0.05017830957810092
0.0032904756637827637,Joy,Boredom,0.010259505187522187
0.0032904756637827637,Joy,Fear,0.07653429813967488
0.0032904756637827637,Joy,Happiness,0.06294841639736946
0.0032904756637827637,Joy,Joy,0.3386255578869928
0.0032904756637827637,Joy,Pride,0.26320533022627857
0.0032904756637827637,Joy,Sadness,0.05021141663730927
0.0032904756637827637,Joy,Shame,0.19821547552485252
0.0032904756637827637,Pride,Boredom,0.055180031164444185
0.0032904756637827637,Pride,Fear,0.01847227464427907
0.0032904756637827637,Pride,Happiness,0.3156928682905366
0.0032904756637827637,Pride,Joy,0.08924604796870253
0.0032904756637827637,Pride,Pride,0.26333366369929445
0.0032904756637827637,Pride,Sadness,0.05234552312481489
0.0032904756637827637,Pride,Shame,0.2057295911079278
0.0032904756637827637,Sadness,Boredom,0.03401730565425959
0.0032904756637827637,Sadness,Fear,0.6336254801557523
0.0032904756637827637,Sadness,Happiness,0.03421188723388038
0.0032904756637827637,Sadness,Joy,0.05556439034417205
0.0032904756637827637,Sadness,Pride,0.052035289229830375
0.0032904756637827637,Sadness,Sadness,0.061403110345055786
0.0032904756637827637,Sadness,Shame,0.1291425370370494
0.0032904756637827637,Shame,Boredom,0.039576290894249896
0.0032904756637827637,Shame,Fear,0.023117026669824525
0.0032904756637827637,Shame,Happiness,0.22211590969644296
0.0032904756637827637,Shame,Joy,0.17288799722440426
0.0032904756637827637,Shame,Pride,0.2504769614958068
0.0032904756637827637,Shame,Sadness,0.037132946515107616
0.0032904756637827637,Shame,Shame,0.2546928675041633
0.003096575377200871,Boredom,Boredom,0.4076720323701418
0.003096575377200871,Boredom,Fear,0.03383691710315949
0.003096575377200871,Boredom,Happiness,0.19783907969441045
0.003096575377200871,Boredom,Joy,0.15884883426373314
0.003096575377200871,Boredom,Pride,0.08255301853402851
0.003096575377200871,Boredom,Sadness,0.010623652673942519
0.003096575377200871,Boredom,Shame,0.10862646536058367
0.003096575377200871,Fear,Boredom,0.006544748378863467
0.003096575377200871,Fear,Fear,0.5761662466492037
0.003096575377200871,Fear,Happiness,0.017120118555850952
0.003096575377200871,Fear,Joy,0.050870087793697095
0.003096575377200871,Fear,Pride,0.02353614855692873
0.003096575377200871,Fear,Sadness,0.19510061230679182
0.003096575377200871,Fear,Shame,0.13066203775866486
0.003096575377200871,Happiness,Boredom,0.46699483936172226
0.003096575377200871,Happiness,Fear,0.008027062390727327
0.003096575377200871,Happiness,Happiness,0.3441312408142827
0.003096575377200871,Happiness,Joy,0.03381086695667299
0.003096575377200871,Happiness,Pride,0.0759057510923068
0.003096575377200871,Happiness,Sadness,0.010576281240199483
0.003096575377200871,Happiness,Shame,0.06055395814408801
0.003096575377200871,Joy,Boredom,0.012041951437837534
0.003096575377200871,Joy,Fear,0.07706683037554628
0.003096575377200871,Joy,Happiness,0.08518705196672355
0.003096575377200871,Joy,Joy,0.31878499388317844
0.003096575377200871,Joy,Pride,0.26210149011838607
0.003096575377200871,Joy,Sadness,0.053888202596844334
0.003096575377200871,Joy,Shame,0.19092947962148354
0.003096575377200871,Pride,Boredom,0.05753082068562613
0.003096575377200871,Pride,Fear,0.022085521313088354
0.003096575377200871,Pride,Happiness,0.2946140532454342
0.003096575377200871,Pride,Joy,0.11813397652586609
0.003096575377200871,Pride,Pride,0.25800164936830594
0.003096575377200871,Pride,Sadness,0.05315934876257029
0.003096575377200871,Pride,Shame,0.19647463009910887
0.003096575377200871,Sadness,Boredom,0.04665527776996026
0.003096575377200871,Sadness,Fear,0.523892930614015
0.003096575377200871,Sadness,Happiness,0.04596208448644427
0.003096575377200871,Sadness,Joy,0.07347080028116651
0.003096575377200871,Sadness,Pride,0.06874232031343552
0.003096575377200871,Sadness,Sadness,0.08478963117113573
0.003096575377200871,Sadness,Shame,0.1564869553638426
0.003096575377200871,Shame,Boredom,0.039487402070069066
0.003096575377200871,Shame,Fear,0.02692888063958134
0.003096575377200871,Shame,Happiness,0.22182857177372697
0.003096575377200871,Shame,Joy,0.19926712958474374
0.003096575377200871,Shame,Pride,0.24926107561171582
0.003096575377200871,Shame,Sadness,0.04217586478740124
0.003096575377200871,Shame,Shame,0.22105107553276138
0.0030433451545651305,Boredom,Boredom,0.41463925932669865
0.0030433451545651305,Boredom,Fear,0.03357311523274601
0.0030433451545651305,Boredom,Happiness,0.19652309193014317
0.0030433451545651305,Boredom,Joy,0.15423239357498011
0.0030433451545651305,Boredom,Pride,0.0811150863040588
0.0030433451545651305,Boredom,Sadness,0.009633719218022222
0.0030433451545651305,Boredom,Shame,0.11028333441335117
0.0030433451545651305,Fear,Boredom,0.006388034431683667
0.0030433451545651305,Fear,Fear,0.5872504195169743
0.0030433451545651305,Fear,Happiness,0.016546073922039724
0.0030433451545651305,Fear,Joy,0.05053284425326685
0.0030433451545651305,Fear,Pride,0.023748939952751975
0.0030433451545651305,Fear,Sadness,0.18775455200799984
0.0030433451545651305,Fear,Shame,0.12777913591528334
0.0030433451545651305,Happiness,Boredom,0.46675870949228837
0.0030433451545651305,Happiness,Fear,0.0073712075551895535
0.0030433451545651305,Happiness,Happiness,0.34809644093255343
0.0030433451545651305,Happiness,Joy,0.03364295683095063
0.0030433451545651305,Happiness,Pride,0.07510154695951128
0.0030433451545651305,Happiness,Sadness,0.00967938060439055
0.0030433451545651305,Happiness,Shame,0.05934975762511616
0.0030433451545651305,Joy,Boredom,0.011803924429992585
0.0030433451545651305,Joy,Fear,0.07641902994359824
0.0030433451545651305,Joy,Happiness,0.09047635516151832
0.0030433451545651305,Joy,Joy,0.31526100223374076
0.0030433451545651305,Joy,Pride,0.2604409142711922
0.0030433451545651305,Joy,Sadness,0.052846334264007234
0.0030433451545651305,Joy,Shame,0.19275243969595118
0.0030433451545651305,Pride,Boredom,0.06122153914135877
0.0030433451545651305,Pride,Fear,0.020831406505038483
0.0030433451545651305,Pride,Happiness,0.294671450735025
0.0030433451545651305,Pride,Joy,0.11829895565173161
0.0030433451545651305,Pride,Pride,0.2558555414976849
0.0030433451545651305,Pride,Sadness,0.051787035605207754
0.0030433451545651305,Pride,Shame,0.19733407086395324
0.0030433451545651305,Sadness,Boredom,0.046127332938133564
0.0030433451545651305,Sadness,Fear,0.536486492642183
0.0030433451545651305,Sadness,Happiness,0.04863641234027402
0.0030433451545651305,Sadness,Joy,0.0729182079419938
0.0030433451545651305,Sadness,Pride,0.06712810683195451
0.0030433451545651305,Sadness,Sadness,0.07175173892148774
0.0030433451545651305,Sadness,Shame,0.15695170838397327
0.0030433451545651305,Shame,Boredom,0.04239956019155877
0.0030433451545651305,Shame,Fear,0.025851512064563147
0.0030433451545651305,Shame,Happiness,0.21946130699784583
0.0030433451545651305,Shame,Joy,0.19777905564688614
0.0030433451545651305,Shame,Pride,0.24842150317351064
0.0030433451545651305,Shame,Sadness,0.03839855881303483
0.0030433451545651305,Shame,Shame,0.2276885031126011
0.003409926651133627,Boredom,Boredom,0.45232986954034976
0.003409926651133627,Boredom,Fear,0.03736811998684467
0.003409926651133627,Boredom,Happiness,0.1335976888273222
0.003409926651133627,Boredom,Joy,0.18461848781021006
0.003409926651133627,Boredom,Pride,0.08759807434808624
0.003409926651133627,Boredom,Sadness,0.011664734107353355
0.003409926651133627,Boredom,Shame,0.09282302537983335
0.003409926651133627,Fear,Boredom,0.00432499664598364
0.003409926651133627,Fear,Fear,0.6878605245768377
0.003409926651133627,Fear,Happiness,0.00809881055470592
0.003409926651133627,Fear,Joy,0.036638110555505886
0.003409926651133627,Fear,Pride,0.018887884506740598
0.003409926651133627,Fear,Sadness,0.14629901152712407
0.003409926651133627,Fear,Shame,0.09789066163310241
0.003409926651133627,Happiness,Boredom,0.470603400600621
0.003409926651133627,Happiness,Fear,0.0056179041080513335
0.003409926651133627,Happiness,Happiness,0.36976665065050074
0.003409926651133627,Happiness,Joy,0.023480550874002123
0.003409926651133627,Happiness,Pride,0.07308758258787804
0.003409926651133627,Happiness,Sadness,0.007996024641625247
0.003409926651133627,Happiness,Shame,0.04944788653732141
0.003409926651133627,Joy,Boredom,0.010264611740127988
0.003409926651133627,Joy,Fear,0.08717419122452759
0.003409926651133627,Joy,Happiness,0.059256573580642895
0.003409926651133627,Joy,Joy,0.33406651064453324
0.003409926651133627,Joy,Pride,0.2612783634657323
0.003409926651133627,Joy,Sadness,0.05162906309626473
0.003409926651133627,Joy,Shame,0.19633068624817138
0.003409926651133627,Pride,Boredom,0.057116339839681986
0.003409926651133627,Pride,Fear,0.019988945832370042
0.003409926651133627,Pride,Happiness,0.3163750675124682
0.003409926651133627,Pride,Joy,0.08711633448030141
0.003409926651133627,Pride,Pride,0.26378676064385487
0.003409926651133627,Pride,Sadness,0.05374865308080105
0.003409926651133627,Pride,Shame,0.20186789861052207
0.003409926651133627,Sadness,Boredom,0.03497432439463501
0.003409926651133627,Sadness,Fear,0.6302443340475885
0.003409926651133627,Sadness,Happiness,0.03325086616690529
0.003409926651133627,Sadness,Joy,0.05554868118171784
0.003409926651133627,Sadness,Pride,0.0523066814402079
0.003409926651133627,Sadness,Sadness,0.06036017773597814
0.003409926651133627,Sadness,Shame,0.1333149350329674
0.003409926651133627,Shame,Boredom,0.04163169187575713
0.003409926651133627,Shame,Fear,0.026681440672153847
0.003409926651133627,Shame,Happiness,0.22850303043935288
0.003409926651133627,Shame,Joy,0.15584149349072807
0.003409926651133627,Shame,Pride,0.2539544900196282
0.003409926651133627,Shame,Sadness,0.040049090432474975
0.003409926651133627,Shame,Shame,0.2533387630699047
0.0032069172583789195,Boredom,Boredom,0.4209883195135042
0.0032069172583789195,Boredom,Fear,0.03502124847082945
0.0032069172583789195,Boredom,Happiness,0.1930461464022272
0.0032069172583789195,Boredom,Joy,0.1595149196618371
0.0032069172583789195,Boredom,Pride,0.08244345016073173
0.0032069172583789195,Boredom,Sadness,0.009838772216967858
0.0032069172583789195,Boredom,Shame,0.09914714357390239
0.0032069172583789195,Fear,Boredom,0.005535719035266979
0.0032069172583789195,Fear,Fear,0.6232192109984059
0.0032069172583789195,Fear,Happiness,0.013372306509661591
0.0032069172583789195,Fear,Joy,0.04568457725537241
0.0032069172583789195,Fear,Pride,0.021390030310959107
0.0032069172583789195,Fear,Sadness,0.17598155029028203
0.0032069172583789195,Fear,Shame,0.11481660560005177
0.0032069172583789195,Happiness,Boredom,0.46833330661019384
0.0032069172583789195,Happiness,Fear,0.007004060331800931
0.0032069172583789195,Happiness,Happiness,0.3538553595211671
0.0032069172583789195,Happiness,Joy,0.028976251912997474
0.0032069172583789195,Happiness,Pride,0.07482695163933313
0.0032069172583789195,Happiness,Sadness,0.00964347861728681
0.0032069172583789195,Happiness,Shame,0.05736059136722099
0.0032069172583789195,Joy,Boredom,0.011545601475395507
0.0032069172583789195,Joy,Fear,0.07458668074467788
0.0032069172583789195,Joy,Happiness,0.08091487066476442
0.0032069172583789195,Joy,Joy,0.3273890874153265
0.0032069172583789195,Joy,Pride,0.2622949371127161
0.0032069172583789195,Joy,Sadness,0.05266979451987731
0.0032069172583789195,Joy,Shame,0.1905990280672421
0.0032069172583789195,Pride,Boredom,0.05523526006880935
0.0032069172583789195,Pride,Fear,0.021069510954500617
0.0032069172583789195,Pride,Happiness,0.3027044449591711
0.0032069172583789195,Pride,Joy,0.10841336995133093
0.0032069172583789195,Pride,Pride,0.26003252836343194
0.0032069172583789195,Pride,Sadness,0.05344986820343281
0.0032069172583789195,Pride,Shame,0.19909501749932296
0.0032069172583789195,Sadness,Boredom,0.03858221272805164
0.0032069172583789195,Sadness,Fear,0.5719073609039701
0.0032069172583789195,Sadness,Happiness,0.042441834292848694
0.0032069172583789195,Sadness,Joy,0.06689092259808097
0.0032069172583789195,Sadness,Pride,0.061869046120667806
0.0032069172583789195,Sadness,Sadness,0.07286921394476824
0.0032069172583789195,Sadness,Shame,0.14543940941161249
0.0032069172583789195,Shame,Boredom,0.04094657355860315
0.0032069172583789195,Shame,Fear,0.02609671817423494
0.0032069172583789195,Shame,Happiness,0.22183952541732666
0.0032069172583789195,Shame,Joy,0.191212830845882
0.0032069172583789195,Shame,Pride,0.2484334367053792
0.0032069172583789195,Shame,Sadness,0.041237718981024546
0.0032069172583789195,Shame,Shame,0.2302331963175498
0.003314766275557392,Boredom,Boredom,0.4402835253037611
0.003314766275557392,Boredom,Fear,0.03503843720112459
0.003314766275557392,Boredom,Happiness,0.13640601654466158
0.003314766275557392,Boredom,Joy,0.17876382794329856
0.003314766275557392,Boredom,Pride,0.09098892583338405
0.003314766275557392,Boredom,Sadness,0.009881641341805553
0.003314766275557392,Boredom,Shame,0.10863762583196433
0.003314766275557392,Fear,Boredom,0.004307853450341754
0.003314766275557392,Fear,Fear,0.6820130071967686
0.003314766275557392,Fear,Happiness,0.007050423614899206
0.003314766275557392,Fear,Joy,0.03676963209076886
0.003314766275557392,Fear,Pride,0.020136914521245497
0.003314766275557392,Fear,Sadness,0.14053179244732036
0.003314766275557392,Fear,Shame,0.10919037667865619
0.003314766275557392,Happiness,Boredom,0.4452879562352943
0.003314766275557392,Happiness,Fear,0.005086104587429348
0.003314766275557392,Happiness,Happiness,0.38949797932212926
0.003314766275557392,Happiness,Joy,0.023604375432263854
0.003314766275557392,Happiness,Pride,0.07779826046301214
0.003314766275557392,Happiness,Sadness,0.007339239006212395
0.003314766275557392,Happiness,Shame,0.051386084953658484
0.003314766275557392,Joy,Boredom,0.008269499859496224
0.003314766275557392,Joy,Fear,0.08145023137019443
0.003314766275557392,Joy,Happiness,0.05420635939516133
0.003314766275557392,Joy,Joy,0.3164556379072305
0.003314766275557392,Joy,Pride,0.26568398462772186
0.003314766275557392,Joy,Sadness,0.04728064767566299
0.003314766275557392,Joy,Shame,0.22665363916453257
0.003314766275557392,Pride,Boredom,0.050103062383754
0.003314766275557392,Pride,Fear,0.014675755086822171
0.003314766275557392,Pride,Happiness,0.3086758096774907
0.003314766275557392,Pride,Joy,0.08260944356648217
0.003314766275557392,Pride,Pride,0.2671040622131648
0.003314766275557392,Pride,Sadness,0.04930139610075265
0.003314766275557392,Pride,Shame,0.22753047097153373
0.003314766275557392,Sadness,Boredom,0.033424156068805846
0.003314766275557392,Sadness,Fear,0.6055066547897007
0.003314766275557392,Sadness,Happiness,0.03219765290898144
0.003314766275557392,Sadness,Joy,0.058264733386878924
0.003314766275557392,Sadness,Pride,0.05613551837877737
0.003314766275557392,Sadness,Sadness,0.05997023958388297
0.003314766275557392,Sadness,Shame,0.15450104488297275
0.003314766275557392,Shame,Boredom,0.0345938569572406
0.003314766275557392,Shame,Fear,0.01910848418936362
0.003314766275557392,Shame,Happiness,0.19722640857031232
0.003314766275557392,Shame,Joy,0.16775424427702806
0.003314766275557392,Shame,Pride,0.2561591103780309
0.003314766275557392,Shame,Sadness,0.0340999195401814
0.003314766275557392,Shame,Shame,0.2910579760878432
0.003005344415214787,Boredom,Boredom,0.43996538701682353
0.003005344415214787,Boredom,Fear,0.032605265680584035
0.003005344415214787,Boredom,Happiness,0.18587495320758132
0.003005344415214787,Boredom,Joy,0.15477728423021622
0.003005344415214787,Boredom,Pride,0.07610110285279797
0.003005344415214787,Boredom,Sadness,0.006217507058549124
0.003005344415214787,Boredom,Shame,0.1044584999534478
0.003005344415214787,Fear,Boredom,0.004121183142489984
0.003005344415214787,Fear,Fear,0.7313411174527275
0.003005344415214787,Fear,Happiness,0.007909281704993764
0.003005344415214787,Fear,Joy,0.03216264793043199
0.003005344415214787,Fear,Pride,0.015230287498017019
0.003005344415214787,Fear,Sadness,0.11494026429702772
0.003005344415214787,Fear,Shame,0.0942952179743118
0.003005344415214787,Happiness,Boredom,0.47731427191390813
0.003005344415214787,Happiness,Fear,0.004076179930517867
0.003005344415214787,Happiness,Happiness,0.3870927219107294
0.003005344415214787,Happiness,Joy,0.020093914796168014
0.003005344415214787,Happiness,Pride,0.06607319037477952
0.003005344415214787,Happiness,Sadness,0.00572652860795098
0.003005344415214787,Happiness,Shame,0.03962319246594631
0.003005344415214787,Joy,Boredom,0.008487058578583236
0.003005344415214787,Joy,Fear,0.11785669945056901
0.003005344415214787,Joy,Happiness,0.07069402695864449
0.003005344415214787,Joy,Joy,0.31914386078547535
0.003005344415214787,Joy,Pride,0.24686929072197472
0.003005344415214787,Joy,Sadness,0.04527830483726223
0.003005344415214787,Joy,Shame,0.19167075866749073
0.003005344415214787,Pride,Boredom,0.06183142522129107
0.003005344415214787,Pride,Fear,0.016766980583120393
0.003005344415214787,Pride,Happiness,0.32953209207703754
0.003005344415214787,Pride,Joy,0.0942372704341242
0.003005344415214787,Pride,Pride,0.2548255576687337
0.003005344415214787,Pride,Sadness,0.049338236353118715
0.003005344415214787,Pride,Shame,0.19346843766257402
0.003005344415214787,Sadness,Boredom,0.03866691955047547
0.003005344415214787,Sadness,Fear,0.6456433218480039
0.003005344415214787,Sadness,Happiness,0.03418342713935658
0.003005344415214787,Sadness,Joy,0.053072445387494616
0.003005344415214787,Sadness,Pride,0.047517065822601165
0.003005344415214787,Sadness,Sadness,0.050157260374041064
0.003005344415214787,Sadness,Shame,0.13075955987802718
0.003005344415214787,Shame,Boredom,0.03974428297838297
0.003005344415214787,Shame,Fear,0.022414174841030084
0.003005344415214787,Shame,Happiness,0.21983265984909584
0.003005344415214787,Shame,Joy,0.17373662219223462
0.003005344415214787,Shame,Pride,0.2505154415082925
0.003005344415214787,Shame,Sadness,0.034518679680670426
0.003005344415214787,Shame,Shame,0.2592381389502938
0.0031382878587151186,Boredom,Boredom,0.45095393269604744
0.0031382878587151186,Boredom,Fear,0.027556490094393347
0.0031382878587151186,Boredom,Happiness,0.13457668543330872
0.0031382878587151186,Boredom,Joy,0.16630603954010245
0.0031382878587151186,Boredom,Pride,0.08329687527604838
0.0031382878587151186,Boredom,Sadness,0.005400167232873033
0.0031382878587151186,Boredom,Shame,0.13190980972722657
0.0031382878587151186,Fear,Boredom,0.0024208898337957137
0.0031382878587151186,Fear,Fear,0.8625648765590346
0.0031382878587151186,Fear,Happiness,0.002085924319112104
0.0031382878587151186,Fear,Joy,0.014848615272480296
0.0031382878587151186,Fear,Pride,0.007913364213889685
0.0031382878587151186,Fear,Sadness,0.06022224842838117
0.0031382878587151186,Fear,Shame,0.04994408137330621
0.0031382878587151186,Happiness,Boredom,0.42909947255146824
0.0031382878587151186,Happiness,Fear,0.002792033686799847
0.0031382878587151186,Happiness,Happiness,0.44836845823954236
0.0031382878587151186,Happiness,Joy,0.01628553028406204
0.0031382878587151186,Happiness,Pride,0.06743797395469997
0.0031382878587151186,Happiness,Sadness,0.0038365178319760274
0.0031382878587151186,Happiness,Shame,0.03218001345145155
0.0031382878587151186,Joy,Boredom,0.005696959067707142
0.0031382878587151186,Joy,Fear,0.0723797391193444
0.0031382878587151186,Joy,Happiness,0.04357747166306387
0.0031382878587151186,Joy,Joy,0.31523547533725793
0.0031382878587151186,Joy,Pride,0.27642996008282256
0.0031382878587151186,Joy,Sadness,0.033101206773701944
0.0031382878587151186,Joy,Shame,0.2535791879561017
0.0031382878587151186,Pride,Boredom,0.04477160525862381
0.0031382878587151186,Pride,Fear,0.007160919646150596
0.0031382878587151186,Pride,Happiness,0.3388797784637732
0.0031382878587151186,Pride,Joy,0.073914873336806
0.0031382878587151186,Pride,Pride,0.2657231457807945
0.0031382878587151186,Pride,Sadness,0.038649460804549424
0.0031382878587151186,Pride,Shame,0.23090021670930247
0.0031382878587151186,Sadness,Boredom,0.027357915317197997
0.0031382878587151186,Sadness,Fear,0.7456053484129508
0.0031382878587151186,Sadness,Happiness,0.020201306127282798
0.0031382878587151186,Sadness,Joy,0.03491421373337228
0.0031382878587151186,Sadness,Pride,0.03428446422062934
0.0031382878587151186,Sadness,Sadness,0.030089881130593025
0.0031382878587151186,Sadness,Shame,0.10754687105797411
0.0031382878587151186,Shame,Boredom,0.0280277714687619
0.0031382878587151186,Shame,Fear,0.009499837446014863
0.0031382878587151186,Shame,Happiness,0.16815708946541835
0.0031382878587151186,Shame,Joy,0.15844007703594382
0.0031382878587151186,Shame,Pride,0.2681223290074206
0.0031382878587151186,Shame,Sadness,0.02300482535161665
0.0031382878587151186,Shame,Shame,0.34474807022482334
0.0030174120701852835,Boredom,Boredom,0.3332801827590619
0.0030174120701852835,Boredom,Fear,0.03878624609664969
0.0030174120701852835,Boredom,Happiness,0.17025967106947737
0.0030174120701852835,Boredom,Joy,0.16569837130538612
0.0030174120701852835,Boredom,Pride,0.09581928627462769
0.0030174120701852835,Boredom,Sadness,0.014524990342025023
0.0030174120701852835,Boredom,Shame,0.1816312521527724
0.0030174120701852835,Fear,Boredom,0.011120724990031788
0.0030174120701852835,Fear,Fear,0.4621116918579136
0.0030174120701852835,Fear,Happiness,0.0216572628327637
0.0030174120701852835,Fear,Joy,0.06622947012318327
0.0030174120701852835,Fear,Pride,0.03306013193697244
0.0030174120701852835,Fear,Sadness,0.2295594543233874
0.0030174120701852835,Fear,Shame,0.17626126393574748
0.0030174120701852835,Happiness,Boredom,0.4238514387197898
0.0030174120701852835,Happiness,Fear,0.00947377330967442
0.0030174120701852835,Happiness,Happiness,0.319595446600597
0.0030174120701852835,Happiness,Joy,0.04946994455437811
0.0030174120701852835,Happiness,Pride,0.08503790155801572
0.0030174120701852835,Happiness,Sadness,0.01316116258819361
0.0030174120701852835,Happiness,Shame,0.09941033266935148
0.0030174120701852835,Joy,Boredom,0.009236307032317207
0.0030174120701852835,Joy,Fear,0.13464272874755948
0.0030174120701852835,Joy,Happiness,0.07079234789147679
0.0030174120701852835,Joy,Joy,0.27658867884568816
0.0030174120701852835,Joy,Pride,0.24181511144170426
0.0030174120701852835,Joy,Sadness,0.05337990597478202
0.0030174120701852835,Joy,Shame,0.21354492006647208
0.0030174120701852835,Pride,Boredom,0.06175050576371889
0.0030174120701852835,Pride,Fear,0.018958518402217153
0.0030174120701852835,Pride,Happiness,0.2543496490755512
0.0030174120701852835,Pride,Joy,0.13623751107174928
0.0030174120701852835,Pride,Pride,0.2553198690330137
0.0030174120701852835,Pride,Sadness,0.05133877463848567
0.0030174120701852835,Pride,Shame,0.22204517201526405
0.0030174120701852835,Sadness,Boredom,0.060627217786654385
0.0030174120701852835,Sadness,Fear,0.4139741140508119
0.0030174120701852835,Sadness,Happiness,0.05125338715961686
0.0030174120701852835,Sadness,Joy,0.0958659540144255
0.0030174120701852835,Sadness,Pride,0.08756162182196724
0.0030174120701852835,Sadness,Sadness,0.08921744208286081
0.0030174120701852835,Sadness,Shame,0.201500263083663
0.0030174120701852835,Shame,Boredom,0.04080823414893222
0.0030174120701852835,Shame,Fear,0.02354032851081073
0.0030174120701852835,Shame,Happiness,0.1825715600837062
0.0030174120701852835,Shame,Joy,0.22079437941876345
0.0030174120701852835,Shame,Pride,0.2493870989601043
0.0030174120701852835,Shame,Sadness,0.03941846698410959
0.0030174120701852835,Shame,Shame,0.24347993189357275
0.0030903024684698715,Boredom,Boredom,0.39190313285042566
0.0030903024684698715,Boredom,Fear,0.03491917581738983
0.0030903024684698715,Boredom,Happiness,0.19777178347050522
0.0030903024684698715,Boredom,Joy,0.1568485211494629
0.0030903024684698715,Boredom,Pride,0.08382540953444101
0.0030903024684698715,Boredom,Sadness,0.011218641999294654
0.0030903024684698715,Boredom,Shame,0.12351333517848023
0.0030903024684698715,Fear,Boredom,0.00787805565664174
0.0030903024684698715,Fear,Fear,0.5677851757818726
0.0030903024684698715,Fear,Happiness,0.01830213348261846
0.0030903024684698715,Fear,Joy,0.052092136483466264
0.0030903024684698715,Fear,Pride,0.024098918106609628
0.0030903024684698715,Fear,Sadness,0.1980897952664227
0.0030903024684698715,Fear,Shame,0.1317537852223683
0.0030903024684698715,Happiness,Boredom,0.46360799405509706
0.0030903024684698715,Happiness,Fear,0.008391477309909587
0.0030903024684698715,Happiness,Happiness,0.3352088656041764
0.0030903024684698715,Happiness,Joy,0.037220126068667266
0.0030903024684698715,Happiness,Pride,0.07678629480662406
0.0030903024684698715,Happiness,Sadness,0.011205644946278794
0.0030903024684698715,Happiness,Shame,0.0675795972092465
0.0030903024684698715,Joy,Boredom,0.011475568561678686
0.0030903024684698715,Joy,Fear,0.11008181673981383
0.0030903024684698715,Joy,Happiness,0.08591823975572112
0.0030903024684698715,Joy,Joy,0.2999080990024898
0.0030903024684698715,Joy,Pride,0.25108960057567126
0.0030903024684698715,Joy,Sadness,0.05393105534078848
0.0030903024684698715,Joy,Shame,0.18759562002383667
0.0030903024684698715,Pride,Boredom,0.06649189304400162
0.0030903024684698715,Pride,Fear,0.021667586983099625
0.0030903024684698715,Pride,Happiness,0.28704450271595294
0.0030903024684698715,Pride,Joy,0.12263031622771121
0.0030903024684698715,Pride,Pride,0.2535484109999401
0.0030903024684698715,Pride,Sadness,0.05289205421430043
0.0030903024684698715,Pride,Shame,0.19572523581499432
0.0030903024684698715,Sadness,Boredom,0.05377344375738406
0.0030903024684698715,Sadness,Fear,0.5124821400244592
0.0030903024684698715,Sadness,Happiness,0.04772775806800956
0.0030903024684698715,Sadness,Joy,0.07442289161735671
0.0030903024684698715,Sadness,Pride,0.07048646438614188
0.0030903024684698715,Sadness,Sadness,0.08557829436629975
0.0030903024684698715,Sadness,Shame,0.15552900778034934
0.0030903024684698715,Shame,Boredom,0.04275514249050409
0.0030903024684698715,Shame,Fear,0.026560722345066515
0.0030903024684698715,Shame,Happiness,0.2202679897214288
0.0030903024684698715,Shame,Joy,0.20243664086667154
0.0030903024684698715,Shame,Pride,0.24739928450484838
0.0030903024684698715,Shame,Sadness,0.04164349700623326
0.0030903024684698715,Shame,Shame,0.2189367230652471
0.0033277124052223427,Boredom,Boredom,0.4348876234914072
0.0033277124052223427,Boredom,Fear,0.034667890044668984
0.0033277124052223427,Boredom,Happiness,0.17371034829044296
0.0033277124052223427,Boredom,Joy,0.1724376905464112
0.0033277124052223427,Boredom,Pride,0.08471971675974589
0.0033277124052223427,Boredom,Sadness,0.009526718454797318
0.0033277124052223427,Boredom,Shame,0.0900500124125266
0.0033277124052223427,Fear,Boredom,0.004428732940312531
0.0033277124052223427,Fear,Fear,0.6726175378915642
0.0033277124052223427,Fear,Happiness,0.009198344653791808
0.0033277124052223427,Fear,Joy,0.03884813219748117
0.0033277124052223427,Fear,Pride,0.018064396326069262
0.0033277124052223427,Fear,Sadness,0.15860636133508174
0.0033277124052223427,Fear,Shame,0.09823649465569916
0.0033277124052223427,Happiness,Boredom,0.47023508556944305
0.0033277124052223427,Happiness,Fear,0.005928768994108943
0.0033277124052223427,Happiness,Happiness,0.36313825275319367
0.0033277124052223427,Happiness,Joy,0.024522521172624892
0.0033277124052223427,Happiness,Pride,0.07391483839102446
0.0033277124052223427,Happiness,Sadness,0.008562297575116461
0.0033277124052223427,Happiness,Shame,0.053698235544488625
0.0033277124052223427,Joy,Boredom,0.010667577700894324
0.0033277124052223427,Joy,Fear,0.07794142385044052
0.0033277124052223427,Joy,Happiness,0.06676000274475577
0.0033277124052223427,Joy,Joy,0.33658317194641135
0.0033277124052223427,Joy,Pride,0.2624161627373224
0.0033277124052223427,Joy,Sadness,0.052482527953927736
0.0033277124052223427,Joy,Shame,0.19314913306624795
0.0033277124052223427,Pride,Boredom,0.05472930574504425
0.0033277124052223427,Pride,Fear,0.020028009249771855
0.0033277124052223427,Pride,Happiness,0.31229086738457407
0.0033277124052223427,Pride,Joy,0.09244815863155498
0.0033277124052223427,Pride,Pride,0.2634157701312153
0.0033277124052223427,Pride,Sadness,0.05413890651380877
0.0033277124052223427,Pride,Shame,0.20294898234403028
0.0033277124052223427,Sadness,Boredom,0.034186597623096816
0.0033277124052223427,Sadness,Fear,0.6139632662984701
0.0033277124052223427,Sadness,Happiness,0.03653298867143909
0.0033277124052223427,Sadness,Joy,0.058766213422937516
0.0033277124052223427,Sadness,Pride,0.05549929530227831
0.0033277124052223427,Sadness,Sadness,0.06784360116712355
0.0033277124052223427,Sadness,Shame,0.1332080375146541
0.0033277124052223427,Shame,Boredom,0.040206140196454944
0.0033277124052223427,Shame,Fear,0.02479971223185395
0.0033277124052223427,Shame,Happiness,0.22404917947397976
0.0033277124052223427,Shame,Joy,0.17824015359516526
0.0033277124052223427,Shame,Pride,0.24955934519936557
0.0033277124052223427,Shame,Sadness,0.039945371423211216
0.0033277124052223427,Shame,Shame,0.24320009787996913
0.002990614180995989,Boredom,Boredom,0.3750828859331151
0.002990614180995989,Boredom,Fear,0.03400245222032468
0.002990614180995989,Boredom,Happiness,0.18154220949831743
0.002990614180995989,Boredom,Joy,0.1618781169378986
0.002990614180995989,Boredom,Pride,0.08877248908442487
0.002990614180995989,Boredom,Sadness,0.011606416785372756
0.002990614180995989,Boredom,Shame,0.1471154295405465
0.002990614180995989,Fear,Boredom,0.008081326506108018
0.002990614180995989,Fear,Fear,0.5404926650286537
0.002990614180995989,Fear,Happiness,0.017649722017416818
0.002990614180995989,Fear,Joy,0.05456321501442304
0.002990614180995989,Fear,Pride,0.026202272591223742
0.002990614180995989,Fear,Sadness,0.20528432943440791
0.002990614180995989,Fear,Shame,0.1477264694077667
0.002990614180995989,Happiness,Boredom,0.4463606954774045
0.002990614180995989,Happiness,Fear,0.008231827711936979
0.002990614180995989,Happiness,Happiness,0.3402550763066165
0.002990614180995989,Happiness,Joy,0.03797005492696725
0.002990614180995989,Happiness,Pride,0.08038619530073576
0.002990614180995989,Happiness,Sadness,0.011402441016940894
0.002990614180995989,Happiness,Shame,0.07539370925939765
0.002990614180995989,Joy,Boredom,0.01014396269513311
0.002990614180995989,Joy,Fear,0.09743085362155052
0.002990614180995989,Joy,Happiness,0.07542160007189215
0.002990614180995989,Joy,Joy,0.30498846362859794
0.002990614180995989,Joy,Pride,0.2557448804967776
0.002990614180995989,Joy,Sadness,0.05280272760962086
0.002990614180995989,Joy,Shame,0.20346751187642775
0.002990614180995989,Pride,Boredom,0.06038417040040383
0.002990614180995989,Pride,Fear,0.019420331883705132
0.002990614180995989,Pride,Happiness,0.27955001219641823
0.002990614180995989,Pride,Joy,0.12159420053862899
0.002990614180995989,Pride,Pride,0.2564128374013481
0.002990614180995989,Pride,Sadness,0.05171130888791231
0.002990614180995989,Pride,Shame,0.2109271386915834
0.002990614180995989,Sadness,Boredom,0.05134685335054055
0.002990614180995989,Sadness,Fear,0.4806476045940177
0.002990614180995989,Sadness,Happiness,0.045807005696199964
0.002990614180995989,Sadness,Joy,0.07935805476941356
0.002990614180995989,Sadness,Pride,0.07530955484717788
0.002990614180995989,Sadness,Sadness,0.09376141665444375
0.002990614180995989,Sadness,Shame,0.17376951008820662
0.002990614180995989,Shame,Boredom,0.03855735750218087
0.002990614180995989,Shame,Fear,0.02367798101532804
0.002990614180995989,Shame,Happiness,0.20256085014999714
0.002990614180995989,Shame,Joy,0.20774052092291878
0.002990614180995989,Shame,Pride,0.2496311544118902
0.002990614180995989,Shame,Sadness,0.04023397672501955
0.002990614180995989,Shame,Shame,0.23759815927266553
0.0031244678676651413,Boredom,Boredom,0.42207616430034584
0.0031244678676651413,Boredom,Fear,0.03372683302663031
0.0031244678676651413,Boredom,Happiness,0.1934784189887203
0.0031244678676651413,Boredom,Joy,0.1573558392439511
0.0031244678676651413,Boredom,Pride,0.08079545592184253
0.0031244678676651413,Boredom,Sadness,0.00946962844262393
0.0031244678676651413,Boredom,Shame,0.10309766007588528
0.0031244678676651413,Fear,Boredom,0.0058072323650921786
0.0031244678676651413,Fear,Fear,0.6210047480297666
0.0031244678676651413,Fear,Happiness,0.013470974098975188
0.0031244678676651413,Fear,Joy,0.04605774152478291
0.0031244678676651413,Fear,Pride,0.02165623261112464
0.0031244678676651413,Fear,Sadness,0.1775669953360082
0.0031244678676651413,Fear,Shame,0.11443607603425016
0.0031244678676651413,Happiness,Boredom,0.4685660918303686
0.0031244678676651413,Happiness,Fear,0.0066454230464579305
0.0031244678676651413,Happiness,Happiness,0.35539303405507483
0.0031244678676651413,Happiness,Joy,0.029412119588977242
0.0031244678676651413,Happiness,Pride,0.07407753422075464
0.0031244678676651413,Happiness,Sadness,0.00925038470583025
0.0031244678676651413,Happiness,Shame,0.056655412552536144
0.0031244678676651413,Joy,Boredom,0.011478356641998423
0.0031244678676651413,Joy,Fear,0.07151488821059099
0.0031244678676651413,Joy,Happiness,0.08619110120313728
0.0031244678676651413,Joy,Joy,0.32434867773382636
0.0031244678676651413,Joy,Pride,0.2619262594876402
0.0031244678676651413,Joy,Sadness,0.052579623911583835
0.0031244678676651413,Joy,Shame,0.1919610928112226
0.0031244678676651413,Pride,Boredom,0.058372738522791685
0.0031244678676651413,Pride,Fear,0.020077059801281244
0.0031244678676651413,Pride,Happiness,0.301623968973809
0.0031244678676651413,Pride,Joy,0.11057057900986009
0.0031244678676651413,Pride,Pride,0.258194907433576
0.0031244678676651413,Pride,Sadness,0.052217658367046796
0.0031244678676651413,Pride,Shame,0.19894308789163492
0.0031244678676651413,Sadness,Boredom,0.043245784060093204
0.0031244678676651413,Sadness,Fear,0.5659869004930416
0.0031244678676651413,Sadness,Happiness,0.04509177962329754
0.0031244678676651413,Sadness,Joy,0.06770675473303009
0.0031244678676651413,Sadness,Pride,0.06155353595879858
0.0031244678676651413,Sadness,Sadness,0.07010437545339708
0.0031244678676651413,Sadness,Shame,0.14631086967834192
0.0031244678676651413,Shame,Boredom,0.04186797228416571
0.0031244678676651413,Shame,Fear,0.024980157715789993
0.0031244678676651413,Shame,Happiness,0.22011542736745085
0.0031244678676651413,Shame,Joy,0.1925431814716557
0.0031244678676651413,Shame,Pride,0.24860116798016582
0.0031244678676651413,Shame,Sadness,0.03873684752385651
0.0031244678676651413,Shame,Shame,0.2331552456569149
0.0032231632020168354,Boredom,Boredom,0.46935531301928235
0.0032231632020168354,Boredom,Fear,0.032460854009076175
0.0032231632020168354,Boredom,Happiness,0.1897510794118912
0.0032231632020168354,Boredom,Joy,0.15751261522661122
0.0032231632020168354,Boredom,Pride,0.07129825245318543
0.0032231632020168354,Boredom,Sadness,0.00503724132467544
0.0032231632020168354,Boredom,Shame,0.07458464455527809
0.0032231632020168354,Fear,Boredom,0.002559834092242526
0.0032231632020168354,Fear,Fear,0.8513236197787791
0.0032231632020168354,Fear,Happiness,0.0038728098848921154
0.0032231632020168354,Fear,Joy,0.017364255124056687
0.0032231632020168354,Fear,Pride,0.007445490452565
0.0032231632020168354,Fear,Sadness,0.07410007662068131
0.0032231632020168354,Fear,Shame,0.043333914046783335
0.0032231632020168354,Happiness,Boredom,0.5086985158543682
0.0032231632020168354,Happiness,Fear,0.002969211683335632
0.0032231632020168354,Happiness,Happiness,0.37982069924885925
0.0032231632020168354,Happiness,Joy,0.016187280608971122
0.0032231632020168354,Happiness,Pride,0.0584843994621851
0.0032231632020168354,Happiness,Sadness,0.004396122673069033
0.0032231632020168354,Happiness,Shame,0.029443770469211924
0.0032231632020168354,Joy,Boredom,0.010349602995358054
0.0032231632020168354,Joy,Fear,0.09456006894557155
0.0032231632020168354,Joy,Happiness,0.07087309172988647
0.0032231632020168354,Joy,Joy,0.35949433560772337
0.0032231632020168354,Joy,Pride,0.25365134841330383
0.0032231632020168354,Joy,Sadness,0.044885864515876686
0.0032231632020168354,Joy,Shame,0.16618568779228013
0.0032231632020168354,Pride,Boredom,0.061618442730577434
0.0032231632020168354,Pride,Fear,0.017927435214805765
0.0032231632020168354,Pride,Happiness,0.35302040439171634
0.0032231632020168354,Pride,Joy,0.09008864813404736
0.0032231632020168354,Pride,Pride,0.253941655600509
0.0032231632020168354,Pride,Sadness,0.05274492507410207
0.0032231632020168354,Pride,Shame,0.17065848885424192
0.0032231632020168354,Sadness,Boredom,0.028396705515840726
0.0032231632020168354,Sadness,Fear,0.7764221340026498
0.0032231632020168354,Sadness,Happiness,0.025217634595154286
0.0032231632020168354,Sadness,Joy,0.03211724760826902
0.0032231632020168354,Sadness,Pride,0.029027315581619913
0.0032231632020168354,Sadness,Sadness,0.03457634124851872
0.0032231632020168354,Sadness,Shame,0.07424262144794742
0.0032231632020168354,Shame,Boredom,0.043054107140629266
0.0032231632020168354,Shame,Fear,0.024317966757059377
0.0032231632020168354,Shame,Happiness,0.2433094228783549
0.0032231632020168354,Shame,Joy,0.16057189863287338
0.0032231632020168354,Shame,Pride,0.2476491732261412
0.0032231632020168354,Shame,Sadness,0.03727367407078673
0.0032231632020168354,Shame,Shame,0.24382375729415479
0.0031054640228744797,Boredom,Boredom,0.4531000658112611
0.0031054640228744797,Boredom,Fear,0.03208228374044657
0.0031054640228744797,Boredom,Happiness,0.17691326158803386
0.0031054640228744797,Boredom,Joy,0.1593517637490609
0.0031054640228744797,Boredom,Pride,0.07620021646383696
0.0031054640228744797,Boredom,Sadness,0.005771071056836122
0.0031054640228744797,Boredom,Shame,0.09658133759052466
0.0031054640228744797,Fear,Boredom,0.0032634811642193924
0.0031054640228744797,Fear,Fear,0.7846261195232207
0.0031054640228744797,Fear,Happiness,0.005454065278951495
0.0031054640228744797,Fear,Joy,0.025514224092769423
0.0031054640228744797,Fear,Pride,0.012525386788286475
0.0031054640228744797,Fear,Sadness,0.09264537803292243
0.0031054640228744797,Fear,Shame,0.07597134511963
0.0031054640228744797,Happiness,Boredom,0.4777640004472539
0.0031054640228744797,Happiness,Fear,0.003492885070836281
0.0031054640228744797,Happiness,Happiness,0.39502765434603426
0.0031054640228744797,Happiness,Joy,0.0182319684710103
0.0031054640228744797,Happiness,Pride,0.06453665634281855
0.0031054640228744797,Happiness,Sadness,0.005020989295119768
0.0031054640228744797,Happiness,Shame,0.035925846026927076
0.0031054640228744797,Joy,Boredom,0.008791414002477137
0.0031054640228744797,Joy,Fear,0.09272816260208823
0.0031054640228744797,Joy,Happiness,0.0654019400507664
0.0031054640228744797,Joy,Joy,0.3364443161438265
0.0031054640228744797,Joy,Pride,0.25687677795516084
0.0031054640228744797,Joy,Sadness,0.04397221011806948
0.0031054640228744797,Joy,Shame,0.19578517912761148
0.0031054640228744797,Pride,Boredom,0.05740164666132077
0.0031054640228744797,Pride,Fear,0.0153742878891924
0.0031054640228744797,Pride,Happiness,0.3376072674988895
0.0031054640228744797,Pride,Joy,0.08834910431862819
0.0031054640228744797,Pride,Pride,0.25715024787710694
0.0031054640228744797,Pride,Sadness,0.049098948928633916
0.0031054640228744797,Pride,Shame,0.1950184968262286
0.0031054640228744797,Sadness,Boredom,0.03168005663751922
0.0031054640228744797,Sadness,Fear,0.6947575939127957
0.0031054640228744797,Sadness,Happiness,0.02967134290015214
0.0031054640228744797,Sadness,Joy,0.04474454993492314
0.0031054640228744797,Sadness,Pride,0.040836237971823286
0.0031054640228744797,Sadness,Sadness,0.042398248787134794
0.0031054640228744797,Sadness,Shame,0.11591196985565164
0.0031054640228744797,Shame,Boredom,0.038529915251546
0.0031054640228744797,Shame,Fear,0.020954635259099796
0.0031054640228744797,Shame,Happiness,0.2171073543702579
0.0031054640228744797,Shame,Joy,0.16702649477731923
0.0031054640228744797,Shame,Pride,0.25198928042002566
0.0031054640228744797,Shame,Sadness,0.03341764771966721
0.0031054640228744797,Shame,Shame,0.2709746722020841
0.0031643208400260275,Boredom,Boredom,0.38658432109220153
0.0031643208400260275,Boredom,Fear,0.035011528620127165
0.0031643208400260275,Boredom,Happiness,0.1658375440917343
0.0031643208400260275,Boredom,Joy,0.16761926742920172
0.0031643208400260275,Boredom,Pride,0.08993683480992311
0.0031643208400260275,Boredom,Sadness,0.013082179728364835
0.0031643208400260275,Boredom,Shame,0.14192832422844726
0.0031643208400260275,Fear,Boredom,0.00782039824288555
0.0031643208400260275,Fear,Fear,0.49486918778658884
0.0031643208400260275,Fear,Happiness,0.018369773926892374
0.0031643208400260275,Fear,Joy,0.06258659672326705
0.0031643208400260275,Fear,Pride,0.031068539907872922
0.0031643208400260275,Fear,Sadness,0.21730483647333146
0.0031643208400260275,Fear,Shame,0.16798066693916208
0.0031643208400260275,Happiness,Boredom,0.4355451862542848
0.0031643208400260275,Happiness,Fear,0.009294248941817001
0.0031643208400260275,Happiness,Happiness,0.33898535043449196
0.0031643208400260275,Happiness,Joy,0.041973963069648686
0.0031643208400260275,Happiness,Pride,0.08535737589527295
0.0031643208400260275,Happiness,Sadness,0.012906324934191452
0.0031643208400260275,Happiness,Shame,0.07593755047029323
0.0031643208400260275,Joy,Boredom,0.01013296385309122
0.0031643208400260275,Joy,Fear,0.06449015285258647
0.0031643208400260275,Joy,Happiness,0.07056949855272565
0.0031643208400260275,Joy,Joy,0.31252671227904416
0.0031643208400260275,Joy,Pride,0.26698558033353
0.0031643208400260275,Joy,Sadness,0.05308924374860937
0.0031643208400260275,Joy,Shame,0.22220584838041302
0.0031643208400260275,Pride,Boredom,0.050371843778830465
0.0031643208400260275,Pride,Fear,0.01851523482195047
0.0031643208400260275,Pride,Happiness,0.26590351683077196
0.0031643208400260275,Pride,Joy,0.12595978084962942
0.0031643208400260275,Pride,Pride,0.2608053906366337
0.0031643208400260275,Pride,Sadness,0.05171184391924017
0.0031643208400260275,Pride,Shame,0.22673238916294333
0.0031643208400260275,Sadness,Boredom,0.04623170273358701
0.0031643208400260275,Sadness,Fear,0.4457238399986124
0.0031643208400260275,Sadness,Happiness,0.048051815119585325
0.0031643208400260275,Sadness,Joy,0.08746693925238712
0.0031643208400260275,Sadness,Pride,0.08400187329310682
0.0031643208400260275,Sadness,Sadness,0.08998443376469184
0.0031643208400260275,Sadness,Shame,0.19853939583802904
0.0031643208400260275,Shame,Boredom,0.03632620124028472
0.0031643208400260275,Shame,Fear,0.022729425190771164
0.0031643208400260275,Shame,Happiness,0.18270722631291597
0.0031643208400260275,Shame,Joy,0.2153622903197526
0.0031643208400260275,Shame,Pride,0.2517104390541649
0.0031643208400260275,Shame,Sadness,0.04039157956352438
0.0031643208400260275,Shame,Shame,0.25077283831858577
0.00316862403999233,Boredom,Boredom,0.40210382767034286
0.00316862403999233,Boredom,Fear,0.034466712564310054
0.00316862403999233,Boredom,Happiness,0.15962333261510286
0.00316862403999233,Boredom,Joy,0.16915286256186124
0.00316862403999233,Boredom,Pride,0.09176813866702552
0.00316862403999233,Boredom,Sadness,0.011516412286329214
0.00316862403999233,Boredom,Shame,0.13136871363502803
0.00316862403999233,Fear,Boredom,0.007190692975951229
0.00316862403999233,Fear,Fear,0.5186035037939547
0.00316862403999233,Fear,Happiness,0.015282180232893978
0.00316862403999233,Fear,Joy,0.05883381873446038
0.00316862403999233,Fear,Pride,0.030387344397320513
0.00316862403999233,Fear,Sadness,0.20447540015656782
0.00316862403999233,Fear,Shame,0.16522705970885151
0.00316862403999233,Happiness,Boredom,0.4299727122276916
0.00316862403999233,Happiness,Fear,0.008180354861063811
0.00316862403999233,Happiness,Happiness,0.35504210235408334
0.00316862403999233,Happiness,Joy,0.03646279211261202
0.00316862403999233,Happiness,Pride,0.08612155959275371
0.00316862403999233,Happiness,Sadness,0.011241327436508394
0.00316862403999233,Happiness,Shame,0.07297915141528727
0.00316862403999233,Joy,Boredom,0.009197770788355899
0.00316862403999233,Joy,Fear,0.05962748158024003
0.00316862403999233,Joy,Happiness,0.06513750410444702
0.00316862403999233,Joy,Joy,0.30987476284845467
0.00316862403999233,Joy,Pride,0.2701098469388184
0.00316862403999233,Joy,Sadness,0.04983504741992579
0.00316862403999233,Joy,Shame,0.2362175863197582
0.00316862403999233,Pride,Boredom,0.046327083392391964
0.00316862403999233,Pride,Fear,0.016399810240286063
0.00316862403999233,Pride,Happiness,0.2701936297026204
0.00316862403999233,Pride,Joy,0.1148633992856812
0.00316862403999233,Pride,Pride,0.2642999613844162
0.00316862403999233,Pride,Sadness,0.04919520084610344
0.00316862403999233,Pride,Shame,0.23872091514850047
0.00316862403999233,Sadness,Boredom,0.04163659413311775
0.00316862403999233,Sadness,Fear,0.46243744470004816
0.00316862403999233,Sadness,Happiness,0.04503704741183844
0.00316862403999233,Sadness,Joy,0.08399015869607779
0.00316862403999233,Sadness,Pride,0.08113838787261676
0.00316862403999233,Sadness,Sadness,0.08321798292916935
0.00316862403999233,Sadness,Shame,0.20254238425713153
0.00316862403999233,Shame,Boredom,0.034131667206858236
0.00316862403999233,Shame,Fear,0.02030513874288326
0.00316862403999233,Shame,Happiness,0.17516094809876043
0.00316862403999233,Shame,Joy,0.20633498568787023
0.00316862403999233,Shame,Pride,0.2536379955160023
0.00316862403999233,Shame,Sadness,0.036238476325259186
0.00316862403999233,Shame,Shame,0.2741907884223664
0.003259133723624889,Boredom,Boredom,0.37848577506770165
0.003259133723624889,Boredom,Fear,0.036089279038763265
0.003259133723624889,Boredom,Happiness,0.16037502598235234
0.003259133723624889,Boredom,Joy,0.16996263844343032
0.003259133723624889,Boredom,Pride,0.09098892716228668
0.003259133723624889,Boredom,Sadness,0.01241364926743635
0.003259133723624889,Boredom,Shame,0.15168470503802975
0.003259133723624889,Fear,Boredom,0.007936508175445322
0.003259133723624889,Fear,Fear,0.514073668915899
0.003259133723624889,Fear,Happiness,0.016702196762705308
0.003259133723624889,Fear,Joy,0.05989934768481306
0.003259133723624889,Fear,Pride,0.030840105745957233
0.003259133723624889,Fear,Sadness,0.20761196939417553
0.003259133723624889,Fear,Shame,0.16293620332100428
0.003259133723624889,Happiness,Boredom,0.4363174015639923
0.003259133723624889,Happiness,Fear,0.00873709051580332
0.003259133723624889,Happiness,Happiness,0.34325529430736484
0.003259133723624889,Happiness,Joy,0.03755552117561192
0.003259133723624889,Happiness,Pride,0.08494700757316441
0.003259133723624889,Happiness,Sadness,0.01235445588010434
0.003259133723624889,Happiness,Shame,0.07683322898395915
0.003259133723624889,Joy,Boredom,0.00892606430962885
0.003259133723624889,Joy,Fear,0.08885524509411016
0.003259133723624889,Joy,Happiness,0.0669971976968417
0.003259133723624889,Joy,Joy,0.30349621693320644
0.003259133723624889,Joy,Pride,0.25709079539793456
0.003259133723624889,Joy,Sadness,0.05178116316953104
0.003259133723624889,Joy,Shame,0.22285331739874717
0.003259133723624889,Pride,Boredom,0.05398630097912552
0.003259133723624889,Pride,Fear,0.017498871696528334
0.003259133723624889,Pride,Happiness,0.2694364091133304
0.003259133723624889,Pride,Joy,0.11735831817847589
0.003259133723624889,Pride,Pride,0.259379152040332
0.003259133723624889,Pride,Sadness,0.05069724665761589
0.003259133723624889,Pride,Shame,0.2316437013345919
0.003259133723624889,Sadness,Boredom,0.05185024972160988
0.003259133723624889,Sadness,Fear,0.4581763518384724
0.003259133723624889,Sadness,Happiness,0.047279217723864814
0.003259133723624889,Sadness,Joy,0.08515463036936609
0.003259133723624889,Sadness,Pride,0.07907049060997381
0.003259133723624889,Sadness,Sadness,0.08174790172078908
0.003259133723624889,Sadness,Shame,0.19672115801592388
0.003259133723624889,Shame,Boredom,0.03636373903564826
0.003259133723624889,Shame,Fear,0.021528489587708054
0.003259133723624889,Shame,Happiness,0.18186300918487752
0.003259133723624889,Shame,Joy,0.21221201594396474
0.003259133723624889,Shame,Pride,0.2509840652580808
0.003259133723624889,Shame,Sadness,0.03883408011883442
0.003259133723624889,Shame,Shame,0.2582146008708861
0.0031390113968873343,Boredom,Boredom,0.4290549290003193
0.0031390113968873343,Boredom,Fear,0.03349093978790065
0.0031390113968873343,Boredom,Happiness,0.1905755925469411
0.0031390113968873343,Boredom,Joy,0.15791420043507068
0.0031390113968873343,Boredom,Pride,0.08059969960985203
0.0031390113968873343,Boredom,Sadness,0.0091496043157645
0.0031390113968873343,Boredom,Shame,0.09921503430415164
0.0031390113968873343,Fear,Boredom,0.005522643040423853
0.0031390113968873343,Fear,Fear,0.6290024057998514
0.0031390113968873343,Fear,Happiness,0.012604644917676044
0.0031390113968873343,Fear,Joy,0.04492480542587886
0.0031390113968873343,Fear,Pride,0.021131816778920506
0.0031390113968873343,Fear,Sadness,0.17380292477231246
0.0031390113968873343,Fear,Shame,0.113010759264937
0.0031390113968873343,Happiness,Boredom,0.46988921947143547
0.0031390113968873343,Happiness,Fear,0.0062700115709051615
0.0031390113968873343,Happiness,Happiness,0.3584306353518983
0.0031390113968873343,Happiness,Joy,0.027859067964397514
0.0031390113968873343,Happiness,Pride,0.07359592157981373
0.0031390113968873343,Happiness,Sadness,0.008837099657175941
0.0031390113968873343,Happiness,Shame,0.05511804440437367
0.0031390113968873343,Joy,Boredom,0.01124577234958112
0.0031390113968873343,Joy,Fear,0.06802753273928733
0.0031390113968873343,Joy,Happiness,0.08340244010458892
0.0031390113968873343,Joy,Joy,0.32779334179322445
0.0031390113968873343,Joy,Pride,0.26266886222051494
0.0031390113968873343,Joy,Sadness,0.05220217816168756
0.0031390113968873343,Joy,Shame,0.19465987263111517
0.0031390113968873343,Pride,Boredom,0.055349354712058575
0.0031390113968873343,Pride,Fear,0.019590264392468037
0.0031390113968873343,Pride,Happiness,0.30458182815568857
0.0031390113968873343,Pride,Joy,0.10729276744570895
0.0031390113968873343,Pride,Pride,0.25975928050224617
0.0031390113968873343,Pride,Sadness,0.052343709576785157
0.0031390113968873343,Pride,Shame,0.201082795215045
0.0031390113968873343,Sadness,Boredom,0.04003919011243232
0.0031390113968873343,Sadness,Fear,0.5711522978975782
0.0031390113968873343,Sadness,Happiness,0.04357602298262424
0.0031390113968873343,Sadness,Joy,0.06653574423509657
0.0031390113968873343,Sadness,Pride,0.061223212628314656
0.0031390113968873343,Sadness,Sadness,0.07157353377659643
0.0031390113968873343,Sadness,Shame,0.14589999836735737
0.0031390113968873343,Shame,Boredom,0.04088352617163345
0.0031390113968873343,Shame,Fear,0.024406432912755845
0.0031390113968873343,Shame,Happiness,0.21895575497485872
0.0031390113968873343,Shame,Joy,0.18948404132551516
0.0031390113968873343,Shame,Pride,0.2486588336535679
0.0031390113968873343,Shame,Sadness,0.038790272022815195
0.0031390113968873343,Shame,Shame,0.23882113893885362
0.003238503474616657,Boredom,Boredom,0.4166089806815886
0.003238503474616657,Boredom,Fear,0.03560088737859439
0.003238503474616657,Boredom,Happiness,0.1944756790847367
0.003238503474616657,Boredom,Joy,0.1623782056195407
0.003238503474616657,Boredom,Pride,0.08359281097182605
0.003238503474616657,Boredom,Sadness,0.010769700791730496
0.003238503474616657,Boredom,Shame,0.0965737354719829
0.003238503474616657,Fear,Boredom,0.006061924681132801
0.003238503474616657,Fear,Fear,0.5960820229995216
0.003238503474616657,Fear,Happiness,0.015534445552680505
0.003238503474616657,Fear,Joy,0.04971804245671507
0.003238503474616657,Fear,Pride,0.023251486777297676
0.003238503474616657,Fear,Sadness,0.18303312011746276
0.003238503474616657,Fear,Shame,0.12631895741518992
0.003238503474616657,Happiness,Boredom,0.4680661266691659
0.003238503474616657,Happiness,Fear,0.00798751128567348
0.003238503474616657,Happiness,Happiness,0.34743175257780207
0.003238503474616657,Happiness,Joy,0.03096478835981632
0.003238503474616657,Happiness,Pride,0.07599024986858265
0.003238503474616657,Happiness,Sadness,0.01053699720534127
0.003238503474616657,Happiness,Shame,0.059022574033618144
0.003238503474616657,Joy,Boredom,0.011751095473521095
0.003238503474616657,Joy,Fear,0.07793579742422545
0.003238503474616657,Joy,Happiness,0.08168376400202508
0.003238503474616657,Joy,Joy,0.32426546903103914
0.003238503474616657,Joy,Pride,0.2610923710191163
0.003238503474616657,Joy,Sadness,0.05355210088429047
0.003238503474616657,Joy,Shame,0.18971940216578254
0.003238503474616657,Pride,Boredom,0.05532284509377604
0.003238503474616657,Pride,Fear,0.022568667047442093
0.003238503474616657,Pride,Happiness,0.2988690796796753
0.003238503474616657,Pride,Joy,0.11252413490751889
0.003238503474616657,Pride,Pride,0.2599786328237927
0.003238503474616657,Pride,Sadness,0.054175258917068564
0.003238503474616657,Pride,Shame,0.19656138153072666
0.003238503474616657,Sadness,Boredom,0.039973769736792585
0.003238503474616657,Sadness,Fear,0.549157859277221
0.003238503474616657,Sadness,Happiness,0.04448329425917492
0.003238503474616657,Sadness,Joy,0.07104421874499389
0.003238503474616657,Sadness,Pride,0.06593695901201382
0.003238503474616657,Sadness,Sadness,0.07586084638409626
0.003238503474616657,Sadness,Shame,0.15354305258570744
0.003238503474616657,Shame,Boredom,0.041133996266978154
0.003238503474616657,Shame,Fear,0.027616109904998916
0.003238503474616657,Shame,Happiness,0.2217815953964008
0.003238503474616657,Shame,Joy,0.19677248477842005
0.003238503474616657,Shame,Pride,0.24851768487745363
0.003238503474616657,Shame,Sadness,0.04239987683440093
0.003238503474616657,Shame,Shame,0.22177825194134757
0.0032080354476855945,Boredom,Boredom,0.38838330414167793
0.0032080354476855945,Boredom,Fear,0.035277722331046084
0.0032080354476855945,Boredom,Happiness,0.16296218603988274
0.0032080354476855945,Boredom,Joy,0.16736256571780028
0.0032080354476855945,Boredom,Pride,0.09034714184616574
0.0032080354476855945,Boredom,Sadness,0.012664702404519218
0.0032080354476855945,Boredom,Shame,0.1430023775189081
0.0032080354476855945,Fear,Boredom,0.007780691412078058
0.0032080354476855945,Fear,Fear,0.5072159352125496
0.0032080354476855945,Fear,Happiness,0.017272554306655027
0.0032080354476855945,Fear,Joy,0.06071887910189017
0.0032080354476855945,Fear,Pride,0.0312232900165367
0.0032080354476855945,Fear,Sadness,0.21183546077416576
0.0032080354476855945,Fear,Shame,0.16395318917612473
0.0032080354476855945,Happiness,Boredom,0.4353910397492839
0.0032080354476855945,Happiness,Fear,0.008941106417790457
0.0032080354476855945,Happiness,Happiness,0.34251051732659793
0.0032080354476855945,Happiness,Joy,0.03931538452964688
0.0032080354476855945,Happiness,Pride,0.08534574465107785
0.0032080354476855945,Happiness,Sadness,0.012544112055226595
0.0032080354476855945,Happiness,Shame,0.07595209527037627
0.0032080354476855945,Joy,Boredom,0.009757928494464933
0.0032080354476855945,Joy,Fear,0.06735673398342078
0.0032080354476855945,Joy,Happiness,0.06818664488605901
0.0032080354476855945,Joy,Joy,0.3117839758321986
0.0032080354476855945,Joy,Pride,0.2664624556141491
0.0032080354476855945,Joy,Sadness,0.052240843252819524
0.0032080354476855945,Joy,Shame,0.2242114179368879
0.0032080354476855945,Pride,Boredom,0.05063832798594678
0.0032080354476855945,Pride,Fear,0.017869494761289104
0.0032080354476855945,Pride,Happiness,0.26828691751787165
0.0032080354476855945,Pride,Joy,0.12069605308157294
0.0032080354476855945,Pride,Pride,0.26107165174418984
0.0032080354476855945,Pride,Sadness,0.051191216124343165
0.0032080354476855945,Pride,Shame,0.23024633878478593
0.0032080354476855945,Sadness,Boredom,0.04825668470669589
0.0032080354476855945,Sadness,Fear,0.4552693531007983
0.0032080354476855945,Sadness,Happiness,0.04694322011441604
0.0032080354476855945,Sadness,Joy,0.08575820709014123
0.0032080354476855945,Sadness,Pride,0.08117628674746767
0.0032080354476855945,Sadness,Sadness,0.08572257005581016
0.0032080354476855945,Sadness,Shame,0.19687367818467044
0.0032080354476855945,Shame,Boredom,0.036004081663198864
0.0032080354476855945,Shame,Fear,0.022011088316767475
0.0032080354476855945,Shame,Happiness,0.18183565303880941
0.0032080354476855945,Shame,Joy,0.21257513684964002
0.0032080354476855945,Shame,Pride,0.2517337033328356
0.0032080354476855945,Shame,Sadness,0.0397867002617944
0.0032080354476855945,Shame,Shame,0.25605363653695373
0.0032600431600202625,Boredom,Boredom,0.4052808891554556
0.0032600431600202625,Boredom,Fear,0.03526839335296212
0.0032600431600202625,Boredom,Happiness,0.15571976560932557
0.0032600431600202625,Boredom,Joy,0.172810164135491
0.0032600431600202625,Boredom,Pride,0.09225297553894882
0.0032600431600202625,Boredom,Sadness,0.011687489509962618
0.0032600431600202625,Boredom,Shame,0.1269803226978543
0.0032600431600202625,Fear,Boredom,0.006676202339462589
0.0032600431600202625,Fear,Fear,0.5400100614379318
0.0032600431600202625,Fear,Happiness,0.013785011146324312
0.0032600431600202625,Fear,Joy,0.055396572283231284
0.0032600431600202625,Fear,Pride,0.02952636693309278
0.0032600431600202625,Fear,Sadness,0.19909096743146196
0.0032600431600202625,Fear,Shame,0.1555148184284953
0.0032600431600202625,Happiness,Boredom,0.43248421626366723
0.0032600431600202625,Happiness,Fear,0.007863886507836086
0.0032600431600202625,Happiness,Happiness,0.357159844705818
0.0032600431600202625,Happiness,Joy,0.03325261591257876
0.0032600431600202625,Happiness,Pride,0.08570639260344146
0.0032600431600202625,Happiness,Sadness,0.011209457280862164
0.0032600431600202625,Happiness,Shame,0.07232358672579609
0.0032600431600202625,Joy,Boredom,0.008778119071584586
0.0032600431600202625,Joy,Fear,0.0705775207937204
0.0032600431600202625,Joy,Happiness,0.06303123424494052
0.0032600431600202625,Joy,Joy,0.30699025241561
0.0032600431600202625,Joy,Pride,0.26567376905867124
0.0032600431600202625,Joy,Sadness,0.05024399024379039
0.0032600431600202625,Joy,Shame,0.23470511417168266
0.0032600431600202625,Pride,Boredom,0.04655087588380323
0.0032600431600202625,Pride,Fear,0.0158896801193975
0.0032600431600202625,Pride,Happiness,0.27608893113500205
0.0032600431600202625,Pride,Joy,0.10586369202224782
0.0032600431600202625,Pride,Pride,0.2654027648758543
0.0032600431600202625,Pride,Sadness,0.04944487955002778
0.0032600431600202625,Pride,Shame,0.24075917641366745
0.0032600431600202625,Sadness,Boredom,0.04118580355681017
0.0032600431600202625,Sadness,Fear,0.4802373023332897
0.0032600431600202625,Sadness,Happiness,0.044085389046134245
0.0032600431600202625,Sadness,Joy,0.08096632643122305
0.0032600431600202625,Sadness,Pride,0.07746500697221362
0.0032600431600202625,Sadness,Sadness,0.07987175744282868
0.0032600431600202625,Sadness,Shame,0.19618841421750036
0.0032600431600202625,Shame,Boredom,0.033645284198952644
0.0032600431600202625,Shame,Fear,0.019323236648356747
0.0032600431600202625,Shame,Happiness,0.17799184716408467
0.0032600431600202625,Shame,Joy,0.2035394656827855
0.0032600431600202625,Shame,Pride,0.2531811466998557
0.0032600431600202625,Shame,Sadness,0.03645683052076657
0.0032600431600202625,Shame,Shame,0.27586218908519833
0.003231811799017517,Boredom,Boredom,0.40022767318785235
0.003231811799017517,Boredom,Fear,0.03493870048374619
0.003231811799017517,Boredom,Happiness,0.15556309282701639
0.003231811799017517,Boredom,Joy,0.170712697293314
0.003231811799017517,Boredom,Pride,0.09221697410870415
0.003231811799017517,Boredom,Sadness,0.011606465692871057
0.003231811799017517,Boredom,Shame,0.1347343964064957
0.003231811799017517,Fear,Boredom,0.006781099469655168
0.003231811799017517,Fear,Fear,0.5387443007245308
0.003231811799017517,Fear,Happiness,0.014150557911042727
0.003231811799017517,Fear,Joy,0.05563456168510163
0.003231811799017517,Fear,Pride,0.029201719601070604
0.003231811799017517,Fear,Sadness,0.19941078781871183
0.003231811799017517,Fear,Shame,0.15607697278988744
0.003231811799017517,Happiness,Boredom,0.4304943052441833
0.003231811799017517,Happiness,Fear,0.00788763715040624
0.003231811799017517,Happiness,Happiness,0.35633612678809606
0.003231811799017517,Happiness,Joy,0.0339395326293788
0.003231811799017517,Happiness,Pride,0.08620994651654092
0.003231811799017517,Happiness,Sadness,0.011383109635299612
0.003231811799017517,Happiness,Shame,0.0737493420360952
0.003231811799017517,Joy,Boredom,0.00873540070264254
0.003231811799017517,Joy,Fear,0.07096015238190861
0.003231811799017517,Joy,Happiness,0.06264322496665863
0.003231811799017517,Joy,Joy,0.30543090523491867
0.003231811799017517,Joy,Pride,0.26646941238718513
0.003231811799017517,Joy,Sadness,0.05036772847129482
0.003231811799017517,Joy,Shame,0.23539317585539177
0.003231811799017517,Pride,Boredom,0.04742435577615102
0.003231811799017517,Pride,Fear,0.015419121349336203
0.003231811799017517,Pride,Happiness,0.27421843842633853
0.003231811799017517,Pride,Joy,0.10698751036768253
0.003231811799017517,Pride,Pride,0.2650120221664753
0.003231811799017517,Pride,Sadness,0.049431560958893575
0.003231811799017517,Pride,Shame,0.24150699095512296
0.003231811799017517,Sadness,Boredom,0.041545101575935696
0.003231811799017517,Sadness,Fear,0.47723965451408956
0.003231811799017517,Sadness,Happiness,0.043755358369997804
0.003231811799017517,Sadness,Joy,0.08109401850896061
0.003231811799017517,Sadness,Pride,0.07837918657885111
0.003231811799017517,Sadness,Sadness,0.0813027439163797
0.003231811799017517,Sadness,Shame,0.19668393653578586
0.003231811799017517,Shame,Boredom,0.03411412075866206
0.003231811799017517,Shame,Fear,0.018949648792249054
0.003231811799017517,Shame,Happiness,0.17771324836091593
0.003231811799017517,Shame,Joy,0.20259032851159942
0.003231811799017517,Shame,Pride,0.25356602195188793
0.003231811799017517,Shame,Sadness,0.03644949417965426
0.003231811799017517,Shame,Shame,0.27661713744503114
0.0034344319272990548,Boredom,Boredom,0.40981659884731836
0.0034344319272990548,Boredom,Fear,0.03711797979598742
0.0034344319272990548,Boredom,Happiness,0.11750334031019063
0.0034344319272990548,Boredom,Joy,0.18188673054746718
0.0034344319272990548,Boredom,Pride,0.1040319571152166
0.0034344319272990548,Boredom,Sadness,0.012805697470731615
0.0034344319272990548,Boredom,Shame,0.13683769591308806
0.0034344319272990548,Fear,Boredom,0.005311470108100761
0.0034344319272990548,Fear,Fear,0.6116959895698125
0.0034344319272990548,Fear,Happiness,0.00744652959377816
0.0034344319272990548,Fear,Joy,0.04350126605569285
0.0034344319272990548,Fear,Pride,0.027668195519846155
0.0034344319272990548,Fear,Sadness,0.15007269075944227
0.0034344319272990548,Fear,Shame,0.15430385839332766
0.0034344319272990548,Happiness,Boredom,0.3821802980703826
0.0034344319272990548,Happiness,Fear,0.007055954609091756
0.0034344319272990548,Happiness,Happiness,0.4035939506280304
0.0034344319272990548,Happiness,Joy,0.030937028007798795
0.0034344319272990548,Happiness,Pride,0.09455917382968085
0.0034344319272990548,Happiness,Sadness,0.010033870710653266
0.0034344319272990548,Happiness,Shame,0.07163972414436227
0.0034344319272990548,Joy,Boredom,0.005911413091934065
0.0034344319272990548,Joy,Fear,0.0696351025970691
0.0034344319272990548,Joy,Happiness,0.044557435329341456
0.0034344319272990548,Joy,Joy,0.28169249161071874
0.0034344319272990548,Joy,Pride,0.27664749366270946
0.0034344319272990548,Joy,Sadness,0.04154254420027202
0.0034344319272990548,Joy,Shame,0.28001351950795506
0.0034344319272990548,Pride,Boredom,0.03919402348814274
0.0034344319272990548,Pride,Fear,0.010494995082992184
0.0034344319272990548,Pride,Happiness,0.2673504575514068
0.0034344319272990548,Pride,Joy,0.0780604631338661
0.0034344319272990548,Pride,Pride,0.2778353356533684
0.0034344319272990548,Pride,Sadness,0.04283725364970644
0.0034344319272990548,Pride,Shame,0.28422747144051724
0.0034344319272990548,Sadness,Boredom,0.03485307172095033
0.0034344319272990548,Sadness,Fear,0.5198077347651554
0.0034344319272990548,Sadness,Happiness,0.03189856410604137
0.0034344319272990548,Sadness,Joy,0.06896855584159348
0.0034344319272990548,Sadness,Pride,0.06960693797136223
0.0034344319272990548,Sadness,Sadness,0.06217694515808942
0.0034344319272990548,Sadness,Shame,0.2126881904368077
0.0034344319272990548,Shame,Boredom,0.02655351889560148
0.0034344319272990548,Shame,Fear,0.013456406622564669
0.0034344319272990548,Shame,Happiness,0.15196412787305136
0.0034344319272990548,Shame,Joy,0.16692853028601312
0.0034344319272990548,Shame,Pride,0.26940537827148353
0.0034344319272990548,Shame,Sadness,0.028524083875871374
0.0034344319272990548,Shame,Shame,0.34316795417541446
0.0031061420301537286,Boredom,Boredom,0.41431429847548834
0.0031061420301537286,Boredom,Fear,0.034236955977260834
0.0031061420301537286,Boredom,Happiness,0.19476889418498847
0.0031061420301537286,Boredom,Joy,0.15500306588130586
0.0031061420301537286,Boredom,Pride,0.08149683718276432
0.0031061420301537286,Boredom,Sadness,0.010099133688217306
0.0031061420301537286,Boredom,Shame,0.1100808146099749
0.0031061420301537286,Fear,Boredom,0.006278318716424521
0.0031061420301537286,Fear,Fear,0.5945388901131152
0.0031061420301537286,Fear,Happiness,0.015874993402454837
0.0031061420301537286,Fear,Joy,0.04969723024118192
0.0031061420301537286,Fear,Pride,0.022921872143251438
0.0031061420301537286,Fear,Sadness,0.18475337965376795
0.0031061420301537286,Fear,Shame,0.12593531572980418
0.0031061420301537286,Happiness,Boredom,0.4677741724896694
0.0031061420301537286,Happiness,Fear,0.007442969067245416
0.0031061420301537286,Happiness,Happiness,0.34782740911233734
0.0031061420301537286,Happiness,Joy,0.03221089588720306
0.0031061420301537286,Happiness,Pride,0.07525208515619537
0.0031061420301537286,Happiness,Sadness,0.01001333275053126
0.0031061420301537286,Happiness,Shame,0.059479135536818176
0.0031061420301537286,Joy,Boredom,0.011467136037076366
0.0031061420301537286,Joy,Fear,0.08499858029311097
0.0031061420301537286,Joy,Happiness,0.08521861037721169
0.0031061420301537286,Joy,Joy,0.31641149087186765
0.0031061420301537286,Joy,Pride,0.25793147555986723
0.0031061420301537286,Joy,Sadness,0.0527937936559344
0.0031061420301537286,Joy,Shame,0.19117891320493166
0.0031061420301537286,Pride,Boredom,0.05798133614969086
0.0031061420301537286,Pride,Fear,0.021146584312459693
0.0031061420301537286,Pride,Happiness,0.29632037063094907
0.0031061420301537286,Pride,Joy,0.11526531989625377
0.0031061420301537286,Pride,Pride,0.25782629142483493
0.0031061420301537286,Pride,Sadness,0.052503283271866055
0.0031061420301537286,Pride,Shame,0.1989568143139461
0.0031061420301537286,Sadness,Boredom,0.04520528034240936
0.0031061420301537286,Sadness,Fear,0.5399121934666047
0.0031061420301537286,Sadness,Happiness,0.04579269162964938
0.0031061420301537286,Sadness,Joy,0.07122228664216597
0.0031061420301537286,Sadness,Pride,0.06626650236462285
0.0031061420301537286,Sadness,Sadness,0.0773671014725645
0.0031061420301537286,Sadness,Shame,0.15423394408198327
0.0031061420301537286,Shame,Boredom,0.04095720578215913
0.0031061420301537286,Shame,Fear,0.02613065370656192
0.0031061420301537286,Shame,Happiness,0.21996560597174197
0.0031061420301537286,Shame,Joy,0.19628600820528444
0.0031061420301537286,Shame,Pride,0.24892058565340655
0.0031061420301537286,Shame,Sadness,0.04027196002411296
0.0031061420301537286,Shame,Shame,0.22746798065673293
0.003369590675343823,Boredom,Boredom,0.42141329706139746
0.003369590675343823,Boredom,Fear,0.03660880340012628
0.003369590675343823,Boredom,Happiness,0.13042906456715328
0.003369590675343823,Boredom,Joy,0.18197044495524053
0.003369590675343823,Boredom,Pride,0.09894924031242042
0.003369590675343823,Boredom,Sadness,0.013009911102756493
0.003369590675343823,Boredom,Shame,0.11761923860090541
0.003369590675343823,Fear,Boredom,0.00602906704663465
0.003369590675343823,Fear,Fear,0.5726747853395948
0.003369590675343823,Fear,Happiness,0.01099917781544455
0.003369590675343823,Fear,Joy,0.05034883752916427
0.003369590675343823,Fear,Pride,0.028096107583584648
0.003369590675343823,Fear,Sadness,0.1858927896185377
0.003369590675343823,Fear,Shame,0.14595923506703928
0.003369590675343823,Happiness,Boredom,0.4294758692487094
0.003369590675343823,Happiness,Fear,0.0071640885455419865
0.003369590675343823,Happiness,Happiness,0.36779120303791824
0.003369590675343823,Happiness,Joy,0.029687945701800923
0.003369590675343823,Happiness,Pride,0.08641089873807407
0.003369590675343823,Happiness,Sadness,0.010393919471750869
0.003369590675343823,Happiness,Shame,0.06907607525620427
0.003369590675343823,Joy,Boredom,0.00845575006366125
0.003369590675343823,Joy,Fear,0.07187378426325954
0.003369590675343823,Joy,Happiness,0.0546887081727361
0.003369590675343823,Joy,Joy,0.30627025945397723
0.003369590675343823,Joy,Pride,0.2692775865307322
0.003369590675343823,Joy,Sadness,0.05007934303725264
0.003369590675343823,Joy,Shame,0.23935456847838085
0.003369590675343823,Pride,Boredom,0.047690038777872756
0.003369590675343823,Pride,Fear,0.01598963557815208
0.003369590675343823,Pride,Happiness,0.2824845834344652
0.003369590675343823,Pride,Joy,0.08467011770797207
0.003369590675343823,Pride,Pride,0.27119914265725686
0.003369590675343823,Pride,Sadness,0.050635017749239696
0.003369590675343823,Pride,Shame,0.2473314640950416
0.003369590675343823,Sadness,Boredom,0.0383403941196507
0.003369590675343823,Sadness,Fear,0.5092103889675763
0.003369590675343823,Sadness,Happiness,0.03882947820232038
0.003369590675343823,Sadness,Joy,0.07433990297055008
0.003369590675343823,Sadness,Pride,0.07285833678248095
0.003369590675343823,Sadness,Sadness,0.07660793121434135
0.003369590675343823,Sadness,Shame,0.18981356774308014
0.003369590675343823,Shame,Boredom,0.0336958148699538
0.003369590675343823,Shame,Fear,0.01960256380501837
0.003369590675343823,Shame,Happiness,0.19093623774599344
0.003369590675343823,Shame,Joy,0.17323635732370557
0.003369590675343823,Shame,Pride,0.2576473712436388
0.003369590675343823,Shame,Sadness,0.03619965128144523
0.003369590675343823,Shame,Shame,0.28868200373024505
0.0031430620046145196,Boredom,Boredom,0.43228970997246136
0.0031430620046145196,Boredom,Fear,0.03307443362709331
0.0031430620046145196,Boredom,Happiness,0.1902913236964831
0.0031430620046145196,Boredom,Joy,0.1580570021556277
0.0031430620046145196,Boredom,Pride,0.08109107626882278
0.0031430620046145196,Boredom,Sadness,0.008720869016817841
0.0031430620046145196,Boredom,Shame,0.0964755852626942
0.0031430620046145196,Fear,Boredom,0.005272916322859837
0.0031430620046145196,Fear,Fear,0.6338539434973409
0.0031430620046145196,Fear,Happiness,0.012336550157992674
0.0031430620046145196,Fear,Joy,0.044369548785566336
0.0031430620046145196,Fear,Pride,0.021269058604991314
0.0031430620046145196,Fear,Sadness,0.17025965241926913
0.0031430620046145196,Fear,Shame,0.11263833021197993
0.0031430620046145196,Happiness,Boredom,0.4703422810058833
0.0031430620046145196,Happiness,Fear,0.0060305094629812175
0.0031430620046145196,Happiness,Happiness,0.36178747102380776
0.0031430620046145196,Happiness,Joy,0.02712015530471013
0.0031430620046145196,Happiness,Pride,0.07328598589667977
0.0031430620046145196,Happiness,Sadness,0.008334180263204195
0.0031430620046145196,Happiness,Shame,0.05309941704273379
0.0031430620046145196,Joy,Boredom,0.011149078131487165
0.0031430620046145196,Joy,Fear,0.06520856645560355
0.0031430620046145196,Joy,Happiness,0.08350077312980127
0.0031430620046145196,Joy,Joy,0.3296823848146174
0.0031430620046145196,Joy,Pride,0.26309384356798426
0.0031430620046145196,Joy,Sadness,0.051220135328997884
0.0031430620046145196,Joy,Shame,0.1961452185715085
0.0031430620046145196,Pride,Boredom,0.05508075987942375
0.0031430620046145196,Pride,Fear,0.019475846669160492
0.0031430620046145196,Pride,Happiness,0.30680184081915995
0.0031430620046145196,Pride,Joy,0.10644145286360704
0.0031430620046145196,Pride,Pride,0.2598920104719676
0.0031430620046145196,Pride,Sadness,0.051591185035205336
0.0031430620046145196,Pride,Shame,0.2007169042614761
0.0031430620046145196,Sadness,Boredom,0.03819584252380365
0.0031430620046145196,Sadness,Fear,0.5774867481391606
0.0031430620046145196,Sadness,Happiness,0.043467402420017016
0.0031430620046145196,Sadness,Joy,0.0659860841701345
0.0031430620046145196,Sadness,Pride,0.06035422778391332
0.0031430620046145196,Sadness,Sadness,0.06822747020794656
0.0031430620046145196,Sadness,Shame,0.14628222475502478
0.0031430620046145196,Shame,Boredom,0.040717778300459265
0.0031430620046145196,Shame,Fear,0.02439153940594038
0.0031430620046145196,Shame,Happiness,0.2177646525138002
0.0031430620046145196,Shame,Joy,0.18834832313655736
0.0031430620046145196,Shame,Pride,0.24874965846556218
0.0031430620046145196,Shame,Sadness,0.03784429260706389
0.0031430620046145196,Shame,Shame,0.24218375557061667
0.0030645287814402822,Boredom,Boredom,0.39062685633163174
0.0030645287814402822,Boredom,Fear,0.034039362698930674
0.0030645287814402822,Boredom,Happiness,0.17661577497892292
0.0030645287814402822,Boredom,Joy,0.1613824907355265
0.0030645287814402822,Boredom,Pride,0.08642489827728948
0.0030645287814402822,Boredom,Sadness,0.010863507733558776
0.0030645287814402822,Boredom,Shame,0.14004710924413988
0.0030645287814402822,Fear,Boredom,0.006824254805785473
0.0030645287814402822,Fear,Fear,0.5719763933171539
0.0030645287814402822,Fear,Happiness,0.01519568171142166
0.0030645287814402822,Fear,Joy,0.05205174516354952
0.0030645287814402822,Fear,Pride,0.024979619184206454
0.0030645287814402822,Fear,Sadness,0.1886869761978955
0.0030645287814402822,Fear,Shame,0.1402853296199874
0.0030645287814402822,Happiness,Boredom,0.44784178716736533
0.0030645287814402822,Happiness,Fear,0.007516613726950783
0.0030645287814402822,Happiness,Happiness,0.3516528905770705
0.0030645287814402822,Happiness,Joy,0.03409904144293872
0.0030645287814402822,Happiness,Pride,0.07969989030040033
0.0030645287814402822,Happiness,Sadness,0.010683272815980154
0.0030645287814402822,Happiness,Shame,0.06850650396929382
0.0030645287814402822,Joy,Boredom,0.010275479053782512
0.0030645287814402822,Joy,Fear,0.07551632086121554
0.0030645287814402822,Joy,Happiness,0.07351146837773634
0.0030645287814402822,Joy,Joy,0.3166003725248036
0.0030645287814402822,Joy,Pride,0.2631997770814068
0.0030645287814402822,Joy,Sadness,0.05140405193935423
0.0030645287814402822,Joy,Shame,0.2094925301617006
0.0030645287814402822,Pride,Boredom,0.05754226984635565
0.0030645287814402822,Pride,Fear,0.018210509239006058
0.0030645287814402822,Pride,Happiness,0.285090679606221
0.0030645287814402822,Pride,Joy,0.11503638091143656
0.0030645287814402822,Pride,Pride,0.2578728005855151
0.0030645287814402822,Pride,Sadness,0.05086042479810521
0.0030645287814402822,Pride,Shame,0.21538693501336045
0.0030645287814402822,Sadness,Boredom,0.04807745246914505
0.0030645287814402822,Sadness,Fear,0.5113398414795642
0.0030645287814402822,Sadness,Happiness,0.04396778719336226
0.0030645287814402822,Sadness,Joy,0.07581712088861209
0.0030645287814402822,Sadness,Pride,0.07084337650340271
0.0030645287814402822,Sadness,Sadness,0.07794149966914388
0.0030645287814402822,Sadness,Shame,0.17201292179677025
0.0030645287814402822,Shame,Boredom,0.03818912436922193
0.0030645287814402822,Shame,Fear,0.02264895261555118
0.0030645287814402822,Shame,Happiness,0.20019033453789895
0.0030645287814402822,Shame,Joy,0.20284455501462342
0.0030645287814402822,Shame,Pride,0.2501854239603898
0.0030645287814402822,Shame,Sadness,0.038722182940954225
0.0030645287814402822,Shame,Shame,0.2472194265613603
0.0033712887645252175,Boredom,Boredom,0.42047686439381854
0.0033712887645252175,Boredom,Fear,0.03639559991244134
0.0033712887645252175,Boredom,Happiness,0.13263233150655895
0.0033712887645252175,Boredom,Joy,0.18214687236692054
0.0033712887645252175,Boredom,Pride,0.09731388191497388
0.0033712887645252175,Boredom,Sadness,0.0130392757309106
0.0033712887645252175,Boredom,Shame,0.11799517417437626
0.0033712887645252175,Fear,Boredom,0.005881860897102939
0.0033712887645252175,Fear,Fear,0.5767953040584737
0.0033712887645252175,Fear,Happiness,0.010965604197883278
0.0033712887645252175,Fear,Joy,0.0498325018796446
0.0033712887645252175,Fear,Pride,0.027933798202410133
0.0033712887645252175,Fear,Sadness,0.1851682702287861
0.0033712887645252175,Fear,Shame,0.1434226605356996
0.0033712887645252175,Happiness,Boredom,0.42948880843725484
0.0033712887645252175,Happiness,Fear,0.007157543315031706
0.0033712887645252175,Happiness,Happiness,0.3672163114299823
0.0033712887645252175,Happiness,Joy,0.02987696021546044
0.0033712887645252175,Happiness,Pride,0.0859906583257054
0.0033712887645252175,Happiness,Sadness,0.010553042556942354
0.0033712887645252175,Happiness,Shame,0.06971667571962278
0.0033712887645252175,Joy,Boredom,0.008470740197389717
0.0033712887645252175,Joy,Fear,0.07156652107399852
0.0033712887645252175,Joy,Happiness,0.055746088954142174
0.0033712887645252175,Joy,Joy,0.30562695220608177
0.0033712887645252175,Joy,Pride,0.2686506489877103
0.0033712887645252175,Joy,Sadness,0.050088507865574
0.0033712887645252175,Joy,Shame,0.23985054071510348
0.0033712887645252175,Pride,Boredom,0.04798918199272071
0.0033712887645252175,Pride,Fear,0.01547838646247587
0.0033712887645252175,Pride,Happiness,0.28268455695181766
0.0033712887645252175,Pride,Joy,0.0848738331023922
0.0033712887645252175,Pride,Pride,0.27110249082522625
0.0033712887645252175,Pride,Sadness,0.050424944416666125
0.0033712887645252175,Pride,Shame,0.24744660624870152
0.0033712887645252175,Sadness,Boredom,0.038111015101368995
0.0033712887645252175,Sadness,Fear,0.5114423502729013
0.0033712887645252175,Sadness,Happiness,0.039457509875150225
0.0033712887645252175,Sadness,Joy,0.07401982919002723
0.0033712887645252175,Sadness,Pride,0.07290277007540197
0.0033712887645252175,Sadness,Sadness,0.07537746504965984
0.0033712887645252175,Sadness,Shame,0.18868906043549055
0.0033712887645252175,Shame,Boredom,0.033741003866298774
0.0033712887645252175,Shame,Fear,0.01878198368216062
0.0033712887645252175,Shame,Happiness,0.19045635351953322
0.0033712887645252175,Shame,Joy,0.17621433544756912
0.0033712887645252175,Shame,Pride,0.25704959687948786
0.0033712887645252175,Shame,Sadness,0.03574834211141455
0.0033712887645252175,Shame,Shame,0.2880083844935359
0.0031378444789801263,Boredom,Boredom,0.36008945424081323
0.0031378444789801263,Boredom,Fear,0.03547213700997061
0.0031378444789801263,Boredom,Happiness,0.17024873112141475
0.0031378444789801263,Boredom,Joy,0.16810609314322011
0.0031378444789801263,Boredom,Pride,0.09197832587789732
0.0031378444789801263,Boredom,Sadness,0.014059336066255118
0.0031378444789801263,Boredom,Shame,0.1600459225404291
0.0031378444789801263,Fear,Boredom,0.00925692251269245
0.0031378444789801263,Fear,Fear,0.47570269420033473
0.0031378444789801263,Fear,Happiness,0.020886282482495605
0.0031378444789801263,Fear,Joy,0.06507566611209897
0.0031378444789801263,Fear,Pride,0.03189512342972854
0.0031378444789801263,Fear,Sadness,0.22698850781337435
0.0031378444789801263,Fear,Shame,0.17019480344927523
0.0031378444789801263,Happiness,Boredom,0.43664592394276924
0.0031378444789801263,Happiness,Fear,0.00999128093585409
0.0031378444789801263,Happiness,Happiness,0.3247470140547435
0.0031378444789801263,Happiness,Joy,0.0465327110069214
0.0031378444789801263,Happiness,Pride,0.08467249615635715
0.0031378444789801263,Happiness,Sadness,0.013582315380579912
0.0031378444789801263,Happiness,Shame,0.08382825852277487
0.0031378444789801263,Joy,Boredom,0.01062192712225347
0.0031378444789801263,Joy,Fear,0.07060925894091691
0.0031378444789801263,Joy,Happiness,0.07313240013144572
0.0031378444789801263,Joy,Joy,0.3125158578692831
0.0031378444789801263,Joy,Pride,0.2640485431149358
0.0031378444789801263,Joy,Sadness,0.05404122145059806
0.0031378444789801263,Joy,Shame,0.21503079137056708
0.0031378444789801263,Pride,Boredom,0.057955839941114
0.0031378444789801263,Pride,Fear,0.019769226837216644
0.0031378444789801263,Pride,Happiness,0.2601007526042055
0.0031378444789801263,Pride,Joy,0.13334691930760745
0.0031378444789801263,Pride,Pride,0.2564757710117543
0.0031378444789801263,Pride,Sadness,0.05282647812935129
0.0031378444789801263,Pride,Shame,0.2195250121687515
0.0031378444789801263,Sadness,Boredom,0.053591453649973766
0.0031378444789801263,Sadness,Fear,0.4273269391410163
0.0031378444789801263,Sadness,Happiness,0.04940536609037537
0.0031378444789801263,Sadness,Joy,0.08968849498497088
0.0031378444789801263,Sadness,Pride,0.0862547869169428
0.0031378444789801263,Sadness,Sadness,0.09842651837420201
0.0031378444789801263,Sadness,Shame,0.19530644084251883
0.0031378444789801263,Shame,Boredom,0.03878920146114766
0.0031378444789801263,Shame,Fear,0.023959092122671836
0.0031378444789801263,Shame,Happiness,0.1867473829070853
0.0031378444789801263,Shame,Joy,0.22148439218547403
0.0031378444789801263,Shame,Pride,0.24993418073287088
0.0031378444789801263,Shame,Sadness,0.041678008623934545
0.0031378444789801263,Shame,Shame,0.23740774196681563
0.003145180009293985,Boredom,Boredom,0.4352319191262219
0.003145180009293985,Boredom,Fear,0.03340025133805151
0.003145180009293985,Boredom,Happiness,0.19032141645686831
0.003145180009293985,Boredom,Joy,0.1587047752962797
0.003145180009293985,Boredom,Pride,0.08090770495943608
0.003145180009293985,Boredom,Sadness,0.008690961162292721
0.003145180009293985,Boredom,Shame,0.09274297166085002
0.003145180009293985,Fear,Boredom,0.0052432795448445315
0.003145180009293985,Fear,Fear,0.6410869020823953
0.003145180009293985,Fear,Happiness,0.01163998333342288
0.003145180009293985,Fear,Joy,0.04340465625709204
0.003145180009293985,Fear,Pride,0.02031609042756912
0.003145180009293985,Fear,Sadness,0.16894901084452346
0.003145180009293985,Fear,Shame,0.10936007751015263
0.003145180009293985,Happiness,Boredom,0.47043664225064274
0.003145180009293985,Happiness,Fear,0.005886045079976517
0.003145180009293985,Happiness,Happiness,0.3634307764282194
0.003145180009293985,Happiness,Joy,0.026310956975387743
0.003145180009293985,Happiness,Pride,0.07282083913225068
0.003145180009293985,Happiness,Sadness,0.008216150251128665
0.003145180009293985,Happiness,Shame,0.05289858988239422
0.003145180009293985,Joy,Boredom,0.010849555204208213
0.003145180009293985,Joy,Fear,0.0713586492328217
0.003145180009293985,Joy,Happiness,0.0830624775714679
0.003145180009293985,Joy,Joy,0.3279217988727656
0.003145180009293985,Joy,Pride,0.26112640169700707
0.003145180009293985,Joy,Sadness,0.051185253691914234
0.003145180009293985,Joy,Shame,0.19449586372981525
0.003145180009293985,Pride,Boredom,0.05437371486099702
0.003145180009293985,Pride,Fear,0.01932788020084259
0.003145180009293985,Pride,Happiness,0.30851923990311747
0.003145180009293985,Pride,Joy,0.10452058998898901
0.003145180009293985,Pride,Pride,0.26031645150298627
0.003145180009293985,Pride,Sadness,0.051764031749646104
0.003145180009293985,Pride,Shame,0.20117809179342147
0.003145180009293985,Sadness,Boredom,0.03794369430582329
0.003145180009293985,Sadness,Fear,0.582134364655798
0.003145180009293985,Sadness,Happiness,0.04319657912399699
0.003145180009293985,Sadness,Joy,0.06464979695022084
0.003145180009293985,Sadness,Pride,0.059395473173563154
0.003145180009293985,Sadness,Sadness,0.06963367570940111
0.003145180009293985,Sadness,Shame,0.14304641608119636
0.003145180009293985,Shame,Boredom,0.04039089722464317
0.003145180009293985,Shame,Fear,0.024126979531285595
0.003145180009293985,Shame,Happiness,0.21885156124790278
0.003145180009293985,Shame,Joy,0.18653639894626586
0.003145180009293985,Shame,Pride,0.24912149159103517
0.003145180009293985,Shame,Sadness,0.03775040285943176
0.003145180009293985,Shame,Shame,0.24322226859943577
0.003003610470200636,Boredom,Boredom,0.40639713324374815
0.003003610470200636,Boredom,Fear,0.03284231482645303
0.003003610470200636,Boredom,Happiness,0.19727756515662687
0.003003610470200636,Boredom,Joy,0.15244991725321388
0.003003610470200636,Boredom,Pride,0.08082570776758514
0.003003610470200636,Boredom,Sadness,0.00985813931680099
0.003003610470200636,Boredom,Shame,0.12034922243557228
0.003003610470200636,Fear,Boredom,0.0067223759158121
0.003003610470200636,Fear,Fear,0.592629054548976
0.003003610470200636,Fear,Happiness,0.01619855789736758
0.003003610470200636,Fear,Joy,0.04913591722073426
0.003003610470200636,Fear,Pride,0.022980769150267973
0.003003610470200636,Fear,Sadness,0.1888749184409203
0.003003610470200636,Fear,Shame,0.12345840682592193
0.003003610470200636,Happiness,Boredom,0.46546016308814914
0.003003610470200636,Happiness,Fear,0.007060451652623731
0.003003610470200636,Happiness,Happiness,0.34736488238743163
0.003003610470200636,Happiness,Joy,0.03419354637393302
0.003003610470200636,Happiness,Pride,0.07466095054731975
0.003003610470200636,Happiness,Sadness,0.009681953474167237
0.003003610470200636,Happiness,Shame,0.06157805247637559
0.003003610470200636,Joy,Boredom,0.01223180842158262
0.003003610470200636,Joy,Fear,0.07093006071095036
0.003003610470200636,Joy,Happiness,0.09401092053967691
0.003003610470200636,Joy,Joy,0.31499942265430164
0.003003610470200636,Joy,Pride,0.26208377517401804
0.003003610470200636,Joy,Sadness,0.05337306401600448
0.003003610470200636,Joy,Shame,0.192370948483466
0.003003610470200636,Pride,Boredom,0.0671322801241883
0.003003610470200636,Pride,Fear,0.02001938542741269
0.003003610470200636,Pride,Happiness,0.2933973923562485
0.003003610470200636,Pride,Joy,0.11848452257111504
0.003003610470200636,Pride,Pride,0.2531174418663127
0.003003610470200636,Pride,Sadness,0.05148126422520318
0.003003610470200636,Pride,Shame,0.1963677134295191
0.003003610470200636,Sadness,Boredom,0.0502178208029629
0.003003610470200636,Sadness,Fear,0.5382109259666139
0.003003610470200636,Sadness,Happiness,0.049446184781146096
0.003003610470200636,Sadness,Joy,0.07206914102331967
0.003003610470200636,Sadness,Pride,0.0659814181162673
0.003003610470200636,Sadness,Sadness,0.07157315353531847
0.003003610470200636,Sadness,Shame,0.15250135577437127
0.003003610470200636,Shame,Boredom,0.04376009638642058
0.003003610470200636,Shame,Fear,0.0250065044863994
0.003003610470200636,Shame,Happiness,0.21962256542803404
0.003003610470200636,Shame,Joy,0.19703682411798518
0.003003610470200636,Shame,Pride,0.24774363015762024
0.003003610470200636,Shame,Sadness,0.03861272471050145
0.003003610470200636,Shame,Shame,0.2282176547130391
