C,Story,Emotion,Val
0.0030601171171505278,Boredom,Boredom,0.5808546475909095
0.0030601171171505278,Boredom,Fear,0.003809456463406632
0.0030601171171505278,Boredom,Happiness,0.32141519079203335
0.0030601171171505278,Boredom,Joy,0.009780128360508202
0.0030601171171505278,Boredom,Pride,0.04631990487319911
0.0030601171171505278,Boredom,Sadness,0.009167523443219399
0.0030601171171505278,Boredom,Shame,0.0286531484767236
0.0030601171171505278,Fear,Boredom,0.0014942735609719828
0.0030601171171505278,Fear,Fear,0.7263242210887745
0.0030601171171505278,Fear,Happiness,0.006097515023340746
0.0030601171171505278,Fear,Joy,0.019037121206166272
0.0030601171171505278,Fear,Pride,0.010297706927348578
0.0030601171171505278,Fear,Sadness,0.16493136952158552
0.0030601171171505278,Fear,Shame,0.07181779267181222
0.0030601171171505278,Happiness,Boredom,0.2931955067696994
0.0030601171171505278,Happiness,Fear,0.0061402627790508885
0.0030601171171505278,Happiness,Happiness,0.3467517470822922
0.0030601171171505278,Happiness,Joy,0.04915957192294148
0.0030601171171505278,Happiness,Pride,0.20212284141581868
0.0030601171171505278,Happiness,Sadness,0.011688538749731395
0.0030601171171505278,Happiness,Shame,0.09094153128046592
0.0030601171171505278,Joy,Boredom,0.010309478460152203
0.0030601171171505278,Joy,Fear,0.03857936803554528
0.0030601171171505278,Joy,Happiness,0.11412896989815179
0.0030601171171505278,Joy,Joy,0.3853793839128908
0.0030601171171505278,Joy,Pride,0.2658564567275225
0.0030601171171505278,Joy,Sadness,0.016322303747781305
0.0030601171171505278,Joy,Shame,0.1694240392179563
0.0030601171171505278,Pride,Boredom,0.017744212015274922
0.0030601171171505278,Pride,Fear,0.022440997103661632
0.0030601171171505278,Pride,Happiness,0.22950888158421706
0.0030601171171505278,Pride,Joy,0.2825454040101499
0.0030601171171505278,Pride,Pride,0.2535099774009122
0.0030601171171505278,Pride,Sadness,0.017159404597775096
0.0030601171171505278,Pride,Shame,0.1770911232880087
0.0030601171171505278,Sadness,Boredom,0.010471062254343851
0.0030601171171505278,Sadness,Fear,0.3909629694077682
0.0030601171171505278,Sadness,Happiness,0.020431861825990348
0.0030601171171505278,Sadness,Joy,0.008804654226476447
0.0030601171171505278,Sadness,Pride,0.012472574348346907
0.0030601171171505278,Sadness,Sadness,0.4787137134466837
0.0030601171171505278,Sadness,Shame,0.07814316449039053
0.0030601171171505278,Shame,Boredom,0.0023648874848705903
0.0030601171171505278,Shame,Fear,0.6942254728218297
0.0030601171171505278,Shame,Happiness,0.008698150650987087
0.0030601171171505278,Shame,Joy,0.027829517960356674
0.0030601171171505278,Shame,Pride,0.014745164909399642
0.0030601171171505278,Shame,Sadness,0.1584205507298813
0.0030601171171505278,Shame,Shame,0.09371625544267526
0.0031479871129434333,Boredom,Boredom,0.5090622785000836
0.0031479871129434333,Boredom,Fear,0.008866558912572948
0.0031479871129434333,Boredom,Happiness,0.3210307379752076
0.0031479871129434333,Boredom,Joy,0.02098452797910565
0.0031479871129434333,Boredom,Pride,0.0673981477523684
0.0031479871129434333,Boredom,Sadness,0.018691461564395866
0.0031479871129434333,Boredom,Shame,0.053966287316265876
0.0031479871129434333,Fear,Boredom,0.0033712627472272756
0.0031479871129434333,Fear,Fear,0.533899752883049
0.0031479871129434333,Fear,Happiness,0.01396849181596933
0.0031479871129434333,Fear,Joy,0.03468569274804784
0.0031479871129434333,Fear,Pride,0.020719387441045973
0.0031479871129434333,Fear,Sadness,0.2613424160030095
0.0031479871129434333,Fear,Shame,0.13201299636165137
0.0031479871129434333,Happiness,Boredom,0.2608730433818731
0.0031479871129434333,Happiness,Fear,0.008874641551535441
0.0031479871129434333,Happiness,Happiness,0.30291849826229933
0.0031479871129434333,Happiness,Joy,0.06422386578448727
0.0031479871129434333,Happiness,Pride,0.21710150803140574
0.0031479871129434333,Happiness,Sadness,0.015268916539109306
0.0031479871129434333,Happiness,Shame,0.13073952644928996
0.0031479871129434333,Joy,Boredom,0.011217546742053563
0.0031479871129434333,Joy,Fear,0.04198090165709616
0.0031479871129434333,Joy,Happiness,0.12194210543929657
0.0031479871129434333,Joy,Joy,0.3407730142674697
0.0031479871129434333,Joy,Pride,0.2673028209842378
0.0031479871129434333,Joy,Sadness,0.02139431581493805
0.0031479871129434333,Joy,Shame,0.19538929509490793
0.0031479871129434333,Pride,Boredom,0.01657997540437465
0.0031479871129434333,Pride,Fear,0.02442469582023367
0.0031479871129434333,Pride,Happiness,0.19780838528564557
0.0031479871129434333,Pride,Joy,0.2849101514553741
0.0031479871129434333,Pride,Pride,0.257557228093958
0.0031479871129434333,Pride,Sadness,0.02082632397984547
0.0031479871129434333,Pride,Shame,0.19789323996056835
0.0031479871129434333,Sadness,Boredom,0.011508059084775226
0.0031479871129434333,Sadness,Fear,0.32525639790882666
0.0031479871129434333,Sadness,Happiness,0.025928876076560966
0.0031479871129434333,Sadness,Joy,0.015399060596581318
0.0031479871129434333,Sadness,Pride,0.019713860981305086
0.0031479871129434333,Sadness,Sadness,0.47598810313294554
0.0031479871129434333,Sadness,Shame,0.12620564221900546
0.0031479871129434333,Shame,Boredom,0.00443492018343692
0.0031479871129434333,Shame,Fear,0.5103034129365215
0.0031479871129434333,Shame,Happiness,0.0170904828415166
0.0031479871129434333,Shame,Joy,0.04576599494892687
0.0031479871129434333,Shame,Pride,0.025435652469887514
0.0031479871129434333,Shame,Sadness,0.24676332048403393
0.0031479871129434333,Shame,Shame,0.15020621613567664
0.003382140137183817,Boredom,Boredom,0.48463790983905647
0.003382140137183817,Boredom,Fear,0.00912440299116573
0.003382140137183817,Boredom,Happiness,0.3251731422480296
0.003382140137183817,Boredom,Joy,0.02043548660573724
0.003382140137183817,Boredom,Pride,0.0733488097475813
0.003382140137183817,Boredom,Sadness,0.02225823439455531
0.003382140137183817,Boredom,Shame,0.06502201417387438
0.003382140137183817,Fear,Boredom,0.003531431431327101
0.003382140137183817,Fear,Fear,0.4746714111741255
0.003382140137183817,Fear,Happiness,0.011347316475483865
0.003382140137183817,Fear,Joy,0.038062185602988914
0.003382140137183817,Fear,Pride,0.02451857090501745
0.003382140137183817,Fear,Sadness,0.28874212042313513
0.003382140137183817,Fear,Shame,0.15912696398792214
0.003382140137183817,Happiness,Boredom,0.21080039869370773
0.003382140137183817,Happiness,Fear,0.009412428366895332
0.003382140137183817,Happiness,Happiness,0.3086783469425606
0.003382140137183817,Happiness,Joy,0.05848071032390324
0.003382140137183817,Happiness,Pride,0.24428107529610463
0.003382140137183817,Happiness,Sadness,0.0174815193582795
0.003382140137183817,Happiness,Shame,0.15086552101854903
0.003382140137183817,Joy,Boredom,0.009061542072524313
0.003382140137183817,Joy,Fear,0.03940710810888383
0.003382140137183817,Joy,Happiness,0.0790928189971361
0.003382140137183817,Joy,Joy,0.33484287015952546
0.003382140137183817,Joy,Pride,0.2812199637479951
0.003382140137183817,Joy,Sadness,0.021486396652387777
0.003382140137183817,Joy,Shame,0.23488930026154742
0.003382140137183817,Pride,Boredom,0.012496699776345084
0.003382140137183817,Pride,Fear,0.02245460644128331
0.003382140137183817,Pride,Happiness,0.1188837572036135
0.003382140137183817,Pride,Joy,0.31270749954519345
0.003382140137183817,Pride,Pride,0.27165049166239774
0.003382140137183817,Pride,Sadness,0.0216624820157701
0.003382140137183817,Pride,Shame,0.2401444633553969
0.003382140137183817,Sadness,Boredom,0.008953840431292867
0.003382140137183817,Sadness,Fear,0.22628297974458694
0.003382140137183817,Sadness,Happiness,0.023085334642197714
0.003382140137183817,Sadness,Joy,0.015442312603543463
0.003382140137183817,Sadness,Pride,0.02176448543043362
0.003382140137183817,Sadness,Sadness,0.5570759282241791
0.003382140137183817,Sadness,Shame,0.1473951189237667
0.003382140137183817,Shame,Boredom,0.004722529269495057
0.003382140137183817,Shame,Fear,0.45100978007810666
0.003382140137183817,Shame,Happiness,0.014014319704307847
0.003382140137183817,Shame,Joy,0.049726369950122105
0.003382140137183817,Shame,Pride,0.030981168861691954
0.003382140137183817,Shame,Sadness,0.26657129817676806
0.003382140137183817,Shame,Shame,0.18297453395950827
0.0032274321254290783,Boredom,Boredom,0.5188718810111829
0.0032274321254290783,Boredom,Fear,0.005405909693672415
0.0032274321254290783,Boredom,Happiness,0.3353916153443025
0.0032274321254290783,Boredom,Joy,0.014429799854135015
0.0032274321254290783,Boredom,Pride,0.06166203538949102
0.0032274321254290783,Boredom,Sadness,0.014456201251873815
0.0032274321254290783,Boredom,Shame,0.0497825574553424
0.0032274321254290783,Fear,Boredom,0.0020714559845527378
0.0032274321254290783,Fear,Fear,0.5749212266187207
0.0032274321254290783,Fear,Happiness,0.006529676979900988
0.0032274321254290783,Fear,Joy,0.028937274676222063
0.0032274321254290783,Fear,Pride,0.018216503035739462
0.0032274321254290783,Fear,Sadness,0.2463636559485166
0.0032274321254290783,Fear,Shame,0.1229602067563471
0.0032274321254290783,Happiness,Boredom,0.2320073366053648
0.0032274321254290783,Happiness,Fear,0.00506408436690776
0.0032274321254290783,Happiness,Happiness,0.32766085435057546
0.0032274321254290783,Happiness,Joy,0.05015616507433751
0.0032274321254290783,Happiness,Pride,0.22489735958653487
0.0032274321254290783,Happiness,Sadness,0.011793702060467615
0.0032274321254290783,Happiness,Shame,0.14842049795581197
0.0032274321254290783,Joy,Boredom,0.007712520904091561
0.0032274321254290783,Joy,Fear,0.03603757875395082
0.0032274321254290783,Joy,Happiness,0.07451495025708522
0.0032274321254290783,Joy,Joy,0.3514559391072336
0.0032274321254290783,Joy,Pride,0.2820207786015314
0.0032274321254290783,Joy,Sadness,0.015962585743529545
0.0032274321254290783,Joy,Shame,0.23229564663257776
0.0032274321254290783,Pride,Boredom,0.011375508634848975
0.0032274321254290783,Pride,Fear,0.017401679288291227
0.0032274321254290783,Pride,Happiness,0.12824967792333217
0.0032274321254290783,Pride,Joy,0.3149286941458184
0.0032274321254290783,Pride,Pride,0.27167187191531744
0.0032274321254290783,Pride,Sadness,0.016280059592911008
0.0032274321254290783,Pride,Shame,0.24009250849948083
0.0032274321254290783,Sadness,Boredom,0.00769486253011928
0.0032274321254290783,Sadness,Fear,0.24832432168034863
0.0032274321254290783,Sadness,Happiness,0.01733305481050199
0.0032274321254290783,Sadness,Joy,0.010384345760364193
0.0032274321254290783,Sadness,Pride,0.016220193444386445
0.0032274321254290783,Sadness,Sadness,0.584028878747862
0.0032274321254290783,Sadness,Shame,0.11601434302641785
0.0032274321254290783,Shame,Boredom,0.0032088913087127994
0.0032274321254290783,Shame,Fear,0.5400736501441117
0.0032274321254290783,Shame,Happiness,0.009196220802008024
0.0032274321254290783,Shame,Joy,0.040471435119791316
0.0032274321254290783,Shame,Pride,0.02704565402124888
0.0032274321254290783,Shame,Sadness,0.22416416077887036
0.0032274321254290783,Shame,Shame,0.15583998782525688
0.003330140301878548,Boredom,Boredom,0.5342843267892263
0.003330140301878548,Boredom,Fear,0.005698362423195539
0.003330140301878548,Boredom,Happiness,0.3299416495599066
0.003330140301878548,Boredom,Joy,0.013801079003810227
0.003330140301878548,Boredom,Pride,0.05890270484798382
0.003330140301878548,Boredom,Sadness,0.01322950016689709
0.003330140301878548,Boredom,Shame,0.04414237720898006
0.003330140301878548,Fear,Boredom,0.001756150103294445
0.003330140301878548,Fear,Fear,0.6236513627984622
0.003330140301878548,Fear,Happiness,0.0063758108395131005
0.003330140301878548,Fear,Joy,0.0252385986453281
0.003330140301878548,Fear,Pride,0.014772828025432113
0.003330140301878548,Fear,Sadness,0.23089447375263783
0.003330140301878548,Fear,Shame,0.09731077583533211
0.003330140301878548,Happiness,Boredom,0.25629539427708803
0.003330140301878548,Happiness,Fear,0.006282431648766502
0.003330140301878548,Happiness,Happiness,0.32796509862811873
0.003330140301878548,Happiness,Joy,0.050142559748628295
0.003330140301878548,Happiness,Pride,0.21797284142480264
0.003330140301878548,Happiness,Sadness,0.013251164613115096
0.003330140301878548,Happiness,Shame,0.12809050965948063
0.003330140301878548,Joy,Boredom,0.009648420411379671
0.003330140301878548,Joy,Fear,0.039918602001498736
0.003330140301878548,Joy,Happiness,0.07955189397103424
0.003330140301878548,Joy,Joy,0.36783028078244234
0.003330140301878548,Joy,Pride,0.27802395236519434
0.003330140301878548,Joy,Sadness,0.01932377206658184
0.003330140301878548,Joy,Shame,0.2057030784018689
0.003330140301878548,Pride,Boredom,0.013775280357715509
0.003330140301878548,Pride,Fear,0.02295774880088416
0.003330140301878548,Pride,Happiness,0.11371926080018145
0.003330140301878548,Pride,Joy,0.34157450535968226
0.003330140301878548,Pride,Pride,0.2698125461011398
0.003330140301878548,Pride,Sadness,0.021241188758773736
0.003330140301878548,Pride,Shame,0.2169194698216232
0.003330140301878548,Sadness,Boredom,0.009098093062413222
0.003330140301878548,Sadness,Fear,0.31734172467019683
0.003330140301878548,Sadness,Happiness,0.01910895767248785
0.003330140301878548,Sadness,Joy,0.00913993288933957
0.003330140301878548,Sadness,Pride,0.014686674513723963
0.003330140301878548,Sadness,Sadness,0.5347692261868704
0.003330140301878548,Sadness,Shame,0.09585539100496798
0.003330140301878548,Shame,Boredom,0.002723703159139851
0.003330140301878548,Shame,Fear,0.5916154197371893
0.003330140301878548,Shame,Happiness,0.008874070513904493
0.003330140301878548,Shame,Joy,0.03560283217923857
0.003330140301878548,Shame,Pride,0.02241286204388065
0.003330140301878548,Shame,Sadness,0.2153885787895865
0.003330140301878548,Shame,Shame,0.12338253357706049
0.003281614800849294,Boredom,Boredom,0.48827111666778117
0.003281614800849294,Boredom,Fear,0.0074757673470311715
0.003281614800849294,Boredom,Happiness,0.3314702591725888
0.003281614800849294,Boredom,Joy,0.01853229795806197
0.003281614800849294,Boredom,Pride,0.07160471900539085
0.003281614800849294,Boredom,Sadness,0.018550410478058495
0.003281614800849294,Boredom,Shame,0.06409542937108727
0.003281614800849294,Fear,Boredom,0.003194082315338616
0.003281614800849294,Fear,Fear,0.480619786517214
0.003281614800849294,Fear,Happiness,0.009013077213934477
0.003281614800849294,Fear,Joy,0.036672344105780796
0.003281614800849294,Fear,Pride,0.024980589629852702
0.003281614800849294,Fear,Sadness,0.2829787826385212
0.003281614800849294,Fear,Shame,0.1625413375793583
0.003281614800849294,Happiness,Boredom,0.21319377878809617
0.003281614800849294,Happiness,Fear,0.006052232494901141
0.003281614800849294,Happiness,Happiness,0.30757865988467203
0.003281614800849294,Happiness,Joy,0.0528504016193982
0.003281614800849294,Happiness,Pride,0.23683733216327893
0.003281614800849294,Happiness,Sadness,0.01296673223893504
0.003281614800849294,Happiness,Shame,0.17052086281071854
0.003281614800849294,Joy,Boredom,0.007371673468771102
0.003281614800849294,Joy,Fear,0.03546331269064422
0.003281614800849294,Joy,Happiness,0.07145522992491944
0.003281614800849294,Joy,Joy,0.33114965502678084
0.003281614800849294,Joy,Pride,0.2840542258964366
0.003281614800849294,Joy,Sadness,0.016649627652562685
0.003281614800849294,Joy,Shame,0.25385627533988503
0.003281614800849294,Pride,Boredom,0.010940588473562862
0.003281614800849294,Pride,Fear,0.01918839183553954
0.003281614800849294,Pride,Happiness,0.09845481856035461
0.003281614800849294,Pride,Joy,0.30736143183426246
0.003281614800849294,Pride,Pride,0.27988436056810084
0.003281614800849294,Pride,Sadness,0.018243108267112663
0.003281614800849294,Pride,Shame,0.2659273004610673
0.003281614800849294,Sadness,Boredom,0.008158736110442964
0.003281614800849294,Sadness,Fear,0.21730871331365129
0.003281614800849294,Sadness,Happiness,0.019364729622403397
0.003281614800849294,Sadness,Joy,0.012617303380251773
0.003281614800849294,Sadness,Pride,0.020773549721995112
0.003281614800849294,Sadness,Sadness,0.5743164409807062
0.003281614800849294,Sadness,Shame,0.14746052687054906
0.003281614800849294,Shame,Boredom,0.004493073979668163
0.003281614800849294,Shame,Fear,0.45145722945600214
0.003281614800849294,Shame,Happiness,0.011836342434606937
0.003281614800849294,Shame,Joy,0.04899587275465164
0.003281614800849294,Shame,Pride,0.034621535228435675
0.003281614800849294,Shame,Sadness,0.25386385507727754
0.003281614800849294,Shame,Shame,0.1947320910693578
0.0031099904479344725,Boredom,Boredom,0.5001991923690813
0.0031099904479344725,Boredom,Fear,0.010140724615483801
0.0031099904479344725,Boredom,Happiness,0.3156250595211094
0.0031099904479344725,Boredom,Joy,0.024310389552720222
0.0031099904479344725,Boredom,Pride,0.07017638338478667
0.0031099904479344725,Boredom,Sadness,0.02160625689817764
0.0031099904479344725,Boredom,Shame,0.05794199365864116
0.0031099904479344725,Fear,Boredom,0.003963061196097293
0.0031099904479344725,Fear,Fear,0.5127665814636205
0.0031099904479344725,Fear,Happiness,0.01631735114607473
0.0031099904479344725,Fear,Joy,0.03538307689719684
0.0031099904479344725,Fear,Pride,0.022108477902341727
0.0031099904479344725,Fear,Sadness,0.2724084752548821
0.0031099904479344725,Fear,Shame,0.13705297613978712
0.0031099904479344725,Happiness,Boredom,0.2374899911883346
0.0031099904479344725,Happiness,Fear,0.010976109332064835
0.0031099904479344725,Happiness,Happiness,0.2966391970523401
0.0031099904479344725,Happiness,Joy,0.07242979988660919
0.0031099904479344725,Happiness,Pride,0.22584632169380678
0.0031099904479344725,Happiness,Sadness,0.01777883626274408
0.0031099904479344725,Happiness,Shame,0.13883974458410042
0.0031099904479344725,Joy,Boredom,0.012287963622913144
0.0031099904479344725,Joy,Fear,0.043321794802602946
0.0031099904479344725,Joy,Happiness,0.13374615948479587
0.0031099904479344725,Joy,Joy,0.3312515496095623
0.0031099904479344725,Joy,Pride,0.2652815473546607
0.0031099904479344725,Joy,Sadness,0.022652979976011647
0.0031099904479344725,Joy,Shame,0.19145800514945327
0.0031099904479344725,Pride,Boredom,0.01795455991400832
0.0031099904479344725,Pride,Fear,0.02565254691084072
0.0031099904479344725,Pride,Happiness,0.20355937553948147
0.0031099904479344725,Pride,Joy,0.2802281052546309
0.0031099904479344725,Pride,Pride,0.2570797972335994
0.0031099904479344725,Pride,Sadness,0.022155258439721357
0.0031099904479344725,Pride,Shame,0.1933703567077174
0.0031099904479344725,Sadness,Boredom,0.013369889856581104
0.0031099904479344725,Sadness,Fear,0.3285618582456231
0.0031099904479344725,Sadness,Happiness,0.028123943165242728
0.0031099904479344725,Sadness,Joy,0.01690264600485647
0.0031099904479344725,Sadness,Pride,0.021097037430735998
0.0031099904479344725,Sadness,Sadness,0.4604618006265028
0.0031099904479344725,Sadness,Shame,0.13148282467045772
0.0031099904479344725,Shame,Boredom,0.004968849771624931
0.0031099904479344725,Shame,Fear,0.49225565102417407
0.0031099904479344725,Shame,Happiness,0.01934310245328654
0.0031099904479344725,Shame,Joy,0.046053665894205384
0.0031099904479344725,Shame,Pride,0.02606528509193993
0.0031099904479344725,Shame,Sadness,0.25918069152053885
0.0031099904479344725,Shame,Shame,0.15213275424423034
0.0032766436180262453,Boredom,Boredom,0.5293892859984266
0.0032766436180262453,Boredom,Fear,0.006117338146383808
0.0032766436180262453,Boredom,Happiness,0.33093764312867324
0.0032766436180262453,Boredom,Joy,0.014343563628530169
0.0032766436180262453,Boredom,Pride,0.06013433495323993
0.0032766436180262453,Boredom,Sadness,0.013728250911687674
0.0032766436180262453,Boredom,Shame,0.04534958323305824
0.0032766436180262453,Fear,Boredom,0.0020445037081227024
0.0032766436180262453,Fear,Fear,0.6021657466063289
0.0032766436180262453,Fear,Happiness,0.0074198161439007915
0.0032766436180262453,Fear,Joy,0.027358375479075762
0.0032766436180262453,Fear,Pride,0.01609337056508104
0.0032766436180262453,Fear,Sadness,0.23820505532915248
0.0032766436180262453,Fear,Shame,0.10671313216833858
0.0032766436180262453,Happiness,Boredom,0.26595990367406336
0.0032766436180262453,Happiness,Fear,0.006480301491337536
0.0032766436180262453,Happiness,Happiness,0.32464533935520296
0.0032766436180262453,Happiness,Joy,0.049984599800751595
0.0032766436180262453,Happiness,Pride,0.2149522418848057
0.0032766436180262453,Happiness,Sadness,0.012819420090445009
0.0032766436180262453,Happiness,Shame,0.12515819370339387
0.0032766436180262453,Joy,Boredom,0.009727091745632879
0.0032766436180262453,Joy,Fear,0.03997594082890168
0.0032766436180262453,Joy,Happiness,0.0831973648821057
0.0032766436180262453,Joy,Joy,0.36545819225915266
0.0032766436180262453,Joy,Pride,0.2766252212579937
0.0032766436180262453,Joy,Sadness,0.019343084098406193
0.0032766436180262453,Joy,Shame,0.205673104927807
0.0032766436180262453,Pride,Boredom,0.013997238588565521
0.0032766436180262453,Pride,Fear,0.02152171006189859
0.0032766436180262453,Pride,Happiness,0.15214193748468274
0.0032766436180262453,Pride,Joy,0.32223404921215665
0.0032766436180262453,Pride,Pride,0.2619126570002291
0.0032766436180262453,Pride,Sadness,0.018601029692323297
0.0032766436180262453,Pride,Shame,0.20959137796014413
0.0032766436180262453,Sadness,Boredom,0.00950126518897924
0.0032766436180262453,Sadness,Fear,0.31932783469913806
0.0032766436180262453,Sadness,Happiness,0.02029426642900083
0.0032766436180262453,Sadness,Joy,0.010558662750038524
0.0032766436180262453,Sadness,Pride,0.015544256676279327
0.0032766436180262453,Sadness,Sadness,0.5235520057437227
0.0032766436180262453,Sadness,Shame,0.10122170851284107
0.0032766436180262453,Shame,Boredom,0.003061828365623228
0.0032766436180262453,Shame,Fear,0.5711475767072459
0.0032766436180262453,Shame,Happiness,0.010053485699340867
0.0032766436180262453,Shame,Joy,0.03807714978518518
0.0032766436180262453,Shame,Pride,0.023387773160942933
0.0032766436180262453,Shame,Sadness,0.22205733185194784
0.0032766436180262453,Shame,Shame,0.13221485442971387
0.0031552266419175674,Boredom,Boredom,0.5088313687160564
0.0031552266419175674,Boredom,Fear,0.009035493899714022
0.0031552266419175674,Boredom,Happiness,0.32025261092689256
0.0031552266419175674,Boredom,Joy,0.020744054729843506
0.0031552266419175674,Boredom,Pride,0.06614161913559993
0.0031552266419175674,Boredom,Sadness,0.021272071558002023
0.0031552266419175674,Boredom,Shame,0.053722781033892116
0.0031552266419175674,Fear,Boredom,0.0032727864312507445
0.0031552266419175674,Fear,Fear,0.5361950781845632
0.0031552266419175674,Fear,Happiness,0.013809152588078412
0.0031552266419175674,Fear,Joy,0.03319325500592399
0.0031552266419175674,Fear,Pride,0.020127833594638312
0.0031552266419175674,Fear,Sadness,0.26437883586559446
0.0031552266419175674,Fear,Shame,0.12902305832995015
0.0031552266419175674,Happiness,Boredom,0.25107611560846266
0.0031552266419175674,Happiness,Fear,0.009533502860505493
0.0031552266419175674,Happiness,Happiness,0.3060128527686708
0.0031552266419175674,Happiness,Joy,0.06585283609736771
0.0031552266419175674,Happiness,Pride,0.22337658585724898
0.0031552266419175674,Happiness,Sadness,0.016340972763566056
0.0031552266419175674,Happiness,Shame,0.12780713404417815
0.0031552266419175674,Joy,Boredom,0.011372892194774381
0.0031552266419175674,Joy,Fear,0.04229551335267381
0.0031552266419175674,Joy,Happiness,0.12285538818758772
0.0031552266419175674,Joy,Joy,0.34057175104153364
0.0031552266419175674,Joy,Pride,0.2669731882215614
0.0031552266419175674,Joy,Sadness,0.021959590166059053
0.0031552266419175674,Joy,Shame,0.19397167683581
0.0031552266419175674,Pride,Boredom,0.01640059664187288
0.0031552266419175674,Pride,Fear,0.024584237840015864
0.0031552266419175674,Pride,Happiness,0.19972095490405536
0.0031552266419175674,Pride,Joy,0.28450802355631183
0.0031552266419175674,Pride,Pride,0.25737822603061283
0.0031552266419175674,Pride,Sadness,0.021094404207581952
0.0031552266419175674,Pride,Shame,0.1963135568195489
0.0031552266419175674,Sadness,Boredom,0.010939875914617106
0.0031552266419175674,Sadness,Fear,0.3270868851846274
0.0031552266419175674,Sadness,Happiness,0.02577553546107942
0.0031552266419175674,Sadness,Joy,0.01514094283056072
0.0031552266419175674,Sadness,Pride,0.01934007349394091
0.0031552266419175674,Sadness,Sadness,0.478196592158626
0.0031552266419175674,Sadness,Shame,0.1235200949565488
0.0031552266419175674,Shame,Boredom,0.004311778930423328
0.0031552266419175674,Shame,Fear,0.5129774399457444
0.0031552266419175674,Shame,Happiness,0.01688858431589947
0.0031552266419175674,Shame,Joy,0.043974565521357915
0.0031552266419175674,Shame,Pride,0.02445103534755644
0.0031552266419175674,Shame,Sadness,0.25042926392113823
0.0031552266419175674,Shame,Shame,0.1469673320178799
0.003154407293956652,Boredom,Boredom,0.5204525802748364
0.003154407293956652,Boredom,Fear,0.007592484605490999
0.003154407293956652,Boredom,Happiness,0.32437290707029626
0.003154407293956652,Boredom,Joy,0.017732549306745317
0.003154407293956652,Boredom,Pride,0.06331146552915044
0.003154407293956652,Boredom,Sadness,0.01717379851461349
0.003154407293956652,Boredom,Shame,0.049364214698867065
0.003154407293956652,Fear,Boredom,0.002876865181356256
0.003154407293956652,Fear,Fear,0.5551906550298821
0.003154407293956652,Fear,Happiness,0.01162808740340404
0.003154407293956652,Fear,Joy,0.032419523669976275
0.003154407293956652,Fear,Pride,0.01893719128099519
0.003154407293956652,Fear,Sadness,0.25486837287989395
0.003154407293956652,Fear,Shame,0.12407930455449262
0.003154407293956652,Happiness,Boredom,0.267988832307223
0.003154407293956652,Happiness,Fear,0.007956588635738237
0.003154407293956652,Happiness,Happiness,0.314451915626818
0.003154407293956652,Happiness,Joy,0.058829591478929535
0.003154407293956652,Happiness,Pride,0.21658372923511857
0.003154407293956652,Happiness,Sadness,0.013916740373469533
0.003154407293956652,Happiness,Shame,0.12027260234270316
0.003154407293956652,Joy,Boredom,0.010483109708317817
0.003154407293956652,Joy,Fear,0.04077757698452843
0.003154407293956652,Joy,Happiness,0.11273553342110484
0.003154407293956652,Joy,Joy,0.3496139264862397
0.003154407293956652,Joy,Pride,0.26889732709635733
0.003154407293956652,Joy,Sadness,0.020025860179274945
0.003154407293956652,Joy,Shame,0.19746666612417701
0.003154407293956652,Pride,Boredom,0.015912355758427765
0.003154407293956652,Pride,Fear,0.023227372187277946
0.003154407293956652,Pride,Happiness,0.19497531021440437
0.003154407293956652,Pride,Joy,0.28828414690336224
0.003154407293956652,Pride,Pride,0.25800800664850976
0.003154407293956652,Pride,Sadness,0.019328921994762552
0.003154407293956652,Pride,Shame,0.20026388629325523
0.003154407293956652,Sadness,Boredom,0.01037800580141333
0.003154407293956652,Sadness,Fear,0.324941169016803
0.003154407293956652,Sadness,Happiness,0.023553259226126395
0.003154407293956652,Sadness,Joy,0.013418797759267131
0.003154407293956652,Sadness,Pride,0.017747170881247887
0.003154407293956652,Sadness,Sadness,0.4948514879465513
0.003154407293956652,Sadness,Shame,0.11511010936859102
0.003154407293956652,Shame,Boredom,0.003954234087191942
0.003154407293956652,Shame,Fear,0.5291616656718288
0.003154407293956652,Shame,Happiness,0.014722197925450384
0.003154407293956652,Shame,Joy,0.04358409166457149
0.003154407293956652,Shame,Pride,0.024241941309208998
0.003154407293956652,Shame,Sadness,0.23906693544593893
0.003154407293956652,Shame,Shame,0.1452689338958093
0.0032137415339883193,Boredom,Boredom,0.5230419023503408
0.0032137415339883193,Boredom,Fear,0.007261236936337531
0.0032137415339883193,Boredom,Happiness,0.32544250321295326
0.0032137415339883193,Boredom,Joy,0.016871290122408865
0.0032137415339883193,Boredom,Pride,0.06328836060666608
0.0032137415339883193,Boredom,Sadness,0.01541478983241692
0.0032137415339883193,Boredom,Shame,0.04867991693887638
0.0032137415339883193,Fear,Boredom,0.0025787860085717865
0.0032137415339883193,Fear,Fear,0.5707271832933183
0.0032137415339883193,Fear,Happiness,0.010371644815329241
0.0032137415339883193,Fear,Joy,0.030588923000447365
0.0032137415339883193,Fear,Pride,0.01785456043364732
0.0032137415339883193,Fear,Sadness,0.2508273945162727
0.0032137415339883193,Fear,Shame,0.117051507932413
0.0032137415339883193,Happiness,Boredom,0.24780741045740545
0.0032137415339883193,Happiness,Fear,0.008380851470382679
0.0032137415339883193,Happiness,Happiness,0.3191994170147532
0.0032137415339883193,Happiness,Joy,0.05922426567676304
0.0032137415339883193,Happiness,Pride,0.22453745517564594
0.0032137415339883193,Happiness,Sadness,0.014925815947578488
0.0032137415339883193,Happiness,Shame,0.12592478425747103
0.0032137415339883193,Joy,Boredom,0.010194352841558096
0.0032137415339883193,Joy,Fear,0.04045727535700427
0.0032137415339883193,Joy,Happiness,0.10568068476667083
0.0032137415339883193,Joy,Joy,0.35420921257272375
0.0032137415339883193,Joy,Pride,0.27040776208796735
0.0032137415339883193,Joy,Sadness,0.01980863994069955
0.0032137415339883193,Joy,Shame,0.19924207243337624
0.0032137415339883193,Pride,Boredom,0.01544961233963289
0.0032137415339883193,Pride,Fear,0.02276771901972962
0.0032137415339883193,Pride,Happiness,0.1887289263788571
0.0032137415339883193,Pride,Joy,0.29422265148194593
0.0032137415339883193,Pride,Pride,0.25780682150329415
0.0032137415339883193,Pride,Sadness,0.0188796782639453
0.0032137415339883193,Pride,Shame,0.2021445910125952
0.0032137415339883193,Sadness,Boredom,0.009895568751302214
0.0032137415339883193,Sadness,Fear,0.32416321893315525
0.0032137415339883193,Sadness,Happiness,0.022374050031289377
0.0032137415339883193,Sadness,Joy,0.012569511300120519
0.0032137415339883193,Sadness,Pride,0.016818108215687803
0.0032137415339883193,Sadness,Sadness,0.5050889480235792
0.0032137415339883193,Sadness,Shame,0.10909059474486538
0.0032137415339883193,Shame,Boredom,0.0036352415218136626
0.0032137415339883193,Shame,Fear,0.5431459393878104
0.0032137415339883193,Shame,Happiness,0.013409024058629527
0.0032137415339883193,Shame,Joy,0.041555757179024
0.0032137415339883193,Shame,Pride,0.024037763962811404
0.0032137415339883193,Shame,Sadness,0.23477981889786256
0.0032137415339883193,Shame,Shame,0.13943645499204835
0.002984200852386341,Boredom,Boredom,0.4650317588673948
0.002984200852386341,Boredom,Fear,0.013672336158488783
0.002984200852386341,Boredom,Happiness,0.2985104063357985
0.002984200852386341,Boredom,Joy,0.03527857534067164
0.002984200852386341,Boredom,Pride,0.07835252795432456
0.002984200852386341,Boredom,Sadness,0.026164581080057935
0.002984200852386341,Boredom,Shame,0.08298981426326398
0.002984200852386341,Fear,Boredom,0.00634928168360515
0.002984200852386341,Fear,Fear,0.406440713578155
0.002984200852386341,Fear,Happiness,0.020756592308665417
0.002984200852386341,Fear,Joy,0.044385095985113886
0.002984200852386341,Fear,Pride,0.030419108062499835
0.002984200852386341,Fear,Sadness,0.31072231276868606
0.002984200852386341,Fear,Shame,0.18092689561327432
0.002984200852386341,Happiness,Boredom,0.20172757123920113
0.002984200852386341,Happiness,Fear,0.011747729840235168
0.002984200852386341,Happiness,Happiness,0.2672772795665822
0.002984200852386341,Happiness,Joy,0.08914482744006819
0.002984200852386341,Happiness,Pride,0.22984770335947807
0.002984200852386341,Happiness,Sadness,0.019504439496856877
0.002984200852386341,Happiness,Shame,0.18075044905757812
0.002984200852386341,Joy,Boredom,0.011840579597377218
0.002984200852386341,Joy,Fear,0.041990294220954565
0.002984200852386341,Joy,Happiness,0.11793043953855235
0.002984200852386341,Joy,Joy,0.3208602192697271
0.002984200852386341,Joy,Pride,0.26848807449392253
0.002984200852386341,Joy,Sadness,0.023565128008382927
0.002984200852386341,Joy,Shame,0.21532526487108414
0.002984200852386341,Pride,Boredom,0.017059132025801265
0.002984200852386341,Pride,Fear,0.02454590213209825
0.002984200852386341,Pride,Happiness,0.16849442655304153
0.002984200852386341,Pride,Joy,0.29109704105196293
0.002984200852386341,Pride,Pride,0.26100523118295155
0.002984200852386341,Pride,Sadness,0.022644006449827836
0.002984200852386341,Pride,Shame,0.2151542606043169
0.002984200852386341,Sadness,Boredom,0.017462056718364795
0.002984200852386341,Sadness,Fear,0.26587036330265446
0.002984200852386341,Sadness,Happiness,0.03228116793533836
0.002984200852386341,Sadness,Joy,0.02394282255951296
0.002984200852386341,Sadness,Pride,0.028979738337106615
0.002984200852386341,Sadness,Sadness,0.4582672380931961
0.002984200852386341,Sadness,Shame,0.17319661305382744
0.002984200852386341,Shame,Boredom,0.00734931645288875
0.002984200852386341,Shame,Fear,0.3914147572355463
0.002984200852386341,Shame,Happiness,0.02337378625338106
0.002984200852386341,Shame,Joy,0.055870056725840965
0.002984200852386341,Shame,Pride,0.034203480416045824
0.002984200852386341,Shame,Sadness,0.2942575888383596
0.002984200852386341,Shame,Shame,0.19353101407793732
0.0033685977473022063,Boredom,Boredom,0.5138247526843545
0.0033685977473022063,Boredom,Fear,0.00813349411212968
0.0033685977473022063,Boredom,Happiness,0.3265711952611009
0.0033685977473022063,Boredom,Joy,0.017190922603891594
0.0033685977473022063,Boredom,Pride,0.06540668535733352
0.0033685977473022063,Boredom,Sadness,0.018260841916677838
0.0033685977473022063,Boredom,Shame,0.05061210806451171
0.0033685977473022063,Fear,Boredom,0.0027931200913009035
0.0033685977473022063,Fear,Fear,0.5686297799200849
0.0033685977473022063,Fear,Happiness,0.01045126130103795
0.0033685977473022063,Fear,Joy,0.03116049824963997
0.0033685977473022063,Fear,Pride,0.01855860293015975
0.0033685977473022063,Fear,Sadness,0.24664513639163782
0.0033685977473022063,Fear,Shame,0.1217616011161388
0.0033685977473022063,Happiness,Boredom,0.2469556275926378
0.0033685977473022063,Happiness,Fear,0.00988843406099538
0.0033685977473022063,Happiness,Happiness,0.31993803007854615
0.0033685977473022063,Happiness,Joy,0.057085763357723036
0.0033685977473022063,Happiness,Pride,0.2287465775072131
0.0033685977473022063,Happiness,Sadness,0.016791708647450394
0.0033685977473022063,Happiness,Shame,0.1205938587554344
0.0033685977473022063,Joy,Boredom,0.010995867447903217
0.0033685977473022063,Joy,Fear,0.04254536927941591
0.0033685977473022063,Joy,Happiness,0.09341129837652146
0.0033685977473022063,Joy,Joy,0.35633853892401846
0.0033685977473022063,Joy,Pride,0.27421028456496765
0.0033685977473022063,Joy,Sadness,0.022766414400783808
0.0033685977473022063,Joy,Shame,0.19973222700638943
0.0033685977473022063,Pride,Boredom,0.015344376470710007
0.0033685977473022063,Pride,Fear,0.024300893292522233
0.0033685977473022063,Pride,Happiness,0.16947021773902532
0.0033685977473022063,Pride,Joy,0.3113483001062529
0.0033685977473022063,Pride,Pride,0.2586426006539295
0.0033685977473022063,Pride,Sadness,0.02119834204022782
0.0033685977473022063,Pride,Shame,0.1996952696973324
0.0033685977473022063,Sadness,Boredom,0.00989532941093733
0.0033685977473022063,Sadness,Fear,0.31605398261432244
0.0033685977473022063,Sadness,Happiness,0.02325465465174396
0.0033685977473022063,Sadness,Joy,0.013009115362462707
0.0033685977473022063,Sadness,Pride,0.017544165618901708
0.0033685977473022063,Sadness,Sadness,0.5045793644363418
0.0033685977473022063,Sadness,Shame,0.1156633879052904
0.0033685977473022063,Shame,Boredom,0.003803671963783673
0.0033685977473022063,Shame,Fear,0.5432404501846806
0.0033685977473022063,Shame,Happiness,0.013034550376781178
0.0033685977473022063,Shame,Joy,0.04149631448810778
0.0033685977473022063,Shame,Pride,0.02342804462902808
0.0033685977473022063,Shame,Sadness,0.23337733339554056
0.0033685977473022063,Shame,Shame,0.14161963496207855
0.003105093587980022,Boredom,Boredom,0.4746441398697363
0.003105093587980022,Boredom,Fear,0.011601615506874635
0.003105093587980022,Boredom,Happiness,0.3070257281739802
0.003105093587980022,Boredom,Joy,0.03053971215709783
0.003105093587980022,Boredom,Pride,0.07703567182435532
0.003105093587980022,Boredom,Sadness,0.02647529974101209
0.003105093587980022,Boredom,Shame,0.07267783272694392
0.003105093587980022,Fear,Boredom,0.005256157001749272
0.003105093587980022,Fear,Fear,0.4222850885167163
0.003105093587980022,Fear,Happiness,0.01854649016995263
0.003105093587980022,Fear,Joy,0.04386076593740158
0.003105093587980022,Fear,Pride,0.02899211515128667
0.003105093587980022,Fear,Sadness,0.30543689231250487
0.003105093587980022,Fear,Shame,0.17562249091038865
0.003105093587980022,Happiness,Boredom,0.21180652567414787
0.003105093587980022,Happiness,Fear,0.010289064971447366
0.003105093587980022,Happiness,Happiness,0.2751250234907577
0.003105093587980022,Happiness,Joy,0.08130151616883183
0.003105093587980022,Happiness,Pride,0.22832449639396368
0.003105093587980022,Happiness,Sadness,0.018153233199866312
0.003105093587980022,Happiness,Shame,0.17500014010098533
0.003105093587980022,Joy,Boredom,0.01064027252739243
0.003105093587980022,Joy,Fear,0.04074463726791402
0.003105093587980022,Joy,Happiness,0.10909366239207978
0.003105093587980022,Joy,Joy,0.3252093388898143
0.003105093587980022,Joy,Pride,0.27095578106834833
0.003105093587980022,Joy,Sadness,0.023147122063006096
0.003105093587980022,Joy,Shame,0.2202091857914452
0.003105093587980022,Pride,Boredom,0.014917135317767404
0.003105093587980022,Pride,Fear,0.02365264343384238
0.003105093587980022,Pride,Happiness,0.16244225001359633
0.003105093587980022,Pride,Joy,0.2946648665056474
0.003105093587980022,Pride,Pride,0.2618994752361989
0.003105093587980022,Pride,Sadness,0.022035447640664268
0.003105093587980022,Pride,Shame,0.22038818185228304
0.003105093587980022,Sadness,Boredom,0.013853614382474195
0.003105093587980022,Sadness,Fear,0.25671259291522464
0.003105093587980022,Sadness,Happiness,0.030095135838321383
0.003105093587980022,Sadness,Joy,0.022243170293206063
0.003105093587980022,Sadness,Pride,0.027136580337859532
0.003105093587980022,Sadness,Sadness,0.4827481735815797
0.003105093587980022,Sadness,Shame,0.16721073265133393
0.003105093587980022,Shame,Boredom,0.0063405007817971225
0.003105093587980022,Shame,Fear,0.4051597937787694
0.003105093587980022,Shame,Happiness,0.021361367859603242
0.003105093587980022,Shame,Joy,0.055655024803131836
0.003105093587980022,Shame,Pride,0.03334973695652466
0.003105093587980022,Shame,Sadness,0.28712242432595586
0.003105093587980022,Shame,Shame,0.19101115149421743
0.0033414594579309473,Boredom,Boredom,0.5396022604356734
0.0033414594579309473,Boredom,Fear,0.005252030394339537
0.0033414594579309473,Boredom,Happiness,0.33035496872952236
0.0033414594579309473,Boredom,Joy,0.013052097255409135
0.0033414594579309473,Boredom,Pride,0.057642469648384945
0.0033414594579309473,Boredom,Sadness,0.012209098052464637
0.0033414594579309473,Boredom,Shame,0.04188707548420601
0.0033414594579309473,Fear,Boredom,0.0016555938463786951
0.0033414594579309473,Fear,Fear,0.630249837303538
0.0033414594579309473,Fear,Happiness,0.005826655401779275
0.0033414594579309473,Fear,Joy,0.02464815003207411
0.0033414594579309473,Fear,Pride,0.014967666756007277
0.0033414594579309473,Fear,Sadness,0.2261706721429914
0.0033414594579309473,Fear,Shame,0.09648142451723102
0.0033414594579309473,Happiness,Boredom,0.26125406492310177
0.0033414594579309473,Happiness,Fear,0.005745924689485709
0.0033414594579309473,Happiness,Happiness,0.33133617545731847
0.0033414594579309473,Happiness,Joy,0.04895442903092842
0.0033414594579309473,Happiness,Pride,0.21582977819049495
0.0033414594579309473,Happiness,Sadness,0.012119222315278264
0.0033414594579309473,Happiness,Shame,0.12476040539339259
0.0033414594579309473,Joy,Boredom,0.009271769120656255
0.0033414594579309473,Joy,Fear,0.0392781184578138
0.0033414594579309473,Joy,Happiness,0.07802078015618229
0.0033414594579309473,Joy,Joy,0.37073401351137025
0.0033414594579309473,Joy,Pride,0.27733627549030304
0.0033414594579309473,Joy,Sadness,0.017820216962771675
0.0033414594579309473,Joy,Shame,0.2075388263009026
0.0033414594579309473,Pride,Boredom,0.013599261615147063
0.0033414594579309473,Pride,Fear,0.02252721620008174
0.0033414594579309473,Pride,Happiness,0.10897641726741489
0.0033414594579309473,Pride,Joy,0.34356653697475326
0.0033414594579309473,Pride,Pride,0.2707671960516645
0.0033414594579309473,Pride,Sadness,0.02028033558435751
0.0033414594579309473,Pride,Shame,0.220283036306581
0.0033414594579309473,Sadness,Boredom,0.008969803667980251
0.0033414594579309473,Sadness,Fear,0.31476228153095953
0.0033414594579309473,Sadness,Happiness,0.01824659814592794
0.0033414594579309473,Sadness,Joy,0.008717422545515347
0.0033414594579309473,Sadness,Pride,0.014472663154936866
0.0033414594579309473,Sadness,Sadness,0.5416889367485184
0.0033414594579309473,Sadness,Shame,0.09314229420616194
0.0033414594579309473,Shame,Boredom,0.0026089906451302225
0.0033414594579309473,Shame,Fear,0.596483533595432
0.0033414594579309473,Shame,Happiness,0.00830077181737329
0.0033414594579309473,Shame,Joy,0.03503742018969566
0.0033414594579309473,Shame,Pride,0.023627220028337396
0.0033414594579309473,Shame,Sadness,0.20981906307708495
0.0033414594579309473,Shame,Shame,0.12412300064694658
0.0032192787182191017,Boredom,Boredom,0.5133716137544966
0.0032192787182191017,Boredom,Fear,0.008329129276151296
0.0032192787182191017,Boredom,Happiness,0.32373513311931096
0.0032192787182191017,Boredom,Joy,0.01889034377251391
0.0032192787182191017,Boredom,Pride,0.06609412299962765
0.0032192787182191017,Boredom,Sadness,0.017796399398478425
0.0032192787182191017,Boredom,Shame,0.05178325767942151
0.0032192787182191017,Fear,Boredom,0.0030389022834837803
0.0032192787182191017,Fear,Fear,0.5514190375586204
0.0032192787182191017,Fear,Happiness,0.012401747185944778
0.0032192787182191017,Fear,Joy,0.03280858011180206
0.0032192787182191017,Fear,Pride,0.01943726886262902
0.0032192787182191017,Fear,Sadness,0.25552643638736633
0.0032192787182191017,Fear,Shame,0.1253680276101535
0.0032192787182191017,Happiness,Boredom,0.25060918343613386
0.0032192787182191017,Happiness,Fear,0.009288462056735308
0.0032192787182191017,Happiness,Happiness,0.31251643593909184
0.0032192787182191017,Happiness,Joy,0.061986560773019735
0.0032192787182191017,Happiness,Pride,0.22427432259283098
0.0032192787182191017,Happiness,Sadness,0.01618872512085047
0.0032192787182191017,Happiness,Shame,0.1251363100813376
0.0032192787182191017,Joy,Boredom,0.01106335704288909
0.0032192787182191017,Joy,Fear,0.04194520284300865
0.0032192787182191017,Joy,Happiness,0.11264036431400358
0.0032192787182191017,Joy,Joy,0.3486064722640125
0.0032192787182191017,Joy,Pride,0.2693511678228492
0.0032192787182191017,Joy,Sadness,0.021930858079914177
0.0032192787182191017,Joy,Shame,0.19446257763332303
0.0032192787182191017,Pride,Boredom,0.01627587827333218
0.0032192787182191017,Pride,Fear,0.024121091870840657
0.0032192787182191017,Pride,Happiness,0.1931818632741872
0.0032192787182191017,Pride,Joy,0.2915287820878775
0.0032192787182191017,Pride,Pride,0.2576255511337949
0.0032192787182191017,Pride,Sadness,0.020896204583669812
0.0032192787182191017,Pride,Shame,0.19637062877629796
0.0032192787182191017,Sadness,Boredom,0.010495512147908384
0.0032192787182191017,Sadness,Fear,0.3234061150760147
0.0032192787182191017,Sadness,Happiness,0.024777583890995797
0.0032192787182191017,Sadness,Joy,0.0143822960658424
0.0032192787182191017,Sadness,Pride,0.018717349890184164
0.0032192787182191017,Sadness,Sadness,0.4866560217440657
0.0032192787182191017,Sadness,Shame,0.12156512118498836
0.0032192787182191017,Shame,Boredom,0.004076025916079612
0.0032192787182191017,Shame,Fear,0.526455602616673
0.0032192787182191017,Shame,Happiness,0.015368951898038974
0.0032192787182191017,Shame,Joy,0.04361307983455198
0.0032192787182191017,Shame,Pride,0.024476236162228677
0.0032192787182191017,Shame,Sadness,0.2417495657838355
0.0032192787182191017,Shame,Shame,0.14426053778859202
0.0034166621959215264,Boredom,Boredom,0.48545662733154743
0.0034166621959215264,Boredom,Fear,0.009393560800929176
0.0034166621959215264,Boredom,Happiness,0.32342912604186574
0.0034166621959215264,Boredom,Joy,0.02083087069144411
0.0034166621959215264,Boredom,Pride,0.07440636852176602
0.0034166621959215264,Boredom,Sadness,0.02126740176629709
0.0034166621959215264,Boredom,Shame,0.06521604484615014
0.0034166621959215264,Fear,Boredom,0.0036442631548488226
0.0034166621959215264,Fear,Fear,0.47260952614977664
0.0034166621959215264,Fear,Happiness,0.01160230559688081
0.0034166621959215264,Fear,Joy,0.038636712380770995
0.0034166621959215264,Fear,Pride,0.025400751944386676
0.0034166621959215264,Fear,Sadness,0.2872229292051272
0.0034166621959215264,Fear,Shame,0.1608835115682091
0.0034166621959215264,Happiness,Boredom,0.26637191719485576
0.0034166621959215264,Happiness,Fear,0.007738969603328119
0.0034166621959215264,Happiness,Happiness,0.2987540203054493
0.0034166621959215264,Happiness,Joy,0.05285081786124677
0.0034166621959215264,Happiness,Pride,0.22096220807633463
0.0034166621959215264,Happiness,Sadness,0.014529593079017035
0.0034166621959215264,Happiness,Shame,0.138792473879768
0.0034166621959215264,Joy,Boredom,0.009256760939331247
0.0034166621959215264,Joy,Fear,0.03999052113443963
0.0034166621959215264,Joy,Happiness,0.07972333076533424
0.0034166621959215264,Joy,Joy,0.33469206822419617
0.0034166621959215264,Joy,Pride,0.2797152684329669
0.0034166621959215264,Joy,Sadness,0.021637792371756046
0.0034166621959215264,Joy,Shame,0.23498425813197618
0.0034166621959215264,Pride,Boredom,0.012826402214189894
0.0034166621959215264,Pride,Fear,0.023041965695731657
0.0034166621959215264,Pride,Happiness,0.11903389622172854
0.0034166621959215264,Pride,Joy,0.31390023393354466
0.0034166621959215264,Pride,Pride,0.2698769123474914
0.0034166621959215264,Pride,Sadness,0.021896750261242885
0.0034166621959215264,Pride,Shame,0.2394238393260713
0.0034166621959215264,Sadness,Boredom,0.009525476085055605
0.0034166621959215264,Sadness,Fear,0.22658319715847888
0.0034166621959215264,Sadness,Happiness,0.023352748817023553
0.0034166621959215264,Sadness,Joy,0.0159212760008573
0.0034166621959215264,Sadness,Pride,0.021956667612813917
0.0034166621959215264,Sadness,Sadness,0.554980302205494
0.0034166621959215264,Sadness,Shame,0.14768033212027679
0.0034166621959215264,Shame,Boredom,0.00479487952983244
0.0034166621959215264,Shame,Fear,0.4489331560139119
0.0034166621959215264,Shame,Happiness,0.014236583524091358
0.0034166621959215264,Shame,Joy,0.05019334748670431
0.0034166621959215264,Shame,Pride,0.03280352560676826
0.0034166621959215264,Shame,Sadness,0.2653484702481063
0.0034166621959215264,Shame,Shame,0.18369003759058564
0.0031066662304264185,Boredom,Boredom,0.48005622930072345
0.0031066662304264185,Boredom,Fear,0.009401231918389492
0.0031066662304264185,Boredom,Happiness,0.3212987735686473
0.0031066662304264185,Boredom,Joy,0.02441103128272797
0.0031066662304264185,Boredom,Pride,0.07516527880851367
0.0031066662304264185,Boredom,Sadness,0.02116783049790948
0.0031066662304264185,Boredom,Shame,0.06849962462308844
0.0031066662304264185,Fear,Boredom,0.004182008579512046
0.0031066662304264185,Fear,Fear,0.44195736046504497
0.0031066662304264185,Fear,Happiness,0.013755298385755758
0.0031066662304264185,Fear,Joy,0.042106981111137906
0.0031066662304264185,Fear,Pride,0.02763615568005679
0.0031066662304264185,Fear,Sadness,0.2929797053928277
0.0031066662304264185,Fear,Shame,0.17738249038566503
0.0031066662304264185,Happiness,Boredom,0.222075207762828
0.0031066662304264185,Happiness,Fear,0.007143656110439424
0.0031066662304264185,Happiness,Happiness,0.2887417685131027
0.0031066662304264185,Happiness,Joy,0.06888307526403029
0.0031066662304264185,Happiness,Pride,0.22846674720288881
0.0031066662304264185,Happiness,Sadness,0.014208112930052008
0.0031066662304264185,Happiness,Shame,0.1704814322166586
0.0031066662304264185,Joy,Boredom,0.008381811767322929
0.0031066662304264185,Joy,Fear,0.037284676218140814
0.0031066662304264185,Joy,Happiness,0.09113478021369735
0.0031066662304264185,Joy,Joy,0.32704872601454354
0.0031066662304264185,Joy,Pride,0.27770117013564305
0.0031066662304264185,Joy,Sadness,0.01911370260211888
0.0031066662304264185,Joy,Shame,0.2393351330485334
0.0031066662304264185,Pride,Boredom,0.012192705553365166
0.0031066662304264185,Pride,Fear,0.020400027832165706
0.0031066662304264185,Pride,Happiness,0.14585996183486713
0.0031066662304264185,Pride,Joy,0.2921722219120777
0.0031066662304264185,Pride,Pride,0.26819884396210997
0.0031066662304264185,Pride,Sadness,0.018392502561010063
0.0031066662304264185,Pride,Shame,0.24278373634440492
0.0031066662304264185,Sadness,Boredom,0.010038491181775066
0.0031066662304264185,Sadness,Fear,0.23720687111292751
0.0031066662304264185,Sadness,Happiness,0.024661280136602164
0.0031066662304264185,Sadness,Joy,0.018639727641884877
0.0031066662304264185,Sadness,Pride,0.024448217987665465
0.0031066662304264185,Sadness,Sadness,0.5199278381052379
0.0031066662304264185,Sadness,Shame,0.16507757383390703
0.0031066662304264185,Shame,Boredom,0.005443273640812486
0.0031066662304264185,Shame,Fear,0.4190471311762326
0.0031066662304264185,Shame,Happiness,0.0168202380928114
0.0031066662304264185,Shame,Joy,0.05473138705769931
0.0031066662304264185,Shame,Pride,0.03456520122295329
0.0031066662304264185,Shame,Sadness,0.26811485237924276
0.0031066662304264185,Shame,Shame,0.20127791643024848
0.003155905548530207,Boredom,Boredom,0.5162249179999512
0.003155905548530207,Boredom,Fear,0.008171606462003555
0.003155905548530207,Boredom,Happiness,0.3228244190663913
0.003155905548530207,Boredom,Joy,0.01889953349938673
0.003155905548530207,Boredom,Pride,0.06476090110257017
0.003155905548530207,Boredom,Sadness,0.018175103164655124
0.003155905548530207,Boredom,Shame,0.050943518705041775
0.003155905548530207,Fear,Boredom,0.00307605945564346
0.003155905548530207,Fear,Fear,0.5461319779901033
0.003155905548530207,Fear,Happiness,0.012596168855124032
0.003155905548530207,Fear,Joy,0.033237079462079454
0.003155905548530207,Fear,Pride,0.019655109333438826
0.003155905548530207,Fear,Sadness,0.2578983343194795
0.003155905548530207,Fear,Shame,0.12740527058413154
0.003155905548530207,Happiness,Boredom,0.2583292490254627
0.003155905548530207,Happiness,Fear,0.008863047536025095
0.003155905548530207,Happiness,Happiness,0.3110002857952437
0.003155905548530207,Happiness,Joy,0.061923972503126264
0.003155905548530207,Happiness,Pride,0.22012117271509865
0.003155905548530207,Happiness,Sadness,0.015159827652887632
0.003155905548530207,Happiness,Shame,0.124602444772156
0.003155905548530207,Joy,Boredom,0.010882546418676928
0.003155905548530207,Joy,Fear,0.041450838558864424
0.003155905548530207,Joy,Happiness,0.11656102784121243
0.003155905548530207,Joy,Joy,0.34710640927342357
0.003155905548530207,Joy,Pride,0.2684180676774374
0.003155905548530207,Joy,Sadness,0.021038972603511584
0.003155905548530207,Joy,Shame,0.19454213762687333
0.003155905548530207,Pride,Boredom,0.016158520068394976
0.003155905548530207,Pride,Fear,0.024052587738268075
0.003155905548530207,Pride,Happiness,0.19672699732565174
0.003155905548530207,Pride,Joy,0.2876203572731122
0.003155905548530207,Pride,Pride,0.2579936272040802
0.003155905548530207,Pride,Sadness,0.02030250562840983
0.003155905548530207,Pride,Shame,0.1971454047620828
0.003155905548530207,Sadness,Boredom,0.01060971238399158
0.003155905548530207,Sadness,Fear,0.3258675333265885
0.003155905548530207,Sadness,Happiness,0.024598786958142972
0.003155905548530207,Sadness,Joy,0.014262673591867132
0.003155905548530207,Sadness,Pride,0.01857277665372042
0.003155905548530207,Sadness,Sadness,0.4854781105684929
0.003155905548530207,Sadness,Shame,0.12061040651719665
0.003155905548530207,Shame,Boredom,0.004123319852856349
0.003155905548530207,Shame,Fear,0.5217031845943296
0.003155905548530207,Shame,Happiness,0.015629400698801324
0.003155905548530207,Shame,Joy,0.04421597783117316
0.003155905548530207,Shame,Pride,0.024548360197685585
0.003155905548530207,Shame,Sadness,0.243111183799477
0.003155905548530207,Shame,Shame,0.14666857302567654
0.0032477677679730406,Boredom,Boredom,0.5339815062827411
0.0032477677679730406,Boredom,Fear,0.006001542913041582
0.0032477677679730406,Boredom,Happiness,0.3288132931962346
0.0032477677679730406,Boredom,Joy,0.014154936833173244
0.0032477677679730406,Boredom,Pride,0.059541199414192406
0.0032477677679730406,Boredom,Sadness,0.013109610440402182
0.0032477677679730406,Boredom,Shame,0.04439791092021492
0.0032477677679730406,Fear,Boredom,0.0021342393649181734
0.0032477677679730406,Fear,Fear,0.5933281268694791
0.0032477677679730406,Fear,Happiness,0.007804120493225181
0.0032477677679730406,Fear,Joy,0.028297086100655053
0.0032477677679730406,Fear,Pride,0.016436248961708005
0.0032477677679730406,Fear,Sadness,0.24205712975434202
0.0032477677679730406,Fear,Shame,0.10994304845567232
0.0032477677679730406,Happiness,Boredom,0.27746980148812944
0.0032477677679730406,Happiness,Fear,0.006164734516077241
0.0032477677679730406,Happiness,Happiness,0.3240428533160973
0.0032477677679730406,Happiness,Joy,0.049577245407857684
0.0032477677679730406,Happiness,Pride,0.2101251917310947
0.0032477677679730406,Happiness,Sadness,0.012339906741602458
0.0032477677679730406,Happiness,Shame,0.12028026679914158
0.0032477677679730406,Joy,Boredom,0.009620402545594526
0.0032477677679730406,Joy,Fear,0.039666596512472896
0.0032477677679730406,Joy,Happiness,0.08737971350702226
0.0032477677679730406,Joy,Joy,0.36503419198679754
0.0032477677679730406,Joy,Pride,0.27479229828846696
0.0032477677679730406,Joy,Sadness,0.019423441913506256
0.0032477677679730406,Joy,Shame,0.2040833552461394
0.0032477677679730406,Pride,Boredom,0.014268707877082244
0.0032477677679730406,Pride,Fear,0.021218013752828092
0.0032477677679730406,Pride,Happiness,0.16757478456766806
0.0032477677679730406,Pride,Joy,0.31190128197222905
0.0032477677679730406,Pride,Pride,0.2598629156594981
0.0032477677679730406,Pride,Sadness,0.01827951426577521
0.0032477677679730406,Pride,Shame,0.2068947819049194
0.0032477677679730406,Sadness,Boredom,0.009785251585495173
0.0032477677679730406,Sadness,Fear,0.32069916250601305
0.0032477677679730406,Sadness,Happiness,0.020700116100240418
0.0032477677679730406,Sadness,Joy,0.011152581994517765
0.0032477677679730406,Sadness,Pride,0.016073075630239807
0.0032477677679730406,Sadness,Sadness,0.5165997151378623
0.0032477677679730406,Sadness,Shame,0.10499009704563167
0.0032477677679730406,Shame,Boredom,0.0031608830730977004
0.0032477677679730406,Shame,Fear,0.5626384033522022
0.0032477677679730406,Shame,Happiness,0.01049526326977193
0.0032477677679730406,Shame,Joy,0.03918744918168875
0.0032477677679730406,Shame,Pride,0.023476172515980824
0.0032477677679730406,Shame,Sadness,0.22594551267680063
0.0032477677679730406,Shame,Shame,0.13509631593045804
0.002887816443437921,Boredom,Boredom,0.5009520807557457
0.002887816443437921,Boredom,Fear,0.010751191859804771
0.002887816443437921,Boredom,Happiness,0.3089878548058736
0.002887816443437921,Boredom,Joy,0.026526519217272067
0.002887816443437921,Boredom,Pride,0.06840707781846428
0.002887816443437921,Boredom,Sadness,0.020563046111015188
0.002887816443437921,Boredom,Shame,0.06381222943182457
0.002887816443437921,Fear,Boredom,0.0051665306504087875
0.002887816443437921,Fear,Fear,0.4986686495005954
0.002887816443437921,Fear,Happiness,0.01757973421284779
0.002887816443437921,Fear,Joy,0.03526797977170145
0.002887816443437921,Fear,Pride,0.022819986376839414
0.002887816443437921,Fear,Sadness,0.2788055909383347
0.002887816443437921,Fear,Shame,0.1416915285492725
0.002887816443437921,Happiness,Boredom,0.23834253522480783
0.002887816443437921,Happiness,Fear,0.010233124483163162
0.002887816443437921,Happiness,Happiness,0.29154515137443004
0.002887816443437921,Happiness,Joy,0.07565642628962731
0.002887816443437921,Happiness,Pride,0.221493553471287
0.002887816443437921,Happiness,Sadness,0.016717663160727075
0.002887816443437921,Happiness,Shame,0.1460115459959577
0.002887816443437921,Joy,Boredom,0.013616778463628004
0.002887816443437921,Joy,Fear,0.04315908011455503
0.002887816443437921,Joy,Happiness,0.14467041627409852
0.002887816443437921,Joy,Joy,0.3231610561093883
0.002887816443437921,Joy,Pride,0.26331643074561006
0.002887816443437921,Joy,Sadness,0.021437389047340837
0.002887816443437921,Joy,Shame,0.19063884924537905
0.002887816443437921,Pride,Boredom,0.02112430806613547
0.002887816443437921,Pride,Fear,0.025103493348452834
0.002887816443437921,Pride,Happiness,0.208836041175808
0.002887816443437921,Pride,Joy,0.2725825923781668
0.002887816443437921,Pride,Pride,0.2572472332238284
0.002887816443437921,Pride,Sadness,0.02137366960360156
0.002887816443437921,Pride,Shame,0.19373266220400695
0.002887816443437921,Sadness,Boredom,0.018190755986083097
0.002887816443437921,Sadness,Fear,0.33276858913258217
0.002887816443437921,Sadness,Happiness,0.02957074719627478
0.002887816443437921,Sadness,Joy,0.01770077029992445
0.002887816443437921,Sadness,Pride,0.022270619211893133
0.002887816443437921,Sadness,Sadness,0.44361633697234537
0.002887816443437921,Sadness,Shame,0.13588218120089715
0.002887816443437921,Shame,Boredom,0.006322859116555156
0.002887816443437921,Shame,Fear,0.47783371554032783
0.002887816443437921,Shame,Happiness,0.020833741061549716
0.002887816443437921,Shame,Joy,0.04644393623228013
0.002887816443437921,Shame,Pride,0.02693413300715565
0.002887816443437921,Shame,Sadness,0.26467906234028177
0.002887816443437921,Shame,Shame,0.15695255270185
0.003317085773123185,Boredom,Boredom,0.5256193487934234
0.003317085773123185,Boredom,Fear,0.0066483168051399665
0.003317085773123185,Boredom,Happiness,0.32815616875444553
0.003317085773123185,Boredom,Joy,0.015263314121577446
0.003317085773123185,Boredom,Pride,0.061763656105299485
0.003317085773123185,Boredom,Sadness,0.015152192744354018
0.003317085773123185,Boredom,Shame,0.04739700267575986
0.003317085773123185,Fear,Boredom,0.0021305008277206707
0.003317085773123185,Fear,Fear,0.6017678404658245
0.003317085773123185,Fear,Happiness,0.008032940614227402
0.003317085773123185,Fear,Joy,0.0276305477617439
0.003317085773123185,Fear,Pride,0.016101714940739743
0.003317085773123185,Fear,Sadness,0.23736846250609545
0.003317085773123185,Fear,Shame,0.1069679928836483
0.003317085773123185,Happiness,Boredom,0.2599668631312052
0.003317085773123185,Happiness,Fear,0.007188828048600809
0.003317085773123185,Happiness,Happiness,0.3221785933319036
0.003317085773123185,Happiness,Joy,0.052377802398763176
0.003317085773123185,Happiness,Pride,0.21944686668984129
0.003317085773123185,Happiness,Sadness,0.014111349771051312
0.003317085773123185,Happiness,Shame,0.1247296966286349
0.003317085773123185,Joy,Boredom,0.010072227151006582
0.003317085773123185,Joy,Fear,0.04076238774924254
0.003317085773123185,Joy,Happiness,0.08680524032210032
0.003317085773123185,Joy,Joy,0.36235024554837275
0.003317085773123185,Joy,Pride,0.27566892324163705
0.003317085773123185,Joy,Sadness,0.020367573074309624
0.003317085773123185,Joy,Shame,0.2039734029133312
0.003317085773123185,Pride,Boredom,0.014284626460910855
0.003317085773123185,Pride,Fear,0.022021383700957048
0.003317085773123185,Pride,Happiness,0.15999687603746177
0.003317085773123185,Pride,Joy,0.31699661391702005
0.003317085773123185,Pride,Pride,0.2602766833817492
0.003317085773123185,Pride,Sadness,0.01933103203985761
0.003317085773123185,Pride,Shame,0.20709278446204282
0.003317085773123185,Sadness,Boredom,0.00949818288404193
0.003317085773123185,Sadness,Fear,0.31718486290035214
0.003317085773123185,Sadness,Happiness,0.020794595190452837
0.003317085773123185,Sadness,Joy,0.011123090586512549
0.003317085773123185,Sadness,Pride,0.01562204573497513
0.003317085773123185,Sadness,Sadness,0.5223378596165378
0.003317085773123185,Sadness,Shame,0.1034393630871279
0.003317085773123185,Shame,Boredom,0.0031485159692802188
0.003317085773123185,Shame,Fear,0.5716077799787486
0.003317085773123185,Shame,Happiness,0.010710072847810777
0.003317085773123185,Shame,Joy,0.03818945526070124
0.003317085773123185,Shame,Pride,0.022678156979169934
0.003317085773123185,Shame,Sadness,0.22258866058541155
0.003317085773123185,Shame,Shame,0.13107735837887807
0.0034180194612338055,Boredom,Boredom,0.4841713925913158
0.0034180194612338055,Boredom,Fear,0.010139182207497596
0.0034180194612338055,Boredom,Happiness,0.3186824965790913
0.0034180194612338055,Boredom,Joy,0.022151875937407906
0.0034180194612338055,Boredom,Pride,0.07583761924387476
0.0034180194612338055,Boredom,Sadness,0.02264036521749987
0.0034180194612338055,Boredom,Shame,0.066377068223313
0.0034180194612338055,Fear,Boredom,0.003945319386298059
0.0034180194612338055,Fear,Fear,0.46727304693659155
0.0034180194612338055,Fear,Happiness,0.013145523652094947
0.0034180194612338055,Fear,Joy,0.0396348422162553
0.0034180194612338055,Fear,Pride,0.025468043687894168
0.0034180194612338055,Fear,Sadness,0.29147279374218754
0.0034180194612338055,Fear,Shame,0.15906043037867873
0.0034180194612338055,Happiness,Boredom,0.25425893348537243
0.0034180194612338055,Happiness,Fear,0.008811046752825402
0.0034180194612338055,Happiness,Happiness,0.29528948643410136
0.0034180194612338055,Happiness,Joy,0.05738987861151799
0.0034180194612338055,Happiness,Pride,0.2271108104549296
0.0034180194612338055,Happiness,Sadness,0.016278775835318643
0.0034180194612338055,Happiness,Shame,0.14086106842593446
0.0034180194612338055,Joy,Boredom,0.009961831439940526
0.0034180194612338055,Joy,Fear,0.04111980205868232
0.0034180194612338055,Joy,Happiness,0.08500757519173319
0.0034180194612338055,Joy,Joy,0.3346237049176911
0.0034180194612338055,Joy,Pride,0.27689705874476583
0.0034180194612338055,Joy,Sadness,0.023300469516359258
0.0034180194612338055,Joy,Shame,0.22908955813082785
0.0034180194612338055,Pride,Boredom,0.013533270216965222
0.0034180194612338055,Pride,Fear,0.02346030564774943
0.0034180194612338055,Pride,Happiness,0.13237340578920279
0.0034180194612338055,Pride,Joy,0.31250570894635904
0.0034180194612338055,Pride,Pride,0.26516624667072847
0.0034180194612338055,Pride,Sadness,0.022594840259047615
0.0034180194612338055,Pride,Shame,0.23036622246994765
0.0034180194612338055,Sadness,Boredom,0.010128036657247761
0.0034180194612338055,Sadness,Fear,0.23378775570852073
0.0034180194612338055,Sadness,Happiness,0.025387844020995996
0.0034180194612338055,Sadness,Joy,0.017699316224498975
0.0034180194612338055,Sadness,Pride,0.02305026482449428
0.0034180194612338055,Sadness,Sadness,0.5409678522560525
0.0034180194612338055,Sadness,Shame,0.1489789303081898
0.0034180194612338055,Shame,Boredom,0.005084139500447125
0.0034180194612338055,Shame,Fear,0.44525663153988454
0.0034180194612338055,Shame,Happiness,0.015814085135305033
0.0034180194612338055,Shame,Joy,0.05115734763498242
0.0034180194612338055,Shame,Pride,0.03176626189650796
0.0034180194612338055,Shame,Sadness,0.27165496241035947
0.0034180194612338055,Shame,Shame,0.1792665718825135
0.0033593545449209536,Boredom,Boredom,0.4883756587347676
0.0033593545449209536,Boredom,Fear,0.006901540832793494
0.0033593545449209536,Boredom,Happiness,0.335530068313845
0.0033593545449209536,Boredom,Joy,0.018054381875075676
0.0033593545449209536,Boredom,Pride,0.07072061975982916
0.0033593545449209536,Boredom,Sadness,0.017558994507745663
0.0033593545449209536,Boredom,Shame,0.06285873597594333
0.0033593545449209536,Fear,Boredom,0.0028682232531698827
0.0033593545449209536,Fear,Fear,0.5026221161853065
0.0033593545449209536,Fear,Happiness,0.008029642271912944
0.0033593545449209536,Fear,Joy,0.03444089265025293
0.0033593545449209536,Fear,Pride,0.023589616624146076
0.0033593545449209536,Fear,Sadness,0.27788784853850973
0.0033593545449209536,Fear,Shame,0.15056166047670164
0.0033593545449209536,Happiness,Boredom,0.21985194581249157
0.0033593545449209536,Happiness,Fear,0.00525817061410882
0.0033593545449209536,Happiness,Happiness,0.31214586067073136
0.0033593545449209536,Happiness,Joy,0.052002893252000984
0.0033593545449209536,Happiness,Pride,0.23491038305437492
0.0033593545449209536,Happiness,Sadness,0.011793677770948252
0.0033593545449209536,Happiness,Shame,0.16403706882534413
0.0033593545449209536,Joy,Boredom,0.006948304951139783
0.0033593545449209536,Joy,Fear,0.03392338544005168
0.0033593545449209536,Joy,Happiness,0.07000395082321016
0.0033593545449209536,Joy,Joy,0.3323895120336223
0.0033593545449209536,Joy,Pride,0.28518533781486916
0.0033593545449209536,Joy,Sadness,0.014625063005006832
0.0033593545449209536,Joy,Shame,0.2569244459320995
0.0033593545449209536,Pride,Boredom,0.01076404327639714
0.0033593545449209536,Pride,Fear,0.01759263995266281
0.0033593545449209536,Pride,Happiness,0.09148114517519947
0.0033593545449209536,Pride,Joy,0.3095332576072475
0.0033593545449209536,Pride,Pride,0.28281098862363635
0.0033593545449209536,Pride,Sadness,0.01692084686682477
0.0033593545449209536,Pride,Shame,0.27089707849803196
0.0033593545449209536,Sadness,Boredom,0.007432185349415224
0.0033593545449209536,Sadness,Fear,0.20730102748862558
0.0033593545449209536,Sadness,Happiness,0.017085509028535163
0.0033593545449209536,Sadness,Joy,0.010710907413773623
0.0033593545449209536,Sadness,Pride,0.01878994788678702
0.0033593545449209536,Sadness,Sadness,0.6051652433596831
0.0033593545449209536,Sadness,Shame,0.13351517947317992
0.0033593545449209536,Shame,Boredom,0.004214398488776258
0.0033593545449209536,Shame,Fear,0.470719924038459
0.0033593545449209536,Shame,Happiness,0.010996369031097986
0.0033593545449209536,Shame,Joy,0.046841573801131
0.0033593545449209536,Shame,Pride,0.03436834608462136
0.0033593545449209536,Shame,Sadness,0.24651505119771067
0.0033593545449209536,Shame,Shame,0.1863443373582039
0.00330674054674539,Boredom,Boredom,0.4864703116858576
0.00330674054674539,Boredom,Fear,0.008412158015298763
0.00330674054674539,Boredom,Happiness,0.3272073413956519
0.00330674054674539,Boredom,Joy,0.019703625651254726
0.00330674054674539,Boredom,Pride,0.07295753406782778
0.00330674054674539,Boredom,Sadness,0.020347774522113973
0.00330674054674539,Boredom,Shame,0.06490125466199488
0.00330674054674539,Fear,Boredom,0.0033921011447741807
0.00330674054674539,Fear,Fear,0.47323435161207894
0.00330674054674539,Fear,Happiness,0.010345608095417212
0.00330674054674539,Fear,Joy,0.037886091611990844
0.00330674054674539,Fear,Pride,0.025174881647106965
0.00330674054674539,Fear,Sadness,0.2867168364923699
0.00330674054674539,Fear,Shame,0.16325012939626166
0.00330674054674539,Happiness,Boredom,0.21466380678946956
0.00330674054674539,Happiness,Fear,0.007944283621803671
0.00330674054674539,Happiness,Happiness,0.308449047645834
0.00330674054674539,Happiness,Joy,0.056735674772870934
0.00330674054674539,Happiness,Pride,0.24215384962838193
0.00330674054674539,Happiness,Sadness,0.01568521161720083
0.00330674054674539,Happiness,Shame,0.15436812592443933
0.00330674054674539,Joy,Boredom,0.00823889629205291
0.00330674054674539,Joy,Fear,0.037654319418313
0.00330674054674539,Joy,Happiness,0.07639891301044589
0.00330674054674539,Joy,Joy,0.3324102386297516
0.00330674054674539,Joy,Pride,0.28190180514091057
0.00330674054674539,Joy,Sadness,0.01986816877786954
0.00330674054674539,Joy,Shame,0.24352765873065613
0.00330674054674539,Pride,Boredom,0.011657105882920358
0.00330674054674539,Pride,Fear,0.020430229279580023
0.00330674054674539,Pride,Happiness,0.11894053034058179
0.00330674054674539,Pride,Joy,0.3063541775121366
0.00330674054674539,Pride,Pride,0.2729733870637811
0.00330674054674539,Pride,Sadness,0.019861103445908083
0.00330674054674539,Pride,Shame,0.249783466475092
0.00330674054674539,Sadness,Boredom,0.008740337575870354
0.00330674054674539,Sadness,Fear,0.22363169366865654
0.00330674054674539,Sadness,Happiness,0.02191385755430151
0.00330674054674539,Sadness,Joy,0.015341908877302092
0.00330674054674539,Sadness,Pride,0.02194213143472064
0.00330674054674539,Sadness,Sadness,0.5556823821572171
0.00330674054674539,Sadness,Shame,0.15274768873193162
0.00330674054674539,Shame,Boredom,0.00459420420747518
0.00330674054674539,Shame,Fear,0.4467003942979356
0.00330674054674539,Shame,Happiness,0.013061008344376835
0.00330674054674539,Shame,Joy,0.049913860774868944
0.00330674054674539,Shame,Pride,0.033383908278552386
0.00330674054674539,Shame,Sadness,0.2621256247805482
0.00330674054674539,Shame,Shame,0.19022099931624248
0.0031793556083749798,Boredom,Boredom,0.4835035476605835
0.0031793556083749798,Boredom,Fear,0.008928325525442213
0.0031793556083749798,Boredom,Happiness,0.32205388592655165
0.0031793556083749798,Boredom,Joy,0.022400822835795784
0.0031793556083749798,Boredom,Pride,0.07376390533284832
0.0031793556083749798,Boredom,Sadness,0.021882846826427414
0.0031793556083749798,Boredom,Shame,0.0674666658923515
0.0031793556083749798,Fear,Boredom,0.0038538683485203388
0.0031793556083749798,Fear,Fear,0.45455064524013555
0.0031793556083749798,Fear,Happiness,0.012737169147605167
0.0031793556083749798,Fear,Joy,0.04033207127132806
0.0031793556083749798,Fear,Pride,0.02638272788825243
0.0031793556083749798,Fear,Sadness,0.29228348185080005
0.0031793556083749798,Fear,Shame,0.16986003625335822
0.0031793556083749798,Happiness,Boredom,0.22768811832850702
0.0031793556083749798,Happiness,Fear,0.006683920582174448
0.0031793556083749798,Happiness,Happiness,0.2940853966025296
0.0031793556083749798,Happiness,Joy,0.06405456256231291
0.0031793556083749798,Happiness,Pride,0.22942796054862918
0.0031793556083749798,Happiness,Sadness,0.014306390301713849
0.0031793556083749798,Happiness,Shame,0.16375365107413303
0.0031793556083749798,Joy,Boredom,0.008256807941682027
0.0031793556083749798,Joy,Fear,0.03696306587011726
0.0031793556083749798,Joy,Happiness,0.08714155719471706
0.0031793556083749798,Joy,Joy,0.3284476603624069
0.0031793556083749798,Joy,Pride,0.2793778380650467
0.0031793556083749798,Joy,Sadness,0.01943251190870465
0.0031793556083749798,Joy,Shame,0.24038055865732508
0.0031793556083749798,Pride,Boredom,0.011997758410322119
0.0031793556083749798,Pride,Fear,0.019620874571944974
0.0031793556083749798,Pride,Happiness,0.14222327592269512
0.0031793556083749798,Pride,Joy,0.29417192410902115
0.0031793556083749798,Pride,Pride,0.26918878731451734
0.0031793556083749798,Pride,Sadness,0.018649613267950997
0.0031793556083749798,Pride,Shame,0.244147766403548
0.0031793556083749798,Sadness,Boredom,0.009762606807065907
0.0031793556083749798,Sadness,Fear,0.23263828288171903
0.0031793556083749798,Sadness,Happiness,0.023914769072047558
0.0031793556083749798,Sadness,Joy,0.017631340849372516
0.0031793556083749798,Sadness,Pride,0.02352472262342028
0.0031793556083749798,Sadness,Sadness,0.5321716156940896
0.0031793556083749798,Sadness,Shame,0.16035666207228505
0.0031793556083749798,Shame,Boredom,0.005111951307190827
0.0031793556083749798,Shame,Fear,0.42948350302730176
0.0031793556083749798,Shame,Happiness,0.015799227800634738
0.0031793556083749798,Shame,Joy,0.05283522511141901
0.0031793556083749798,Shame,Pride,0.03371590710722216
0.0031793556083749798,Shame,Sadness,0.26761892604154297
0.0031793556083749798,Shame,Shame,0.1954352596046885
0.0033812883515144123,Boredom,Boredom,0.6148219460288468
0.0033812883515144123,Boredom,Fear,0.0019871300888742688
0.0033812883515144123,Boredom,Happiness,0.3143596320115607
0.0033812883515144123,Boredom,Joy,0.006453662721504275
0.0033812883515144123,Boredom,Pride,0.03774578195183093
0.0033812883515144123,Boredom,Sadness,0.005955097343863821
0.0033812883515144123,Boredom,Shame,0.018676749853519057
0.0033812883515144123,Fear,Boredom,0.0007902453250678229
0.0033812883515144123,Fear,Fear,0.8285292555538806
0.0033812883515144123,Fear,Happiness,0.002007045410578046
0.0033812883515144123,Fear,Joy,0.010674782680166719
0.0033812883515144123,Fear,Pride,0.005432252972943581
0.0033812883515144123,Fear,Sadness,0.11482907197705007
0.0033812883515144123,Fear,Shame,0.0377373460803133
0.0033812883515144123,Happiness,Boredom,0.289535852715731
0.0033812883515144123,Happiness,Fear,0.004218441909448299
0.0033812883515144123,Happiness,Happiness,0.36678752372553847
0.0033812883515144123,Happiness,Joy,0.04412715128164291
0.0033812883515144123,Happiness,Pride,0.19592656908513528
0.0033812883515144123,Happiness,Sadness,0.009122630618941379
0.0033812883515144123,Happiness,Shame,0.09028183066356253
0.0033812883515144123,Joy,Boredom,0.008759226322557124
0.0033812883515144123,Joy,Fear,0.03600201134766427
0.0033812883515144123,Joy,Happiness,0.07593552539934423
0.0033812883515144123,Joy,Joy,0.4141579475755827
0.0033812883515144123,Joy,Pride,0.27582142014736427
0.0033812883515144123,Joy,Sadness,0.01226167953347132
0.0033812883515144123,Joy,Shame,0.1770621896740161
0.0033812883515144123,Pride,Boredom,0.0134531427356459
0.0033812883515144123,Pride,Fear,0.017215439695305028
0.0033812883515144123,Pride,Happiness,0.14792997721017015
0.0033812883515144123,Pride,Joy,0.3601451279446916
0.0033812883515144123,Pride,Pride,0.2601714925377912
0.0033812883515144123,Pride,Sadness,0.013487282983840958
0.0033812883515144123,Pride,Shame,0.1875975368925552
0.0033812883515144123,Sadness,Boredom,0.009154656438542923
0.0033812883515144123,Sadness,Fear,0.36381086731005247
0.0033812883515144123,Sadness,Happiness,0.014490936888266786
0.0033812883515144123,Sadness,Joy,0.00538303530668764
0.0033812883515144123,Sadness,Pride,0.009068113412571547
0.0033812883515144123,Sadness,Sadness,0.5494109926505717
0.0033812883515144123,Sadness,Shame,0.048681397993307
0.0033812883515144123,Shame,Boredom,0.0013848889430987657
0.0033812883515144123,Shame,Fear,0.7972232253513041
0.0033812883515144123,Shame,Happiness,0.0033229417577569764
0.0033812883515144123,Shame,Joy,0.016859137423658032
0.0033812883515144123,Shame,Pride,0.010225422126662635
0.0033812883515144123,Shame,Sadness,0.11083848513311402
0.0033812883515144123,Shame,Shame,0.06014589926440597
0.0033518908671996733,Boredom,Boredom,0.4881629429453066
0.0033518908671996733,Boredom,Fear,0.007318639577285165
0.0033518908671996733,Boredom,Happiness,0.33295576009187566
0.0033518908671996733,Boredom,Joy,0.018615252289433275
0.0033518908671996733,Boredom,Pride,0.07150504265699222
0.0033518908671996733,Boredom,Sadness,0.017957762170932735
0.0033518908671996733,Boredom,Shame,0.06348460026817392
0.0033518908671996733,Fear,Boredom,0.0029884085300874003
0.0033518908671996733,Fear,Fear,0.49521734997904415
0.0033518908671996733,Fear,Happiness,0.008759692065585953
0.0033518908671996733,Fear,Joy,0.03544314216753745
0.0033518908671996733,Fear,Pride,0.023884850082054494
0.0033518908671996733,Fear,Sadness,0.281811986016851
0.0033518908671996733,Fear,Shame,0.15189457115883953
0.0033518908671996733,Happiness,Boredom,0.21833364755747975
0.0033518908671996733,Happiness,Fear,0.005814850867606653
0.0033518908671996733,Happiness,Happiness,0.3090857598234434
0.0033518908671996733,Happiness,Joy,0.0530078529832294
0.0033518908671996733,Happiness,Pride,0.23520478622194615
0.0033518908671996733,Happiness,Sadness,0.012520114398554525
0.0033518908671996733,Happiness,Shame,0.1660329881477398
0.0033518908671996733,Joy,Boredom,0.0074642618651644295
0.0033518908671996733,Joy,Fear,0.03554381040204169
0.0033518908671996733,Joy,Happiness,0.07234552703956126
0.0033518908671996733,Joy,Joy,0.33231970344523787
0.0033518908671996733,Joy,Pride,0.2842003826404852
0.0033518908671996733,Joy,Sadness,0.016128999601719214
0.0033518908671996733,Joy,Shame,0.2519973150057898
0.0033518908671996733,Pride,Boredom,0.011167578523900164
0.0033518908671996733,Pride,Fear,0.019223564751757276
0.0033518908671996733,Pride,Happiness,0.09438319150305269
0.0033518908671996733,Pride,Joy,0.31140788095731453
0.0033518908671996733,Pride,Pride,0.2809572110456509
0.0033518908671996733,Pride,Sadness,0.018047390766781156
0.0033518908671996733,Pride,Shame,0.2648131824515431
0.0033518908671996733,Sadness,Boredom,0.007668104112736361
0.0033518908671996733,Sadness,Fear,0.21259082705308552
0.0033518908671996733,Sadness,Happiness,0.01807900115284981
0.0033518908671996733,Sadness,Joy,0.011237488551772326
0.0033518908671996733,Sadness,Pride,0.01880389908290535
0.0033518908671996733,Sadness,Sadness,0.5986295981137699
0.0033518908671996733,Sadness,Shame,0.132991081932881
0.0033518908671996733,Shame,Boredom,0.004324851731621668
0.0033518908671996733,Shame,Fear,0.4652310806481185
0.0033518908671996733,Shame,Happiness,0.011755989564229312
0.0033518908671996733,Shame,Joy,0.04786645660938754
0.0033518908671996733,Shame,Pride,0.034278634671507005
0.0033518908671996733,Shame,Sadness,0.25166997439051125
0.0033518908671996733,Shame,Shame,0.18487301238462436
0.003255524972327156,Boredom,Boredom,0.51216577369068
0.003255524972327156,Boredom,Fear,0.006669063152172957
0.003255524972327156,Boredom,Happiness,0.33124706591660374
0.003255524972327156,Boredom,Joy,0.016097404465000985
0.003255524972327156,Boredom,Pride,0.06475353899769798
0.003255524972327156,Boredom,Sadness,0.016107226644244063
0.003255524972327156,Boredom,Shame,0.05295992713359999
0.003255524972327156,Fear,Boredom,0.002522139758804448
0.003255524972327156,Fear,Fear,0.5536522877463118
0.003255524972327156,Fear,Happiness,0.008341902177318188
0.003255524972327156,Fear,Joy,0.031570347457311916
0.003255524972327156,Fear,Pride,0.019846152746542466
0.003255524972327156,Fear,Sadness,0.25047497353620957
0.003255524972327156,Fear,Shame,0.13359219657750168
0.003255524972327156,Happiness,Boredom,0.23068254206151775
0.003255524972327156,Happiness,Fear,0.006971365671075864
0.003255524972327156,Happiness,Happiness,0.32257662273470056
0.003255524972327156,Happiness,Joy,0.05357102652655363
0.003255524972327156,Happiness,Pride,0.23023390830806167
0.003255524972327156,Happiness,Sadness,0.013788879969005617
0.003255524972327156,Happiness,Shame,0.14217565472908486
0.003255524972327156,Joy,Boredom,0.008627674745094531
0.003255524972327156,Joy,Fear,0.038536084199135665
0.003255524972327156,Joy,Happiness,0.07938429207038657
0.003255524972327156,Joy,Joy,0.35046343534714675
0.003255524972327156,Joy,Pride,0.2798666423729534
0.003255524972327156,Joy,Sadness,0.018196287233311775
0.003255524972327156,Joy,Shame,0.22492558403197097
0.003255524972327156,Pride,Boredom,0.012439940055010286
0.003255524972327156,Pride,Fear,0.02047121045781306
0.003255524972327156,Pride,Happiness,0.13695231495641477
0.003255524972327156,Pride,Joy,0.3138974829688318
0.003255524972327156,Pride,Pride,0.2678164863532554
0.003255524972327156,Pride,Sadness,0.018027984367174517
0.003255524972327156,Pride,Shame,0.23039458084150066
0.003255524972327156,Sadness,Boredom,0.008061909942905494
0.003255524972327156,Sadness,Fear,0.25228274550882424
0.003255524972327156,Sadness,Happiness,0.01920539363108334
0.003255524972327156,Sadness,Joy,0.011928479463484317
0.003255524972327156,Sadness,Pride,0.017271451812304914
0.003255524972327156,Sadness,Sadness,0.5696411853805703
0.003255524972327156,Sadness,Shame,0.12160883426082725
0.003255524972327156,Shame,Boredom,0.003658013803258754
0.003255524972327156,Shame,Fear,0.5228184876431132
0.003255524972327156,Shame,Happiness,0.011037365717273309
0.003255524972327156,Shame,Joy,0.042930194615220886
0.003255524972327156,Shame,Pride,0.027438027405434273
0.003255524972327156,Shame,Sadness,0.2305498611811961
0.003255524972327156,Shame,Shame,0.16156804963450389
0.0032007232730564966,Boredom,Boredom,0.5173469040278855
0.0032007232730564966,Boredom,Fear,0.0077450114795088645
0.0032007232730564966,Boredom,Happiness,0.32462737784497336
0.0032007232730564966,Boredom,Joy,0.0179487145290283
0.0032007232730564966,Boredom,Pride,0.06425401295599188
0.0032007232730564966,Boredom,Sadness,0.017511431689342542
0.0032007232730564966,Boredom,Shame,0.050566547473269385
0.0032007232730564966,Fear,Boredom,0.0026766410765014467
0.0032007232730564966,Fear,Fear,0.5650908181111582
0.0032007232730564966,Fear,Happiness,0.011082968069392955
0.0032007232730564966,Fear,Joy,0.031028211801024094
0.0032007232730564966,Fear,Pride,0.017862778986859795
0.0032007232730564966,Fear,Sadness,0.2548490846699714
0.0032007232730564966,Fear,Shame,0.11740949728509266
0.0032007232730564966,Happiness,Boredom,0.24304416118852315
0.0032007232730564966,Happiness,Fear,0.008849220264261546
0.0032007232730564966,Happiness,Happiness,0.31669161100229726
0.0032007232730564966,Happiness,Joy,0.061674788780671716
0.0032007232730564966,Happiness,Pride,0.2263380451130672
0.0032007232730564966,Happiness,Sadness,0.015807262049662218
0.0032007232730564966,Happiness,Shame,0.12759491160151717
0.0032007232730564966,Joy,Boredom,0.010616788506892958
0.0032007232730564966,Joy,Fear,0.04105766669659129
0.0032007232730564966,Joy,Happiness,0.11069270856812133
0.0032007232730564966,Joy,Joy,0.3497560931883809
0.0032007232730564966,Joy,Pride,0.26939521499086666
0.0032007232730564966,Joy,Sadness,0.020559546907242255
0.0032007232730564966,Joy,Shame,0.19792198114190437
0.0032007232730564966,Pride,Boredom,0.015664494795166684
0.0032007232730564966,Pride,Fear,0.023070940033617864
0.0032007232730564966,Pride,Happiness,0.1925477255387386
0.0032007232730564966,Pride,Joy,0.29064980035823873
0.0032007232730564966,Pride,Pride,0.2574797287657972
0.0032007232730564966,Pride,Sadness,0.01958718211752541
0.0032007232730564966,Pride,Shame,0.20100012839091522
0.0032007232730564966,Sadness,Boredom,0.010003499562623905
0.0032007232730564966,Sadness,Fear,0.3257103977602403
0.0032007232730564966,Sadness,Happiness,0.023212308649766436
0.0032007232730564966,Sadness,Joy,0.0130421595426977
0.0032007232730564966,Sadness,Pride,0.017051180956361423
0.0032007232730564966,Sadness,Sadness,0.49988134746272683
0.0032007232730564966,Sadness,Shame,0.11109910606558368
0.0032007232730564966,Shame,Boredom,0.0037506077068064697
0.0032007232730564966,Shame,Fear,0.5386950595540145
0.0032007232730564966,Shame,Happiness,0.014183767996878248
0.0032007232730564966,Shame,Joy,0.04203828816265076
0.0032007232730564966,Shame,Pride,0.02310909287094572
0.0032007232730564966,Shame,Sadness,0.23941544288743105
0.0032007232730564966,Shame,Shame,0.13880774082127303
0.0031488384382972728,Boredom,Boredom,0.49145635437628454
0.0031488384382972728,Boredom,Fear,0.005712572280626731
0.0031488384382972728,Boredom,Happiness,0.3442645076548318
0.0031488384382972728,Boredom,Joy,0.01624763388680406
0.0031488384382972728,Boredom,Pride,0.06724805134487577
0.0031488384382972728,Boredom,Sadness,0.016149898771484976
0.0031488384382972728,Boredom,Shame,0.058920981685091946
0.0031488384382972728,Fear,Boredom,0.002567999422425709
0.0031488384382972728,Fear,Fear,0.5270771109337963
0.0031488384382972728,Fear,Happiness,0.006617735858645145
0.0031488384382972728,Fear,Joy,0.032609603486707495
0.0031488384382972728,Fear,Pride,0.02223828702606708
0.0031488384382972728,Fear,Sadness,0.25410059883590735
0.0031488384382972728,Fear,Shame,0.154788664436451
0.0031488384382972728,Happiness,Boredom,0.22154341450415127
0.0031488384382972728,Happiness,Fear,0.00360229051047745
0.0031488384382972728,Happiness,Happiness,0.31784595907095053
0.0031488384382972728,Happiness,Joy,0.05030881499664219
0.0031488384382972728,Happiness,Pride,0.22143271454907895
0.0031488384382972728,Happiness,Sadness,0.009413781040356825
0.0031488384382972728,Happiness,Shame,0.17585302532834268
0.0031488384382972728,Joy,Boredom,0.005839938842320511
0.0031488384382972728,Joy,Fear,0.03186232896201806
0.0031488384382972728,Joy,Happiness,0.06639693199324584
0.0031488384382972728,Joy,Joy,0.3322352039771225
0.0031488384382972728,Joy,Pride,0.29036330209083255
0.0031488384382972728,Joy,Sadness,0.012524921720409287
0.0031488384382972728,Joy,Shame,0.26077737241405136
0.0031488384382972728,Pride,Boredom,0.008985630119714164
0.0031488384382972728,Pride,Fear,0.014483405554155988
0.0031488384382972728,Pride,Happiness,0.11120883443718957
0.0031488384382972728,Pride,Joy,0.29773450908056615
0.0031488384382972728,Pride,Pride,0.28253420040755506
0.0031488384382972728,Pride,Sadness,0.013241641168574117
0.0031488384382972728,Pride,Shame,0.27181177923224503
0.0031488384382972728,Sadness,Boredom,0.006352132442169647
0.0031488384382972728,Sadness,Fear,0.16160989075301954
0.0031488384382972728,Sadness,Happiness,0.014452506480649146
0.0031488384382972728,Sadness,Joy,0.011546713491340828
0.0031488384382972728,Sadness,Pride,0.017664177818141825
0.0031488384382972728,Sadness,Sadness,0.6529141869147235
0.0031488384382972728,Sadness,Shame,0.13546039209995525
0.0031488384382972728,Shame,Boredom,0.0039048210747274254
0.0031488384382972728,Shame,Fear,0.49187889389015477
0.0031488384382972728,Shame,Happiness,0.009300153609333959
0.0031488384382972728,Shame,Joy,0.04486646162968779
0.0031488384382972728,Shame,Pride,0.03146277598227166
0.0031488384382972728,Shame,Sadness,0.22473331586845374
0.0031488384382972728,Shame,Shame,0.19385357794537056
0.0030260188944269384,Boredom,Boredom,0.5052377577256487
0.0030260188944269384,Boredom,Fear,0.009474827654791781
0.0030260188944269384,Boredom,Happiness,0.3178271385124498
0.0030260188944269384,Boredom,Joy,0.02348919545208957
0.0030260188944269384,Boredom,Pride,0.06889695746025447
0.0030260188944269384,Boredom,Sadness,0.01843769545557591
0.0030260188944269384,Boredom,Shame,0.05663642773918982
0.0030260188944269384,Fear,Boredom,0.003860121278881255
0.0030260188944269384,Fear,Fear,0.5152558837674638
0.0030260188944269384,Fear,Happiness,0.015774687816360648
0.0030260188944269384,Fear,Joy,0.034674144499921
0.0030260188944269384,Fear,Pride,0.021788633686384857
0.0030260188944269384,Fear,Sadness,0.27131729923114906
0.0030260188944269384,Fear,Shame,0.1373292297198395
0.0030260188944269384,Happiness,Boredom,0.2533364201514407
0.0030260188944269384,Happiness,Fear,0.009507179852451678
0.0030260188944269384,Happiness,Happiness,0.2967060168492268
0.0030260188944269384,Happiness,Joy,0.06917458157956512
0.0030260188944269384,Happiness,Pride,0.2174265142841218
0.0030260188944269384,Happiness,Sadness,0.015946902496273906
0.0030260188944269384,Happiness,Shame,0.1379023847869197
0.0030260188944269384,Joy,Boredom,0.011902418684843678
0.0030260188944269384,Joy,Fear,0.04250022811772108
0.0030260188944269384,Joy,Happiness,0.13381324722369575
0.0030260188944269384,Joy,Joy,0.33221001476965456
0.0030260188944269384,Joy,Pride,0.2651879835453023
0.0030260188944269384,Joy,Sadness,0.02156627115627766
0.0030260188944269384,Joy,Shame,0.19281983650250512
0.0030260188944269384,Pride,Boredom,0.017897000324593848
0.0030260188944269384,Pride,Fear,0.02495046403672046
0.0030260188944269384,Pride,Happiness,0.20419455267205172
0.0030260188944269384,Pride,Joy,0.27849424644216497
0.0030260188944269384,Pride,Pride,0.2574815259659736
0.0030260188944269384,Pride,Sadness,0.021363465061810173
0.0030260188944269384,Pride,Shame,0.19561874549668526
0.0030260188944269384,Sadness,Boredom,0.013700647012851648
0.0030260188944269384,Sadness,Fear,0.3297462487248762
0.0030260188944269384,Sadness,Happiness,0.027683062867141103
0.0030260188944269384,Sadness,Joy,0.01651053856136393
0.0030260188944269384,Sadness,Pride,0.020905246036205367
0.0030260188944269384,Sadness,Sadness,0.4600385111133722
0.0030260188944269384,Sadness,Shame,0.13141574568419004
0.0030260188944269384,Shame,Boredom,0.004904355381373087
0.0030260188944269384,Shame,Fear,0.49343515383670083
0.0030260188944269384,Shame,Happiness,0.018927546475942414
0.0030260188944269384,Shame,Joy,0.04560414589899766
0.0030260188944269384,Shame,Pride,0.026096353826017604
0.0030260188944269384,Shame,Sadness,0.2572431270500034
0.0030260188944269384,Shame,Shame,0.15378931753096486
0.0033734150096486845,Boredom,Boredom,0.537368268650606
0.0033734150096486845,Boredom,Fear,0.005187136228813039
0.0033734150096486845,Boredom,Happiness,0.33211943037125036
0.0033734150096486845,Boredom,Joy,0.01306008916433006
0.0033734150096486845,Boredom,Pride,0.057722717713589985
0.0033734150096486845,Boredom,Sadness,0.012453657253739148
0.0033734150096486845,Boredom,Shame,0.042088700617671226
0.0033734150096486845,Fear,Boredom,0.001577802964911187
0.0033734150096486845,Fear,Fear,0.6403041344225773
0.0033734150096486845,Fear,Happiness,0.005597808377152658
0.0033734150096486845,Fear,Joy,0.023739502515053437
0.0033734150096486845,Fear,Pride,0.014114731883652592
0.0033734150096486845,Fear,Sadness,0.22147516756596772
0.0033734150096486845,Fear,Shame,0.09319085227068492
0.0033734150096486845,Happiness,Boredom,0.26872576785658026
0.0033734150096486845,Happiness,Fear,0.005317479812543477
0.0033734150096486845,Happiness,Happiness,0.3306506120230787
0.0033734150096486845,Happiness,Joy,0.047943168636583225
0.0033734150096486845,Happiness,Pride,0.21209582176669714
0.0033734150096486845,Happiness,Sadness,0.01201200979242452
0.0033734150096486845,Happiness,Shame,0.12325514011209258
0.0033734150096486845,Joy,Boredom,0.009274782551313839
0.0033734150096486845,Joy,Fear,0.039050246487876895
0.0033734150096486845,Joy,Happiness,0.07791299795968183
0.0033734150096486845,Joy,Joy,0.3710032995650763
0.0033734150096486845,Joy,Pride,0.2776689772405211
0.0033734150096486845,Joy,Sadness,0.01814905927614521
0.0033734150096486845,Joy,Shame,0.20694063691938488
0.0033734150096486845,Pride,Boredom,0.013768046843327846
0.0033734150096486845,Pride,Fear,0.022594468190046426
0.0033734150096486845,Pride,Happiness,0.10370684872833769
0.0033734150096486845,Pride,Joy,0.3451942089186409
0.0033734150096486845,Pride,Pride,0.2721898410108208
0.0033734150096486845,Pride,Sadness,0.02125851185851433
0.0033734150096486845,Pride,Shame,0.2212880744503123
0.0033734150096486845,Sadness,Boredom,0.009039944988309732
0.0033734150096486845,Sadness,Fear,0.311209381872736
0.0033734150096486845,Sadness,Happiness,0.018180987464338275
0.0033734150096486845,Sadness,Joy,0.00853962258595796
0.0033734150096486845,Sadness,Pride,0.014592914531765921
0.0033734150096486845,Sadness,Sadness,0.5446664920836615
0.0033734150096486845,Sadness,Shame,0.09377065647323035
0.0033734150096486845,Shame,Boredom,0.0025110937274295153
0.0033734150096486845,Shame,Fear,0.6066746063381413
0.0033734150096486845,Shame,Happiness,0.008005276141373337
0.0033734150096486845,Shame,Joy,0.03382173789827375
0.0033734150096486845,Shame,Pride,0.022065008181293193
0.0033734150096486845,Shame,Sadness,0.20632271950112477
0.0033734150096486845,Shame,Shame,0.1205995582123643
0.0028928266077380247,Boredom,Boredom,0.4983325797495994
0.0028928266077380247,Boredom,Fear,0.00894102423805969
0.0028928266077380247,Boredom,Happiness,0.31964993776697664
0.0028928266077380247,Boredom,Joy,0.023213399250097425
0.0028928266077380247,Boredom,Pride,0.06939876936349348
0.0028928266077380247,Boredom,Sadness,0.018795049254171883
0.0028928266077380247,Boredom,Shame,0.06166924037760141
0.0028928266077380247,Fear,Boredom,0.003835865014724367
0.0028928266077380247,Fear,Fear,0.48588421033167384
0.0028928266077380247,Fear,Happiness,0.01432980387040585
0.0028928266077380247,Fear,Joy,0.03685965544303702
0.0028928266077380247,Fear,Pride,0.024013100067519912
0.0028928266077380247,Fear,Sadness,0.27784084813250803
0.0028928266077380247,Fear,Shame,0.15723651714013076
0.0028928266077380247,Happiness,Boredom,0.21276817780070917
0.0028928266077380247,Happiness,Fear,0.008404655498831338
0.0028928266077380247,Happiness,Happiness,0.2987321888611097
0.0028928266077380247,Happiness,Joy,0.07180545525948107
0.0028928266077380247,Happiness,Pride,0.22925774356876785
0.0028928266077380247,Happiness,Sadness,0.015814268765567945
0.0028928266077380247,Happiness,Shame,0.16321751024553302
0.0028928266077380247,Joy,Boredom,0.009782445732125144
0.0028928266077380247,Joy,Fear,0.039084004818881475
0.0028928266077380247,Joy,Happiness,0.11129294245393569
0.0028928266077380247,Joy,Joy,0.3341723560222872
0.0028928266077380247,Joy,Pride,0.27150245657100425
0.0028928266077380247,Joy,Sadness,0.019666684951469206
0.0028928266077380247,Joy,Shame,0.21449910945029732
0.0028928266077380247,Pride,Boredom,0.014755670865709744
0.0028928266077380247,Pride,Fear,0.021640830969419725
0.0028928266077380247,Pride,Happiness,0.17691117919025667
0.0028928266077380247,Pride,Joy,0.28642215481568656
0.0028928266077380247,Pride,Pride,0.2627743519820437
0.0028928266077380247,Pride,Sadness,0.01928570461092684
0.0028928266077380247,Pride,Shame,0.218210107565957
0.0028928266077380247,Sadness,Boredom,0.01220976075153128
0.0028928266077380247,Sadness,Fear,0.27869268763763627
0.0028928266077380247,Sadness,Happiness,0.026137807144989204
0.0028928266077380247,Sadness,Joy,0.01723857458103028
0.0028928266077380247,Sadness,Pride,0.02248924452514629
0.0028928266077380247,Sadness,Sadness,0.4930618261106213
0.0028928266077380247,Sadness,Shame,0.1501700992490452
0.0028928266077380247,Shame,Boredom,0.004987439503831963
0.0028928266077380247,Shame,Fear,0.46167590009682097
0.0028928266077380247,Shame,Happiness,0.017496523301838658
0.0028928266077380247,Shame,Joy,0.04892502631282564
0.0028928266077380247,Shame,Pride,0.029442591000636002
0.0028928266077380247,Shame,Sadness,0.2592028471903576
0.0028928266077380247,Shame,Shame,0.17826967259368906
0.003147653260341925,Boredom,Boredom,0.48025409388049384
0.003147653260341925,Boredom,Fear,0.009480352825700632
0.003147653260341925,Boredom,Happiness,0.3202801342682401
0.003147653260341925,Boredom,Joy,0.024063565769631087
0.003147653260341925,Boredom,Pride,0.07499612593427221
0.003147653260341925,Boredom,Sadness,0.022348324769984832
0.003147653260341925,Boredom,Shame,0.06857740255167755
0.003147653260341925,Fear,Boredom,0.0041632912997252225
0.003147653260341925,Fear,Fear,0.44404827383621726
0.003147653260341925,Fear,Happiness,0.013921429351748815
0.003147653260341925,Fear,Joy,0.04179301607258457
0.003147653260341925,Fear,Pride,0.02719597222215515
0.003147653260341925,Fear,Sadness,0.2950010528024008
0.003147653260341925,Fear,Shame,0.17387696441516834
0.003147653260341925,Happiness,Boredom,0.24071153572534418
0.003147653260341925,Happiness,Fear,0.006521720875449944
0.003147653260341925,Happiness,Happiness,0.28570491428149725
0.003147653260341925,Happiness,Joy,0.06532502679590022
0.003147653260341925,Happiness,Pride,0.21673555424806842
0.003147653260341925,Happiness,Sadness,0.014161086410748088
0.003147653260341925,Happiness,Shame,0.17084016166299157
0.003147653260341925,Joy,Boredom,0.0086000585805968
0.003147653260341925,Joy,Fear,0.03754084609199773
0.003147653260341925,Joy,Happiness,0.0905181557787015
0.003147653260341925,Joy,Joy,0.32777520389946696
0.003147653260341925,Joy,Pride,0.27801550265814123
0.003147653260341925,Joy,Sadness,0.020335981460511326
0.003147653260341925,Joy,Shame,0.23721425153058434
0.003147653260341925,Pride,Boredom,0.012425680809509157
0.003147653260341925,Pride,Fear,0.020446118062414604
0.003147653260341925,Pride,Happiness,0.14486880887442716
0.003147653260341925,Pride,Joy,0.2946998916331763
0.003147653260341925,Pride,Pride,0.2679111055343533
0.003147653260341925,Pride,Sadness,0.01953192920902938
0.003147653260341925,Pride,Shame,0.24011646587709
0.003147653260341925,Sadness,Boredom,0.010763526022466004
0.003147653260341925,Sadness,Fear,0.23772292696275085
0.003147653260341925,Sadness,Happiness,0.02543354937027009
0.003147653260341925,Sadness,Joy,0.018968292310119105
0.003147653260341925,Sadness,Pride,0.024713281796321936
0.003147653260341925,Sadness,Sadness,0.5171205222421844
0.003147653260341925,Sadness,Shame,0.16527790129588762
0.003147653260341925,Shame,Boredom,0.005405340775049561
0.003147653260341925,Shame,Fear,0.42063971665101446
0.003147653260341925,Shame,Happiness,0.016944024489697063
0.003147653260341925,Shame,Joy,0.054298999294627365
0.003147653260341925,Shame,Pride,0.03370654779754226
0.003147653260341925,Shame,Sadness,0.2718538270435241
0.003147653260341925,Shame,Shame,0.1971515439485449
0.003223246852391775,Boredom,Boredom,0.5080763415318548
0.003223246852391775,Boredom,Fear,0.009117267790660874
0.003223246852391775,Boredom,Happiness,0.32214103432450697
0.003223246852391775,Boredom,Joy,0.02027601662005656
0.003223246852391775,Boredom,Pride,0.06800623291293399
0.003223246852391775,Boredom,Sadness,0.019121724741563307
0.003223246852391775,Boredom,Shame,0.05326138207842363
0.003223246852391775,Fear,Boredom,0.0034202431776689116
0.003223246852391775,Fear,Fear,0.5333467223427975
0.003223246852391775,Fear,Happiness,0.01379146075591835
0.003223246852391775,Fear,Joy,0.03462979452874548
0.003223246852391775,Fear,Pride,0.02078511130287602
0.003223246852391775,Fear,Sadness,0.2623948268928872
0.003223246852391775,Fear,Shame,0.13163184099910683
0.003223246852391775,Happiness,Boredom,0.24656433835977426
0.003223246852391775,Happiness,Fear,0.010528289324801729
0.003223246852391775,Happiness,Happiness,0.30926914138075584
0.003223246852391775,Happiness,Joy,0.06487820144257249
0.003223246852391775,Happiness,Pride,0.2270907808141011
0.003223246852391775,Happiness,Sadness,0.017160292927556085
0.003223246852391775,Happiness,Shame,0.12450895575043806
0.003223246852391775,Joy,Boredom,0.011542606006570035
0.003223246852391775,Joy,Fear,0.042945170918962154
0.003223246852391775,Joy,Happiness,0.11680021385821282
0.003223246852391775,Joy,Joy,0.3436672107766933
0.003223246852391775,Joy,Pride,0.2686147555650104
0.003223246852391775,Joy,Sadness,0.022785273667354958
0.003223246852391775,Joy,Shame,0.19364476920719578
0.003223246852391775,Pride,Boredom,0.01661988919260366
0.003223246852391775,Pride,Fear,0.025244587028613548
0.003223246852391775,Pride,Happiness,0.19534868979769146
0.003223246852391775,Pride,Joy,0.28950916001753296
0.003223246852391775,Pride,Pride,0.25748339570792034
0.003223246852391775,Pride,Sadness,0.021680666454505504
0.003223246852391775,Pride,Shame,0.19411361180113249
0.003223246852391775,Sadness,Boredom,0.010802260458109898
0.003223246852391775,Sadness,Fear,0.32404480793625445
0.003223246852391775,Sadness,Happiness,0.02566855354524956
0.003223246852391775,Sadness,Joy,0.015207643055481041
0.003223246852391775,Sadness,Pride,0.01947956101017292
0.003223246852391775,Sadness,Sadness,0.4800721260717616
0.003223246852391775,Sadness,Shame,0.1247250479229706
0.003223246852391775,Shame,Boredom,0.004425680165343553
0.003223246852391775,Shame,Fear,0.5110337893074505
0.003223246852391775,Shame,Happiness,0.016654665077470175
0.003223246852391775,Shame,Joy,0.045307574314020486
0.003223246852391775,Shame,Pride,0.025126415583011145
0.003223246852391775,Shame,Sadness,0.24895928787560023
0.003223246852391775,Shame,Shame,0.1484925876771042
0.0033216055633308776,Boredom,Boredom,0.5248240006784808
0.0033216055633308776,Boredom,Fear,0.006904091043012604
0.0033216055633308776,Boredom,Happiness,0.32731346046056475
0.0033216055633308776,Boredom,Joy,0.015646591722487786
0.0033216055633308776,Boredom,Pride,0.06258206530582333
0.0033216055633308776,Boredom,Sadness,0.015065103955865461
0.0033216055633308776,Boredom,Shame,0.04766468683376522
0.0033216055633308776,Fear,Boredom,0.0023358758949446608
0.0033216055633308776,Fear,Fear,0.5890878205092362
0.0033216055633308776,Fear,Happiness,0.008924036362781908
0.0033216055633308776,Fear,Joy,0.028862558415750937
0.0033216055633308776,Fear,Pride,0.017132283313283776
0.0033216055633308776,Fear,Sadness,0.24063781808723597
0.0033216055633308776,Fear,Shame,0.11301960741676674
0.0033216055633308776,Happiness,Boredom,0.272633359438431
0.0033216055633308776,Happiness,Fear,0.006885903316964999
0.0033216055633308776,Happiness,Happiness,0.3172286222081756
0.0033216055633308776,Happiness,Joy,0.05187076825542001
0.0033216055633308776,Happiness,Pride,0.21234009700059406
0.0033216055633308776,Happiness,Sadness,0.013461822297558676
0.0033216055633308776,Happiness,Shame,0.12557942748285553
0.0033216055633308776,Joy,Boredom,0.010136141877625633
0.0033216055633308776,Joy,Fear,0.040822133604372694
0.0033216055633308776,Joy,Happiness,0.0920090735738001
0.0033216055633308776,Joy,Joy,0.3603217488897216
0.0033216055633308776,Joy,Pride,0.2739692466288278
0.0033216055633308776,Joy,Sadness,0.020563264899641973
0.0033216055633308776,Joy,Shame,0.20217839052601017
0.0033216055633308776,Pride,Boredom,0.014582498686247084
0.0033216055633308776,Pride,Fear,0.02237296412757847
0.0033216055633308776,Pride,Happiness,0.17155261512944722
0.0033216055633308776,Pride,Joy,0.3088328804116566
0.0033216055633308776,Pride,Pride,0.25894288090698137
0.0033216055633308776,Pride,Sadness,0.01929162033643275
0.0033216055633308776,Pride,Shame,0.20442454040165658
0.0033216055633308776,Sadness,Boredom,0.00976784376275472
0.0033216055633308776,Sadness,Fear,0.3162994848230887
0.0033216055633308776,Sadness,Happiness,0.021467943886138846
0.0033216055633308776,Sadness,Joy,0.011849063576916178
0.0033216055633308776,Sadness,Pride,0.016388289198452602
0.0033216055633308776,Sadness,Sadness,0.5163163777691873
0.0033216055633308776,Sadness,Shame,0.10791099698346207
0.0033216055633308776,Shame,Boredom,0.003354448096157637
0.0033216055633308776,Shame,Fear,0.5596270195650305
0.0033216055633308776,Shame,Happiness,0.011678537163519291
0.0033216055633308776,Shame,Joy,0.03945111377749626
0.0033216055633308776,Shame,Pride,0.023694302135289447
0.0033216055633308776,Shame,Sadness,0.22596145725188843
0.0033216055633308776,Shame,Shame,0.13623312201061846
0.0034491365212981962,Boredom,Boredom,0.5291610291654454
0.0034491365212981962,Boredom,Fear,0.0060233652487761075
0.0034491365212981962,Boredom,Happiness,0.3314790128236455
0.0034491365212981962,Boredom,Joy,0.01426812664349045
0.0034491365212981962,Boredom,Pride,0.06027602096355846
0.0034491365212981962,Boredom,Sadness,0.014480826758140027
0.0034491365212981962,Boredom,Shame,0.04431161839694415
0.0034491365212981962,Fear,Boredom,0.0018114923544575105
0.0034491365212981962,Fear,Fear,0.6254680440006678
0.0034491365212981962,Fear,Happiness,0.006507923757681666
0.0034491365212981962,Fear,Joy,0.025177871478876984
0.0034491365212981962,Fear,Pride,0.014475074503084008
0.0034491365212981962,Fear,Sadness,0.22786036353054828
0.0034491365212981962,Fear,Shame,0.09869923037468332
0.0034491365212981962,Happiness,Boredom,0.2502317408177115
0.0034491365212981962,Happiness,Fear,0.007342640593665146
0.0034491365212981962,Happiness,Happiness,0.332895489199683
0.0034491365212981962,Happiness,Joy,0.05215971147750786
0.0034491365212981962,Happiness,Pride,0.2248047291584486
0.0034491365212981962,Happiness,Sadness,0.014630404619071806
0.0034491365212981962,Happiness,Shame,0.1179352841339124
0.0034491365212981962,Joy,Boredom,0.009958272815656975
0.0034491365212981962,Joy,Fear,0.040691384714022734
0.0034491365212981962,Joy,Happiness,0.08070451693446537
0.0034491365212981962,Joy,Joy,0.3651256405576707
0.0034491365212981962,Joy,Pride,0.27723434629653665
0.0034491365212981962,Joy,Sadness,0.020130476351144257
0.0034491365212981962,Joy,Shame,0.2061553623305033
0.0034491365212981962,Pride,Boredom,0.014192769786834727
0.0034491365212981962,Pride,Fear,0.0244948759617201
0.0034491365212981962,Pride,Happiness,0.1053530205582707
0.0034491365212981962,Pride,Joy,0.3437985034029553
0.0034491365212981962,Pride,Pride,0.27086783720186913
0.0034491365212981962,Pride,Sadness,0.023012214503210837
0.0034491365212981962,Pride,Shame,0.21828077858513875
0.0034491365212981962,Sadness,Boredom,0.008787784596675837
0.0034491365212981962,Sadness,Fear,0.309390646506534
0.0034491365212981962,Sadness,Happiness,0.01892253284220061
0.0034491365212981962,Sadness,Joy,0.009034725600303889
0.0034491365212981962,Sadness,Pride,0.014458228017469198
0.0034491365212981962,Sadness,Sadness,0.543724422890685
0.0034491365212981962,Sadness,Shame,0.09568165954613148
0.0034491365212981962,Shame,Boredom,0.0027817329815570035
0.0034491365212981962,Shame,Fear,0.594401574054445
0.0034491365212981962,Shame,Happiness,0.008916200956379879
0.0034491365212981962,Shame,Joy,0.03515340063482703
0.0034491365212981962,Shame,Pride,0.020707723587795632
0.0034491365212981962,Shame,Sadness,0.2139413413995077
0.0034491365212981962,Shame,Shame,0.1240980263854874
0.0033404771955778704,Boredom,Boredom,0.5361644396498076
0.0033404771955778704,Boredom,Fear,0.005365225721010198
0.0033404771955778704,Boredom,Happiness,0.33182151606922666
0.0033404771955778704,Boredom,Joy,0.013268461850784017
0.0033404771955778704,Boredom,Pride,0.058119366520730006
0.0033404771955778704,Boredom,Sadness,0.012780771983542204
0.0033404771955778704,Boredom,Shame,0.04248021820489941
0.0033404771955778704,Fear,Boredom,0.0016692087712146682
0.0033404771955778704,Fear,Fear,0.6267580781840918
0.0033404771955778704,Fear,Happiness,0.005874107367080276
0.0033404771955778704,Fear,Joy,0.024787668141540004
0.0033404771955778704,Fear,Pride,0.014395415639916564
0.0033404771955778704,Fear,Sadness,0.23010149793339318
0.0033404771955778704,Fear,Shame,0.09641402396276354
0.0033404771955778704,Happiness,Boredom,0.24196944444757493
0.0033404771955778704,Happiness,Fear,0.006641417310829994
0.0033404771955778704,Happiness,Happiness,0.33488953443680236
0.0033404771955778704,Happiness,Joy,0.05145625830316867
0.0033404771955778704,Happiness,Pride,0.22436850972227912
0.0033404771955778704,Happiness,Sadness,0.013496765268821624
0.0033404771955778704,Happiness,Shame,0.12717807051052327
0.0033404771955778704,Joy,Boredom,0.009345939018537135
0.0033404771955778704,Joy,Fear,0.03930092530506421
0.0033404771955778704,Joy,Happiness,0.07832203916017233
0.0033404771955778704,Joy,Joy,0.369477650342456
0.0033404771955778704,Joy,Pride,0.2774194166596298
0.0033404771955778704,Joy,Sadness,0.018165487596443864
0.0033404771955778704,Joy,Shame,0.20796854191769623
0.0033404771955778704,Pride,Boredom,0.01379252507588255
0.0033404771955778704,Pride,Fear,0.02292823138365079
0.0033404771955778704,Pride,Happiness,0.1044180933505936
0.0033404771955778704,Pride,Joy,0.3443920359838507
0.0033404771955778704,Pride,Pride,0.2718940234746648
0.0033404771955778704,Pride,Sadness,0.02097472113762103
0.0033404771955778704,Pride,Shame,0.22160036959373686
0.0033404771955778704,Sadness,Boredom,0.009029429196146745
0.0033404771955778704,Sadness,Fear,0.3164273051050216
0.0033404771955778704,Sadness,Happiness,0.01848028629377404
0.0033404771955778704,Sadness,Joy,0.008673138783158223
0.0033404771955778704,Sadness,Pride,0.014438003216878952
0.0033404771955778704,Sadness,Sadness,0.539332739026449
0.0033404771955778704,Sadness,Shame,0.09361909837857181
0.0033404771955778704,Shame,Boredom,0.002639389337015173
0.0033404771955778704,Shame,Fear,0.5942669833272582
0.0033404771955778704,Shame,Happiness,0.008324074408662145
0.0033404771955778704,Shame,Joy,0.035167496828571156
0.0033404771955778704,Shame,Pride,0.02196399257201744
0.0033404771955778704,Shame,Sadness,0.21369911344374184
0.0033404771955778704,Shame,Shame,0.12393895008273408
0.003158772644548924,Boredom,Boredom,0.5253041081903327
0.003158772644548924,Boredom,Fear,0.007198783207648609
0.003158772644548924,Boredom,Happiness,0.3229274528358939
0.003158772644548924,Boredom,Joy,0.017183966341476523
0.003158772644548924,Boredom,Pride,0.06303387864272353
0.003158772644548924,Boredom,Sadness,0.015165044219726545
0.003158772644548924,Boredom,Shame,0.04918676656219818
0.003158772644548924,Fear,Boredom,0.0026373072150394808
0.003158772644548924,Fear,Fear,0.5662519953206012
0.003158772644548924,Fear,Happiness,0.010841563806058364
0.003158772644548924,Fear,Joy,0.031100948455467247
0.003158772644548924,Fear,Pride,0.018044526545051846
0.003158772644548924,Fear,Sadness,0.25257560217591574
0.003158772644548924,Fear,Shame,0.11854805648186616
0.003158772644548924,Happiness,Boredom,0.2693202541585156
0.003158772644548924,Happiness,Fear,0.007194264128498021
0.003158772644548924,Happiness,Happiness,0.3133987225246662
0.003158772644548924,Happiness,Joy,0.057431607612244126
0.003158772644548924,Happiness,Pride,0.2141924813042844
0.003158772644548924,Happiness,Sadness,0.013711361564739144
0.003158772644548924,Happiness,Shame,0.12475130870705249
0.003158772644548924,Joy,Boredom,0.010315997336300122
0.003158772644548924,Joy,Fear,0.04035416992708101
0.003158772644548924,Joy,Happiness,0.10943797618403572
0.003158772644548924,Joy,Joy,0.35300239424429974
0.003158772644548924,Joy,Pride,0.26946668095052256
0.003158772644548924,Joy,Sadness,0.01998083719481294
0.003158772644548924,Joy,Shame,0.19744194416294772
0.003158772644548924,Pride,Boredom,0.01560927277263693
0.003158772644548924,Pride,Fear,0.022472245971695944
0.003158772644548924,Pride,Happiness,0.19211688019853418
0.003158772644548924,Pride,Joy,0.29128164788613137
0.003158772644548924,Pride,Pride,0.2579779188842556
0.003158772644548924,Pride,Sadness,0.01921705271116286
0.003158772644548924,Pride,Shame,0.20132498157558312
0.003158772644548924,Sadness,Boredom,0.010370139381852727
0.003158772644548924,Sadness,Fear,0.3259366232287599
0.003158772644548924,Sadness,Happiness,0.023342407937552004
0.003158772644548924,Sadness,Joy,0.01316420812530445
0.003158772644548924,Sadness,Pride,0.017595902744994833
0.003158772644548924,Sadness,Sadness,0.4947543458370432
0.003158772644548924,Sadness,Shame,0.1148363727444927
0.003158772644548924,Shame,Boredom,0.003712006207404144
0.003158772644548924,Shame,Fear,0.5384200953275825
0.003158772644548924,Shame,Happiness,0.013971651561928007
0.003158772644548924,Shame,Joy,0.04229051963883222
0.003158772644548924,Shame,Pride,0.024126222475108244
0.003158772644548924,Shame,Sadness,0.23687683053333974
0.003158772644548924,Shame,Shame,0.14060267425580528
0.0033029727867504425,Boredom,Boredom,0.5649114092147691
0.0033029727867504425,Boredom,Fear,0.0034029697865524105
0.0033029727867504425,Boredom,Happiness,0.33007888962335385
0.0033029727867504425,Boredom,Joy,0.009904609740102797
0.0033029727867504425,Boredom,Pride,0.04805691822615718
0.0033029727867504425,Boredom,Sadness,0.010525558877009707
0.0033029727867504425,Boredom,Shame,0.03311964453205539
0.0033029727867504425,Fear,Boredom,0.0012610947469474327
0.0033029727867504425,Fear,Fear,0.7278032823230932
0.0033029727867504425,Fear,Happiness,0.004191376867922925
0.0033029727867504425,Fear,Joy,0.018354000704051496
0.0033029727867504425,Fear,Pride,0.010539772826037554
0.0033029727867504425,Fear,Sadness,0.16161687759510893
0.0033029727867504425,Fear,Shame,0.0762335949368385
0.0033029727867504425,Happiness,Boredom,0.27527188239919687
0.0033029727867504425,Happiness,Fear,0.004379596431551139
0.0033029727867504425,Happiness,Happiness,0.35281085406214235
0.0033029727867504425,Happiness,Joy,0.045843701661036504
0.0033029727867504425,Happiness,Pride,0.20387706901700361
0.0033029727867504425,Happiness,Sadness,0.010429501871870214
0.0033029727867504425,Happiness,Shame,0.10738739455719935
0.0033029727867504425,Joy,Boredom,0.008348752193213188
0.0033029727867504425,Joy,Fear,0.0369335557717558
0.0033029727867504425,Joy,Happiness,0.07947338061880566
0.0033029727867504425,Joy,Joy,0.3780187557631696
0.0033029727867504425,Joy,Pride,0.2800931570545167
0.0033029727867504425,Joy,Sadness,0.015195190378901222
0.0033029727867504425,Joy,Shame,0.20193720821963745
0.0033029727867504425,Pride,Boredom,0.0125361418841679
0.0033029727867504425,Pride,Fear,0.017670988603369492
0.0033029727867504425,Pride,Happiness,0.16045195460774972
0.0033029727867504425,Pride,Joy,0.32234419608540915
0.0033029727867504425,Pride,Pride,0.26278303164630196
0.0033029727867504425,Pride,Sadness,0.015273016778853135
0.0033029727867504425,Pride,Shame,0.20894067039414882
0.0033029727867504425,Sadness,Boredom,0.007550799581036148
0.0033029727867504425,Sadness,Fear,0.2773011177190099
0.0033029727867504425,Sadness,Happiness,0.014760799325068172
0.0033029727867504425,Sadness,Joy,0.007421119972318695
0.0033029727867504425,Sadness,Pride,0.011036093282495722
0.0033029727867504425,Sadness,Sadness,0.6034889152661134
0.0033029727867504425,Sadness,Shame,0.0784411548539581
0.0033029727867504425,Shame,Boredom,0.0021473852974905954
0.0033029727867504425,Shame,Fear,0.689820952790458
0.0033029727867504425,Shame,Happiness,0.006350621547814353
0.0033029727867504425,Shame,Joy,0.02728984784140784
0.0033029727867504425,Shame,Pride,0.016072024905124365
0.0033029727867504425,Shame,Sadness,0.15341156027086303
0.0033029727867504425,Shame,Shame,0.10490760734684186
0.003021582772151797,Boredom,Boredom,0.5023965232874
0.003021582772151797,Boredom,Fear,0.008002843907391049
0.003021582772151797,Boredom,Happiness,0.32465846592451675
0.003021582772151797,Boredom,Joy,0.020620865546686094
0.003021582772151797,Boredom,Pride,0.06834144456833112
0.003021582772151797,Boredom,Sadness,0.017496277129986765
0.003021582772151797,Boredom,Shame,0.0584835796356882
0.003021582772151797,Fear,Boredom,0.0033169870819781027
0.003021582772151797,Fear,Fear,0.5080136749334622
0.003021582772151797,Fear,Happiness,0.01248766863705089
0.003021582772151797,Fear,Joy,0.036085132612343314
0.003021582772151797,Fear,Pride,0.022465091653533255
0.003021582772151797,Fear,Sadness,0.2700974437537014
0.003021582772151797,Fear,Shame,0.14753400132793124
0.003021582772151797,Happiness,Boredom,0.23412352959336483
0.003021582772151797,Happiness,Fear,0.007065170835658895
0.003021582772151797,Happiness,Happiness,0.3029742975647822
0.003021582772151797,Happiness,Joy,0.06417788096569141
0.003021582772151797,Happiness,Pride,0.22182686646771396
0.003021582772151797,Happiness,Sadness,0.01429547919552366
0.003021582772151797,Happiness,Shame,0.15553677537726487
0.003021582772151797,Joy,Boredom,0.009325453573467883
0.003021582772151797,Joy,Fear,0.038714554992884675
0.003021582772151797,Joy,Happiness,0.10241206404265644
0.003021582772151797,Joy,Joy,0.339087020560598
0.003021582772151797,Joy,Pride,0.2740076577853237
0.003021582772151797,Joy,Sadness,0.01944247675660644
0.003021582772151797,Joy,Shame,0.2170107722884623
0.003021582772151797,Pride,Boredom,0.013807396034887731
0.003021582772151797,Pride,Fear,0.020920827588347832
0.003021582772151797,Pride,Happiness,0.1706827449024164
0.003021582772151797,Pride,Joy,0.2918117203578574
0.003021582772151797,Pride,Pride,0.2633536627019543
0.003021582772151797,Pride,Sadness,0.018763016257089902
0.003021582772151797,Pride,Shame,0.22066063215744666
0.003021582772151797,Sadness,Boredom,0.01042409560007524
0.003021582772151797,Sadness,Fear,0.27157815711633504
0.003021582772151797,Sadness,Happiness,0.024121271625221707
0.003021582772151797,Sadness,Joy,0.015726223837587046
0.003021582772151797,Sadness,Pride,0.020660978186542486
0.003021582772151797,Sadness,Sadness,0.5171084628871491
0.003021582772151797,Sadness,Shame,0.14038081074708963
0.003021582772151797,Shame,Boredom,0.004492558096642079
0.003021582772151797,Shame,Fear,0.48123916797649086
0.003021582772151797,Shame,Happiness,0.01566709375680149
0.003021582772151797,Shame,Joy,0.04825930382850272
0.003021582772151797,Shame,Pride,0.028830868039627623
0.003021582772151797,Shame,Sadness,0.2506724904763266
0.003021582772151797,Shame,Shame,0.17083851782560883
