C,Story,Emotion,Val
0.0032001739699561954,Boredom,Boredom,0.5152395083793047
0.0032001739699561954,Boredom,Fear,0.00589910807772891
0.0032001739699561954,Boredom,Happiness,0.3332503531345594
0.0032001739699561954,Boredom,Joy,0.015412446192730129
0.0032001739699561954,Boredom,Pride,0.06338454176938672
0.0032001739699561954,Boredom,Sadness,0.014758128242854681
0.0032001739699561954,Boredom,Shame,0.052055914203435485
0.0032001739699561954,Fear,Boredom,0.002288330777069065
0.0032001739699561954,Fear,Fear,0.5602783453747089
0.0032001739699561954,Fear,Happiness,0.007553662601903011
0.0032001739699561954,Fear,Joy,0.02998426034200664
0.0032001739699561954,Fear,Pride,0.018818875718043505
0.0032001739699561954,Fear,Sadness,0.2541112874345381
0.0032001739699561954,Fear,Shame,0.12696523775173071
0.0032001739699561954,Happiness,Boredom,0.17682951001646816
0.0032001739699561954,Happiness,Fear,0.006648906355148665
0.0032001739699561954,Happiness,Happiness,0.32509503631530673
0.0032001739699561954,Happiness,Joy,0.06006210024036336
0.0032001739699561954,Happiness,Pride,0.23989085879973263
0.0032001739699561954,Happiness,Sadness,0.014470336898111433
0.0032001739699561954,Happiness,Shame,0.17700325137486914
0.0032001739699561954,Joy,Boredom,0.007971885788860034
0.0032001739699561954,Joy,Fear,0.03623680515677146
0.0032001739699561954,Joy,Happiness,0.07893142684840879
0.0032001739699561954,Joy,Joy,0.35025606016920086
0.0032001739699561954,Joy,Pride,0.28041140851967633
0.0032001739699561954,Joy,Sadness,0.016679587071791707
0.0032001739699561954,Joy,Shame,0.22951282644529084
0.0032001739699561954,Pride,Boredom,0.011720589170147856
0.0032001739699561954,Pride,Fear,0.022080912729150783
0.0032001739699561954,Pride,Happiness,0.13888012148992102
0.0032001739699561954,Pride,Joy,0.31077829847802546
0.0032001739699561954,Pride,Pride,0.2680196574588899
0.0032001739699561954,Pride,Sadness,0.019882971392750935
0.0032001739699561954,Pride,Shame,0.22863744928111412
0.0032001739699561954,Sadness,Boredom,0.008191327251604198
0.0032001739699561954,Sadness,Fear,0.25041843815520093
0.0032001739699561954,Sadness,Happiness,0.01872675287313545
0.0032001739699561954,Sadness,Joy,0.011337100024462874
0.0032001739699561954,Sadness,Pride,0.016860936893513347
0.0032001739699561954,Sadness,Sadness,0.5754669961150396
0.0032001739699561954,Sadness,Shame,0.11899844868704368
0.0032001739699561954,Shame,Boredom,0.0044947591638139685
0.0032001739699561954,Shame,Fear,0.4989240029697822
0.0032001739699561954,Shame,Happiness,0.012910556999905358
0.0032001739699561954,Shame,Joy,0.051645208781957164
0.0032001739699561954,Shame,Pride,0.03763090655351652
0.0032001739699561954,Shame,Sadness,0.2125142638688818
0.0032001739699561954,Shame,Shame,0.18188030166214278
0.003242248999084292,Boredom,Boredom,0.5253165127523197
0.003242248999084292,Boredom,Fear,0.006808680210635683
0.003242248999084292,Boredom,Happiness,0.3276285736517284
0.003242248999084292,Boredom,Joy,0.015640298858760334
0.003242248999084292,Boredom,Pride,0.06185469146973455
0.003242248999084292,Boredom,Sadness,0.01551245719431384
0.003242248999084292,Boredom,Shame,0.04723878586250749
0.003242248999084292,Fear,Boredom,0.002325403084916614
0.003242248999084292,Fear,Fear,0.5827037983083452
0.003242248999084292,Fear,Happiness,0.009003393852307449
0.003242248999084292,Fear,Joy,0.028686772397260817
0.003242248999084292,Fear,Pride,0.01660519479750075
0.003242248999084292,Fear,Sadness,0.24931878952684933
0.003242248999084292,Fear,Shame,0.11135664803282021
0.003242248999084292,Happiness,Boredom,0.19143773366032624
0.003242248999084292,Happiness,Fear,0.009538340501429798
0.003242248999084292,Happiness,Happiness,0.3251389670861463
0.003242248999084292,Happiness,Joy,0.06416402504982137
0.003242248999084292,Happiness,Pride,0.2360812251959114
0.003242248999084292,Happiness,Sadness,0.01758583213069901
0.003242248999084292,Happiness,Shame,0.15605387637566615
0.003242248999084292,Joy,Boredom,0.010037329165279019
0.003242248999084292,Joy,Fear,0.0403400867199353
0.003242248999084292,Joy,Happiness,0.09625118194380805
0.003242248999084292,Joy,Joy,0.3590210411262892
0.003242248999084292,Joy,Pride,0.27299680914232377
0.003242248999084292,Joy,Sadness,0.020265466997371726
0.003242248999084292,Joy,Shame,0.20108808490499314
0.003242248999084292,Pride,Boredom,0.014687066957676706
0.003242248999084292,Pride,Fear,0.0261984872310095
0.003242248999084292,Pride,Happiness,0.17714174389485313
0.003242248999084292,Pride,Joy,0.30521466445824547
0.003242248999084292,Pride,Pride,0.2589906765655884
0.003242248999084292,Pride,Sadness,0.021902025899256085
0.003242248999084292,Pride,Shame,0.19586533499337036
0.003242248999084292,Sadness,Boredom,0.009917920025521478
0.003242248999084292,Sadness,Fear,0.3202673980268746
0.003242248999084292,Sadness,Happiness,0.02165176084696973
0.003242248999084292,Sadness,Joy,0.011664203948168325
0.003242248999084292,Sadness,Pride,0.01618551558898508
0.003242248999084292,Sadness,Sadness,0.5146435832933384
0.003242248999084292,Sadness,Shame,0.10566961827014248
0.003242248999084292,Shame,Boredom,0.004307569506408507
0.003242248999084292,Shame,Fear,0.5315659332269984
0.003242248999084292,Shame,Happiness,0.01429475667067672
0.003242248999084292,Shame,Joy,0.048650661171626
0.003242248999084292,Shame,Pride,0.02941884804726996
0.003242248999084292,Shame,Sadness,0.2193259350388101
0.003242248999084292,Shame,Shame,0.15243629633821035
0.003161231052698688,Boredom,Boredom,0.4800275050209751
0.003161231052698688,Boredom,Fear,0.009788816059874533
0.003161231052698688,Boredom,Happiness,0.3191461255048317
0.003161231052698688,Boredom,Joy,0.024499357268214523
0.003161231052698688,Boredom,Pride,0.07563291785417518
0.003161231052698688,Boredom,Sadness,0.022394280116406907
0.003161231052698688,Boredom,Shame,0.06851099817552203
0.003161231052698688,Fear,Boredom,0.004245004627853998
0.003161231052698688,Fear,Fear,0.44177473339005985
0.003161231052698688,Fear,Happiness,0.014370705847725292
0.003161231052698688,Fear,Joy,0.04157883650155702
0.003161231052698688,Fear,Pride,0.027159863109884254
0.003161231052698688,Fear,Sadness,0.2978434672545032
0.003161231052698688,Fear,Shame,0.1730273892684158
0.003161231052698688,Happiness,Boredom,0.16337653508574249
0.003161231052698688,Happiness,Fear,0.009455693921215955
0.003161231052698688,Happiness,Happiness,0.2924980653934241
0.003161231052698688,Happiness,Joy,0.07857025457707258
0.003161231052698688,Happiness,Pride,0.24526404386647058
0.003161231052698688,Happiness,Sadness,0.018134261948223502
0.003161231052698688,Happiness,Shame,0.19270114520785075
0.003161231052698688,Joy,Boredom,0.008933759139229063
0.003161231052698688,Joy,Fear,0.038170344233088065
0.003161231052698688,Joy,Happiness,0.09293707762929618
0.003161231052698688,Joy,Joy,0.32811061766699184
0.003161231052698688,Joy,Pride,0.2763901883065191
0.003161231052698688,Joy,Sadness,0.02087453827207551
0.003161231052698688,Joy,Shame,0.23458347475280036
0.003161231052698688,Pride,Boredom,0.01264507698259386
0.003161231052698688,Pride,Fear,0.02471499497310808
0.003161231052698688,Pride,Happiness,0.14618063903251433
0.003161231052698688,Pride,Joy,0.29682284842340756
0.003161231052698688,Pride,Pride,0.2664758893628056
0.003161231052698688,Pride,Sadness,0.022693121601370037
0.003161231052698688,Pride,Shame,0.23046742962420066
0.003161231052698688,Sadness,Boredom,0.01057551525145312
0.003161231052698688,Sadness,Fear,0.23788016488082317
0.003161231052698688,Sadness,Happiness,0.025989661923781073
0.003161231052698688,Sadness,Joy,0.018965222611928786
0.003161231052698688,Sadness,Pride,0.024636129371300785
0.003161231052698688,Sadness,Sadness,0.5186905977213659
0.003161231052698688,Sadness,Shame,0.16326270823934688
0.003161231052698688,Shame,Boredom,0.006462105655303563
0.003161231052698688,Shame,Fear,0.40260492543750254
0.003161231052698688,Shame,Happiness,0.019791307084671295
0.003161231052698688,Shame,Joy,0.06403539968133219
0.003161231052698688,Shame,Pride,0.04033838353494219
0.003161231052698688,Shame,Sadness,0.2559661055947924
0.003161231052698688,Shame,Shame,0.2108017730114561
0.003074051294309067,Boredom,Boredom,0.5207127430012953
0.003074051294309067,Boredom,Fear,0.007403875229962767
0.003074051294309067,Boredom,Happiness,0.3238065770439763
0.003074051294309067,Boredom,Joy,0.018462108457674917
0.003074051294309067,Boredom,Pride,0.06350606491739211
0.003074051294309067,Boredom,Sadness,0.015995858291112112
0.003074051294309067,Boredom,Shame,0.050112773058586364
0.003074051294309067,Fear,Boredom,0.0028835196522576704
0.003074051294309067,Fear,Fear,0.5501350853297508
0.003074051294309067,Fear,Happiness,0.012032685718093229
0.003074051294309067,Fear,Joy,0.031981068760921216
0.003074051294309067,Fear,Pride,0.018934880979246338
0.003074051294309067,Fear,Sadness,0.25990592523840494
0.003074051294309067,Fear,Shame,0.12412683432132593
0.003074051294309067,Happiness,Boredom,0.18169971489826525
0.003074051294309067,Happiness,Fear,0.010686158302373879
0.003074051294309067,Happiness,Happiness,0.32170231115888964
0.003074051294309067,Happiness,Joy,0.07412307499638997
0.003074051294309067,Happiness,Pride,0.23946865252723162
0.003074051294309067,Happiness,Sadness,0.018506778172560367
0.003074051294309067,Happiness,Shame,0.15381330994428927
0.003074051294309067,Joy,Boredom,0.010409663332567369
0.003074051294309067,Joy,Fear,0.04011220955545521
0.003074051294309067,Joy,Happiness,0.11915215773179728
0.003074051294309067,Joy,Joy,0.34629516494054485
0.003074051294309067,Joy,Pride,0.2674492354904784
0.003074051294309067,Joy,Sadness,0.01945767163888579
0.003074051294309067,Joy,Shame,0.19712389731027133
0.003074051294309067,Pride,Boredom,0.015724515563717255
0.003074051294309067,Pride,Fear,0.02663018859629421
0.003074051294309067,Pride,Happiness,0.19724278870395354
0.003074051294309067,Pride,Joy,0.28604003446459286
0.003074051294309067,Pride,Pride,0.2582552962887064
0.003074051294309067,Pride,Sadness,0.02163069587162328
0.003074051294309067,Pride,Shame,0.1944764805111122
0.003074051294309067,Sadness,Boredom,0.010658758153240978
0.003074051294309067,Sadness,Fear,0.3258668680508631
0.003074051294309067,Sadness,Happiness,0.024498176768944425
0.003074051294309067,Sadness,Joy,0.013788658712589734
0.003074051294309067,Sadness,Pride,0.018300883450381885
0.003074051294309067,Sadness,Sadness,0.4881892137855533
0.003074051294309067,Sadness,Shame,0.11869744107842657
0.003074051294309067,Shame,Boredom,0.0049670824471542445
0.003074051294309067,Shame,Fear,0.5020093023244606
0.003074051294309067,Shame,Happiness,0.01816106172311542
0.003074051294309067,Shame,Joy,0.053060521785890026
0.003074051294309067,Shame,Pride,0.03152692150518155
0.003074051294309067,Shame,Sadness,0.22844859564870013
0.003074051294309067,Shame,Shame,0.16182651456549815
0.003135699840919533,Boredom,Boredom,0.5295116228153945
0.003135699840919533,Boredom,Fear,0.006794141766935569
0.003135699840919533,Boredom,Happiness,0.3242426381436254
0.003135699840919533,Boredom,Joy,0.016182918504885596
0.003135699840919533,Boredom,Pride,0.06145490694893175
0.003135699840919533,Boredom,Sadness,0.014349654017899744
0.003135699840919533,Boredom,Shame,0.04746411780232767
0.003135699840919533,Fear,Boredom,0.002644886502985205
0.003135699840919533,Fear,Fear,0.5651883236028024
0.003135699840919533,Fear,Happiness,0.01056459731401713
0.003135699840919533,Fear,Joy,0.03078941519089514
0.003135699840919533,Fear,Pride,0.018487042971553846
0.003135699840919533,Fear,Sadness,0.25114151925012007
0.003135699840919533,Fear,Shame,0.1211842151676264
0.003135699840919533,Happiness,Boredom,0.1903011358990231
0.003135699840919533,Happiness,Fear,0.00993415848725489
0.003135699840919533,Happiness,Happiness,0.3247338636819798
0.003135699840919533,Happiness,Joy,0.0678596650332584
0.003135699840919533,Happiness,Pride,0.23696634234396766
0.003135699840919533,Happiness,Sadness,0.017452468382935203
0.003135699840919533,Happiness,Shame,0.15275236617158083
0.003135699840919533,Joy,Boredom,0.010028975465673516
0.003135699840919533,Joy,Fear,0.03967326534018424
0.003135699840919533,Joy,Happiness,0.10737563244085689
0.003135699840919533,Joy,Joy,0.35576442568358
0.003135699840919533,Joy,Pride,0.26979584264337114
0.003135699840919533,Joy,Sadness,0.01922659293309046
0.003135699840919533,Joy,Shame,0.198135265493244
0.003135699840919533,Pride,Boredom,0.015234284059709008
0.003135699840919533,Pride,Fear,0.026261916093116424
0.003135699840919533,Pride,Happiness,0.19006828182074903
0.003135699840919533,Pride,Joy,0.29381039367986633
0.003135699840919533,Pride,Pride,0.25849120498147304
0.003135699840919533,Pride,Sadness,0.021252725246033596
0.003135699840919533,Pride,Shame,0.1948811941190528
0.003135699840919533,Sadness,Boredom,0.010401229762809314
0.003135699840919533,Sadness,Fear,0.32187171672079556
0.003135699840919533,Sadness,Happiness,0.023191868811559553
0.003135699840919533,Sadness,Joy,0.01282509123595897
0.003135699840919533,Sadness,Pride,0.017623011340884565
0.003135699840919533,Sadness,Sadness,0.4987194203549357
0.003135699840919533,Sadness,Shame,0.11536766177305645
0.003135699840919533,Shame,Boredom,0.004630598144127461
0.003135699840919533,Shame,Fear,0.5133164504504455
0.003135699840919533,Shame,Happiness,0.016327990764838634
0.003135699840919533,Shame,Joy,0.05143448682220526
0.003135699840919533,Shame,Pride,0.03383702842832866
0.003135699840919533,Shame,Sadness,0.21973682317130527
0.003135699840919533,Shame,Shame,0.1607166222187491
0.0030597599992843445,Boredom,Boredom,0.47508595379209967
0.0030597599992843445,Boredom,Fear,0.01114338444366914
0.0030597599992843445,Boredom,Happiness,0.3101388310532854
0.0030597599992843445,Boredom,Joy,0.029542369133988996
0.0030597599992843445,Boredom,Pride,0.07721820206653059
0.0030597599992843445,Boredom,Sadness,0.023588740421973054
0.0030597599992843445,Boredom,Shame,0.07328251908845304
0.0030597599992843445,Fear,Boredom,0.005064705876888208
0.0030597599992843445,Fear,Fear,0.42164660495153555
0.0030597599992843445,Fear,Happiness,0.017501499773209667
0.0030597599992843445,Fear,Joy,0.04369772283282679
0.0030597599992843445,Fear,Pride,0.029016304189635012
0.0030597599992843445,Fear,Sadness,0.30329678012898115
0.0030597599992843445,Fear,Shame,0.17977638224692355
0.0030597599992843445,Happiness,Boredom,0.15648196625485297
0.0030597599992843445,Happiness,Fear,0.010983653979076167
0.0030597599992843445,Happiness,Happiness,0.28220245642136493
0.0030597599992843445,Happiness,Joy,0.0892955297767196
0.0030597599992843445,Happiness,Pride,0.24449415657603255
0.0030597599992843445,Happiness,Sadness,0.019329594363109263
0.0030597599992843445,Happiness,Shame,0.19721264262884436
0.0030597599992843445,Joy,Boredom,0.00987495261313751
0.0030597599992843445,Joy,Fear,0.03947207021873636
0.0030597599992843445,Joy,Happiness,0.10495240431683155
0.0030597599992843445,Joy,Joy,0.32369119046308115
0.0030597599992843445,Joy,Pride,0.27257480668597484
0.0030597599992843445,Joy,Sadness,0.021607041260776255
0.0030597599992843445,Joy,Shame,0.22782753444146228
0.0030597599992843445,Pride,Boredom,0.014063162897299466
0.0030597599992843445,Pride,Fear,0.025801882793688797
0.0030597599992843445,Pride,Happiness,0.15710554082845088
0.0030597599992843445,Pride,Joy,0.292721637727056
0.0030597599992843445,Pride,Pride,0.26390584491498437
0.0030597599992843445,Pride,Sadness,0.02304304109969217
0.0030597599992843445,Pride,Shame,0.22335888973882792
0.0030597599992843445,Sadness,Boredom,0.013366768616749835
0.0030597599992843445,Sadness,Fear,0.2503939396707749
0.0030597599992843445,Sadness,Happiness,0.028975160022803707
0.0030597599992843445,Sadness,Joy,0.021182721247493135
0.0030597599992843445,Sadness,Pride,0.026705904569438686
0.0030597599992843445,Sadness,Sadness,0.489347656044789
0.0030597599992843445,Sadness,Shame,0.1700278498279506
0.0030597599992843445,Shame,Boredom,0.007221263374142343
0.0030597599992843445,Shame,Fear,0.38888034974672697
0.0030597599992843445,Shame,Happiness,0.022930152212316594
0.0030597599992843445,Shame,Joy,0.06616333147753493
0.0030597599992843445,Shame,Pride,0.03957839903489087
0.0030597599992843445,Shame,Sadness,0.26445269098482044
0.0030597599992843445,Shame,Shame,0.21077381316956806
0.0032085055898483277,Boredom,Boredom,0.5262908356501473
0.0032085055898483277,Boredom,Fear,0.006918802018605932
0.0032085055898483277,Boredom,Happiness,0.32603610556401214
0.0032085055898483277,Boredom,Joy,0.016085520054505087
0.0032085055898483277,Boredom,Pride,0.062120169480099185
0.0032085055898483277,Boredom,Sadness,0.014834240955271232
0.0032085055898483277,Boredom,Shame,0.047714326277359685
0.0032085055898483277,Fear,Boredom,0.002542113494255649
0.0032085055898483277,Fear,Fear,0.5723613378539272
0.0032085055898483277,Fear,Happiness,0.010013250635696748
0.0032085055898483277,Fear,Joy,0.029999433576337286
0.0032085055898483277,Fear,Pride,0.017689530396756428
0.0032085055898483277,Fear,Sadness,0.2500539241944964
0.0032085055898483277,Fear,Shame,0.1173404098485308
0.0032085055898483277,Happiness,Boredom,0.18681569262035108
0.0032085055898483277,Happiness,Fear,0.010073869342172439
0.0032085055898483277,Happiness,Happiness,0.32469958689077955
0.0032085055898483277,Happiness,Joy,0.06679989746070766
0.0032085055898483277,Happiness,Pride,0.23735813485071697
0.0032085055898483277,Happiness,Sadness,0.017717378619543825
0.0032085055898483277,Happiness,Shame,0.15653544021572846
0.0032085055898483277,Joy,Boredom,0.009992265752417313
0.0032085055898483277,Joy,Fear,0.03988283042507246
0.0032085055898483277,Joy,Happiness,0.10283240072140963
0.0032085055898483277,Joy,Joy,0.35670880132204386
0.0032085055898483277,Joy,Pride,0.2711451487571285
0.0032085055898483277,Joy,Sadness,0.019515161396637424
0.0032085055898483277,Joy,Shame,0.19992339162529094
0.0032085055898483277,Pride,Boredom,0.015026797271366372
0.0032085055898483277,Pride,Fear,0.026337491248349013
0.0032085055898483277,Pride,Happiness,0.18501058434039902
0.0032085055898483277,Pride,Joy,0.2982013655239883
0.0032085055898483277,Pride,Pride,0.258469177016316
0.0032085055898483277,Pride,Sadness,0.021431100557189418
0.0032085055898483277,Pride,Shame,0.19552348404239148
0.0032085055898483277,Sadness,Boredom,0.010086810785936323
0.0032085055898483277,Sadness,Fear,0.31969375441609865
0.0032085055898483277,Sadness,Happiness,0.022390157192337005
0.0032085055898483277,Sadness,Joy,0.012224592013393867
0.0032085055898483277,Sadness,Pride,0.016853968050372856
0.0032085055898483277,Sadness,Sadness,0.5095466048057969
0.0032085055898483277,Sadness,Shame,0.10920411273606397
0.0032085055898483277,Shame,Boredom,0.004537420439727253
0.0032085055898483277,Shame,Fear,0.5215888629688232
0.0032085055898483277,Shame,Happiness,0.01557799668664065
0.0032085055898483277,Shame,Joy,0.050210303406443765
0.0032085055898483277,Shame,Pride,0.03132308117804326
0.0032085055898483277,Shame,Sadness,0.21915496915004146
0.0032085055898483277,Shame,Shame,0.15760736617028018
0.003389535057676241,Boredom,Boredom,0.48635269700629624
0.003389535057676241,Boredom,Fear,0.008977007804733352
0.003389535057676241,Boredom,Happiness,0.3245634172211426
0.003389535057676241,Boredom,Joy,0.020348278032379874
0.003389535057676241,Boredom,Pride,0.0735469908358431
0.003389535057676241,Boredom,Sadness,0.02125882312179504
0.003389535057676241,Boredom,Shame,0.06495278597780968
0.003389535057676241,Fear,Boredom,0.003486528362662642
0.003389535057676241,Fear,Fear,0.47466515660157527
0.003389535057676241,Fear,Happiness,0.01122673843147158
0.003389535057676241,Fear,Joy,0.03741616459520137
0.003389535057676241,Fear,Pride,0.024643360023863203
0.003389535057676241,Fear,Sadness,0.29030403853951653
0.003389535057676241,Fear,Shame,0.15825801344570914
0.003389535057676241,Happiness,Boredom,0.17391750335539857
0.003389535057676241,Happiness,Fear,0.009208623830337964
0.003389535057676241,Happiness,Happiness,0.30209953976639936
0.003389535057676241,Happiness,Joy,0.06215858407181985
0.003389535057676241,Happiness,Pride,0.24527050243633453
0.003389535057676241,Happiness,Sadness,0.018451032342279582
0.003389535057676241,Happiness,Shame,0.18889421419742952
0.003389535057676241,Joy,Boredom,0.00906401503662426
0.003389535057676241,Joy,Fear,0.03917993588319212
0.003389535057676241,Joy,Happiness,0.07873510828178826
0.003389535057676241,Joy,Joy,0.33463330270471936
0.003389535057676241,Joy,Pride,0.2817937497508661
0.003389535057676241,Joy,Sadness,0.021940285601477483
0.003389535057676241,Joy,Shame,0.23465360274133265
0.003389535057676241,Pride,Boredom,0.01243913722665835
0.003389535057676241,Pride,Fear,0.02606365112060284
0.003389535057676241,Pride,Happiness,0.11331678943832377
0.003389535057676241,Pride,Joy,0.315200380048769
0.003389535057676241,Pride,Pride,0.2735052381496865
0.003389535057676241,Pride,Sadness,0.025621234768824656
0.003389535057676241,Pride,Shame,0.23385356924713474
0.003389535057676241,Sadness,Boredom,0.00951311247778318
0.003389535057676241,Sadness,Fear,0.22283917258661062
0.003389535057676241,Sadness,Happiness,0.023624140323609877
0.003389535057676241,Sadness,Joy,0.015261595353535743
0.003389535057676241,Sadness,Pride,0.02225696544634374
0.003389535057676241,Sadness,Sadness,0.5566691933339609
0.003389535057676241,Sadness,Shame,0.14983582047815586
0.003389535057676241,Shame,Boredom,0.005561446739209896
0.003389535057676241,Shame,Fear,0.43024134970942535
0.003389535057676241,Shame,Happiness,0.016024571905020785
0.003389535057676241,Shame,Joy,0.05856513797569394
0.003389535057676241,Shame,Pride,0.04037562309302681
0.003389535057676241,Shame,Sadness,0.2503158886767816
0.003389535057676241,Shame,Shame,0.19891598190084123
0.0031303914865976265,Boredom,Boredom,0.5074476774661253
0.0031303914865976265,Boredom,Fear,0.009061146090560586
0.0031303914865976265,Boredom,Happiness,0.3198762290671639
0.0031303914865976265,Boredom,Joy,0.021184104182997706
0.0031303914865976265,Boredom,Pride,0.06750827294430288
0.0031303914865976265,Boredom,Sadness,0.0197691674160102
0.0031303914865976265,Boredom,Shame,0.05515340283283961
0.0031303914865976265,Fear,Boredom,0.003432870511277795
0.0031303914865976265,Fear,Fear,0.5316937387783016
0.0031303914865976265,Fear,Happiness,0.01417350840420709
0.0031303914865976265,Fear,Joy,0.03370909035854524
0.0031303914865976265,Fear,Pride,0.020517890741907387
0.0031303914865976265,Fear,Sadness,0.26522028168921313
0.0031303914865976265,Fear,Shame,0.13125261951654793
0.0031303914865976265,Happiness,Boredom,0.19305161964295947
0.0031303914865976265,Happiness,Fear,0.01159709372207824
0.0031303914865976265,Happiness,Happiness,0.30907184084098266
0.0031303914865976265,Happiness,Joy,0.07565760582188401
0.0031303914865976265,Happiness,Pride,0.23754022917233958
0.0031303914865976265,Happiness,Sadness,0.019372818839538685
0.0031303914865976265,Happiness,Shame,0.15370879196021733
0.0031303914865976265,Joy,Boredom,0.011376755113739432
0.0031303914865976265,Joy,Fear,0.04191653604206776
0.0031303914865976265,Joy,Happiness,0.12354976990182981
0.0031303914865976265,Joy,Joy,0.3397075946200118
0.0031303914865976265,Joy,Pride,0.2668983910405167
0.0031303914865976265,Joy,Sadness,0.02164290355993602
0.0031303914865976265,Joy,Shame,0.19490804972189846
0.0031303914865976265,Pride,Boredom,0.016662157383831772
0.0031303914865976265,Pride,Fear,0.02797290056101941
0.0031303914865976265,Pride,Happiness,0.19735225682548702
0.0031303914865976265,Pride,Joy,0.2861271593979418
0.0031303914865976265,Pride,Pride,0.25768242913785466
0.0031303914865976265,Pride,Sadness,0.023119579376136252
0.0031303914865976265,Pride,Shame,0.1910835173177291
0.0031303914865976265,Sadness,Boredom,0.012588418230802138
0.0031303914865976265,Sadness,Fear,0.32399370942444816
0.0031303914865976265,Sadness,Happiness,0.026779039458337622
0.0031303914865976265,Sadness,Joy,0.015455822697586274
0.0031303914865976265,Sadness,Pride,0.019975998830098263
0.0031303914865976265,Sadness,Sadness,0.4742000935689852
0.0031303914865976265,Sadness,Shame,0.12700691778974205
0.0031303914865976265,Shame,Boredom,0.005466484123570439
0.0031303914865976265,Shame,Fear,0.49109627194635475
0.0031303914865976265,Shame,Happiness,0.019928427793826656
0.0031303914865976265,Shame,Joy,0.05390434532662477
0.0031303914865976265,Shame,Pride,0.0292693216811578
0.0031303914865976265,Shame,Sadness,0.23787236793009084
0.0031303914865976265,Shame,Shame,0.16246278119837457
0.0031122515981562553,Boredom,Boredom,0.5102895670973514
0.0031122515981562553,Boredom,Fear,0.007068467157130736
0.0031122515981562553,Boredom,Happiness,0.32724423838652916
0.0031122515981562553,Boredom,Joy,0.017564889560157122
0.0031122515981562553,Boredom,Pride,0.06527376446593426
0.0031122515981562553,Boredom,Sadness,0.01762389441980761
0.0031122515981562553,Boredom,Shame,0.054935178913089605
0.0031122515981562553,Fear,Boredom,0.0028697371985960682
0.0031122515981562553,Fear,Fear,0.5272779268585754
0.0031122515981562553,Fear,Happiness,0.010050493720152842
0.0031122515981562553,Fear,Joy,0.03344356391880603
0.0031122515981562553,Fear,Pride,0.020748792020332703
0.0031122515981562553,Fear,Sadness,0.2650532414589875
0.0031122515981562553,Fear,Shame,0.14055624482454915
0.0031122515981562553,Happiness,Boredom,0.1760277863711698
0.0031122515981562553,Happiness,Fear,0.008314251263780829
0.0031122515981562553,Happiness,Happiness,0.31841440607160243
0.0031122515981562553,Happiness,Joy,0.06730712367092956
0.0031122515981562553,Happiness,Pride,0.2413415922212901
0.0031122515981562553,Happiness,Sadness,0.016209126684276723
0.0031122515981562553,Happiness,Shame,0.1723857137169502
0.0031122515981562553,Joy,Boredom,0.008617389796873215
0.0031122515981562553,Joy,Fear,0.037690846706004706
0.0031122515981562553,Joy,Happiness,0.09048031886729939
0.0031122515981562553,Joy,Joy,0.3447093554423936
0.0031122515981562553,Joy,Pride,0.2768076570227801
0.0031122515981562553,Joy,Sadness,0.018320974135149326
0.0031122515981562553,Joy,Shame,0.22337345802949968
0.0031122515981562553,Pride,Boredom,0.012725990742780762
0.0031122515981562553,Pride,Fear,0.023869898579780467
0.0031122515981562553,Pride,Happiness,0.1575355529113351
0.0031122515981562553,Pride,Joy,0.3005496819103669
0.0031122515981562553,Pride,Pride,0.2645578931164457
0.0031122515981562553,Pride,Sadness,0.020655205513647894
0.0031122515981562553,Pride,Shame,0.22010577722564334
0.0031122515981562553,Sadness,Boredom,0.009092313254045411
0.0031122515981562553,Sadness,Fear,0.2609820605554375
0.0031122515981562553,Sadness,Happiness,0.021414619210138274
0.0031122515981562553,Sadness,Joy,0.013561957941900333
0.0031122515981562553,Sadness,Pride,0.018649260340063326
0.0031122515981562553,Sadness,Sadness,0.5462878198545674
0.0031122515981562553,Sadness,Shame,0.13001196884384705
0.0031122515981562553,Shame,Boredom,0.005124577870171366
0.0031122515981562553,Shame,Fear,0.4762086881300977
0.0031122515981562553,Shame,Happiness,0.015567754094564703
0.0031122515981562553,Shame,Joy,0.055318419394629254
0.0031122515981562553,Shame,Pride,0.03435941210666165
0.0031122515981562553,Shame,Sadness,0.22635456648011268
0.0031122515981562553,Shame,Shame,0.18706658192376238
0.003269274127079255,Boredom,Boredom,0.4817298376606802
0.003269274127079255,Boredom,Fear,0.010119664194121374
0.003269274127079255,Boredom,Happiness,0.31979358434137767
0.003269274127079255,Boredom,Joy,0.02275701907023305
0.003269274127079255,Boredom,Pride,0.07373516489182064
0.003269274127079255,Boredom,Sadness,0.025044332096964758
0.003269274127079255,Boredom,Shame,0.06682039774480264
0.003269274127079255,Fear,Boredom,0.004170692352642376
0.003269274127079255,Fear,Fear,0.4485075663391231
0.003269274127079255,Fear,Happiness,0.013927349137913792
0.003269274127079255,Fear,Joy,0.04073929816599103
0.003269274127079255,Fear,Pride,0.026452280232564365
0.003269274127079255,Fear,Sadness,0.2974119459028915
0.003269274127079255,Fear,Shame,0.16879086786887393
0.003269274127079255,Happiness,Boredom,0.16737750799765788
0.003269274127079255,Happiness,Fear,0.010958824991689835
0.003269274127079255,Happiness,Happiness,0.29859872632002094
0.003269274127079255,Happiness,Joy,0.07380403087944418
0.003269274127079255,Happiness,Pride,0.24677898377493487
0.003269274127079255,Happiness,Sadness,0.01913900911007223
0.003269274127079255,Happiness,Shame,0.18334291692617985
0.003269274127079255,Joy,Boredom,0.009365711846992768
0.003269274127079255,Joy,Fear,0.03971817137319799
0.003269274127079255,Joy,Happiness,0.08955895930688439
0.003269274127079255,Joy,Joy,0.3316230805575033
0.003269274127079255,Joy,Pride,0.27702993591320035
0.003269274127079255,Joy,Sadness,0.022032210818247668
0.003269274127079255,Joy,Shame,0.23067193018397372
0.003269274127079255,Pride,Boredom,0.012879123766895696
0.003269274127079255,Pride,Fear,0.026005585905095614
0.003269274127079255,Pride,Happiness,0.1429862033532077
0.003269274127079255,Pride,Joy,0.3032185446078729
0.003269274127079255,Pride,Pride,0.2660217411872682
0.003269274127079255,Pride,Sadness,0.02369943890664848
0.003269274127079255,Pride,Shame,0.22518936227301156
0.003269274127079255,Sadness,Boredom,0.010277786016340272
0.003269274127079255,Sadness,Fear,0.2363729043298256
0.003269274127079255,Sadness,Happiness,0.025427430697137605
0.003269274127079255,Sadness,Joy,0.01825661932357082
0.003269274127079255,Sadness,Pride,0.023600649977255972
0.003269274127079255,Sadness,Sadness,0.530521889356542
0.003269274127079255,Sadness,Shame,0.15554272029932792
0.003269274127079255,Shame,Boredom,0.006368825496026582
0.003269274127079255,Shame,Fear,0.41386701505799217
0.003269274127079255,Shame,Happiness,0.018945211043585476
0.003269274127079255,Shame,Joy,0.06227936918119022
0.003269274127079255,Shame,Pride,0.03677364822968905
0.003269274127079255,Shame,Sadness,0.2575068828264333
0.003269274127079255,Shame,Shame,0.20425904816508322
0.003250471444717471,Boredom,Boredom,0.5052836072925827
0.003250471444717471,Boredom,Fear,0.007687198698693671
0.003250471444717471,Boredom,Happiness,0.32758160592898805
0.003250471444717471,Boredom,Joy,0.01809894226823803
0.003250471444717471,Boredom,Pride,0.06728184996555706
0.003250471444717471,Boredom,Sadness,0.018408044201245886
0.003250471444717471,Boredom,Shame,0.05565875164469457
0.003250471444717471,Fear,Boredom,0.0029943527494291646
0.003250471444717471,Fear,Fear,0.5312770014501778
0.003250471444717471,Fear,Happiness,0.010507648738552575
0.003250471444717471,Fear,Joy,0.033562500981155555
0.003250471444717471,Fear,Pride,0.020916525437255955
0.003250471444717471,Fear,Sadness,0.2614609600272159
0.003250471444717471,Fear,Shame,0.1392810106162131
0.003250471444717471,Happiness,Boredom,0.18811884815711077
0.003250471444717471,Happiness,Fear,0.009076944963305794
0.003250471444717471,Happiness,Happiness,0.316991123713709
0.003250471444717471,Happiness,Joy,0.06567452439593417
0.003250471444717471,Happiness,Pride,0.23999835585528306
0.003250471444717471,Happiness,Sadness,0.017208790644408584
0.003250471444717471,Happiness,Shame,0.16293141227024843
0.003250471444717471,Joy,Boredom,0.00932454686538873
0.003250471444717471,Joy,Fear,0.03963657382032039
0.003250471444717471,Joy,Happiness,0.08929366811474314
0.003250471444717471,Joy,Joy,0.34451857997422214
0.003250471444717471,Joy,Pride,0.27644895423095267
0.003250471444717471,Joy,Sadness,0.020180935380031007
0.003250471444717471,Joy,Shame,0.2205967416143418
0.003250471444717471,Pride,Boredom,0.013192186104324747
0.003250471444717471,Pride,Fear,0.025278203097039043
0.003250471444717471,Pride,Happiness,0.15350892242807182
0.003250471444717471,Pride,Joy,0.307065654281401
0.003250471444717471,Pride,Pride,0.2633187513913898
0.003250471444717471,Pride,Sadness,0.02224011456266638
0.003250471444717471,Pride,Shame,0.21539616813510687
0.003250471444717471,Sadness,Boredom,0.009265414349415699
0.003250471444717471,Sadness,Fear,0.2571663932381703
0.003250471444717471,Sadness,Happiness,0.02197649394208533
0.003250471444717471,Sadness,Joy,0.013951429442021086
0.003250471444717471,Sadness,Pride,0.01878926064243388
0.003250471444717471,Sadness,Sadness,0.5497732412997862
0.003250471444717471,Sadness,Shame,0.12907776708608734
0.003250471444717471,Shame,Boredom,0.005152861344631538
0.003250471444717471,Shame,Fear,0.482470956396469
0.003250471444717471,Shame,Happiness,0.015725365923019007
0.003250471444717471,Shame,Joy,0.054450249563619275
0.003250471444717471,Shame,Pride,0.03352594513116996
0.003250471444717471,Shame,Sadness,0.22722736312221664
0.003250471444717471,Shame,Shame,0.1814472585188747
0.0032149078260600207,Boredom,Boredom,0.482423421523844
0.0032149078260600207,Boredom,Fear,0.009756827049945325
0.0032149078260600207,Boredom,Happiness,0.32018468408902084
0.0032149078260600207,Boredom,Joy,0.023647480874783036
0.0032149078260600207,Boredom,Pride,0.0753916648502086
0.0032149078260600207,Boredom,Sadness,0.021514515995760576
0.0032149078260600207,Boredom,Shame,0.06708140561643727
0.0032149078260600207,Fear,Boredom,0.004110518532429663
0.0032149078260600207,Fear,Fear,0.445659513472454
0.0032149078260600207,Fear,Happiness,0.013872469198155562
0.0032149078260600207,Fear,Joy,0.04095258763607171
0.0032149078260600207,Fear,Pride,0.026847546998869754
0.0032149078260600207,Fear,Sadness,0.29804435505135435
0.0032149078260600207,Fear,Shame,0.17051300911066497
0.0032149078260600207,Happiness,Boredom,0.16824704845574018
0.0032149078260600207,Happiness,Fear,0.009795136158598764
0.0032149078260600207,Happiness,Happiness,0.29484643816290274
0.0032149078260600207,Happiness,Joy,0.07635594217168641
0.0032149078260600207,Happiness,Pride,0.2449268252662828
0.0032149078260600207,Happiness,Sadness,0.018440779959747255
0.0032149078260600207,Happiness,Shame,0.18738782982504165
0.0032149078260600207,Joy,Boredom,0.009102415186691155
0.0032149078260600207,Joy,Fear,0.038891957341474395
0.0032149078260600207,Joy,Happiness,0.09157344111741725
0.0032149078260600207,Joy,Joy,0.32994562510303754
0.0032149078260600207,Joy,Pride,0.27717300930414934
0.0032149078260600207,Joy,Sadness,0.021617300715251187
0.0032149078260600207,Joy,Shame,0.23169625123197837
0.0032149078260600207,Pride,Boredom,0.012822507965528432
0.0032149078260600207,Pride,Fear,0.02538436090810704
0.0032149078260600207,Pride,Happiness,0.14508512867823484
0.0032149078260600207,Pride,Joy,0.2991710738594212
0.0032149078260600207,Pride,Pride,0.2669966936351489
0.0032149078260600207,Pride,Sadness,0.023410949924802724
0.0032149078260600207,Pride,Shame,0.2271292850287569
0.0032149078260600207,Sadness,Boredom,0.010394860138485935
0.0032149078260600207,Sadness,Fear,0.23638124987539547
0.0032149078260600207,Sadness,Happiness,0.02550503380537621
0.0032149078260600207,Sadness,Joy,0.018635581569756053
0.0032149078260600207,Sadness,Pride,0.0242126124622939
0.0032149078260600207,Sadness,Sadness,0.5243034735067946
0.0032149078260600207,Sadness,Shame,0.16056718864189756
0.0032149078260600207,Shame,Boredom,0.0061832471963999625
0.0032149078260600207,Shame,Fear,0.406420201927887
0.0032149078260600207,Shame,Happiness,0.01903225871743913
0.0032149078260600207,Shame,Joy,0.06283628042154545
0.0032149078260600207,Shame,Pride,0.041463027991700735
0.0032149078260600207,Shame,Sadness,0.2573370495833514
0.0032149078260600207,Shame,Shame,0.20672793416167612
0.003068411947181888,Boredom,Boredom,0.42852670010870775
0.003068411947181888,Boredom,Fear,0.010102220556682284
0.003068411947181888,Boredom,Happiness,0.3174237321772035
0.003068411947181888,Boredom,Joy,0.03025809390282232
0.003068411947181888,Boredom,Pride,0.08870581626982356
0.003068411947181888,Boredom,Sadness,0.027161927391878227
0.003068411947181888,Boredom,Shame,0.09782150959288238
0.003068411947181888,Fear,Boredom,0.006418747225559493
0.003068411947181888,Fear,Fear,0.33457739318120416
0.003068411947181888,Fear,Happiness,0.014109822522059374
0.003068411947181888,Fear,Joy,0.05023596626021161
0.003068411947181888,Fear,Pride,0.03931102488069076
0.003068411947181888,Fear,Sadness,0.31166455485151195
0.003068411947181888,Fear,Shame,0.24368249107876286
0.003068411947181888,Happiness,Boredom,0.11100568842872707
0.003068411947181888,Happiness,Fear,0.005259137848031459
0.003068411947181888,Happiness,Happiness,0.25947833329802683
0.003068411947181888,Happiness,Joy,0.0836820144437053
0.003068411947181888,Happiness,Pride,0.25900407962162614
0.003068411947181888,Happiness,Sadness,0.014178506975670394
0.003068411947181888,Happiness,Shame,0.26739223938421214
0.003068411947181888,Joy,Boredom,0.005333982023536294
0.003068411947181888,Joy,Fear,0.029007266514422606
0.003068411947181888,Joy,Happiness,0.06538156433706206
0.003068411947181888,Joy,Joy,0.29431727343689557
0.003068411947181888,Joy,Pride,0.29128667312115214
0.003068411947181888,Joy,Sadness,0.015129295909871616
0.003068411947181888,Joy,Shame,0.29954394465705947
0.003068411947181888,Pride,Boredom,0.008306434884670593
0.003068411947181888,Pride,Fear,0.017729496276011156
0.003068411947181888,Pride,Happiness,0.09623284496313789
0.003068411947181888,Pride,Joy,0.270532772834003
0.003068411947181888,Pride,Pride,0.2854347089890734
0.003068411947181888,Pride,Sadness,0.018625649730228025
0.003068411947181888,Pride,Shame,0.30313809232287553
0.003068411947181888,Sadness,Boredom,0.011425828580557433
0.003068411947181888,Sadness,Fear,0.12447525250477548
0.003068411947181888,Sadness,Happiness,0.023760407047869504
0.003068411947181888,Sadness,Joy,0.024201401101506106
0.003068411947181888,Sadness,Pride,0.0350442708838157
0.003068411947181888,Sadness,Sadness,0.5457141647060746
0.003068411947181888,Sadness,Shame,0.23537867517540084
0.003068411947181888,Shame,Boredom,0.008707227788013626
0.003068411947181888,Shame,Fear,0.29905832590444337
0.003068411947181888,Shame,Happiness,0.01860880270634391
0.003068411947181888,Shame,Joy,0.07321567430147857
0.003068411947181888,Shame,Pride,0.05439477233125486
0.003068411947181888,Shame,Sadness,0.2501429971243104
0.003068411947181888,Shame,Shame,0.29587219984415536
0.0031958631675948306,Boredom,Boredom,0.5280164982270193
0.0031958631675948306,Boredom,Fear,0.006590764751696491
0.0031958631675948306,Boredom,Happiness,0.32745109128813443
0.0031958631675948306,Boredom,Joy,0.015348934168994115
0.0031958631675948306,Boredom,Pride,0.06092445726338337
0.0031958631675948306,Boredom,Sadness,0.01505273615673618
0.0031958631675948306,Boredom,Shame,0.04661551814403629
0.0031958631675948306,Fear,Boredom,0.00240149266584068
0.0031958631675948306,Fear,Fear,0.5791648019571157
0.0031958631675948306,Fear,Happiness,0.009254892496324574
0.0031958631675948306,Fear,Joy,0.02932403435227455
0.0031958631675948306,Fear,Pride,0.01721025060739502
0.0031958631675948306,Fear,Sadness,0.2479299429341765
0.0031958631675948306,Fear,Shame,0.11471458498687295
0.0031958631675948306,Happiness,Boredom,0.20457806218813673
0.0031958631675948306,Happiness,Fear,0.008930253906350402
0.0031958631675948306,Happiness,Happiness,0.32561083179045974
0.0031958631675948306,Happiness,Joy,0.06289914540302226
0.0031958631675948306,Happiness,Pride,0.23357743660479688
0.0031958631675948306,Happiness,Sadness,0.016291548393517624
0.0031958631675948306,Happiness,Shame,0.14811272171371606
0.0031958631675948306,Joy,Boredom,0.009820345654721795
0.0031958631675948306,Joy,Fear,0.039635287924755284
0.0031958631675948306,Joy,Happiness,0.09784142209408477
0.0031958631675948306,Joy,Joy,0.3595592360643394
0.0031958631675948306,Joy,Pride,0.2723224903154307
0.0031958631675948306,Joy,Sadness,0.01950357695658397
0.0031958631675948306,Joy,Shame,0.2013176409900839
0.0031958631675948306,Pride,Boredom,0.014717830504840023
0.0031958631675948306,Pride,Fear,0.025832849941768748
0.0031958631675948306,Pride,Happiness,0.18043296146485613
0.0031958631675948306,Pride,Joy,0.3022037041492396
0.0031958631675948306,Pride,Pride,0.25889442212991026
0.0031958631675948306,Pride,Sadness,0.021314506155719476
0.0031958631675948306,Pride,Shame,0.19660372565366543
0.0031958631675948306,Sadness,Boredom,0.01021136923909188
0.0031958631675948306,Sadness,Fear,0.3200374846696029
0.0031958631675948306,Sadness,Happiness,0.02206969917003177
0.0031958631675948306,Sadness,Joy,0.011918478177299957
0.0031958631675948306,Sadness,Pride,0.016709697582268694
0.0031958631675948306,Sadness,Sadness,0.5107256168926453
0.0031958631675948306,Sadness,Shame,0.10832765426905888
0.0031958631675948306,Shame,Boredom,0.004410323702678442
0.0031958631675948306,Shame,Fear,0.5266305767286085
0.0031958631675948306,Shame,Happiness,0.01469986523288283
0.0031958631675948306,Shame,Joy,0.04970386175582313
0.0031958631675948306,Shame,Pride,0.0311090804659701
0.0031958631675948306,Shame,Sadness,0.21695133423728571
0.0031958631675948306,Shame,Shame,0.15649495787675144
0.0032983307207564245,Boredom,Boredom,0.5290842395550812
0.0032983307207564245,Boredom,Fear,0.00615623302172529
0.0032983307207564245,Boredom,Happiness,0.3301259491569072
0.0032983307207564245,Boredom,Joy,0.01447184030002527
0.0032983307207564245,Boredom,Pride,0.060499508929924964
0.0032983307207564245,Boredom,Sadness,0.014131718200897994
0.0032983307207564245,Boredom,Shame,0.045530510835437465
0.0032983307207564245,Fear,Boredom,0.0020511849253907555
0.0032983307207564245,Fear,Fear,0.6008631392149358
0.0032983307207564245,Fear,Happiness,0.007445339738001246
0.0032983307207564245,Fear,Joy,0.026909391292381516
0.0032983307207564245,Fear,Pride,0.01574686021214089
0.0032983307207564245,Fear,Sadness,0.2405583278627531
0.0032983307207564245,Fear,Shame,0.10642575675439647
0.0032983307207564245,Happiness,Boredom,0.20464403078048798
0.0032983307207564245,Happiness,Fear,0.008178598574730826
0.0032983307207564245,Happiness,Happiness,0.3277283595273992
0.0032983307207564245,Happiness,Joy,0.05855886029876434
0.0032983307207564245,Happiness,Pride,0.23250615420842377
0.0032983307207564245,Happiness,Sadness,0.01598257209411542
0.0032983307207564245,Happiness,Shame,0.15240142451607838
0.0032983307207564245,Joy,Boredom,0.009818048483161706
0.0032983307207564245,Joy,Fear,0.0401168935308558
0.0032983307207564245,Joy,Happiness,0.08351551965220896
0.0032983307207564245,Joy,Joy,0.3645169007398115
0.0032983307207564245,Joy,Pride,0.27617270505362296
0.0032983307207564245,Joy,Sadness,0.019903242081152607
0.0032983307207564245,Joy,Shame,0.20595669045918633
0.0032983307207564245,Pride,Boredom,0.013799823329437721
0.0032983307207564245,Pride,Fear,0.025705874220770582
0.0032983307207564245,Pride,Happiness,0.14737459944945946
0.0032983307207564245,Pride,Joy,0.3260153295485399
0.0032983307207564245,Pride,Pride,0.2623788119354482
0.0032983307207564245,Pride,Sadness,0.022450066018667465
0.0032983307207564245,Pride,Shame,0.2022754954976767
0.0032983307207564245,Sadness,Boredom,0.009756133934945586
0.0032983307207564245,Sadness,Fear,0.314930270975819
0.0032983307207564245,Sadness,Happiness,0.020696998578590527
0.0032983307207564245,Sadness,Joy,0.010551469586678188
0.0032983307207564245,Sadness,Pride,0.01564927811020813
0.0032983307207564245,Sadness,Sadness,0.5260696634436178
0.0032983307207564245,Sadness,Shame,0.10234618537014076
0.0032983307207564245,Shame,Boredom,0.004014513835194332
0.0032983307207564245,Shame,Fear,0.5449817395467323
0.0032983307207564245,Shame,Happiness,0.012379592780134235
0.0032983307207564245,Shame,Joy,0.046655681757808425
0.0032983307207564245,Shame,Pride,0.03048833881802059
0.0032983307207564245,Shame,Sadness,0.21024194180068315
0.0032983307207564245,Shame,Shame,0.15123819146142695
0.0030098993556490227,Boredom,Boredom,0.5042686080008496
0.0030098993556490227,Boredom,Fear,0.009885670559884867
0.0030098993556490227,Boredom,Happiness,0.3139731078823487
0.0030098993556490227,Boredom,Joy,0.02434662154522277
0.0030098993556490227,Boredom,Pride,0.06818966260926891
0.0030098993556490227,Boredom,Sadness,0.021696114151513964
0.0030098993556490227,Boredom,Shame,0.05764021525091131
0.0030098993556490227,Fear,Boredom,0.004104837483406735
0.0030098993556490227,Fear,Fear,0.5059515403654496
0.0030098993556490227,Fear,Happiness,0.0166541551675633
0.0030098993556490227,Fear,Joy,0.034480896877912566
0.0030098993556490227,Fear,Pride,0.022183597102071934
0.0030098993556490227,Fear,Sadness,0.27807215937486557
0.0030098993556490227,Fear,Shame,0.1385528136287304
0.0030098993556490227,Happiness,Boredom,0.17458682605275308
0.0030098993556490227,Happiness,Fear,0.013904592229662453
0.0030098993556490227,Happiness,Happiness,0.30629589626568593
0.0030098993556490227,Happiness,Joy,0.08568916651433506
0.0030098993556490227,Happiness,Pride,0.24226407253734047
0.0030098993556490227,Happiness,Sadness,0.02137388985022436
0.0030098993556490227,Happiness,Shame,0.15588555654999867
0.0030098993556490227,Joy,Boredom,0.012323536946872597
0.0030098993556490227,Joy,Fear,0.042799534501808914
0.0030098993556490227,Joy,Happiness,0.13840251162402964
0.0030098993556490227,Joy,Joy,0.32912891408861966
0.0030098993556490227,Joy,Pride,0.2647577316856029
0.0030098993556490227,Joy,Sadness,0.021966677904380495
0.0030098993556490227,Joy,Shame,0.19062109324868576
0.0030098993556490227,Pride,Boredom,0.0181550861464908
0.0030098993556490227,Pride,Fear,0.02888054845655486
0.0030098993556490227,Pride,Happiness,0.2053769928244548
0.0030098993556490227,Pride,Joy,0.27884311889219254
0.0030098993556490227,Pride,Pride,0.25787752490730614
0.0030098993556490227,Pride,Sadness,0.023593614469682795
0.0030098993556490227,Pride,Shame,0.1872731143033187
0.0030098993556490227,Sadness,Boredom,0.014444993074088645
0.0030098993556490227,Sadness,Fear,0.3294664992312588
0.0030098993556490227,Sadness,Happiness,0.028602643154119162
0.0030098993556490227,Sadness,Joy,0.016797510407351293
0.0030098993556490227,Sadness,Pride,0.021198428832002774
0.0030098993556490227,Sadness,Sadness,0.4577334929695253
0.0030098993556490227,Sadness,Shame,0.13175643233165396
0.0030098993556490227,Shame,Boredom,0.006029665624084222
0.0030098993556490227,Shame,Fear,0.47125506445809145
0.0030098993556490227,Shame,Happiness,0.02232535664871387
0.0030098993556490227,Shame,Joy,0.05442249196015331
0.0030098993556490227,Shame,Pride,0.029661879390881298
0.0030098993556490227,Shame,Sadness,0.251351592287972
0.0030098993556490227,Shame,Shame,0.16495394963010387
0.003135283358438124,Boredom,Boredom,0.47956113301002595
0.003135283358438124,Boredom,Fear,0.010425781092560923
0.003135283358438124,Boredom,Happiness,0.3154858165795298
0.003135283358438124,Boredom,Joy,0.02620588268007325
0.003135283358438124,Boredom,Pride,0.0759691277993457
0.003135283358438124,Boredom,Sadness,0.023754876175050975
0.003135283358438124,Boredom,Shame,0.06859738266341374
0.003135283358438124,Fear,Boredom,0.004525260292819784
0.003135283358438124,Fear,Fear,0.43231214557936415
0.003135283358438124,Fear,Happiness,0.015770490310281732
0.003135283358438124,Fear,Joy,0.04258031705188164
0.003135283358438124,Fear,Pride,0.02771638443846121
0.003135283358438124,Fear,Sadness,0.30310080103480763
0.003135283358438124,Fear,Shame,0.17399460129238378
0.003135283358438124,Happiness,Boredom,0.15840873115805595
0.003135283358438124,Happiness,Fear,0.010948173672540995
0.003135283358438124,Happiness,Happiness,0.2909021173069314
0.003135283358438124,Happiness,Joy,0.08373172708860299
0.003135283358438124,Happiness,Pride,0.24670062699409098
0.003135283358438124,Happiness,Sadness,0.019715145872613846
0.003135283358438124,Happiness,Shame,0.18959347790716383
0.003135283358438124,Joy,Boredom,0.009443195419227092
0.003135283358438124,Joy,Fear,0.0391245960777662
0.003135283358438124,Joy,Happiness,0.09842217257847907
0.003135283358438124,Joy,Joy,0.32762896162340877
0.003135283358438124,Joy,Pride,0.2753010752154695
0.003135283358438124,Joy,Sadness,0.022225001865923147
0.003135283358438124,Joy,Shame,0.22785499721972627
0.003135283358438124,Pride,Boredom,0.013263413602059522
0.003135283358438124,Pride,Fear,0.025703173481533243
0.003135283358438124,Pride,Happiness,0.1521672958938963
0.003135283358438124,Pride,Joy,0.2965904223822371
0.003135283358438124,Pride,Pride,0.26565930341924693
0.003135283358438124,Pride,Sadness,0.023641717267112238
0.003135283358438124,Pride,Shame,0.2229746739539145
0.003135283358438124,Sadness,Boredom,0.011167104802285362
0.003135283358438124,Sadness,Fear,0.2455921552445005
0.003135283358438124,Sadness,Happiness,0.02743493055986891
0.003135283358438124,Sadness,Joy,0.019973602569157374
0.003135283358438124,Sadness,Pride,0.025423783394435837
0.003135283358438124,Sadness,Sadness,0.5058008052423645
0.003135283358438124,Sadness,Shame,0.1646076181873876
0.003135283358438124,Shame,Boredom,0.006656591185496084
0.003135283358438124,Shame,Fear,0.3976684357820676
0.003135283358438124,Shame,Happiness,0.021035634002783472
0.003135283358438124,Shame,Joy,0.06479681582831866
0.003135283358438124,Shame,Pride,0.03884592567617786
0.003135283358438124,Shame,Sadness,0.26412216026779267
0.003135283358438124,Shame,Shame,0.20687443725736335
0.0029311265016281514,Boredom,Boredom,0.5067168278174365
0.0029311265016281514,Boredom,Fear,0.009507405191517097
0.0029311265016281514,Boredom,Happiness,0.31468222319964434
0.0029311265016281514,Boredom,Joy,0.02463823263071794
0.0029311265016281514,Boredom,Pride,0.06801318144150394
0.0029311265016281514,Boredom,Sadness,0.01818850375269139
0.0029311265016281514,Boredom,Shame,0.05825362596648833
0.0029311265016281514,Fear,Boredom,0.004319731441455758
0.0029311265016281514,Fear,Fear,0.5059750777278773
0.0029311265016281514,Fear,Happiness,0.01648304952894488
0.0029311265016281514,Fear,Joy,0.03424031199721023
0.0029311265016281514,Fear,Pride,0.022145561421095483
0.0029311265016281514,Fear,Sadness,0.2771210487356115
0.0029311265016281514,Fear,Shame,0.13971521914780471
0.0029311265016281514,Happiness,Boredom,0.17647878961742525
0.0029311265016281514,Happiness,Fear,0.013183813609136442
0.0029311265016281514,Happiness,Happiness,0.3060588941414683
0.0029311265016281514,Happiness,Joy,0.08596825676335142
0.0029311265016281514,Happiness,Pride,0.2408571566674465
0.0029311265016281514,Happiness,Sadness,0.020528359282888303
0.0029311265016281514,Happiness,Shame,0.15692472991828366
0.0029311265016281514,Joy,Boredom,0.012460598031171846
0.0029311265016281514,Joy,Fear,0.0422195451547746
0.0029311265016281514,Joy,Happiness,0.14053234232584455
0.0029311265016281514,Joy,Joy,0.32818515224354133
0.0029311265016281514,Joy,Pride,0.26456911007981365
0.0029311265016281514,Joy,Sadness,0.021181464087281037
0.0029311265016281514,Joy,Shame,0.19085178807757322
0.0029311265016281514,Pride,Boredom,0.01897918918726126
0.0029311265016281514,Pride,Fear,0.028450374549099995
0.0029311265016281514,Pride,Happiness,0.2059198305485953
0.0029311265016281514,Pride,Joy,0.277095332714395
0.0029311265016281514,Pride,Pride,0.25818341364099306
0.0029311265016281514,Pride,Sadness,0.023140815810347833
0.0029311265016281514,Pride,Shame,0.18823104354930711
0.0029311265016281514,Sadness,Boredom,0.015833890842970787
0.0029311265016281514,Sadness,Fear,0.3304947690011508
0.0029311265016281514,Sadness,Happiness,0.028576829929009867
0.0029311265016281514,Sadness,Joy,0.016747851709739563
0.0029311265016281514,Sadness,Pride,0.021316464512187917
0.0029311265016281514,Sadness,Sadness,0.4540846663637857
0.0029311265016281514,Sadness,Shame,0.13294552764115553
0.0029311265016281514,Shame,Boredom,0.0063274413784084335
0.0029311265016281514,Shame,Fear,0.4693794320979089
0.0029311265016281514,Shame,Happiness,0.022324870990632132
0.0029311265016281514,Shame,Joy,0.054549389622548176
0.0029311265016281514,Shame,Pride,0.03070847045146104
0.0029311265016281514,Shame,Sadness,0.2494105147019919
0.0029311265016281514,Shame,Shame,0.16729988075704944
0.003017631823920414,Boredom,Boredom,0.5180488463249335
0.003017631823920414,Boredom,Fear,0.007863463715336435
0.003017631823920414,Boredom,Happiness,0.3211450258021279
0.003017631823920414,Boredom,Joy,0.020355839504179137
0.003017631823920414,Boredom,Pride,0.06502873484913035
0.003017631823920414,Boredom,Sadness,0.015353276142033807
0.003017631823920414,Boredom,Shame,0.052204813662258764
0.003017631823920414,Fear,Boredom,0.003186124301819509
0.003017631823920414,Fear,Fear,0.5359848292824849
0.003017631823920414,Fear,Happiness,0.013478157967677824
0.003017631823920414,Fear,Joy,0.03311884697677465
0.003017631823920414,Fear,Pride,0.01999593756208955
0.003017631823920414,Fear,Sadness,0.26470604339883347
0.003017631823920414,Fear,Shame,0.12953006051032026
0.003017631823920414,Happiness,Boredom,0.19015525091520602
0.003017631823920414,Happiness,Fear,0.010594396424372638
0.003017631823920414,Happiness,Happiness,0.3135153660138032
0.003017631823920414,Happiness,Joy,0.07657115387838787
0.003017631823920414,Happiness,Pride,0.2370184752409984
0.003017631823920414,Happiness,Sadness,0.017991303899796997
0.003017631823920414,Happiness,Shame,0.15415405362743478
0.003017631823920414,Joy,Boredom,0.01076548260127795
0.003017631823920414,Joy,Fear,0.04044081561780714
0.003017631823920414,Joy,Happiness,0.12679089340740396
0.003017631823920414,Joy,Joy,0.3409629979807495
0.003017631823920414,Joy,Pride,0.2661801614462307
0.003017631823920414,Joy,Sadness,0.019623241369977538
0.003017631823920414,Joy,Shame,0.19523640757655303
0.003017631823920414,Pride,Boredom,0.016254296480463767
0.003017631823920414,Pride,Fear,0.02706916211139883
0.003017631823920414,Pride,Happiness,0.20037578700896805
0.003017631823920414,Pride,Joy,0.2827822134851747
0.003017631823920414,Pride,Pride,0.2583603678946446
0.003017631823920414,Pride,Sadness,0.021857154301994537
0.003017631823920414,Pride,Shame,0.19330101871735503
0.003017631823920414,Sadness,Boredom,0.01183856285361795
0.003017631823920414,Sadness,Fear,0.3276138675162427
0.003017631823920414,Sadness,Happiness,0.025781014859323517
0.003017631823920414,Sadness,Joy,0.01468879853763305
0.003017631823920414,Sadness,Pride,0.019213217099067103
0.003017631823920414,Sadness,Sadness,0.47723841069114914
0.003017631823920414,Sadness,Shame,0.12362612844296648
0.003017631823920414,Shame,Boredom,0.005251944893469458
0.003017631823920414,Shame,Fear,0.4899807707209951
0.003017631823920414,Shame,Happiness,0.019770085439877114
0.003017631823920414,Shame,Joy,0.054354876769095055
0.003017631823920414,Shame,Pride,0.03278884832351013
0.003017631823920414,Shame,Sadness,0.23315004186806926
0.003017631823920414,Shame,Shame,0.16470343198498402
0.0029395393331257207,Boredom,Boredom,0.5030278237479965
0.0029395393331257207,Boredom,Fear,0.010012035850314717
0.0029395393331257207,Boredom,Happiness,0.31196473637510597
0.0029395393331257207,Boredom,Joy,0.025241573167812642
0.0029395393331257207,Boredom,Pride,0.06861739142726854
0.0029395393331257207,Boredom,Sadness,0.02031219884021905
0.0029395393331257207,Boredom,Shame,0.06082424059128244
0.0029395393331257207,Fear,Boredom,0.004783309872127745
0.0029395393331257207,Fear,Fear,0.49980146242313284
0.0029395393331257207,Fear,Happiness,0.017332549974635025
0.0029395393331257207,Fear,Joy,0.03527326525656783
0.0029395393331257207,Fear,Pride,0.022874451583559934
0.0029395393331257207,Fear,Sadness,0.2773822022071347
0.0029395393331257207,Fear,Shame,0.14255275868284153
0.0029395393331257207,Happiness,Boredom,0.17557582037753564
0.0029395393331257207,Happiness,Fear,0.013686142928684043
0.0029395393331257207,Happiness,Happiness,0.30378615915113444
0.0029395393331257207,Happiness,Joy,0.08675341815175859
0.0029395393331257207,Happiness,Pride,0.2415987589245535
0.0029395393331257207,Happiness,Sadness,0.020972300773674367
0.0029395393331257207,Happiness,Shame,0.15762739969265893
0.0029395393331257207,Joy,Boredom,0.013032305301576829
0.0029395393331257207,Joy,Fear,0.04255951547850142
0.0029395393331257207,Joy,Happiness,0.14150690199456264
0.0029395393331257207,Joy,Joy,0.3275785695544019
0.0029395393331257207,Joy,Pride,0.2640904428698013
0.0029395393331257207,Joy,Sadness,0.021704378669086307
0.0029395393331257207,Joy,Shame,0.18952788613206994
0.0029395393331257207,Pride,Boredom,0.019821416911963756
0.0029395393331257207,Pride,Fear,0.02872489885509706
0.0029395393331257207,Pride,Happiness,0.20643194417645655
0.0029395393331257207,Pride,Joy,0.27711319361963666
0.0029395393331257207,Pride,Pride,0.257793832543384
0.0029395393331257207,Pride,Sadness,0.02340178687485663
0.0029395393331257207,Pride,Shame,0.18671292701860523
0.0029395393331257207,Sadness,Boredom,0.017046211816011164
0.0029395393331257207,Sadness,Fear,0.3295503118188025
0.0029395393331257207,Sadness,Happiness,0.029667638869750657
0.0029395393331257207,Sadness,Joy,0.01754062983309833
0.0029395393331257207,Sadness,Pride,0.022178465281179085
0.0029395393331257207,Sadness,Sadness,0.4471736592795435
0.0029395393331257207,Sadness,Shame,0.136843083101615
0.0029395393331257207,Shame,Boredom,0.006798850721764253
0.0029395393331257207,Shame,Fear,0.4650740092848092
0.0029395393331257207,Shame,Happiness,0.02301712944963122
0.0029395393331257207,Shame,Joy,0.055520851232213266
0.0029395393331257207,Shame,Pride,0.030576958294078204
0.0029395393331257207,Shame,Sadness,0.2509597324937065
0.0029395393331257207,Shame,Shame,0.16805246852379735
0.0031667530934040558,Boredom,Boredom,0.5167552572265274
0.0031667530934040558,Boredom,Fear,0.007920652710563747
0.0031667530934040558,Boredom,Happiness,0.3220476737415379
0.0031667530934040558,Boredom,Joy,0.01874590948044645
0.0031667530934040558,Boredom,Pride,0.06491375982181016
0.0031667530934040558,Boredom,Sadness,0.017515423707232573
0.0031667530934040558,Boredom,Shame,0.05210132331188167
0.0031667530934040558,Fear,Boredom,0.002818871716606516
0.0031667530934040558,Fear,Fear,0.5586022077525428
0.0031667530934040558,Fear,Happiness,0.011882135140767185
0.0031667530934040558,Fear,Joy,0.03129771251710962
0.0031667530934040558,Fear,Pride,0.018273939284053277
0.0031667530934040558,Fear,Sadness,0.2578456382742475
0.0031667530934040558,Fear,Shame,0.11927949531467333
0.0031667530934040558,Happiness,Boredom,0.19131807100458745
0.0031667530934040558,Happiness,Fear,0.010422942252572912
0.0031667530934040558,Happiness,Happiness,0.31614598818023393
0.0031667530934040558,Happiness,Joy,0.0715856126465759
0.0031667530934040558,Happiness,Pride,0.23748170399514973
0.0031667530934040558,Happiness,Sadness,0.01853096300074867
0.0031667530934040558,Happiness,Shame,0.15451471892013166
0.0031667530934040558,Joy,Boredom,0.010718567908457153
0.0031667530934040558,Joy,Fear,0.04088498456482919
0.0031667530934040558,Joy,Happiness,0.11513015533140039
0.0031667530934040558,Joy,Joy,0.34770889714501296
0.0031667530934040558,Joy,Pride,0.2687795486604352
0.0031667530934040558,Joy,Sadness,0.020633980409779026
0.0031667530934040558,Joy,Shame,0.1961438659800866
0.0031667530934040558,Pride,Boredom,0.015802642453298682
0.0031667530934040558,Pride,Fear,0.026988085585011878
0.0031667530934040558,Pride,Happiness,0.19355996915608675
0.0031667530934040558,Pride,Joy,0.2904143058703013
0.0031667530934040558,Pride,Pride,0.2580545436034024
0.0031667530934040558,Pride,Sadness,0.022287585210707582
0.0031667530934040558,Pride,Shame,0.19289286812119139
0.0031667530934040558,Sadness,Boredom,0.010797188053749792
0.0031667530934040558,Sadness,Fear,0.32413662795994597
0.0031667530934040558,Sadness,Happiness,0.024418526464688287
0.0031667530934040558,Sadness,Joy,0.01357759437407415
0.0031667530934040558,Sadness,Pride,0.0179720717896023
0.0031667530934040558,Sadness,Sadness,0.49302017001737475
0.0031667530934040558,Sadness,Shame,0.11607782134056466
0.0031667530934040558,Shame,Boredom,0.004892308312321344
0.0031667530934040558,Shame,Fear,0.511895586464867
0.0031667530934040558,Shame,Happiness,0.01784051593994207
0.0031667530934040558,Shame,Joy,0.05178994246186505
0.0031667530934040558,Shame,Pride,0.029597995094522805
0.0031667530934040558,Shame,Sadness,0.22831965285216912
0.0031667530934040558,Shame,Shame,0.1556639988743131
0.003020755999636026,Boredom,Boredom,0.5138958514517115
0.003020755999636026,Boredom,Fear,0.008601890750609307
0.003020755999636026,Boredom,Happiness,0.31822258553065264
0.003020755999636026,Boredom,Joy,0.021617241405360234
0.003020755999636026,Boredom,Pride,0.06644028326969427
0.003020755999636026,Boredom,Sadness,0.01730399689424661
0.003020755999636026,Boredom,Shame,0.05391815069772573
0.003020755999636026,Fear,Boredom,0.0035673984105638037
0.003020755999636026,Fear,Fear,0.5238710205262511
0.003020755999636026,Fear,Happiness,0.014725719926371032
0.003020755999636026,Fear,Joy,0.033766591349415113
0.003020755999636026,Fear,Pride,0.0209311441764093
0.003020755999636026,Fear,Sadness,0.2690818823354298
0.003020755999636026,Fear,Shame,0.1340562432755599
0.003020755999636026,Happiness,Boredom,0.1816992674287648
0.003020755999636026,Happiness,Fear,0.012243107941508308
0.003020755999636026,Happiness,Happiness,0.31190147224981746
0.003020755999636026,Happiness,Joy,0.08026451499418959
0.003020755999636026,Happiness,Pride,0.23991474755643502
0.003020755999636026,Happiness,Sadness,0.01978467771391596
0.003020755999636026,Happiness,Shame,0.15419221211536904
0.003020755999636026,Joy,Boredom,0.011428483588114442
0.003020755999636026,Joy,Fear,0.04152857498866894
0.003020755999636026,Joy,Happiness,0.1309116385207179
0.003020755999636026,Joy,Joy,0.3371005729139469
0.003020755999636026,Joy,Pride,0.26577006590750296
0.003020755999636026,Joy,Sadness,0.020880133150393578
0.003020755999636026,Joy,Shame,0.1923805309306554
0.003020755999636026,Pride,Boredom,0.017114485762076654
0.003020755999636026,Pride,Fear,0.028002509711946334
0.003020755999636026,Pride,Happiness,0.20251052645762546
0.003020755999636026,Pride,Joy,0.28182586216507455
0.003020755999636026,Pride,Pride,0.25820962398009206
0.003020755999636026,Pride,Sadness,0.022762606067050443
0.003020755999636026,Pride,Shame,0.18957438585613456
0.003020755999636026,Sadness,Boredom,0.01307797885344748
0.003020755999636026,Sadness,Fear,0.3278184947433824
0.003020755999636026,Sadness,Happiness,0.027034776610626518
0.003020755999636026,Sadness,Joy,0.015668285653031706
0.003020755999636026,Sadness,Pride,0.020168756500610004
0.003020755999636026,Sadness,Sadness,0.46775813551024736
0.003020755999636026,Sadness,Shame,0.1284735721286542
0.003020755999636026,Shame,Boredom,0.005565494560616601
0.003020755999636026,Shame,Fear,0.4834735411133514
0.003020755999636026,Shame,Happiness,0.020625294807549516
0.003020755999636026,Shame,Joy,0.05431864040835013
0.003020755999636026,Shame,Pride,0.03059937190369899
0.003020755999636026,Shame,Sadness,0.24065950346364012
0.003020755999636026,Shame,Shame,0.1647581537427932
0.003238362573523409,Boredom,Boredom,0.4852510271701931
0.003238362573523409,Boredom,Fear,0.008348385584611423
0.003238362573523409,Boredom,Happiness,0.32751562105319504
0.003238362573523409,Boredom,Joy,0.01984376876548465
0.003238362573523409,Boredom,Pride,0.0727248465413663
0.003238362573523409,Boredom,Sadness,0.02069363335132124
0.003238362573523409,Boredom,Shame,0.06562271753382798
0.003238362573523409,Fear,Boredom,0.003530281699072051
0.003238362573523409,Fear,Fear,0.4630562775524992
0.003238362573523409,Fear,Happiness,0.010684112742462056
0.003238362573523409,Fear,Joy,0.03838248635269875
0.003238362573523409,Fear,Pride,0.0257299630336292
0.003238362573523409,Fear,Sadness,0.29090486045514113
0.003238362573523409,Fear,Shame,0.16771201816449774
0.003238362573523409,Happiness,Boredom,0.156570944314367
0.003238362573523409,Happiness,Fear,0.008014728297965594
0.003238362573523409,Happiness,Happiness,0.3029994320170578
0.003238362573523409,Happiness,Joy,0.06429661056579469
0.003238362573523409,Happiness,Pride,0.2476951536402227
0.003238362573523409,Happiness,Sadness,0.01660394136519174
0.003238362573523409,Happiness,Shame,0.20381918979940075
0.003238362573523409,Joy,Boredom,0.007975960341211431
0.003238362573523409,Joy,Fear,0.03672641765347641
0.003238362573523409,Joy,Happiness,0.0775511766831696
0.003238362573523409,Joy,Joy,0.330485777841648
0.003238362573523409,Joy,Pride,0.2821150828366398
0.003238362573523409,Joy,Sadness,0.01914818374454957
0.003238362573523409,Joy,Shame,0.24599740089930577
0.003238362573523409,Pride,Boredom,0.011446849719317764
0.003238362573523409,Pride,Fear,0.023421415922769456
0.003238362573523409,Pride,Happiness,0.12466475315878099
0.003238362573523409,Pride,Joy,0.3016892791293492
0.003238362573523409,Pride,Pride,0.2722371460707864
0.003238362573523409,Pride,Sadness,0.02215312319685429
0.003238362573523409,Pride,Shame,0.2443874328021421
0.003238362573523409,Sadness,Boredom,0.009020503683559509
0.003238362573523409,Sadness,Fear,0.22254140623904192
0.003238362573523409,Sadness,Happiness,0.02207831627827233
0.003238362573523409,Sadness,Joy,0.015642589199703412
0.003238362573523409,Sadness,Pride,0.022406686799302186
0.003238362573523409,Sadness,Sadness,0.552534389769809
0.003238362573523409,Sadness,Shame,0.15577610803031156
0.003238362573523409,Shame,Boredom,0.0057751273501743935
0.003238362573523409,Shame,Fear,0.41572029713167996
0.003238362573523409,Shame,Happiness,0.015794715510411863
0.003238362573523409,Shame,Joy,0.0606265459187838
0.003238362573523409,Shame,Pride,0.043130881801266105
0.003238362573523409,Shame,Sadness,0.24382041879658065
0.003238362573523409,Shame,Shame,0.21513201349110336
0.0032221679512620697,Boredom,Boredom,0.514236156574598
0.0032221679512620697,Boredom,Fear,0.008417249099990962
0.0032221679512620697,Boredom,Happiness,0.32243447839759243
0.0032221679512620697,Boredom,Joy,0.019108491867577942
0.0032221679512620697,Boredom,Pride,0.06637322305834051
0.0032221679512620697,Boredom,Sadness,0.017608438557645135
0.0032221679512620697,Boredom,Shame,0.05182196244425546
0.0032221679512620697,Fear,Boredom,0.0031378975148942693
0.0032221679512620697,Fear,Fear,0.5442096437539059
0.0032221679512620697,Fear,Happiness,0.012625322930339597
0.0032221679512620697,Fear,Joy,0.03302848086744072
0.0032221679512620697,Fear,Pride,0.019705200595070367
0.0032221679512620697,Fear,Sadness,0.260519289023033
0.0032221679512620697,Fear,Shame,0.12677416531531635
0.0032221679512620697,Happiness,Boredom,0.2127830851814733
0.0032221679512620697,Happiness,Fear,0.010553187410409268
0.0032221679512620697,Happiness,Happiness,0.3118080957867941
0.0032221679512620697,Happiness,Joy,0.06930361031806682
0.0032221679512620697,Happiness,Pride,0.23279965514194711
0.0032221679512620697,Happiness,Sadness,0.017706301731907348
0.0032221679512620697,Happiness,Shame,0.145046064429402
0.0032221679512620697,Joy,Boredom,0.011074920089569071
0.0032221679512620697,Joy,Fear,0.04204337507853809
0.0032221679512620697,Joy,Happiness,0.11358149815811104
0.0032221679512620697,Joy,Joy,0.3460040575994572
0.0032221679512620697,Joy,Pride,0.26900466066406287
0.0032221679512620697,Joy,Sadness,0.021715448330639615
0.0032221679512620697,Joy,Shame,0.19657604007962173
0.0032221679512620697,Pride,Boredom,0.01596539065069441
0.0032221679512620697,Pride,Fear,0.027999475658478927
0.0032221679512620697,Pride,Happiness,0.1914619732158099
0.0032221679512620697,Pride,Joy,0.29278953966204324
0.0032221679512620697,Pride,Pride,0.25786228990570453
0.0032221679512620697,Pride,Sadness,0.02295858224000552
0.0032221679512620697,Pride,Shame,0.19096274866726387
0.0032221679512620697,Sadness,Boredom,0.011127348351255818
0.0032221679512620697,Sadness,Fear,0.3208426629443763
0.0032221679512620697,Sadness,Happiness,0.02470179570986761
0.0032221679512620697,Sadness,Joy,0.014172615471303902
0.0032221679512620697,Sadness,Pride,0.018546498671733646
0.0032221679512620697,Sadness,Sadness,0.49151928358584795
0.0032221679512620697,Sadness,Shame,0.11908979526561476
0.0032221679512620697,Shame,Boredom,0.005106196281563623
0.0032221679512620697,Shame,Fear,0.5013071430406715
0.0032221679512620697,Shame,Happiness,0.018123568155943067
0.0032221679512620697,Shame,Joy,0.05305186656567334
0.0032221679512620697,Shame,Pride,0.030285963043261543
0.0032221679512620697,Shame,Sadness,0.2323410614552662
0.0032221679512620697,Shame,Shame,0.15978420145762065
0.0031735639722877103,Boredom,Boredom,0.5759473974829452
0.0031735639722877103,Boredom,Fear,0.002771460994602149
0.0031735639722877103,Boredom,Happiness,0.32999312418331256
0.0031735639722877103,Boredom,Joy,0.008654848531641812
0.0031735639722877103,Boredom,Pride,0.045061732194291854
0.0031735639722877103,Boredom,Sadness,0.008813049701837421
0.0031735639722877103,Boredom,Shame,0.02875838691136885
0.0031735639722877103,Fear,Boredom,0.0011031705910683677
0.0031735639722877103,Fear,Fear,0.7288632774202299
0.0031735639722877103,Fear,Happiness,0.003451297514692201
0.0031735639722877103,Fear,Joy,0.017408107191488307
0.0031735639722877103,Fear,Pride,0.009776431511887108
0.0031735639722877103,Fear,Sadness,0.16833975017699768
0.0031735639722877103,Fear,Shame,0.07105796559363652
0.0031735639722877103,Happiness,Boredom,0.19915366454814099
0.0031735639722877103,Happiness,Fear,0.0061157562634766615
0.0031735639722877103,Happiness,Happiness,0.36932415198150437
0.0031735639722877103,Happiness,Joy,0.054924169996223945
0.0031735639722877103,Happiness,Pride,0.22654789806930134
0.0031735639722877103,Happiness,Sadness,0.01259904067252317
0.0031735639722877103,Happiness,Shame,0.13133531846882962
0.0031735639722877103,Joy,Boredom,0.00774677734086673
0.0031735639722877103,Joy,Fear,0.03504615684325483
0.0031735639722877103,Joy,Happiness,0.07834217847346063
0.0031735639722877103,Joy,Joy,0.3851152746457218
0.0031735639722877103,Joy,Pride,0.2796336958792571
0.0031735639722877103,Joy,Sadness,0.012973432555017463
0.0031735639722877103,Joy,Shame,0.20114248426242112
0.0031735639722877103,Pride,Boredom,0.012377885312517468
0.0031735639722877103,Pride,Fear,0.020731337795670563
0.0031735639722877103,Pride,Happiness,0.16501019479870202
0.0031735639722877103,Pride,Joy,0.32093408748246083
0.0031735639722877103,Pride,Pride,0.2622089472971193
0.0031735639722877103,Pride,Sadness,0.01670284356716204
0.0031735639722877103,Pride,Shame,0.2020347037463677
0.0031735639722877103,Sadness,Boredom,0.007804858993583116
0.0031735639722877103,Sadness,Fear,0.28600538606235243
0.0031735639722877103,Sadness,Happiness,0.014472183435514754
0.0031735639722877103,Sadness,Joy,0.00678546249171827
0.0031735639722877103,Sadness,Pride,0.010698062257440417
0.0031735639722877103,Sadness,Sadness,0.6003999101707247
0.0031735639722877103,Sadness,Shame,0.07383413658866632
0.0031735639722877103,Shame,Boredom,0.002824000538652586
0.0031735639722877103,Shame,Fear,0.6577825601724997
0.0031735639722877103,Shame,Happiness,0.0074834674153539905
0.0031735639722877103,Shame,Joy,0.034724355417404124
0.0031735639722877103,Shame,Pride,0.023038469156303285
0.0031735639722877103,Shame,Sadness,0.14686371013544688
0.0031735639722877103,Shame,Shame,0.12728343716433946
0.002844076428372344,Boredom,Boredom,0.45822842570665506
0.002844076428372344,Boredom,Fear,0.013895169826213251
0.002844076428372344,Boredom,Happiness,0.29479351983196295
0.002844076428372344,Boredom,Joy,0.03687308365783441
0.002844076428372344,Boredom,Pride,0.07814560473741891
0.002844076428372344,Boredom,Sadness,0.024947492369087335
0.002844076428372344,Boredom,Shame,0.09311670387082802
0.002844076428372344,Fear,Boredom,0.006879667232290898
0.002844076428372344,Fear,Fear,0.3991766007099452
0.002844076428372344,Fear,Happiness,0.02112074053869368
0.002844076428372344,Fear,Joy,0.04334133783465501
0.002844076428372344,Fear,Pride,0.030819649473848857
0.002844076428372344,Fear,Sadness,0.31240391693807634
0.002844076428372344,Fear,Shame,0.18625808727249002
0.002844076428372344,Happiness,Boredom,0.14650611307310243
0.002844076428372344,Happiness,Fear,0.01333150897452339
0.002844076428372344,Happiness,Happiness,0.2700343325539496
0.002844076428372344,Happiness,Joy,0.1027978147292671
0.002844076428372344,Happiness,Pride,0.24723527245712462
0.002844076428372344,Happiness,Sadness,0.02163941950302831
0.002844076428372344,Happiness,Shame,0.19845553870900462
0.002844076428372344,Joy,Boredom,0.01200272378829818
0.002844076428372344,Joy,Fear,0.042998113876778474
0.002844076428372344,Joy,Happiness,0.12084699257354588
0.002844076428372344,Joy,Joy,0.31565433193946707
0.002844076428372344,Joy,Pride,0.26864009813858303
0.002844076428372344,Joy,Sadness,0.022640328844454438
0.002844076428372344,Joy,Shame,0.21721741083887278
0.002844076428372344,Pride,Boredom,0.017440933535111013
0.002844076428372344,Pride,Fear,0.028285146430790244
0.002844076428372344,Pride,Happiness,0.168369028651879
0.002844076428372344,Pride,Joy,0.2859855454876037
0.002844076428372344,Pride,Pride,0.26268450009025296
0.002844076428372344,Pride,Sadness,0.02389471912379502
0.002844076428372344,Pride,Shame,0.21334012668056757
0.002844076428372344,Sadness,Boredom,0.01890750601831834
0.002844076428372344,Sadness,Fear,0.2635310991519444
0.002844076428372344,Sadness,Happiness,0.03282530363434018
0.002844076428372344,Sadness,Joy,0.023997978218124667
0.002844076428372344,Sadness,Pride,0.029577289513342774
0.002844076428372344,Sadness,Sadness,0.4524952406207195
0.002844076428372344,Sadness,Shame,0.17866558284320977
0.002844076428372344,Shame,Boredom,0.008712040649021218
0.002844076428372344,Shame,Fear,0.37211804909254076
0.002844076428372344,Shame,Happiness,0.025955442766835875
0.002844076428372344,Shame,Joy,0.06620044768012857
0.002844076428372344,Shame,Pride,0.038219959620705624
0.002844076428372344,Shame,Sadness,0.2800728254520547
0.002844076428372344,Shame,Shame,0.20872123473871346
0.003123817320073965,Boredom,Boredom,0.519782922639964
0.003123817320073965,Boredom,Fear,0.007713174943546725
0.003123817320073965,Boredom,Happiness,0.3222026564453776
0.003123817320073965,Boredom,Joy,0.018838721407198732
0.003123817320073965,Boredom,Pride,0.06431055996997648
0.003123817320073965,Boredom,Sadness,0.016535175822314736
0.003123817320073965,Boredom,Shame,0.05061678877162141
0.003123817320073965,Fear,Boredom,0.0029363367426748993
0.003123817320073965,Fear,Fear,0.5480926140289806
0.003123817320073965,Fear,Happiness,0.012252347682057699
0.003123817320073965,Fear,Joy,0.03216855130210497
0.003123817320073965,Fear,Pride,0.01912019032252085
0.003123817320073965,Fear,Sadness,0.2608489419630057
0.003123817320073965,Fear,Shame,0.12458101795865546
0.003123817320073965,Happiness,Boredom,0.1800770141477445
0.003123817320073965,Happiness,Fear,0.011194720412976512
0.003123817320073965,Happiness,Happiness,0.319952804142081
0.003123817320073965,Happiness,Joy,0.07493982083141595
0.003123817320073965,Happiness,Pride,0.24011285420170814
0.003123817320073965,Happiness,Sadness,0.019163591039833474
0.003123817320073965,Happiness,Shame,0.1545591952242403
0.003123817320073965,Joy,Boredom,0.010651517711239964
0.003123817320073965,Joy,Fear,0.040567095319594515
0.003123817320073965,Joy,Happiness,0.11908652090579416
0.003123817320073965,Joy,Joy,0.3462966179161623
0.003123817320073965,Joy,Pride,0.2675654881297595
0.003123817320073965,Joy,Sadness,0.02020904225246205
0.003123817320073965,Joy,Shame,0.19562371776498746
0.003123817320073965,Pride,Boredom,0.01588019425568133
0.003123817320073965,Pride,Fear,0.027033169952443165
0.003123817320073965,Pride,Happiness,0.1963936226070728
0.003123817320073965,Pride,Joy,0.2878055731930357
0.003123817320073965,Pride,Pride,0.2581660230129863
0.003123817320073965,Pride,Sadness,0.02213898382238308
0.003123817320073965,Pride,Shame,0.1925824331563977
0.003123817320073965,Sadness,Boredom,0.010759067534398795
0.003123817320073965,Sadness,Fear,0.3249724112957832
0.003123817320073965,Sadness,Happiness,0.02470225662764425
0.003123817320073965,Sadness,Joy,0.013975366185463172
0.003123817320073965,Sadness,Pride,0.01847587807214776
0.003123817320073965,Sadness,Sadness,0.4875335560887917
0.003123817320073965,Sadness,Shame,0.11958146419577087
0.003123817320073965,Shame,Boredom,0.004960068928313182
0.003123817320073965,Shame,Fear,0.5016414218375469
0.003123817320073965,Shame,Happiness,0.018199927012361186
0.003123817320073965,Shame,Joy,0.052817682967793406
0.003123817320073965,Shame,Pride,0.031399616413088305
0.003123817320073965,Shame,Sadness,0.23053560304539802
0.003123817320073965,Shame,Shame,0.160445679795499
0.003193140930522589,Boredom,Boredom,0.46131648700642547
0.003193140930522589,Boredom,Fear,0.009850214595729734
0.003193140930522589,Boredom,Happiness,0.32232242727191124
0.003193140930522589,Boredom,Joy,0.02482889267677786
0.003193140930522589,Boredom,Pride,0.07958489274672562
0.003193140930522589,Boredom,Sadness,0.024561695358297407
0.003193140930522589,Boredom,Shame,0.07753539034413306
0.003193140930522589,Fear,Boredom,0.0047113125320567655
0.003193140930522589,Fear,Fear,0.4112808544256357
0.003193140930522589,Fear,Happiness,0.013041856764666838
0.003193140930522589,Fear,Joy,0.044010041260058225
0.003193140930522589,Fear,Pride,0.03043139249550545
0.003193140930522589,Fear,Sadness,0.30270775848308434
0.003193140930522589,Fear,Shame,0.19381678403899286
0.003193140930522589,Happiness,Boredom,0.16078718507295534
0.003193140930522589,Happiness,Fear,0.007220455272383667
0.003193140930522589,Happiness,Happiness,0.28398701044377606
0.003193140930522589,Happiness,Joy,0.07308264481868884
0.003193140930522589,Happiness,Pride,0.24240205632349274
0.003193140930522589,Happiness,Sadness,0.016050873523275937
0.003193140930522589,Happiness,Shame,0.21646977454542757
0.003193140930522589,Joy,Boredom,0.00758533828932414
0.003193140930522589,Joy,Fear,0.035850043757888736
0.003193140930522589,Joy,Happiness,0.07753270093620211
0.003193140930522589,Joy,Joy,0.3191722385905818
0.003193140930522589,Joy,Pride,0.28280804714776514
0.003193140930522589,Joy,Sadness,0.0196230384467317
0.003193140930522589,Joy,Shame,0.25742859283150615
0.003193140930522589,Pride,Boredom,0.011036237897107596
0.003193140930522589,Pride,Fear,0.022836264720766962
0.003193140930522589,Pride,Happiness,0.11705590811161952
0.003193140930522589,Pride,Joy,0.29658411725178113
0.003193140930522589,Pride,Pride,0.2738457944739566
0.003193140930522589,Pride,Sadness,0.022544811459052662
0.003193140930522589,Pride,Shame,0.25609686608571514
0.003193140930522589,Sadness,Boredom,0.011559087185299908
0.003193140930522589,Sadness,Fear,0.16440086364123602
0.003193140930522589,Sadness,Happiness,0.02479996560044966
0.003193140930522589,Sadness,Joy,0.02126477350858318
0.003193140930522589,Sadness,Pride,0.028278103890496526
0.003193140930522589,Sadness,Sadness,0.5653084102983238
0.003193140930522589,Sadness,Shame,0.18438879587561108
0.003193140930522589,Shame,Boredom,0.00705354849000657
0.003193140930522589,Shame,Fear,0.3740495312350376
0.003193140930522589,Shame,Happiness,0.017896307409269528
0.003193140930522589,Shame,Joy,0.0666628281745173
0.003193140930522589,Shame,Pride,0.0432682009045267
0.003193140930522589,Shame,Sadness,0.2550508735281574
0.003193140930522589,Shame,Shame,0.2360187102584851
0.003216024310474462,Boredom,Boredom,0.5006587828232633
0.003216024310474462,Boredom,Fear,0.008144775452791912
0.003216024310474462,Boredom,Happiness,0.3274103231277379
0.003216024310474462,Boredom,Joy,0.01914029782946373
0.003216024310474462,Boredom,Pride,0.06831582070635317
0.003216024310474462,Boredom,Sadness,0.019064383970150558
0.003216024310474462,Boredom,Shame,0.05726561609023929
0.003216024310474462,Fear,Boredom,0.003153664493202468
0.003216024310474462,Fear,Fear,0.5211895861902169
0.003216024310474462,Fear,Happiness,0.011417491255112785
0.003216024310474462,Fear,Joy,0.03447432812584374
0.003216024310474462,Fear,Pride,0.021479621354290265
0.003216024310474462,Fear,Sadness,0.26652594807341323
0.003216024310474462,Fear,Shame,0.1417593605079206
0.003216024310474462,Happiness,Boredom,0.17382576783433232
0.003216024310474462,Happiness,Fear,0.010171462836842747
0.003216024310474462,Happiness,Happiness,0.3153536931073379
0.003216024310474462,Happiness,Joy,0.07026296480654767
0.003216024310474462,Happiness,Pride,0.24270463588876195
0.003216024310474462,Happiness,Sadness,0.018630906339000407
0.003216024310474462,Happiness,Shame,0.16905056918717712
0.003216024310474462,Joy,Boredom,0.009491277315733057
0.003216024310474462,Joy,Fear,0.039685866140416165
0.003216024310474462,Joy,Happiness,0.0937981471807033
0.003216024310474462,Joy,Joy,0.34308176612474517
0.003216024310474462,Joy,Pride,0.2757981229008202
0.003216024310474462,Joy,Sadness,0.020688823527120488
0.003216024310474462,Joy,Shame,0.2174559968104619
0.003216024310474462,Pride,Boredom,0.013547281950592526
0.003216024310474462,Pride,Fear,0.02567820004198672
0.003216024310474462,Pride,Happiness,0.15974399533154895
0.003216024310474462,Pride,Joy,0.30306454711806535
0.003216024310474462,Pride,Pride,0.26294448384867997
0.003216024310474462,Pride,Sadness,0.022535995681293778
0.003216024310474462,Pride,Shame,0.21248549602783226
0.003216024310474462,Sadness,Boredom,0.009422129793396945
0.003216024310474462,Sadness,Fear,0.26195292111905827
0.003216024310474462,Sadness,Happiness,0.022850120792459738
0.003216024310474462,Sadness,Joy,0.014559783715958343
0.003216024310474462,Sadness,Pride,0.019330549984192393
0.003216024310474462,Sadness,Sadness,0.5401573054018662
0.003216024310474462,Sadness,Shame,0.13172718919306847
0.003216024310474462,Shame,Boredom,0.005285954962876009
0.003216024310474462,Shame,Fear,0.4751716217919436
0.003216024310474462,Shame,Happiness,0.016723110990562107
0.003216024310474462,Shame,Joy,0.055422636522161395
0.003216024310474462,Shame,Pride,0.03343583533038533
0.003216024310474462,Shame,Sadness,0.23244993541160971
0.003216024310474462,Shame,Shame,0.18151090499046174
0.0029836061248150136,Boredom,Boredom,0.4678155673314699
0.0029836061248150136,Boredom,Fear,0.01243792724832637
0.0029836061248150136,Boredom,Happiness,0.3015177158763357
0.0029836061248150136,Boredom,Joy,0.033381320709515466
0.0029836061248150136,Boredom,Pride,0.07637376447656383
0.0029836061248150136,Boredom,Sadness,0.027354227076860502
0.0029836061248150136,Boredom,Shame,0.08111947728092812
0.0029836061248150136,Fear,Boredom,0.0059372235508745735
0.0029836061248150136,Fear,Fear,0.4107000987055818
0.0029836061248150136,Fear,Happiness,0.01963800867887764
0.0029836061248150136,Fear,Joy,0.044468504706408736
0.0029836061248150136,Fear,Pride,0.02996820439225464
0.0029836061248150136,Fear,Sadness,0.30818655071191586
0.0029836061248150136,Fear,Shame,0.1811014092540865
0.0029836061248150136,Happiness,Boredom,0.1520878078377516
0.0029836061248150136,Happiness,Fear,0.01241131160588266
0.0029836061248150136,Happiness,Happiness,0.2759746752990956
0.0029836061248150136,Happiness,Joy,0.09709690009813196
0.0029836061248150136,Happiness,Pride,0.24554492672108538
0.0029836061248150136,Happiness,Sadness,0.02082704423481098
0.0029836061248150136,Happiness,Shame,0.19605733420324237
0.0029836061248150136,Joy,Boredom,0.011056750395335506
0.0029836061248150136,Joy,Fear,0.04037272176299011
0.0029836061248150136,Joy,Happiness,0.11364768993653217
0.0029836061248150136,Joy,Joy,0.3209995794890122
0.0029836061248150136,Joy,Pride,0.27047006467396706
0.0029836061248150136,Joy,Sadness,0.02258506045101659
0.0029836061248150136,Joy,Shame,0.22086813329114643
0.0029836061248150136,Pride,Boredom,0.015912007580014098
0.0029836061248150136,Pride,Fear,0.02651452773070968
0.0029836061248150136,Pride,Happiness,0.16383350282547066
0.0029836061248150136,Pride,Joy,0.2912697103843909
0.0029836061248150136,Pride,Pride,0.2626601388932356
0.0029836061248150136,Pride,Sadness,0.0236448829971245
0.0029836061248150136,Pride,Shame,0.21616522958905465
0.0029836061248150136,Sadness,Boredom,0.016568793519694355
0.0029836061248150136,Sadness,Fear,0.2582063492779684
0.0029836061248150136,Sadness,Happiness,0.03142861316360076
0.0029836061248150136,Sadness,Joy,0.023033532423872995
0.0029836061248150136,Sadness,Pride,0.028375401192692273
0.0029836061248150136,Sadness,Sadness,0.46908321061628566
0.0029836061248150136,Sadness,Shame,0.17330409980588551
0.0029836061248150136,Shame,Boredom,0.008011732372896395
0.0029836061248150136,Shame,Fear,0.38179300257382714
0.0029836061248150136,Shame,Happiness,0.02486030068883861
0.0029836061248150136,Shame,Joy,0.06691945542314708
0.0029836061248150136,Shame,Pride,0.03831513357592983
0.0029836061248150136,Shame,Sadness,0.2732264764982638
0.0029836061248150136,Shame,Shame,0.20687389886709714
0.003132435483756464,Boredom,Boredom,0.505511813863326
0.003132435483756464,Boredom,Fear,0.007763122934943029
0.003132435483756464,Boredom,Happiness,0.32689567555978233
0.003132435483756464,Boredom,Joy,0.01851620600537477
0.003132435483756464,Boredom,Pride,0.06643187815795572
0.003132435483756464,Boredom,Sadness,0.019240951325990463
0.003132435483756464,Boredom,Shame,0.055640352152627595
0.003132435483756464,Fear,Boredom,0.0031167125932520284
0.003132435483756464,Fear,Fear,0.5168160108131514
0.003132435483756464,Fear,Happiness,0.011154243314531614
0.003132435483756464,Fear,Joy,0.034664584743393435
0.003132435483756464,Fear,Pride,0.02164271489776599
0.003132435483756464,Fear,Sadness,0.2685646729984287
0.003132435483756464,Fear,Shame,0.14404106063947691
0.003132435483756464,Happiness,Boredom,0.1836210150736996
0.003132435483756464,Happiness,Fear,0.009101157696535021
0.003132435483756464,Happiness,Happiness,0.3148707295020903
0.003132435483756464,Happiness,Joy,0.06823704531761589
0.003132435483756464,Happiness,Pride,0.23971759031406378
0.003132435483756464,Happiness,Sadness,0.016990928531031527
0.003132435483756464,Happiness,Shame,0.1674615335649635
0.003132435483756464,Joy,Boredom,0.009190310871531378
0.003132435483756464,Joy,Fear,0.03892135652235189
0.003132435483756464,Joy,Happiness,0.09428232526836959
0.003132435483756464,Joy,Joy,0.3438088786146433
0.003132435483756464,Joy,Pride,0.276006170919915
0.003132435483756464,Joy,Sadness,0.01998225813243999
0.003132435483756464,Joy,Shame,0.2178086996707488
0.003132435483756464,Pride,Boredom,0.013430725834795957
0.003132435483756464,Pride,Fear,0.025151566044754114
0.003132435483756464,Pride,Happiness,0.16156682075456558
0.003132435483756464,Pride,Joy,0.30068273225588055
0.003132435483756464,Pride,Pride,0.2639349747388266
0.003132435483756464,Pride,Sadness,0.02195726396343782
0.003132435483756464,Pride,Shame,0.21327591640773966
0.003132435483756464,Sadness,Boredom,0.009577369964982096
0.003132435483756464,Sadness,Fear,0.26364228579897997
0.003132435483756464,Sadness,Happiness,0.022652402483403687
0.003132435483756464,Sadness,Joy,0.014359557579756793
0.003132435483756464,Sadness,Pride,0.019369846917602487
0.003132435483756464,Sadness,Sadness,0.5372711490961285
0.003132435483756464,Sadness,Shame,0.13312738815914607
0.003132435483756464,Shame,Boredom,0.0052599496840024206
0.003132435483756464,Shame,Fear,0.4700347024249798
0.003132435483756464,Shame,Happiness,0.016494736086141402
0.003132435483756464,Shame,Joy,0.05607233898353128
0.003132435483756464,Shame,Pride,0.03419900605785085
0.003132435483756464,Shame,Sadness,0.23281338513218533
0.003132435483756464,Shame,Shame,0.1851258816313087
0.003061616504877148,Boredom,Boredom,0.4987172708700242
0.003061616504877148,Boredom,Fear,0.008956486342359137
0.003061616504877148,Boredom,Happiness,0.32177495585673677
0.003061616504877148,Boredom,Joy,0.021160576115024123
0.003061616504877148,Boredom,Pride,0.06756181554453765
0.003061616504877148,Boredom,Sadness,0.02242552433925089
0.003061616504877148,Boredom,Shame,0.05940337093206716
0.003061616504877148,Fear,Boredom,0.0037119521653364443
0.003061616504877148,Fear,Fear,0.4938360814517821
0.003061616504877148,Fear,Happiness,0.013802600683587607
0.003061616504877148,Fear,Joy,0.0362766333156286
0.003061616504877148,Fear,Pride,0.02345082128420558
0.003061616504877148,Fear,Sadness,0.2762280544265393
0.003061616504877148,Fear,Shame,0.15269385667292026
0.003061616504877148,Happiness,Boredom,0.17458717515458907
0.003061616504877148,Happiness,Fear,0.010762122972933722
0.003061616504877148,Happiness,Happiness,0.30764411583206147
0.003061616504877148,Happiness,Joy,0.07587407122274023
0.003061616504877148,Happiness,Pride,0.24107446988685585
0.003061616504877148,Happiness,Sadness,0.018822486503381804
0.003061616504877148,Happiness,Shame,0.17123555842743776
0.003061616504877148,Joy,Boredom,0.009950958475419427
0.003061616504877148,Joy,Fear,0.04002974745686414
0.003061616504877148,Joy,Happiness,0.10454431264521989
0.003061616504877148,Joy,Joy,0.33814026422624355
0.003061616504877148,Joy,Pride,0.2732022817413283
0.003061616504877148,Joy,Sadness,0.020977841498441844
0.003061616504877148,Joy,Shame,0.2131545939564829
0.003061616504877148,Pride,Boredom,0.014263525773895485
0.003061616504877148,Pride,Fear,0.026119215442636196
0.003061616504877148,Pride,Happiness,0.17098990342563797
0.003061616504877148,Pride,Joy,0.295563182545994
0.003061616504877148,Pride,Pride,0.2622409938743509
0.003061616504877148,Pride,Sadness,0.022552566089608147
0.003061616504877148,Pride,Shame,0.2082706128478772
0.003061616504877148,Sadness,Boredom,0.011342365810428627
0.003061616504877148,Sadness,Fear,0.27186869253601975
0.003061616504877148,Sadness,Happiness,0.025757812894626315
0.003061616504877148,Sadness,Joy,0.016676538691722136
0.003061616504877148,Sadness,Pride,0.021704390881610733
0.003061616504877148,Sadness,Sadness,0.5090418076422485
0.003061616504877148,Sadness,Shame,0.14360839154334404
0.003061616504877148,Shame,Boredom,0.005812305532042521
0.003061616504877148,Shame,Fear,0.4542797785243457
0.003061616504877148,Shame,Happiness,0.019151121022008877
0.003061616504877148,Shame,Joy,0.05745450432824438
0.003061616504877148,Shame,Pride,0.032443418527608556
0.003061616504877148,Shame,Sadness,0.24357054050625931
0.003061616504877148,Shame,Shame,0.18728833155949076
0.0030856131406251904,Boredom,Boredom,0.4752615501002886
0.0030856131406251904,Boredom,Fear,0.010910318240692104
0.0030856131406251904,Boredom,Happiness,0.31074518921969196
0.0030856131406251904,Boredom,Joy,0.02912011195338108
0.0030856131406251904,Boredom,Pride,0.0765483707962593
0.0030856131406251904,Boredom,Sadness,0.02516997512746318
0.0030856131406251904,Boredom,Shame,0.0722444845622241
0.0030856131406251904,Fear,Boredom,0.004966680464428237
0.0030856131406251904,Fear,Fear,0.4256572089740801
0.0030856131406251904,Fear,Happiness,0.01726487277866709
0.0030856131406251904,Fear,Joy,0.04366582648092701
0.0030856131406251904,Fear,Pride,0.028617404880657654
0.0030856131406251904,Fear,Sadness,0.3030788870818935
0.0030856131406251904,Fear,Shame,0.17674911933934653
0.0030856131406251904,Happiness,Boredom,0.16454442349931983
0.0030856131406251904,Happiness,Fear,0.010626772248673533
0.0030856131406251904,Happiness,Happiness,0.28165336417278997
0.0030856131406251904,Happiness,Joy,0.08752658913502162
0.0030856131406251904,Happiness,Pride,0.24261488689022315
0.0030856131406251904,Happiness,Sadness,0.019044941381463103
0.0030856131406251904,Happiness,Shame,0.1939890226725085
0.0030856131406251904,Joy,Boredom,0.009900695684901255
0.0030856131406251904,Joy,Fear,0.03939529382243403
0.0030856131406251904,Joy,Happiness,0.1043358792032769
0.0030856131406251904,Joy,Joy,0.32486350746684706
0.0030856131406251904,Joy,Pride,0.27311984184536253
0.0030856131406251904,Joy,Sadness,0.021928424193220095
0.0030856131406251904,Joy,Shame,0.2264563577839581
0.0030856131406251904,Pride,Boredom,0.014026549252307754
0.0030856131406251904,Pride,Fear,0.025718924397114644
0.0030856131406251904,Pride,Happiness,0.15656100584720462
0.0030856131406251904,Pride,Joy,0.29437640088817285
0.0030856131406251904,Pride,Pride,0.2641756270356649
0.0030856131406251904,Pride,Sadness,0.023286005678734373
0.0030856131406251904,Pride,Shame,0.22185548690080048
0.0030856131406251904,Sadness,Boredom,0.013256078661228207
0.0030856131406251904,Sadness,Fear,0.24954700733504617
0.0030856131406251904,Sadness,Happiness,0.028954752514304745
0.0030856131406251904,Sadness,Joy,0.021113854179406935
0.0030856131406251904,Sadness,Pride,0.026549790658562333
0.0030856131406251904,Sadness,Sadness,0.4925357991859681
0.0030856131406251904,Sadness,Shame,0.16804271746548324
0.0030856131406251904,Shame,Boredom,0.007136466444329712
0.0030856131406251904,Shame,Fear,0.39261637145402667
0.0030856131406251904,Shame,Happiness,0.022690655034493745
0.0030856131406251904,Shame,Joy,0.06616846188799476
0.0030856131406251904,Shame,Pride,0.03891397278453442
0.0030856131406251904,Shame,Sadness,0.26473962060247386
0.0030856131406251904,Shame,Shame,0.20773445179214714
0.0033500337221495542,Boredom,Boredom,0.5238131133093075
0.0033500337221495542,Boredom,Fear,0.00684657984235238
0.0033500337221495542,Boredom,Happiness,0.3287313120390342
0.0033500337221495542,Boredom,Joy,0.01550524896160702
0.0033500337221495542,Boredom,Pride,0.06270424077871666
0.0033500337221495542,Boredom,Sadness,0.01505294110845596
0.0033500337221495542,Boredom,Shame,0.04734656396052598
0.0033500337221495542,Fear,Boredom,0.0022241318069448767
0.0033500337221495542,Fear,Fear,0.594574962340924
0.0033500337221495542,Fear,Happiness,0.008182285903518723
0.0033500337221495542,Fear,Joy,0.02769158346028989
0.0033500337221495542,Fear,Pride,0.016277206164942083
0.0033500337221495542,Fear,Sadness,0.24288415006057137
0.0033500337221495542,Fear,Shame,0.10816568026280902
0.0033500337221495542,Happiness,Boredom,0.1775635351429668
0.0033500337221495542,Happiness,Fear,0.010179180440403428
0.0033500337221495542,Happiness,Happiness,0.3272218045885413
0.0033500337221495542,Happiness,Joy,0.06303218216678838
0.0033500337221495542,Happiness,Pride,0.2390616027273334
0.0033500337221495542,Happiness,Sadness,0.018689433033346255
0.0033500337221495542,Happiness,Shame,0.1642522619006202
0.0033500337221495542,Joy,Boredom,0.010296890275170563
0.0033500337221495542,Joy,Fear,0.041311467456638676
0.0033500337221495542,Joy,Happiness,0.08642501977806703
0.0033500337221495542,Joy,Joy,0.3602979537483227
0.0033500337221495542,Joy,Pride,0.27562589745276356
0.0033500337221495542,Joy,Sadness,0.020986775577993253
0.0033500337221495542,Joy,Shame,0.20505599571104424
0.0033500337221495542,Pride,Boredom,0.014193543139946101
0.0033500337221495542,Pride,Fear,0.02664436037504872
0.0033500337221495542,Pride,Happiness,0.15356377730029402
0.0033500337221495542,Pride,Joy,0.322179085909068
0.0033500337221495542,Pride,Pride,0.2610646543632855
0.0033500337221495542,Pride,Sadness,0.023012672827808403
0.0033500337221495542,Pride,Shame,0.19934190608454924
0.0033500337221495542,Sadness,Boredom,0.009420552641485353
0.0033500337221495542,Sadness,Fear,0.31289868805068716
0.0033500337221495542,Sadness,Happiness,0.020775552667038597
0.0033500337221495542,Sadness,Joy,0.010721144321111977
0.0033500337221495542,Sadness,Pride,0.015389354843509848
0.0033500337221495542,Sadness,Sadness,0.530514680375101
0.0033500337221495542,Sadness,Shame,0.10028002710106584
0.0033500337221495542,Shame,Boredom,0.004161620314711911
0.0033500337221495542,Shame,Fear,0.5409839049606693
0.0033500337221495542,Shame,Happiness,0.013146566617409369
0.0033500337221495542,Shame,Joy,0.047235689171835064
0.0033500337221495542,Shame,Pride,0.030475906403013755
0.0033500337221495542,Shame,Sadness,0.2138679400010705
0.0033500337221495542,Shame,Shame,0.15012837253128994
0.003085797351005908,Boredom,Boredom,0.4788390462999114
0.003085797351005908,Boredom,Fear,0.009969883346365756
0.003085797351005908,Boredom,Happiness,0.31593293668017824
0.003085797351005908,Boredom,Joy,0.026771035939237214
0.003085797351005908,Boredom,Pride,0.07620471825386865
0.003085797351005908,Boredom,Sadness,0.022247634499586198
0.003085797351005908,Boredom,Shame,0.07003474498085266
0.003085797351005908,Fear,Boredom,0.004530157998805101
0.003085797351005908,Fear,Fear,0.4331876815990917
0.003085797351005908,Fear,Happiness,0.015715723018228104
0.003085797351005908,Fear,Joy,0.04272536322264662
0.003085797351005908,Fear,Pride,0.02808979744323069
0.003085797351005908,Fear,Sadness,0.29927760631195344
0.003085797351005908,Fear,Shame,0.1764736704060443
0.003085797351005908,Happiness,Boredom,0.15990658539912989
0.003085797351005908,Happiness,Fear,0.009337606522860881
0.003085797351005908,Happiness,Happiness,0.28710629857067366
0.003085797351005908,Happiness,Joy,0.08356745358505922
0.003085797351005908,Happiness,Pride,0.24460993044098728
0.003085797351005908,Happiness,Sadness,0.01787464260776726
0.003085797351005908,Happiness,Shame,0.19759748287352183
0.003085797351005908,Joy,Boredom,0.008913107105596979
0.003085797351005908,Joy,Fear,0.03776748065206688
0.003085797351005908,Joy,Happiness,0.09813927378662929
0.003085797351005908,Joy,Joy,0.3254647473156365
0.003085797351005908,Joy,Pride,0.2758032359535261
0.003085797351005908,Joy,Sadness,0.020373018315392535
0.003085797351005908,Joy,Shame,0.23353913687115158
0.003085797351005908,Pride,Boredom,0.012753675073867324
0.003085797351005908,Pride,Fear,0.02446289193732604
0.003085797351005908,Pride,Happiness,0.15114814027319826
0.003085797351005908,Pride,Joy,0.29316771129159336
0.003085797351005908,Pride,Pride,0.26649891896525824
0.003085797351005908,Pride,Sadness,0.022163540255762636
0.003085797351005908,Pride,Shame,0.22980512220299443
0.003085797351005908,Sadness,Boredom,0.01127192597775353
0.003085797351005908,Sadness,Fear,0.2409223550639332
0.003085797351005908,Sadness,Happiness,0.027012871263203415
0.003085797351005908,Sadness,Joy,0.019752250262853877
0.003085797351005908,Sadness,Pride,0.025406155232603787
0.003085797351005908,Sadness,Sadness,0.5091814890833227
0.003085797351005908,Sadness,Shame,0.16645295311632907
0.003085797351005908,Shame,Boredom,0.006774927844926291
0.003085797351005908,Shame,Fear,0.39450394512792736
0.003085797351005908,Shame,Happiness,0.021424767722067275
0.003085797351005908,Shame,Joy,0.06570998942853827
0.003085797351005908,Shame,Pride,0.041715133044159504
0.003085797351005908,Shame,Sadness,0.25672640035463834
0.003085797351005908,Shame,Shame,0.2131448364777434
0.003195400736379455,Boredom,Boredom,0.48130978942244257
0.003195400736379455,Boredom,Fear,0.010017942717681349
0.003195400736379455,Boredom,Happiness,0.3177826038787302
0.003195400736379455,Boredom,Joy,0.02484002492393801
0.003195400736379455,Boredom,Pride,0.07578137109803454
0.003195400736379455,Boredom,Sadness,0.02234809377114533
0.003195400736379455,Boredom,Shame,0.0679201741880282
0.003195400736379455,Fear,Boredom,0.004294699223757732
0.003195400736379455,Fear,Fear,0.4425893653974825
0.003195400736379455,Fear,Happiness,0.014781197594931367
0.003195400736379455,Fear,Joy,0.04170087131131934
0.003195400736379455,Fear,Pride,0.02703555175089709
0.003195400736379455,Fear,Sadness,0.29930501693130707
0.003195400736379455,Fear,Shame,0.17029329779030486
0.003195400736379455,Happiness,Boredom,0.16723031861040624
0.003195400736379455,Happiness,Fear,0.009998637662499817
0.003195400736379455,Happiness,Happiness,0.2922605126858917
0.003195400736379455,Happiness,Joy,0.07926922100640381
0.003195400736379455,Happiness,Pride,0.24489670419684417
0.003195400736379455,Happiness,Sadness,0.01846837515448705
0.003195400736379455,Happiness,Shame,0.1878762306834671
0.003195400736379455,Joy,Boredom,0.009224840119843467
0.003195400736379455,Joy,Fear,0.038959575210819615
0.003195400736379455,Joy,Happiness,0.09477302623432916
0.003195400736379455,Joy,Joy,0.32869830952722223
0.003195400736379455,Joy,Pride,0.2763381928126293
0.003195400736379455,Joy,Sadness,0.021453735966332398
0.003195400736379455,Joy,Shame,0.2305523201288235
0.003195400736379455,Pride,Boredom,0.012966268585596045
0.003195400736379455,Pride,Fear,0.0253769525620426
0.003195400736379455,Pride,Happiness,0.1484786640474015
0.003195400736379455,Pride,Joy,0.2981302161009751
0.003195400736379455,Pride,Pride,0.2661970659998315
0.003195400736379455,Pride,Sadness,0.02309865095720319
0.003195400736379455,Pride,Shame,0.2257521817469495
0.003195400736379455,Sadness,Boredom,0.010623534747243823
0.003195400736379455,Sadness,Fear,0.23883780754319964
0.003195400736379455,Sadness,Happiness,0.026049885752891088
0.003195400736379455,Sadness,Joy,0.01895206226979432
0.003195400736379455,Sadness,Pride,0.024285610468832625
0.003195400736379455,Sadness,Sadness,0.5222512202918512
0.003195400736379455,Sadness,Shame,0.15899987892618728
0.003195400736379455,Shame,Boredom,0.006471536828497115
0.003195400736379455,Shame,Fear,0.4051026373354556
0.003195400736379455,Shame,Happiness,0.020165569487132474
0.003195400736379455,Shame,Joy,0.06395909242942328
0.003195400736379455,Shame,Pride,0.04014064994087652
0.003195400736379455,Shame,Sadness,0.258297277192104
0.003195400736379455,Shame,Shame,0.20586323678651078
0.003325071614487863,Boredom,Boredom,0.5241600801143644
0.003325071614487863,Boredom,Fear,0.004692612298576419
0.003325071614487863,Boredom,Happiness,0.34008124757826586
0.003325071614487863,Boredom,Joy,0.013192518680543908
0.003325071614487863,Boredom,Pride,0.05968049830798654
0.003325071614487863,Boredom,Sadness,0.012759195142439249
0.003325071614487863,Boredom,Shame,0.04543384787782325
0.003325071614487863,Fear,Boredom,0.0017370900830107788
0.003325071614487863,Fear,Fear,0.5958823038906113
0.003325071614487863,Fear,Happiness,0.005044326413927615
0.003325071614487863,Fear,Joy,0.02616885483916216
0.003325071614487863,Fear,Pride,0.016682872915565035
0.003325071614487863,Fear,Sadness,0.24157054069398987
0.003325071614487863,Fear,Shame,0.1129140111637332
0.003325071614487863,Happiness,Boredom,0.1746743123164925
0.003325071614487863,Happiness,Fear,0.0055238348808629425
0.003325071614487863,Happiness,Happiness,0.33805537591861434
0.003325071614487863,Happiness,Joy,0.05565926922116272
0.003325071614487863,Happiness,Pride,0.23803627285662635
0.003325071614487863,Happiness,Sadness,0.012071159481618398
0.003325071614487863,Happiness,Shame,0.17597977532462275
0.003325071614487863,Joy,Boredom,0.007247284216513013
0.003325071614487863,Joy,Fear,0.03493323796007903
0.003325071614487863,Joy,Happiness,0.07084757982212703
0.003325071614487863,Joy,Joy,0.3543855788541153
0.003325071614487863,Joy,Pride,0.28287122989830094
0.003325071614487863,Joy,Sadness,0.013561446756639336
0.003325071614487863,Joy,Shame,0.2361536424922252
0.003325071614487863,Pride,Boredom,0.011189029181238793
0.003325071614487863,Pride,Fear,0.0225359783938798
0.003325071614487863,Pride,Happiness,0.09554354411069305
0.003325071614487863,Pride,Joy,0.326531169651253
0.003325071614487863,Pride,Pride,0.2786348999368586
0.003325071614487863,Pride,Sadness,0.020351349684064664
0.003325071614487863,Pride,Shame,0.24521402904201212
0.003325071614487863,Sadness,Boredom,0.007083303619612207
0.003325071614487863,Sadness,Fear,0.2350311456730766
0.003325071614487863,Sadness,Happiness,0.014232101690945784
0.003325071614487863,Sadness,Joy,0.007705036925091106
0.003325071614487863,Sadness,Pride,0.013929179522160058
0.003325071614487863,Sadness,Sadness,0.6249694616188579
0.003325071614487863,Sadness,Shame,0.0970497709502561
0.003325071614487863,Shame,Boredom,0.003918753025764884
0.003325071614487863,Shame,Fear,0.5285016126355289
0.003325071614487863,Shame,Happiness,0.009870507981268447
0.003325071614487863,Shame,Joy,0.04711151961540993
0.003325071614487863,Shame,Pride,0.037370123569031466
0.003325071614487863,Shame,Sadness,0.1960462080404868
0.003325071614487863,Shame,Shame,0.1771812751325094
0.0031174664353007613,Boredom,Boredom,0.4800210148800199
0.0031174664353007613,Boredom,Fear,0.009544241754541279
0.0031174664353007613,Boredom,Happiness,0.3186760274091218
0.0031174664353007613,Boredom,Joy,0.025177469459187755
0.0031174664353007613,Boredom,Pride,0.07544536688631541
0.0031174664353007613,Boredom,Sadness,0.0220280920561213
0.0031174664353007613,Boredom,Shame,0.06910778755469212
0.0031174664353007613,Fear,Boredom,0.004294490280189582
0.0031174664353007613,Fear,Fear,0.43912760621610647
0.0031174664353007613,Fear,Happiness,0.014486078736819933
0.0031174664353007613,Fear,Joy,0.04167571276631608
0.0031174664353007613,Fear,Pride,0.027595334655652035
0.0031174664353007613,Fear,Sadness,0.2969923782916461
0.0031174664353007613,Fear,Shame,0.17582839905326972
0.0031174664353007613,Happiness,Boredom,0.1566639726944204
0.0031174664353007613,Happiness,Fear,0.00891107322405731
0.0031174664353007613,Happiness,Happiness,0.291001806164998
0.0031174664353007613,Happiness,Joy,0.08084817980642921
0.0031174664353007613,Happiness,Pride,0.2458712723513708
0.0031174664353007613,Happiness,Sadness,0.017655779485570237
0.0031174664353007613,Happiness,Shame,0.19904791627315366
0.0031174664353007613,Joy,Boredom,0.00859303286217616
0.0031174664353007613,Joy,Fear,0.03734095125638755
0.0031174664353007613,Joy,Happiness,0.09386154486030499
0.0031174664353007613,Joy,Joy,0.32586598839540626
0.0031174664353007613,Joy,Pride,0.2767395695903743
0.0031174664353007613,Joy,Sadness,0.019927524211855268
0.0031174664353007613,Joy,Shame,0.2376713888234954
0.0031174664353007613,Pride,Boredom,0.012362369899137502
0.0031174664353007613,Pride,Fear,0.023963279396428484
0.0031174664353007613,Pride,Happiness,0.1468291395664023
0.0031174664353007613,Pride,Joy,0.2934259223786781
0.0031174664353007613,Pride,Pride,0.2672209146669993
0.0031174664353007613,Pride,Sadness,0.021973552001813036
0.0031174664353007613,Pride,Shame,0.23422482209054168
0.0031174664353007613,Sadness,Boredom,0.010565396924248127
0.0031174664353007613,Sadness,Fear,0.2370799479432749
0.0031174664353007613,Sadness,Happiness,0.025853626503293377
0.0031174664353007613,Sadness,Joy,0.01899209969168769
0.0031174664353007613,Sadness,Pride,0.024837580829625196
0.0031174664353007613,Sadness,Sadness,0.5168957530895505
0.0031174664353007613,Sadness,Shame,0.16577559501832093
0.0031174664353007613,Shame,Boredom,0.00655462351387463
0.0031174664353007613,Shame,Fear,0.39803520292402833
0.0031174664353007613,Shame,Happiness,0.020117451579824638
0.0031174664353007613,Shame,Joy,0.06443671479760542
0.0031174664353007613,Shame,Pride,0.04196646976049236
0.0031174664353007613,Shame,Sadness,0.2534202161351971
0.0031174664353007613,Shame,Shame,0.2154693212889776
0.003184202958795457,Boredom,Boredom,0.4813706930661618
0.003184202958795457,Boredom,Fear,0.009964544968938475
0.003184202958795457,Boredom,Happiness,0.3180879232319802
0.003184202958795457,Boredom,Joy,0.024713843109937926
0.003184202958795457,Boredom,Pride,0.0752345276180817
0.003184202958795457,Boredom,Sadness,0.023005335702422226
0.003184202958795457,Boredom,Shame,0.06762313230247743
0.003184202958795457,Fear,Boredom,0.004252080311934137
0.003184202958795457,Fear,Fear,0.44146490303291597
0.003184202958795457,Fear,Happiness,0.014584767564750524
0.003184202958795457,Fear,Joy,0.04157713944514104
0.003184202958795457,Fear,Pride,0.027126464013910234
0.003184202958795457,Fear,Sadness,0.2993690629901566
0.003184202958795457,Fear,Shame,0.17162558264119132
0.003184202958795457,Happiness,Boredom,0.16628832825942994
0.003184202958795457,Happiness,Fear,0.01002080069741503
0.003184202958795457,Happiness,Happiness,0.29313032604967487
0.003184202958795457,Happiness,Joy,0.07953404725442428
0.003184202958795457,Happiness,Pride,0.24517008378132318
0.003184202958795457,Happiness,Sadness,0.018539667843839338
0.003184202958795457,Happiness,Shame,0.18731674611389335
0.003184202958795457,Joy,Boredom,0.00915649815752868
0.003184202958795457,Joy,Fear,0.038864096661297115
0.003184202958795457,Joy,Happiness,0.09455625555931087
0.003184202958795457,Joy,Joy,0.3286014701888188
0.003184202958795457,Joy,Pride,0.27657534660043
0.003184202958795457,Joy,Sadness,0.02152762076607084
0.003184202958795457,Joy,Shame,0.2307187120665436
0.003184202958795457,Pride,Boredom,0.012897335486504222
0.003184202958795457,Pride,Fear,0.025397791715198
0.003184202958795457,Pride,Happiness,0.1482932829386897
0.003184202958795457,Pride,Joy,0.2975358967298562
0.003184202958795457,Pride,Pride,0.2665790498998298
0.003184202958795457,Pride,Sadness,0.02324113006718812
0.003184202958795457,Pride,Shame,0.22605551316273328
0.003184202958795457,Sadness,Boredom,0.010635283578666022
0.003184202958795457,Sadness,Fear,0.2385046766849652
0.003184202958795457,Sadness,Happiness,0.025995000225958315
0.003184202958795457,Sadness,Joy,0.01901438435746094
0.003184202958795457,Sadness,Pride,0.02444894346182454
0.003184202958795457,Sadness,Sadness,0.5205976058638904
0.003184202958795457,Sadness,Shame,0.16080410582723464
0.003184202958795457,Shame,Boredom,0.0063837250978652435
0.003184202958795457,Shame,Fear,0.4040726230175734
0.003184202958795457,Shame,Happiness,0.0198656497778747
0.003184202958795457,Shame,Joy,0.06367358836412079
0.003184202958795457,Shame,Pride,0.04023804855187652
0.003184202958795457,Shame,Sadness,0.2586571070630295
0.003184202958795457,Shame,Shame,0.20710925812765996
0.0032156219889539336,Boredom,Boredom,0.5192316058629173
0.0032156219889539336,Boredom,Fear,0.007488950041035917
0.0032156219889539336,Boredom,Happiness,0.3266943961738064
0.0032156219889539336,Boredom,Joy,0.01710703022271012
0.0032156219889539336,Boredom,Pride,0.06376154422825264
0.0032156219889539336,Boredom,Sadness,0.016413168634242664
0.0032156219889539336,Boredom,Shame,0.049303304837034795
0.0032156219889539336,Fear,Boredom,0.0026643156974260544
0.0032156219889539336,Fear,Fear,0.56461184855505
0.0032156219889539336,Fear,Happiness,0.010777565027616854
0.0032156219889539336,Fear,Joy,0.030625514613831912
0.0032156219889539336,Fear,Pride,0.01794965051141298
0.0032156219889539336,Fear,Sadness,0.25468535694088884
0.0032156219889539336,Fear,Shame,0.11868574865377352
0.0032156219889539336,Happiness,Boredom,0.19025382354599993
0.0032156219889539336,Happiness,Fear,0.010701516826455836
0.0032156219889539336,Happiness,Happiness,0.322888488099266
0.0032156219889539336,Happiness,Joy,0.06850019628545675
0.0032156219889539336,Happiness,Pride,0.2381187200119252
0.0032156219889539336,Happiness,Sadness,0.01871693199486914
0.0032156219889539336,Happiness,Shame,0.15082032323602731
0.0032156219889539336,Joy,Boredom,0.010432984203513412
0.0032156219889539336,Joy,Fear,0.04061501258464724
0.0032156219889539336,Joy,Happiness,0.10695716873177037
0.0032156219889539336,Joy,Joy,0.3538497039329338
0.0032156219889539336,Joy,Pride,0.27063997756244385
0.0032156219889539336,Joy,Sadness,0.02095028111927059
0.0032156219889539336,Joy,Shame,0.19655487186542084
0.0032156219889539336,Pride,Boredom,0.015476444732826654
0.0032156219889539336,Pride,Fear,0.026973450727445974
0.0032156219889539336,Pride,Happiness,0.18853510440956203
0.0032156219889539336,Pride,Joy,0.29623985003699643
0.0032156219889539336,Pride,Pride,0.25841457808897006
0.0032156219889539336,Pride,Sadness,0.022465719457157977
0.0032156219889539336,Pride,Shame,0.19189485254704047
0.0032156219889539336,Sadness,Boredom,0.010344468664731103
0.0032156219889539336,Sadness,Fear,0.32173872912706514
0.0032156219889539336,Sadness,Happiness,0.023463335830628755
0.0032156219889539336,Sadness,Joy,0.012935644089420778
0.0032156219889539336,Sadness,Pride,0.017434680817031385
0.0032156219889539336,Sadness,Sadness,0.5002050011205296
0.0032156219889539336,Sadness,Shame,0.11387814035059297
0.0032156219889539336,Shame,Boredom,0.004639134970225445
0.0032156219889539336,Shame,Fear,0.5174605032338049
0.0032156219889539336,Shame,Happiness,0.01625963002696677
0.0032156219889539336,Shame,Joy,0.05060678566455857
0.0032156219889539336,Shame,Pride,0.029474733475785
0.0032156219889539336,Shame,Sadness,0.2259557981210899
0.0032156219889539336,Shame,Shame,0.1556034145075696
0.003209020105018373,Boredom,Boredom,0.5283500406372069
0.003209020105018373,Boredom,Fear,0.0061575794302125035
0.003209020105018373,Boredom,Happiness,0.32925825628030003
0.003209020105018373,Boredom,Joy,0.01504323862202067
0.003209020105018373,Boredom,Pride,0.0606524820571146
0.003209020105018373,Boredom,Sadness,0.01420646516236108
0.003209020105018373,Boredom,Shame,0.046331937810784304
0.003209020105018373,Fear,Boredom,0.0021044952449975228
0.003209020105018373,Fear,Fear,0.593633695737395
0.003209020105018373,Fear,Happiness,0.008290739147003864
0.003209020105018373,Fear,Joy,0.027608437245968256
0.003209020105018373,Fear,Pride,0.016144956118561038
0.003209020105018373,Fear,Sadness,0.2458301598380056
0.003209020105018373,Fear,Shame,0.10638751666806863
0.003209020105018373,Happiness,Boredom,0.18749075221973638
0.003209020105018373,Happiness,Fear,0.008407916328649583
0.003209020105018373,Happiness,Happiness,0.32738797324804214
0.003209020105018373,Happiness,Joy,0.06385252908363247
0.003209020105018373,Happiness,Pride,0.2358071675693564
0.003209020105018373,Happiness,Sadness,0.016127147861167836
0.003209020105018373,Happiness,Shame,0.1609265136894153
0.003209020105018373,Joy,Boredom,0.009467768973809793
0.003209020105018373,Joy,Fear,0.03879459314558036
0.003209020105018373,Joy,Happiness,0.09630188919173083
0.003209020105018373,Joy,Joy,0.36035511917823115
0.003209020105018373,Joy,Pride,0.2723471136092705
0.003209020105018373,Joy,Sadness,0.017884747071916767
0.003209020105018373,Joy,Shame,0.20484876882946054
0.003209020105018373,Pride,Boredom,0.014324194395991023
0.003209020105018373,Pride,Fear,0.02477870049389908
0.003209020105018373,Pride,Happiness,0.17900897115057826
0.003209020105018373,Pride,Joy,0.3018719096703515
0.003209020105018373,Pride,Pride,0.2586068763632858
0.003209020105018373,Pride,Sadness,0.020142836224767337
0.003209020105018373,Pride,Shame,0.20126651170112672
0.003209020105018373,Sadness,Boredom,0.00981918610102534
0.003209020105018373,Sadness,Fear,0.32077310555817257
0.003209020105018373,Sadness,Happiness,0.020962235874729906
0.003209020105018373,Sadness,Joy,0.011093083689528677
0.003209020105018373,Sadness,Pride,0.015683454709355903
0.003209020105018373,Sadness,Sadness,0.5212319882183196
0.003209020105018373,Sadness,Shame,0.10043694584886768
0.003209020105018373,Shame,Boredom,0.00415497768679627
0.003209020105018373,Shame,Fear,0.5365235176599791
0.003209020105018373,Shame,Happiness,0.014062148567896768
0.003209020105018373,Shame,Joy,0.048237629932345885
0.003209020105018373,Shame,Pride,0.03279675137128012
0.003209020105018373,Shame,Sadness,0.21149802863307207
0.003209020105018373,Shame,Shame,0.15272694614862997
0.0032430935026875438,Boredom,Boredom,0.5175511666203497
0.0032430935026875438,Boredom,Fear,0.007909840471648234
0.0032430935026875438,Boredom,Happiness,0.32361907297700704
0.0032430935026875438,Boredom,Joy,0.01786856273573044
0.0032430935026875438,Boredom,Pride,0.06501449056176657
0.0032430935026875438,Boredom,Sadness,0.01715603124530542
0.0032430935026875438,Boredom,Shame,0.050880835388192214
0.0032430935026875438,Fear,Boredom,0.0028134003774754864
0.0032430935026875438,Fear,Fear,0.5610072301027761
0.0032430935026875438,Fear,Happiness,0.011255271728614779
0.0032430935026875438,Fear,Joy,0.03138952845667756
0.0032430935026875438,Fear,Pride,0.018580098265248545
0.0032430935026875438,Fear,Sadness,0.253542026593728
0.0032430935026875438,Fear,Shame,0.12141244447548001
0.0032430935026875438,Happiness,Boredom,0.16162995431906146
0.0032430935026875438,Happiness,Fear,0.012038638115841134
0.0032430935026875438,Happiness,Happiness,0.32054851526410966
0.0032430935026875438,Happiness,Joy,0.07481126930455616
0.0032430935026875438,Happiness,Pride,0.24235303990334023
0.0032430935026875438,Happiness,Sadness,0.020553804048732693
0.0032430935026875438,Happiness,Shame,0.16806477904435876
0.0032430935026875438,Joy,Boredom,0.010614819934858282
0.0032430935026875438,Joy,Fear,0.04124489953007562
0.0032430935026875438,Joy,Happiness,0.10701074658069776
0.0032430935026875438,Joy,Joy,0.35120504988359325
0.0032430935026875438,Joy,Pride,0.2702738084609287
0.0032430935026875438,Joy,Sadness,0.021314532565218765
0.0032430935026875438,Joy,Shame,0.19833614304462763
0.0032430935026875438,Pride,Boredom,0.13032351172502965
0.0032430935026875438,Pride,Fear,0.03928387070620996
0.0032430935026875438,Pride,Happiness,0.2518858711084994
0.0032430935026875438,Pride,Joy,0.15236688878052382
0.0032430935026875438,Pride,Pride,0.2343484183493891
0.0032430935026875438,Pride,Sadness,0.029150507951374017
0.0032430935026875438,Pride,Shame,0.16264093137897379
0.0032430935026875438,Sadness,Boredom,0.022048560956535
0.0032430935026875438,Sadness,Fear,0.30282112778640424
0.0032430935026875438,Sadness,Happiness,0.03502484529354721
0.0032430935026875438,Sadness,Joy,0.014660087774279356
0.0032430935026875438,Sadness,Pride,0.021017291261377906
0.0032430935026875438,Sadness,Sadness,0.48363440188601997
0.0032430935026875438,Sadness,Shame,0.12079368504183627
0.0032430935026875438,Shame,Boredom,0.006353896889108769
0.0032430935026875438,Shame,Fear,0.4772397885355539
0.0032430935026875438,Shame,Happiness,0.021026341204347845
0.0032430935026875438,Shame,Joy,0.06324669658249192
0.0032430935026875438,Shame,Pride,0.04512961964066784
0.0032430935026875438,Shame,Sadness,0.20895885702076955
0.0032430935026875438,Shame,Shame,0.17804480012706034
0.003052924037230223,Boredom,Boredom,0.47386014104594737
0.003052924037230223,Boredom,Fear,0.011292535709232231
0.003052924037230223,Boredom,Happiness,0.30885104060734025
0.003052924037230223,Boredom,Joy,0.03075530235764296
0.003052924037230223,Boredom,Pride,0.07770924336247591
0.003052924037230223,Boredom,Sadness,0.024035473409015365
0.003052924037230223,Boredom,Shame,0.07349626350834641
0.003052924037230223,Fear,Boredom,0.005230819269878975
0.003052924037230223,Fear,Fear,0.4193186377151579
0.003052924037230223,Fear,Happiness,0.01825876276504006
0.003052924037230223,Fear,Joy,0.04409229935017213
0.003052924037230223,Fear,Pride,0.029137921109066166
0.003052924037230223,Fear,Sadness,0.30566855478601074
0.003052924037230223,Fear,Shame,0.178293005004674
0.003052924037230223,Happiness,Boredom,0.13128535112375986
0.003052924037230223,Happiness,Fear,0.013146727912232611
0.003052924037230223,Happiness,Happiness,0.28345752729143003
0.003052924037230223,Happiness,Joy,0.09892421733356214
0.003052924037230223,Happiness,Pride,0.2495102060907714
0.003052924037230223,Happiness,Sadness,0.021791854214934712
0.003052924037230223,Happiness,Shame,0.20188411603330889
0.003052924037230223,Joy,Boredom,0.010400741371076916
0.003052924037230223,Joy,Fear,0.04017574827837673
0.003052924037230223,Joy,Happiness,0.10866258670670703
0.003052924037230223,Joy,Joy,0.3239185164569931
0.003052924037230223,Joy,Pride,0.27209161162861595
0.003052924037230223,Joy,Sadness,0.022671073723747045
0.003052924037230223,Joy,Shame,0.22207972183448335
0.003052924037230223,Pride,Boredom,0.12223738194375537
0.003052924037230223,Pride,Fear,0.03562620844688268
0.003052924037230223,Pride,Happiness,0.2103208541519078
0.003052924037230223,Pride,Joy,0.1776654323597174
0.003052924037230223,Pride,Pride,0.24081965447567985
0.003052924037230223,Pride,Sadness,0.02916312919085675
0.003052924037230223,Pride,Shame,0.18416733943120028
0.003052924037230223,Sadness,Boredom,0.028920293717042793
0.003052924037230223,Sadness,Fear,0.2437262582293258
0.003052924037230223,Sadness,Happiness,0.04009113608469461
0.003052924037230223,Sadness,Joy,0.022594470180843533
0.003052924037230223,Sadness,Pride,0.029452709712846407
0.003052924037230223,Sadness,Sadness,0.4636443605606781
0.003052924037230223,Sadness,Shame,0.17157077151456876
0.003052924037230223,Shame,Boredom,0.008733016089826066
0.003052924037230223,Shame,Fear,0.3657902268787534
0.003052924037230223,Shame,Happiness,0.027263151742491814
0.003052924037230223,Shame,Joy,0.0785078359602041
0.003052924037230223,Shame,Pride,0.051069650908018106
0.003052924037230223,Shame,Sadness,0.24806301744924045
0.003052924037230223,Shame,Shame,0.22057310097146612
0.0033061298259008604,Boredom,Boredom,0.48660047407390866
0.0033061298259008604,Boredom,Fear,0.008437264598724858
0.0033061298259008604,Boredom,Happiness,0.3289959891662315
0.0033061298259008604,Boredom,Joy,0.01939954018285386
0.0033061298259008604,Boredom,Pride,0.072544635723582
0.0033061298259008604,Boredom,Sadness,0.019783478008355285
0.0033061298259008604,Boredom,Shame,0.06423861824634416
0.0033061298259008604,Fear,Boredom,0.0034073848779406115
0.0033061298259008604,Fear,Fear,0.46944918660188834
0.0033061298259008604,Fear,Happiness,0.01018032357984264
0.0033061298259008604,Fear,Joy,0.03789079322867018
0.0033061298259008604,Fear,Pride,0.025261048009344284
0.0033061298259008604,Fear,Sadness,0.2886673638643573
0.0033061298259008604,Fear,Shame,0.16514389983795658
0.0033061298259008604,Happiness,Boredom,0.12891348566203978
0.0033061298259008604,Happiness,Fear,0.009576561086112727
0.0033061298259008604,Happiness,Happiness,0.306383274630848
0.0033061298259008604,Happiness,Joy,0.06579608318421369
0.0033061298259008604,Happiness,Pride,0.2529483994286227
0.0033061298259008604,Happiness,Sadness,0.018303044635336888
0.0033061298259008604,Happiness,Shame,0.21807915137282638
0.0033061298259008604,Joy,Boredom,0.008275202741783286
0.0033061298259008604,Joy,Fear,0.037855842019184724
0.0033061298259008604,Joy,Happiness,0.07525679882999371
0.0033061298259008604,Joy,Joy,0.3331364933958473
0.0033061298259008604,Joy,Pride,0.2832449312390267
0.0033061298259008604,Joy,Sadness,0.019819683367390532
0.0033061298259008604,Joy,Shame,0.2424110484067738
0.0033061298259008604,Pride,Boredom,0.09244253915761194
0.0033061298259008604,Pride,Fear,0.036996633006798986
0.0033061298259008604,Pride,Happiness,0.23488424700494698
0.0033061298259008604,Pride,Joy,0.1478459217845312
0.0033061298259008604,Pride,Pride,0.247633550108637
0.0033061298259008604,Pride,Sadness,0.03230835446566631
0.0033061298259008604,Pride,Shame,0.2078887544718078
0.0033061298259008604,Sadness,Boredom,0.01732528320006522
0.0033061298259008604,Sadness,Fear,0.21351160895144403
0.0033061298259008604,Sadness,Happiness,0.031022920740025002
0.0033061298259008604,Sadness,Joy,0.015127619013750654
0.0033061298259008604,Sadness,Pride,0.02519778807650576
0.0033061298259008604,Sadness,Sadness,0.539243298140394
0.0033061298259008604,Sadness,Shame,0.15857148187781483
0.0033061298259008604,Shame,Boredom,0.007125544620227561
0.0033061298259008604,Shame,Fear,0.38755814701691077
0.0033061298259008604,Shame,Happiness,0.01859498942105936
0.0033061298259008604,Shame,Joy,0.07180607423148921
0.0033061298259008604,Shame,Pride,0.06282438680906847
0.0033061298259008604,Shame,Sadness,0.21682321197670346
0.0033061298259008604,Shame,Shame,0.23526764592454102
0.0033330159378210057,Boredom,Boredom,0.5316095353583664
0.0033330159378210057,Boredom,Fear,0.005841786242165338
0.0033330159378210057,Boredom,Happiness,0.33001248776643144
0.0033330159378210057,Boredom,Joy,0.014123859545114328
0.0033330159378210057,Boredom,Pride,0.059728817925785965
0.0033330159378210057,Boredom,Sadness,0.01343811056751225
0.0033330159378210057,Boredom,Shame,0.04524540259462422
0.0033330159378210057,Fear,Boredom,0.0017923934042995261
0.0033330159378210057,Fear,Fear,0.6193963877095711
0.0033330159378210057,Fear,Happiness,0.006591100939234637
0.0033330159378210057,Fear,Joy,0.02530967222584158
0.0033330159378210057,Fear,Pride,0.014963022087892658
0.0033330159378210057,Fear,Sadness,0.23352482793169987
0.0033330159378210057,Fear,Shame,0.09842259570146085
0.0033330159378210057,Happiness,Boredom,0.155936490156514
0.0033330159378210057,Happiness,Fear,0.009026514583331681
0.0033330159378210057,Happiness,Happiness,0.3317335925777014
0.0033330159378210057,Happiness,Joy,0.0642205413354254
0.0033330159378210057,Happiness,Pride,0.2406424712248699
0.0033330159378210057,Happiness,Sadness,0.01807447253211656
0.0033330159378210057,Happiness,Shame,0.18036591759004156
0.0033330159378210057,Joy,Boredom,0.009691964509817765
0.0033330159378210057,Joy,Fear,0.03987808384164982
0.0033330159378210057,Joy,Happiness,0.08021773517330896
0.0033330159378210057,Joy,Joy,0.36637631474787014
0.0033330159378210057,Joy,Pride,0.27762509441375544
0.0033330159378210057,Joy,Sadness,0.019394699146267562
0.0033330159378210057,Joy,Shame,0.20681610816733023
0.0033330159378210057,Pride,Boredom,0.10946320752467475
0.0033330159378210057,Pride,Fear,0.04423638773333988
0.0033330159378210057,Pride,Happiness,0.2731229420334899
0.0033330159378210057,Pride,Joy,0.1254643154338833
0.0033330159378210057,Pride,Pride,0.24162945694765764
0.0033330159378210057,Pride,Sadness,0.03202628560545039
0.0033330159378210057,Pride,Shame,0.1740574047215042
0.0033330159378210057,Sadness,Boredom,0.01985789434901181
0.0033330159378210057,Sadness,Fear,0.2970049580467616
0.0033330159378210057,Sadness,Happiness,0.030846456305038468
0.0033330159378210057,Sadness,Joy,0.01068419459412494
0.0033330159378210057,Sadness,Pride,0.019281193044511497
0.0033330159378210057,Sadness,Sadness,0.5174576572039441
0.0033330159378210057,Sadness,Shame,0.10486764645660734
0.0033330159378210057,Shame,Boredom,0.0055154024491380965
0.0033330159378210057,Shame,Fear,0.5117474954926798
0.0033330159378210057,Shame,Happiness,0.015869592847830134
0.0033330159378210057,Shame,Joy,0.05753896510817005
0.0033330159378210057,Shame,Pride,0.05272292017603844
0.0033330159378210057,Shame,Sadness,0.1816615173735499
0.0033330159378210057,Shame,Shame,0.17494410655259354
0.0029240819575538594,Boredom,Boredom,0.4637900451020495
0.0029240819575538594,Boredom,Fear,0.013281418179447724
0.0029240819575538594,Boredom,Happiness,0.29857349009242157
0.0029240819575538594,Boredom,Joy,0.03458097194326353
0.0029240819575538594,Boredom,Pride,0.07604851940240256
0.0029240819575538594,Boredom,Sadness,0.02777170491162778
0.0029240819575538594,Boredom,Shame,0.08595385036878724
0.0029240819575538594,Fear,Boredom,0.0063075526411194936
0.0029240819575538594,Fear,Fear,0.40503581981861736
0.0029240819575538594,Fear,Happiness,0.020194381452255845
0.0029240819575538594,Fear,Joy,0.04373146786089757
0.0029240819575538594,Fear,Pride,0.0303494409847769
0.0029240819575538594,Fear,Sadness,0.3104871306731946
0.0029240819575538594,Fear,Shame,0.1838942065691384
0.0029240819575538594,Happiness,Boredom,0.12679123372081957
0.0029240819575538594,Happiness,Fear,0.01418273180778304
0.0029240819575538594,Happiness,Happiness,0.27622044153447983
0.0029240819575538594,Happiness,Joy,0.10662882510700619
0.0029240819575538594,Happiness,Pride,0.250551865806391
0.0029240819575538594,Happiness,Sadness,0.02276765495253864
0.0029240819575538594,Happiness,Shame,0.20285724707098143
0.0029240819575538594,Joy,Boredom,0.011548420967441426
0.0029240819575538594,Joy,Fear,0.041382136994498164
0.0029240819575538594,Joy,Happiness,0.11624188860806736
0.0029240819575538594,Joy,Joy,0.31958337596880826
0.0029240819575538594,Joy,Pride,0.27049014702834095
0.0029240819575538594,Joy,Sadness,0.02297136681792309
0.0029240819575538594,Joy,Shame,0.2177826636149208
0.0029240819575538594,Pride,Boredom,0.11858333671571752
0.0029240819575538594,Pride,Fear,0.046621178032517474
0.0029240819575538594,Pride,Happiness,0.2056506535264669
0.0029240819575538594,Pride,Joy,0.1795293889760187
0.0029240819575538594,Pride,Pride,0.2381742706162922
0.0029240819575538594,Pride,Sadness,0.02968615444378186
0.0029240819575538594,Pride,Shame,0.18175501768920507
0.0029240819575538594,Sadness,Boredom,0.033584132287200884
0.0029240819575538594,Sadness,Fear,0.24980917333508199
0.0029240819575538594,Sadness,Happiness,0.04226322763880772
0.0029240819575538594,Sadness,Joy,0.024027809831283765
0.0029240819575538594,Sadness,Pride,0.031612556638737875
0.0029240819575538594,Sadness,Sadness,0.44208466577008415
0.0029240819575538594,Sadness,Shame,0.1766184344988038
0.0029240819575538594,Shame,Boredom,0.009708659016564982
0.0029240819575538594,Shame,Fear,0.3586297406384923
0.0029240819575538594,Shame,Happiness,0.028674217020208666
0.0029240819575538594,Shame,Joy,0.07878831058733997
0.0029240819575538594,Shame,Pride,0.04637137102348816
0.0029240819575538594,Shame,Sadness,0.2577596276951206
0.0029240819575538594,Shame,Shame,0.22006807401878561
0.0030158440080750998,Boredom,Boredom,0.5039717434185256
0.0030158440080750998,Boredom,Fear,0.009709628880605163
0.0030158440080750998,Boredom,Happiness,0.31458079362020164
0.0030158440080750998,Boredom,Joy,0.024573162472452215
0.0030158440080750998,Boredom,Pride,0.06937764299961137
0.0030158440080750998,Boredom,Sadness,0.01934417059773742
0.0030158440080750998,Boredom,Shame,0.058442858010866613
0.0030158440080750998,Fear,Boredom,0.004205671493068481
0.0030158440080750998,Fear,Fear,0.5079863114354384
0.0030158440080750998,Fear,Happiness,0.016607822609546737
0.0030158440080750998,Fear,Joy,0.03496870806495277
0.0030158440080750998,Fear,Pride,0.02220764893681697
0.0030158440080750998,Fear,Sadness,0.2754026232530981
0.0030158440080750998,Fear,Shame,0.13862121420707837
0.0030158440080750998,Happiness,Boredom,0.15479405753419392
0.0030158440080750998,Happiness,Fear,0.014709992943266987
0.0030158440080750998,Happiness,Happiness,0.3077314280114977
0.0030158440080750998,Happiness,Joy,0.09136932593953155
0.0030158440080750998,Happiness,Pride,0.24469156432526867
0.0030158440080750998,Happiness,Sadness,0.022478705407034952
0.0030158440080750998,Happiness,Shame,0.16422492583920617
0.0030158440080750998,Joy,Boredom,0.01249264067375262
0.0030158440080750998,Joy,Fear,0.042800587849201224
0.0030158440080750998,Joy,Happiness,0.13839717384778277
0.0030158440080750998,Joy,Joy,0.32938475387480154
0.0030158440080750998,Joy,Pride,0.2647310453004278
0.0030158440080750998,Joy,Sadness,0.021970845029227706
0.0030158440080750998,Joy,Shame,0.19022295342480627
0.0030158440080750998,Pride,Boredom,0.1442789736065744
0.0030158440080750998,Pride,Fear,0.03727248833896559
0.0030158440080750998,Pride,Happiness,0.24435135010270703
0.0030158440080750998,Pride,Joy,0.16429237881504266
0.0030158440080750998,Pride,Pride,0.2343984966014529
0.0030158440080750998,Pride,Sadness,0.026187395286178902
0.0030158440080750998,Pride,Shame,0.1492189172490785
0.0030158440080750998,Sadness,Boredom,0.03378428932715977
0.0030158440080750998,Sadness,Fear,0.31073178446313626
0.0030158440080750998,Sadness,Happiness,0.04075382376287498
0.0030158440080750998,Sadness,Joy,0.018098873098467173
0.0030158440080750998,Sadness,Pride,0.02454889291091771
0.0030158440080750998,Sadness,Sadness,0.43703647954788716
0.0030158440080750998,Sadness,Shame,0.1350458568895572
0.0030158440080750998,Shame,Boredom,0.007712591044498549
0.0030158440080750998,Shame,Fear,0.4465943977345363
0.0030158440080750998,Shame,Happiness,0.02654481689938895
0.0030158440080750998,Shame,Joy,0.06665188748829631
0.0030158440080750998,Shame,Pride,0.03978400540925721
0.0030158440080750998,Shame,Sadness,0.23301141373535383
0.0030158440080750998,Shame,Shame,0.17970088768866846
0.0032180793631978416,Boredom,Boredom,0.637843128447161
0.0032180793631978416,Boredom,Fear,0.0018696214169512991
0.0032180793631978416,Boredom,Happiness,0.30271164328523575
0.0032180793631978416,Boredom,Joy,0.005602128667882653
0.0032180793631978416,Boredom,Pride,0.03359190184538761
0.0032180793631978416,Boredom,Sadness,0.004486214409373244
0.0032180793631978416,Boredom,Shame,0.013895361928008217
0.0032180793631978416,Fear,Boredom,0.0007395191446427017
0.0032180793631978416,Fear,Fear,0.8597039204966422
0.0032180793631978416,Fear,Happiness,0.002354044882592418
0.0032180793631978416,Fear,Joy,0.00882130485777
0.0032180793631978416,Fear,Pride,0.004024989565401089
0.0032180793631978416,Fear,Sadness,0.09589705648640375
0.0032180793631978416,Fear,Shame,0.028459164566547727
0.0032180793631978416,Happiness,Boredom,0.21267964216358123
0.0032180793631978416,Happiness,Fear,0.009271654113246779
0.0032180793631978416,Happiness,Happiness,0.37275708006268876
0.0032180793631978416,Happiness,Joy,0.06296476031069016
0.0032180793631978416,Happiness,Pride,0.21410975249001887
0.0032180793631978416,Happiness,Sadness,0.017129615480367507
0.0032180793631978416,Happiness,Shame,0.11108749537940647
0.0032180793631978416,Joy,Boredom,0.010673065205097271
0.0032180793631978416,Joy,Fear,0.036631190977918095
0.0032180793631978416,Joy,Happiness,0.11253290964579345
0.0032180793631978416,Joy,Joy,0.4242553989665735
0.0032180793631978416,Joy,Pride,0.26154166008585256
0.0032180793631978416,Joy,Sadness,0.014367797754422552
0.0032180793631978416,Joy,Shame,0.1399979773643422
0.0032180793631978416,Pride,Boredom,0.1627233689507649
0.0032180793631978416,Pride,Fear,0.048446954012419205
0.0032180793631978416,Pride,Happiness,0.3052041391983461
0.0032180793631978416,Pride,Joy,0.1279129069523445
0.0032180793631978416,Pride,Pride,0.2155440913334898
0.0032180793631978416,Pride,Sadness,0.02710106076756418
0.0032180793631978416,Pride,Shame,0.11306747878507126
0.0032180793631978416,Sadness,Boredom,0.028448031742290956
0.0032180793631978416,Sadness,Fear,0.4456927967239651
0.0032180793631978416,Sadness,Happiness,0.03524005177263657
0.0032180793631978416,Sadness,Joy,0.00844474348161995
0.0032180793631978416,Sadness,Pride,0.014856285706234396
0.0032180793631978416,Sadness,Sadness,0.4146667629739204
0.0032180793631978416,Sadness,Shame,0.05265132759933293
0.0032180793631978416,Shame,Boredom,0.0033091123232601607
0.0032180793631978416,Shame,Fear,0.7625143870380819
0.0032180793631978416,Shame,Happiness,0.00931139286292307
0.0032180793631978416,Shame,Joy,0.028285810044385417
0.0032180793631978416,Shame,Pride,0.02293344047101713
0.0032180793631978416,Shame,Sadness,0.09037839414933317
0.0032180793631978416,Shame,Shame,0.0832674631109992
0.003155276543690768,Boredom,Boredom,0.49350426906429656
0.003155276543690768,Boredom,Fear,0.0051187149976025595
0.003155276543690768,Boredom,Happiness,0.3482789825670838
0.003155276543690768,Boredom,Joy,0.015144413725930502
0.003155276543690768,Boredom,Pride,0.06543582625861957
0.003155276543690768,Boredom,Sadness,0.016030263192997506
0.003155276543690768,Boredom,Shame,0.056487530193469124
0.003155276543690768,Fear,Boredom,0.002421363781930156
0.003155276543690768,Fear,Fear,0.5367814700505766
0.003155276543690768,Fear,Happiness,0.005586646581043058
0.003155276543690768,Fear,Joy,0.03105156223496569
0.003155276543690768,Fear,Pride,0.02147760967225501
0.003155276543690768,Fear,Sadness,0.2517775642324448
0.003155276543690768,Fear,Shame,0.150903783446785
0.003155276543690768,Happiness,Boredom,0.12229940400004714
0.003155276543690768,Happiness,Fear,0.004803634081089636
0.003155276543690768,Happiness,Happiness,0.32800344025878814
0.003155276543690768,Happiness,Joy,0.06020593880075606
0.003155276543690768,Happiness,Pride,0.2539437751827571
0.003155276543690768,Happiness,Sadness,0.010992616989689192
0.003155276543690768,Happiness,Shame,0.2197511906868728
0.003155276543690768,Joy,Boredom,0.005282467132516032
0.003155276543690768,Joy,Fear,0.029736914662798344
0.003155276543690768,Joy,Happiness,0.062054124786577694
0.003155276543690768,Joy,Joy,0.3327943442391602
0.003155276543690768,Joy,Pride,0.2919140511841517
0.003155276543690768,Joy,Sadness,0.010892547219965168
0.003155276543690768,Joy,Shame,0.2673255507748308
0.003155276543690768,Pride,Boredom,0.09586083970292161
0.003155276543690768,Pride,Fear,0.0313943190482994
0.003155276543690768,Pride,Happiness,0.21314733737415986
0.003155276543690768,Pride,Joy,0.153244349449136
0.003155276543690768,Pride,Pride,0.24247152826760274
0.003155276543690768,Pride,Sadness,0.028911385872050364
0.003155276543690768,Pride,Shame,0.23497024028582988
0.003155276543690768,Sadness,Boredom,0.01201528434218979
0.003155276543690768,Sadness,Fear,0.14790066711781188
0.003155276543690768,Sadness,Happiness,0.02007538793338575
0.003155276543690768,Sadness,Joy,0.011361401011282373
0.003155276543690768,Sadness,Pride,0.019805913387188616
0.003155276543690768,Sadness,Sadness,0.6445760058939274
0.003155276543690768,Sadness,Shame,0.1442653403142142
0.003155276543690768,Shame,Boredom,0.006868184392652461
0.003155276543690768,Shame,Fear,0.4100819830181434
0.003155276543690768,Shame,Happiness,0.014044643898900522
0.003155276543690768,Shame,Joy,0.06685928898176731
0.003155276543690768,Shame,Pride,0.0614273530293895
0.003155276543690768,Shame,Sadness,0.16948699244819262
0.003155276543690768,Shame,Shame,0.2712315542309542
0.003197623957519387,Boredom,Boredom,0.5299512325878849
0.003197623957519387,Boredom,Fear,0.0063556298669062705
0.003197623957519387,Boredom,Happiness,0.32725757718991716
0.003197623957519387,Boredom,Joy,0.015301890179375199
0.003197623957519387,Boredom,Pride,0.060931342698670864
0.003197623957519387,Boredom,Sadness,0.014050721472115384
0.003197623957519387,Boredom,Shame,0.04615160600513
0.003197623957519387,Fear,Boredom,0.0022459690729015134
0.003197623957519387,Fear,Fear,0.5855287976314183
0.003197623957519387,Fear,Happiness,0.008898789130186241
0.003197623957519387,Fear,Joy,0.028643875941718237
0.003197623957519387,Fear,Pride,0.016514032348458663
0.003197623957519387,Fear,Sadness,0.2473625557494844
0.003197623957519387,Fear,Shame,0.11080598012583281
0.003197623957519387,Happiness,Boredom,0.1530211069285425
0.003197623957519387,Happiness,Fear,0.010067837737471018
0.003197623957519387,Happiness,Happiness,0.3290597935633952
0.003197623957519387,Happiness,Joy,0.0709906497902372
0.003197623957519387,Happiness,Pride,0.24169908393442208
0.003197623957519387,Happiness,Sadness,0.018899068217552432
0.003197623957519387,Happiness,Shame,0.1762624598283792
0.003197623957519387,Joy,Boredom,0.009737337340325607
0.003197623957519387,Joy,Fear,0.03927520193943078
0.003197623957519387,Joy,Happiness,0.10007116567572844
0.003197623957519387,Joy,Joy,0.3590885503495026
0.003197623957519387,Joy,Pride,0.27131472919553845
0.003197623957519387,Joy,Sadness,0.019339856676580804
0.003197623957519387,Joy,Shame,0.20117315882289322
0.003197623957519387,Pride,Boredom,0.1114217160726643
0.003197623957519387,Pride,Fear,0.03970843114850685
0.003197623957519387,Pride,Happiness,0.2603989114697818
0.003197623957519387,Pride,Joy,0.15029988391462457
0.003197623957519387,Pride,Pride,0.23819571784324786
0.003197623957519387,Pride,Sadness,0.030285352602461256
0.003197623957519387,Pride,Shame,0.16968998694871298
0.003197623957519387,Sadness,Boredom,0.021162937032877326
0.003197623957519387,Sadness,Fear,0.30331056866323935
0.003197623957519387,Sadness,Happiness,0.03344706594547537
0.003197623957519387,Sadness,Joy,0.013318245531377634
0.003197623957519387,Sadness,Pride,0.02071313371719427
0.003197623957519387,Sadness,Sadness,0.49402853359089133
0.003197623957519387,Sadness,Shame,0.11401951551894492
0.003197623957519387,Shame,Boredom,0.005960393309677707
0.003197623957519387,Shame,Fear,0.48681690435365643
0.003197623957519387,Shame,Happiness,0.0192193899524803
0.003197623957519387,Shame,Joy,0.06182995446300469
0.003197623957519387,Shame,Pride,0.050248714071424054
0.003197623957519387,Shame,Sadness,0.19601327793983742
0.003197623957519387,Shame,Shame,0.17991136590991927
0.003079361370832543,Boredom,Boredom,0.5153005274880461
0.003079361370832543,Boredom,Fear,0.008253366518710118
0.003079361370832543,Boredom,Happiness,0.32134611580162736
0.003079361370832543,Boredom,Joy,0.020329004732086285
0.003079361370832543,Boredom,Pride,0.06574826421544108
0.003079361370832543,Boredom,Sadness,0.01710296494616353
0.003079361370832543,Boredom,Shame,0.05191975629792519
0.003079361370832543,Fear,Boredom,0.003218334244575751
0.003079361370832543,Fear,Fear,0.5365600566331121
0.003079361370832543,Fear,Happiness,0.013520864534022289
0.003079361370832543,Fear,Joy,0.03361712652616658
0.003079361370832543,Fear,Pride,0.02013488977915963
0.003079361370832543,Fear,Sadness,0.26311825040357634
0.003079361370832543,Fear,Shame,0.12983047787938687
0.003079361370832543,Happiness,Boredom,0.1561693790917789
0.003079361370832543,Happiness,Fear,0.012946447713872933
0.003079361370832543,Happiness,Happiness,0.31850872765940197
0.003079361370832543,Happiness,Joy,0.08327516400656286
0.003079361370832543,Happiness,Pride,0.24373420431207152
0.003079361370832543,Happiness,Sadness,0.020817801256129954
0.003079361370832543,Happiness,Shame,0.16454827596018187
0.003079361370832543,Joy,Boredom,0.011019729251688327
0.003079361370832543,Joy,Fear,0.04127370983618851
0.003079361370832543,Joy,Happiness,0.12514936446178188
0.003079361370832543,Joy,Joy,0.34143166379041534
0.003079361370832543,Joy,Pride,0.26658175419829144
0.003079361370832543,Joy,Sadness,0.02061096093950959
0.003079361370832543,Joy,Shame,0.19393281752212488
0.003079361370832543,Pride,Boredom,0.13613835913564928
0.003079361370832543,Pride,Fear,0.03786402358216219
0.003079361370832543,Pride,Happiness,0.24887224165780794
0.003079361370832543,Pride,Joy,0.15804868509520784
0.003079361370832543,Pride,Pride,0.23416247675534296
0.003079361370832543,Pride,Sadness,0.02736929278517042
0.003079361370832543,Pride,Shame,0.15754492098865935
0.003079361370832543,Sadness,Boredom,0.02453214714636215
0.003079361370832543,Sadness,Fear,0.30871598499687863
0.003079361370832543,Sadness,Happiness,0.03750688901597162
0.003079361370832543,Sadness,Joy,0.016177929500025
0.003079361370832543,Sadness,Pride,0.022492367546406482
0.003079361370832543,Sadness,Sadness,0.4626024277745997
0.003079361370832543,Sadness,Shame,0.12797225401975668
0.003079361370832543,Shame,Boredom,0.006787369037993156
0.003079361370832543,Shame,Fear,0.46015015715002494
0.003079361370832543,Shame,Happiness,0.024028130692146096
0.003079361370832543,Shame,Joy,0.06625150501007562
0.003079361370832543,Shame,Pride,0.045825865473099074
0.003079361370832543,Shame,Sadness,0.21532253706807608
0.003079361370832543,Shame,Shame,0.18163443556858533
0.0033243656542774444,Boredom,Boredom,0.5155181601560613
0.0033243656542774444,Boredom,Fear,0.006000226516316285
0.0033243656542774444,Boredom,Happiness,0.3358820599966845
0.0033243656542774444,Boredom,Joy,0.014909848465396131
0.0033243656542774444,Boredom,Pride,0.06262834246231341
0.0033243656542774444,Boredom,Sadness,0.015400016258017573
0.0033243656542774444,Boredom,Shame,0.049661346145210714
0.0033243656542774444,Fear,Boredom,0.002181516974048144
0.0033243656542774444,Fear,Fear,0.5712066931378001
0.0033243656542774444,Fear,Happiness,0.0068911917342214446
0.0033243656542774444,Fear,Joy,0.029202443246801896
0.0033243656542774444,Fear,Pride,0.01818862434267136
0.0033243656542774444,Fear,Sadness,0.24715960336770507
0.0033243656542774444,Fear,Shame,0.12516992719675252
0.0033243656542774444,Happiness,Boredom,0.14025265846301777
0.0033243656542774444,Happiness,Fear,0.008344925759822805
0.0033243656542774444,Happiness,Happiness,0.3314516007556893
0.0033243656542774444,Happiness,Joy,0.06327068589551131
0.0033243656542774444,Happiness,Pride,0.24613181105419188
0.0033243656542774444,Happiness,Sadness,0.016130713741018692
0.0033243656542774444,Happiness,Shame,0.19441760433074812
0.0033243656542774444,Joy,Boredom,0.008330037729321919
0.0033243656542774444,Joy,Fear,0.03802139193266829
0.0033243656542774444,Joy,Happiness,0.07566506459272704
0.0033243656542774444,Joy,Joy,0.3518786601601125
0.0033243656542774444,Joy,Pride,0.28178925364002594
0.0033243656542774444,Joy,Sadness,0.016906971952960932
0.0033243656542774444,Joy,Shame,0.22740861999218312
0.0033243656542774444,Pride,Boredom,0.10236291733940402
0.0033243656542774444,Pride,Fear,0.040650759731204786
0.0033243656542774444,Pride,Happiness,0.25645638948895133
0.0033243656542774444,Pride,Joy,0.1341845654374918
0.0033243656542774444,Pride,Pride,0.24212788311528496
0.0033243656542774444,Pride,Sadness,0.03228793862681168
0.0033243656542774444,Pride,Shame,0.1919295462608517
0.0033243656542774444,Sadness,Boredom,0.01593728952583415
0.0033243656542774444,Sadness,Fear,0.23258275613012946
0.0033243656542774444,Sadness,Happiness,0.02626026887458449
0.0033243656542774444,Sadness,Joy,0.010799860468913828
0.0033243656542774444,Sadness,Pride,0.018889952326629947
0.0033243656542774444,Sadness,Sadness,0.5785562420178606
0.0033243656542774444,Sadness,Shame,0.11697363065604685
0.0033243656542774444,Shame,Boredom,0.006033683992532444
0.0033243656542774444,Shame,Fear,0.4673510415605338
0.0033243656542774444,Shame,Happiness,0.015499514529824208
0.0033243656542774444,Shame,Joy,0.06226272937661905
0.0033243656542774444,Shame,Pride,0.05268926264872278
0.0033243656542774444,Shame,Sadness,0.18662261832112625
0.0033243656542774444,Shame,Shame,0.20954114957064188
0.003309996390378804,Boredom,Boredom,0.5114921830582897
0.003309996390378804,Boredom,Fear,0.006614331214741682
0.003309996390378804,Boredom,Happiness,0.32949227750677096
0.003309996390378804,Boredom,Joy,0.016377447067988667
0.003309996390378804,Boredom,Pride,0.06508720750649491
0.003309996390378804,Boredom,Sadness,0.016903813837382257
0.003309996390378804,Boredom,Shame,0.054032739808331794
0.003309996390378804,Fear,Boredom,0.002334462635603957
0.003309996390378804,Fear,Fear,0.5665454045388665
0.003309996390378804,Fear,Happiness,0.008245701286511151
0.003309996390378804,Fear,Joy,0.029668467927136614
0.003309996390378804,Fear,Pride,0.018411776374033052
0.003309996390378804,Fear,Sadness,0.2504857638109723
0.003309996390378804,Fear,Shame,0.12430842342687644
0.003309996390378804,Happiness,Boredom,0.1501510139447843
0.003309996390378804,Happiness,Fear,0.008406725296419374
0.003309996390378804,Happiness,Happiness,0.3236878441834557
0.003309996390378804,Happiness,Joy,0.06550123409687808
0.003309996390378804,Happiness,Pride,0.24543131689351927
0.003309996390378804,Happiness,Sadness,0.01800776975531056
0.003309996390378804,Happiness,Shame,0.18881409582963304
0.003309996390378804,Joy,Boredom,0.008815570917686248
0.003309996390378804,Joy,Fear,0.03832073815310955
0.003309996390378804,Joy,Happiness,0.08101062319213544
0.003309996390378804,Joy,Joy,0.3500421624992264
0.003309996390378804,Joy,Pride,0.27955596745408784
0.003309996390378804,Joy,Sadness,0.019313819193464178
0.003309996390378804,Joy,Shame,0.22294111859029025
0.003309996390378804,Pride,Boredom,0.1170149742844067
0.003309996390378804,Pride,Fear,0.03835669130731571
0.003309996390378804,Pride,Happiness,0.24658374104737696
0.003309996390378804,Pride,Joy,0.14580878176314982
0.003309996390378804,Pride,Pride,0.23673205103695452
0.003309996390378804,Pride,Sadness,0.030633978711013612
0.003309996390378804,Pride,Shame,0.18486978184978262
0.003309996390378804,Sadness,Boredom,0.017523364730121553
0.003309996390378804,Sadness,Fear,0.23835452179338698
0.003309996390378804,Sadness,Happiness,0.029852689043766225
0.003309996390378804,Sadness,Joy,0.012923503521680224
0.003309996390378804,Sadness,Pride,0.02084518447467807
0.003309996390378804,Sadness,Sadness,0.5509619278405988
0.003309996390378804,Sadness,Shame,0.12953880859576786
0.003309996390378804,Shame,Boredom,0.006160181342871011
0.003309996390378804,Shame,Fear,0.46102468630567234
0.003309996390378804,Shame,Happiness,0.01761307384974281
0.003309996390378804,Shame,Joy,0.06311550306549404
0.003309996390378804,Shame,Pride,0.05282005143438223
0.003309996390378804,Shame,Sadness,0.19641053260759006
0.003309996390378804,Shame,Shame,0.20285597139424763
0.003209338150802403,Boredom,Boredom,0.48338587306055536
0.003209338150802403,Boredom,Fear,0.00891821213124075
0.003209338150802403,Boredom,Happiness,0.3234653149612313
0.003209338150802403,Boredom,Joy,0.021655603320514687
0.003209338150802403,Boredom,Pride,0.07386636875534215
0.003209338150802403,Boredom,Sadness,0.021518695730368503
0.003209338150802403,Boredom,Shame,0.06718993204074722
0.003209338150802403,Fear,Boredom,0.0038173559236182116
0.003209338150802403,Fear,Fear,0.4583470964682975
0.003209338150802403,Fear,Happiness,0.012441801177372223
0.003209338150802403,Fear,Joy,0.03969063246548105
0.003209338150802403,Fear,Pride,0.025924763861167804
0.003209338150802403,Fear,Sadness,0.29266787496717905
0.003209338150802403,Fear,Shame,0.1671104751368839
0.003209338150802403,Happiness,Boredom,0.1294203921191633
0.003209338150802403,Happiness,Fear,0.009193592673617875
0.003209338150802403,Happiness,Happiness,0.3000715033956765
0.003209338150802403,Happiness,Joy,0.0761187601190126
0.003209338150802403,Happiness,Pride,0.25140111340112364
0.003209338150802403,Happiness,Sadness,0.018356648829169094
0.003209338150802403,Happiness,Shame,0.2154379894622367
0.003209338150802403,Joy,Boredom,0.008385452860076305
0.003209338150802403,Joy,Fear,0.03727445306036966
0.003209338150802403,Joy,Happiness,0.08498621751780269
0.003209338150802403,Joy,Joy,0.32962140940745477
0.003209338150802403,Joy,Pride,0.2799718158031547
0.003209338150802403,Joy,Sadness,0.01955979325344677
0.003209338150802403,Joy,Shame,0.24020085809769498
0.003209338150802403,Pride,Boredom,0.09917650477317619
0.003209338150802403,Pride,Fear,0.03466436763486802
0.003209338150802403,Pride,Happiness,0.21766427367952995
0.003209338150802403,Pride,Joy,0.1669501155418956
0.003209338150802403,Pride,Pride,0.2448304364667906
0.003209338150802403,Pride,Sadness,0.03101654372430635
0.003209338150802403,Pride,Shame,0.20569775817943328
0.003209338150802403,Sadness,Boredom,0.01859785954943161
0.003209338150802403,Sadness,Fear,0.2205358924726467
0.003209338150802403,Sadness,Happiness,0.03350276321117428
0.003209338150802403,Sadness,Joy,0.018169874001724085
0.003209338150802403,Sadness,Pride,0.02610754032208687
0.003209338150802403,Sadness,Sadness,0.5199467344028074
0.003209338150802403,Sadness,Shame,0.16313933604012934
0.003209338150802403,Shame,Boredom,0.007725624238430758
0.003209338150802403,Shame,Fear,0.3786630035260729
0.003209338150802403,Shame,Happiness,0.021942350461331223
0.003209338150802403,Shame,Joy,0.07479974401138216
0.003209338150802403,Shame,Pride,0.059280912778671785
0.003209338150802403,Shame,Sadness,0.22268252449404063
0.003209338150802403,Shame,Shame,0.23490584049007004
0.0033594159802960008,Boredom,Boredom,0.5189981463415616
0.0033594159802960008,Boredom,Fear,0.0074751334130189785
0.0033594159802960008,Boredom,Happiness,0.32719186351145696
0.0033594159802960008,Boredom,Joy,0.016295950660012687
0.0033594159802960008,Boredom,Pride,0.0635111394840162
0.0033594159802960008,Boredom,Sadness,0.017652447470259767
0.0033594159802960008,Boredom,Shame,0.04887531911967344
0.0033594159802960008,Fear,Boredom,0.0024534521591817017
0.0033594159802960008,Fear,Fear,0.5832090837850442
0.0033594159802960008,Fear,Happiness,0.009297351521670631
0.0033594159802960008,Fear,Joy,0.029099022389918346
0.0033594159802960008,Fear,Pride,0.01707467090534072
0.0033594159802960008,Fear,Sadness,0.24446909307239284
0.0033594159802960008,Fear,Shame,0.11439732616645135
0.0033594159802960008,Happiness,Boredom,0.14557340494551765
0.0033594159802960008,Happiness,Fear,0.012587754659182767
0.0033594159802960008,Happiness,Happiness,0.330175406011568
0.0033594159802960008,Happiness,Joy,0.0709960075790656
0.0033594159802960008,Happiness,Pride,0.24492529082175996
0.0033594159802960008,Happiness,Sadness,0.022113888441538238
0.0033594159802960008,Happiness,Shame,0.1736282475413673
0.0033594159802960008,Joy,Boredom,0.010646580073780986
0.0033594159802960008,Joy,Fear,0.041775014283908785
0.0033594159802960008,Joy,Happiness,0.09216521478223226
0.0033594159802960008,Joy,Joy,0.358168596614471
0.0033594159802960008,Joy,Pride,0.2742126436641171
0.0033594159802960008,Joy,Sadness,0.022247993327354568
0.0033594159802960008,Joy,Shame,0.20078395725413578
0.0033594159802960008,Pride,Boredom,0.11077895652227142
0.0033594159802960008,Pride,Fear,0.04260232869735293
0.0033594159802960008,Pride,Happiness,0.2623848119476476
0.0033594159802960008,Pride,Joy,0.1461522461953044
0.0033594159802960008,Pride,Pride,0.23981264390704757
0.0033594159802960008,Pride,Sadness,0.03184376515800087
0.0033594159802960008,Pride,Shame,0.1664252475723753
0.0033594159802960008,Sadness,Boredom,0.019839686916293096
0.0033594159802960008,Sadness,Fear,0.29755900529226254
0.0033594159802960008,Sadness,Happiness,0.03372918624183915
0.0033594159802960008,Sadness,Joy,0.013278532261963686
0.0033594159802960008,Sadness,Pride,0.02070562697691082
0.0033594159802960008,Sadness,Sadness,0.498009016205027
0.0033594159802960008,Sadness,Shame,0.11687894610570342
0.0033594159802960008,Shame,Boredom,0.005981765477180793
0.0033594159802960008,Shame,Fear,0.49634954211096566
0.0033594159802960008,Shame,Happiness,0.018024510964911793
0.0033594159802960008,Shame,Joy,0.06006518760471005
0.0033594159802960008,Shame,Pride,0.040343482772072725
0.0033594159802960008,Shame,Sadness,0.20449321432041012
0.0033594159802960008,Shame,Shame,0.17474229674974862
0.0032661158052348965,Boredom,Boredom,0.48360461411765027
0.0032661158052348965,Boredom,Fear,0.009700061444728339
0.0032661158052348965,Boredom,Happiness,0.3204647331291356
0.0032661158052348965,Boredom,Joy,0.022517520944668176
0.0032661158052348965,Boredom,Pride,0.07495149108366808
0.0032661158052348965,Boredom,Sadness,0.021950026220405643
0.0032661158052348965,Boredom,Shame,0.06681155305974415
0.0032661158052348965,Fear,Boredom,0.004028431700714175
0.0032661158052348965,Fear,Fear,0.4528912456719026
0.0032661158052348965,Fear,Happiness,0.013444927740671662
0.0032661158052348965,Fear,Joy,0.04060103229896874
0.0032661158052348965,Fear,Pride,0.02642270035262939
0.0032661158052348965,Fear,Sadness,0.29464208628404287
0.0032661158052348965,Fear,Shame,0.1679695759510702
0.0032661158052348965,Happiness,Boredom,0.13711085364343667
0.0032661158052348965,Happiness,Fear,0.010940056218679908
0.0032661158052348965,Happiness,Happiness,0.29900138273591287
0.0032661158052348965,Happiness,Joy,0.0783732721751094
0.0032661158052348965,Happiness,Pride,0.25017556973916394
0.0032661158052348965,Happiness,Sadness,0.019958336852758315
0.0032661158052348965,Happiness,Shame,0.2044405286349388
0.0032661158052348965,Joy,Boredom,0.009144644885672376
0.0032661158052348965,Joy,Fear,0.03915657523599739
0.0032661158052348965,Joy,Happiness,0.08822270310771092
0.0032661158052348965,Joy,Joy,0.331342344113068
0.0032661158052348965,Joy,Pride,0.27803601003191847
0.0032661158052348965,Joy,Sadness,0.021598934717864754
0.0032661158052348965,Joy,Shame,0.23249878790776812
0.0032661158052348965,Pride,Boredom,0.10838136273129641
0.0032661158052348965,Pride,Fear,0.03558454170746376
0.0032661158052348965,Pride,Happiness,0.21772269732607727
0.0032661158052348965,Pride,Joy,0.1693656087592756
0.0032661158052348965,Pride,Pride,0.24233453101160468
0.0032661158052348965,Pride,Sadness,0.031057923062968843
0.0032661158052348965,Pride,Shame,0.19555333540131342
0.0032661158052348965,Sadness,Boredom,0.019511751845714184
0.0032661158052348965,Sadness,Fear,0.22512918222850012
0.0032661158052348965,Sadness,Happiness,0.03475238110046366
0.0032661158052348965,Sadness,Joy,0.01899577199207201
0.0032661158052348965,Sadness,Pride,0.02649355648986478
0.0032661158052348965,Sadness,Sadness,0.5129990949677947
0.0032661158052348965,Sadness,Shame,0.16211826137559057
0.0032661158052348965,Shame,Boredom,0.007656260678404513
0.0032661158052348965,Shame,Fear,0.3819773762987358
0.0032661158052348965,Shame,Happiness,0.022373151089122082
0.0032661158052348965,Shame,Joy,0.07448693240351768
0.0032661158052348965,Shame,Pride,0.057772345704525246
0.0032661158052348965,Shame,Sadness,0.2306378860405095
0.0032661158052348965,Shame,Shame,0.22509604778518497
0.0030784776944945543,Boredom,Boredom,0.4780552186339944
0.0030784776944945543,Boredom,Fear,0.010791469462715204
0.0030784776944945543,Boredom,Happiness,0.31244018521839617
0.0030784776944945543,Boredom,Joy,0.029049564668261238
0.0030784776944945543,Boredom,Pride,0.07728147564794884
0.0030784776944945543,Boredom,Sadness,0.02234514616334907
0.0030784776944945543,Boredom,Shame,0.07003694020533484
0.0030784776944945543,Fear,Boredom,0.004857677667520686
0.0030784776944945543,Fear,Fear,0.4244701362850169
0.0030784776944945543,Fear,Happiness,0.017115138518602926
0.0030784776944945543,Fear,Joy,0.0438800603760457
0.0030784776944945543,Fear,Pride,0.02873108327676991
0.0030784776944945543,Fear,Sadness,0.30302916707625355
0.0030784776944945543,Fear,Shame,0.17791673679979006
0.0030784776944945543,Happiness,Boredom,0.1328073731038456
0.0030784776944945543,Happiness,Fear,0.012332902077428239
0.0030784776944945543,Happiness,Happiness,0.2864221493675546
0.0030784776944945543,Happiness,Joy,0.09511379258171156
0.0030784776944945543,Happiness,Pride,0.24950958656896097
0.0030784776944945543,Happiness,Sadness,0.020895513373307594
0.0030784776944945543,Happiness,Shame,0.20291868292719137
0.0030784776944945543,Joy,Boredom,0.009830524941902776
0.0030784776944945543,Joy,Fear,0.039607532040938004
0.0030784776944945543,Joy,Happiness,0.10460281688516256
0.0030784776944945543,Joy,Joy,0.3249240328850011
0.0030784776944945543,Joy,Pride,0.2736259066406485
0.0030784776944945543,Joy,Sadness,0.021992910065340824
0.0030784776944945543,Joy,Shame,0.225416276541006
0.0030784776944945543,Pride,Boredom,0.12052390677627585
0.0030784776944945543,Pride,Fear,0.03438026796559514
0.0030784776944945543,Pride,Happiness,0.2108951616085178
0.0030784776944945543,Pride,Joy,0.17517826785983678
0.0030784776944945543,Pride,Pride,0.24195079833906943
0.0030784776944945543,Pride,Sadness,0.028558557602489706
0.0030784776944945543,Pride,Shame,0.18851303984821524
0.0030784776944945543,Sadness,Boredom,0.0253820029286326
0.0030784776944945543,Sadness,Fear,0.23873401405513914
0.0030784776944945543,Sadness,Happiness,0.03871038614886171
0.0030784776944945543,Sadness,Joy,0.021815907104303995
0.0030784776944945543,Sadness,Pride,0.02859771033604088
0.0030784776944945543,Sadness,Sadness,0.47591450743231123
0.0030784776944945543,Sadness,Shame,0.17084547199471056
0.0030784776944945543,Shame,Boredom,0.008335479260593658
0.0030784776944945543,Shame,Fear,0.3653092259720678
0.0030784776944945543,Shame,Happiness,0.0263353470272485
0.0030784776944945543,Shame,Joy,0.07841750098459942
0.0030784776944945543,Shame,Pride,0.056494711585908096
0.0030784776944945543,Shame,Sadness,0.2411971334211638
0.0030784776944945543,Shame,Shame,0.2239106017484187
0.0032521492359985182,Boredom,Boredom,0.6075323060221917
0.0032521492359985182,Boredom,Fear,0.002274757824216038
0.0032521492359985182,Boredom,Happiness,0.3163659666837521
0.0032521492359985182,Boredom,Joy,0.007076715757247403
0.0032521492359985182,Boredom,Pride,0.03976380235431758
0.0032521492359985182,Boredom,Sadness,0.006138461165933276
0.0032521492359985182,Boredom,Shame,0.020847990192341886
0.0032521492359985182,Fear,Boredom,0.0008874021254208045
0.0032521492359985182,Fear,Fear,0.8072428048420695
0.0032521492359985182,Fear,Happiness,0.0024675553261420476
0.0032521492359985182,Fear,Joy,0.012151709935220493
0.0032521492359985182,Fear,Pride,0.006177720243901517
0.0032521492359985182,Fear,Sadness,0.12900793196524576
0.0032521492359985182,Fear,Shame,0.04206487556199996
0.0032521492359985182,Happiness,Boredom,0.18012172912561872
0.0032521492359985182,Happiness,Fear,0.007889914726434447
0.0032521492359985182,Happiness,Happiness,0.37247012258707274
0.0032521492359985182,Happiness,Joy,0.06124724519976245
0.0032521492359985182,Happiness,Pride,0.22538939714911682
0.0032521492359985182,Happiness,Sadness,0.015493636448121871
0.0032521492359985182,Happiness,Shame,0.13738795476387305
0.0032521492359985182,Joy,Boredom,0.009060746651605552
0.0032521492359985182,Joy,Fear,0.036761545148922575
0.0032521492359985182,Joy,Happiness,0.0813357762882168
0.0032521492359985182,Joy,Joy,0.41203729685701257
0.0032521492359985182,Joy,Pride,0.2720919636712845
0.0032521492359985182,Joy,Sadness,0.013876225588659837
0.0032521492359985182,Joy,Shame,0.17483644579429813
0.0032521492359985182,Pride,Boredom,0.12817995805621615
0.0032521492359985182,Pride,Fear,0.04944039183560479
0.0032521492359985182,Pride,Happiness,0.29709942490111096
0.0032521492359985182,Pride,Joy,0.12487722954547463
0.0032521492359985182,Pride,Pride,0.2274879884098263
0.0032521492359985182,Pride,Sadness,0.029643077769436192
0.0032521492359985182,Pride,Shame,0.1432719294823307
0.0032521492359985182,Sadness,Boredom,0.022305882889196774
0.0032521492359985182,Sadness,Fear,0.35473399590344107
0.0032521492359985182,Sadness,Happiness,0.02876639917577444
0.0032521492359985182,Sadness,Joy,0.007888347318032653
0.0032521492359985182,Sadness,Pride,0.014633105618454047
0.0032521492359985182,Sadness,Sadness,0.5088294960212936
0.0032521492359985182,Sadness,Shame,0.06284277307380715
0.0032521492359985182,Shame,Boredom,0.0037465264189275645
0.0032521492359985182,Shame,Fear,0.6846414713665437
0.0032521492359985182,Shame,Happiness,0.009539214920579728
0.0032521492359985182,Shame,Joy,0.03729100163152362
0.0032521492359985182,Shame,Pride,0.03435998267856068
0.0032521492359985182,Shame,Sadness,0.11023591491171905
0.0032521492359985182,Shame,Shame,0.12018588807214563
0.0030643935221184044,Boredom,Boredom,0.45573682478509264
0.0030643935221184044,Boredom,Fear,0.008659049949920648
0.0030643935221184044,Boredom,Happiness,0.32787828080760584
0.0030643935221184044,Boredom,Joy,0.023733182327241524
0.0030643935221184044,Boredom,Pride,0.07938905693021243
0.0030643935221184044,Boredom,Sadness,0.024248074592904074
0.0030643935221184044,Boredom,Shame,0.08035553060702263
0.0030643935221184044,Fear,Boredom,0.00466669733472766
0.0030643935221184044,Fear,Fear,0.4075286012509778
0.0030643935221184044,Fear,Happiness,0.011728288855563491
0.0030643935221184044,Fear,Joy,0.043632725018981404
0.0030643935221184044,Fear,Pride,0.0316317697016026
0.0030643935221184044,Fear,Sadness,0.29544027515621807
0.0030643935221184044,Fear,Shame,0.20537164268192887
0.0030643935221184044,Happiness,Boredom,0.10592012150042918
0.0030643935221184044,Happiness,Fear,0.005904108732854861
0.0030643935221184044,Happiness,Happiness,0.2858863982198471
0.0030643935221184044,Happiness,Joy,0.07684571538936023
0.0030643935221184044,Happiness,Pride,0.2593326010803946
0.0030643935221184044,Happiness,Sadness,0.014529200214917104
0.0030643935221184044,Happiness,Shame,0.2515818548621974
0.0030643935221184044,Joy,Boredom,0.005950801392402278
0.0030643935221184044,Joy,Fear,0.030914267735856055
0.0030643935221184044,Joy,Happiness,0.06960276449099234
0.0030643935221184044,Joy,Joy,0.31005325635239434
0.0030643935221184044,Joy,Pride,0.28947279067770315
0.0030643935221184044,Joy,Sadness,0.015164555403559795
0.0030643935221184044,Joy,Shame,0.2788415639470919
0.0030643935221184044,Pride,Boredom,0.09438616583506788
0.0030643935221184044,Pride,Fear,0.029986858561233752
0.0030643935221184044,Pride,Happiness,0.18031930176840977
0.0030643935221184044,Pride,Joy,0.17071251568485277
0.0030643935221184044,Pride,Pride,0.2508539032935927
0.0030643935221184044,Pride,Sadness,0.029375882111187284
0.0030643935221184044,Pride,Shame,0.24436537274565553
0.0030643935221184044,Sadness,Boredom,0.018169600440199347
0.0030643935221184044,Sadness,Fear,0.14891469985342493
0.0030643935221184044,Sadness,Happiness,0.03062765257782915
0.0030643935221184044,Sadness,Joy,0.020604863971686815
0.0030643935221184044,Sadness,Pride,0.03037212718166224
0.0030643935221184044,Sadness,Sadness,0.5469925805614395
0.0030643935221184044,Sadness,Shame,0.20431847541375836
0.0030643935221184044,Shame,Boredom,0.00881266899655718
0.0030643935221184044,Shame,Fear,0.3233305154927765
0.0030643935221184044,Shame,Happiness,0.02041404677590002
0.0030643935221184044,Shame,Joy,0.07994161648224271
0.0030643935221184044,Shame,Pride,0.06476510007252081
0.0030643935221184044,Shame,Sadness,0.21047576199058812
0.0030643935221184044,Shame,Shame,0.29226029018941474
0.0033242316329979474,Boredom,Boredom,0.6192778220024378
0.0033242316329979474,Boredom,Fear,0.0017825777761816327
0.0033242316329979474,Boredom,Happiness,0.31235880683049344
0.0033242316329979474,Boredom,Joy,0.006182408575224791
0.0033242316329979474,Boredom,Pride,0.03676796668714636
0.0033242316329979474,Boredom,Sadness,0.005422545236580299
0.0033242316329979474,Boredom,Shame,0.0182078728919358
0.0033242316329979474,Fear,Boredom,0.0007132320934088193
0.0033242316329979474,Fear,Fear,0.834474639124017
0.0033242316329979474,Fear,Happiness,0.0017511145483433254
0.0033242316329979474,Fear,Joy,0.009880909561852922
0.0033242316329979474,Fear,Pride,0.004882177319756152
0.0033242316329979474,Fear,Sadness,0.11556973933119136
0.0033242316329979474,Fear,Shame,0.03272818802143052
0.0033242316329979474,Happiness,Boredom,0.17593099511917662
0.0033242316329979474,Happiness,Fear,0.007444879522632795
0.0033242316329979474,Happiness,Happiness,0.37954241043086545
0.0033242316329979474,Happiness,Joy,0.060464570013300946
0.0033242316329979474,Happiness,Pride,0.22434764376045546
0.0033242316329979474,Happiness,Sadness,0.014457684757405172
0.0033242316329979474,Happiness,Shame,0.13781181639616336
0.0033242316329979474,Joy,Boredom,0.008540775116325635
0.0033242316329979474,Joy,Fear,0.035054118235789744
0.0033242316329979474,Joy,Happiness,0.07431927198952476
0.0033242316329979474,Joy,Joy,0.4202994635752929
0.0033242316329979474,Joy,Pride,0.27428546914169805
0.0033242316329979474,Joy,Sadness,0.012010315771853419
0.0033242316329979474,Joy,Shame,0.17549058616951546
0.0033242316329979474,Pride,Boredom,0.12903413829866536
0.0033242316329979474,Pride,Fear,0.04966830913743619
0.0033242316329979474,Pride,Happiness,0.3020353572923984
0.0033242316329979474,Pride,Joy,0.11369481569808325
0.0033242316329979474,Pride,Pride,0.22820584529475724
0.0033242316329979474,Pride,Sadness,0.03036762644260425
0.0033242316329979474,Pride,Shame,0.14699390783605526
0.0033242316329979474,Sadness,Boredom,0.0213781864022336
0.0033242316329979474,Sadness,Fear,0.34714147983939697
0.0033242316329979474,Sadness,Happiness,0.02705676948652416
0.0033242316329979474,Sadness,Joy,0.006985976687372421
0.0033242316329979474,Sadness,Pride,0.014849820870928695
0.0033242316329979474,Sadness,Sadness,0.5257603142972206
0.0033242316329979474,Sadness,Shame,0.05682745241632318
0.0033242316329979474,Shame,Boredom,0.0033845694527814534
0.0033242316329979474,Shame,Fear,0.7107051778627917
0.0033242316329979474,Shame,Happiness,0.007883124194019585
0.0033242316329979474,Shame,Joy,0.03333755435707545
0.0033242316329979474,Shame,Pride,0.03216228040374851
0.0033242316329979474,Shame,Sadness,0.09853460950455477
0.0033242316329979474,Shame,Shame,0.11399268422502815
0.003192939409956941,Boredom,Boredom,0.5238784334496679
0.003192939409956941,Boredom,Fear,0.007004358160298425
0.003192939409956941,Boredom,Happiness,0.32646156668085935
0.003192939409956941,Boredom,Joy,0.01656865302372751
0.003192939409956941,Boredom,Pride,0.06254342431632215
0.003192939409956941,Boredom,Sadness,0.0152318732476877
0.003192939409956941,Boredom,Shame,0.048311691121437
0.003192939409956941,Fear,Boredom,0.0025731369753561302
0.003192939409956941,Fear,Fear,0.5697900105671456
0.003192939409956941,Fear,Happiness,0.01029370873503505
0.003192939409956941,Fear,Joy,0.030552922556764284
0.003192939409956941,Fear,Pride,0.017987916411508965
0.003192939409956941,Fear,Sadness,0.25021450122709976
0.003192939409956941,Fear,Shame,0.11858780352708996
0.003192939409956941,Happiness,Boredom,0.15892840642408665
0.003192939409956941,Happiness,Fear,0.010839731026049555
0.003192939409956941,Happiness,Happiness,0.3252230783144907
0.003192939409956941,Happiness,Joy,0.07324294127585892
0.003192939409956941,Happiness,Pride,0.2413516030093613
0.003192939409956941,Happiness,Sadness,0.019216038775852776
0.003192939409956941,Happiness,Shame,0.17119820117430032
0.003192939409956941,Joy,Boredom,0.010018303103973506
0.003192939409956941,Joy,Fear,0.039938278918453286
0.003192939409956941,Joy,Happiness,0.10560746329255957
0.003192939409956941,Joy,Joy,0.3549076706436457
0.003192939409956941,Joy,Pride,0.27053427781202166
0.003192939409956941,Joy,Sadness,0.019744932852861632
0.003192939409956941,Joy,Shame,0.19924907337648456
0.003192939409956941,Pride,Boredom,0.12626429965140784
0.003192939409956941,Pride,Fear,0.039731495873071385
0.003192939409956941,Pride,Happiness,0.2539484794954647
0.003192939409956941,Pride,Joy,0.1512803694298219
0.003192939409956941,Pride,Pride,0.23428817668569557
0.003192939409956941,Pride,Sadness,0.028887529642134892
0.003192939409956941,Pride,Shame,0.1655996492224042
0.003192939409956941,Sadness,Boredom,0.021969844829532667
0.003192939409956941,Sadness,Fear,0.30329556178062533
0.003192939409956941,Sadness,Happiness,0.034577846303698256
0.003192939409956941,Sadness,Joy,0.01421374337566614
0.003192939409956941,Sadness,Pride,0.020932759287788413
0.003192939409956941,Sadness,Sadness,0.48563812117462624
0.003192939409956941,Sadness,Shame,0.11937212324806351
0.003192939409956941,Shame,Boredom,0.006235755822135131
0.003192939409956941,Shame,Fear,0.4777326378895077
0.003192939409956941,Shame,Happiness,0.020617272005181184
0.003192939409956941,Shame,Joy,0.06341871510678963
0.003192939409956941,Shame,Pride,0.050022607497197634
0.003192939409956941,Shame,Sadness,0.20033776566460473
0.003192939409956941,Shame,Shame,0.1816352460145841
0.0031738565138301946,Boredom,Boredom,0.48069125231825766
0.0031738565138301946,Boredom,Fear,0.01002792401355215
0.0031738565138301946,Boredom,Happiness,0.3163183409947538
0.0031738565138301946,Boredom,Joy,0.025587733233546645
0.0031738565138301946,Boredom,Pride,0.0758211666953165
0.0031738565138301946,Boredom,Sadness,0.02287493731812757
0.0031738565138301946,Boredom,Shame,0.06867864542644547
0.0031738565138301946,Fear,Boredom,0.0043269470213987615
0.0031738565138301946,Fear,Fear,0.44180938294596656
0.0031738565138301946,Fear,Happiness,0.015234463717691623
0.0031738565138301946,Fear,Joy,0.041875797182063405
0.0031738565138301946,Fear,Pride,0.027251199257418545
0.0031738565138301946,Fear,Sadness,0.2982920114467837
0.0031738565138301946,Fear,Shame,0.1712101984286776
0.0031738565138301946,Happiness,Boredom,0.1336456082560395
0.0031738565138301946,Happiness,Fear,0.010789758554192093
0.0031738565138301946,Happiness,Happiness,0.29278916044552855
0.0031738565138301946,Happiness,Joy,0.08753743781991588
0.0031738565138301946,Happiness,Pride,0.2498187233433769
0.0031738565138301946,Happiness,Sadness,0.02024681648732371
0.0031738565138301946,Happiness,Shame,0.20517249509362348
0.0031738565138301946,Joy,Boredom,0.00921547978973133
0.0031738565138301946,Joy,Fear,0.03863984162698117
0.0031738565138301946,Joy,Happiness,0.09725115090844162
0.0031738565138301946,Joy,Joy,0.3276785560566572
0.0031738565138301946,Joy,Pride,0.27586877723048986
0.0031738565138301946,Joy,Sadness,0.021594868924060904
0.0031738565138301946,Joy,Shame,0.22975132546363802
0.0031738565138301946,Pride,Boredom,0.11306663517281561
0.0031738565138301946,Pride,Fear,0.03455176642492424
0.0031738565138301946,Pride,Happiness,0.21332953880619426
0.0031738565138301946,Pride,Joy,0.17226518680808717
0.0031738565138301946,Pride,Pride,0.24214751440548093
0.0031738565138301946,Pride,Sadness,0.03042830741081889
0.0031738565138301946,Pride,Shame,0.19421105097167898
0.0031738565138301946,Sadness,Boredom,0.021347672709093095
0.0031738565138301946,Sadness,Fear,0.2301246239530171
0.0031738565138301946,Sadness,Happiness,0.036646531381841485
0.0031738565138301946,Sadness,Joy,0.02041634724897837
0.0031738565138301946,Sadness,Pride,0.027548363121489342
0.0031738565138301946,Sadness,Sadness,0.4964379977608111
0.0031738565138301946,Sadness,Shame,0.1674784638247691
0.0031738565138301946,Shame,Boredom,0.00797168396362406
0.0031738565138301946,Shame,Fear,0.3725092436937475
0.0031738565138301946,Shame,Happiness,0.024757407713212602
0.0031738565138301946,Shame,Joy,0.0764545931080612
0.0031738565138301946,Shame,Pride,0.05761100351499776
0.0031738565138301946,Shame,Sadness,0.2350081781914094
0.0031738565138301946,Shame,Shame,0.2256878898149473
0.0031037020203283413,Boredom,Boredom,0.5124804825018291
0.0031037020203283413,Boredom,Fear,0.00613937356431902
0.0031037020203283413,Boredom,Happiness,0.33271813486572505
0.0031037020203283413,Boredom,Joy,0.016060724931639576
0.0031037020203283413,Boredom,Pride,0.0640931193294637
0.0031037020203283413,Boredom,Sadness,0.015222952624912411
0.0031037020203283413,Boredom,Shame,0.05328521218211127
0.0031037020203283413,Fear,Boredom,0.0024889900157676103
0.0031037020203283413,Fear,Fear,0.5444690135228641
0.0031037020203283413,Fear,Happiness,0.008377827603142764
0.0031037020203283413,Fear,Joy,0.03162743454970621
0.0031037020203283413,Fear,Pride,0.019641546838482654
0.0031037020203283413,Fear,Sadness,0.260001291078778
0.0031037020203283413,Fear,Shame,0.1333938963912583
0.0031037020203283413,Happiness,Boredom,0.14288770059651446
0.0031037020203283413,Happiness,Fear,0.007646124481763503
0.0031037020203283413,Happiness,Happiness,0.3255197488426709
0.0031037020203283413,Happiness,Joy,0.06793140080652997
0.0031037020203283413,Happiness,Pride,0.24632647809961655
0.0031037020203283413,Happiness,Sadness,0.01557174509351976
0.0031037020203283413,Happiness,Shame,0.19411680207938495
0.0031037020203283413,Joy,Boredom,0.0079823688380063
0.0031037020203283413,Joy,Fear,0.03598971552618258
0.0031037020203283413,Joy,Happiness,0.0841046436962507
0.0031037020203283413,Joy,Joy,0.3473535215303075
0.0031037020203283413,Joy,Pride,0.2783631482225658
0.0031037020203283413,Joy,Sadness,0.016170945252482284
0.0031037020203283413,Joy,Shame,0.23003565693420472
0.0031037020203283413,Pride,Boredom,0.11191565157916346
0.0031037020203283413,Pride,Fear,0.03559195506606859
0.0031037020203283413,Pride,Happiness,0.2401842458704765
0.0031037020203283413,Pride,Joy,0.15171990866450544
0.0031037020203283413,Pride,Pride,0.23757142459057976
0.0031037020203283413,Pride,Sadness,0.02876798221702428
0.0031037020203283413,Pride,Shame,0.19424883201218215
0.0031037020203283413,Sadness,Boredom,0.018183537781096448
0.0031037020203283413,Sadness,Fear,0.2448111817690735
0.0031037020203283413,Sadness,Happiness,0.029902247784705283
0.0031037020203283413,Sadness,Joy,0.01348622834216862
0.0031037020203283413,Sadness,Pride,0.021306382019884097
0.0031037020203283413,Sadness,Sadness,0.5400272687506793
0.0031037020203283413,Sadness,Shame,0.13228315355239278
0.0031037020203283413,Shame,Boredom,0.006634302899036973
0.0031037020203283413,Shame,Fear,0.4374329677361197
0.0031037020203283413,Shame,Happiness,0.01865424593813676
0.0031037020203283413,Shame,Joy,0.06750733702277478
0.0031037020203283413,Shame,Pride,0.058873597669321036
0.0031037020203283413,Shame,Sadness,0.19083341973395482
0.0031037020203283413,Shame,Shame,0.22006412900065625
0.0033728934541714575,Boredom,Boredom,0.5165431592102848
0.0033728934541714575,Boredom,Fear,0.007498679305816271
0.0033728934541714575,Boredom,Happiness,0.329028633540552
0.0033728934541714575,Boredom,Joy,0.01645858369116172
0.0033728934541714575,Boredom,Pride,0.06480278762332324
0.0033728934541714575,Boredom,Sadness,0.01636967751128218
0.0033728934541714575,Boredom,Shame,0.04929847911757954
0.0033728934541714575,Fear,Boredom,0.0024391009729280862
0.0033728934541714575,Fear,Fear,0.5847757536043462
0.0033728934541714575,Fear,Happiness,0.008919714867644944
0.0033728934541714575,Fear,Joy,0.029096373655187826
0.0033728934541714575,Fear,Pride,0.01726253939620807
0.0033728934541714575,Fear,Sadness,0.24382096823975918
0.0033728934541714575,Fear,Shame,0.11368554926392534
0.0033728934541714575,Happiness,Boredom,0.1495755737599697
0.0033728934541714575,Happiness,Fear,0.011897410042269687
0.0033728934541714575,Happiness,Happiness,0.3252187234530402
0.0033728934541714575,Happiness,Joy,0.06835772851143004
0.0033728934541714575,Happiness,Pride,0.24365078502644852
0.0033728934541714575,Happiness,Sadness,0.021139373950501184
0.0033728934541714575,Happiness,Shame,0.18016040525634064
0.0033728934541714575,Joy,Boredom,0.010729445738080986
0.0033728934541714575,Joy,Fear,0.04227292074389111
0.0033728934541714575,Joy,Happiness,0.08726934471207372
0.0033728934541714575,Joy,Joy,0.3578099458072958
0.0033728934541714575,Joy,Pride,0.27528830489335543
0.0033728934541714575,Joy,Sadness,0.022273936821628957
0.0033728934541714575,Joy,Shame,0.20435610128367407
0.0033728934541714575,Pride,Boredom,0.10768892586326753
0.0033728934541714575,Pride,Fear,0.04331502546325366
0.0033728934541714575,Pride,Happiness,0.26521895284282515
0.0033728934541714575,Pride,Joy,0.14192106047315187
0.0033728934541714575,Pride,Pride,0.24187244857887208
0.0033728934541714575,Pride,Sadness,0.031228820018476683
0.0033728934541714575,Pride,Shame,0.1687547667601529
0.0033728934541714575,Sadness,Boredom,0.02030945441929706
0.0033728934541714575,Sadness,Fear,0.29622835728836827
0.0033728934541714575,Sadness,Happiness,0.032946738886764616
0.0033728934541714575,Sadness,Joy,0.012652451271163934
0.0033728934541714575,Sadness,Pride,0.020063356622430792
0.0033728934541714575,Sadness,Sadness,0.5043331852164952
0.0033728934541714575,Sadness,Shame,0.11346645629548015
0.0033728934541714575,Shame,Boredom,0.005961989635223571
0.0033728934541714575,Shame,Fear,0.49277578309449155
0.0033728934541714575,Shame,Happiness,0.017711211608609202
0.0033728934541714575,Shame,Joy,0.06050492092196295
0.0033728934541714575,Shame,Pride,0.047355058271538054
0.0033728934541714575,Shame,Sadness,0.20008581486514793
0.0033728934541714575,Shame,Shame,0.17560522160302608
0.0031781462310671808,Boredom,Boredom,0.5260113327009658
0.0031781462310671808,Boredom,Fear,0.006858104119198856
0.0031781462310671808,Boredom,Happiness,0.3256261151582085
0.0031781462310671808,Boredom,Joy,0.01656429796514592
0.0031781462310671808,Boredom,Pride,0.062270845315698896
0.0031781462310671808,Boredom,Sadness,0.01466581255302995
0.0031781462310671808,Boredom,Shame,0.04800349218775212
0.0031781462310671808,Fear,Boredom,0.0024998450875706084
0.0031781462310671808,Fear,Fear,0.5739325960662595
0.0031781462310671808,Fear,Happiness,0.010187191165603269
0.0031781462310671808,Fear,Joy,0.0300516710600812
0.0031781462310671808,Fear,Pride,0.01772586515094752
0.0031781462310671808,Fear,Sadness,0.24965256910526595
0.0031781462310671808,Fear,Shame,0.11595026236427175
0.0031781462310671808,Happiness,Boredom,0.1573473392018446
0.0031781462310671808,Happiness,Fear,0.010643646113600951
0.0031781462310671808,Happiness,Happiness,0.32526779597791516
0.0031781462310671808,Happiness,Joy,0.07403635117624056
0.0031781462310671808,Happiness,Pride,0.24160122439451157
0.0031781462310671808,Happiness,Sadness,0.01920232698757654
0.0031781462310671808,Happiness,Shame,0.17190131614831036
0.0031781462310671808,Joy,Boredom,0.010105153274205728
0.0031781462310671808,Joy,Fear,0.03982070444161785
0.0031781462310671808,Joy,Happiness,0.10767163213308066
0.0031781462310671808,Joy,Joy,0.35420853243457584
0.0031781462310671808,Joy,Pride,0.27006749202165603
0.0031781462310671808,Joy,Sadness,0.01945340162931056
0.0031781462310671808,Joy,Shame,0.1986730840655531
0.0031781462310671808,Pride,Boredom,0.12001530601267721
0.0031781462310671808,Pride,Fear,0.03861920497514761
0.0031781462310671808,Pride,Happiness,0.2557342903063298
0.0031781462310671808,Pride,Joy,0.15272941488213915
0.0031781462310671808,Pride,Pride,0.23641820180043002
0.0031781462310671808,Pride,Sadness,0.029177299320457272
0.0031781462310671808,Pride,Shame,0.16730628270281875
0.0031781462310671808,Sadness,Boredom,0.021721701698653045
0.0031781462310671808,Sadness,Fear,0.3035776835494535
0.0031781462310671808,Sadness,Happiness,0.0343018545046312
0.0031781462310671808,Sadness,Joy,0.01403681078876736
0.0031781462310671808,Sadness,Pride,0.02080624706470044
0.0031781462310671808,Sadness,Sadness,0.4886902283395495
0.0031781462310671808,Sadness,Shame,0.11686547405424519
0.0031781462310671808,Shame,Boredom,0.0062211810134096945
0.0031781462310671808,Shame,Fear,0.47854186242970637
0.0031781462310671808,Shame,Happiness,0.020974338668105375
0.0031781462310671808,Shame,Joy,0.06330998325066998
0.0031781462310671808,Shame,Pride,0.052931362822950224
0.0031781462310671808,Shame,Sadness,0.1975953569079979
0.0031781462310671808,Shame,Shame,0.1804259149071603
0.0031394252984755203,Boredom,Boredom,0.5272565528954917
0.0031394252984755203,Boredom,Fear,0.006896789946105407
0.0031394252984755203,Boredom,Happiness,0.32452270102564074
0.0031394252984755203,Boredom,Joy,0.016550679567869056
0.0031394252984755203,Boredom,Pride,0.06196475277061495
0.0031394252984755203,Boredom,Sadness,0.014717414995007668
0.0031394252984755203,Boredom,Shame,0.04809110879927021
0.0031394252984755203,Fear,Boredom,0.002593701997716117
0.0031394252984755203,Fear,Fear,0.5664323564059612
0.0031394252984755203,Fear,Happiness,0.010489381612924502
0.0031394252984755203,Fear,Joy,0.03071336865798591
0.0031394252984755203,Fear,Pride,0.01803054524788872
0.0031394252984755203,Fear,Sadness,0.2528181053255335
0.0031394252984755203,Fear,Shame,0.11892254075198971
0.0031394252984755203,Happiness,Boredom,0.1523878048840304
0.0031394252984755203,Happiness,Fear,0.01121692953492273
0.0031394252984755203,Happiness,Happiness,0.32663700159956666
0.0031394252984755203,Happiness,Joy,0.07503198556033978
0.0031394252984755203,Happiness,Pride,0.2425560108820225
0.0031394252984755203,Happiness,Sadness,0.01958345612633166
0.0031394252984755203,Happiness,Shame,0.172586811412786
0.0031394252984755203,Joy,Boredom,0.010085173947538535
0.0031394252984755203,Joy,Fear,0.03984525305089788
0.0031394252984755203,Joy,Happiness,0.10842718572545951
0.0031394252984755203,Joy,Joy,0.3533791888953841
0.0031394252984755203,Joy,Pride,0.26988850137674064
0.0031394252984755203,Joy,Sadness,0.019354609352137297
0.0031394252984755203,Joy,Shame,0.19902008765184215
0.0031394252984755203,Pride,Boredom,0.1215515437068109
0.0031394252984755203,Pride,Fear,0.03842039456148202
0.0031394252984755203,Pride,Happiness,0.25539177051241485
0.0031394252984755203,Pride,Joy,0.1525041613789735
0.0031394252984755203,Pride,Pride,0.23662293291826011
0.0031394252984755203,Pride,Sadness,0.028497524337102266
0.0031394252984755203,Pride,Shame,0.1670116725849563
0.0031394252984755203,Sadness,Boredom,0.02182395150242291
0.0031394252984755203,Sadness,Fear,0.3054569969708978
0.0031394252984755203,Sadness,Happiness,0.03473262714212768
0.0031394252984755203,Sadness,Joy,0.01429568654128796
0.0031394252984755203,Sadness,Pride,0.021299495709187304
0.0031394252984755203,Sadness,Sadness,0.4833786188979368
0.0031394252984755203,Sadness,Shame,0.11901262323613952
0.0031394252984755203,Shame,Boredom,0.006295459078308585
0.0031394252984755203,Shame,Fear,0.47445013649520046
0.0031394252984755203,Shame,Happiness,0.021118994463387487
0.0031394252984755203,Shame,Joy,0.0639671669267227
0.0031394252984755203,Shame,Pride,0.05106375665374925
0.0031394252984755203,Shame,Sadness,0.20078081280741322
0.0031394252984755203,Shame,Shame,0.1823236735752182
0.0031502007957132953,Boredom,Boredom,0.48280693221848014
0.0031502007957132953,Boredom,Fear,0.008515866354085369
0.0031502007957132953,Boredom,Happiness,0.3253232317879742
0.0031502007957132953,Boredom,Joy,0.02170185455683616
0.0031502007957132953,Boredom,Pride,0.07379346460331582
0.0031502007957132953,Boredom,Sadness,0.020552171087316
0.0031502007957132953,Boredom,Shame,0.06730647939199264
0.0031502007957132953,Fear,Boredom,0.003812215391326855
0.0031502007957132953,Fear,Fear,0.45221394210999677
0.0031502007957132953,Fear,Happiness,0.011927919211189464
0.0031502007957132953,Fear,Joy,0.04016047478298621
0.0031502007957132953,Fear,Pride,0.026643405703964132
0.0031502007957132953,Fear,Sadness,0.29130993271246247
0.0031502007957132953,Fear,Shame,0.17393211008807455
0.0031502007957132953,Happiness,Boredom,0.126848823871648
0.0031502007957132953,Happiness,Fear,0.008143537276406779
0.0031502007957132953,Happiness,Happiness,0.29823322264760405
0.0031502007957132953,Happiness,Joy,0.07704018836771484
0.0031502007957132953,Happiness,Pride,0.25121114727292215
0.0031502007957132953,Happiness,Sadness,0.017245514052945256
0.0031502007957132953,Happiness,Shame,0.22127756651075864
0.0031502007957132953,Joy,Boredom,0.007850586761103397
0.0031502007957132953,Joy,Fear,0.035830832454200594
0.0031502007957132953,Joy,Happiness,0.08407012756014097
0.0031502007957132953,Joy,Joy,0.3274215170678719
0.0031502007957132953,Joy,Pride,0.2796062646720403
0.0031502007957132953,Joy,Sadness,0.018711979217232635
0.0031502007957132953,Joy,Shame,0.24650869226741043
0.0031502007957132953,Pride,Boredom,0.09852122336089647
0.0031502007957132953,Pride,Fear,0.03367596184122236
0.0031502007957132953,Pride,Happiness,0.21306758154913064
0.0031502007957132953,Pride,Joy,0.16677226935876258
0.0031502007957132953,Pride,Pride,0.2442996849257719
0.0031502007957132953,Pride,Sadness,0.03089047069755343
0.0031502007957132953,Pride,Shame,0.21277280826666245
0.0031502007957132953,Sadness,Boredom,0.018959596047636293
0.0031502007957132953,Sadness,Fear,0.21776227404103016
0.0031502007957132953,Sadness,Happiness,0.03312848498153836
0.0031502007957132953,Sadness,Joy,0.018445227385548085
0.0031502007957132953,Sadness,Pride,0.02691386240378081
0.0031502007957132953,Sadness,Sadness,0.513786791308698
0.0031502007957132953,Sadness,Shame,0.17100376383176819
0.0031502007957132953,Shame,Boredom,0.007719907451755185
0.0031502007957132953,Shame,Fear,0.3675477731802907
0.0031502007957132953,Shame,Happiness,0.021487438258220137
0.0031502007957132953,Shame,Joy,0.07583710714026586
0.0031502007957132953,Shame,Pride,0.06328270489484959
0.0031502007957132953,Shame,Sadness,0.21752329218906993
0.0031502007957132953,Shame,Shame,0.24660177688554832
0.003275279886958532,Boredom,Boredom,0.48388036073247065
0.003275279886958532,Boredom,Fear,0.008883786719816817
0.003275279886958532,Boredom,Happiness,0.3239001565371143
0.003275279886958532,Boredom,Joy,0.021161674789348137
0.003275279886958532,Boredom,Pride,0.07390850306811095
0.003275279886958532,Boredom,Sadness,0.021539032979873415
0.003275279886958532,Boredom,Shame,0.0667264851732655
0.003275279886958532,Fear,Boredom,0.0036968819932260005
0.003275279886958532,Fear,Fear,0.4650252270789721
0.003275279886958532,Fear,Happiness,0.011908335755785775
0.003275279886958532,Fear,Joy,0.03885943140747336
0.003275279886958532,Fear,Pride,0.02541133558146505
0.003275279886958532,Fear,Sadness,0.2913020214056575
0.003275279886958532,Fear,Shame,0.16379676677742025
0.003275279886958532,Happiness,Boredom,0.1396316958151357
0.003275279886958532,Happiness,Fear,0.009165950766059834
0.003275279886958532,Happiness,Happiness,0.30098968923726904
0.003275279886958532,Happiness,Joy,0.07293915266856643
0.003275279886958532,Happiness,Pride,0.2504319844102857
0.003275279886958532,Happiness,Sadness,0.018236884866421308
0.003275279886958532,Happiness,Shame,0.20860464223626204
0.003275279886958532,Joy,Boredom,0.008492975796316665
0.003275279886958532,Joy,Fear,0.037607841448456136
0.003275279886958532,Joy,Happiness,0.08284929646008153
0.003275279886958532,Joy,Joy,0.3309367404768181
0.003275279886958532,Joy,Pride,0.27954257377691916
0.003275279886958532,Joy,Sadness,0.01970385402164078
0.003275279886958532,Joy,Shame,0.24086671801976783
0.003275279886958532,Pride,Boredom,0.10727296683997922
0.003275279886958532,Pride,Fear,0.03518662850674555
0.003275279886958532,Pride,Happiness,0.21911669191548047
0.003275279886958532,Pride,Joy,0.1638820546218083
0.003275279886958532,Pride,Pride,0.24131639759469556
0.003275279886958532,Pride,Sadness,0.03084547307575287
0.003275279886958532,Pride,Shame,0.20237978744553825
0.003275279886958532,Sadness,Boredom,0.0184362080397812
0.003275279886958532,Sadness,Fear,0.2180460079050895
0.003275279886958532,Sadness,Happiness,0.03275917618995754
0.003275279886958532,Sadness,Joy,0.017524855035244424
0.003275279886958532,Sadness,Pride,0.025352765084947167
0.003275279886958532,Sadness,Sadness,0.5288643370387485
0.003275279886958532,Sadness,Shame,0.1590166507062315
0.003275279886958532,Shame,Boredom,0.007615045815268959
0.003275279886958532,Shame,Fear,0.38386274900254136
0.003275279886958532,Shame,Happiness,0.02126187289110396
0.003275279886958532,Shame,Joy,0.07375760326472261
0.003275279886958532,Shame,Pride,0.05897050954881212
0.003275279886958532,Shame,Sadness,0.22218783970103936
0.003275279886958532,Shame,Shame,0.23234437977651143
0.0032516815952112425,Boredom,Boredom,0.4848503366047446
0.0032516815952112425,Boredom,Fear,0.008919950367585317
0.0032516815952112425,Boredom,Happiness,0.32503098759361565
0.0032516815952112425,Boredom,Joy,0.020972154392133315
0.0032516815952112425,Boredom,Pride,0.07373852398509857
0.0032516815952112425,Boredom,Sadness,0.020654965238108596
0.0032516815952112425,Boredom,Shame,0.06583308181871382
0.0032516815952112425,Fear,Boredom,0.0037157845032327343
0.0032516815952112425,Fear,Fear,0.45821479954389294
0.0032516815952112425,Fear,Happiness,0.011762697750193946
0.0032516815952112425,Fear,Joy,0.03957444051126297
0.0032516815952112425,Fear,Pride,0.02618154554043094
0.0032516815952112425,Fear,Sadness,0.2915836098863809
0.0032516815952112425,Fear,Shame,0.1689671222646055
0.0032516815952112425,Happiness,Boredom,0.13213312954834197
0.0032516815952112425,Happiness,Fear,0.009458967758126123
0.0032516815952112425,Happiness,Happiness,0.30035561361905966
0.0032516815952112425,Happiness,Joy,0.07337812546104579
0.0032516815952112425,Happiness,Pride,0.2505230139359086
0.0032516815952112425,Happiness,Sadness,0.018431660839483995
0.0032516815952112425,Happiness,Shame,0.21571948883803402
0.0032516815952112425,Joy,Boredom,0.008430836986062158
0.0032516815952112425,Joy,Fear,0.03795075927132281
0.0032516815952112425,Joy,Happiness,0.08249732595836595
0.0032516815952112425,Joy,Joy,0.3310473553399648
0.0032516815952112425,Joy,Pride,0.28035646924509916
0.0032516815952112425,Joy,Sadness,0.02018817533529414
0.0032516815952112425,Joy,Shame,0.23952907786389102
0.0032516815952112425,Pride,Boredom,0.09660682773105089
0.0032516815952112425,Pride,Fear,0.03619803016436338
0.0032516815952112425,Pride,Happiness,0.21921694759827542
0.0032516815952112425,Pride,Joy,0.16639509422194124
0.0032516815952112425,Pride,Pride,0.24480848511948464
0.0032516815952112425,Pride,Sadness,0.032002510588950046
0.0032516815952112425,Pride,Shame,0.20477210457593434
0.0032516815952112425,Sadness,Boredom,0.01874088697897765
0.0032516815952112425,Sadness,Fear,0.21799407726000983
0.0032516815952112425,Sadness,Happiness,0.03272184270102012
0.0032516815952112425,Sadness,Joy,0.017816586365306468
0.0032516815952112425,Sadness,Pride,0.026060769977821207
0.0032516815952112425,Sadness,Sadness,0.5235903901513447
0.0032516815952112425,Sadness,Shame,0.16307544656552003
0.0032516815952112425,Shame,Boredom,0.007412842675409177
0.0032516815952112425,Shame,Fear,0.37933628908432315
0.0032516815952112425,Shame,Happiness,0.020725391935001725
0.0032516815952112425,Shame,Joy,0.07385721842028037
0.0032516815952112425,Shame,Pride,0.06270647999534196
0.0032516815952112425,Shame,Sadness,0.22161411769992015
0.0032516815952112425,Shame,Shame,0.23434766018972344
0.0032583692056952713,Boredom,Boredom,0.482057585106995
0.0032583692056952713,Boredom,Fear,0.009818028250607538
0.0032583692056952713,Boredom,Happiness,0.3213341378424075
0.0032583692056952713,Boredom,Joy,0.022375276908258888
0.0032583692056952713,Boredom,Pride,0.07327067142407104
0.0032583692056952713,Boredom,Sadness,0.02487216174358247
0.0032583692056952713,Boredom,Shame,0.06627213872407814
0.0032583692056952713,Fear,Boredom,0.003972479604918151
0.0032583692056952713,Fear,Fear,0.45195445840857257
0.0032583692056952713,Fear,Happiness,0.013207575476973443
0.0032583692056952713,Fear,Joy,0.0403106667232669
0.0032583692056952713,Fear,Pride,0.026083629982828562
0.0032583692056952713,Fear,Sadness,0.29583335535267197
0.0032583692056952713,Fear,Shame,0.1686378344507683
0.0032583692056952713,Happiness,Boredom,0.13174981029076227
0.0032583692056952713,Happiness,Fear,0.011434761193022317
0.0032583692056952713,Happiness,Happiness,0.300357680788232
0.0032583692056952713,Happiness,Joy,0.07897926739256841
0.0032583692056952713,Happiness,Pride,0.2506836958519014
0.0032583692056952713,Happiness,Sadness,0.020748066903757786
0.0032583692056952713,Happiness,Shame,0.20604671757975554
0.0032583692056952713,Joy,Boredom,0.009235266911094558
0.0032583692056952713,Joy,Fear,0.03936796992573223
0.0032583692056952713,Joy,Happiness,0.08865562522465396
0.0032583692056952713,Joy,Joy,0.33165978695856674
0.0032583692056952713,Joy,Pride,0.27749297493613656
0.0032583692056952713,Joy,Sadness,0.02211331481005965
0.0032583692056952713,Joy,Shame,0.2314750612337563
0.0032583692056952713,Pride,Boredom,0.09995384865984544
0.0032583692056952713,Pride,Fear,0.03560937828708229
0.0032583692056952713,Pride,Happiness,0.2198772454370972
0.0032583692056952713,Pride,Joy,0.17002807612223464
0.0032583692056952713,Pride,Pride,0.24458226887886636
0.0032583692056952713,Pride,Sadness,0.03317047276965797
0.0032583692056952713,Pride,Shame,0.19677870984521617
0.0032583692056952713,Sadness,Boredom,0.01918502670707359
0.0032583692056952713,Sadness,Fear,0.2252556935496629
0.0032583692056952713,Sadness,Happiness,0.03466975260625888
0.0032583692056952713,Sadness,Joy,0.018950133418187323
0.0032583692056952713,Sadness,Pride,0.026657864801220475
0.0032583692056952713,Sadness,Sadness,0.5121735401662961
0.0032583692056952713,Sadness,Shame,0.1631079887513007
0.0032583692056952713,Shame,Boredom,0.007644659782075762
0.0032583692056952713,Shame,Fear,0.3869322885523651
0.0032583692056952713,Shame,Happiness,0.021652765845620165
0.0032583692056952713,Shame,Joy,0.07371350063542949
0.0032583692056952713,Shame,Pride,0.04866505630886608
0.0032583692056952713,Shame,Sadness,0.23633436709689404
0.0032583692056952713,Shame,Shame,0.2250573617787494
0.003260927290540893,Boredom,Boredom,0.48259333399291826
0.003260927290540893,Boredom,Fear,0.009541617433227552
0.003260927290540893,Boredom,Happiness,0.32123578317062956
0.003260927290540893,Boredom,Joy,0.022418848616258497
0.003260927290540893,Boredom,Pride,0.07489678860186816
0.003260927290540893,Boredom,Sadness,0.022277920539138078
0.003260927290540893,Boredom,Shame,0.06703570764595981
0.003260927290540893,Fear,Boredom,0.003927034319414195
0.003260927290540893,Fear,Fear,0.45635896267209886
0.003260927290540893,Fear,Happiness,0.013133894030590731
0.003260927290540893,Fear,Joy,0.040121545108581486
0.003260927290540893,Fear,Pride,0.025974844557591886
0.003260927290540893,Fear,Sadness,0.2944602165942824
0.003260927290540893,Fear,Shame,0.16602350271744057
0.003260927290540893,Happiness,Boredom,0.13193168607904082
0.003260927290540893,Happiness,Fear,0.01053616827013627
0.003260927290540893,Happiness,Happiness,0.2991163359655849
0.003260927290540893,Happiness,Joy,0.07814915866495885
0.003260927290540893,Happiness,Pride,0.25078757063935536
0.003260927290540893,Happiness,Sadness,0.01994592112450381
0.003260927290540893,Happiness,Shame,0.20953315925642024
0.003260927290540893,Joy,Boredom,0.0090399507727373
0.003260927290540893,Joy,Fear,0.038911267411157746
0.003260927290540893,Joy,Happiness,0.08773233678861155
0.003260927290540893,Joy,Joy,0.3310846292860345
0.003260927290540893,Joy,Pride,0.27785364154894093
0.003260927290540893,Joy,Sadness,0.021309521271680187
0.003260927290540893,Joy,Shame,0.2340686529208381
0.003260927290540893,Pride,Boredom,0.10213398179337534
0.003260927290540893,Pride,Fear,0.03584103714984638
0.003260927290540893,Pride,Happiness,0.2186758462455072
0.003260927290540893,Pride,Joy,0.1692050729933367
0.003260927290540893,Pride,Pride,0.24390245829578502
0.003260927290540893,Pride,Sadness,0.03168331483462076
0.003260927290540893,Pride,Shame,0.19855828868752887
0.003260927290540893,Sadness,Boredom,0.019095328791770363
0.003260927290540893,Sadness,Fear,0.22358305666731668
0.003260927290540893,Sadness,Happiness,0.034314448355178544
0.003260927290540893,Sadness,Joy,0.018705697961739653
0.003260927290540893,Sadness,Pride,0.026438341872495098
0.003260927290540893,Sadness,Sadness,0.5167341323643642
0.003260927290540893,Sadness,Shame,0.16112899398713484
0.003260927290540893,Shame,Boredom,0.00764205305089218
0.003260927290540893,Shame,Fear,0.38293078905230854
0.003260927290540893,Shame,Happiness,0.022229632335891442
0.003260927290540893,Shame,Joy,0.07435207416562017
0.003260927290540893,Shame,Pride,0.05685087284303706
0.003260927290540893,Shame,Sadness,0.23001850534252452
0.003260927290540893,Shame,Shame,0.22597607320972643
0.003502874708297481,Boredom,Boredom,0.5380775508398838
0.003502874708297481,Boredom,Fear,0.004939256886989317
0.003502874708297481,Boredom,Happiness,0.3342735320433527
0.003502874708297481,Boredom,Joy,0.012723236463306574
0.003502874708297481,Boredom,Pride,0.05711838633548424
0.003502874708297481,Boredom,Sadness,0.012072490602729769
0.003502874708297481,Boredom,Shame,0.04079554682825356
0.003502874708297481,Fear,Boredom,0.0013676456239463224
0.003502874708297481,Fear,Fear,0.6622186916075523
0.003502874708297481,Fear,Happiness,0.004918181238844103
0.003502874708297481,Fear,Joy,0.021569770174123933
0.003502874708297481,Fear,Pride,0.012831664209023742
0.003502874708297481,Fear,Sadness,0.21348871951278833
0.003502874708297481,Fear,Shame,0.0836053276337213
0.003502874708297481,Happiness,Boredom,0.14459808965776005
0.003502874708297481,Happiness,Fear,0.008208052608228985
0.003502874708297481,Happiness,Happiness,0.34123614976775446
0.003502874708297481,Happiness,Joy,0.06399012172115234
0.003502874708297481,Happiness,Pride,0.24108860179726238
0.003502874708297481,Happiness,Sadness,0.01664738091100613
0.003502874708297481,Happiness,Shame,0.1842316035368354
0.003502874708297481,Joy,Boredom,0.009208965971078406
0.003502874708297481,Joy,Fear,0.038918386059619337
0.003502874708297481,Joy,Happiness,0.07829353300617181
0.003502874708297481,Joy,Joy,0.37043572169429884
0.003502874708297481,Joy,Pride,0.27844958906030676
0.003502874708297481,Joy,Sadness,0.016440254211705523
0.003502874708297481,Joy,Shame,0.20825354999681905
0.003502874708297481,Pride,Boredom,0.10656880579694991
0.003502874708297481,Pride,Fear,0.04748377352348242
0.003502874708297481,Pride,Happiness,0.28142170019582263
0.003502874708297481,Pride,Joy,0.10871882678321872
0.003502874708297481,Pride,Pride,0.24521508856804408
0.003502874708297481,Pride,Sadness,0.03356231544429409
0.003502874708297481,Pride,Shame,0.17702948968818835
0.003502874708297481,Sadness,Boredom,0.018026950641817918
0.003502874708297481,Sadness,Fear,0.28294910215165625
0.003502874708297481,Sadness,Happiness,0.027095580049013437
0.003502874708297481,Sadness,Joy,0.008774442176190674
0.003502874708297481,Sadness,Pride,0.01812992900296612
0.003502874708297481,Sadness,Sadness,0.5581694080141464
0.003502874708297481,Sadness,Shame,0.08685458796420908
0.003502874708297481,Shame,Boredom,0.004914870605884164
0.003502874708297481,Shame,Fear,0.5457612885682621
0.003502874708297481,Shame,Happiness,0.013772383505312279
0.003502874708297481,Shame,Joy,0.052059406945800565
0.003502874708297481,Shame,Pride,0.05096662489510892
0.003502874708297481,Shame,Sadness,0.16326890525598153
0.003502874708297481,Shame,Shame,0.16925652022365031
0.003142524237187679,Boredom,Boredom,0.5056783095666136
0.003142524237187679,Boredom,Fear,0.00949062655032666
0.003142524237187679,Boredom,Happiness,0.3185991627527351
0.003142524237187679,Boredom,Joy,0.022071874605717766
0.003142524237187679,Boredom,Pride,0.06780978426984484
0.003142524237187679,Boredom,Sadness,0.021367362209104193
0.003142524237187679,Boredom,Shame,0.05498288004565758
0.003142524237187679,Fear,Boredom,0.003549733788621293
0.003142524237187679,Fear,Fear,0.5237311144167143
0.003142524237187679,Fear,Happiness,0.014826324729955638
0.003142524237187679,Fear,Joy,0.034093253103668716
0.003142524237187679,Fear,Pride,0.0211250049755628
0.003142524237187679,Fear,Sadness,0.2690127157151598
0.003142524237187679,Fear,Shame,0.13366185327031715
0.003142524237187679,Happiness,Boredom,0.15070670290802357
0.003142524237187679,Happiness,Fear,0.014648294735359033
0.003142524237187679,Happiness,Happiness,0.3144035014673469
0.003142524237187679,Happiness,Joy,0.08677529580811293
0.003142524237187679,Happiness,Pride,0.24541929847370977
0.003142524237187679,Happiness,Sadness,0.022929581980930064
0.003142524237187679,Happiness,Shame,0.16511732462651738
0.003142524237187679,Joy,Boredom,0.011637945487398037
0.003142524237187679,Joy,Fear,0.04269637300240601
0.003142524237187679,Joy,Happiness,0.1271883628611172
0.003142524237187679,Joy,Joy,0.33574927006213173
0.003142524237187679,Joy,Pride,0.2661629728652959
0.003142524237187679,Joy,Sadness,0.022169998335635956
0.003142524237187679,Joy,Shame,0.19439507738601583
0.003142524237187679,Pride,Boredom,0.1317018354172972
0.003142524237187679,Pride,Fear,0.0390208786394876
0.003142524237187679,Pride,Happiness,0.24718671813766868
0.003142524237187679,Pride,Joy,0.16125866451474855
0.003142524237187679,Pride,Pride,0.23550182985069296
0.003142524237187679,Pride,Sadness,0.028999340710581332
0.003142524237187679,Pride,Shame,0.1563307327295235
0.003142524237187679,Sadness,Boredom,0.02479437098255246
0.003142524237187679,Sadness,Fear,0.3076314339427258
0.003142524237187679,Sadness,Happiness,0.03834858813789901
0.003142524237187679,Sadness,Joy,0.01694959979710351
0.003142524237187679,Sadness,Pride,0.023336664405450097
0.003142524237187679,Sadness,Sadness,0.45857356281988665
0.003142524237187679,Sadness,Shame,0.13036577991438209
0.003142524237187679,Shame,Boredom,0.0070422817333752686
0.003142524237187679,Shame,Fear,0.4589230585285456
0.003142524237187679,Shame,Happiness,0.024536418244051495
0.003142524237187679,Shame,Joy,0.06537913720124958
0.003142524237187679,Shame,Pride,0.037343772503857474
0.003142524237187679,Shame,Sadness,0.22736323078322718
0.003142524237187679,Shame,Shame,0.1794121010056938
0.0031275579385320025,Boredom,Boredom,0.5093913473179454
0.0031275579385320025,Boredom,Fear,0.006986123817390036
0.0031275579385320025,Boredom,Happiness,0.32961044231457304
0.0031275579385320025,Boredom,Joy,0.017222299109088957
0.0031275579385320025,Boredom,Pride,0.06552265888291017
0.0031275579385320025,Boredom,Sadness,0.01660611064769226
0.0031275579385320025,Boredom,Shame,0.054661017910400504
0.0031275579385320025,Fear,Boredom,0.0028091787001100787
0.0031275579385320025,Fear,Fear,0.5328387352729717
0.0031275579385320025,Fear,Happiness,0.009676590116445578
0.0031275579385320025,Fear,Joy,0.033515966872127156
0.0031275579385320025,Fear,Pride,0.020698711568667857
0.0031275579385320025,Fear,Sadness,0.2609171464999917
0.0031275579385320025,Fear,Shame,0.13954367096968606
0.0031275579385320025,Happiness,Boredom,0.1447367508003486
0.0031275579385320025,Happiness,Fear,0.009258445111736058
0.0031275579385320025,Happiness,Happiness,0.32225100089814057
0.0031275579385320025,Happiness,Joy,0.07116351799222494
0.0031275579385320025,Happiness,Pride,0.24649474166853147
0.0031275579385320025,Happiness,Sadness,0.017143393424509334
0.0031275579385320025,Happiness,Shame,0.18895215010450891
0.0031275579385320025,Joy,Boredom,0.008581866513602406
0.0031275579385320025,Joy,Fear,0.03783498899927071
0.0031275579385320025,Joy,Happiness,0.08790519601127425
0.0031275579385320025,Joy,Joy,0.3457448520097039
0.0031275579385320025,Joy,Pride,0.27753684771153847
0.0031275579385320025,Joy,Sadness,0.01787874499563263
0.0031275579385320025,Joy,Shame,0.2245175037589777
0.0031275579385320025,Pride,Boredom,0.11525031253869969
0.0031275579385320025,Pride,Fear,0.036243623026922404
0.0031275579385320025,Pride,Happiness,0.23874198401438051
0.0031275579385320025,Pride,Joy,0.15611610965695305
0.0031275579385320025,Pride,Pride,0.23780073303478239
0.0031275579385320025,Pride,Sadness,0.02894525252211886
0.0031275579385320025,Pride,Shame,0.18690198520614307
0.0031275579385320025,Sadness,Boredom,0.018669293834032468
0.0031275579385320025,Sadness,Fear,0.24661884669625406
0.0031275579385320025,Sadness,Happiness,0.031049735028751656
0.0031275579385320025,Sadness,Joy,0.014404788327099273
0.0031275579385320025,Sadness,Pride,0.021495623132333327
0.0031275579385320025,Sadness,Sadness,0.5340291703348249
0.0031275579385320025,Sadness,Shame,0.13373254264670464
0.0031275579385320025,Shame,Boredom,0.006772408189970566
0.0031275579385320025,Shame,Fear,0.4388968171180739
0.0031275579385320025,Shame,Happiness,0.019458499198692965
0.0031275579385320025,Shame,Joy,0.06826633619802129
0.0031275579385320025,Shame,Pride,0.05400529078449416
0.0031275579385320025,Shame,Sadness,0.19874870369422964
0.0031275579385320025,Shame,Shame,0.2138519448165174
0.0030849151571022498,Boredom,Boredom,0.5127898748682946
0.0030849151571022498,Boredom,Fear,0.008639637237358607
0.0030849151571022498,Boredom,Happiness,0.3199045166302014
0.0030849151571022498,Boredom,Joy,0.021047468988264553
0.0030849151571022498,Boredom,Pride,0.06660312198442729
0.0030849151571022498,Boredom,Sadness,0.017823390784007624
0.0030849151571022498,Boredom,Shame,0.053191989507445275
0.0030849151571022498,Fear,Boredom,0.003385750083611357
0.0030849151571022498,Fear,Fear,0.531219935154156
0.0030849151571022498,Fear,Happiness,0.014219729253204718
0.0030849151571022498,Fear,Joy,0.034049349604120725
0.0030849151571022498,Fear,Pride,0.020573740735199377
0.0030849151571022498,Fear,Sadness,0.2652393791948841
0.0030849151571022498,Fear,Shame,0.13131211597482376
0.0030849151571022498,Happiness,Boredom,0.15858487104653124
0.0030849151571022498,Happiness,Fear,0.01331416000320348
0.0030849151571022498,Happiness,Happiness,0.3154593506106487
0.0030849151571022498,Happiness,Joy,0.08406863806357535
0.0030849151571022498,Happiness,Pride,0.24348211081795446
0.0030849151571022498,Happiness,Sadness,0.021117281643624128
0.0030849151571022498,Happiness,Shame,0.16397358781446295
0.0030849151571022498,Joy,Boredom,0.011265698826554761
0.0030849151571022498,Joy,Fear,0.04171893701353969
0.0030849151571022498,Joy,Happiness,0.12653903120376186
0.0030849151571022498,Joy,Joy,0.339542947751286
0.0030849151571022498,Joy,Pride,0.26685558364359196
0.0030849151571022498,Joy,Sadness,0.02116378936292394
0.0030849151571022498,Joy,Shame,0.19291401219834145
0.0030849151571022498,Pride,Boredom,0.14137777708709223
0.0030849151571022498,Pride,Fear,0.0371322712525064
0.0030849151571022498,Pride,Happiness,0.2475261061112357
0.0030849151571022498,Pride,Joy,0.15851153675506086
0.0030849151571022498,Pride,Pride,0.23361450176217266
0.0030849151571022498,Pride,Sadness,0.02698345710462775
0.0030849151571022498,Pride,Shame,0.1548543499273041
0.0030849151571022498,Sadness,Boredom,0.02603608332144509
0.0030849151571022498,Sadness,Fear,0.30880849728802295
0.0030849151571022498,Sadness,Happiness,0.0380722576760459
0.0030849151571022498,Sadness,Joy,0.01651372748423132
0.0030849151571022498,Sadness,Pride,0.02259009340449157
0.0030849151571022498,Sadness,Sadness,0.4589601713899319
0.0030849151571022498,Sadness,Shame,0.1290191694358313
0.0030849151571022498,Shame,Boredom,0.006931231139606703
0.0030849151571022498,Shame,Fear,0.4589257722837344
0.0030849151571022498,Shame,Happiness,0.024529335682472887
0.0030849151571022498,Shame,Joy,0.06643169802378084
0.0030849151571022498,Shame,Pride,0.04354545726998707
0.0030849151571022498,Shame,Sadness,0.21946590407434924
0.0030849151571022498,Shame,Shame,0.18017060152606876
0.003287112645354902,Boredom,Boredom,0.4817329615756121
0.003287112645354902,Boredom,Fear,0.010255842986922774
0.003287112645354902,Boredom,Happiness,0.3175553299091424
0.003287112645354902,Boredom,Joy,0.023828354006027248
0.003287112645354902,Boredom,Pride,0.07623808637287811
0.003287112645354902,Boredom,Sadness,0.022538133585258007
0.003287112645354902,Boredom,Shame,0.06785129156415945
0.003287112645354902,Fear,Boredom,0.004293509264253459
0.003287112645354902,Fear,Fear,0.44786592114952395
0.003287112645354902,Fear,Happiness,0.014584024038250317
0.003287112645354902,Fear,Joy,0.041534025781494656
0.003287112645354902,Fear,Pride,0.027075165858804543
0.003287112645354902,Fear,Sadness,0.2949922485080939
0.003287112645354902,Fear,Shame,0.16965510539957934
0.003287112645354902,Happiness,Boredom,0.163264407140633
0.003287112645354902,Happiness,Fear,0.010460761575611436
0.003287112645354902,Happiness,Happiness,0.29107530458018693
0.003287112645354902,Happiness,Joy,0.07854406238261619
0.003287112645354902,Happiness,Pride,0.24414975242542922
0.003287112645354902,Happiness,Sadness,0.01934754640850481
0.003287112645354902,Happiness,Shame,0.1931581654870184
0.003287112645354902,Joy,Boredom,0.009630828107143918
0.003287112645354902,Joy,Fear,0.039929217902352765
0.003287112645354902,Joy,Happiness,0.09179013459534302
0.003287112645354902,Joy,Joy,0.33163217459878824
0.003287112645354902,Joy,Pride,0.2758541102689998
0.003287112645354902,Joy,Sadness,0.02274621754678501
0.003287112645354902,Joy,Shame,0.22841731698058665
0.003287112645354902,Pride,Boredom,0.14245005058134877
0.003287112645354902,Pride,Fear,0.03653867126749405
0.003287112645354902,Pride,Happiness,0.21201713986262222
0.003287112645354902,Pride,Joy,0.1678027328785624
0.003287112645354902,Pride,Pride,0.22937690918637596
0.003287112645354902,Pride,Sadness,0.028702022223875856
0.003287112645354902,Pride,Shame,0.18311247399972058
0.003287112645354902,Sadness,Boredom,0.0236780210570303
0.003287112645354902,Sadness,Fear,0.22920998521221486
0.003287112645354902,Sadness,Happiness,0.036901882350723884
0.003287112645354902,Sadness,Joy,0.020354262828016844
0.003287112645354902,Sadness,Pride,0.026349323691467547
0.003287112645354902,Sadness,Sadness,0.49696795624071766
0.003287112645354902,Sadness,Shame,0.16653856861982858
0.003287112645354902,Shame,Boredom,0.007751484803064613
0.003287112645354902,Shame,Fear,0.37979126535314817
0.003287112645354902,Shame,Happiness,0.02329583684127905
0.003287112645354902,Shame,Joy,0.07511720216596952
0.003287112645354902,Shame,Pride,0.05710432499144158
0.003287112645354902,Shame,Sadness,0.23635215046752878
0.003287112645354902,Shame,Shame,0.22058773537756854
0.003359660792790933,Boredom,Boredom,0.5113423636002994
0.003359660792790933,Boredom,Fear,0.006609296624940074
0.003359660792790933,Boredom,Happiness,0.33338972194694777
0.003359660792790933,Boredom,Joy,0.015930120484998683
0.003359660792790933,Boredom,Pride,0.06473050113943846
0.003359660792790933,Boredom,Sadness,0.016171423238053702
0.003359660792790933,Boredom,Shame,0.05182657296532184
0.003359660792790933,Fear,Boredom,0.0023725237465805566
0.003359660792790933,Fear,Fear,0.5666697487373993
0.003359660792790933,Fear,Happiness,0.007809793674736255
0.003359660792790933,Fear,Joy,0.030021146229186023
0.003359660792790933,Fear,Pride,0.0189548643022247
0.003359660792790933,Fear,Sadness,0.2460373099050589
0.003359660792790933,Fear,Shame,0.12813461340481427
0.003359660792790933,Happiness,Boredom,0.142772952391353
0.003359660792790933,Happiness,Fear,0.009252534817289345
0.003359660792790933,Happiness,Happiness,0.3277807595720865
0.003359660792790933,Happiness,Joy,0.06510429874790674
0.003359660792790933,Happiness,Pride,0.2462788437520458
0.003359660792790933,Happiness,Sadness,0.01805762013590576
0.003359660792790933,Happiness,Shame,0.19075299058341297
0.003359660792790933,Joy,Boredom,0.008845213099129853
0.003359660792790933,Joy,Fear,0.03895413445024994
0.003359660792790933,Joy,Happiness,0.07832700437234325
0.003359660792790933,Joy,Joy,0.3509029784709231
0.003359660792790933,Joy,Pride,0.2803231428671179
0.003359660792790933,Joy,Sadness,0.018840683135225397
0.003359660792790933,Joy,Shame,0.2238068436050106
0.003359660792790933,Pride,Boredom,0.10120696560466916
0.003359660792790933,Pride,Fear,0.04030350673738255
0.003359660792790933,Pride,Happiness,0.25324175194504706
0.003359660792790933,Pride,Joy,0.14313874547776828
0.003359660792790933,Pride,Pride,0.2424547216791166
0.003359660792790933,Pride,Sadness,0.03174892621945752
0.003359660792790933,Pride,Shame,0.18790538233655882
0.003359660792790933,Sadness,Boredom,0.01626583990804595
0.003359660792790933,Sadness,Fear,0.23245153029958324
0.003359660792790933,Sadness,Happiness,0.027994502743645327
0.003359660792790933,Sadness,Joy,0.011977837292626291
0.003359660792790933,Sadness,Pride,0.01988421921209945
0.003359660792790933,Sadness,Sadness,0.5676272037830034
0.003359660792790933,Sadness,Shame,0.12379886676099594
0.003359660792790933,Shame,Boredom,0.006083418786804132
0.003359660792790933,Shame,Fear,0.4650312214580094
0.003359660792790933,Shame,Happiness,0.016448517340760235
0.003359660792790933,Shame,Joy,0.06257529211920226
0.003359660792790933,Shame,Pride,0.05336735205370828
0.003359660792790933,Shame,Sadness,0.19175743064259282
0.003359660792790933,Shame,Shame,0.20473676759892293
0.003183885395998654,Boredom,Boredom,0.508656790409035
0.003183885395998654,Boredom,Fear,0.00690279549303906
0.003183885395998654,Boredom,Happiness,0.3306688118029037
0.003183885395998654,Boredom,Joy,0.016901348293518206
0.003183885395998654,Boredom,Pride,0.06477577350419385
0.003183885395998654,Boredom,Sadness,0.017616702899142148
0.003183885395998654,Boredom,Shame,0.05447777759816801
0.003183885395998654,Fear,Boredom,0.0026433773169606727
0.003183885395998654,Fear,Fear,0.5428919409282762
0.003183885395998654,Fear,Happiness,0.009294908537357927
0.003183885395998654,Fear,Joy,0.03220035633952663
0.003183885395998654,Fear,Pride,0.01984026477414039
0.003183885395998654,Fear,Sadness,0.2588555608400184
0.003183885395998654,Fear,Shame,0.13427359126371954
0.003183885395998654,Happiness,Boredom,0.14264685960592194
0.003183885395998654,Happiness,Fear,0.009098338888718338
0.003183885395998654,Happiness,Happiness,0.3227937465960704
0.003183885395998654,Happiness,Joy,0.06999523066215557
0.003183885395998654,Happiness,Pride,0.24606839366910196
0.003183885395998654,Happiness,Sadness,0.017960858493826278
0.003183885395998654,Happiness,Shame,0.19143657208420534
0.003183885395998654,Joy,Boredom,0.00866110530741712
0.003183885395998654,Joy,Fear,0.0378878076605815
0.003183885395998654,Joy,Happiness,0.08650930636846503
0.003183885395998654,Joy,Joy,0.3475429925008825
0.003183885395998654,Joy,Pride,0.27890746948969974
0.003183885395998654,Joy,Sadness,0.01872910763498872
0.003183885395998654,Joy,Shame,0.22176221103796528
0.003183885395998654,Pride,Boredom,0.11018127193508903
0.003183885395998654,Pride,Fear,0.03687090506680674
0.003183885395998654,Pride,Happiness,0.24105513015175742
0.003183885395998654,Pride,Joy,0.15487149579779738
0.003183885395998654,Pride,Pride,0.23919194640658867
0.003183885395998654,Pride,Sadness,0.030957915542773773
0.003183885395998654,Pride,Shame,0.1868713350991873
0.003183885395998654,Sadness,Boredom,0.01819892931124036
0.003183885395998654,Sadness,Fear,0.24493156625874168
0.003183885395998654,Sadness,Happiness,0.03077100634105031
0.003183885395998654,Sadness,Joy,0.01408291611299354
0.003183885395998654,Sadness,Pride,0.021313703782764627
0.003183885395998654,Sadness,Sadness,0.537425020069057
0.003183885395998654,Sadness,Shame,0.13327685812415271
0.003183885395998654,Shame,Boredom,0.006518653126774485
0.003183885395998654,Shame,Fear,0.4471249053539467
0.003183885395998654,Shame,Happiness,0.01880935336003666
0.003183885395998654,Shame,Joy,0.06624789528557597
0.003183885395998654,Shame,Pride,0.05091548658989362
0.003183885395998654,Shame,Sadness,0.2016195917704099
0.003183885395998654,Shame,Shame,0.20876411451336288
0.0030811839315763993,Boredom,Boredom,0.474856538150849
0.0030811839315763993,Boredom,Fear,0.01135803493862806
0.0030811839315763993,Boredom,Happiness,0.3091584423190499
0.0030811839315763993,Boredom,Joy,0.029723690723818724
0.0030811839315763993,Boredom,Pride,0.07717402581332344
0.0030811839315763993,Boredom,Sadness,0.025103536477655387
0.0030811839315763993,Boredom,Shame,0.07262573157667546
0.0030811839315763993,Fear,Boredom,0.0051004229181686725
0.0030811839315763993,Fear,Fear,0.4220384873785661
0.0030811839315763993,Fear,Happiness,0.018007184565348743
0.0030811839315763993,Fear,Joy,0.04307777319870116
0.0030811839315763993,Fear,Pride,0.028789429666677167
0.0030811839315763993,Fear,Sadness,0.30645306004204004
0.0030811839315763993,Fear,Shame,0.17653364223049808
0.0030811839315763993,Happiness,Boredom,0.13088124560391107
0.0030811839315763993,Happiness,Fear,0.013113451123718426
0.0030811839315763993,Happiness,Happiness,0.2852832829185579
0.0030811839315763993,Happiness,Joy,0.09780576276048063
0.0030811839315763993,Happiness,Pride,0.24954403368517816
0.0030811839315763993,Happiness,Sadness,0.022228363805549795
0.0030811839315763993,Happiness,Shame,0.20114386010260393
0.0030811839315763993,Joy,Boredom,0.010371349005328706
0.0030811839315763993,Joy,Fear,0.040136326710747516
0.0030811839315763993,Joy,Happiness,0.10736366481597587
0.0030811839315763993,Joy,Joy,0.3251518873574761
0.0030811839315763993,Joy,Pride,0.27240089463866746
0.0030811839315763993,Joy,Sadness,0.02288758744555875
0.0030811839315763993,Joy,Shame,0.22168829002624538
0.0030811839315763993,Pride,Boredom,0.12043905388777987
0.0030811839315763993,Pride,Fear,0.037176452323830995
0.0030811839315763993,Pride,Happiness,0.21074406384377656
0.0030811839315763993,Pride,Joy,0.17878424382692035
0.0030811839315763993,Pride,Pride,0.24000680133710614
0.0030811839315763993,Pride,Sadness,0.029625094488558504
0.0030811839315763993,Pride,Shame,0.18322429029202789
0.0030811839315763993,Sadness,Boredom,0.028636109672822815
0.0030811839315763993,Sadness,Fear,0.24359411916700452
0.0030811839315763993,Sadness,Happiness,0.040238380959364856
0.0030811839315763993,Sadness,Joy,0.022546690670461732
0.0030811839315763993,Sadness,Pride,0.02943402212513483
0.0030811839315763993,Sadness,Sadness,0.464383317343824
0.0030811839315763993,Sadness,Shame,0.17116736006138777
0.0030811839315763993,Shame,Boredom,0.0085499945546218
0.0030811839315763993,Shame,Fear,0.36751320456512854
0.0030811839315763993,Shame,Happiness,0.026873200666900254
0.0030811839315763993,Shame,Joy,0.07724828037196842
0.0030811839315763993,Shame,Pride,0.04973763792196479
0.0030811839315763993,Shame,Sadness,0.2509766952501648
0.0030811839315763993,Shame,Shame,0.21910098666925126
0.0030834007482847593,Boredom,Boredom,0.4369860313027845
0.0030834007482847593,Boredom,Fear,0.013023582596747584
0.0030834007482847593,Boredom,Happiness,0.3010241549149458
0.0030834007482847593,Boredom,Joy,0.03459092084738386
0.0030834007482847593,Boredom,Pride,0.08542266808039514
0.0030834007482847593,Boredom,Sadness,0.028162409060064317
0.0030834007482847593,Boredom,Shame,0.10079023319767887
0.0030834007482847593,Fear,Boredom,0.0071145699680484975
0.0030834007482847593,Fear,Fear,0.3407148998639093
0.0030834007482847593,Fear,Happiness,0.01826767822464795
0.0030834007482847593,Fear,Joy,0.053789258329440426
0.0030834007482847593,Fear,Pride,0.03759014580988182
0.0030834007482847593,Fear,Sadness,0.3244990228770509
0.0030834007482847593,Fear,Shame,0.21802442492702145
0.0030834007482847593,Happiness,Boredom,0.12352881433142096
0.0030834007482847593,Happiness,Fear,0.009305485728971703
0.0030834007482847593,Happiness,Happiness,0.257825988537215
0.0030834007482847593,Happiness,Joy,0.09978379924614353
0.0030834007482847593,Happiness,Pride,0.24995115406517954
0.0030834007482847593,Happiness,Sadness,0.018410836726146393
0.0030834007482847593,Happiness,Shame,0.24119392136492257
0.0030834007482847593,Joy,Boredom,0.008156996911152932
0.0030834007482847593,Joy,Fear,0.03758336794037075
0.0030834007482847593,Joy,Happiness,0.08098603891324788
0.0030834007482847593,Joy,Joy,0.3130930780616652
0.0030834007482847593,Joy,Pride,0.27950652899585465
0.0030834007482847593,Joy,Sadness,0.020663146663369308
0.0030834007482847593,Joy,Shame,0.2600108425143396
0.0030834007482847593,Pride,Boredom,0.12063274567208096
0.0030834007482847593,Pride,Fear,0.04373707087990379
0.0030834007482847593,Pride,Happiness,0.16623359178748043
0.0030834007482847593,Pride,Joy,0.17852010693153675
0.0030834007482847593,Pride,Pride,0.24139990488453178
0.0030834007482847593,Pride,Sadness,0.028345769717362048
0.0030834007482847593,Pride,Shame,0.22113081012710437
0.0030834007482847593,Sadness,Boredom,0.02958259861215919
0.0030834007482847593,Sadness,Fear,0.15620127397841704
0.0030834007482847593,Sadness,Happiness,0.03865759186086436
0.0030834007482847593,Sadness,Joy,0.02907931417421811
0.0030834007482847593,Sadness,Pride,0.03623055636027508
0.0030834007482847593,Sadness,Sadness,0.4961455996007055
0.0030834007482847593,Sadness,Shame,0.21410306541336077
0.0030834007482847593,Shame,Boredom,0.01075111331567382
0.0030834007482847593,Shame,Fear,0.29472494318900355
0.0030834007482847593,Shame,Happiness,0.025782747231465966
0.0030834007482847593,Shame,Joy,0.09394479609197263
0.0030834007482847593,Shame,Pride,0.059876720331352676
0.0030834007482847593,Shame,Sadness,0.24937136308756425
0.0030834007482847593,Shame,Shame,0.26554831675296686
0.0032920077144123817,Boredom,Boredom,0.5319610179101051
0.0032920077144123817,Boredom,Fear,0.0060509072585866
0.0032920077144123817,Boredom,Happiness,0.3296645457032404
0.0032920077144123817,Boredom,Joy,0.01424166212167049
0.0032920077144123817,Boredom,Pride,0.05973083803237562
0.0032920077144123817,Boredom,Sadness,0.013614709742395998
0.0032920077144123817,Boredom,Shame,0.044736319231625486
0.0032920077144123817,Fear,Boredom,0.0020385050504240867
0.0032920077144123817,Fear,Fear,0.6034049459399359
0.0032920077144123817,Fear,Happiness,0.007561575520876602
0.0032920077144123817,Fear,Joy,0.027064022169349805
0.0032920077144123817,Fear,Pride,0.015852792557325013
0.0032920077144123817,Fear,Sadness,0.23834474411754797
0.0032920077144123817,Fear,Shame,0.10573341464454082
0.0032920077144123817,Happiness,Boredom,0.14855253719582165
0.0032920077144123817,Happiness,Fear,0.009914405164219478
0.0032920077144123817,Happiness,Happiness,0.3318790133469587
0.0032920077144123817,Happiness,Joy,0.06675956511784303
0.0032920077144123817,Happiness,Pride,0.24175468448735007
0.0032920077144123817,Happiness,Sadness,0.018406225688680233
0.0032920077144123817,Happiness,Shame,0.1827335689991266
0.0032920077144123817,Joy,Boredom,0.0096611744366726
0.0032920077144123817,Joy,Fear,0.039697496877893555
0.0032920077144123817,Joy,Happiness,0.08668809198321904
0.0032920077144123817,Joy,Joy,0.3650136582002206
0.0032920077144123817,Joy,Pride,0.27573531602662926
0.0032920077144123817,Joy,Sadness,0.01897595551418228
0.0032920077144123817,Joy,Shame,0.20422830696118263
0.0032920077144123817,Pride,Boredom,0.10706831457223183
0.0032920077144123817,Pride,Fear,0.042221537552866006
0.0032920077144123817,Pride,Happiness,0.26605626433543483
0.0032920077144123817,Pride,Joy,0.14355388032045083
0.0032920077144123817,Pride,Pride,0.2394284028179707
0.0032920077144123817,Pride,Sadness,0.03124882751496709
0.0032920077144123817,Pride,Shame,0.17042277288607877
0.0032920077144123817,Sadness,Boredom,0.020119279436732005
0.0032920077144123817,Sadness,Fear,0.2984324875405112
0.0032920077144123817,Sadness,Happiness,0.031360452790632314
0.0032920077144123817,Sadness,Joy,0.011826548270799472
0.0032920077144123817,Sadness,Pride,0.0192891801213025
0.0032920077144123817,Sadness,Sadness,0.513080448486036
0.0032920077144123817,Sadness,Shame,0.10589160335398658
0.0032920077144123817,Shame,Boredom,0.005721647996002646
0.0032920077144123817,Shame,Fear,0.5013875428525064
0.0032920077144123817,Shame,Happiness,0.017074791599494623
0.0032920077144123817,Shame,Joy,0.05950828688815945
0.0032920077144123817,Shame,Pride,0.050903508846085306
0.0032920077144123817,Shame,Sadness,0.18685499217474366
0.0032920077144123817,Shame,Shame,0.17854922964300818
0.0033051120129206283,Boredom,Boredom,0.5273543755173359
0.0033051120129206283,Boredom,Fear,0.006728439827676952
0.0033051120129206283,Boredom,Happiness,0.32791058427523817
0.0033051120129206283,Boredom,Joy,0.015155741549361001
0.0033051120129206283,Boredom,Pride,0.06166520394799956
0.0033051120129206283,Boredom,Sadness,0.014793701171597114
0.0033051120129206283,Boredom,Shame,0.046391953710791044
0.0033051120129206283,Fear,Boredom,0.0023145717531893742
0.0033051120129206283,Fear,Fear,0.5874866723924486
0.0033051120129206283,Fear,Happiness,0.008501456456244413
0.0033051120129206283,Fear,Joy,0.028732114992049244
0.0033051120129206283,Fear,Pride,0.01692421531029277
0.0033051120129206283,Fear,Sadness,0.2434601033941634
0.0033051120129206283,Fear,Shame,0.11258086570161198
0.0033051120129206283,Happiness,Boredom,0.14739142958152884
0.0033051120129206283,Happiness,Fear,0.011261839176180897
0.0033051120129206283,Happiness,Happiness,0.329335562658293
0.0033051120129206283,Happiness,Joy,0.06837524177465736
0.0033051120129206283,Happiness,Pride,0.24297935726637918
0.0033051120129206283,Happiness,Sadness,0.020015035327408597
0.0033051120129206283,Happiness,Shame,0.1806415342155524
0.0033051120129206283,Joy,Boredom,0.010133284594664322
0.0033051120129206283,Joy,Fear,0.040817423843620804
0.0033051120129206283,Joy,Happiness,0.08857619173325122
0.0033051120129206283,Joy,Joy,0.36146154522564655
0.0033051120129206283,Joy,Pride,0.275013434822137
0.0033051120129206283,Joy,Sadness,0.020684838782230958
0.0033051120129206283,Joy,Shame,0.2033132809984489
0.0033051120129206283,Pride,Boredom,0.10685475514370474
0.0033051120129206283,Pride,Fear,0.04236427719761256
0.0033051120129206283,Pride,Happiness,0.2643848485440924
0.0033051120129206283,Pride,Joy,0.1453255201038091
0.0033051120129206283,Pride,Pride,0.2408019135235946
0.0033051120129206283,Pride,Sadness,0.031150524801529935
0.0033051120129206283,Pride,Shame,0.16911816068565697
0.0033051120129206283,Sadness,Boredom,0.02018568782668865
0.0033051120129206283,Sadness,Fear,0.2982766491737189
0.0033051120129206283,Sadness,Happiness,0.0324008226815606
0.0033051120129206283,Sadness,Joy,0.01252615741161186
0.0033051120129206283,Sadness,Pride,0.019943297693719532
0.0033051120129206283,Sadness,Sadness,0.5056207774957577
0.0033051120129206283,Sadness,Shame,0.1110466077169425
0.0033051120129206283,Shame,Boredom,0.005870336046204348
0.0033051120129206283,Shame,Fear,0.49253242265208413
0.0033051120129206283,Shame,Happiness,0.017603328193924836
0.0033051120129206283,Shame,Joy,0.06074226321568283
0.0033051120129206283,Shame,Pride,0.048792235761350604
0.0033051120129206283,Shame,Sadness,0.1960291905687361
0.0033051120129206283,Shame,Shame,0.1784302235620175
0.003276813613269804,Boredom,Boredom,0.5121068956133206
0.003276813613269804,Boredom,Fear,0.00833822207093821
0.003276813613269804,Boredom,Happiness,0.32575570212239263
0.003276813613269804,Boredom,Joy,0.018043754162327473
0.003276813613269804,Boredom,Pride,0.0652093712775904
0.003276813613269804,Boredom,Sadness,0.019435559080068162
0.003276813613269804,Boredom,Shame,0.051110495673362434
0.003276813613269804,Fear,Boredom,0.0029891394548558345
0.003276813613269804,Fear,Fear,0.5542809913661949
0.003276813613269804,Fear,Happiness,0.011623764389955977
0.003276813613269804,Fear,Joy,0.03190355156837199
0.003276813613269804,Fear,Pride,0.01916795548676015
0.003276813613269804,Fear,Sadness,0.25519688436726856
0.003276813613269804,Fear,Shame,0.12483771336659284
0.003276813613269804,Happiness,Boredom,0.15204089754069172
0.003276813613269804,Happiness,Fear,0.013471214262757535
0.003276813613269804,Happiness,Happiness,0.323266568779159
0.003276813613269804,Happiness,Joy,0.07578822905946186
0.003276813613269804,Happiness,Pride,0.24419027901462637
0.003276813613269804,Happiness,Sadness,0.02171772823904358
0.003276813613269804,Happiness,Shame,0.16952508310425932
0.003276813613269804,Joy,Boredom,0.010810597583406703
0.003276813613269804,Joy,Fear,0.041895439178179894
0.003276813613269804,Joy,Happiness,0.10572251061576277
0.003276813613269804,Joy,Joy,0.3495755683205736
0.003276813613269804,Joy,Pride,0.2704503507243395
0.003276813613269804,Joy,Sadness,0.021655702731964217
0.003276813613269804,Joy,Shame,0.19988983084577333
0.003276813613269804,Pride,Boredom,0.11972708680913213
0.003276813613269804,Pride,Fear,0.040301275977759135
0.003276813613269804,Pride,Happiness,0.254717653509857
0.003276813613269804,Pride,Joy,0.15274630403608902
0.003276813613269804,Pride,Pride,0.2373011813321471
0.003276813613269804,Pride,Sadness,0.03116591776495159
0.003276813613269804,Pride,Shame,0.16404058057006424
0.003276813613269804,Sadness,Boredom,0.021099355244176787
0.003276813613269804,Sadness,Fear,0.30101115555872066
0.003276813613269804,Sadness,Happiness,0.034847106257785886
0.003276813613269804,Sadness,Joy,0.014542718992904869
0.003276813613269804,Sadness,Pride,0.021154681801769798
0.003276813613269804,Sadness,Sadness,0.48812238771029004
0.003276813613269804,Sadness,Shame,0.1192225944343516
0.003276813613269804,Shame,Boredom,0.006511114891276808
0.003276813613269804,Shame,Fear,0.4784082310227204
0.003276813613269804,Shame,Happiness,0.02081277970565646
0.003276813613269804,Shame,Joy,0.06309427120364339
0.003276813613269804,Shame,Pride,0.039187729594791935
0.003276813613269804,Shame,Sadness,0.21255036353348902
0.003276813613269804,Shame,Shame,0.17943551004842181
0.0030601171171505278,Boredom,Boredom,0.5808546475909095
0.0030601171171505278,Boredom,Fear,0.003809456463406632
0.0030601171171505278,Boredom,Happiness,0.32141519079203335
0.0030601171171505278,Boredom,Joy,0.009780128360508202
0.0030601171171505278,Boredom,Pride,0.04631990487319911
0.0030601171171505278,Boredom,Sadness,0.009167523443219399
0.0030601171171505278,Boredom,Shame,0.0286531484767236
0.0030601171171505278,Fear,Boredom,0.0014942735609719828
0.0030601171171505278,Fear,Fear,0.7263242210887745
0.0030601171171505278,Fear,Happiness,0.006097515023340746
0.0030601171171505278,Fear,Joy,0.019037121206166272
0.0030601171171505278,Fear,Pride,0.010297706927348578
0.0030601171171505278,Fear,Sadness,0.16493136952158552
0.0030601171171505278,Fear,Shame,0.07181779267181222
0.0030601171171505278,Happiness,Boredom,0.2931955067696994
0.0030601171171505278,Happiness,Fear,0.0061402627790508885
0.0030601171171505278,Happiness,Happiness,0.3467517470822922
0.0030601171171505278,Happiness,Joy,0.04915957192294148
0.0030601171171505278,Happiness,Pride,0.20212284141581868
0.0030601171171505278,Happiness,Sadness,0.011688538749731395
0.0030601171171505278,Happiness,Shame,0.09094153128046592
0.0030601171171505278,Joy,Boredom,0.010309478460152203
0.0030601171171505278,Joy,Fear,0.03857936803554528
0.0030601171171505278,Joy,Happiness,0.11412896989815179
0.0030601171171505278,Joy,Joy,0.3853793839128908
0.0030601171171505278,Joy,Pride,0.2658564567275225
0.0030601171171505278,Joy,Sadness,0.016322303747781305
0.0030601171171505278,Joy,Shame,0.1694240392179563
0.0030601171171505278,Pride,Boredom,0.017744212015274922
0.0030601171171505278,Pride,Fear,0.022440997103661632
0.0030601171171505278,Pride,Happiness,0.22950888158421706
0.0030601171171505278,Pride,Joy,0.2825454040101499
0.0030601171171505278,Pride,Pride,0.2535099774009122
0.0030601171171505278,Pride,Sadness,0.017159404597775096
0.0030601171171505278,Pride,Shame,0.1770911232880087
0.0030601171171505278,Sadness,Boredom,0.010471062254343851
0.0030601171171505278,Sadness,Fear,0.3909629694077682
0.0030601171171505278,Sadness,Happiness,0.020431861825990348
0.0030601171171505278,Sadness,Joy,0.008804654226476447
0.0030601171171505278,Sadness,Pride,0.012472574348346907
0.0030601171171505278,Sadness,Sadness,0.4787137134466837
0.0030601171171505278,Sadness,Shame,0.07814316449039053
0.0030601171171505278,Shame,Boredom,0.0023648874848705903
0.0030601171171505278,Shame,Fear,0.6942254728218297
0.0030601171171505278,Shame,Happiness,0.008698150650987087
0.0030601171171505278,Shame,Joy,0.027829517960356674
0.0030601171171505278,Shame,Pride,0.014745164909399642
0.0030601171171505278,Shame,Sadness,0.1584205507298813
0.0030601171171505278,Shame,Shame,0.09371625544267526
0.0031479871129434333,Boredom,Boredom,0.5090622785000836
0.0031479871129434333,Boredom,Fear,0.008866558912572948
0.0031479871129434333,Boredom,Happiness,0.3210307379752076
0.0031479871129434333,Boredom,Joy,0.02098452797910565
0.0031479871129434333,Boredom,Pride,0.0673981477523684
0.0031479871129434333,Boredom,Sadness,0.018691461564395866
0.0031479871129434333,Boredom,Shame,0.053966287316265876
0.0031479871129434333,Fear,Boredom,0.0033712627472272756
0.0031479871129434333,Fear,Fear,0.533899752883049
0.0031479871129434333,Fear,Happiness,0.01396849181596933
0.0031479871129434333,Fear,Joy,0.03468569274804784
0.0031479871129434333,Fear,Pride,0.020719387441045973
0.0031479871129434333,Fear,Sadness,0.2613424160030095
0.0031479871129434333,Fear,Shame,0.13201299636165137
0.0031479871129434333,Happiness,Boredom,0.2608730433818731
0.0031479871129434333,Happiness,Fear,0.008874641551535441
0.0031479871129434333,Happiness,Happiness,0.30291849826229933
0.0031479871129434333,Happiness,Joy,0.06422386578448727
0.0031479871129434333,Happiness,Pride,0.21710150803140574
0.0031479871129434333,Happiness,Sadness,0.015268916539109306
0.0031479871129434333,Happiness,Shame,0.13073952644928996
0.0031479871129434333,Joy,Boredom,0.011217546742053563
0.0031479871129434333,Joy,Fear,0.04198090165709616
0.0031479871129434333,Joy,Happiness,0.12194210543929657
0.0031479871129434333,Joy,Joy,0.3407730142674697
0.0031479871129434333,Joy,Pride,0.2673028209842378
0.0031479871129434333,Joy,Sadness,0.02139431581493805
0.0031479871129434333,Joy,Shame,0.19538929509490793
0.0031479871129434333,Pride,Boredom,0.01657997540437465
0.0031479871129434333,Pride,Fear,0.02442469582023367
0.0031479871129434333,Pride,Happiness,0.19780838528564557
0.0031479871129434333,Pride,Joy,0.2849101514553741
0.0031479871129434333,Pride,Pride,0.257557228093958
0.0031479871129434333,Pride,Sadness,0.02082632397984547
0.0031479871129434333,Pride,Shame,0.19789323996056835
0.0031479871129434333,Sadness,Boredom,0.011508059084775226
0.0031479871129434333,Sadness,Fear,0.32525639790882666
0.0031479871129434333,Sadness,Happiness,0.025928876076560966
0.0031479871129434333,Sadness,Joy,0.015399060596581318
0.0031479871129434333,Sadness,Pride,0.019713860981305086
0.0031479871129434333,Sadness,Sadness,0.47598810313294554
0.0031479871129434333,Sadness,Shame,0.12620564221900546
0.0031479871129434333,Shame,Boredom,0.00443492018343692
0.0031479871129434333,Shame,Fear,0.5103034129365215
0.0031479871129434333,Shame,Happiness,0.0170904828415166
0.0031479871129434333,Shame,Joy,0.04576599494892687
0.0031479871129434333,Shame,Pride,0.025435652469887514
0.0031479871129434333,Shame,Sadness,0.24676332048403393
0.0031479871129434333,Shame,Shame,0.15020621613567664
0.003382140137183817,Boredom,Boredom,0.48463790983905647
0.003382140137183817,Boredom,Fear,0.00912440299116573
0.003382140137183817,Boredom,Happiness,0.3251731422480296
0.003382140137183817,Boredom,Joy,0.02043548660573724
0.003382140137183817,Boredom,Pride,0.0733488097475813
0.003382140137183817,Boredom,Sadness,0.02225823439455531
0.003382140137183817,Boredom,Shame,0.06502201417387438
0.003382140137183817,Fear,Boredom,0.003531431431327101
0.003382140137183817,Fear,Fear,0.4746714111741255
0.003382140137183817,Fear,Happiness,0.011347316475483865
0.003382140137183817,Fear,Joy,0.038062185602988914
0.003382140137183817,Fear,Pride,0.02451857090501745
0.003382140137183817,Fear,Sadness,0.28874212042313513
0.003382140137183817,Fear,Shame,0.15912696398792214
0.003382140137183817,Happiness,Boredom,0.21080039869370773
0.003382140137183817,Happiness,Fear,0.009412428366895332
0.003382140137183817,Happiness,Happiness,0.3086783469425606
0.003382140137183817,Happiness,Joy,0.05848071032390324
0.003382140137183817,Happiness,Pride,0.24428107529610463
0.003382140137183817,Happiness,Sadness,0.0174815193582795
0.003382140137183817,Happiness,Shame,0.15086552101854903
0.003382140137183817,Joy,Boredom,0.009061542072524313
0.003382140137183817,Joy,Fear,0.03940710810888383
0.003382140137183817,Joy,Happiness,0.0790928189971361
0.003382140137183817,Joy,Joy,0.33484287015952546
0.003382140137183817,Joy,Pride,0.2812199637479951
0.003382140137183817,Joy,Sadness,0.021486396652387777
0.003382140137183817,Joy,Shame,0.23488930026154742
0.003382140137183817,Pride,Boredom,0.012496699776345084
0.003382140137183817,Pride,Fear,0.02245460644128331
0.003382140137183817,Pride,Happiness,0.1188837572036135
0.003382140137183817,Pride,Joy,0.31270749954519345
0.003382140137183817,Pride,Pride,0.27165049166239774
0.003382140137183817,Pride,Sadness,0.0216624820157701
0.003382140137183817,Pride,Shame,0.2401444633553969
0.003382140137183817,Sadness,Boredom,0.008953840431292867
0.003382140137183817,Sadness,Fear,0.22628297974458694
0.003382140137183817,Sadness,Happiness,0.023085334642197714
0.003382140137183817,Sadness,Joy,0.015442312603543463
0.003382140137183817,Sadness,Pride,0.02176448543043362
0.003382140137183817,Sadness,Sadness,0.5570759282241791
0.003382140137183817,Sadness,Shame,0.1473951189237667
0.003382140137183817,Shame,Boredom,0.004722529269495057
0.003382140137183817,Shame,Fear,0.45100978007810666
0.003382140137183817,Shame,Happiness,0.014014319704307847
0.003382140137183817,Shame,Joy,0.049726369950122105
0.003382140137183817,Shame,Pride,0.030981168861691954
0.003382140137183817,Shame,Sadness,0.26657129817676806
0.003382140137183817,Shame,Shame,0.18297453395950827
0.0032274321254290783,Boredom,Boredom,0.5188718810111829
0.0032274321254290783,Boredom,Fear,0.005405909693672415
0.0032274321254290783,Boredom,Happiness,0.3353916153443025
0.0032274321254290783,Boredom,Joy,0.014429799854135015
0.0032274321254290783,Boredom,Pride,0.06166203538949102
0.0032274321254290783,Boredom,Sadness,0.014456201251873815
0.0032274321254290783,Boredom,Shame,0.0497825574553424
0.0032274321254290783,Fear,Boredom,0.0020714559845527378
0.0032274321254290783,Fear,Fear,0.5749212266187207
0.0032274321254290783,Fear,Happiness,0.006529676979900988
0.0032274321254290783,Fear,Joy,0.028937274676222063
0.0032274321254290783,Fear,Pride,0.018216503035739462
0.0032274321254290783,Fear,Sadness,0.2463636559485166
0.0032274321254290783,Fear,Shame,0.1229602067563471
0.0032274321254290783,Happiness,Boredom,0.2320073366053648
0.0032274321254290783,Happiness,Fear,0.00506408436690776
0.0032274321254290783,Happiness,Happiness,0.32766085435057546
0.0032274321254290783,Happiness,Joy,0.05015616507433751
0.0032274321254290783,Happiness,Pride,0.22489735958653487
0.0032274321254290783,Happiness,Sadness,0.011793702060467615
0.0032274321254290783,Happiness,Shame,0.14842049795581197
0.0032274321254290783,Joy,Boredom,0.007712520904091561
0.0032274321254290783,Joy,Fear,0.03603757875395082
0.0032274321254290783,Joy,Happiness,0.07451495025708522
0.0032274321254290783,Joy,Joy,0.3514559391072336
0.0032274321254290783,Joy,Pride,0.2820207786015314
0.0032274321254290783,Joy,Sadness,0.015962585743529545
0.0032274321254290783,Joy,Shame,0.23229564663257776
0.0032274321254290783,Pride,Boredom,0.011375508634848975
0.0032274321254290783,Pride,Fear,0.017401679288291227
0.0032274321254290783,Pride,Happiness,0.12824967792333217
0.0032274321254290783,Pride,Joy,0.3149286941458184
0.0032274321254290783,Pride,Pride,0.27167187191531744
0.0032274321254290783,Pride,Sadness,0.016280059592911008
0.0032274321254290783,Pride,Shame,0.24009250849948083
0.0032274321254290783,Sadness,Boredom,0.00769486253011928
0.0032274321254290783,Sadness,Fear,0.24832432168034863
0.0032274321254290783,Sadness,Happiness,0.01733305481050199
0.0032274321254290783,Sadness,Joy,0.010384345760364193
0.0032274321254290783,Sadness,Pride,0.016220193444386445
0.0032274321254290783,Sadness,Sadness,0.584028878747862
0.0032274321254290783,Sadness,Shame,0.11601434302641785
0.0032274321254290783,Shame,Boredom,0.0032088913087127994
0.0032274321254290783,Shame,Fear,0.5400736501441117
0.0032274321254290783,Shame,Happiness,0.009196220802008024
0.0032274321254290783,Shame,Joy,0.040471435119791316
0.0032274321254290783,Shame,Pride,0.02704565402124888
0.0032274321254290783,Shame,Sadness,0.22416416077887036
0.0032274321254290783,Shame,Shame,0.15583998782525688
0.003330140301878548,Boredom,Boredom,0.5342843267892263
0.003330140301878548,Boredom,Fear,0.005698362423195539
0.003330140301878548,Boredom,Happiness,0.3299416495599066
0.003330140301878548,Boredom,Joy,0.013801079003810227
0.003330140301878548,Boredom,Pride,0.05890270484798382
0.003330140301878548,Boredom,Sadness,0.01322950016689709
0.003330140301878548,Boredom,Shame,0.04414237720898006
0.003330140301878548,Fear,Boredom,0.001756150103294445
0.003330140301878548,Fear,Fear,0.6236513627984622
0.003330140301878548,Fear,Happiness,0.0063758108395131005
0.003330140301878548,Fear,Joy,0.0252385986453281
0.003330140301878548,Fear,Pride,0.014772828025432113
0.003330140301878548,Fear,Sadness,0.23089447375263783
0.003330140301878548,Fear,Shame,0.09731077583533211
0.003330140301878548,Happiness,Boredom,0.25629539427708803
0.003330140301878548,Happiness,Fear,0.006282431648766502
0.003330140301878548,Happiness,Happiness,0.32796509862811873
0.003330140301878548,Happiness,Joy,0.050142559748628295
0.003330140301878548,Happiness,Pride,0.21797284142480264
0.003330140301878548,Happiness,Sadness,0.013251164613115096
0.003330140301878548,Happiness,Shame,0.12809050965948063
0.003330140301878548,Joy,Boredom,0.009648420411379671
0.003330140301878548,Joy,Fear,0.039918602001498736
0.003330140301878548,Joy,Happiness,0.07955189397103424
0.003330140301878548,Joy,Joy,0.36783028078244234
0.003330140301878548,Joy,Pride,0.27802395236519434
0.003330140301878548,Joy,Sadness,0.01932377206658184
0.003330140301878548,Joy,Shame,0.2057030784018689
0.003330140301878548,Pride,Boredom,0.013775280357715509
0.003330140301878548,Pride,Fear,0.02295774880088416
0.003330140301878548,Pride,Happiness,0.11371926080018145
0.003330140301878548,Pride,Joy,0.34157450535968226
0.003330140301878548,Pride,Pride,0.2698125461011398
0.003330140301878548,Pride,Sadness,0.021241188758773736
0.003330140301878548,Pride,Shame,0.2169194698216232
0.003330140301878548,Sadness,Boredom,0.009098093062413222
0.003330140301878548,Sadness,Fear,0.31734172467019683
0.003330140301878548,Sadness,Happiness,0.01910895767248785
0.003330140301878548,Sadness,Joy,0.00913993288933957
0.003330140301878548,Sadness,Pride,0.014686674513723963
0.003330140301878548,Sadness,Sadness,0.5347692261868704
0.003330140301878548,Sadness,Shame,0.09585539100496798
0.003330140301878548,Shame,Boredom,0.002723703159139851
0.003330140301878548,Shame,Fear,0.5916154197371893
0.003330140301878548,Shame,Happiness,0.008874070513904493
0.003330140301878548,Shame,Joy,0.03560283217923857
0.003330140301878548,Shame,Pride,0.02241286204388065
0.003330140301878548,Shame,Sadness,0.2153885787895865
0.003330140301878548,Shame,Shame,0.12338253357706049
0.003281614800849294,Boredom,Boredom,0.48827111666778117
0.003281614800849294,Boredom,Fear,0.0074757673470311715
0.003281614800849294,Boredom,Happiness,0.3314702591725888
0.003281614800849294,Boredom,Joy,0.01853229795806197
0.003281614800849294,Boredom,Pride,0.07160471900539085
0.003281614800849294,Boredom,Sadness,0.018550410478058495
0.003281614800849294,Boredom,Shame,0.06409542937108727
0.003281614800849294,Fear,Boredom,0.003194082315338616
0.003281614800849294,Fear,Fear,0.480619786517214
0.003281614800849294,Fear,Happiness,0.009013077213934477
0.003281614800849294,Fear,Joy,0.036672344105780796
0.003281614800849294,Fear,Pride,0.024980589629852702
0.003281614800849294,Fear,Sadness,0.2829787826385212
0.003281614800849294,Fear,Shame,0.1625413375793583
0.003281614800849294,Happiness,Boredom,0.21319377878809617
0.003281614800849294,Happiness,Fear,0.006052232494901141
0.003281614800849294,Happiness,Happiness,0.30757865988467203
0.003281614800849294,Happiness,Joy,0.0528504016193982
0.003281614800849294,Happiness,Pride,0.23683733216327893
0.003281614800849294,Happiness,Sadness,0.01296673223893504
0.003281614800849294,Happiness,Shame,0.17052086281071854
0.003281614800849294,Joy,Boredom,0.007371673468771102
0.003281614800849294,Joy,Fear,0.03546331269064422
0.003281614800849294,Joy,Happiness,0.07145522992491944
0.003281614800849294,Joy,Joy,0.33114965502678084
0.003281614800849294,Joy,Pride,0.2840542258964366
0.003281614800849294,Joy,Sadness,0.016649627652562685
0.003281614800849294,Joy,Shame,0.25385627533988503
0.003281614800849294,Pride,Boredom,0.010940588473562862
0.003281614800849294,Pride,Fear,0.01918839183553954
0.003281614800849294,Pride,Happiness,0.09845481856035461
0.003281614800849294,Pride,Joy,0.30736143183426246
0.003281614800849294,Pride,Pride,0.27988436056810084
0.003281614800849294,Pride,Sadness,0.018243108267112663
0.003281614800849294,Pride,Shame,0.2659273004610673
0.003281614800849294,Sadness,Boredom,0.008158736110442964
0.003281614800849294,Sadness,Fear,0.21730871331365129
0.003281614800849294,Sadness,Happiness,0.019364729622403397
0.003281614800849294,Sadness,Joy,0.012617303380251773
0.003281614800849294,Sadness,Pride,0.020773549721995112
0.003281614800849294,Sadness,Sadness,0.5743164409807062
0.003281614800849294,Sadness,Shame,0.14746052687054906
0.003281614800849294,Shame,Boredom,0.004493073979668163
0.003281614800849294,Shame,Fear,0.45145722945600214
0.003281614800849294,Shame,Happiness,0.011836342434606937
0.003281614800849294,Shame,Joy,0.04899587275465164
0.003281614800849294,Shame,Pride,0.034621535228435675
0.003281614800849294,Shame,Sadness,0.25386385507727754
0.003281614800849294,Shame,Shame,0.1947320910693578
0.0031099904479344725,Boredom,Boredom,0.5001991923690813
0.0031099904479344725,Boredom,Fear,0.010140724615483801
0.0031099904479344725,Boredom,Happiness,0.3156250595211094
0.0031099904479344725,Boredom,Joy,0.024310389552720222
0.0031099904479344725,Boredom,Pride,0.07017638338478667
0.0031099904479344725,Boredom,Sadness,0.02160625689817764
0.0031099904479344725,Boredom,Shame,0.05794199365864116
0.0031099904479344725,Fear,Boredom,0.003963061196097293
0.0031099904479344725,Fear,Fear,0.5127665814636205
0.0031099904479344725,Fear,Happiness,0.01631735114607473
0.0031099904479344725,Fear,Joy,0.03538307689719684
0.0031099904479344725,Fear,Pride,0.022108477902341727
0.0031099904479344725,Fear,Sadness,0.2724084752548821
0.0031099904479344725,Fear,Shame,0.13705297613978712
0.0031099904479344725,Happiness,Boredom,0.2374899911883346
0.0031099904479344725,Happiness,Fear,0.010976109332064835
0.0031099904479344725,Happiness,Happiness,0.2966391970523401
0.0031099904479344725,Happiness,Joy,0.07242979988660919
0.0031099904479344725,Happiness,Pride,0.22584632169380678
0.0031099904479344725,Happiness,Sadness,0.01777883626274408
0.0031099904479344725,Happiness,Shame,0.13883974458410042
0.0031099904479344725,Joy,Boredom,0.012287963622913144
0.0031099904479344725,Joy,Fear,0.043321794802602946
0.0031099904479344725,Joy,Happiness,0.13374615948479587
0.0031099904479344725,Joy,Joy,0.3312515496095623
0.0031099904479344725,Joy,Pride,0.2652815473546607
0.0031099904479344725,Joy,Sadness,0.022652979976011647
0.0031099904479344725,Joy,Shame,0.19145800514945327
0.0031099904479344725,Pride,Boredom,0.01795455991400832
0.0031099904479344725,Pride,Fear,0.02565254691084072
0.0031099904479344725,Pride,Happiness,0.20355937553948147
0.0031099904479344725,Pride,Joy,0.2802281052546309
0.0031099904479344725,Pride,Pride,0.2570797972335994
0.0031099904479344725,Pride,Sadness,0.022155258439721357
0.0031099904479344725,Pride,Shame,0.1933703567077174
0.0031099904479344725,Sadness,Boredom,0.013369889856581104
0.0031099904479344725,Sadness,Fear,0.3285618582456231
0.0031099904479344725,Sadness,Happiness,0.028123943165242728
0.0031099904479344725,Sadness,Joy,0.01690264600485647
0.0031099904479344725,Sadness,Pride,0.021097037430735998
0.0031099904479344725,Sadness,Sadness,0.4604618006265028
0.0031099904479344725,Sadness,Shame,0.13148282467045772
0.0031099904479344725,Shame,Boredom,0.004968849771624931
0.0031099904479344725,Shame,Fear,0.49225565102417407
0.0031099904479344725,Shame,Happiness,0.01934310245328654
0.0031099904479344725,Shame,Joy,0.046053665894205384
0.0031099904479344725,Shame,Pride,0.02606528509193993
0.0031099904479344725,Shame,Sadness,0.25918069152053885
0.0031099904479344725,Shame,Shame,0.15213275424423034
0.0032766436180262453,Boredom,Boredom,0.5293892859984266
0.0032766436180262453,Boredom,Fear,0.006117338146383808
0.0032766436180262453,Boredom,Happiness,0.33093764312867324
0.0032766436180262453,Boredom,Joy,0.014343563628530169
0.0032766436180262453,Boredom,Pride,0.06013433495323993
0.0032766436180262453,Boredom,Sadness,0.013728250911687674
0.0032766436180262453,Boredom,Shame,0.04534958323305824
0.0032766436180262453,Fear,Boredom,0.0020445037081227024
0.0032766436180262453,Fear,Fear,0.6021657466063289
0.0032766436180262453,Fear,Happiness,0.0074198161439007915
0.0032766436180262453,Fear,Joy,0.027358375479075762
0.0032766436180262453,Fear,Pride,0.01609337056508104
0.0032766436180262453,Fear,Sadness,0.23820505532915248
0.0032766436180262453,Fear,Shame,0.10671313216833858
0.0032766436180262453,Happiness,Boredom,0.26595990367406336
0.0032766436180262453,Happiness,Fear,0.006480301491337536
0.0032766436180262453,Happiness,Happiness,0.32464533935520296
0.0032766436180262453,Happiness,Joy,0.049984599800751595
0.0032766436180262453,Happiness,Pride,0.2149522418848057
0.0032766436180262453,Happiness,Sadness,0.012819420090445009
0.0032766436180262453,Happiness,Shame,0.12515819370339387
0.0032766436180262453,Joy,Boredom,0.009727091745632879
0.0032766436180262453,Joy,Fear,0.03997594082890168
0.0032766436180262453,Joy,Happiness,0.0831973648821057
0.0032766436180262453,Joy,Joy,0.36545819225915266
0.0032766436180262453,Joy,Pride,0.2766252212579937
0.0032766436180262453,Joy,Sadness,0.019343084098406193
0.0032766436180262453,Joy,Shame,0.205673104927807
0.0032766436180262453,Pride,Boredom,0.013997238588565521
0.0032766436180262453,Pride,Fear,0.02152171006189859
0.0032766436180262453,Pride,Happiness,0.15214193748468274
0.0032766436180262453,Pride,Joy,0.32223404921215665
0.0032766436180262453,Pride,Pride,0.2619126570002291
0.0032766436180262453,Pride,Sadness,0.018601029692323297
0.0032766436180262453,Pride,Shame,0.20959137796014413
0.0032766436180262453,Sadness,Boredom,0.00950126518897924
0.0032766436180262453,Sadness,Fear,0.31932783469913806
0.0032766436180262453,Sadness,Happiness,0.02029426642900083
0.0032766436180262453,Sadness,Joy,0.010558662750038524
0.0032766436180262453,Sadness,Pride,0.015544256676279327
0.0032766436180262453,Sadness,Sadness,0.5235520057437227
0.0032766436180262453,Sadness,Shame,0.10122170851284107
0.0032766436180262453,Shame,Boredom,0.003061828365623228
0.0032766436180262453,Shame,Fear,0.5711475767072459
0.0032766436180262453,Shame,Happiness,0.010053485699340867
0.0032766436180262453,Shame,Joy,0.03807714978518518
0.0032766436180262453,Shame,Pride,0.023387773160942933
0.0032766436180262453,Shame,Sadness,0.22205733185194784
0.0032766436180262453,Shame,Shame,0.13221485442971387
0.0031552266419175674,Boredom,Boredom,0.5088313687160564
0.0031552266419175674,Boredom,Fear,0.009035493899714022
0.0031552266419175674,Boredom,Happiness,0.32025261092689256
0.0031552266419175674,Boredom,Joy,0.020744054729843506
0.0031552266419175674,Boredom,Pride,0.06614161913559993
0.0031552266419175674,Boredom,Sadness,0.021272071558002023
0.0031552266419175674,Boredom,Shame,0.053722781033892116
0.0031552266419175674,Fear,Boredom,0.0032727864312507445
0.0031552266419175674,Fear,Fear,0.5361950781845632
0.0031552266419175674,Fear,Happiness,0.013809152588078412
0.0031552266419175674,Fear,Joy,0.03319325500592399
0.0031552266419175674,Fear,Pride,0.020127833594638312
0.0031552266419175674,Fear,Sadness,0.26437883586559446
0.0031552266419175674,Fear,Shame,0.12902305832995015
0.0031552266419175674,Happiness,Boredom,0.25107611560846266
0.0031552266419175674,Happiness,Fear,0.009533502860505493
0.0031552266419175674,Happiness,Happiness,0.3060128527686708
0.0031552266419175674,Happiness,Joy,0.06585283609736771
0.0031552266419175674,Happiness,Pride,0.22337658585724898
0.0031552266419175674,Happiness,Sadness,0.016340972763566056
0.0031552266419175674,Happiness,Shame,0.12780713404417815
0.0031552266419175674,Joy,Boredom,0.011372892194774381
0.0031552266419175674,Joy,Fear,0.04229551335267381
0.0031552266419175674,Joy,Happiness,0.12285538818758772
0.0031552266419175674,Joy,Joy,0.34057175104153364
0.0031552266419175674,Joy,Pride,0.2669731882215614
0.0031552266419175674,Joy,Sadness,0.021959590166059053
0.0031552266419175674,Joy,Shame,0.19397167683581
0.0031552266419175674,Pride,Boredom,0.01640059664187288
0.0031552266419175674,Pride,Fear,0.024584237840015864
0.0031552266419175674,Pride,Happiness,0.19972095490405536
0.0031552266419175674,Pride,Joy,0.28450802355631183
0.0031552266419175674,Pride,Pride,0.25737822603061283
0.0031552266419175674,Pride,Sadness,0.021094404207581952
0.0031552266419175674,Pride,Shame,0.1963135568195489
0.0031552266419175674,Sadness,Boredom,0.010939875914617106
0.0031552266419175674,Sadness,Fear,0.3270868851846274
0.0031552266419175674,Sadness,Happiness,0.02577553546107942
0.0031552266419175674,Sadness,Joy,0.01514094283056072
0.0031552266419175674,Sadness,Pride,0.01934007349394091
0.0031552266419175674,Sadness,Sadness,0.478196592158626
0.0031552266419175674,Sadness,Shame,0.1235200949565488
0.0031552266419175674,Shame,Boredom,0.004311778930423328
0.0031552266419175674,Shame,Fear,0.5129774399457444
0.0031552266419175674,Shame,Happiness,0.01688858431589947
0.0031552266419175674,Shame,Joy,0.043974565521357915
0.0031552266419175674,Shame,Pride,0.02445103534755644
0.0031552266419175674,Shame,Sadness,0.25042926392113823
0.0031552266419175674,Shame,Shame,0.1469673320178799
0.003154407293956652,Boredom,Boredom,0.5204525802748364
0.003154407293956652,Boredom,Fear,0.007592484605490999
0.003154407293956652,Boredom,Happiness,0.32437290707029626
0.003154407293956652,Boredom,Joy,0.017732549306745317
0.003154407293956652,Boredom,Pride,0.06331146552915044
0.003154407293956652,Boredom,Sadness,0.01717379851461349
0.003154407293956652,Boredom,Shame,0.049364214698867065
0.003154407293956652,Fear,Boredom,0.002876865181356256
0.003154407293956652,Fear,Fear,0.5551906550298821
0.003154407293956652,Fear,Happiness,0.01162808740340404
0.003154407293956652,Fear,Joy,0.032419523669976275
0.003154407293956652,Fear,Pride,0.01893719128099519
0.003154407293956652,Fear,Sadness,0.25486837287989395
0.003154407293956652,Fear,Shame,0.12407930455449262
0.003154407293956652,Happiness,Boredom,0.267988832307223
0.003154407293956652,Happiness,Fear,0.007956588635738237
0.003154407293956652,Happiness,Happiness,0.314451915626818
0.003154407293956652,Happiness,Joy,0.058829591478929535
0.003154407293956652,Happiness,Pride,0.21658372923511857
0.003154407293956652,Happiness,Sadness,0.013916740373469533
0.003154407293956652,Happiness,Shame,0.12027260234270316
0.003154407293956652,Joy,Boredom,0.010483109708317817
0.003154407293956652,Joy,Fear,0.04077757698452843
0.003154407293956652,Joy,Happiness,0.11273553342110484
0.003154407293956652,Joy,Joy,0.3496139264862397
0.003154407293956652,Joy,Pride,0.26889732709635733
0.003154407293956652,Joy,Sadness,0.020025860179274945
0.003154407293956652,Joy,Shame,0.19746666612417701
0.003154407293956652,Pride,Boredom,0.015912355758427765
0.003154407293956652,Pride,Fear,0.023227372187277946
0.003154407293956652,Pride,Happiness,0.19497531021440437
0.003154407293956652,Pride,Joy,0.28828414690336224
0.003154407293956652,Pride,Pride,0.25800800664850976
0.003154407293956652,Pride,Sadness,0.019328921994762552
0.003154407293956652,Pride,Shame,0.20026388629325523
0.003154407293956652,Sadness,Boredom,0.01037800580141333
0.003154407293956652,Sadness,Fear,0.324941169016803
0.003154407293956652,Sadness,Happiness,0.023553259226126395
0.003154407293956652,Sadness,Joy,0.013418797759267131
0.003154407293956652,Sadness,Pride,0.017747170881247887
0.003154407293956652,Sadness,Sadness,0.4948514879465513
0.003154407293956652,Sadness,Shame,0.11511010936859102
0.003154407293956652,Shame,Boredom,0.003954234087191942
0.003154407293956652,Shame,Fear,0.5291616656718288
0.003154407293956652,Shame,Happiness,0.014722197925450384
0.003154407293956652,Shame,Joy,0.04358409166457149
0.003154407293956652,Shame,Pride,0.024241941309208998
0.003154407293956652,Shame,Sadness,0.23906693544593893
0.003154407293956652,Shame,Shame,0.1452689338958093
0.0032137415339883193,Boredom,Boredom,0.5230419023503408
0.0032137415339883193,Boredom,Fear,0.007261236936337531
0.0032137415339883193,Boredom,Happiness,0.32544250321295326
0.0032137415339883193,Boredom,Joy,0.016871290122408865
0.0032137415339883193,Boredom,Pride,0.06328836060666608
0.0032137415339883193,Boredom,Sadness,0.01541478983241692
0.0032137415339883193,Boredom,Shame,0.04867991693887638
0.0032137415339883193,Fear,Boredom,0.0025787860085717865
0.0032137415339883193,Fear,Fear,0.5707271832933183
0.0032137415339883193,Fear,Happiness,0.010371644815329241
0.0032137415339883193,Fear,Joy,0.030588923000447365
0.0032137415339883193,Fear,Pride,0.01785456043364732
0.0032137415339883193,Fear,Sadness,0.2508273945162727
0.0032137415339883193,Fear,Shame,0.117051507932413
0.0032137415339883193,Happiness,Boredom,0.24780741045740545
0.0032137415339883193,Happiness,Fear,0.008380851470382679
0.0032137415339883193,Happiness,Happiness,0.3191994170147532
0.0032137415339883193,Happiness,Joy,0.05922426567676304
0.0032137415339883193,Happiness,Pride,0.22453745517564594
0.0032137415339883193,Happiness,Sadness,0.014925815947578488
0.0032137415339883193,Happiness,Shame,0.12592478425747103
0.0032137415339883193,Joy,Boredom,0.010194352841558096
0.0032137415339883193,Joy,Fear,0.04045727535700427
0.0032137415339883193,Joy,Happiness,0.10568068476667083
0.0032137415339883193,Joy,Joy,0.35420921257272375
0.0032137415339883193,Joy,Pride,0.27040776208796735
0.0032137415339883193,Joy,Sadness,0.01980863994069955
0.0032137415339883193,Joy,Shame,0.19924207243337624
0.0032137415339883193,Pride,Boredom,0.01544961233963289
0.0032137415339883193,Pride,Fear,0.02276771901972962
0.0032137415339883193,Pride,Happiness,0.1887289263788571
0.0032137415339883193,Pride,Joy,0.29422265148194593
0.0032137415339883193,Pride,Pride,0.25780682150329415
0.0032137415339883193,Pride,Sadness,0.0188796782639453
0.0032137415339883193,Pride,Shame,0.2021445910125952
0.0032137415339883193,Sadness,Boredom,0.009895568751302214
0.0032137415339883193,Sadness,Fear,0.32416321893315525
0.0032137415339883193,Sadness,Happiness,0.022374050031289377
0.0032137415339883193,Sadness,Joy,0.012569511300120519
0.0032137415339883193,Sadness,Pride,0.016818108215687803
0.0032137415339883193,Sadness,Sadness,0.5050889480235792
0.0032137415339883193,Sadness,Shame,0.10909059474486538
0.0032137415339883193,Shame,Boredom,0.0036352415218136626
0.0032137415339883193,Shame,Fear,0.5431459393878104
0.0032137415339883193,Shame,Happiness,0.013409024058629527
0.0032137415339883193,Shame,Joy,0.041555757179024
0.0032137415339883193,Shame,Pride,0.024037763962811404
0.0032137415339883193,Shame,Sadness,0.23477981889786256
0.0032137415339883193,Shame,Shame,0.13943645499204835
0.002984200852386341,Boredom,Boredom,0.4650317588673948
0.002984200852386341,Boredom,Fear,0.013672336158488783
0.002984200852386341,Boredom,Happiness,0.2985104063357985
0.002984200852386341,Boredom,Joy,0.03527857534067164
0.002984200852386341,Boredom,Pride,0.07835252795432456
0.002984200852386341,Boredom,Sadness,0.026164581080057935
0.002984200852386341,Boredom,Shame,0.08298981426326398
0.002984200852386341,Fear,Boredom,0.00634928168360515
0.002984200852386341,Fear,Fear,0.406440713578155
0.002984200852386341,Fear,Happiness,0.020756592308665417
0.002984200852386341,Fear,Joy,0.044385095985113886
0.002984200852386341,Fear,Pride,0.030419108062499835
0.002984200852386341,Fear,Sadness,0.31072231276868606
0.002984200852386341,Fear,Shame,0.18092689561327432
0.002984200852386341,Happiness,Boredom,0.20172757123920113
0.002984200852386341,Happiness,Fear,0.011747729840235168
0.002984200852386341,Happiness,Happiness,0.2672772795665822
0.002984200852386341,Happiness,Joy,0.08914482744006819
0.002984200852386341,Happiness,Pride,0.22984770335947807
0.002984200852386341,Happiness,Sadness,0.019504439496856877
0.002984200852386341,Happiness,Shame,0.18075044905757812
0.002984200852386341,Joy,Boredom,0.011840579597377218
0.002984200852386341,Joy,Fear,0.041990294220954565
0.002984200852386341,Joy,Happiness,0.11793043953855235
0.002984200852386341,Joy,Joy,0.3208602192697271
0.002984200852386341,Joy,Pride,0.26848807449392253
0.002984200852386341,Joy,Sadness,0.023565128008382927
0.002984200852386341,Joy,Shame,0.21532526487108414
0.002984200852386341,Pride,Boredom,0.017059132025801265
0.002984200852386341,Pride,Fear,0.02454590213209825
0.002984200852386341,Pride,Happiness,0.16849442655304153
0.002984200852386341,Pride,Joy,0.29109704105196293
0.002984200852386341,Pride,Pride,0.26100523118295155
0.002984200852386341,Pride,Sadness,0.022644006449827836
0.002984200852386341,Pride,Shame,0.2151542606043169
0.002984200852386341,Sadness,Boredom,0.017462056718364795
0.002984200852386341,Sadness,Fear,0.26587036330265446
0.002984200852386341,Sadness,Happiness,0.03228116793533836
0.002984200852386341,Sadness,Joy,0.02394282255951296
0.002984200852386341,Sadness,Pride,0.028979738337106615
0.002984200852386341,Sadness,Sadness,0.4582672380931961
0.002984200852386341,Sadness,Shame,0.17319661305382744
0.002984200852386341,Shame,Boredom,0.00734931645288875
0.002984200852386341,Shame,Fear,0.3914147572355463
0.002984200852386341,Shame,Happiness,0.02337378625338106
0.002984200852386341,Shame,Joy,0.055870056725840965
0.002984200852386341,Shame,Pride,0.034203480416045824
0.002984200852386341,Shame,Sadness,0.2942575888383596
0.002984200852386341,Shame,Shame,0.19353101407793732
0.0033685977473022063,Boredom,Boredom,0.5138247526843545
0.0033685977473022063,Boredom,Fear,0.00813349411212968
0.0033685977473022063,Boredom,Happiness,0.3265711952611009
0.0033685977473022063,Boredom,Joy,0.017190922603891594
0.0033685977473022063,Boredom,Pride,0.06540668535733352
0.0033685977473022063,Boredom,Sadness,0.018260841916677838
0.0033685977473022063,Boredom,Shame,0.05061210806451171
0.0033685977473022063,Fear,Boredom,0.0027931200913009035
0.0033685977473022063,Fear,Fear,0.5686297799200849
0.0033685977473022063,Fear,Happiness,0.01045126130103795
0.0033685977473022063,Fear,Joy,0.03116049824963997
0.0033685977473022063,Fear,Pride,0.01855860293015975
0.0033685977473022063,Fear,Sadness,0.24664513639163782
0.0033685977473022063,Fear,Shame,0.1217616011161388
0.0033685977473022063,Happiness,Boredom,0.2469556275926378
0.0033685977473022063,Happiness,Fear,0.00988843406099538
0.0033685977473022063,Happiness,Happiness,0.31993803007854615
0.0033685977473022063,Happiness,Joy,0.057085763357723036
0.0033685977473022063,Happiness,Pride,0.2287465775072131
0.0033685977473022063,Happiness,Sadness,0.016791708647450394
0.0033685977473022063,Happiness,Shame,0.1205938587554344
0.0033685977473022063,Joy,Boredom,0.010995867447903217
0.0033685977473022063,Joy,Fear,0.04254536927941591
0.0033685977473022063,Joy,Happiness,0.09341129837652146
0.0033685977473022063,Joy,Joy,0.35633853892401846
0.0033685977473022063,Joy,Pride,0.27421028456496765
0.0033685977473022063,Joy,Sadness,0.022766414400783808
0.0033685977473022063,Joy,Shame,0.19973222700638943
0.0033685977473022063,Pride,Boredom,0.015344376470710007
0.0033685977473022063,Pride,Fear,0.024300893292522233
0.0033685977473022063,Pride,Happiness,0.16947021773902532
0.0033685977473022063,Pride,Joy,0.3113483001062529
0.0033685977473022063,Pride,Pride,0.2586426006539295
0.0033685977473022063,Pride,Sadness,0.02119834204022782
0.0033685977473022063,Pride,Shame,0.1996952696973324
0.0033685977473022063,Sadness,Boredom,0.00989532941093733
0.0033685977473022063,Sadness,Fear,0.31605398261432244
0.0033685977473022063,Sadness,Happiness,0.02325465465174396
0.0033685977473022063,Sadness,Joy,0.013009115362462707
0.0033685977473022063,Sadness,Pride,0.017544165618901708
0.0033685977473022063,Sadness,Sadness,0.5045793644363418
0.0033685977473022063,Sadness,Shame,0.1156633879052904
0.0033685977473022063,Shame,Boredom,0.003803671963783673
0.0033685977473022063,Shame,Fear,0.5432404501846806
0.0033685977473022063,Shame,Happiness,0.013034550376781178
0.0033685977473022063,Shame,Joy,0.04149631448810778
0.0033685977473022063,Shame,Pride,0.02342804462902808
0.0033685977473022063,Shame,Sadness,0.23337733339554056
0.0033685977473022063,Shame,Shame,0.14161963496207855
0.003105093587980022,Boredom,Boredom,0.4746441398697363
0.003105093587980022,Boredom,Fear,0.011601615506874635
0.003105093587980022,Boredom,Happiness,0.3070257281739802
0.003105093587980022,Boredom,Joy,0.03053971215709783
0.003105093587980022,Boredom,Pride,0.07703567182435532
0.003105093587980022,Boredom,Sadness,0.02647529974101209
0.003105093587980022,Boredom,Shame,0.07267783272694392
0.003105093587980022,Fear,Boredom,0.005256157001749272
0.003105093587980022,Fear,Fear,0.4222850885167163
0.003105093587980022,Fear,Happiness,0.01854649016995263
0.003105093587980022,Fear,Joy,0.04386076593740158
0.003105093587980022,Fear,Pride,0.02899211515128667
0.003105093587980022,Fear,Sadness,0.30543689231250487
0.003105093587980022,Fear,Shame,0.17562249091038865
0.003105093587980022,Happiness,Boredom,0.21180652567414787
0.003105093587980022,Happiness,Fear,0.010289064971447366
0.003105093587980022,Happiness,Happiness,0.2751250234907577
0.003105093587980022,Happiness,Joy,0.08130151616883183
0.003105093587980022,Happiness,Pride,0.22832449639396368
0.003105093587980022,Happiness,Sadness,0.018153233199866312
0.003105093587980022,Happiness,Shame,0.17500014010098533
0.003105093587980022,Joy,Boredom,0.01064027252739243
0.003105093587980022,Joy,Fear,0.04074463726791402
0.003105093587980022,Joy,Happiness,0.10909366239207978
0.003105093587980022,Joy,Joy,0.3252093388898143
0.003105093587980022,Joy,Pride,0.27095578106834833
0.003105093587980022,Joy,Sadness,0.023147122063006096
0.003105093587980022,Joy,Shame,0.2202091857914452
0.003105093587980022,Pride,Boredom,0.014917135317767404
0.003105093587980022,Pride,Fear,0.02365264343384238
0.003105093587980022,Pride,Happiness,0.16244225001359633
0.003105093587980022,Pride,Joy,0.2946648665056474
0.003105093587980022,Pride,Pride,0.2618994752361989
0.003105093587980022,Pride,Sadness,0.022035447640664268
0.003105093587980022,Pride,Shame,0.22038818185228304
0.003105093587980022,Sadness,Boredom,0.013853614382474195
0.003105093587980022,Sadness,Fear,0.25671259291522464
0.003105093587980022,Sadness,Happiness,0.030095135838321383
0.003105093587980022,Sadness,Joy,0.022243170293206063
0.003105093587980022,Sadness,Pride,0.027136580337859532
0.003105093587980022,Sadness,Sadness,0.4827481735815797
0.003105093587980022,Sadness,Shame,0.16721073265133393
0.003105093587980022,Shame,Boredom,0.0063405007817971225
0.003105093587980022,Shame,Fear,0.4051597937787694
0.003105093587980022,Shame,Happiness,0.021361367859603242
0.003105093587980022,Shame,Joy,0.055655024803131836
0.003105093587980022,Shame,Pride,0.03334973695652466
0.003105093587980022,Shame,Sadness,0.28712242432595586
0.003105093587980022,Shame,Shame,0.19101115149421743
0.0033414594579309473,Boredom,Boredom,0.5396022604356734
0.0033414594579309473,Boredom,Fear,0.005252030394339537
0.0033414594579309473,Boredom,Happiness,0.33035496872952236
0.0033414594579309473,Boredom,Joy,0.013052097255409135
0.0033414594579309473,Boredom,Pride,0.057642469648384945
0.0033414594579309473,Boredom,Sadness,0.012209098052464637
0.0033414594579309473,Boredom,Shame,0.04188707548420601
0.0033414594579309473,Fear,Boredom,0.0016555938463786951
0.0033414594579309473,Fear,Fear,0.630249837303538
0.0033414594579309473,Fear,Happiness,0.005826655401779275
0.0033414594579309473,Fear,Joy,0.02464815003207411
0.0033414594579309473,Fear,Pride,0.014967666756007277
0.0033414594579309473,Fear,Sadness,0.2261706721429914
0.0033414594579309473,Fear,Shame,0.09648142451723102
0.0033414594579309473,Happiness,Boredom,0.26125406492310177
0.0033414594579309473,Happiness,Fear,0.005745924689485709
0.0033414594579309473,Happiness,Happiness,0.33133617545731847
0.0033414594579309473,Happiness,Joy,0.04895442903092842
0.0033414594579309473,Happiness,Pride,0.21582977819049495
0.0033414594579309473,Happiness,Sadness,0.012119222315278264
0.0033414594579309473,Happiness,Shame,0.12476040539339259
0.0033414594579309473,Joy,Boredom,0.009271769120656255
0.0033414594579309473,Joy,Fear,0.0392781184578138
0.0033414594579309473,Joy,Happiness,0.07802078015618229
0.0033414594579309473,Joy,Joy,0.37073401351137025
0.0033414594579309473,Joy,Pride,0.27733627549030304
0.0033414594579309473,Joy,Sadness,0.017820216962771675
0.0033414594579309473,Joy,Shame,0.2075388263009026
0.0033414594579309473,Pride,Boredom,0.013599261615147063
0.0033414594579309473,Pride,Fear,0.02252721620008174
0.0033414594579309473,Pride,Happiness,0.10897641726741489
0.0033414594579309473,Pride,Joy,0.34356653697475326
0.0033414594579309473,Pride,Pride,0.2707671960516645
0.0033414594579309473,Pride,Sadness,0.02028033558435751
0.0033414594579309473,Pride,Shame,0.220283036306581
0.0033414594579309473,Sadness,Boredom,0.008969803667980251
0.0033414594579309473,Sadness,Fear,0.31476228153095953
0.0033414594579309473,Sadness,Happiness,0.01824659814592794
0.0033414594579309473,Sadness,Joy,0.008717422545515347
0.0033414594579309473,Sadness,Pride,0.014472663154936866
0.0033414594579309473,Sadness,Sadness,0.5416889367485184
0.0033414594579309473,Sadness,Shame,0.09314229420616194
0.0033414594579309473,Shame,Boredom,0.0026089906451302225
0.0033414594579309473,Shame,Fear,0.596483533595432
0.0033414594579309473,Shame,Happiness,0.00830077181737329
0.0033414594579309473,Shame,Joy,0.03503742018969566
0.0033414594579309473,Shame,Pride,0.023627220028337396
0.0033414594579309473,Shame,Sadness,0.20981906307708495
0.0033414594579309473,Shame,Shame,0.12412300064694658
0.0032192787182191017,Boredom,Boredom,0.5133716137544966
0.0032192787182191017,Boredom,Fear,0.008329129276151296
0.0032192787182191017,Boredom,Happiness,0.32373513311931096
0.0032192787182191017,Boredom,Joy,0.01889034377251391
0.0032192787182191017,Boredom,Pride,0.06609412299962765
0.0032192787182191017,Boredom,Sadness,0.017796399398478425
0.0032192787182191017,Boredom,Shame,0.05178325767942151
0.0032192787182191017,Fear,Boredom,0.0030389022834837803
0.0032192787182191017,Fear,Fear,0.5514190375586204
0.0032192787182191017,Fear,Happiness,0.012401747185944778
0.0032192787182191017,Fear,Joy,0.03280858011180206
0.0032192787182191017,Fear,Pride,0.01943726886262902
0.0032192787182191017,Fear,Sadness,0.25552643638736633
0.0032192787182191017,Fear,Shame,0.1253680276101535
0.0032192787182191017,Happiness,Boredom,0.25060918343613386
0.0032192787182191017,Happiness,Fear,0.009288462056735308
0.0032192787182191017,Happiness,Happiness,0.31251643593909184
0.0032192787182191017,Happiness,Joy,0.061986560773019735
0.0032192787182191017,Happiness,Pride,0.22427432259283098
0.0032192787182191017,Happiness,Sadness,0.01618872512085047
0.0032192787182191017,Happiness,Shame,0.1251363100813376
0.0032192787182191017,Joy,Boredom,0.01106335704288909
0.0032192787182191017,Joy,Fear,0.04194520284300865
0.0032192787182191017,Joy,Happiness,0.11264036431400358
0.0032192787182191017,Joy,Joy,0.3486064722640125
0.0032192787182191017,Joy,Pride,0.2693511678228492
0.0032192787182191017,Joy,Sadness,0.021930858079914177
0.0032192787182191017,Joy,Shame,0.19446257763332303
0.0032192787182191017,Pride,Boredom,0.01627587827333218
0.0032192787182191017,Pride,Fear,0.024121091870840657
0.0032192787182191017,Pride,Happiness,0.1931818632741872
0.0032192787182191017,Pride,Joy,0.2915287820878775
0.0032192787182191017,Pride,Pride,0.2576255511337949
0.0032192787182191017,Pride,Sadness,0.020896204583669812
0.0032192787182191017,Pride,Shame,0.19637062877629796
0.0032192787182191017,Sadness,Boredom,0.010495512147908384
0.0032192787182191017,Sadness,Fear,0.3234061150760147
0.0032192787182191017,Sadness,Happiness,0.024777583890995797
0.0032192787182191017,Sadness,Joy,0.0143822960658424
0.0032192787182191017,Sadness,Pride,0.018717349890184164
0.0032192787182191017,Sadness,Sadness,0.4866560217440657
0.0032192787182191017,Sadness,Shame,0.12156512118498836
0.0032192787182191017,Shame,Boredom,0.004076025916079612
0.0032192787182191017,Shame,Fear,0.526455602616673
0.0032192787182191017,Shame,Happiness,0.015368951898038974
0.0032192787182191017,Shame,Joy,0.04361307983455198
0.0032192787182191017,Shame,Pride,0.024476236162228677
0.0032192787182191017,Shame,Sadness,0.2417495657838355
0.0032192787182191017,Shame,Shame,0.14426053778859202
0.0034166621959215264,Boredom,Boredom,0.48545662733154743
0.0034166621959215264,Boredom,Fear,0.009393560800929176
0.0034166621959215264,Boredom,Happiness,0.32342912604186574
0.0034166621959215264,Boredom,Joy,0.02083087069144411
0.0034166621959215264,Boredom,Pride,0.07440636852176602
0.0034166621959215264,Boredom,Sadness,0.02126740176629709
0.0034166621959215264,Boredom,Shame,0.06521604484615014
0.0034166621959215264,Fear,Boredom,0.0036442631548488226
0.0034166621959215264,Fear,Fear,0.47260952614977664
0.0034166621959215264,Fear,Happiness,0.01160230559688081
0.0034166621959215264,Fear,Joy,0.038636712380770995
0.0034166621959215264,Fear,Pride,0.025400751944386676
0.0034166621959215264,Fear,Sadness,0.2872229292051272
0.0034166621959215264,Fear,Shame,0.1608835115682091
0.0034166621959215264,Happiness,Boredom,0.26637191719485576
0.0034166621959215264,Happiness,Fear,0.007738969603328119
0.0034166621959215264,Happiness,Happiness,0.2987540203054493
0.0034166621959215264,Happiness,Joy,0.05285081786124677
0.0034166621959215264,Happiness,Pride,0.22096220807633463
0.0034166621959215264,Happiness,Sadness,0.014529593079017035
0.0034166621959215264,Happiness,Shame,0.138792473879768
0.0034166621959215264,Joy,Boredom,0.009256760939331247
0.0034166621959215264,Joy,Fear,0.03999052113443963
0.0034166621959215264,Joy,Happiness,0.07972333076533424
0.0034166621959215264,Joy,Joy,0.33469206822419617
0.0034166621959215264,Joy,Pride,0.2797152684329669
0.0034166621959215264,Joy,Sadness,0.021637792371756046
0.0034166621959215264,Joy,Shame,0.23498425813197618
0.0034166621959215264,Pride,Boredom,0.012826402214189894
0.0034166621959215264,Pride,Fear,0.023041965695731657
0.0034166621959215264,Pride,Happiness,0.11903389622172854
0.0034166621959215264,Pride,Joy,0.31390023393354466
0.0034166621959215264,Pride,Pride,0.2698769123474914
0.0034166621959215264,Pride,Sadness,0.021896750261242885
0.0034166621959215264,Pride,Shame,0.2394238393260713
0.0034166621959215264,Sadness,Boredom,0.009525476085055605
0.0034166621959215264,Sadness,Fear,0.22658319715847888
0.0034166621959215264,Sadness,Happiness,0.023352748817023553
0.0034166621959215264,Sadness,Joy,0.0159212760008573
0.0034166621959215264,Sadness,Pride,0.021956667612813917
0.0034166621959215264,Sadness,Sadness,0.554980302205494
0.0034166621959215264,Sadness,Shame,0.14768033212027679
0.0034166621959215264,Shame,Boredom,0.00479487952983244
0.0034166621959215264,Shame,Fear,0.4489331560139119
0.0034166621959215264,Shame,Happiness,0.014236583524091358
0.0034166621959215264,Shame,Joy,0.05019334748670431
0.0034166621959215264,Shame,Pride,0.03280352560676826
0.0034166621959215264,Shame,Sadness,0.2653484702481063
0.0034166621959215264,Shame,Shame,0.18369003759058564
0.0031066662304264185,Boredom,Boredom,0.48005622930072345
0.0031066662304264185,Boredom,Fear,0.009401231918389492
0.0031066662304264185,Boredom,Happiness,0.3212987735686473
0.0031066662304264185,Boredom,Joy,0.02441103128272797
0.0031066662304264185,Boredom,Pride,0.07516527880851367
0.0031066662304264185,Boredom,Sadness,0.02116783049790948
0.0031066662304264185,Boredom,Shame,0.06849962462308844
0.0031066662304264185,Fear,Boredom,0.004182008579512046
0.0031066662304264185,Fear,Fear,0.44195736046504497
0.0031066662304264185,Fear,Happiness,0.013755298385755758
0.0031066662304264185,Fear,Joy,0.042106981111137906
0.0031066662304264185,Fear,Pride,0.02763615568005679
0.0031066662304264185,Fear,Sadness,0.2929797053928277
0.0031066662304264185,Fear,Shame,0.17738249038566503
0.0031066662304264185,Happiness,Boredom,0.222075207762828
0.0031066662304264185,Happiness,Fear,0.007143656110439424
0.0031066662304264185,Happiness,Happiness,0.2887417685131027
0.0031066662304264185,Happiness,Joy,0.06888307526403029
0.0031066662304264185,Happiness,Pride,0.22846674720288881
0.0031066662304264185,Happiness,Sadness,0.014208112930052008
0.0031066662304264185,Happiness,Shame,0.1704814322166586
0.0031066662304264185,Joy,Boredom,0.008381811767322929
0.0031066662304264185,Joy,Fear,0.037284676218140814
0.0031066662304264185,Joy,Happiness,0.09113478021369735
0.0031066662304264185,Joy,Joy,0.32704872601454354
0.0031066662304264185,Joy,Pride,0.27770117013564305
0.0031066662304264185,Joy,Sadness,0.01911370260211888
0.0031066662304264185,Joy,Shame,0.2393351330485334
0.0031066662304264185,Pride,Boredom,0.012192705553365166
0.0031066662304264185,Pride,Fear,0.020400027832165706
0.0031066662304264185,Pride,Happiness,0.14585996183486713
0.0031066662304264185,Pride,Joy,0.2921722219120777
0.0031066662304264185,Pride,Pride,0.26819884396210997
0.0031066662304264185,Pride,Sadness,0.018392502561010063
0.0031066662304264185,Pride,Shame,0.24278373634440492
0.0031066662304264185,Sadness,Boredom,0.010038491181775066
0.0031066662304264185,Sadness,Fear,0.23720687111292751
0.0031066662304264185,Sadness,Happiness,0.024661280136602164
0.0031066662304264185,Sadness,Joy,0.018639727641884877
0.0031066662304264185,Sadness,Pride,0.024448217987665465
0.0031066662304264185,Sadness,Sadness,0.5199278381052379
0.0031066662304264185,Sadness,Shame,0.16507757383390703
0.0031066662304264185,Shame,Boredom,0.005443273640812486
0.0031066662304264185,Shame,Fear,0.4190471311762326
0.0031066662304264185,Shame,Happiness,0.0168202380928114
0.0031066662304264185,Shame,Joy,0.05473138705769931
0.0031066662304264185,Shame,Pride,0.03456520122295329
0.0031066662304264185,Shame,Sadness,0.26811485237924276
0.0031066662304264185,Shame,Shame,0.20127791643024848
0.003155905548530207,Boredom,Boredom,0.5162249179999512
0.003155905548530207,Boredom,Fear,0.008171606462003555
0.003155905548530207,Boredom,Happiness,0.3228244190663913
0.003155905548530207,Boredom,Joy,0.01889953349938673
0.003155905548530207,Boredom,Pride,0.06476090110257017
0.003155905548530207,Boredom,Sadness,0.018175103164655124
0.003155905548530207,Boredom,Shame,0.050943518705041775
0.003155905548530207,Fear,Boredom,0.00307605945564346
0.003155905548530207,Fear,Fear,0.5461319779901033
0.003155905548530207,Fear,Happiness,0.012596168855124032
0.003155905548530207,Fear,Joy,0.033237079462079454
0.003155905548530207,Fear,Pride,0.019655109333438826
0.003155905548530207,Fear,Sadness,0.2578983343194795
0.003155905548530207,Fear,Shame,0.12740527058413154
0.003155905548530207,Happiness,Boredom,0.2583292490254627
0.003155905548530207,Happiness,Fear,0.008863047536025095
0.003155905548530207,Happiness,Happiness,0.3110002857952437
0.003155905548530207,Happiness,Joy,0.061923972503126264
0.003155905548530207,Happiness,Pride,0.22012117271509865
0.003155905548530207,Happiness,Sadness,0.015159827652887632
0.003155905548530207,Happiness,Shame,0.124602444772156
0.003155905548530207,Joy,Boredom,0.010882546418676928
0.003155905548530207,Joy,Fear,0.041450838558864424
0.003155905548530207,Joy,Happiness,0.11656102784121243
0.003155905548530207,Joy,Joy,0.34710640927342357
0.003155905548530207,Joy,Pride,0.2684180676774374
0.003155905548530207,Joy,Sadness,0.021038972603511584
0.003155905548530207,Joy,Shame,0.19454213762687333
0.003155905548530207,Pride,Boredom,0.016158520068394976
0.003155905548530207,Pride,Fear,0.024052587738268075
0.003155905548530207,Pride,Happiness,0.19672699732565174
0.003155905548530207,Pride,Joy,0.2876203572731122
0.003155905548530207,Pride,Pride,0.2579936272040802
0.003155905548530207,Pride,Sadness,0.02030250562840983
0.003155905548530207,Pride,Shame,0.1971454047620828
0.003155905548530207,Sadness,Boredom,0.01060971238399158
0.003155905548530207,Sadness,Fear,0.3258675333265885
0.003155905548530207,Sadness,Happiness,0.024598786958142972
0.003155905548530207,Sadness,Joy,0.014262673591867132
0.003155905548530207,Sadness,Pride,0.01857277665372042
0.003155905548530207,Sadness,Sadness,0.4854781105684929
0.003155905548530207,Sadness,Shame,0.12061040651719665
0.003155905548530207,Shame,Boredom,0.004123319852856349
0.003155905548530207,Shame,Fear,0.5217031845943296
0.003155905548530207,Shame,Happiness,0.015629400698801324
0.003155905548530207,Shame,Joy,0.04421597783117316
0.003155905548530207,Shame,Pride,0.024548360197685585
0.003155905548530207,Shame,Sadness,0.243111183799477
0.003155905548530207,Shame,Shame,0.14666857302567654
0.0032477677679730406,Boredom,Boredom,0.5339815062827411
0.0032477677679730406,Boredom,Fear,0.006001542913041582
0.0032477677679730406,Boredom,Happiness,0.3288132931962346
0.0032477677679730406,Boredom,Joy,0.014154936833173244
0.0032477677679730406,Boredom,Pride,0.059541199414192406
0.0032477677679730406,Boredom,Sadness,0.013109610440402182
0.0032477677679730406,Boredom,Shame,0.04439791092021492
0.0032477677679730406,Fear,Boredom,0.0021342393649181734
0.0032477677679730406,Fear,Fear,0.5933281268694791
0.0032477677679730406,Fear,Happiness,0.007804120493225181
0.0032477677679730406,Fear,Joy,0.028297086100655053
0.0032477677679730406,Fear,Pride,0.016436248961708005
0.0032477677679730406,Fear,Sadness,0.24205712975434202
0.0032477677679730406,Fear,Shame,0.10994304845567232
0.0032477677679730406,Happiness,Boredom,0.27746980148812944
0.0032477677679730406,Happiness,Fear,0.006164734516077241
0.0032477677679730406,Happiness,Happiness,0.3240428533160973
0.0032477677679730406,Happiness,Joy,0.049577245407857684
0.0032477677679730406,Happiness,Pride,0.2101251917310947
0.0032477677679730406,Happiness,Sadness,0.012339906741602458
0.0032477677679730406,Happiness,Shame,0.12028026679914158
0.0032477677679730406,Joy,Boredom,0.009620402545594526
0.0032477677679730406,Joy,Fear,0.039666596512472896
0.0032477677679730406,Joy,Happiness,0.08737971350702226
0.0032477677679730406,Joy,Joy,0.36503419198679754
0.0032477677679730406,Joy,Pride,0.27479229828846696
0.0032477677679730406,Joy,Sadness,0.019423441913506256
0.0032477677679730406,Joy,Shame,0.2040833552461394
0.0032477677679730406,Pride,Boredom,0.014268707877082244
0.0032477677679730406,Pride,Fear,0.021218013752828092
0.0032477677679730406,Pride,Happiness,0.16757478456766806
0.0032477677679730406,Pride,Joy,0.31190128197222905
0.0032477677679730406,Pride,Pride,0.2598629156594981
0.0032477677679730406,Pride,Sadness,0.01827951426577521
0.0032477677679730406,Pride,Shame,0.2068947819049194
0.0032477677679730406,Sadness,Boredom,0.009785251585495173
0.0032477677679730406,Sadness,Fear,0.32069916250601305
0.0032477677679730406,Sadness,Happiness,0.020700116100240418
0.0032477677679730406,Sadness,Joy,0.011152581994517765
0.0032477677679730406,Sadness,Pride,0.016073075630239807
0.0032477677679730406,Sadness,Sadness,0.5165997151378623
0.0032477677679730406,Sadness,Shame,0.10499009704563167
0.0032477677679730406,Shame,Boredom,0.0031608830730977004
0.0032477677679730406,Shame,Fear,0.5626384033522022
0.0032477677679730406,Shame,Happiness,0.01049526326977193
0.0032477677679730406,Shame,Joy,0.03918744918168875
0.0032477677679730406,Shame,Pride,0.023476172515980824
0.0032477677679730406,Shame,Sadness,0.22594551267680063
0.0032477677679730406,Shame,Shame,0.13509631593045804
0.002887816443437921,Boredom,Boredom,0.5009520807557457
0.002887816443437921,Boredom,Fear,0.010751191859804771
0.002887816443437921,Boredom,Happiness,0.3089878548058736
0.002887816443437921,Boredom,Joy,0.026526519217272067
0.002887816443437921,Boredom,Pride,0.06840707781846428
0.002887816443437921,Boredom,Sadness,0.020563046111015188
0.002887816443437921,Boredom,Shame,0.06381222943182457
0.002887816443437921,Fear,Boredom,0.0051665306504087875
0.002887816443437921,Fear,Fear,0.4986686495005954
0.002887816443437921,Fear,Happiness,0.01757973421284779
0.002887816443437921,Fear,Joy,0.03526797977170145
0.002887816443437921,Fear,Pride,0.022819986376839414
0.002887816443437921,Fear,Sadness,0.2788055909383347
0.002887816443437921,Fear,Shame,0.1416915285492725
0.002887816443437921,Happiness,Boredom,0.23834253522480783
0.002887816443437921,Happiness,Fear,0.010233124483163162
0.002887816443437921,Happiness,Happiness,0.29154515137443004
0.002887816443437921,Happiness,Joy,0.07565642628962731
0.002887816443437921,Happiness,Pride,0.221493553471287
0.002887816443437921,Happiness,Sadness,0.016717663160727075
0.002887816443437921,Happiness,Shame,0.1460115459959577
0.002887816443437921,Joy,Boredom,0.013616778463628004
0.002887816443437921,Joy,Fear,0.04315908011455503
0.002887816443437921,Joy,Happiness,0.14467041627409852
0.002887816443437921,Joy,Joy,0.3231610561093883
0.002887816443437921,Joy,Pride,0.26331643074561006
0.002887816443437921,Joy,Sadness,0.021437389047340837
0.002887816443437921,Joy,Shame,0.19063884924537905
0.002887816443437921,Pride,Boredom,0.02112430806613547
0.002887816443437921,Pride,Fear,0.025103493348452834
0.002887816443437921,Pride,Happiness,0.208836041175808
0.002887816443437921,Pride,Joy,0.2725825923781668
0.002887816443437921,Pride,Pride,0.2572472332238284
0.002887816443437921,Pride,Sadness,0.02137366960360156
0.002887816443437921,Pride,Shame,0.19373266220400695
0.002887816443437921,Sadness,Boredom,0.018190755986083097
0.002887816443437921,Sadness,Fear,0.33276858913258217
0.002887816443437921,Sadness,Happiness,0.02957074719627478
0.002887816443437921,Sadness,Joy,0.01770077029992445
0.002887816443437921,Sadness,Pride,0.022270619211893133
0.002887816443437921,Sadness,Sadness,0.44361633697234537
0.002887816443437921,Sadness,Shame,0.13588218120089715
0.002887816443437921,Shame,Boredom,0.006322859116555156
0.002887816443437921,Shame,Fear,0.47783371554032783
0.002887816443437921,Shame,Happiness,0.020833741061549716
0.002887816443437921,Shame,Joy,0.04644393623228013
0.002887816443437921,Shame,Pride,0.02693413300715565
0.002887816443437921,Shame,Sadness,0.26467906234028177
0.002887816443437921,Shame,Shame,0.15695255270185
0.003317085773123185,Boredom,Boredom,0.5256193487934234
0.003317085773123185,Boredom,Fear,0.0066483168051399665
0.003317085773123185,Boredom,Happiness,0.32815616875444553
0.003317085773123185,Boredom,Joy,0.015263314121577446
0.003317085773123185,Boredom,Pride,0.061763656105299485
0.003317085773123185,Boredom,Sadness,0.015152192744354018
0.003317085773123185,Boredom,Shame,0.04739700267575986
0.003317085773123185,Fear,Boredom,0.0021305008277206707
0.003317085773123185,Fear,Fear,0.6017678404658245
0.003317085773123185,Fear,Happiness,0.008032940614227402
0.003317085773123185,Fear,Joy,0.0276305477617439
0.003317085773123185,Fear,Pride,0.016101714940739743
0.003317085773123185,Fear,Sadness,0.23736846250609545
0.003317085773123185,Fear,Shame,0.1069679928836483
0.003317085773123185,Happiness,Boredom,0.2599668631312052
0.003317085773123185,Happiness,Fear,0.007188828048600809
0.003317085773123185,Happiness,Happiness,0.3221785933319036
0.003317085773123185,Happiness,Joy,0.052377802398763176
0.003317085773123185,Happiness,Pride,0.21944686668984129
0.003317085773123185,Happiness,Sadness,0.014111349771051312
0.003317085773123185,Happiness,Shame,0.1247296966286349
0.003317085773123185,Joy,Boredom,0.010072227151006582
0.003317085773123185,Joy,Fear,0.04076238774924254
0.003317085773123185,Joy,Happiness,0.08680524032210032
0.003317085773123185,Joy,Joy,0.36235024554837275
0.003317085773123185,Joy,Pride,0.27566892324163705
0.003317085773123185,Joy,Sadness,0.020367573074309624
0.003317085773123185,Joy,Shame,0.2039734029133312
0.003317085773123185,Pride,Boredom,0.014284626460910855
0.003317085773123185,Pride,Fear,0.022021383700957048
0.003317085773123185,Pride,Happiness,0.15999687603746177
0.003317085773123185,Pride,Joy,0.31699661391702005
0.003317085773123185,Pride,Pride,0.2602766833817492
0.003317085773123185,Pride,Sadness,0.01933103203985761
0.003317085773123185,Pride,Shame,0.20709278446204282
0.003317085773123185,Sadness,Boredom,0.00949818288404193
0.003317085773123185,Sadness,Fear,0.31718486290035214
0.003317085773123185,Sadness,Happiness,0.020794595190452837
0.003317085773123185,Sadness,Joy,0.011123090586512549
0.003317085773123185,Sadness,Pride,0.01562204573497513
0.003317085773123185,Sadness,Sadness,0.5223378596165378
0.003317085773123185,Sadness,Shame,0.1034393630871279
0.003317085773123185,Shame,Boredom,0.0031485159692802188
0.003317085773123185,Shame,Fear,0.5716077799787486
0.003317085773123185,Shame,Happiness,0.010710072847810777
0.003317085773123185,Shame,Joy,0.03818945526070124
0.003317085773123185,Shame,Pride,0.022678156979169934
0.003317085773123185,Shame,Sadness,0.22258866058541155
0.003317085773123185,Shame,Shame,0.13107735837887807
0.0034180194612338055,Boredom,Boredom,0.4841713925913158
0.0034180194612338055,Boredom,Fear,0.010139182207497596
0.0034180194612338055,Boredom,Happiness,0.3186824965790913
0.0034180194612338055,Boredom,Joy,0.022151875937407906
0.0034180194612338055,Boredom,Pride,0.07583761924387476
0.0034180194612338055,Boredom,Sadness,0.02264036521749987
0.0034180194612338055,Boredom,Shame,0.066377068223313
0.0034180194612338055,Fear,Boredom,0.003945319386298059
0.0034180194612338055,Fear,Fear,0.46727304693659155
0.0034180194612338055,Fear,Happiness,0.013145523652094947
0.0034180194612338055,Fear,Joy,0.0396348422162553
0.0034180194612338055,Fear,Pride,0.025468043687894168
0.0034180194612338055,Fear,Sadness,0.29147279374218754
0.0034180194612338055,Fear,Shame,0.15906043037867873
0.0034180194612338055,Happiness,Boredom,0.25425893348537243
0.0034180194612338055,Happiness,Fear,0.008811046752825402
0.0034180194612338055,Happiness,Happiness,0.29528948643410136
0.0034180194612338055,Happiness,Joy,0.05738987861151799
0.0034180194612338055,Happiness,Pride,0.2271108104549296
0.0034180194612338055,Happiness,Sadness,0.016278775835318643
0.0034180194612338055,Happiness,Shame,0.14086106842593446
0.0034180194612338055,Joy,Boredom,0.009961831439940526
0.0034180194612338055,Joy,Fear,0.04111980205868232
0.0034180194612338055,Joy,Happiness,0.08500757519173319
0.0034180194612338055,Joy,Joy,0.3346237049176911
0.0034180194612338055,Joy,Pride,0.27689705874476583
0.0034180194612338055,Joy,Sadness,0.023300469516359258
0.0034180194612338055,Joy,Shame,0.22908955813082785
0.0034180194612338055,Pride,Boredom,0.013533270216965222
0.0034180194612338055,Pride,Fear,0.02346030564774943
0.0034180194612338055,Pride,Happiness,0.13237340578920279
0.0034180194612338055,Pride,Joy,0.31250570894635904
0.0034180194612338055,Pride,Pride,0.26516624667072847
0.0034180194612338055,Pride,Sadness,0.022594840259047615
0.0034180194612338055,Pride,Shame,0.23036622246994765
0.0034180194612338055,Sadness,Boredom,0.010128036657247761
0.0034180194612338055,Sadness,Fear,0.23378775570852073
0.0034180194612338055,Sadness,Happiness,0.025387844020995996
0.0034180194612338055,Sadness,Joy,0.017699316224498975
0.0034180194612338055,Sadness,Pride,0.02305026482449428
0.0034180194612338055,Sadness,Sadness,0.5409678522560525
0.0034180194612338055,Sadness,Shame,0.1489789303081898
0.0034180194612338055,Shame,Boredom,0.005084139500447125
0.0034180194612338055,Shame,Fear,0.44525663153988454
0.0034180194612338055,Shame,Happiness,0.015814085135305033
0.0034180194612338055,Shame,Joy,0.05115734763498242
0.0034180194612338055,Shame,Pride,0.03176626189650796
0.0034180194612338055,Shame,Sadness,0.27165496241035947
0.0034180194612338055,Shame,Shame,0.1792665718825135
0.0033593545449209536,Boredom,Boredom,0.4883756587347676
0.0033593545449209536,Boredom,Fear,0.006901540832793494
0.0033593545449209536,Boredom,Happiness,0.335530068313845
0.0033593545449209536,Boredom,Joy,0.018054381875075676
0.0033593545449209536,Boredom,Pride,0.07072061975982916
0.0033593545449209536,Boredom,Sadness,0.017558994507745663
0.0033593545449209536,Boredom,Shame,0.06285873597594333
0.0033593545449209536,Fear,Boredom,0.0028682232531698827
0.0033593545449209536,Fear,Fear,0.5026221161853065
0.0033593545449209536,Fear,Happiness,0.008029642271912944
0.0033593545449209536,Fear,Joy,0.03444089265025293
0.0033593545449209536,Fear,Pride,0.023589616624146076
0.0033593545449209536,Fear,Sadness,0.27788784853850973
0.0033593545449209536,Fear,Shame,0.15056166047670164
0.0033593545449209536,Happiness,Boredom,0.21985194581249157
0.0033593545449209536,Happiness,Fear,0.00525817061410882
0.0033593545449209536,Happiness,Happiness,0.31214586067073136
0.0033593545449209536,Happiness,Joy,0.052002893252000984
0.0033593545449209536,Happiness,Pride,0.23491038305437492
0.0033593545449209536,Happiness,Sadness,0.011793677770948252
0.0033593545449209536,Happiness,Shame,0.16403706882534413
0.0033593545449209536,Joy,Boredom,0.006948304951139783
0.0033593545449209536,Joy,Fear,0.03392338544005168
0.0033593545449209536,Joy,Happiness,0.07000395082321016
0.0033593545449209536,Joy,Joy,0.3323895120336223
0.0033593545449209536,Joy,Pride,0.28518533781486916
0.0033593545449209536,Joy,Sadness,0.014625063005006832
0.0033593545449209536,Joy,Shame,0.2569244459320995
0.0033593545449209536,Pride,Boredom,0.01076404327639714
0.0033593545449209536,Pride,Fear,0.01759263995266281
0.0033593545449209536,Pride,Happiness,0.09148114517519947
0.0033593545449209536,Pride,Joy,0.3095332576072475
0.0033593545449209536,Pride,Pride,0.28281098862363635
0.0033593545449209536,Pride,Sadness,0.01692084686682477
0.0033593545449209536,Pride,Shame,0.27089707849803196
0.0033593545449209536,Sadness,Boredom,0.007432185349415224
0.0033593545449209536,Sadness,Fear,0.20730102748862558
0.0033593545449209536,Sadness,Happiness,0.017085509028535163
0.0033593545449209536,Sadness,Joy,0.010710907413773623
0.0033593545449209536,Sadness,Pride,0.01878994788678702
0.0033593545449209536,Sadness,Sadness,0.6051652433596831
0.0033593545449209536,Sadness,Shame,0.13351517947317992
0.0033593545449209536,Shame,Boredom,0.004214398488776258
0.0033593545449209536,Shame,Fear,0.470719924038459
0.0033593545449209536,Shame,Happiness,0.010996369031097986
0.0033593545449209536,Shame,Joy,0.046841573801131
0.0033593545449209536,Shame,Pride,0.03436834608462136
0.0033593545449209536,Shame,Sadness,0.24651505119771067
0.0033593545449209536,Shame,Shame,0.1863443373582039
0.00330674054674539,Boredom,Boredom,0.4864703116858576
0.00330674054674539,Boredom,Fear,0.008412158015298763
0.00330674054674539,Boredom,Happiness,0.3272073413956519
0.00330674054674539,Boredom,Joy,0.019703625651254726
0.00330674054674539,Boredom,Pride,0.07295753406782778
0.00330674054674539,Boredom,Sadness,0.020347774522113973
0.00330674054674539,Boredom,Shame,0.06490125466199488
0.00330674054674539,Fear,Boredom,0.0033921011447741807
0.00330674054674539,Fear,Fear,0.47323435161207894
0.00330674054674539,Fear,Happiness,0.010345608095417212
0.00330674054674539,Fear,Joy,0.037886091611990844
0.00330674054674539,Fear,Pride,0.025174881647106965
0.00330674054674539,Fear,Sadness,0.2867168364923699
0.00330674054674539,Fear,Shame,0.16325012939626166
0.00330674054674539,Happiness,Boredom,0.21466380678946956
0.00330674054674539,Happiness,Fear,0.007944283621803671
0.00330674054674539,Happiness,Happiness,0.308449047645834
0.00330674054674539,Happiness,Joy,0.056735674772870934
0.00330674054674539,Happiness,Pride,0.24215384962838193
0.00330674054674539,Happiness,Sadness,0.01568521161720083
0.00330674054674539,Happiness,Shame,0.15436812592443933
0.00330674054674539,Joy,Boredom,0.00823889629205291
0.00330674054674539,Joy,Fear,0.037654319418313
0.00330674054674539,Joy,Happiness,0.07639891301044589
0.00330674054674539,Joy,Joy,0.3324102386297516
0.00330674054674539,Joy,Pride,0.28190180514091057
0.00330674054674539,Joy,Sadness,0.01986816877786954
0.00330674054674539,Joy,Shame,0.24352765873065613
0.00330674054674539,Pride,Boredom,0.011657105882920358
0.00330674054674539,Pride,Fear,0.020430229279580023
0.00330674054674539,Pride,Happiness,0.11894053034058179
0.00330674054674539,Pride,Joy,0.3063541775121366
0.00330674054674539,Pride,Pride,0.2729733870637811
0.00330674054674539,Pride,Sadness,0.019861103445908083
0.00330674054674539,Pride,Shame,0.249783466475092
0.00330674054674539,Sadness,Boredom,0.008740337575870354
0.00330674054674539,Sadness,Fear,0.22363169366865654
0.00330674054674539,Sadness,Happiness,0.02191385755430151
0.00330674054674539,Sadness,Joy,0.015341908877302092
0.00330674054674539,Sadness,Pride,0.02194213143472064
0.00330674054674539,Sadness,Sadness,0.5556823821572171
0.00330674054674539,Sadness,Shame,0.15274768873193162
0.00330674054674539,Shame,Boredom,0.00459420420747518
0.00330674054674539,Shame,Fear,0.4467003942979356
0.00330674054674539,Shame,Happiness,0.013061008344376835
0.00330674054674539,Shame,Joy,0.049913860774868944
0.00330674054674539,Shame,Pride,0.033383908278552386
0.00330674054674539,Shame,Sadness,0.2621256247805482
0.00330674054674539,Shame,Shame,0.19022099931624248
0.0031793556083749798,Boredom,Boredom,0.4835035476605835
0.0031793556083749798,Boredom,Fear,0.008928325525442213
0.0031793556083749798,Boredom,Happiness,0.32205388592655165
0.0031793556083749798,Boredom,Joy,0.022400822835795784
0.0031793556083749798,Boredom,Pride,0.07376390533284832
0.0031793556083749798,Boredom,Sadness,0.021882846826427414
0.0031793556083749798,Boredom,Shame,0.0674666658923515
0.0031793556083749798,Fear,Boredom,0.0038538683485203388
0.0031793556083749798,Fear,Fear,0.45455064524013555
0.0031793556083749798,Fear,Happiness,0.012737169147605167
0.0031793556083749798,Fear,Joy,0.04033207127132806
0.0031793556083749798,Fear,Pride,0.02638272788825243
0.0031793556083749798,Fear,Sadness,0.29228348185080005
0.0031793556083749798,Fear,Shame,0.16986003625335822
0.0031793556083749798,Happiness,Boredom,0.22768811832850702
0.0031793556083749798,Happiness,Fear,0.006683920582174448
0.0031793556083749798,Happiness,Happiness,0.2940853966025296
0.0031793556083749798,Happiness,Joy,0.06405456256231291
0.0031793556083749798,Happiness,Pride,0.22942796054862918
0.0031793556083749798,Happiness,Sadness,0.014306390301713849
0.0031793556083749798,Happiness,Shame,0.16375365107413303
0.0031793556083749798,Joy,Boredom,0.008256807941682027
0.0031793556083749798,Joy,Fear,0.03696306587011726
0.0031793556083749798,Joy,Happiness,0.08714155719471706
0.0031793556083749798,Joy,Joy,0.3284476603624069
0.0031793556083749798,Joy,Pride,0.2793778380650467
0.0031793556083749798,Joy,Sadness,0.01943251190870465
0.0031793556083749798,Joy,Shame,0.24038055865732508
0.0031793556083749798,Pride,Boredom,0.011997758410322119
0.0031793556083749798,Pride,Fear,0.019620874571944974
0.0031793556083749798,Pride,Happiness,0.14222327592269512
0.0031793556083749798,Pride,Joy,0.29417192410902115
0.0031793556083749798,Pride,Pride,0.26918878731451734
0.0031793556083749798,Pride,Sadness,0.018649613267950997
0.0031793556083749798,Pride,Shame,0.244147766403548
0.0031793556083749798,Sadness,Boredom,0.009762606807065907
0.0031793556083749798,Sadness,Fear,0.23263828288171903
0.0031793556083749798,Sadness,Happiness,0.023914769072047558
0.0031793556083749798,Sadness,Joy,0.017631340849372516
0.0031793556083749798,Sadness,Pride,0.02352472262342028
0.0031793556083749798,Sadness,Sadness,0.5321716156940896
0.0031793556083749798,Sadness,Shame,0.16035666207228505
0.0031793556083749798,Shame,Boredom,0.005111951307190827
0.0031793556083749798,Shame,Fear,0.42948350302730176
0.0031793556083749798,Shame,Happiness,0.015799227800634738
0.0031793556083749798,Shame,Joy,0.05283522511141901
0.0031793556083749798,Shame,Pride,0.03371590710722216
0.0031793556083749798,Shame,Sadness,0.26761892604154297
0.0031793556083749798,Shame,Shame,0.1954352596046885
0.0033812883515144123,Boredom,Boredom,0.6148219460288468
0.0033812883515144123,Boredom,Fear,0.0019871300888742688
0.0033812883515144123,Boredom,Happiness,0.3143596320115607
0.0033812883515144123,Boredom,Joy,0.006453662721504275
0.0033812883515144123,Boredom,Pride,0.03774578195183093
0.0033812883515144123,Boredom,Sadness,0.005955097343863821
0.0033812883515144123,Boredom,Shame,0.018676749853519057
0.0033812883515144123,Fear,Boredom,0.0007902453250678229
0.0033812883515144123,Fear,Fear,0.8285292555538806
0.0033812883515144123,Fear,Happiness,0.002007045410578046
0.0033812883515144123,Fear,Joy,0.010674782680166719
0.0033812883515144123,Fear,Pride,0.005432252972943581
0.0033812883515144123,Fear,Sadness,0.11482907197705007
0.0033812883515144123,Fear,Shame,0.0377373460803133
0.0033812883515144123,Happiness,Boredom,0.289535852715731
0.0033812883515144123,Happiness,Fear,0.004218441909448299
0.0033812883515144123,Happiness,Happiness,0.36678752372553847
0.0033812883515144123,Happiness,Joy,0.04412715128164291
0.0033812883515144123,Happiness,Pride,0.19592656908513528
0.0033812883515144123,Happiness,Sadness,0.009122630618941379
0.0033812883515144123,Happiness,Shame,0.09028183066356253
0.0033812883515144123,Joy,Boredom,0.008759226322557124
0.0033812883515144123,Joy,Fear,0.03600201134766427
0.0033812883515144123,Joy,Happiness,0.07593552539934423
0.0033812883515144123,Joy,Joy,0.4141579475755827
0.0033812883515144123,Joy,Pride,0.27582142014736427
0.0033812883515144123,Joy,Sadness,0.01226167953347132
0.0033812883515144123,Joy,Shame,0.1770621896740161
0.0033812883515144123,Pride,Boredom,0.0134531427356459
0.0033812883515144123,Pride,Fear,0.017215439695305028
0.0033812883515144123,Pride,Happiness,0.14792997721017015
0.0033812883515144123,Pride,Joy,0.3601451279446916
0.0033812883515144123,Pride,Pride,0.2601714925377912
0.0033812883515144123,Pride,Sadness,0.013487282983840958
0.0033812883515144123,Pride,Shame,0.1875975368925552
0.0033812883515144123,Sadness,Boredom,0.009154656438542923
0.0033812883515144123,Sadness,Fear,0.36381086731005247
0.0033812883515144123,Sadness,Happiness,0.014490936888266786
0.0033812883515144123,Sadness,Joy,0.00538303530668764
0.0033812883515144123,Sadness,Pride,0.009068113412571547
0.0033812883515144123,Sadness,Sadness,0.5494109926505717
0.0033812883515144123,Sadness,Shame,0.048681397993307
0.0033812883515144123,Shame,Boredom,0.0013848889430987657
0.0033812883515144123,Shame,Fear,0.7972232253513041
0.0033812883515144123,Shame,Happiness,0.0033229417577569764
0.0033812883515144123,Shame,Joy,0.016859137423658032
0.0033812883515144123,Shame,Pride,0.010225422126662635
0.0033812883515144123,Shame,Sadness,0.11083848513311402
0.0033812883515144123,Shame,Shame,0.06014589926440597
0.0033518908671996733,Boredom,Boredom,0.4881629429453066
0.0033518908671996733,Boredom,Fear,0.007318639577285165
0.0033518908671996733,Boredom,Happiness,0.33295576009187566
0.0033518908671996733,Boredom,Joy,0.018615252289433275
0.0033518908671996733,Boredom,Pride,0.07150504265699222
0.0033518908671996733,Boredom,Sadness,0.017957762170932735
0.0033518908671996733,Boredom,Shame,0.06348460026817392
0.0033518908671996733,Fear,Boredom,0.0029884085300874003
0.0033518908671996733,Fear,Fear,0.49521734997904415
0.0033518908671996733,Fear,Happiness,0.008759692065585953
0.0033518908671996733,Fear,Joy,0.03544314216753745
0.0033518908671996733,Fear,Pride,0.023884850082054494
0.0033518908671996733,Fear,Sadness,0.281811986016851
0.0033518908671996733,Fear,Shame,0.15189457115883953
0.0033518908671996733,Happiness,Boredom,0.21833364755747975
0.0033518908671996733,Happiness,Fear,0.005814850867606653
0.0033518908671996733,Happiness,Happiness,0.3090857598234434
0.0033518908671996733,Happiness,Joy,0.0530078529832294
0.0033518908671996733,Happiness,Pride,0.23520478622194615
0.0033518908671996733,Happiness,Sadness,0.012520114398554525
0.0033518908671996733,Happiness,Shame,0.1660329881477398
0.0033518908671996733,Joy,Boredom,0.0074642618651644295
0.0033518908671996733,Joy,Fear,0.03554381040204169
0.0033518908671996733,Joy,Happiness,0.07234552703956126
0.0033518908671996733,Joy,Joy,0.33231970344523787
0.0033518908671996733,Joy,Pride,0.2842003826404852
0.0033518908671996733,Joy,Sadness,0.016128999601719214
0.0033518908671996733,Joy,Shame,0.2519973150057898
0.0033518908671996733,Pride,Boredom,0.011167578523900164
0.0033518908671996733,Pride,Fear,0.019223564751757276
0.0033518908671996733,Pride,Happiness,0.09438319150305269
0.0033518908671996733,Pride,Joy,0.31140788095731453
0.0033518908671996733,Pride,Pride,0.2809572110456509
0.0033518908671996733,Pride,Sadness,0.018047390766781156
0.0033518908671996733,Pride,Shame,0.2648131824515431
0.0033518908671996733,Sadness,Boredom,0.007668104112736361
0.0033518908671996733,Sadness,Fear,0.21259082705308552
0.0033518908671996733,Sadness,Happiness,0.01807900115284981
0.0033518908671996733,Sadness,Joy,0.011237488551772326
0.0033518908671996733,Sadness,Pride,0.01880389908290535
0.0033518908671996733,Sadness,Sadness,0.5986295981137699
0.0033518908671996733,Sadness,Shame,0.132991081932881
0.0033518908671996733,Shame,Boredom,0.004324851731621668
0.0033518908671996733,Shame,Fear,0.4652310806481185
0.0033518908671996733,Shame,Happiness,0.011755989564229312
0.0033518908671996733,Shame,Joy,0.04786645660938754
0.0033518908671996733,Shame,Pride,0.034278634671507005
0.0033518908671996733,Shame,Sadness,0.25166997439051125
0.0033518908671996733,Shame,Shame,0.18487301238462436
0.003255524972327156,Boredom,Boredom,0.51216577369068
0.003255524972327156,Boredom,Fear,0.006669063152172957
0.003255524972327156,Boredom,Happiness,0.33124706591660374
0.003255524972327156,Boredom,Joy,0.016097404465000985
0.003255524972327156,Boredom,Pride,0.06475353899769798
0.003255524972327156,Boredom,Sadness,0.016107226644244063
0.003255524972327156,Boredom,Shame,0.05295992713359999
0.003255524972327156,Fear,Boredom,0.002522139758804448
0.003255524972327156,Fear,Fear,0.5536522877463118
0.003255524972327156,Fear,Happiness,0.008341902177318188
0.003255524972327156,Fear,Joy,0.031570347457311916
0.003255524972327156,Fear,Pride,0.019846152746542466
0.003255524972327156,Fear,Sadness,0.25047497353620957
0.003255524972327156,Fear,Shame,0.13359219657750168
0.003255524972327156,Happiness,Boredom,0.23068254206151775
0.003255524972327156,Happiness,Fear,0.006971365671075864
0.003255524972327156,Happiness,Happiness,0.32257662273470056
0.003255524972327156,Happiness,Joy,0.05357102652655363
0.003255524972327156,Happiness,Pride,0.23023390830806167
0.003255524972327156,Happiness,Sadness,0.013788879969005617
0.003255524972327156,Happiness,Shame,0.14217565472908486
0.003255524972327156,Joy,Boredom,0.008627674745094531
0.003255524972327156,Joy,Fear,0.038536084199135665
0.003255524972327156,Joy,Happiness,0.07938429207038657
0.003255524972327156,Joy,Joy,0.35046343534714675
0.003255524972327156,Joy,Pride,0.2798666423729534
0.003255524972327156,Joy,Sadness,0.018196287233311775
0.003255524972327156,Joy,Shame,0.22492558403197097
0.003255524972327156,Pride,Boredom,0.012439940055010286
0.003255524972327156,Pride,Fear,0.02047121045781306
0.003255524972327156,Pride,Happiness,0.13695231495641477
0.003255524972327156,Pride,Joy,0.3138974829688318
0.003255524972327156,Pride,Pride,0.2678164863532554
0.003255524972327156,Pride,Sadness,0.018027984367174517
0.003255524972327156,Pride,Shame,0.23039458084150066
0.003255524972327156,Sadness,Boredom,0.008061909942905494
0.003255524972327156,Sadness,Fear,0.25228274550882424
0.003255524972327156,Sadness,Happiness,0.01920539363108334
0.003255524972327156,Sadness,Joy,0.011928479463484317
0.003255524972327156,Sadness,Pride,0.017271451812304914
0.003255524972327156,Sadness,Sadness,0.5696411853805703
0.003255524972327156,Sadness,Shame,0.12160883426082725
0.003255524972327156,Shame,Boredom,0.003658013803258754
0.003255524972327156,Shame,Fear,0.5228184876431132
0.003255524972327156,Shame,Happiness,0.011037365717273309
0.003255524972327156,Shame,Joy,0.042930194615220886
0.003255524972327156,Shame,Pride,0.027438027405434273
0.003255524972327156,Shame,Sadness,0.2305498611811961
0.003255524972327156,Shame,Shame,0.16156804963450389
0.0032007232730564966,Boredom,Boredom,0.5173469040278855
0.0032007232730564966,Boredom,Fear,0.0077450114795088645
0.0032007232730564966,Boredom,Happiness,0.32462737784497336
0.0032007232730564966,Boredom,Joy,0.0179487145290283
0.0032007232730564966,Boredom,Pride,0.06425401295599188
0.0032007232730564966,Boredom,Sadness,0.017511431689342542
0.0032007232730564966,Boredom,Shame,0.050566547473269385
0.0032007232730564966,Fear,Boredom,0.0026766410765014467
0.0032007232730564966,Fear,Fear,0.5650908181111582
0.0032007232730564966,Fear,Happiness,0.011082968069392955
0.0032007232730564966,Fear,Joy,0.031028211801024094
0.0032007232730564966,Fear,Pride,0.017862778986859795
0.0032007232730564966,Fear,Sadness,0.2548490846699714
0.0032007232730564966,Fear,Shame,0.11740949728509266
0.0032007232730564966,Happiness,Boredom,0.24304416118852315
0.0032007232730564966,Happiness,Fear,0.008849220264261546
0.0032007232730564966,Happiness,Happiness,0.31669161100229726
0.0032007232730564966,Happiness,Joy,0.061674788780671716
0.0032007232730564966,Happiness,Pride,0.2263380451130672
0.0032007232730564966,Happiness,Sadness,0.015807262049662218
0.0032007232730564966,Happiness,Shame,0.12759491160151717
0.0032007232730564966,Joy,Boredom,0.010616788506892958
0.0032007232730564966,Joy,Fear,0.04105766669659129
0.0032007232730564966,Joy,Happiness,0.11069270856812133
0.0032007232730564966,Joy,Joy,0.3497560931883809
0.0032007232730564966,Joy,Pride,0.26939521499086666
0.0032007232730564966,Joy,Sadness,0.020559546907242255
0.0032007232730564966,Joy,Shame,0.19792198114190437
0.0032007232730564966,Pride,Boredom,0.015664494795166684
0.0032007232730564966,Pride,Fear,0.023070940033617864
0.0032007232730564966,Pride,Happiness,0.1925477255387386
0.0032007232730564966,Pride,Joy,0.29064980035823873
0.0032007232730564966,Pride,Pride,0.2574797287657972
0.0032007232730564966,Pride,Sadness,0.01958718211752541
0.0032007232730564966,Pride,Shame,0.20100012839091522
0.0032007232730564966,Sadness,Boredom,0.010003499562623905
0.0032007232730564966,Sadness,Fear,0.3257103977602403
0.0032007232730564966,Sadness,Happiness,0.023212308649766436
0.0032007232730564966,Sadness,Joy,0.0130421595426977
0.0032007232730564966,Sadness,Pride,0.017051180956361423
0.0032007232730564966,Sadness,Sadness,0.49988134746272683
0.0032007232730564966,Sadness,Shame,0.11109910606558368
0.0032007232730564966,Shame,Boredom,0.0037506077068064697
0.0032007232730564966,Shame,Fear,0.5386950595540145
0.0032007232730564966,Shame,Happiness,0.014183767996878248
0.0032007232730564966,Shame,Joy,0.04203828816265076
0.0032007232730564966,Shame,Pride,0.02310909287094572
0.0032007232730564966,Shame,Sadness,0.23941544288743105
0.0032007232730564966,Shame,Shame,0.13880774082127303
0.0031488384382972728,Boredom,Boredom,0.49145635437628454
0.0031488384382972728,Boredom,Fear,0.005712572280626731
0.0031488384382972728,Boredom,Happiness,0.3442645076548318
0.0031488384382972728,Boredom,Joy,0.01624763388680406
0.0031488384382972728,Boredom,Pride,0.06724805134487577
0.0031488384382972728,Boredom,Sadness,0.016149898771484976
0.0031488384382972728,Boredom,Shame,0.058920981685091946
0.0031488384382972728,Fear,Boredom,0.002567999422425709
0.0031488384382972728,Fear,Fear,0.5270771109337963
0.0031488384382972728,Fear,Happiness,0.006617735858645145
0.0031488384382972728,Fear,Joy,0.032609603486707495
0.0031488384382972728,Fear,Pride,0.02223828702606708
0.0031488384382972728,Fear,Sadness,0.25410059883590735
0.0031488384382972728,Fear,Shame,0.154788664436451
0.0031488384382972728,Happiness,Boredom,0.22154341450415127
0.0031488384382972728,Happiness,Fear,0.00360229051047745
0.0031488384382972728,Happiness,Happiness,0.31784595907095053
0.0031488384382972728,Happiness,Joy,0.05030881499664219
0.0031488384382972728,Happiness,Pride,0.22143271454907895
0.0031488384382972728,Happiness,Sadness,0.009413781040356825
0.0031488384382972728,Happiness,Shame,0.17585302532834268
0.0031488384382972728,Joy,Boredom,0.005839938842320511
0.0031488384382972728,Joy,Fear,0.03186232896201806
0.0031488384382972728,Joy,Happiness,0.06639693199324584
0.0031488384382972728,Joy,Joy,0.3322352039771225
0.0031488384382972728,Joy,Pride,0.29036330209083255
0.0031488384382972728,Joy,Sadness,0.012524921720409287
0.0031488384382972728,Joy,Shame,0.26077737241405136
0.0031488384382972728,Pride,Boredom,0.008985630119714164
0.0031488384382972728,Pride,Fear,0.014483405554155988
0.0031488384382972728,Pride,Happiness,0.11120883443718957
0.0031488384382972728,Pride,Joy,0.29773450908056615
0.0031488384382972728,Pride,Pride,0.28253420040755506
0.0031488384382972728,Pride,Sadness,0.013241641168574117
0.0031488384382972728,Pride,Shame,0.27181177923224503
0.0031488384382972728,Sadness,Boredom,0.006352132442169647
0.0031488384382972728,Sadness,Fear,0.16160989075301954
0.0031488384382972728,Sadness,Happiness,0.014452506480649146
0.0031488384382972728,Sadness,Joy,0.011546713491340828
0.0031488384382972728,Sadness,Pride,0.017664177818141825
0.0031488384382972728,Sadness,Sadness,0.6529141869147235
0.0031488384382972728,Sadness,Shame,0.13546039209995525
0.0031488384382972728,Shame,Boredom,0.0039048210747274254
0.0031488384382972728,Shame,Fear,0.49187889389015477
0.0031488384382972728,Shame,Happiness,0.009300153609333959
0.0031488384382972728,Shame,Joy,0.04486646162968779
0.0031488384382972728,Shame,Pride,0.03146277598227166
0.0031488384382972728,Shame,Sadness,0.22473331586845374
0.0031488384382972728,Shame,Shame,0.19385357794537056
0.0030260188944269384,Boredom,Boredom,0.5052377577256487
0.0030260188944269384,Boredom,Fear,0.009474827654791781
0.0030260188944269384,Boredom,Happiness,0.3178271385124498
0.0030260188944269384,Boredom,Joy,0.02348919545208957
0.0030260188944269384,Boredom,Pride,0.06889695746025447
0.0030260188944269384,Boredom,Sadness,0.01843769545557591
0.0030260188944269384,Boredom,Shame,0.05663642773918982
0.0030260188944269384,Fear,Boredom,0.003860121278881255
0.0030260188944269384,Fear,Fear,0.5152558837674638
0.0030260188944269384,Fear,Happiness,0.015774687816360648
0.0030260188944269384,Fear,Joy,0.034674144499921
0.0030260188944269384,Fear,Pride,0.021788633686384857
0.0030260188944269384,Fear,Sadness,0.27131729923114906
0.0030260188944269384,Fear,Shame,0.1373292297198395
0.0030260188944269384,Happiness,Boredom,0.2533364201514407
0.0030260188944269384,Happiness,Fear,0.009507179852451678
0.0030260188944269384,Happiness,Happiness,0.2967060168492268
0.0030260188944269384,Happiness,Joy,0.06917458157956512
0.0030260188944269384,Happiness,Pride,0.2174265142841218
0.0030260188944269384,Happiness,Sadness,0.015946902496273906
0.0030260188944269384,Happiness,Shame,0.1379023847869197
0.0030260188944269384,Joy,Boredom,0.011902418684843678
0.0030260188944269384,Joy,Fear,0.04250022811772108
0.0030260188944269384,Joy,Happiness,0.13381324722369575
0.0030260188944269384,Joy,Joy,0.33221001476965456
0.0030260188944269384,Joy,Pride,0.2651879835453023
0.0030260188944269384,Joy,Sadness,0.02156627115627766
0.0030260188944269384,Joy,Shame,0.19281983650250512
0.0030260188944269384,Pride,Boredom,0.017897000324593848
0.0030260188944269384,Pride,Fear,0.02495046403672046
0.0030260188944269384,Pride,Happiness,0.20419455267205172
0.0030260188944269384,Pride,Joy,0.27849424644216497
0.0030260188944269384,Pride,Pride,0.2574815259659736
0.0030260188944269384,Pride,Sadness,0.021363465061810173
0.0030260188944269384,Pride,Shame,0.19561874549668526
0.0030260188944269384,Sadness,Boredom,0.013700647012851648
0.0030260188944269384,Sadness,Fear,0.3297462487248762
0.0030260188944269384,Sadness,Happiness,0.027683062867141103
0.0030260188944269384,Sadness,Joy,0.01651053856136393
0.0030260188944269384,Sadness,Pride,0.020905246036205367
0.0030260188944269384,Sadness,Sadness,0.4600385111133722
0.0030260188944269384,Sadness,Shame,0.13141574568419004
0.0030260188944269384,Shame,Boredom,0.004904355381373087
0.0030260188944269384,Shame,Fear,0.49343515383670083
0.0030260188944269384,Shame,Happiness,0.018927546475942414
0.0030260188944269384,Shame,Joy,0.04560414589899766
0.0030260188944269384,Shame,Pride,0.026096353826017604
0.0030260188944269384,Shame,Sadness,0.2572431270500034
0.0030260188944269384,Shame,Shame,0.15378931753096486
0.0033734150096486845,Boredom,Boredom,0.537368268650606
0.0033734150096486845,Boredom,Fear,0.005187136228813039
0.0033734150096486845,Boredom,Happiness,0.33211943037125036
0.0033734150096486845,Boredom,Joy,0.01306008916433006
0.0033734150096486845,Boredom,Pride,0.057722717713589985
0.0033734150096486845,Boredom,Sadness,0.012453657253739148
0.0033734150096486845,Boredom,Shame,0.042088700617671226
0.0033734150096486845,Fear,Boredom,0.001577802964911187
0.0033734150096486845,Fear,Fear,0.6403041344225773
0.0033734150096486845,Fear,Happiness,0.005597808377152658
0.0033734150096486845,Fear,Joy,0.023739502515053437
0.0033734150096486845,Fear,Pride,0.014114731883652592
0.0033734150096486845,Fear,Sadness,0.22147516756596772
0.0033734150096486845,Fear,Shame,0.09319085227068492
0.0033734150096486845,Happiness,Boredom,0.26872576785658026
0.0033734150096486845,Happiness,Fear,0.005317479812543477
0.0033734150096486845,Happiness,Happiness,0.3306506120230787
0.0033734150096486845,Happiness,Joy,0.047943168636583225
0.0033734150096486845,Happiness,Pride,0.21209582176669714
0.0033734150096486845,Happiness,Sadness,0.01201200979242452
0.0033734150096486845,Happiness,Shame,0.12325514011209258
0.0033734150096486845,Joy,Boredom,0.009274782551313839
0.0033734150096486845,Joy,Fear,0.039050246487876895
0.0033734150096486845,Joy,Happiness,0.07791299795968183
0.0033734150096486845,Joy,Joy,0.3710032995650763
0.0033734150096486845,Joy,Pride,0.2776689772405211
0.0033734150096486845,Joy,Sadness,0.01814905927614521
0.0033734150096486845,Joy,Shame,0.20694063691938488
0.0033734150096486845,Pride,Boredom,0.013768046843327846
0.0033734150096486845,Pride,Fear,0.022594468190046426
0.0033734150096486845,Pride,Happiness,0.10370684872833769
0.0033734150096486845,Pride,Joy,0.3451942089186409
0.0033734150096486845,Pride,Pride,0.2721898410108208
0.0033734150096486845,Pride,Sadness,0.02125851185851433
0.0033734150096486845,Pride,Shame,0.2212880744503123
0.0033734150096486845,Sadness,Boredom,0.009039944988309732
0.0033734150096486845,Sadness,Fear,0.311209381872736
0.0033734150096486845,Sadness,Happiness,0.018180987464338275
0.0033734150096486845,Sadness,Joy,0.00853962258595796
0.0033734150096486845,Sadness,Pride,0.014592914531765921
0.0033734150096486845,Sadness,Sadness,0.5446664920836615
0.0033734150096486845,Sadness,Shame,0.09377065647323035
0.0033734150096486845,Shame,Boredom,0.0025110937274295153
0.0033734150096486845,Shame,Fear,0.6066746063381413
0.0033734150096486845,Shame,Happiness,0.008005276141373337
0.0033734150096486845,Shame,Joy,0.03382173789827375
0.0033734150096486845,Shame,Pride,0.022065008181293193
0.0033734150096486845,Shame,Sadness,0.20632271950112477
0.0033734150096486845,Shame,Shame,0.1205995582123643
0.0028928266077380247,Boredom,Boredom,0.4983325797495994
0.0028928266077380247,Boredom,Fear,0.00894102423805969
0.0028928266077380247,Boredom,Happiness,0.31964993776697664
0.0028928266077380247,Boredom,Joy,0.023213399250097425
0.0028928266077380247,Boredom,Pride,0.06939876936349348
0.0028928266077380247,Boredom,Sadness,0.018795049254171883
0.0028928266077380247,Boredom,Shame,0.06166924037760141
0.0028928266077380247,Fear,Boredom,0.003835865014724367
0.0028928266077380247,Fear,Fear,0.48588421033167384
0.0028928266077380247,Fear,Happiness,0.01432980387040585
0.0028928266077380247,Fear,Joy,0.03685965544303702
0.0028928266077380247,Fear,Pride,0.024013100067519912
0.0028928266077380247,Fear,Sadness,0.27784084813250803
0.0028928266077380247,Fear,Shame,0.15723651714013076
0.0028928266077380247,Happiness,Boredom,0.21276817780070917
0.0028928266077380247,Happiness,Fear,0.008404655498831338
0.0028928266077380247,Happiness,Happiness,0.2987321888611097
0.0028928266077380247,Happiness,Joy,0.07180545525948107
0.0028928266077380247,Happiness,Pride,0.22925774356876785
0.0028928266077380247,Happiness,Sadness,0.015814268765567945
0.0028928266077380247,Happiness,Shame,0.16321751024553302
0.0028928266077380247,Joy,Boredom,0.009782445732125144
0.0028928266077380247,Joy,Fear,0.039084004818881475
0.0028928266077380247,Joy,Happiness,0.11129294245393569
0.0028928266077380247,Joy,Joy,0.3341723560222872
0.0028928266077380247,Joy,Pride,0.27150245657100425
0.0028928266077380247,Joy,Sadness,0.019666684951469206
0.0028928266077380247,Joy,Shame,0.21449910945029732
0.0028928266077380247,Pride,Boredom,0.014755670865709744
0.0028928266077380247,Pride,Fear,0.021640830969419725
0.0028928266077380247,Pride,Happiness,0.17691117919025667
0.0028928266077380247,Pride,Joy,0.28642215481568656
0.0028928266077380247,Pride,Pride,0.2627743519820437
0.0028928266077380247,Pride,Sadness,0.01928570461092684
0.0028928266077380247,Pride,Shame,0.218210107565957
0.0028928266077380247,Sadness,Boredom,0.01220976075153128
0.0028928266077380247,Sadness,Fear,0.27869268763763627
0.0028928266077380247,Sadness,Happiness,0.026137807144989204
0.0028928266077380247,Sadness,Joy,0.01723857458103028
0.0028928266077380247,Sadness,Pride,0.02248924452514629
0.0028928266077380247,Sadness,Sadness,0.4930618261106213
0.0028928266077380247,Sadness,Shame,0.1501700992490452
0.0028928266077380247,Shame,Boredom,0.004987439503831963
0.0028928266077380247,Shame,Fear,0.46167590009682097
0.0028928266077380247,Shame,Happiness,0.017496523301838658
0.0028928266077380247,Shame,Joy,0.04892502631282564
0.0028928266077380247,Shame,Pride,0.029442591000636002
0.0028928266077380247,Shame,Sadness,0.2592028471903576
0.0028928266077380247,Shame,Shame,0.17826967259368906
0.003147653260341925,Boredom,Boredom,0.48025409388049384
0.003147653260341925,Boredom,Fear,0.009480352825700632
0.003147653260341925,Boredom,Happiness,0.3202801342682401
0.003147653260341925,Boredom,Joy,0.024063565769631087
0.003147653260341925,Boredom,Pride,0.07499612593427221
0.003147653260341925,Boredom,Sadness,0.022348324769984832
0.003147653260341925,Boredom,Shame,0.06857740255167755
0.003147653260341925,Fear,Boredom,0.0041632912997252225
0.003147653260341925,Fear,Fear,0.44404827383621726
0.003147653260341925,Fear,Happiness,0.013921429351748815
0.003147653260341925,Fear,Joy,0.04179301607258457
0.003147653260341925,Fear,Pride,0.02719597222215515
0.003147653260341925,Fear,Sadness,0.2950010528024008
0.003147653260341925,Fear,Shame,0.17387696441516834
0.003147653260341925,Happiness,Boredom,0.24071153572534418
0.003147653260341925,Happiness,Fear,0.006521720875449944
0.003147653260341925,Happiness,Happiness,0.28570491428149725
0.003147653260341925,Happiness,Joy,0.06532502679590022
0.003147653260341925,Happiness,Pride,0.21673555424806842
0.003147653260341925,Happiness,Sadness,0.014161086410748088
0.003147653260341925,Happiness,Shame,0.17084016166299157
0.003147653260341925,Joy,Boredom,0.0086000585805968
0.003147653260341925,Joy,Fear,0.03754084609199773
0.003147653260341925,Joy,Happiness,0.0905181557787015
0.003147653260341925,Joy,Joy,0.32777520389946696
0.003147653260341925,Joy,Pride,0.27801550265814123
0.003147653260341925,Joy,Sadness,0.020335981460511326
0.003147653260341925,Joy,Shame,0.23721425153058434
0.003147653260341925,Pride,Boredom,0.012425680809509157
0.003147653260341925,Pride,Fear,0.020446118062414604
0.003147653260341925,Pride,Happiness,0.14486880887442716
0.003147653260341925,Pride,Joy,0.2946998916331763
0.003147653260341925,Pride,Pride,0.2679111055343533
0.003147653260341925,Pride,Sadness,0.01953192920902938
0.003147653260341925,Pride,Shame,0.24011646587709
0.003147653260341925,Sadness,Boredom,0.010763526022466004
0.003147653260341925,Sadness,Fear,0.23772292696275085
0.003147653260341925,Sadness,Happiness,0.02543354937027009
0.003147653260341925,Sadness,Joy,0.018968292310119105
0.003147653260341925,Sadness,Pride,0.024713281796321936
0.003147653260341925,Sadness,Sadness,0.5171205222421844
0.003147653260341925,Sadness,Shame,0.16527790129588762
0.003147653260341925,Shame,Boredom,0.005405340775049561
0.003147653260341925,Shame,Fear,0.42063971665101446
0.003147653260341925,Shame,Happiness,0.016944024489697063
0.003147653260341925,Shame,Joy,0.054298999294627365
0.003147653260341925,Shame,Pride,0.03370654779754226
0.003147653260341925,Shame,Sadness,0.2718538270435241
0.003147653260341925,Shame,Shame,0.1971515439485449
0.003223246852391775,Boredom,Boredom,0.5080763415318548
0.003223246852391775,Boredom,Fear,0.009117267790660874
0.003223246852391775,Boredom,Happiness,0.32214103432450697
0.003223246852391775,Boredom,Joy,0.02027601662005656
0.003223246852391775,Boredom,Pride,0.06800623291293399
0.003223246852391775,Boredom,Sadness,0.019121724741563307
0.003223246852391775,Boredom,Shame,0.05326138207842363
0.003223246852391775,Fear,Boredom,0.0034202431776689116
0.003223246852391775,Fear,Fear,0.5333467223427975
0.003223246852391775,Fear,Happiness,0.01379146075591835
0.003223246852391775,Fear,Joy,0.03462979452874548
0.003223246852391775,Fear,Pride,0.02078511130287602
0.003223246852391775,Fear,Sadness,0.2623948268928872
0.003223246852391775,Fear,Shame,0.13163184099910683
0.003223246852391775,Happiness,Boredom,0.24656433835977426
0.003223246852391775,Happiness,Fear,0.010528289324801729
0.003223246852391775,Happiness,Happiness,0.30926914138075584
0.003223246852391775,Happiness,Joy,0.06487820144257249
0.003223246852391775,Happiness,Pride,0.2270907808141011
0.003223246852391775,Happiness,Sadness,0.017160292927556085
0.003223246852391775,Happiness,Shame,0.12450895575043806
0.003223246852391775,Joy,Boredom,0.011542606006570035
0.003223246852391775,Joy,Fear,0.042945170918962154
0.003223246852391775,Joy,Happiness,0.11680021385821282
0.003223246852391775,Joy,Joy,0.3436672107766933
0.003223246852391775,Joy,Pride,0.2686147555650104
0.003223246852391775,Joy,Sadness,0.022785273667354958
0.003223246852391775,Joy,Shame,0.19364476920719578
0.003223246852391775,Pride,Boredom,0.01661988919260366
0.003223246852391775,Pride,Fear,0.025244587028613548
0.003223246852391775,Pride,Happiness,0.19534868979769146
0.003223246852391775,Pride,Joy,0.28950916001753296
0.003223246852391775,Pride,Pride,0.25748339570792034
0.003223246852391775,Pride,Sadness,0.021680666454505504
0.003223246852391775,Pride,Shame,0.19411361180113249
0.003223246852391775,Sadness,Boredom,0.010802260458109898
0.003223246852391775,Sadness,Fear,0.32404480793625445
0.003223246852391775,Sadness,Happiness,0.02566855354524956
0.003223246852391775,Sadness,Joy,0.015207643055481041
0.003223246852391775,Sadness,Pride,0.01947956101017292
0.003223246852391775,Sadness,Sadness,0.4800721260717616
0.003223246852391775,Sadness,Shame,0.1247250479229706
0.003223246852391775,Shame,Boredom,0.004425680165343553
0.003223246852391775,Shame,Fear,0.5110337893074505
0.003223246852391775,Shame,Happiness,0.016654665077470175
0.003223246852391775,Shame,Joy,0.045307574314020486
0.003223246852391775,Shame,Pride,0.025126415583011145
0.003223246852391775,Shame,Sadness,0.24895928787560023
0.003223246852391775,Shame,Shame,0.1484925876771042
0.0033216055633308776,Boredom,Boredom,0.5248240006784808
0.0033216055633308776,Boredom,Fear,0.006904091043012604
0.0033216055633308776,Boredom,Happiness,0.32731346046056475
0.0033216055633308776,Boredom,Joy,0.015646591722487786
0.0033216055633308776,Boredom,Pride,0.06258206530582333
0.0033216055633308776,Boredom,Sadness,0.015065103955865461
0.0033216055633308776,Boredom,Shame,0.04766468683376522
0.0033216055633308776,Fear,Boredom,0.0023358758949446608
0.0033216055633308776,Fear,Fear,0.5890878205092362
0.0033216055633308776,Fear,Happiness,0.008924036362781908
0.0033216055633308776,Fear,Joy,0.028862558415750937
0.0033216055633308776,Fear,Pride,0.017132283313283776
0.0033216055633308776,Fear,Sadness,0.24063781808723597
0.0033216055633308776,Fear,Shame,0.11301960741676674
0.0033216055633308776,Happiness,Boredom,0.272633359438431
0.0033216055633308776,Happiness,Fear,0.006885903316964999
0.0033216055633308776,Happiness,Happiness,0.3172286222081756
0.0033216055633308776,Happiness,Joy,0.05187076825542001
0.0033216055633308776,Happiness,Pride,0.21234009700059406
0.0033216055633308776,Happiness,Sadness,0.013461822297558676
0.0033216055633308776,Happiness,Shame,0.12557942748285553
0.0033216055633308776,Joy,Boredom,0.010136141877625633
0.0033216055633308776,Joy,Fear,0.040822133604372694
0.0033216055633308776,Joy,Happiness,0.0920090735738001
0.0033216055633308776,Joy,Joy,0.3603217488897216
0.0033216055633308776,Joy,Pride,0.2739692466288278
0.0033216055633308776,Joy,Sadness,0.020563264899641973
0.0033216055633308776,Joy,Shame,0.20217839052601017
0.0033216055633308776,Pride,Boredom,0.014582498686247084
0.0033216055633308776,Pride,Fear,0.02237296412757847
0.0033216055633308776,Pride,Happiness,0.17155261512944722
0.0033216055633308776,Pride,Joy,0.3088328804116566
0.0033216055633308776,Pride,Pride,0.25894288090698137
0.0033216055633308776,Pride,Sadness,0.01929162033643275
0.0033216055633308776,Pride,Shame,0.20442454040165658
0.0033216055633308776,Sadness,Boredom,0.00976784376275472
0.0033216055633308776,Sadness,Fear,0.3162994848230887
0.0033216055633308776,Sadness,Happiness,0.021467943886138846
0.0033216055633308776,Sadness,Joy,0.011849063576916178
0.0033216055633308776,Sadness,Pride,0.016388289198452602
0.0033216055633308776,Sadness,Sadness,0.5163163777691873
0.0033216055633308776,Sadness,Shame,0.10791099698346207
0.0033216055633308776,Shame,Boredom,0.003354448096157637
0.0033216055633308776,Shame,Fear,0.5596270195650305
0.0033216055633308776,Shame,Happiness,0.011678537163519291
0.0033216055633308776,Shame,Joy,0.03945111377749626
0.0033216055633308776,Shame,Pride,0.023694302135289447
0.0033216055633308776,Shame,Sadness,0.22596145725188843
0.0033216055633308776,Shame,Shame,0.13623312201061846
0.0034491365212981962,Boredom,Boredom,0.5291610291654454
0.0034491365212981962,Boredom,Fear,0.0060233652487761075
0.0034491365212981962,Boredom,Happiness,0.3314790128236455
0.0034491365212981962,Boredom,Joy,0.01426812664349045
0.0034491365212981962,Boredom,Pride,0.06027602096355846
0.0034491365212981962,Boredom,Sadness,0.014480826758140027
0.0034491365212981962,Boredom,Shame,0.04431161839694415
0.0034491365212981962,Fear,Boredom,0.0018114923544575105
0.0034491365212981962,Fear,Fear,0.6254680440006678
0.0034491365212981962,Fear,Happiness,0.006507923757681666
0.0034491365212981962,Fear,Joy,0.025177871478876984
0.0034491365212981962,Fear,Pride,0.014475074503084008
0.0034491365212981962,Fear,Sadness,0.22786036353054828
0.0034491365212981962,Fear,Shame,0.09869923037468332
0.0034491365212981962,Happiness,Boredom,0.2502317408177115
0.0034491365212981962,Happiness,Fear,0.007342640593665146
0.0034491365212981962,Happiness,Happiness,0.332895489199683
0.0034491365212981962,Happiness,Joy,0.05215971147750786
0.0034491365212981962,Happiness,Pride,0.2248047291584486
0.0034491365212981962,Happiness,Sadness,0.014630404619071806
0.0034491365212981962,Happiness,Shame,0.1179352841339124
0.0034491365212981962,Joy,Boredom,0.009958272815656975
0.0034491365212981962,Joy,Fear,0.040691384714022734
0.0034491365212981962,Joy,Happiness,0.08070451693446537
0.0034491365212981962,Joy,Joy,0.3651256405576707
0.0034491365212981962,Joy,Pride,0.27723434629653665
0.0034491365212981962,Joy,Sadness,0.020130476351144257
0.0034491365212981962,Joy,Shame,0.2061553623305033
0.0034491365212981962,Pride,Boredom,0.014192769786834727
0.0034491365212981962,Pride,Fear,0.0244948759617201
0.0034491365212981962,Pride,Happiness,0.1053530205582707
0.0034491365212981962,Pride,Joy,0.3437985034029553
0.0034491365212981962,Pride,Pride,0.27086783720186913
0.0034491365212981962,Pride,Sadness,0.023012214503210837
0.0034491365212981962,Pride,Shame,0.21828077858513875
0.0034491365212981962,Sadness,Boredom,0.008787784596675837
0.0034491365212981962,Sadness,Fear,0.309390646506534
0.0034491365212981962,Sadness,Happiness,0.01892253284220061
0.0034491365212981962,Sadness,Joy,0.009034725600303889
0.0034491365212981962,Sadness,Pride,0.014458228017469198
0.0034491365212981962,Sadness,Sadness,0.543724422890685
0.0034491365212981962,Sadness,Shame,0.09568165954613148
0.0034491365212981962,Shame,Boredom,0.0027817329815570035
0.0034491365212981962,Shame,Fear,0.594401574054445
0.0034491365212981962,Shame,Happiness,0.008916200956379879
0.0034491365212981962,Shame,Joy,0.03515340063482703
0.0034491365212981962,Shame,Pride,0.020707723587795632
0.0034491365212981962,Shame,Sadness,0.2139413413995077
0.0034491365212981962,Shame,Shame,0.1240980263854874
0.0033404771955778704,Boredom,Boredom,0.5361644396498076
0.0033404771955778704,Boredom,Fear,0.005365225721010198
0.0033404771955778704,Boredom,Happiness,0.33182151606922666
0.0033404771955778704,Boredom,Joy,0.013268461850784017
0.0033404771955778704,Boredom,Pride,0.058119366520730006
0.0033404771955778704,Boredom,Sadness,0.012780771983542204
0.0033404771955778704,Boredom,Shame,0.04248021820489941
0.0033404771955778704,Fear,Boredom,0.0016692087712146682
0.0033404771955778704,Fear,Fear,0.6267580781840918
0.0033404771955778704,Fear,Happiness,0.005874107367080276
0.0033404771955778704,Fear,Joy,0.024787668141540004
0.0033404771955778704,Fear,Pride,0.014395415639916564
0.0033404771955778704,Fear,Sadness,0.23010149793339318
0.0033404771955778704,Fear,Shame,0.09641402396276354
0.0033404771955778704,Happiness,Boredom,0.24196944444757493
0.0033404771955778704,Happiness,Fear,0.006641417310829994
0.0033404771955778704,Happiness,Happiness,0.33488953443680236
0.0033404771955778704,Happiness,Joy,0.05145625830316867
0.0033404771955778704,Happiness,Pride,0.22436850972227912
0.0033404771955778704,Happiness,Sadness,0.013496765268821624
0.0033404771955778704,Happiness,Shame,0.12717807051052327
0.0033404771955778704,Joy,Boredom,0.009345939018537135
0.0033404771955778704,Joy,Fear,0.03930092530506421
0.0033404771955778704,Joy,Happiness,0.07832203916017233
0.0033404771955778704,Joy,Joy,0.369477650342456
0.0033404771955778704,Joy,Pride,0.2774194166596298
0.0033404771955778704,Joy,Sadness,0.018165487596443864
0.0033404771955778704,Joy,Shame,0.20796854191769623
0.0033404771955778704,Pride,Boredom,0.01379252507588255
0.0033404771955778704,Pride,Fear,0.02292823138365079
0.0033404771955778704,Pride,Happiness,0.1044180933505936
0.0033404771955778704,Pride,Joy,0.3443920359838507
0.0033404771955778704,Pride,Pride,0.2718940234746648
0.0033404771955778704,Pride,Sadness,0.02097472113762103
0.0033404771955778704,Pride,Shame,0.22160036959373686
0.0033404771955778704,Sadness,Boredom,0.009029429196146745
0.0033404771955778704,Sadness,Fear,0.3164273051050216
0.0033404771955778704,Sadness,Happiness,0.01848028629377404
0.0033404771955778704,Sadness,Joy,0.008673138783158223
0.0033404771955778704,Sadness,Pride,0.014438003216878952
0.0033404771955778704,Sadness,Sadness,0.539332739026449
0.0033404771955778704,Sadness,Shame,0.09361909837857181
0.0033404771955778704,Shame,Boredom,0.002639389337015173
0.0033404771955778704,Shame,Fear,0.5942669833272582
0.0033404771955778704,Shame,Happiness,0.008324074408662145
0.0033404771955778704,Shame,Joy,0.035167496828571156
0.0033404771955778704,Shame,Pride,0.02196399257201744
0.0033404771955778704,Shame,Sadness,0.21369911344374184
0.0033404771955778704,Shame,Shame,0.12393895008273408
0.003158772644548924,Boredom,Boredom,0.5253041081903327
0.003158772644548924,Boredom,Fear,0.007198783207648609
0.003158772644548924,Boredom,Happiness,0.3229274528358939
0.003158772644548924,Boredom,Joy,0.017183966341476523
0.003158772644548924,Boredom,Pride,0.06303387864272353
0.003158772644548924,Boredom,Sadness,0.015165044219726545
0.003158772644548924,Boredom,Shame,0.04918676656219818
0.003158772644548924,Fear,Boredom,0.0026373072150394808
0.003158772644548924,Fear,Fear,0.5662519953206012
0.003158772644548924,Fear,Happiness,0.010841563806058364
0.003158772644548924,Fear,Joy,0.031100948455467247
0.003158772644548924,Fear,Pride,0.018044526545051846
0.003158772644548924,Fear,Sadness,0.25257560217591574
0.003158772644548924,Fear,Shame,0.11854805648186616
0.003158772644548924,Happiness,Boredom,0.2693202541585156
0.003158772644548924,Happiness,Fear,0.007194264128498021
0.003158772644548924,Happiness,Happiness,0.3133987225246662
0.003158772644548924,Happiness,Joy,0.057431607612244126
0.003158772644548924,Happiness,Pride,0.2141924813042844
0.003158772644548924,Happiness,Sadness,0.013711361564739144
0.003158772644548924,Happiness,Shame,0.12475130870705249
0.003158772644548924,Joy,Boredom,0.010315997336300122
0.003158772644548924,Joy,Fear,0.04035416992708101
0.003158772644548924,Joy,Happiness,0.10943797618403572
0.003158772644548924,Joy,Joy,0.35300239424429974
0.003158772644548924,Joy,Pride,0.26946668095052256
0.003158772644548924,Joy,Sadness,0.01998083719481294
0.003158772644548924,Joy,Shame,0.19744194416294772
0.003158772644548924,Pride,Boredom,0.01560927277263693
0.003158772644548924,Pride,Fear,0.022472245971695944
0.003158772644548924,Pride,Happiness,0.19211688019853418
0.003158772644548924,Pride,Joy,0.29128164788613137
0.003158772644548924,Pride,Pride,0.2579779188842556
0.003158772644548924,Pride,Sadness,0.01921705271116286
0.003158772644548924,Pride,Shame,0.20132498157558312
0.003158772644548924,Sadness,Boredom,0.010370139381852727
0.003158772644548924,Sadness,Fear,0.3259366232287599
0.003158772644548924,Sadness,Happiness,0.023342407937552004
0.003158772644548924,Sadness,Joy,0.01316420812530445
0.003158772644548924,Sadness,Pride,0.017595902744994833
0.003158772644548924,Sadness,Sadness,0.4947543458370432
0.003158772644548924,Sadness,Shame,0.1148363727444927
0.003158772644548924,Shame,Boredom,0.003712006207404144
0.003158772644548924,Shame,Fear,0.5384200953275825
0.003158772644548924,Shame,Happiness,0.013971651561928007
0.003158772644548924,Shame,Joy,0.04229051963883222
0.003158772644548924,Shame,Pride,0.024126222475108244
0.003158772644548924,Shame,Sadness,0.23687683053333974
0.003158772644548924,Shame,Shame,0.14060267425580528
0.0033029727867504425,Boredom,Boredom,0.5649114092147691
0.0033029727867504425,Boredom,Fear,0.0034029697865524105
0.0033029727867504425,Boredom,Happiness,0.33007888962335385
0.0033029727867504425,Boredom,Joy,0.009904609740102797
0.0033029727867504425,Boredom,Pride,0.04805691822615718
0.0033029727867504425,Boredom,Sadness,0.010525558877009707
0.0033029727867504425,Boredom,Shame,0.03311964453205539
0.0033029727867504425,Fear,Boredom,0.0012610947469474327
0.0033029727867504425,Fear,Fear,0.7278032823230932
0.0033029727867504425,Fear,Happiness,0.004191376867922925
0.0033029727867504425,Fear,Joy,0.018354000704051496
0.0033029727867504425,Fear,Pride,0.010539772826037554
0.0033029727867504425,Fear,Sadness,0.16161687759510893
0.0033029727867504425,Fear,Shame,0.0762335949368385
0.0033029727867504425,Happiness,Boredom,0.27527188239919687
0.0033029727867504425,Happiness,Fear,0.004379596431551139
0.0033029727867504425,Happiness,Happiness,0.35281085406214235
0.0033029727867504425,Happiness,Joy,0.045843701661036504
0.0033029727867504425,Happiness,Pride,0.20387706901700361
0.0033029727867504425,Happiness,Sadness,0.010429501871870214
0.0033029727867504425,Happiness,Shame,0.10738739455719935
0.0033029727867504425,Joy,Boredom,0.008348752193213188
0.0033029727867504425,Joy,Fear,0.0369335557717558
0.0033029727867504425,Joy,Happiness,0.07947338061880566
0.0033029727867504425,Joy,Joy,0.3780187557631696
0.0033029727867504425,Joy,Pride,0.2800931570545167
0.0033029727867504425,Joy,Sadness,0.015195190378901222
0.0033029727867504425,Joy,Shame,0.20193720821963745
0.0033029727867504425,Pride,Boredom,0.0125361418841679
0.0033029727867504425,Pride,Fear,0.017670988603369492
0.0033029727867504425,Pride,Happiness,0.16045195460774972
0.0033029727867504425,Pride,Joy,0.32234419608540915
0.0033029727867504425,Pride,Pride,0.26278303164630196
0.0033029727867504425,Pride,Sadness,0.015273016778853135
0.0033029727867504425,Pride,Shame,0.20894067039414882
0.0033029727867504425,Sadness,Boredom,0.007550799581036148
0.0033029727867504425,Sadness,Fear,0.2773011177190099
0.0033029727867504425,Sadness,Happiness,0.014760799325068172
0.0033029727867504425,Sadness,Joy,0.007421119972318695
0.0033029727867504425,Sadness,Pride,0.011036093282495722
0.0033029727867504425,Sadness,Sadness,0.6034889152661134
0.0033029727867504425,Sadness,Shame,0.0784411548539581
0.0033029727867504425,Shame,Boredom,0.0021473852974905954
0.0033029727867504425,Shame,Fear,0.689820952790458
0.0033029727867504425,Shame,Happiness,0.006350621547814353
0.0033029727867504425,Shame,Joy,0.02728984784140784
0.0033029727867504425,Shame,Pride,0.016072024905124365
0.0033029727867504425,Shame,Sadness,0.15341156027086303
0.0033029727867504425,Shame,Shame,0.10490760734684186
0.003021582772151797,Boredom,Boredom,0.5023965232874
0.003021582772151797,Boredom,Fear,0.008002843907391049
0.003021582772151797,Boredom,Happiness,0.32465846592451675
0.003021582772151797,Boredom,Joy,0.020620865546686094
0.003021582772151797,Boredom,Pride,0.06834144456833112
0.003021582772151797,Boredom,Sadness,0.017496277129986765
0.003021582772151797,Boredom,Shame,0.0584835796356882
0.003021582772151797,Fear,Boredom,0.0033169870819781027
0.003021582772151797,Fear,Fear,0.5080136749334622
0.003021582772151797,Fear,Happiness,0.01248766863705089
0.003021582772151797,Fear,Joy,0.036085132612343314
0.003021582772151797,Fear,Pride,0.022465091653533255
0.003021582772151797,Fear,Sadness,0.2700974437537014
0.003021582772151797,Fear,Shame,0.14753400132793124
0.003021582772151797,Happiness,Boredom,0.23412352959336483
0.003021582772151797,Happiness,Fear,0.007065170835658895
0.003021582772151797,Happiness,Happiness,0.3029742975647822
0.003021582772151797,Happiness,Joy,0.06417788096569141
0.003021582772151797,Happiness,Pride,0.22182686646771396
0.003021582772151797,Happiness,Sadness,0.01429547919552366
0.003021582772151797,Happiness,Shame,0.15553677537726487
0.003021582772151797,Joy,Boredom,0.009325453573467883
0.003021582772151797,Joy,Fear,0.038714554992884675
0.003021582772151797,Joy,Happiness,0.10241206404265644
0.003021582772151797,Joy,Joy,0.339087020560598
0.003021582772151797,Joy,Pride,0.2740076577853237
0.003021582772151797,Joy,Sadness,0.01944247675660644
0.003021582772151797,Joy,Shame,0.2170107722884623
0.003021582772151797,Pride,Boredom,0.013807396034887731
0.003021582772151797,Pride,Fear,0.020920827588347832
0.003021582772151797,Pride,Happiness,0.1706827449024164
0.003021582772151797,Pride,Joy,0.2918117203578574
0.003021582772151797,Pride,Pride,0.2633536627019543
0.003021582772151797,Pride,Sadness,0.018763016257089902
0.003021582772151797,Pride,Shame,0.22066063215744666
0.003021582772151797,Sadness,Boredom,0.01042409560007524
0.003021582772151797,Sadness,Fear,0.27157815711633504
0.003021582772151797,Sadness,Happiness,0.024121271625221707
0.003021582772151797,Sadness,Joy,0.015726223837587046
0.003021582772151797,Sadness,Pride,0.020660978186542486
0.003021582772151797,Sadness,Sadness,0.5171084628871491
0.003021582772151797,Sadness,Shame,0.14038081074708963
0.003021582772151797,Shame,Boredom,0.004492558096642079
0.003021582772151797,Shame,Fear,0.48123916797649086
0.003021582772151797,Shame,Happiness,0.01566709375680149
0.003021582772151797,Shame,Joy,0.04825930382850272
0.003021582772151797,Shame,Pride,0.028830868039627623
0.003021582772151797,Shame,Sadness,0.2506724904763266
0.003021582772151797,Shame,Shame,0.17083851782560883
0.0033082791062058747,Boredom,Boredom,0.4835489405669833
0.0033082791062058747,Boredom,Fear,0.00974335991589053
0.0033082791062058747,Boredom,Happiness,0.32116355364221083
0.0033082791062058747,Boredom,Joy,0.022349807662271865
0.0033082791062058747,Boredom,Pride,0.07526686916936033
0.0033082791062058747,Boredom,Sadness,0.02154930126481602
0.0033082791062058747,Boredom,Shame,0.06637816777846682
0.0033082791062058747,Fear,Boredom,0.003953710126476073
0.0033082791062058747,Fear,Fear,0.45603327587016607
0.0033082791062058747,Fear,Happiness,0.013245563961690592
0.0033082791062058747,Fear,Joy,0.04027463265277323
0.0033082791062058747,Fear,Pride,0.02623912863720449
0.0033082791062058747,Fear,Sadness,0.29448330870767003
0.0033082791062058747,Fear,Shame,0.1657703800440199
0.0033082791062058747,Happiness,Boredom,0.4399207219491544
0.0033082791062058747,Happiness,Fear,0.010360213098840665
0.0033082791062058747,Happiness,Happiness,0.3245315324826045
0.0033082791062058747,Happiness,Joy,0.03765552927869493
0.0033082791062058747,Happiness,Pride,0.08819682759124592
0.0033082791062058747,Happiness,Sadness,0.01789245620460268
0.0033082791062058747,Happiness,Shame,0.08144271939485645
0.0033082791062058747,Joy,Boredom,0.00934990131302041
0.0033082791062058747,Joy,Fear,0.039516898096879964
0.0033082791062058747,Joy,Happiness,0.0881381037070952
0.0033082791062058747,Joy,Joy,0.33218999466472215
0.0033082791062058747,Joy,Pride,0.27760857029985236
0.0033082791062058747,Joy,Sadness,0.02215914612712563
0.0033082791062058747,Joy,Shame,0.23103738579130456
0.0033082791062058747,Pride,Boredom,0.013427926419313944
0.0033082791062058747,Pride,Fear,0.021409405259851664
0.0033082791062058747,Pride,Happiness,0.14217142641234792
0.0033082791062058747,Pride,Joy,0.3021246242165164
0.0033082791062058747,Pride,Pride,0.2660265919902637
0.0033082791062058747,Pride,Sadness,0.020624352169788834
0.0033082791062058747,Pride,Shame,0.234215673531917
0.0033082791062058747,Sadness,Boredom,0.01019413987860781
0.0033082791062058747,Sadness,Fear,0.23338384459577483
0.0033082791062058747,Sadness,Happiness,0.025306475126673198
0.0033082791062058747,Sadness,Joy,0.018133735949292885
0.0033082791062058747,Sadness,Pride,0.023659892955433758
0.0033082791062058747,Sadness,Sadness,0.5331360121733143
0.0033082791062058747,Sadness,Shame,0.1561858993209031
0.0033082791062058747,Shame,Boredom,0.007653795714769405
0.0033082791062058747,Shame,Fear,0.3818027395518093
0.0033082791062058747,Shame,Happiness,0.022576027985971213
0.0033082791062058747,Shame,Joy,0.07608129577046353
0.0033082791062058747,Shame,Pride,0.0638090699575987
0.0033082791062058747,Shame,Sadness,0.22429713958228625
0.0033082791062058747,Shame,Shame,0.22377993143710131
0.003129765344052682,Boredom,Boredom,0.48343897166284056
0.003129765344052682,Boredom,Fear,0.008501245205015254
0.003129765344052682,Boredom,Happiness,0.3245525747715308
0.003129765344052682,Boredom,Joy,0.021848098514916217
0.003129765344052682,Boredom,Pride,0.07328694772358169
0.003129765344052682,Boredom,Sadness,0.02103349782258445
0.003129765344052682,Boredom,Shame,0.06733866429953067
0.003129765344052682,Fear,Boredom,0.003877365032934654
0.003129765344052682,Fear,Fear,0.45099387978514693
0.003129765344052682,Fear,Happiness,0.011974732931945103
0.003129765344052682,Fear,Joy,0.0404802502196056
0.003129765344052682,Fear,Pride,0.026960269132436255
0.003129765344052682,Fear,Sadness,0.29038863498375106
0.003129765344052682,Fear,Shame,0.17532486791418042
0.003129765344052682,Happiness,Boredom,0.4280030782095499
0.003129765344052682,Happiness,Fear,0.009251000678457185
0.003129765344052682,Happiness,Happiness,0.3298348098122815
0.003129765344052682,Happiness,Joy,0.03919530754658051
0.003129765344052682,Happiness,Pride,0.09179631168413234
0.003129765344052682,Happiness,Sadness,0.0163392098422415
0.003129765344052682,Happiness,Shame,0.08558028222675694
0.003129765344052682,Joy,Boredom,0.0077172364711548015
0.003129765344052682,Joy,Fear,0.03560869231253693
0.003129765344052682,Joy,Happiness,0.08455275466712381
0.003129765344052682,Joy,Joy,0.3263976389521429
0.003129765344052682,Joy,Pride,0.2797038328675194
0.003129765344052682,Joy,Sadness,0.01765089141356003
0.003129765344052682,Joy,Shame,0.24836895331596226
0.003129765344052682,Pride,Boredom,0.011676209735871636
0.003129765344052682,Pride,Fear,0.017609908955745303
0.003129765344052682,Pride,Happiness,0.1396092994575399
0.003129765344052682,Pride,Joy,0.29105968957337164
0.003129765344052682,Pride,Pride,0.27008919329664305
0.003129765344052682,Pride,Sadness,0.016183891626357895
0.003129765344052682,Pride,Shame,0.25377180735447097
0.003129765344052682,Sadness,Boredom,0.009302729241611522
0.003129765344052682,Sadness,Fear,0.22719988211513234
0.003129765344052682,Sadness,Happiness,0.02278885430222221
0.003129765344052682,Sadness,Joy,0.016957054397677338
0.003129765344052682,Sadness,Pride,0.023243343018276543
0.003129765344052682,Sadness,Sadness,0.5390726236586898
0.003129765344052682,Sadness,Shame,0.16143551326639002
0.003129765344052682,Shame,Boredom,0.008059377338672492
0.003129765344052682,Shame,Fear,0.36618865611283896
0.003129765344052682,Shame,Happiness,0.022070352809288103
0.003129765344052682,Shame,Joy,0.07830206594050591
0.003129765344052682,Shame,Pride,0.06600421790800665
0.003129765344052682,Shame,Sadness,0.20758328383335925
0.003129765344052682,Shame,Shame,0.25179204605732836
0.0029099839592890233,Boredom,Boredom,0.5136364034863601
0.0029099839592890233,Boredom,Fear,0.00877745396358872
0.0029099839592890233,Boredom,Happiness,0.3152536617598674
0.0029099839592890233,Boredom,Joy,0.022807694445361168
0.0029099839592890233,Boredom,Pride,0.06635531537358363
0.0029099839592890233,Boredom,Sadness,0.01662965198467957
0.0029099839592890233,Boredom,Shame,0.05653981898655925
0.0029099839592890233,Fear,Boredom,0.004051364692380852
0.0029099839592890233,Fear,Fear,0.5152537943433982
0.0029099839592890233,Fear,Happiness,0.015562308018801417
0.0029099839592890233,Fear,Joy,0.03396885402454357
0.0029099839592890233,Fear,Pride,0.021482987554833244
0.0029099839592890233,Fear,Sadness,0.272085903194231
0.0029099839592890233,Fear,Shame,0.13759478817181203
0.0029099839592890233,Happiness,Boredom,0.4536069154615851
0.0029099839592890233,Happiness,Fear,0.009122479525501125
0.0029099839592890233,Happiness,Happiness,0.31419122185936993
0.0029099839592890233,Happiness,Joy,0.03988232495407856
0.0029099839592890233,Happiness,Pride,0.07643363324557623
0.0029099839592890233,Happiness,Sadness,0.0150509314127876
0.0029099839592890233,Happiness,Shame,0.09171249354110102
0.0029099839592890233,Joy,Boredom,0.012051352559152873
0.0029099839592890233,Joy,Fear,0.04126173836980354
0.0029099839592890233,Joy,Happiness,0.13813371487769013
0.0029099839592890233,Joy,Joy,0.3321051846754065
0.0029099839592890233,Joy,Pride,0.2644762659249336
0.0029099839592890233,Joy,Sadness,0.020567825692314433
0.0029099839592890233,Joy,Shame,0.19140391790069855
0.0029099839592890233,Pride,Boredom,0.019418465157572198
0.0029099839592890233,Pride,Fear,0.023301742050338154
0.0029099839592890233,Pride,Happiness,0.20778115557336257
0.0029099839592890233,Pride,Joy,0.2742515004802656
0.0029099839592890233,Pride,Pride,0.257724820569057
0.0029099839592890233,Pride,Sadness,0.02038360399798464
0.0029099839592890233,Pride,Shame,0.19713871217141923
0.0029099839592890233,Sadness,Boredom,0.015539337120582032
0.0029099839592890233,Sadness,Fear,0.3298045022479147
0.0029099839592890233,Sadness,Happiness,0.028275071396242506
0.0029099839592890233,Sadness,Joy,0.016273252254428373
0.0029099839592890233,Sadness,Pride,0.021020850421820593
0.0029099839592890233,Sadness,Sadness,0.45646979682442496
0.0029099839592890233,Sadness,Shame,0.13261718973458642
0.0029099839592890233,Shame,Boredom,0.007900394665363741
0.0029099839592890233,Shame,Fear,0.4424016470256132
0.0029099839592890233,Shame,Happiness,0.026765241662702773
0.0029099839592890233,Shame,Joy,0.06919271219492025
0.0029099839592890233,Shame,Pride,0.04726257431153632
0.0029099839592890233,Shame,Sadness,0.2201657433283395
0.0029099839592890233,Shame,Shame,0.1863116868115241
0.0031991188612645613,Boredom,Boredom,0.5265610112135539
0.0031991188612645613,Boredom,Fear,0.006940013862502572
0.0031991188612645613,Boredom,Happiness,0.32647988782352577
0.0031991188612645613,Boredom,Joy,0.016116033154521796
0.0031991188612645613,Boredom,Pride,0.062160889451594065
0.0031991188612645613,Boredom,Sadness,0.014593993785781008
0.0031991188612645613,Boredom,Shame,0.047148170708521064
0.0031991188612645613,Fear,Boredom,0.0026466317653539907
0.0031991188612645613,Fear,Fear,0.5676914601960907
0.0031991188612645613,Fear,Happiness,0.010280175643590678
0.0031991188612645613,Fear,Joy,0.030923994036601194
0.0031991188612645613,Fear,Pride,0.018587712374873118
0.0031991188612645613,Fear,Sadness,0.2482060036559626
0.0031991188612645613,Fear,Shame,0.12166402232752789
0.0031991188612645613,Happiness,Boredom,0.47240042593850234
0.0031991188612645613,Happiness,Fear,0.007776144529275754
0.0031991188612645613,Happiness,Happiness,0.33865394499060764
0.0031991188612645613,Happiness,Joy,0.029342740656681323
0.0031991188612645613,Happiness,Pride,0.07647812792651848
0.0031991188612645613,Happiness,Sadness,0.013131496859798135
0.0031991188612645613,Happiness,Shame,0.06221711909861606
0.0031991188612645613,Joy,Boredom,0.010068839520443176
0.0031991188612645613,Joy,Fear,0.039947216448047426
0.0031991188612645613,Joy,Happiness,0.10400450757437785
0.0031991188612645613,Joy,Joy,0.3563938821992367
0.0031991188612645613,Joy,Pride,0.2708855887323426
0.0031991188612645613,Joy,Sadness,0.020077954951356128
0.0031991188612645613,Joy,Shame,0.19862201057419623
0.0031991188612645613,Pride,Boredom,0.015830325241719987
0.0031991188612645613,Pride,Fear,0.021739971691965117
0.0031991188612645613,Pride,Happiness,0.18863686210070837
0.0031991188612645613,Pride,Joy,0.2941935959625431
0.0031991188612645613,Pride,Pride,0.2581420073440473
0.0031991188612645613,Pride,Sadness,0.018644756787660244
0.0031991188612645613,Pride,Shame,0.20281248087135575
0.0031991188612645613,Sadness,Boredom,0.010379986812581692
0.0031991188612645613,Sadness,Fear,0.3187179883680308
0.0031991188612645613,Sadness,Happiness,0.023015467292190908
0.0031991188612645613,Sadness,Joy,0.01282717141577224
0.0031991188612645613,Sadness,Pride,0.017536573723775657
0.0031991188612645613,Sadness,Sadness,0.5021576017838365
0.0031991188612645613,Sadness,Shame,0.11536521060381195
0.0031991188612645613,Shame,Boredom,0.00639562017307651
0.0031991188612645613,Shame,Fear,0.47429315618645407
0.0031991188612645613,Shame,Happiness,0.020797961148019004
0.0031991188612645613,Shame,Joy,0.06535625471334884
0.0031991188612645613,Shame,Pride,0.05601851507991229
0.0031991188612645613,Shame,Sadness,0.19198282720631185
0.0031991188612645613,Shame,Shame,0.18515566549287765
0.0032744847503415565,Boredom,Boredom,0.5198342615145649
0.0032744847503415565,Boredom,Fear,0.007656049173396432
0.0032744847503415565,Boredom,Happiness,0.32378425481948936
0.0032744847503415565,Boredom,Joy,0.01736817569105264
0.0032744847503415565,Boredom,Pride,0.06450793039753121
0.0032744847503415565,Boredom,Sadness,0.016565901990195392
0.0032744847503415565,Boredom,Shame,0.05028342641376998
0.0032744847503415565,Fear,Boredom,0.002661576354185845
0.0032744847503415565,Fear,Fear,0.5703176163014408
0.0032744847503415565,Fear,Happiness,0.010678290993890414
0.0032744847503415565,Fear,Joy,0.030394748953299154
0.0032744847503415565,Fear,Pride,0.01800604710128938
0.0032744847503415565,Fear,Sadness,0.25002406227198115
0.0032744847503415565,Fear,Shame,0.11791765802391295
0.0032744847503415565,Happiness,Boredom,0.471488495757572
0.0032744847503415565,Happiness,Fear,0.008223884363657676
0.0032744847503415565,Happiness,Happiness,0.3332814639119369
0.0032744847503415565,Happiness,Joy,0.030509081016916732
0.0032744847503415565,Happiness,Pride,0.07779316919167889
0.0032744847503415565,Happiness,Sadness,0.014020934970204924
0.0032744847503415565,Happiness,Shame,0.06468297078803344
0.0032744847503415565,Joy,Boredom,0.01048742383972517
0.0032744847503415565,Joy,Fear,0.040997519632496836
0.0032744847503415565,Joy,Happiness,0.10496584458647101
0.0032744847503415565,Joy,Joy,0.35239673588901643
0.0032744847503415565,Joy,Pride,0.2707422103965361
0.0032744847503415565,Joy,Sadness,0.020953925085583143
0.0032744847503415565,Joy,Shame,0.19945634057017123
0.0032744847503415565,Pride,Boredom,0.015776272221182566
0.0032744847503415565,Pride,Fear,0.022178069649062798
0.0032744847503415565,Pride,Happiness,0.18757941818043994
0.0032744847503415565,Pride,Joy,0.29461775733442475
0.0032744847503415565,Pride,Pride,0.2571939285253439
0.0032744847503415565,Pride,Sadness,0.01922977855716788
0.0032744847503415565,Pride,Shame,0.20342477553237817
0.0032744847503415565,Sadness,Boredom,0.010336141329217337
0.0032744847503415565,Sadness,Fear,0.31755190901231095
0.0032744847503415565,Sadness,Happiness,0.023110951831102594
0.0032744847503415565,Sadness,Joy,0.012876460685723913
0.0032744847503415565,Sadness,Pride,0.01726943634604006
0.0032744847503415565,Sadness,Sadness,0.5065559820136509
0.0032744847503415565,Sadness,Shame,0.11229911878195414
0.0032744847503415565,Shame,Boredom,0.0063799977678965746
0.0032744847503415565,Shame,Fear,0.47989768278408657
0.0032744847503415565,Shame,Happiness,0.021063421231996407
0.0032744847503415565,Shame,Joy,0.06420676775630758
0.0032744847503415565,Shame,Pride,0.050000585628425166
0.0032744847503415565,Shame,Sadness,0.19893755720733727
0.0032744847503415565,Shame,Shame,0.17951398762395018
0.0031274761777438653,Boredom,Boredom,0.48134387179592225
0.0031274761777438653,Boredom,Fear,0.009187460628625724
0.0031274761777438653,Boredom,Happiness,0.3216635563082959
0.0031274761777438653,Boredom,Joy,0.023021001646309477
0.0031274761777438653,Boredom,Pride,0.07443570909974259
0.0031274761777438653,Boredom,Sadness,0.02198789406456183
0.0031274761777438653,Boredom,Shame,0.06836050645654221
0.0031274761777438653,Fear,Boredom,0.004022145855935134
0.0031274761777438653,Fear,Fear,0.444473584840771
0.0031274761777438653,Fear,Happiness,0.013359565269797716
0.0031274761777438653,Fear,Joy,0.04087632843287206
0.0031274761777438653,Fear,Pride,0.027218464396553073
0.0031274761777438653,Fear,Sadness,0.29419793035109093
0.0031274761777438653,Fear,Shame,0.17585198085297998
0.0031274761777438653,Happiness,Boredom,0.429690169522799
0.0031274761777438653,Happiness,Fear,0.00979194819692452
0.0031274761777438653,Happiness,Happiness,0.32471058098779315
0.0031274761777438653,Happiness,Joy,0.04066047737003918
0.0031274761777438653,Happiness,Pride,0.08906021168060879
0.0031274761777438653,Happiness,Sadness,0.017529844242687696
0.0031274761777438653,Happiness,Shame,0.08855676799914751
0.0031274761777438653,Joy,Boredom,0.00840107496463578
0.0031274761777438653,Joy,Fear,0.036914412205348406
0.0031274761777438653,Joy,Happiness,0.08904385508077918
0.0031274761777438653,Joy,Joy,0.32756488477256346
0.0031274761777438653,Joy,Pride,0.2790903380022878
0.0031274761777438653,Joy,Sadness,0.020313514205074257
0.0031274761777438653,Joy,Shame,0.23867192076931087
0.0031274761777438653,Pride,Boredom,0.012523008275192824
0.0031274761777438653,Pride,Fear,0.01919001045412138
0.0031274761777438653,Pride,Happiness,0.14412622704035583
0.0031274761777438653,Pride,Joy,0.2918804762732087
0.0031274761777438653,Pride,Pride,0.2693585356467307
0.0031274761777438653,Pride,Sadness,0.018844341643461566
0.0031274761777438653,Pride,Shame,0.24407740066692915
0.0031274761777438653,Sadness,Boredom,0.010265380813341832
0.0031274761777438653,Sadness,Fear,0.23306060988017147
0.0031274761777438653,Sadness,Happiness,0.025404349143374385
0.0031274761777438653,Sadness,Joy,0.018344957278734687
0.0031274761777438653,Sadness,Pride,0.02490132468865673
0.0031274761777438653,Sadness,Sadness,0.5190557656301753
0.0031274761777438653,Sadness,Shame,0.16896761256554496
0.0031274761777438653,Shame,Boredom,0.007869671823375541
0.0031274761777438653,Shame,Fear,0.3654254358759792
0.0031274761777438653,Shame,Happiness,0.02315633127014431
0.0031274761777438653,Shame,Joy,0.07772103535138399
0.0031274761777438653,Shame,Pride,0.06439536444561575
0.0031274761777438653,Shame,Sadness,0.21952430290879485
0.0031274761777438653,Shame,Shame,0.24190785832470665
0.003158441169807269,Boredom,Boredom,0.5113869618510548
0.003158441169807269,Boredom,Fear,0.00879018395598456
0.003158441169807269,Boredom,Happiness,0.32079666257686934
0.003158441169807269,Boredom,Joy,0.020578253571359284
0.003158441169807269,Boredom,Pride,0.0671055809911216
0.003158441169807269,Boredom,Sadness,0.018319423936763606
0.003158441169807269,Boredom,Shame,0.053022933116847006
0.003158441169807269,Fear,Boredom,0.003324018476818337
0.003158441169807269,Fear,Fear,0.536524512186439
0.003158441169807269,Fear,Happiness,0.013738265035371375
0.003158441169807269,Fear,Joy,0.033928239843296674
0.003158441169807269,Fear,Pride,0.020274473420012967
0.003158441169807269,Fear,Sadness,0.26308695521548875
0.003158441169807269,Fear,Shame,0.12912353582257285
0.003158441169807269,Happiness,Boredom,0.4690908559671838
0.003158441169807269,Happiness,Fear,0.009359571064810848
0.003158441169807269,Happiness,Happiness,0.3260561356847725
0.003158441169807269,Happiness,Joy,0.035690225965790204
0.003158441169807269,Happiness,Pride,0.07781209089024768
0.003158441169807269,Happiness,Sadness,0.015089551842599332
0.003158441169807269,Happiness,Shame,0.06690156858459527
0.003158441169807269,Joy,Boredom,0.011344519486939857
0.003158441169807269,Joy,Fear,0.04200864532815071
0.003158441169807269,Joy,Happiness,0.12261220667718381
0.003158441169807269,Joy,Joy,0.3411318761767914
0.003158441169807269,Joy,Pride,0.2675426234691144
0.003158441169807269,Joy,Sadness,0.021563038396270818
0.003158441169807269,Joy,Shame,0.19379709046554897
0.003158441169807269,Pride,Boredom,0.017013456448325887
0.003158441169807269,Pride,Fear,0.023807064804309948
0.003158441169807269,Pride,Happiness,0.19946218979032035
0.003158441169807269,Pride,Joy,0.28422736655200315
0.003158441169807269,Pride,Pride,0.2574360032643302
0.003158441169807269,Pride,Sadness,0.020506890507816296
0.003158441169807269,Pride,Shame,0.1975470286328947
0.003158441169807269,Sadness,Boredom,0.010981095028403495
0.003158441169807269,Sadness,Fear,0.3237978790427361
0.003158441169807269,Sadness,Happiness,0.025610506327205275
0.003158441169807269,Sadness,Joy,0.014680586795064749
0.003158441169807269,Sadness,Pride,0.01897167311075382
0.003158441169807269,Sadness,Sadness,0.48472386641356363
0.003158441169807269,Sadness,Shame,0.12123439328227259
0.003158441169807269,Shame,Boredom,0.006962090424379986
0.003158441169807269,Shame,Fear,0.46305516176536565
0.003158441169807269,Shame,Happiness,0.024144956398267848
0.003158441169807269,Shame,Joy,0.06753560403542985
0.003158441169807269,Shame,Pride,0.045229444500675856
0.003158441169807269,Shame,Sadness,0.21327880131621202
0.003158441169807269,Shame,Shame,0.17979394155966893
0.0031015150100591788,Boredom,Boredom,0.5107408361689721
0.0031015150100591788,Boredom,Fear,0.008849090842204215
0.0031015150100591788,Boredom,Happiness,0.31950879994409365
0.0031015150100591788,Boredom,Joy,0.02156808457480827
0.0031015150100591788,Boredom,Pride,0.06745241285648003
0.0031015150100591788,Boredom,Sadness,0.018190064161860857
0.0031015150100591788,Boredom,Shame,0.053690711451580796
0.0031015150100591788,Fear,Boredom,0.003362756789659175
0.0031015150100591788,Fear,Fear,0.5308446210108794
0.0031015150100591788,Fear,Happiness,0.014163761807601075
0.0031015150100591788,Fear,Joy,0.03409145716209957
0.0031015150100591788,Fear,Pride,0.020462213408230814
0.0031015150100591788,Fear,Sadness,0.2667464782870035
0.0031015150100591788,Fear,Shame,0.13032871153452613
0.0031015150100591788,Happiness,Boredom,0.46664299353994576
0.0031015150100591788,Happiness,Fear,0.00930751692365719
0.0031015150100591788,Happiness,Happiness,0.32304981896106366
0.0031015150100591788,Happiness,Joy,0.0373915984293844
0.0031015150100591788,Happiness,Pride,0.07748053224412164
0.0031015150100591788,Happiness,Sadness,0.015091023866608586
0.0031015150100591788,Happiness,Shame,0.07103651603521888
0.0031015150100591788,Joy,Boredom,0.011364656799994124
0.0031015150100591788,Joy,Fear,0.04190894453000183
0.0031015150100591788,Joy,Happiness,0.1276669645567612
0.0031015150100591788,Joy,Joy,0.337210771039298
0.0031015150100591788,Joy,Pride,0.26630561121756574
0.0031015150100591788,Joy,Sadness,0.021078288980312027
0.0031015150100591788,Joy,Shame,0.19446476287606687
0.0031015150100591788,Pride,Boredom,0.017090324160910855
0.0031015150100591788,Pride,Fear,0.023684230242811688
0.0031015150100591788,Pride,Happiness,0.20190487762940854
0.0031015150100591788,Pride,Joy,0.2807096568257008
0.0031015150100591788,Pride,Pride,0.257296996446915
0.0031015150100591788,Pride,Sadness,0.02032324708174061
0.0031015150100591788,Pride,Shame,0.19899066761251238
0.0031015150100591788,Sadness,Boredom,0.0113205956963112
0.0031015150100591788,Sadness,Fear,0.32649621485757924
0.0031015150100591788,Sadness,Happiness,0.026040797707459918
0.0031015150100591788,Sadness,Joy,0.014991802855675461
0.0031015150100591788,Sadness,Pride,0.019223132904063273
0.0031015150100591788,Sadness,Sadness,0.4794690422906858
0.0031015150100591788,Sadness,Shame,0.12245841368822502
0.0031015150100591788,Shame,Boredom,0.007059194281312189
0.0031015150100591788,Shame,Fear,0.4572796458301365
0.0031015150100591788,Shame,Happiness,0.025021570845194782
0.0031015150100591788,Shame,Joy,0.06830985934114416
0.0031015150100591788,Shame,Pride,0.04633026540783833
0.0031015150100591788,Shame,Sadness,0.21449910626281402
0.0031015150100591788,Shame,Shame,0.18150035803155992
0.0032660651925447526,Boredom,Boredom,0.5326638160477654
0.0032660651925447526,Boredom,Fear,0.005949017267734947
0.0032660651925447526,Boredom,Happiness,0.33123478602895484
0.0032660651925447526,Boredom,Joy,0.013891788860558363
0.0032660651925447526,Boredom,Pride,0.05935381589205127
0.0032660651925447526,Boredom,Sadness,0.013251835255576366
0.0032660651925447526,Boredom,Shame,0.04365494064735878
0.0032660651925447526,Fear,Boredom,0.0021058190845201917
0.0032660651925447526,Fear,Fear,0.5966273715917728
0.0032660651925447526,Fear,Happiness,0.007436801016977388
0.0032660651925447526,Fear,Joy,0.027775901085265214
0.0032660651925447526,Fear,Pride,0.016480390612090844
0.0032660651925447526,Fear,Sadness,0.2392764533322453
0.0032660651925447526,Fear,Shame,0.11029726327712895
0.0032660651925447526,Happiness,Boredom,0.4736633405625428
0.0032660651925447526,Happiness,Fear,0.006740388782573006
0.0032660651925447526,Happiness,Happiness,0.3468109885982152
0.0032660651925447526,Happiness,Joy,0.025180204575184884
0.0032660651925447526,Happiness,Pride,0.07667729246575639
0.0032660651925447526,Happiness,Sadness,0.011801728883463779
0.0032660651925447526,Happiness,Shame,0.05912605613226364
0.0032660651925447526,Joy,Boredom,0.009678576623831104
0.0032660651925447526,Joy,Fear,0.039710617089427025
0.0032660651925447526,Joy,Happiness,0.08403051885417129
0.0032660651925447526,Joy,Joy,0.366321713238528
0.0032660651925447526,Joy,Pride,0.27588935755105326
0.0032660651925447526,Joy,Sadness,0.019633301104156946
0.0032660651925447526,Joy,Shame,0.2047359155388319
0.0032660651925447526,Pride,Boredom,0.014544437743731252
0.0032660651925447526,Pride,Fear,0.020601213423675536
0.0032660651925447526,Pride,Happiness,0.15831527074429783
0.0032660651925447526,Pride,Joy,0.318283143760187
0.0032660651925447526,Pride,Pride,0.26094489943694077
0.0032660651925447526,Pride,Sadness,0.017926869973892506
0.0032660651925447526,Pride,Shame,0.20938416491727518
0.0032660651925447526,Sadness,Boredom,0.009702738742137161
0.0032660651925447526,Sadness,Fear,0.3155053065642125
0.0032660651925447526,Sadness,Happiness,0.020547921426411556
0.0032660651925447526,Sadness,Joy,0.01065287150842234
0.0032660651925447526,Sadness,Pride,0.015830196776852212
0.0032660651925447526,Sadness,Sadness,0.5235291068846724
0.0032660651925447526,Sadness,Shame,0.10423185809729175
0.0032660651925447526,Shame,Boredom,0.00591104596034163
0.0032660651925447526,Shame,Fear,0.4935313707893381
0.0032660651925447526,Shame,Happiness,0.01692933551561809
0.0032660651925447526,Shame,Joy,0.06196914202607574
0.0032660651925447526,Shame,Pride,0.055183840224976514
0.0032660651925447526,Shame,Sadness,0.18177061376794393
0.0032660651925447526,Shame,Shame,0.18470465171570552
0.0030379471146729335,Boredom,Boredom,0.5160694766131662
0.0030379471146729335,Boredom,Fear,0.008185744165718455
0.0030379471146729335,Boredom,Happiness,0.31978928242306454
0.0030379471146729335,Boredom,Joy,0.020419487157659007
0.0030379471146729335,Boredom,Pride,0.06548886377369605
0.0030379471146729335,Boredom,Sadness,0.01683297508397398
0.0030379471146729335,Boredom,Shame,0.05321417078272213
0.0030379471146729335,Fear,Boredom,0.003335699335154016
0.0030379471146729335,Fear,Fear,0.5331821505750797
0.0030379471146729335,Fear,Happiness,0.013941790925873776
0.0030379471146729335,Fear,Joy,0.03399534186103065
0.0030379471146729335,Fear,Pride,0.020410739624532902
0.0030379471146729335,Fear,Sadness,0.26385164920556176
0.0030379471146729335,Fear,Shame,0.13128262847276695
0.0030379471146729335,Happiness,Boredom,0.46285787275327334
0.0030379471146729335,Happiness,Fear,0.008690589202863435
0.0030379471146729335,Happiness,Happiness,0.32280533269928907
0.0030379471146729335,Happiness,Joy,0.03602213572272439
0.0030379471146729335,Happiness,Pride,0.07617570586070502
0.0030379471146729335,Happiness,Sadness,0.014361172059463061
0.0030379471146729335,Happiness,Shame,0.0790871917016814
0.0030379471146729335,Joy,Boredom,0.010997917095267963
0.0030379471146729335,Joy,Fear,0.040799507260891286
0.0030379471146729335,Joy,Happiness,0.12652966253792888
0.0030379471146729335,Joy,Joy,0.34075459978628253
0.0030379471146729335,Joy,Pride,0.2663815746561822
0.0030379471146729335,Joy,Sadness,0.020321265389014347
0.0030379471146729335,Joy,Shame,0.19421547327443303
0.0030379471146729335,Pride,Boredom,0.017284577924842028
0.0030379471146729335,Pride,Fear,0.02264462129806383
0.0030379471146729335,Pride,Happiness,0.20259350888998706
0.0030379471146729335,Pride,Joy,0.2800300596676229
0.0030379471146729335,Pride,Pride,0.2577592947389676
0.0030379471146729335,Pride,Sadness,0.019652494652952313
0.0030379471146729335,Pride,Shame,0.2000354428275646
0.0030379471146729335,Sadness,Boredom,0.012613625252623719
0.0030379471146729335,Sadness,Fear,0.32640367300577156
0.0030379471146729335,Sadness,Happiness,0.02661460440464993
0.0030379471146729335,Sadness,Joy,0.015196702915335432
0.0030379471146729335,Sadness,Pride,0.019824701779453308
0.0030379471146729335,Sadness,Sadness,0.47243980329205876
0.0030379471146729335,Sadness,Shame,0.1269068893501076
0.0030379471146729335,Shame,Boredom,0.007176910749042627
0.0030379471146729335,Shame,Fear,0.45263771663099084
0.0030379471146729335,Shame,Happiness,0.02537765260868561
0.0030379471146729335,Shame,Joy,0.0693228758288244
0.0030379471146729335,Shame,Pride,0.050423021994945715
0.0030379471146729335,Shame,Sadness,0.20933355308427024
0.0030379471146729335,Shame,Shame,0.18572826910324067
0.003404425743487765,Boredom,Boredom,0.5378311898596824
0.003404425743487765,Boredom,Fear,0.005146687291431643
0.003404425743487765,Boredom,Happiness,0.3334029033598839
0.003404425743487765,Boredom,Joy,0.012897373858487705
0.003404425743487765,Boredom,Pride,0.057536953003491986
0.003404425743487765,Boredom,Sadness,0.012156502788589546
0.003404425743487765,Boredom,Shame,0.04102838983843316
0.003404425743487765,Fear,Boredom,0.0016152215109753502
0.003404425743487765,Fear,Fear,0.6350446861638502
0.003404425743487765,Fear,Happiness,0.005608450307704333
0.003404425743487765,Fear,Joy,0.0239224985744326
0.003404425743487765,Fear,Pride,0.014599065320135137
0.003404425743487765,Fear,Sadness,0.22456424203559525
0.003404425743487765,Fear,Shame,0.094645836087307
0.003404425743487765,Happiness,Boredom,0.47233108817763486
0.003404425743487765,Happiness,Fear,0.0058551313675899355
0.003404425743487765,Happiness,Happiness,0.3519655665017756
0.003404425743487765,Happiness,Joy,0.02405064718375468
0.003404425743487765,Happiness,Pride,0.07775905680070239
0.003404425743487765,Happiness,Sadness,0.010868015967154355
0.003404425743487765,Happiness,Shame,0.05717049400138752
0.003404425743487765,Joy,Boredom,0.009269833124883923
0.003404425743487765,Joy,Fear,0.0389418991853754
0.003404425743487765,Joy,Happiness,0.07833323381848548
0.003404425743487765,Joy,Joy,0.3690930664729313
0.003404425743487765,Joy,Pride,0.27774661609881024
0.003404425743487765,Joy,Sadness,0.017653924605954975
0.003404425743487765,Joy,Shame,0.20896142669355883
0.003404425743487765,Pride,Boredom,0.014330621878020753
0.003404425743487765,Pride,Fear,0.021999679315569554
0.003404425743487765,Pride,Happiness,0.10186762660506887
0.003404425743487765,Pride,Joy,0.3447138826976713
0.003404425743487765,Pride,Pride,0.2726438327085071
0.003404425743487765,Pride,Sadness,0.02002664098786183
0.003404425743487765,Pride,Shame,0.2244177158073007
0.003404425743487765,Sadness,Boredom,0.009071091661384863
0.003404425743487765,Sadness,Fear,0.3061895320689209
0.003404425743487765,Sadness,Happiness,0.01787827746092761
0.003404425743487765,Sadness,Joy,0.00819988542444217
0.003404425743487765,Sadness,Pride,0.014013251055368835
0.003404425743487765,Sadness,Sadness,0.5557722501046293
0.003404425743487765,Sadness,Shame,0.08887571222432622
0.003404425743487765,Shame,Boredom,0.0055055566770489586
0.003404425743487765,Shame,Fear,0.5193219823198505
0.003404425743487765,Shame,Happiness,0.015055146315438698
0.003404425743487765,Shame,Joy,0.057463510170829034
0.003404425743487765,Shame,Pride,0.05689890816198107
0.003404425743487765,Shame,Sadness,0.1651372658803265
0.003404425743487765,Shame,Shame,0.18061763047452536
0.0032801376465358112,Boredom,Boredom,0.5083410540723906
0.0032801376465358112,Boredom,Fear,0.00902957245439267
0.0032801376465358112,Boredom,Happiness,0.3228297816631324
0.0032801376465358112,Boredom,Joy,0.019309286073359865
0.0032801376465358112,Boredom,Pride,0.06584985766000269
0.0032801376465358112,Boredom,Sadness,0.02158130078984102
0.0032801376465358112,Boredom,Shame,0.053059147286880874
0.0032801376465358112,Fear,Boredom,0.0032035650164987444
0.0032801376465358112,Fear,Fear,0.5457333813109068
0.0032801376465358112,Fear,Happiness,0.012783979671596772
0.0032801376465358112,Fear,Joy,0.03278775003829945
0.0032801376465358112,Fear,Pride,0.019851284466666494
0.0032801376465358112,Fear,Sadness,0.25812193635478514
0.0032801376465358112,Fear,Shame,0.12751810314124656
0.0032801376465358112,Happiness,Boredom,0.4698566850685991
0.0032801376465358112,Happiness,Fear,0.009328924449622774
0.0032801376465358112,Happiness,Happiness,0.3279559768403722
0.0032801376465358112,Happiness,Joy,0.032660428440894985
0.0032801376465358112,Happiness,Pride,0.07908612916473885
0.0032801376465358112,Happiness,Sadness,0.015140474885145434
0.0032801376465358112,Happiness,Shame,0.06597138115062694
0.0032801376465358112,Joy,Boredom,0.011387937483818498
0.0032801376465358112,Joy,Fear,0.04261949436462467
0.0032801376465358112,Joy,Happiness,0.11158622463545369
0.0032801376465358112,Joy,Joy,0.34607061426991403
0.0032801376465358112,Joy,Pride,0.26965667712426294
0.0032801376465358112,Joy,Sadness,0.022755989287477362
0.0032801376465358112,Joy,Shame,0.1959230628344491
0.0032801376465358112,Pride,Boredom,0.016434367598497687
0.0032801376465358112,Pride,Fear,0.023999221935981627
0.0032801376465358112,Pride,Happiness,0.19197090812686676
0.0032801376465358112,Pride,Joy,0.2917623426186797
0.0032801376465358112,Pride,Pride,0.2569263845514798
0.0032801376465358112,Pride,Sadness,0.020905053410770466
0.0032801376465358112,Pride,Shame,0.19800172175772449
0.0032801376465358112,Sadness,Boredom,0.010582572459726467
0.0032801376465358112,Sadness,Fear,0.31852265729293583
0.0032801376465358112,Sadness,Happiness,0.02499553444764947
0.0032801376465358112,Sadness,Joy,0.014310314133358183
0.0032801376465358112,Sadness,Pride,0.01866716810179851
0.0032801376465358112,Sadness,Sadness,0.49271826559424764
0.0032801376465358112,Sadness,Shame,0.12020348797028366
0.0032801376465358112,Shame,Boredom,0.006818206981263829
0.0032801376465358112,Shame,Fear,0.4753087959032839
0.0032801376465358112,Shame,Happiness,0.022181675678232083
0.0032801376465358112,Shame,Joy,0.06517498524919842
0.0032801376465358112,Shame,Pride,0.03788622714395147
0.0032801376465358112,Shame,Sadness,0.21415386185703453
0.0032801376465358112,Shame,Shame,0.17847624718703506
0.003218223246963499,Boredom,Boredom,0.5202229976935949
0.003218223246963499,Boredom,Fear,0.007469335061878528
0.003218223246963499,Boredom,Happiness,0.3271626510101189
0.003218223246963499,Boredom,Joy,0.016763777192119005
0.003218223246963499,Boredom,Pride,0.0632606169490391
0.003218223246963499,Boredom,Sadness,0.0168089465981872
0.003218223246963499,Boredom,Shame,0.04831167549506236
0.003218223246963499,Fear,Boredom,0.0027736577139587837
0.003218223246963499,Fear,Fear,0.5615662095379709
0.003218223246963499,Fear,Happiness,0.010756379680510205
0.003218223246963499,Fear,Joy,0.031503364724849124
0.003218223246963499,Fear,Pride,0.018598437905101576
0.003218223246963499,Fear,Sadness,0.25189410358393743
0.003218223246963499,Fear,Shame,0.12290784685367195
0.003218223246963499,Happiness,Boredom,0.4717918257278098
0.003218223246963499,Happiness,Fear,0.0081992285890398
0.003218223246963499,Happiness,Happiness,0.3373457144900889
0.003218223246963499,Happiness,Joy,0.029742478506104533
0.003218223246963499,Happiness,Pride,0.0765998995398718
0.003218223246963499,Happiness,Sadness,0.013584292159306574
0.003218223246963499,Happiness,Shame,0.06273656098777902
0.003218223246963499,Joy,Boredom,0.010384627203501714
0.003218223246963499,Joy,Fear,0.040644054668065685
0.003218223246963499,Joy,Happiness,0.10490979981365425
0.003218223246963499,Joy,Joy,0.3546567550815571
0.003218223246963499,Joy,Pride,0.27066586915306845
0.003218223246963499,Joy,Sadness,0.020865078052437154
0.003218223246963499,Joy,Shame,0.19787381602771553
0.003218223246963499,Pride,Boredom,0.0159501520879559
0.003218223246963499,Pride,Fear,0.022459808725650805
0.003218223246963499,Pride,Happiness,0.1894331153676771
0.003218223246963499,Pride,Joy,0.29408866560235886
0.003218223246963499,Pride,Pride,0.2577325006443597
0.003218223246963499,Pride,Sadness,0.019198934670289446
0.003218223246963499,Pride,Shame,0.2011368229017083
0.003218223246963499,Sadness,Boredom,0.010293144068573498
0.003218223246963499,Sadness,Fear,0.3188973011767887
0.003218223246963499,Sadness,Happiness,0.023258331934738176
0.003218223246963499,Sadness,Joy,0.012941143824618292
0.003218223246963499,Sadness,Pride,0.017524019732490785
0.003218223246963499,Sadness,Sadness,0.5023243334999976
0.003218223246963499,Sadness,Shame,0.11476172576279262
0.003218223246963499,Shame,Boredom,0.0064163285377288794
0.003218223246963499,Shame,Fear,0.47712777317472277
0.003218223246963499,Shame,Happiness,0.02055548447802299
0.003218223246963499,Shame,Joy,0.06507410665534238
0.003218223246963499,Shame,Pride,0.04624889293286137
0.003218223246963499,Shame,Sadness,0.20161487110918347
0.003218223246963499,Shame,Shame,0.18296254311213833
0.0031831878085528467,Boredom,Boredom,0.5128437408643114
0.0031831878085528467,Boredom,Fear,0.0062861803607419395
0.0031831878085528467,Boredom,Happiness,0.3317791191499452
0.0031831878085528467,Boredom,Joy,0.015963522356998446
0.0031831878085528467,Boredom,Pride,0.06402004110967532
0.0031831878085528467,Boredom,Sadness,0.016164284635872717
0.0031831878085528467,Boredom,Shame,0.0529431115224551
0.0031831878085528467,Fear,Boredom,0.0024194743494705614
0.0031831878085528467,Fear,Fear,0.5528204621638605
0.0031831878085528467,Fear,Happiness,0.008208101425443976
0.0031831878085528467,Fear,Joy,0.03099100470336777
0.0031831878085528467,Fear,Pride,0.019236284950675833
0.0031831878085528467,Fear,Sadness,0.2555574907828002
0.0031831878085528467,Fear,Shame,0.1307671816243811
0.0031831878085528467,Happiness,Boredom,0.45037207963529996
0.0031831878085528467,Happiness,Fear,0.007281582992007609
0.0031831878085528467,Happiness,Happiness,0.3461454860558506
0.0031831878085528467,Happiness,Joy,0.029269614858350942
0.0031831878085528467,Happiness,Pride,0.08233060405110645
0.0031831878085528467,Happiness,Sadness,0.013410365212657226
0.0031831878085528467,Happiness,Shame,0.07119026719472711
0.0031831878085528467,Joy,Boredom,0.008239807795262054
0.0031831878085528467,Joy,Fear,0.03677094827463643
0.0031831878085528467,Joy,Happiness,0.08231186803905478
0.0031831878085528467,Joy,Joy,0.34883512937554884
0.0031831878085528467,Joy,Pride,0.2794057239783593
0.0031831878085528467,Joy,Sadness,0.017311692404422367
0.0031831878085528467,Joy,Shame,0.22712483013271598
0.0031831878085528467,Pride,Boredom,0.012615063329430153
0.0031831878085528467,Pride,Fear,0.017415747127922394
0.0031831878085528467,Pride,Happiness,0.14904946257628648
0.0031831878085528467,Pride,Joy,0.30468360531450583
0.0031831878085528467,Pride,Pride,0.2668795450337824
0.0031831878085528467,Pride,Sadness,0.0159525870246691
0.0031831878085528467,Pride,Shame,0.23340398959340358
0.0031831878085528467,Sadness,Boredom,0.008389303709498962
0.0031831878085528467,Sadness,Fear,0.2520960546528577
0.0031831878085528467,Sadness,Happiness,0.01945029427037392
0.0031831878085528467,Sadness,Joy,0.011842316896685048
0.0031831878085528467,Sadness,Pride,0.01721529576168891
0.0031831878085528467,Sadness,Sadness,0.5695284835826785
0.0031831878085528467,Sadness,Shame,0.12147825112621699
0.0031831878085528467,Shame,Boredom,0.0065817966933832016
0.0031831878085528467,Shame,Fear,0.44483480266166336
0.0031831878085528467,Shame,Happiness,0.01834200783168093
0.0031831878085528467,Shame,Joy,0.06765120593917817
0.0031831878085528467,Shame,Pride,0.05845060858355437
0.0031831878085528467,Shame,Sadness,0.1870889065514149
0.0031831878085528467,Shame,Shame,0.2170506717391249
0.003437553083702021,Boredom,Boredom,0.5277093285225947
0.003437553083702021,Boredom,Fear,0.006221109409013487
0.003437553083702021,Boredom,Happiness,0.3314887073321012
0.003437553083702021,Boredom,Joy,0.01447731805762047
0.003437553083702021,Boredom,Pride,0.06067085442279434
0.003437553083702021,Boredom,Sadness,0.014503338777895896
0.003437553083702021,Boredom,Shame,0.04492934347798024
0.003437553083702021,Fear,Boredom,0.001932736538946481
0.003437553083702021,Fear,Fear,0.6185585586799294
0.003437553083702021,Fear,Happiness,0.00689556319885613
0.003437553083702021,Fear,Joy,0.025621370646803702
0.003437553083702021,Fear,Pride,0.015061897787460851
0.003437553083702021,Fear,Sadness,0.23064588847970363
0.003437553083702021,Fear,Shame,0.10128398466830008
0.003437553083702021,Happiness,Boredom,0.4713992589578858
0.003437553083702021,Happiness,Fear,0.006813909971633835
0.003437553083702021,Happiness,Happiness,0.3453543184042547
0.003437553083702021,Happiness,Joy,0.025573944478778008
0.003437553083702021,Happiness,Pride,0.07845347213122451
0.003437553083702021,Happiness,Sadness,0.012278993502379848
0.003437553083702021,Happiness,Shame,0.06012610255384334
0.003437553083702021,Joy,Boredom,0.010085640136545039
0.003437553083702021,Joy,Fear,0.040776807021026894
0.003437553083702021,Joy,Happiness,0.08142520780453018
0.003437553083702021,Joy,Joy,0.3637176378859332
0.003437553083702021,Joy,Pride,0.2775223527462002
0.003437553083702021,Joy,Sadness,0.020184544072603998
0.003437553083702021,Joy,Shame,0.20628781033316024
0.003437553083702021,Pride,Boredom,0.014847062316381348
0.003437553083702021,Pride,Fear,0.02405221312106952
0.003437553083702021,Pride,Happiness,0.10586205928576506
0.003437553083702021,Pride,Joy,0.3427775913672747
0.003437553083702021,Pride,Pride,0.2706965086238713
0.003437553083702021,Pride,Sadness,0.022165772275125607
0.003437553083702021,Pride,Shame,0.21959879301051208
0.003437553083702021,Sadness,Boredom,0.009139164265611637
0.003437553083702021,Sadness,Fear,0.3061686755954392
0.003437553083702021,Sadness,Happiness,0.019217263975374235
0.003437553083702021,Sadness,Joy,0.00891353977706101
0.003437553083702021,Sadness,Pride,0.01445746292435389
0.003437553083702021,Sadness,Sadness,0.5481343753545276
0.003437553083702021,Sadness,Shame,0.09396951810763286
0.003437553083702021,Shame,Boredom,0.00561531432880407
0.003437553083702021,Shame,Fear,0.5137167220328196
0.003437553083702021,Shame,Happiness,0.015867778915969775
0.003437553083702021,Shame,Joy,0.058212003634874554
0.003437553083702021,Shame,Pride,0.04979473708459647
0.003437553083702021,Shame,Sadness,0.18061288000508233
0.003437553083702021,Shame,Shame,0.17618056399785367
0.0032659245551764572,Boredom,Boredom,0.5240682910238658
0.0032659245551764572,Boredom,Fear,0.007052135323828517
0.0032659245551764572,Boredom,Happiness,0.3271241422604158
0.0032659245551764572,Boredom,Joy,0.015936843109982512
0.0032659245551764572,Boredom,Pride,0.062225833806474964
0.0032659245551764572,Boredom,Sadness,0.016031572587205466
0.0032659245551764572,Boredom,Shame,0.04756118188822684
0.0032659245551764572,Fear,Boredom,0.0024621532484959715
0.0032659245551764572,Fear,Fear,0.5788452134497291
0.0032659245551764572,Fear,Happiness,0.009595771643454274
0.0032659245551764572,Fear,Joy,0.02957349924582967
0.0032659245551764572,Fear,Pride,0.017355406963188005
0.0032659245551764572,Fear,Sadness,0.24766637081768827
0.0032659245551764572,Fear,Shame,0.11450158463161443
0.0032659245551764572,Happiness,Boredom,0.4725844892444151
0.0032659245551764572,Happiness,Fear,0.007712874465601296
0.0032659245551764572,Happiness,Happiness,0.33882850153496463
0.0032659245551764572,Happiness,Joy,0.028332633318849998
0.0032659245551764572,Happiness,Pride,0.07724450218415613
0.0032659245551764572,Happiness,Sadness,0.013246721801017327
0.0032659245551764572,Happiness,Shame,0.06205027745099544
0.0032659245551764572,Joy,Boredom,0.010284382168599254
0.0032659245551764572,Joy,Fear,0.04058652768857841
0.0032659245551764572,Joy,Happiness,0.09830089083518882
0.0032659245551764572,Joy,Joy,0.35799899366405347
0.0032659245551764572,Joy,Pride,0.27295644277467057
0.0032659245551764572,Joy,Sadness,0.02080593856262772
0.0032659245551764572,Joy,Shame,0.1990668243062814
0.0032659245551764572,Pride,Boredom,0.015554781162502015
0.0032659245551764572,Pride,Fear,0.021764970748754556
0.0032659245551764572,Pride,Happiness,0.18210858401165816
0.0032659245551764572,Pride,Joy,0.30068517898677877
0.0032659245551764572,Pride,Pride,0.2582841818138401
0.0032659245551764572,Pride,Sadness,0.01894471852629844
0.0032659245551764572,Pride,Shame,0.20265758475016776
0.0032659245551764572,Sadness,Boredom,0.010039584624887746
0.0032659245551764572,Sadness,Fear,0.31783347174690496
0.0032659245551764572,Sadness,Happiness,0.022221042387424148
0.0032659245551764572,Sadness,Joy,0.012090412204189702
0.0032659245551764572,Sadness,Pride,0.016626577021028228
0.0032659245551764572,Sadness,Sadness,0.5126028720158247
0.0032659245551764572,Sadness,Shame,0.10858603999974074
0.0032659245551764572,Shame,Boredom,0.006164933713903363
0.0032659245551764572,Shame,Fear,0.48621166631240226
0.0032659245551764572,Shame,Happiness,0.019577327775104583
0.0032659245551764572,Shame,Joy,0.06334836310430783
0.0032659245551764572,Shame,Pride,0.04962414528927303
0.0032659245551764572,Shame,Sadness,0.1961186549754895
0.0032659245551764572,Shame,Shame,0.1789549088295192
0.0031130162339955496,Boredom,Boredom,0.4808816002489887
0.0031130162339955496,Boredom,Fear,0.00930145450887573
0.0031130162339955496,Boredom,Happiness,0.31900223519579923
0.0031130162339955496,Boredom,Joy,0.024391124408195134
0.0031130162339955496,Boredom,Pride,0.0744625599367063
0.0031130162339955496,Boredom,Sadness,0.02301607434505849
0.0031130162339955496,Boredom,Shame,0.06894495135637582
0.0031130162339955496,Fear,Boredom,0.004162033141217927
0.0031130162339955496,Fear,Fear,0.4445333255848054
0.0031130162339955496,Fear,Happiness,0.014027681488846169
0.0031130162339955496,Fear,Joy,0.04135033170480407
0.0031130162339955496,Fear,Pride,0.02723134708917839
0.0031130162339955496,Fear,Sadness,0.29412327557830953
0.0031130162339955496,Fear,Shame,0.17457200541283854
0.0031130162339955496,Happiness,Boredom,0.4280902732155761
0.0031130162339955496,Happiness,Fear,0.009656546389497861
0.0031130162339955496,Happiness,Happiness,0.32123422003641583
0.0031130162339955496,Happiness,Joy,0.0430624259351127
0.0031130162339955496,Happiness,Pride,0.08869214715214704
0.0031130162339955496,Happiness,Sadness,0.017260436679027297
0.0031130162339955496,Happiness,Shame,0.09200395059222301
0.0031130162339955496,Joy,Boredom,0.008403414502467347
0.0031130162339955496,Joy,Fear,0.036809665176274514
0.0031130162339955496,Joy,Happiness,0.09286307547345557
0.0031130162339955496,Joy,Joy,0.3257329136326779
0.0031130162339955496,Joy,Pride,0.2773173866012788
0.0031130162339955496,Joy,Sadness,0.019118439404691528
0.0031130162339955496,Joy,Shame,0.23975510520915402
0.0031130162339955496,Pride,Boredom,0.012638038733255858
0.0031130162339955496,Pride,Fear,0.018850870823552936
0.0031130162339955496,Pride,Happiness,0.14831702413355316
0.0031130162339955496,Pride,Joy,0.29021698291810777
0.0031130162339955496,Pride,Pride,0.26770766001600976
0.0031130162339955496,Pride,Sadness,0.01770955349288212
0.0031130162339955496,Pride,Shame,0.2445598698826385
0.0031130162339955496,Sadness,Boredom,0.01018411208971399
0.0031130162339955496,Sadness,Fear,0.23347682578385992
0.0031130162339955496,Sadness,Happiness,0.025153457280713363
0.0031130162339955496,Sadness,Joy,0.018342019317961998
0.0031130162339955496,Sadness,Pride,0.024242316261973727
0.0031130162339955496,Sadness,Sadness,0.5250693289289603
0.0031130162339955496,Sadness,Shame,0.1635319403368168
0.0031130162339955496,Shame,Boredom,0.008257232726127326
0.0031130162339955496,Shame,Fear,0.36745953015975785
0.0031130162339955496,Shame,Happiness,0.024360294874994904
0.0031130162339955496,Shame,Joy,0.0789180319758061
0.0031130162339955496,Shame,Pride,0.06110214025786109
0.0031130162339955496,Shame,Sadness,0.21806005034148673
0.0031130162339955496,Shame,Shame,0.24184271966396598
0.0032200797921234313,Boredom,Boredom,0.481598663548201
0.0032200797921234313,Boredom,Fear,0.010082049971389562
0.0032200797921234313,Boredom,Happiness,0.3182353026128826
0.0032200797921234313,Boredom,Joy,0.023841551757262526
0.0032200797921234313,Boredom,Pride,0.07561630151679742
0.0032200797921234313,Boredom,Sadness,0.022834440865592227
0.0032200797921234313,Boredom,Shame,0.06779168972787486
0.0032200797921234313,Fear,Boredom,0.004230868509907397
0.0032200797921234313,Fear,Fear,0.446347641447681
0.0032200797921234313,Fear,Happiness,0.014481735707380209
0.0032200797921234313,Fear,Joy,0.04159252767319797
0.0032200797921234313,Fear,Pride,0.026928825925429042
0.0032200797921234313,Fear,Sadness,0.2974095562032052
0.0032200797921234313,Fear,Shame,0.16900884453319925
0.0032200797921234313,Happiness,Boredom,0.438140676499452
0.0032200797921234313,Happiness,Fear,0.010614181892289107
0.0032200797921234313,Happiness,Happiness,0.3208406094493011
0.0032200797921234313,Happiness,Joy,0.040715549174936694
0.0032200797921234313,Happiness,Pride,0.08815032217607227
0.0032200797921234313,Happiness,Sadness,0.01825094877222737
0.0032200797921234313,Happiness,Shame,0.08328771203572172
0.0032200797921234313,Joy,Boredom,0.009401922182842764
0.0032200797921234313,Joy,Fear,0.03925693789257902
0.0032200797921234313,Joy,Happiness,0.09218547054498541
0.0032200797921234313,Joy,Joy,0.3303994539806676
0.0032200797921234313,Joy,Pride,0.2773417547413338
0.0032200797921234313,Joy,Sadness,0.022353163526145997
0.0032200797921234313,Joy,Shame,0.22906129713144546
0.0032200797921234313,Pride,Boredom,0.013636850070229809
0.0032200797921234313,Pride,Fear,0.021400404882043443
0.0032200797921234313,Pride,Happiness,0.1468562059756091
0.0032200797921234313,Pride,Joy,0.29904206205350037
0.0032200797921234313,Pride,Pride,0.2662402808562851
0.0032200797921234313,Pride,Sadness,0.020622558667108992
0.0032200797921234313,Pride,Shame,0.23220163749522324
0.0032200797921234313,Sadness,Boredom,0.010733372741867172
0.0032200797921234313,Sadness,Fear,0.23845989559664899
0.0032200797921234313,Sadness,Happiness,0.02655541769439011
0.0032200797921234313,Sadness,Joy,0.01911185623550024
0.0032200797921234313,Sadness,Pride,0.0246493174542786
0.0032200797921234313,Sadness,Sadness,0.519949093513065
0.0032200797921234313,Sadness,Shame,0.16054104676424982
0.0032200797921234313,Shame,Boredom,0.007952450886610816
0.0032200797921234313,Shame,Fear,0.37641982788769424
0.0032200797921234313,Shame,Happiness,0.02391822454698145
0.0032200797921234313,Shame,Joy,0.07770511420842904
0.0032200797921234313,Shame,Pride,0.06067192482278241
0.0032200797921234313,Shame,Sadness,0.22903054566668185
0.0032200797921234313,Shame,Shame,0.22430191198082053
0.003295756144031787,Boredom,Boredom,0.5262052498007792
0.003295756144031787,Boredom,Fear,0.006757136165920793
0.003295756144031787,Boredom,Happiness,0.3277325452211616
0.003295756144031787,Boredom,Joy,0.01533075955399461
0.003295756144031787,Boredom,Pride,0.06174565223849336
0.003295756144031787,Boredom,Sadness,0.015409247724363445
0.003295756144031787,Boredom,Shame,0.046819409295286836
0.003295756144031787,Fear,Boredom,0.00230998926116573
0.003295756144031787,Fear,Fear,0.5863771416354282
0.003295756144031787,Fear,Happiness,0.00863450818706941
0.003295756144031787,Fear,Joy,0.028671210979023018
0.003295756144031787,Fear,Pride,0.01665365388772078
0.003295756144031787,Fear,Sadness,0.2454108881757476
0.003295756144031787,Fear,Shame,0.11194260787384563
0.003295756144031787,Happiness,Boredom,0.4730367575569426
0.003295756144031787,Happiness,Fear,0.007433587582330714
0.003295756144031787,Happiness,Happiness,0.34057284988165193
0.003295756144031787,Happiness,Joy,0.02709335841129474
0.003295756144031787,Happiness,Pride,0.07743424955754105
0.003295756144031787,Happiness,Sadness,0.012823202059113671
0.003295756144031787,Happiness,Shame,0.06160599495112543
0.003295756144031787,Joy,Boredom,0.010106117130682069
0.003295756144031787,Joy,Fear,0.04062069215024181
0.003295756144031787,Joy,Happiness,0.09105986020339456
0.003295756144031787,Joy,Joy,0.3601097742282045
0.003295756144031787,Joy,Pride,0.27428314957720046
0.003295756144031787,Joy,Sadness,0.020364571980622703
0.003295756144031787,Joy,Shame,0.20345583472965434
0.003295756144031787,Pride,Boredom,0.01496884434610543
0.003295756144031787,Pride,Fear,0.02125924416569263
0.003295756144031787,Pride,Happiness,0.17095511370363503
0.003295756144031787,Pride,Joy,0.3087721792667065
0.003295756144031787,Pride,Pride,0.2587695732900931
0.003295756144031787,Pride,Sadness,0.01837518452755371
0.003295756144031787,Pride,Shame,0.2068998607002135
0.003295756144031787,Sadness,Boredom,0.009780947280798718
0.003295756144031787,Sadness,Fear,0.3160728782996352
0.003295756144031787,Sadness,Happiness,0.0213945822782909
0.003295756144031787,Sadness,Joy,0.01139731539844668
0.003295756144031787,Sadness,Pride,0.015935321452999904
0.003295756144031787,Sadness,Sadness,0.5208625541647611
0.003295756144031787,Sadness,Shame,0.1045564011250676
0.003295756144031787,Shame,Boredom,0.0060737121166739355
0.003295756144031787,Shame,Fear,0.49121448741963086
0.003295756144031787,Shame,Happiness,0.018247647896902395
0.003295756144031787,Shame,Joy,0.06252894037372998
0.003295756144031787,Shame,Pride,0.04816955263957887
0.003295756144031787,Shame,Sadness,0.1929077469834964
0.003295756144031787,Shame,Shame,0.18085791256998754
0.0030732103306964106,Boredom,Boredom,0.4762937650036678
0.0030732103306964106,Boredom,Fear,0.010722775575966504
0.0030732103306964106,Boredom,Happiness,0.31107289465004273
0.0030732103306964106,Boredom,Joy,0.02918878088934014
0.0030732103306964106,Boredom,Pride,0.07690193990464729
0.0030732103306964106,Boredom,Sadness,0.023761065356483067
0.0030732103306964106,Boredom,Shame,0.0720587786198523
0.0030732103306964106,Fear,Boredom,0.004913619420355452
0.0030732103306964106,Fear,Fear,0.42583073932908183
0.0030732103306964106,Fear,Happiness,0.017164960158125808
0.0030732103306964106,Fear,Joy,0.043857395836667167
0.0030732103306964106,Fear,Pride,0.028660409835869642
0.0030732103306964106,Fear,Sadness,0.3022912227114337
0.0030732103306964106,Fear,Shame,0.17728165270846633
0.0030732103306964106,Happiness,Boredom,0.4184342302189489
0.0030732103306964106,Happiness,Fear,0.010418049399516896
0.0030732103306964106,Happiness,Happiness,0.30306315435313796
0.0030732103306964106,Happiness,Joy,0.049387968929344134
0.0030732103306964106,Happiness,Pride,0.08586322130803092
0.0030732103306964106,Happiness,Sadness,0.018490783720222056
0.0030732103306964106,Happiness,Shame,0.11434259207079936
0.0030732103306964106,Joy,Boredom,0.009800683300168578
0.0030732103306964106,Joy,Fear,0.0391367559941653
0.0030732103306964106,Joy,Happiness,0.10487025743004359
0.0030732103306964106,Joy,Joy,0.32404318205926613
0.0030732103306964106,Joy,Pride,0.27299702960336136
0.0030732103306964106,Joy,Sadness,0.021667785924812777
0.0030732103306964106,Joy,Shame,0.2274843056881823
0.0030732103306964106,Pride,Boredom,0.014406954080803742
0.0030732103306964106,Pride,Fear,0.0213674661076427
0.0030732103306964106,Pride,Happiness,0.15873056552064543
0.0030732103306964106,Pride,Joy,0.29103421818349356
0.0030732103306964106,Pride,Pride,0.26374848491748665
0.0030732103306964106,Pride,Sadness,0.02022399552688303
0.0030732103306964106,Pride,Shame,0.230488315663045
0.0030732103306964106,Sadness,Boredom,0.01290968719737751
0.0030732103306964106,Sadness,Fear,0.24868275493877054
0.0030732103306964106,Sadness,Happiness,0.02876118177523473
0.0030732103306964106,Sadness,Joy,0.02104857769052001
0.0030732103306964106,Sadness,Pride,0.02644628068816482
0.0030732103306964106,Sadness,Sadness,0.4936384059007728
0.0030732103306964106,Sadness,Shame,0.16851311180915948
0.0030732103306964106,Shame,Boredom,0.00871990926107982
0.0030732103306964106,Shame,Fear,0.3635497982714387
0.0030732103306964106,Shame,Happiness,0.027081070858280782
0.0030732103306964106,Shame,Joy,0.08093869260159946
0.0030732103306964106,Shame,Pride,0.057057533024192815
0.0030732103306964106,Shame,Sadness,0.23497169445301916
0.0030732103306964106,Shame,Shame,0.22768130153038924
0.003321926289234095,Boredom,Boredom,0.4856028274195486
0.003321926289234095,Boredom,Fear,0.008829545234747086
0.003321926289234095,Boredom,Happiness,0.32371825259385856
0.003321926289234095,Boredom,Joy,0.020536845424246924
0.003321926289234095,Boredom,Pride,0.07377136330308633
0.003321926289234095,Boredom,Sadness,0.02129677630336532
0.003321926289234095,Boredom,Shame,0.06624438972114668
0.003321926289234095,Fear,Boredom,0.003558439183982059
0.003321926289234095,Fear,Fear,0.4707904660257066
0.003321926289234095,Fear,Happiness,0.011493486205913237
0.003321926289234095,Fear,Joy,0.038088980368708274
0.003321926289234095,Fear,Pride,0.024951118697308854
0.003321926289234095,Fear,Sadness,0.2904064653203105
0.003321926289234095,Fear,Shame,0.16071104419807042
0.003321926289234095,Happiness,Boredom,0.43709090318986316
0.003321926289234095,Happiness,Fear,0.009543138166820862
0.003321926289234095,Happiness,Happiness,0.3299613810197267
0.003321926289234095,Happiness,Joy,0.03399296557877799
0.003321926289234095,Happiness,Pride,0.08998598317912185
0.003321926289234095,Happiness,Sadness,0.01720965063906496
0.003321926289234095,Happiness,Shame,0.08221597822662444
0.003321926289234095,Joy,Boredom,0.008692700544630512
0.003321926289234095,Joy,Fear,0.03803568546520043
0.003321926289234095,Joy,Happiness,0.0801288842278998
0.003321926289234095,Joy,Joy,0.3325174662522555
0.003321926289234095,Joy,Pride,0.2806513556663578
0.003321926289234095,Joy,Sadness,0.020923339257846847
0.003321926289234095,Joy,Shame,0.23905056858580892
0.003321926289234095,Pride,Boredom,0.012355930937218176
0.003321926289234095,Pride,Fear,0.019654232268189586
0.003321926289234095,Pride,Happiness,0.12674125881102838
0.003321926289234095,Pride,Joy,0.3060858360363381
0.003321926289234095,Pride,Pride,0.2702729038646717
0.003321926289234095,Pride,Sadness,0.019813587321445253
0.003321926289234095,Pride,Shame,0.24507625076110895
0.003321926289234095,Sadness,Boredom,0.009555333409104506
0.003321926289234095,Sadness,Fear,0.22519459003832729
0.003321926289234095,Sadness,Happiness,0.023708750945662726
0.003321926289234095,Sadness,Joy,0.016063996556396145
0.003321926289234095,Sadness,Pride,0.02249469088125155
0.003321926289234095,Sadness,Sadness,0.5504172572120485
0.003321926289234095,Sadness,Shame,0.15256538095720917
0.003321926289234095,Shame,Boredom,0.007518314083935494
0.003321926289234095,Shame,Fear,0.38536440879209677
0.003321926289234095,Shame,Happiness,0.0209587005322418
0.003321926289234095,Shame,Joy,0.07450356890995952
0.003321926289234095,Shame,Pride,0.06328580721847958
0.003321926289234095,Shame,Sadness,0.21734128323287252
0.003321926289234095,Shame,Shame,0.23102791723041408
0.003169369588370387,Boredom,Boredom,0.5261158086064932
0.003169369588370387,Boredom,Fear,0.006913006728280437
0.003169369588370387,Boredom,Happiness,0.32593754248921725
0.003169369588370387,Boredom,Joy,0.01638892745816454
0.003169369588370387,Boredom,Pride,0.06216691595591776
0.003169369588370387,Boredom,Sadness,0.014646249003547005
0.003169369588370387,Boredom,Shame,0.04783154975837995
0.003169369588370387,Fear,Boredom,0.0026079374134090638
0.003169369588370387,Fear,Fear,0.5666105520697974
0.003169369588370387,Fear,Happiness,0.010439379721231327
0.003169369588370387,Fear,Joy,0.030815071519722747
0.003169369588370387,Fear,Pride,0.0183232428069233
0.003169369588370387,Fear,Sadness,0.25107642821996873
0.003169369588370387,Fear,Shame,0.12012738824894759
0.003169369588370387,Happiness,Boredom,0.4718883875819386
0.003169369588370387,Happiness,Fear,0.007695223589767778
0.003169369588370387,Happiness,Happiness,0.33794649435261853
0.003169369588370387,Happiness,Joy,0.029936532349307838
0.003169369588370387,Happiness,Pride,0.07608022826129546
0.003169369588370387,Happiness,Sadness,0.013052252344819439
0.003169369588370387,Happiness,Shame,0.06340088152025222
0.003169369588370387,Joy,Boredom,0.010114954910459814
0.003169369588370387,Joy,Fear,0.039982032885017144
0.003169369588370387,Joy,Happiness,0.1072598624679561
0.003169369588370387,Joy,Joy,0.3540104224118511
0.003169369588370387,Joy,Pride,0.2698965408811439
0.003169369588370387,Joy,Sadness,0.019443433036961007
0.003169369588370387,Joy,Shame,0.1992927534066108
0.003169369588370387,Pride,Boredom,0.015906055715009325
0.003169369588370387,Pride,Fear,0.02138186792877449
0.003169369588370387,Pride,Happiness,0.19197593240511332
0.003169369588370387,Pride,Joy,0.2902909717654794
0.003169369588370387,Pride,Pride,0.25784133169243956
0.003169369588370387,Pride,Sadness,0.018092192966161852
0.003169369588370387,Pride,Shame,0.20451164752702156
0.003169369588370387,Sadness,Boredom,0.010493070668509418
0.003169369588370387,Sadness,Fear,0.3209608106926586
0.003169369588370387,Sadness,Happiness,0.023036181927023582
0.003169369588370387,Sadness,Joy,0.012690811237711371
0.003169369588370387,Sadness,Pride,0.017290876183162888
0.003169369588370387,Sadness,Sadness,0.5021567253754116
0.003169369588370387,Sadness,Shame,0.11337152391552263
0.003169369588370387,Shame,Boredom,0.006478566319733029
0.003169369588370387,Shame,Fear,0.4724374461029175
0.003169369588370387,Shame,Happiness,0.021510041055781266
0.003169369588370387,Shame,Joy,0.06576878019687372
0.003169369588370387,Shame,Pride,0.0560114913058721
0.003169369588370387,Shame,Sadness,0.1918834087175583
0.003169369588370387,Shame,Shame,0.18591026630126417
0.0032482255129733196,Boredom,Boredom,0.51165033398309
0.0032482255129733196,Boredom,Fear,0.008616741649653868
0.0032482255129733196,Boredom,Happiness,0.32246001399572155
0.0032482255129733196,Boredom,Joy,0.01944534797067167
0.0032482255129733196,Boredom,Pride,0.067236687603045
0.0032482255129733196,Boredom,Sadness,0.017964703304973868
0.0032482255129733196,Boredom,Shame,0.052626171492843835
0.0032482255129733196,Fear,Boredom,0.0031392124806103165
0.0032482255129733196,Fear,Fear,0.5478801960166858
0.0032482255129733196,Fear,Happiness,0.012707562283906359
0.0032482255129733196,Fear,Joy,0.032964745515159787
0.0032482255129733196,Fear,Pride,0.019637697941239964
0.0032482255129733196,Fear,Sadness,0.25782118229831547
0.0032482255129733196,Fear,Shame,0.12584940346408174
0.0032482255129733196,Happiness,Boredom,0.4701755412998706
0.0032482255129733196,Happiness,Fear,0.009138288046116801
0.0032482255129733196,Happiness,Happiness,0.32825185930624057
0.0032482255129733196,Happiness,Joy,0.03337003117272665
0.0032482255129733196,Happiness,Pride,0.07800739540251313
0.0032482255129733196,Happiness,Sadness,0.015053064455488862
0.0032482255129733196,Happiness,Shame,0.06600382031704326
0.0032482255129733196,Joy,Boredom,0.011273648294707162
0.0032482255129733196,Joy,Fear,0.04236124535263139
0.0032482255129733196,Joy,Happiness,0.11427352826911821
0.0032482255129733196,Joy,Joy,0.34511462183893804
0.0032482255129733196,Joy,Pride,0.26877989541793873
0.0032482255129733196,Joy,Sadness,0.022299448396091475
0.0032482255129733196,Joy,Shame,0.1958976124305752
0.0032482255129733196,Pride,Boredom,0.016649802943194982
0.0032482255129733196,Pride,Fear,0.02359633554994449
0.0032482255129733196,Pride,Happiness,0.19422483596562237
0.0032482255129733196,Pride,Joy,0.28924343875530967
0.0032482255129733196,Pride,Pride,0.2567548084704966
0.0032482255129733196,Pride,Sadness,0.020673228211530992
0.0032482255129733196,Pride,Shame,0.19885755010390085
0.0032482255129733196,Sadness,Boredom,0.010768339173178378
0.0032482255129733196,Sadness,Fear,0.3192723026933825
0.0032482255129733196,Sadness,Happiness,0.024899669867068208
0.0032482255129733196,Sadness,Joy,0.01427024919809549
0.0032482255129733196,Sadness,Pride,0.018633345227367322
0.0032482255129733196,Sadness,Sadness,0.4923445295355241
0.0032482255129733196,Sadness,Shame,0.1198115643053836
0.0032482255129733196,Shame,Boredom,0.006746976304121536
0.0032482255129733196,Shame,Fear,0.4686259566879916
0.0032482255129733196,Shame,Happiness,0.02285471226887446
0.0032482255129733196,Shame,Joy,0.06631062338167198
0.0032482255129733196,Shame,Pride,0.04687498122758543
0.0032482255129733196,Shame,Sadness,0.2100673758976847
0.0032482255129733196,Shame,Shame,0.17851937423207012
0.0032212710960791307,Boredom,Boredom,0.4828670961351259
0.0032212710960791307,Boredom,Fear,0.009054726740974132
0.0032212710960791307,Boredom,Happiness,0.32255306286261615
0.0032212710960791307,Boredom,Joy,0.02220062207078935
0.0032212710960791307,Boredom,Pride,0.07439821871323475
0.0032212710960791307,Boredom,Sadness,0.021587910859747858
0.0032212710960791307,Boredom,Shame,0.0673383626175114
0.0032212710960791307,Fear,Boredom,0.003892136436545948
0.0032212710960791307,Fear,Fear,0.4555454892379422
0.0032212710960791307,Fear,Happiness,0.01278847102586516
0.0032212710960791307,Fear,Joy,0.03998242258798294
0.0032212710960791307,Fear,Pride,0.026166295822931163
0.0032212710960791307,Fear,Sadness,0.2921662103704571
0.0032212710960791307,Fear,Shame,0.16945897451827543
0.0032212710960791307,Happiness,Boredom,0.4343693063183691
0.0032212710960791307,Happiness,Fear,0.0096567702940993
0.0032212710960791307,Happiness,Happiness,0.3267369419869093
0.0032212710960791307,Happiness,Joy,0.03855241030085043
0.0032212710960791307,Happiness,Pride,0.08885030107631037
0.0032212710960791307,Happiness,Sadness,0.01726549183090769
0.0032212710960791307,Happiness,Shame,0.08456877819255379
0.0032212710960791307,Joy,Boredom,0.008528075434708555
0.0032212710960791307,Joy,Fear,0.037484445610103
0.0032212710960791307,Joy,Happiness,0.08732956223084348
0.0032212710960791307,Joy,Joy,0.32898016816012976
0.0032212710960791307,Joy,Pride,0.2778162110333223
0.0032212710960791307,Joy,Sadness,0.020171952932872408
0.0032212710960791307,Joy,Shame,0.2396895845980208
0.0032212710960791307,Pride,Boredom,0.01241360537865064
0.0032212710960791307,Pride,Fear,0.01914504711619029
0.0032212710960791307,Pride,Happiness,0.14245902851560205
0.0032212710960791307,Pride,Joy,0.2958162763766982
0.0032212710960791307,Pride,Pride,0.26734187425412864
0.0032212710960791307,Pride,Sadness,0.018545815119047213
0.0032212710960791307,Pride,Shame,0.24427835323968275
0.0032212710960791307,Sadness,Boredom,0.010080103275012934
0.0032212710960791307,Sadness,Fear,0.22940879864387698
0.0032212710960791307,Sadness,Happiness,0.02446236978282346
0.0032212710960791307,Sadness,Joy,0.017705977546507802
0.0032212710960791307,Sadness,Pride,0.023645754891977164
0.0032212710960791307,Sadness,Sadness,0.5343276914401178
0.0032212710960791307,Sadness,Shame,0.16036930441968347
0.0032212710960791307,Shame,Boredom,0.007874131584942745
0.0032212710960791307,Shame,Fear,0.3750861978542226
0.0032212710960791307,Shame,Happiness,0.022573925246642215
0.0032212710960791307,Shame,Joy,0.07680752261250116
0.0032212710960791307,Shame,Pride,0.06108495477649284
0.0032212710960791307,Shame,Sadness,0.21902465239448604
0.0032212710960791307,Shame,Shame,0.23754861553071244
0.00294893219606384,Boredom,Boredom,0.4638931812694933
0.00294893219606384,Boredom,Fear,0.013314151298400037
0.00294893219606384,Boredom,Happiness,0.29634888640989937
0.00294893219606384,Boredom,Joy,0.03628001149427728
0.00294893219606384,Boredom,Pride,0.07864171620715871
0.00294893219606384,Boredom,Sadness,0.02518810846406439
0.00294893219606384,Boredom,Shame,0.08633394485670697
0.00294893219606384,Fear,Boredom,0.006653529049099841
0.00294893219606384,Fear,Fear,0.403070489772626
0.00294893219606384,Fear,Happiness,0.021239823494621647
0.00294893219606384,Fear,Joy,0.04403214880521331
0.00294893219606384,Fear,Pride,0.030644358209972095
0.00294893219606384,Fear,Sadness,0.3123007824134742
0.00294893219606384,Fear,Shame,0.182058868254993
0.00294893219606384,Happiness,Boredom,0.3888308856166807
0.00294893219606384,Happiness,Fear,0.0127569334117042
0.00294893219606384,Happiness,Happiness,0.2839840317570874
0.00294893219606384,Happiness,Joy,0.06042357499310304
0.00294893219606384,Happiness,Pride,0.08871754391882207
0.00294893219606384,Happiness,Sadness,0.02154396984983072
0.00294893219606384,Happiness,Shame,0.14374306045277183
0.00294893219606384,Joy,Boredom,0.01215984910228658
0.00294893219606384,Joy,Fear,0.04143748456621853
0.00294893219606384,Joy,Happiness,0.12115576225036567
0.00294893219606384,Joy,Joy,0.31884863760584453
0.00294893219606384,Joy,Pride,0.26812650428941687
0.00294893219606384,Joy,Sadness,0.023501410872926384
0.00294893219606384,Joy,Shame,0.2147703513129411
0.00294893219606384,Pride,Boredom,0.017893354844391016
0.00294893219606384,Pride,Fear,0.02372634760081258
0.00294893219606384,Pride,Happiness,0.17097056115881207
0.00294893219606384,Pride,Joy,0.2884852300094588
0.00294893219606384,Pride,Pride,0.2607506821356916
0.00294893219606384,Pride,Sadness,0.022241313283336898
0.00294893219606384,Pride,Shame,0.21593251096749702
0.00294893219606384,Sadness,Boredom,0.018506687940776204
0.00294893219606384,Sadness,Fear,0.2646549967677414
0.00294893219606384,Sadness,Happiness,0.03293023058242114
0.00294893219606384,Sadness,Joy,0.02405297613907882
0.00294893219606384,Sadness,Pride,0.02937678316120798
0.00294893219606384,Sadness,Sadness,0.4559755984863394
0.00294893219606384,Sadness,Shame,0.17450272692243504
0.00294893219606384,Shame,Boredom,0.010013343945038448
0.00294893219606384,Shame,Fear,0.3566876581006063
0.00294893219606384,Shame,Happiness,0.030017951186523815
0.00294893219606384,Shame,Joy,0.08033516896619879
0.00294893219606384,Shame,Pride,0.050585005093632916
0.00294893219606384,Shame,Sadness,0.2565038888468076
0.00294893219606384,Shame,Shame,0.21585698386119243
0.003125889134313568,Boredom,Boredom,0.47873148133449406
0.003125889134313568,Boredom,Fear,0.010074426747703919
0.003125889134313568,Boredom,Happiness,0.3157160065370781
0.003125889134313568,Boredom,Joy,0.026495455825074458
0.003125889134313568,Boredom,Pride,0.07507263928776944
0.003125889134313568,Boredom,Sadness,0.02470003857698058
0.003125889134313568,Boredom,Shame,0.06920995169089918
0.003125889134313568,Fear,Boredom,0.004406637671769508
0.003125889134313568,Fear,Fear,0.4371828012653926
0.003125889134313568,Fear,Happiness,0.015347943209715113
0.003125889134313568,Fear,Joy,0.042225539208431126
0.003125889134313568,Fear,Pride,0.027478051769711746
0.003125889134313568,Fear,Sadness,0.29943688993283557
0.003125889134313568,Fear,Shame,0.17392213694214442
0.003125889134313568,Happiness,Boredom,0.4304425017014541
0.003125889134313568,Happiness,Fear,0.010171218365565664
0.003125889134313568,Happiness,Happiness,0.3148360785525298
0.003125889134313568,Happiness,Joy,0.04582156014507625
0.003125889134313568,Happiness,Pride,0.08741787492022134
0.003125889134313568,Happiness,Sadness,0.018010823646603114
0.003125889134313568,Happiness,Shame,0.09329994266854964
0.003125889134313568,Joy,Boredom,0.009041748915989597
0.003125889134313568,Joy,Fear,0.03806516716194346
0.003125889134313568,Joy,Happiness,0.09873692706577712
0.003125889134313568,Joy,Joy,0.3258741684170933
0.003125889134313568,Joy,Pride,0.27503704407077356
0.003125889134313568,Joy,Sadness,0.02087536987416199
0.003125889134313568,Joy,Shame,0.23236957449426082
0.003125889134313568,Pride,Boredom,0.013230570088424725
0.003125889134313568,Pride,Fear,0.020331286744417837
0.003125889134313568,Pride,Happiness,0.153881609114909
0.003125889134313568,Pride,Joy,0.2916617046249659
0.003125889134313568,Pride,Pride,0.26539120043184566
0.003125889134313568,Pride,Sadness,0.01929858246127964
0.003125889134313568,Pride,Shame,0.23620504653415703
0.003125889134313568,Sadness,Boredom,0.011017065758747183
0.003125889134313568,Sadness,Fear,0.24090140506055774
0.003125889134313568,Sadness,Happiness,0.02663589374360889
0.003125889134313568,Sadness,Joy,0.019445914108999332
0.003125889134313568,Sadness,Pride,0.024966124988451865
0.003125889134313568,Sadness,Sadness,0.5132766098130503
0.003125889134313568,Sadness,Shame,0.16375698652658477
0.003125889134313568,Shame,Boredom,0.00840274935466531
0.003125889134313568,Shame,Fear,0.3699310926676133
0.003125889134313568,Shame,Happiness,0.025335337292652083
0.003125889134313568,Shame,Joy,0.07930384020814456
0.003125889134313568,Shame,Pride,0.0546102239819543
0.003125889134313568,Shame,Sadness,0.23014088833035518
0.003125889134313568,Shame,Shame,0.23227586816461507
0.003292163958914637,Boredom,Boredom,0.517150162509168
0.003292163958914637,Boredom,Fear,0.0057558707310924806
0.003292163958914637,Boredom,Happiness,0.33852987852393596
0.003292163958914637,Boredom,Joy,0.014402794261685031
0.003292163958914637,Boredom,Pride,0.06208506361165533
0.003292163958914637,Boredom,Sadness,0.013774693596732316
0.003292163958914637,Boredom,Shame,0.04830153676573069
0.003292163958914637,Fear,Boredom,0.0022545842856493345
0.003292163958914637,Fear,Fear,0.5639708928739801
0.003292163958914637,Fear,Happiness,0.0068306542938697465
0.003292163958914637,Fear,Joy,0.03002847210528913
0.003292163958914637,Fear,Pride,0.019655100050595432
0.003292163958914637,Fear,Sadness,0.2456739855977345
0.003292163958914637,Fear,Shame,0.13158631079288163
0.003292163958914637,Happiness,Boredom,0.44929492991673337
0.003292163958914637,Happiness,Fear,0.006929288376290115
0.003292163958914637,Happiness,Happiness,0.35515751431594705
0.003292163958914637,Happiness,Joy,0.026822147759748557
0.003292163958914637,Happiness,Pride,0.08261765930841199
0.003292163958914637,Happiness,Sadness,0.012539350292210467
0.003292163958914637,Happiness,Shame,0.06663911003065827
0.003292163958914637,Joy,Boredom,0.008100044037376365
0.003292163958914637,Joy,Fear,0.03726460344711353
0.003292163958914637,Joy,Happiness,0.07455401765483957
0.003292163958914637,Joy,Joy,0.3527533785114317
0.003292163958914637,Joy,Pride,0.2825028351790617
0.003292163958914637,Joy,Sadness,0.017360764417733782
0.003292163958914637,Joy,Shame,0.22746435675244375
0.003292163958914637,Pride,Boredom,0.01220908480798551
0.003292163958914637,Pride,Fear,0.019095309839868256
0.003292163958914637,Pride,Happiness,0.12417444771012681
0.003292163958914637,Pride,Joy,0.3185992939434436
0.003292163958914637,Pride,Pride,0.27192079398544783
0.003292163958914637,Pride,Sadness,0.017122921990190908
0.003292163958914637,Pride,Shame,0.2368781477229368
0.003292163958914637,Sadness,Boredom,0.007945097754097286
0.003292163958914637,Sadness,Fear,0.2429230003533912
0.003292163958914637,Sadness,Happiness,0.017583500088326025
0.003292163958914637,Sadness,Joy,0.010552582994293019
0.003292163958914637,Sadness,Pride,0.016595736350426295
0.003292163958914637,Sadness,Sadness,0.5852574249446775
0.003292163958914637,Sadness,Shame,0.11914265751478881
0.003292163958914637,Shame,Boredom,0.006247799876364957
0.003292163958914637,Shame,Fear,0.4547832821046938
0.003292163958914637,Shame,Happiness,0.015880667840273182
0.003292163958914637,Shame,Joy,0.0652423563443071
0.003292163958914637,Shame,Pride,0.06421053800884839
0.003292163958914637,Shame,Sadness,0.17563588317332313
0.003292163958914637,Shame,Shame,0.21799947265218936
0.002918436032747119,Boredom,Boredom,0.4897092573747134
0.002918436032747119,Boredom,Fear,0.011132183003237407
0.002918436032747119,Boredom,Happiness,0.3115587502891108
0.002918436032747119,Boredom,Joy,0.026227905444542374
0.002918436032747119,Boredom,Pride,0.07123442025587816
0.002918436032747119,Boredom,Sadness,0.02248270516164412
0.002918436032747119,Boredom,Shame,0.06765477847087371
0.002918436032747119,Fear,Boredom,0.004788951006752656
0.002918436032747119,Fear,Fear,0.46829628584692745
0.002918436032747119,Fear,Happiness,0.0169791221402675
0.002918436032747119,Fear,Joy,0.037833129771488436
0.002918436032747119,Fear,Pride,0.025483168878412742
0.002918436032747119,Fear,Sadness,0.28600252965953515
0.002918436032747119,Fear,Shame,0.1606168126966167
0.002918436032747119,Happiness,Boredom,0.42531518076675195
0.002918436032747119,Happiness,Fear,0.010274405202918137
0.002918436032747119,Happiness,Happiness,0.3064010437383129
0.002918436032747119,Happiness,Joy,0.04524714069413581
0.002918436032747119,Happiness,Pride,0.08254996802450858
0.002918436032747119,Happiness,Sadness,0.017550599989718703
0.002918436032747119,Happiness,Shame,0.11266166158365373
0.002918436032747119,Joy,Boredom,0.011242882518580827
0.002918436032747119,Joy,Fear,0.041364804025297866
0.002918436032747119,Joy,Happiness,0.119573814309383
0.002918436032747119,Joy,Joy,0.3299242949501336
0.002918436032747119,Joy,Pride,0.26917450024816597
0.002918436032747119,Joy,Sadness,0.021674512087276485
0.002918436032747119,Joy,Shame,0.20704519186116244
0.002918436032747119,Pride,Boredom,0.017194040176810952
0.002918436032747119,Pride,Fear,0.022828127521969995
0.002918436032747119,Pride,Happiness,0.181870956557948
0.002918436032747119,Pride,Joy,0.28627737522295627
0.002918436032747119,Pride,Pride,0.2605636089353056
0.002918436032747119,Pride,Sadness,0.020682981299676332
0.002918436032747119,Pride,Shame,0.21058291028533277
0.002918436032747119,Sadness,Boredom,0.015480080516763618
0.002918436032747119,Sadness,Fear,0.2827470738734801
0.002918436032747119,Sadness,Happiness,0.029122246612191715
0.002918436032747119,Sadness,Joy,0.01896564025849084
0.002918436032747119,Sadness,Pride,0.02419879556182305
0.002918436032747119,Sadness,Sadness,0.47629418724902606
0.002918436032747119,Sadness,Shame,0.15319197592822492
0.002918436032747119,Shame,Boredom,0.008500577221402567
0.002918436032747119,Shame,Fear,0.4072243225149994
0.002918436032747119,Shame,Happiness,0.026725627087972815
0.002918436032747119,Shame,Joy,0.07402410072024425
0.002918436032747119,Shame,Pride,0.044832793441507084
0.002918436032747119,Shame,Sadness,0.2326547542701791
0.002918436032747119,Shame,Shame,0.20603782474369475
0.0030110928040827907,Boredom,Boredom,0.5035430986015041
0.0030110928040827907,Boredom,Fear,0.009816583438432025
0.0030110928040827907,Boredom,Happiness,0.3160997268540406
0.0030110928040827907,Boredom,Joy,0.024192962084116445
0.0030110928040827907,Boredom,Pride,0.06908688154492627
0.0030110928040827907,Boredom,Sadness,0.019622554422333953
0.0030110928040827907,Boredom,Shame,0.05763819305464684
0.0030110928040827907,Fear,Boredom,0.004075714262183226
0.0030110928040827907,Fear,Fear,0.5095247705566488
0.0030110928040827907,Fear,Happiness,0.016348483746359947
0.0030110928040827907,Fear,Joy,0.03496191247782591
0.0030110928040827907,Fear,Pride,0.02218736181045911
0.0030110928040827907,Fear,Sadness,0.2736998282258001
0.0030110928040827907,Fear,Shame,0.1392019289207227
0.0030110928040827907,Happiness,Boredom,0.4553338516754612
0.0030110928040827907,Happiness,Fear,0.009962184434102649
0.0030110928040827907,Happiness,Happiness,0.31291107717311967
0.0030110928040827907,Happiness,Joy,0.040827983686105414
0.0030110928040827907,Happiness,Pride,0.07734399740091324
0.0030110928040827907,Happiness,Sadness,0.015915222632959334
0.0030110928040827907,Happiness,Shame,0.08770568299733822
0.0030110928040827907,Joy,Boredom,0.01224597857223424
0.0030110928040827907,Joy,Fear,0.042532201435157554
0.0030110928040827907,Joy,Happiness,0.1372577430380062
0.0030110928040827907,Joy,Joy,0.33038569965321013
0.0030110928040827907,Joy,Pride,0.26470727088382107
0.0030110928040827907,Joy,Sadness,0.02180021643472806
0.0030110928040827907,Joy,Shame,0.19107088998284283
0.0030110928040827907,Pride,Boredom,0.01890155282511661
0.0030110928040827907,Pride,Fear,0.024416998124272993
0.0030110928040827907,Pride,Happiness,0.20622149174559742
0.0030110928040827907,Pride,Joy,0.27651893766411584
0.0030110928040827907,Pride,Pride,0.25729059373959223
0.0030110928040827907,Pride,Sadness,0.021322232421776034
0.0030110928040827907,Pride,Shame,0.19532819347952884
0.0030110928040827907,Sadness,Boredom,0.014576968057898976
0.0030110928040827907,Sadness,Fear,0.32817571882562246
0.0030110928040827907,Sadness,Happiness,0.028615632502795453
0.0030110928040827907,Sadness,Joy,0.01687373434222296
0.0030110928040827907,Sadness,Pride,0.02134599323225576
0.0030110928040827907,Sadness,Sadness,0.4567885404885997
0.0030110928040827907,Sadness,Shame,0.13362341255060511
0.0030110928040827907,Shame,Boredom,0.007696006171146599
0.0030110928040827907,Shame,Fear,0.44503235093314625
0.0030110928040827907,Shame,Happiness,0.026785972019043598
0.0030110928040827907,Shame,Joy,0.06888660206749236
0.0030110928040827907,Shame,Pride,0.042559071541540185
0.0030110928040827907,Shame,Sadness,0.2260646348626466
0.0030110928040827907,Shame,Shame,0.18297536240498413
0.0032728260189569722,Boredom,Boredom,0.5133227109897136
0.0032728260189569722,Boredom,Fear,0.008233438725172567
0.0032728260189569722,Boredom,Happiness,0.3245227368107722
0.0032728260189569722,Boredom,Joy,0.018259900392494543
0.0032728260189569722,Boredom,Pride,0.06646982114986182
0.0032728260189569722,Boredom,Sadness,0.01736475233819313
0.0032728260189569722,Boredom,Shame,0.051826639593792065
0.0032728260189569722,Fear,Boredom,0.0028927786254800605
0.0032728260189569722,Fear,Fear,0.5576895610111036
0.0032728260189569722,Fear,Happiness,0.011507794668687931
0.0032728260189569722,Fear,Joy,0.03170692011044337
0.0032728260189569722,Fear,Pride,0.01890307740921927
0.0032728260189569722,Fear,Sadness,0.25504148785114605
0.0032728260189569722,Fear,Shame,0.12225838032391968
0.0032728260189569722,Happiness,Boredom,0.47060860185063597
0.0032728260189569722,Happiness,Fear,0.008714565069236345
0.0032728260189569722,Happiness,Happiness,0.33110029064130037
0.0032728260189569722,Happiness,Joy,0.031180950804834025
0.0032728260189569722,Happiness,Pride,0.07840895464420605
0.0032728260189569722,Happiness,Sadness,0.014643523864927444
0.0032728260189569722,Happiness,Shame,0.06534311312485942
0.0032728260189569722,Joy,Boredom,0.010912027842167934
0.0032728260189569722,Joy,Fear,0.04173008111356121
0.0032728260189569722,Joy,Happiness,0.10613511444986194
0.0032728260189569722,Joy,Joy,0.35001840605375306
0.0032728260189569722,Joy,Pride,0.2704309912116164
0.0032728260189569722,Joy,Sadness,0.02219127757023794
0.0032728260189569722,Joy,Shame,0.1985821017588014
0.0032728260189569722,Pride,Boredom,0.01618501485055046
0.0032728260189569722,Pride,Fear,0.022924542894479576
0.0032728260189569722,Pride,Happiness,0.18771099818043965
0.0032728260189569722,Pride,Joy,0.2947870309729198
0.0032728260189569722,Pride,Pride,0.2568087193598658
0.0032728260189569722,Pride,Sadness,0.02033871081566161
0.0032728260189569722,Pride,Shame,0.20124498292608314
0.0032728260189569722,Sadness,Boredom,0.010338644792970952
0.0032728260189569722,Sadness,Fear,0.318083300842771
0.0032728260189569722,Sadness,Happiness,0.02415808835375567
0.0032728260189569722,Sadness,Joy,0.013612373035477484
0.0032728260189569722,Sadness,Pride,0.01800723956607058
0.0032728260189569722,Sadness,Sadness,0.49858370107269884
0.0032728260189569722,Sadness,Shame,0.11721665233625567
0.0032728260189569722,Shame,Boredom,0.00653530962100465
0.0032728260189569722,Shame,Fear,0.471819748942724
0.0032728260189569722,Shame,Happiness,0.021642534728366573
0.0032728260189569722,Shame,Joy,0.06544578465485293
0.0032728260189569722,Shame,Pride,0.04993603326352273
0.0032728260189569722,Shame,Sadness,0.20573253897869034
0.0032728260189569722,Shame,Shame,0.17888804981083875
0.0031428037765119307,Boredom,Boredom,0.5255618751455278
0.0031428037765119307,Boredom,Fear,0.007095033548610034
0.0031428037765119307,Boredom,Happiness,0.32395050597658503
0.0031428037765119307,Boredom,Joy,0.016827721646293183
0.0031428037765119307,Boredom,Pride,0.06245865343898101
0.0031428037765119307,Boredom,Sadness,0.015527443997318773
0.0031428037765119307,Boredom,Shame,0.04857876624668423
0.0031428037765119307,Fear,Boredom,0.0026225325084759453
0.0031428037765119307,Fear,Fear,0.563506911673337
0.0031428037765119307,Fear,Happiness,0.010684612561893342
0.0031428037765119307,Fear,Joy,0.03090340164062432
0.0031428037765119307,Fear,Pride,0.018020581076022744
0.0031428037765119307,Fear,Sadness,0.2555487435446606
0.0031428037765119307,Fear,Shame,0.11871321699498613
0.0031428037765119307,Happiness,Boredom,0.472658014158928
0.0031428037765119307,Happiness,Fear,0.007765166732421226
0.0031428037765119307,Happiness,Happiness,0.3353362103384353
0.0031428037765119307,Happiness,Joy,0.0305164754318902
0.0031428037765119307,Happiness,Pride,0.07665127178222869
0.0031428037765119307,Happiness,Sadness,0.013223404697332589
0.0031428037765119307,Happiness,Shame,0.06384945685876424
0.0031428037765119307,Joy,Boredom,0.010233058571927236
0.0031428037765119307,Joy,Fear,0.04002108356471178
0.0031428037765119307,Joy,Happiness,0.10929545430675157
0.0031428037765119307,Joy,Joy,0.352984860575174
0.0031428037765119307,Joy,Pride,0.26934931285724845
0.0031428037765119307,Joy,Sadness,0.019660783085587663
0.0031428037765119307,Joy,Shame,0.19845544703859885
0.0031428037765119307,Pride,Boredom,0.01590096690569227
0.0031428037765119307,Pride,Fear,0.021430873343863822
0.0031428037765119307,Pride,Happiness,0.1933962830498096
0.0031428037765119307,Pride,Joy,0.2894359433506687
0.0031428037765119307,Pride,Pride,0.2577256925143464
0.0031428037765119307,Pride,Sadness,0.018286765603120193
0.0031428037765119307,Pride,Shame,0.20382347523249883
0.0031428037765119307,Sadness,Boredom,0.010473767038302311
0.0031428037765119307,Sadness,Fear,0.3241680309225184
0.0031428037765119307,Sadness,Happiness,0.023277040014752507
0.0031428037765119307,Sadness,Joy,0.012843944590729604
0.0031428037765119307,Sadness,Pride,0.017425192417876257
0.0031428037765119307,Sadness,Sadness,0.49916849295375654
0.0031428037765119307,Sadness,Shame,0.11264353206206394
0.0031428037765119307,Shame,Boredom,0.006485239512039553
0.0031428037765119307,Shame,Fear,0.47202282461710937
0.0031428037765119307,Shame,Happiness,0.021730485670937813
0.0031428037765119307,Shame,Joy,0.06595432529857455
0.0031428037765119307,Shame,Pride,0.05215506824798389
0.0031428037765119307,Shame,Sadness,0.19816976804024836
0.0031428037765119307,Shame,Shame,0.18348228861310636
0.003204339003811871,Boredom,Boredom,0.5287724427400015
0.003204339003811871,Boredom,Fear,0.006616188623605143
0.003204339003811871,Boredom,Happiness,0.3272502790305457
0.003204339003811871,Boredom,Joy,0.015511764610316654
0.003204339003811871,Boredom,Pride,0.06117348117525391
0.003204339003811871,Boredom,Sadness,0.014395224211846316
0.003204339003811871,Boredom,Shame,0.04628061960843061
0.003204339003811871,Fear,Boredom,0.002442099305747081
0.003204339003811871,Fear,Fear,0.5768967753850888
0.003204339003811871,Fear,Happiness,0.009466924794417448
0.003204339003811871,Fear,Joy,0.0297662985106271
0.003204339003811871,Fear,Pride,0.017584349482692656
0.003204339003811871,Fear,Sadness,0.2475039777800211
0.003204339003811871,Fear,Shame,0.1163395747414055
0.003204339003811871,Happiness,Boredom,0.47302189983856935
0.003204339003811871,Happiness,Fear,0.00738112469173892
0.003204339003811871,Happiness,Happiness,0.3402043167531595
0.003204339003811871,Happiness,Joy,0.02837680322555452
0.003204339003811871,Happiness,Pride,0.07659864910781053
0.003204339003811871,Happiness,Sadness,0.012539013753511075
0.003204339003811871,Happiness,Shame,0.06187819262965611
0.003204339003811871,Joy,Boredom,0.009810074169736623
0.003204339003811871,Joy,Fear,0.03959932507582691
0.003204339003811871,Joy,Happiness,0.10118152757131287
0.003204339003811871,Joy,Joy,0.3578186892024572
0.003204339003811871,Joy,Pride,0.2714452108974204
0.003204339003811871,Joy,Sadness,0.01910938061621272
0.003204339003811871,Joy,Shame,0.20103579246703293
0.003204339003811871,Pride,Boredom,0.015410322096673876
0.003204339003811871,Pride,Fear,0.021131828493679127
0.003204339003811871,Pride,Happiness,0.18684645602485217
0.003204339003811871,Pride,Joy,0.2951340633835829
0.003204339003811871,Pride,Pride,0.25819608099293634
0.003204339003811871,Pride,Sadness,0.017508507851553945
0.003204339003811871,Pride,Shame,0.20577274115672176
0.003204339003811871,Sadness,Boredom,0.010121258792347022
0.003204339003811871,Sadness,Fear,0.31936064319618135
0.003204339003811871,Sadness,Happiness,0.021813719868130785
0.003204339003811871,Sadness,Joy,0.011888067535950496
0.003204339003811871,Sadness,Pride,0.016372705991725314
0.003204339003811871,Sadness,Sadness,0.5133302367454763
0.003204339003811871,Sadness,Shame,0.1071133678701886
0.003204339003811871,Shame,Boredom,0.006276506406760907
0.003204339003811871,Shame,Fear,0.48078935915661397
0.003204339003811871,Shame,Happiness,0.020074173995885857
0.003204339003811871,Shame,Joy,0.06438723131544688
0.003204339003811871,Shame,Pride,0.05424264192684226
0.003204339003811871,Shame,Sadness,0.18896524328441017
0.003204339003811871,Shame,Shame,0.18526484391404066
0.0029944425552743677,Boredom,Boredom,0.4868464624009414
0.0029944425552743677,Boredom,Fear,0.00597101456132489
0.0029944425552743677,Boredom,Happiness,0.3415212301877416
0.0029944425552743677,Boredom,Joy,0.017323535749130328
0.0029944425552743677,Boredom,Pride,0.0681743730895885
0.0029944425552743677,Boredom,Sadness,0.017797310503827594
0.0029944425552743677,Boredom,Shame,0.06236607350744584
0.0029944425552743677,Fear,Boredom,0.0029335762224460753
0.0029944425552743677,Fear,Fear,0.5002253975580512
0.0029944425552743677,Fear,Happiness,0.0074252376569979095
0.0029944425552743677,Fear,Joy,0.034508794583390574
0.0029944425552743677,Fear,Pride,0.02361650637521822
0.0029944425552743677,Fear,Sadness,0.2652680371274968
0.0029944425552743677,Fear,Shame,0.1660224504763993
0.0029944425552743677,Happiness,Boredom,0.4017766389035832
0.0029944425552743677,Happiness,Fear,0.006712284081616739
0.0029944425552743677,Happiness,Happiness,0.34785437028020944
0.0029944425552743677,Happiness,Joy,0.03325579131165588
0.0029944425552743677,Happiness,Pride,0.09124651852789382
0.0029944425552743677,Happiness,Sadness,0.013496471368340177
0.0029944425552743677,Happiness,Shame,0.10565792552670028
0.0029944425552743677,Joy,Boredom,0.005715401471882898
0.0029944425552743677,Joy,Fear,0.030447362793554485
0.0029944425552743677,Joy,Happiness,0.06835736151773877
0.0029944425552743677,Joy,Joy,0.32810169685486723
0.0029944425552743677,Joy,Pride,0.2889764517196855
0.0029944425552743677,Joy,Sadness,0.013117949848726659
0.0029944425552743677,Joy,Shame,0.26528377579354445
0.0029944425552743677,Pride,Boredom,0.009069538135708868
0.0029944425552743677,Pride,Fear,0.012539063775690832
0.0029944425552743677,Pride,Happiness,0.11743291319224013
0.0029944425552743677,Pride,Joy,0.2915120013963355
0.0029944425552743677,Pride,Pride,0.28135476342744825
0.0029944425552743677,Pride,Sadness,0.012561731822984049
0.0029944425552743677,Pride,Shame,0.2755299882495922
0.0029944425552743677,Sadness,Boredom,0.007089812916451514
0.0029944425552743677,Sadness,Fear,0.17000533944652457
0.0029944425552743677,Sadness,Happiness,0.016337374597318727
0.0029944425552743677,Sadness,Joy,0.013027130185913883
0.0029944425552743677,Sadness,Pride,0.019890052015363133
0.0029944425552743677,Sadness,Sadness,0.6205463570181068
0.0029944425552743677,Sadness,Shame,0.1531039338203217
0.0029944425552743677,Shame,Boredom,0.007444841224553757
0.0029944425552743677,Shame,Fear,0.3837756783274258
0.0029944425552743677,Shame,Happiness,0.016646751430660234
0.0029944425552743677,Shame,Joy,0.07324425441071644
0.0029944425552743677,Shame,Pride,0.06254182449095086
0.0029944425552743677,Shame,Sadness,0.17984854780826245
0.0029944425552743677,Shame,Shame,0.27649810230743005
0.0031664578442149073,Boredom,Boredom,0.5118037425168578
0.0031664578442149073,Boredom,Fear,0.008713528127355907
0.0031664578442149073,Boredom,Happiness,0.32064534694319885
0.0031664578442149073,Boredom,Joy,0.020059511573093717
0.0031664578442149073,Boredom,Pride,0.06660241872385184
0.0031664578442149073,Boredom,Sadness,0.019207518785873443
0.0031664578442149073,Boredom,Shame,0.05296793332976862
0.0031664578442149073,Fear,Boredom,0.0032419589255306635
0.0031664578442149073,Fear,Fear,0.5388137715656708
0.0031664578442149073,Fear,Happiness,0.013395690566013313
0.0031664578442149073,Fear,Joy,0.03329085902993399
0.0031664578442149073,Fear,Pride,0.02010243635846583
0.0031664578442149073,Fear,Sadness,0.2620497167465426
0.0031664578442149073,Fear,Shame,0.1291055668078424
0.0031664578442149073,Happiness,Boredom,0.4695396817300886
0.0031664578442149073,Happiness,Fear,0.009206247696346882
0.0031664578442149073,Happiness,Happiness,0.32664481796804634
0.0031664578442149073,Happiness,Joy,0.034833016698910646
0.0031664578442149073,Happiness,Pride,0.07778274884984859
0.0031664578442149073,Happiness,Sadness,0.015095872050080736
0.0031664578442149073,Happiness,Shame,0.06689761500667836
0.0031664578442149073,Joy,Boredom,0.011230687758817411
0.0031664578442149073,Joy,Fear,0.041850602133659605
0.0031664578442149073,Joy,Happiness,0.12021427926846658
0.0031664578442149073,Joy,Joy,0.34272124001681226
0.0031664578442149073,Joy,Pride,0.2675204600041754
0.0031664578442149073,Joy,Sadness,0.021754654769275766
0.0031664578442149073,Joy,Shame,0.19470807604879325
0.0031664578442149073,Pride,Boredom,0.016747166458380067
0.0031664578442149073,Pride,Fear,0.023529289303908723
0.0031664578442149073,Pride,Happiness,0.1983805248240289
0.0031664578442149073,Pride,Joy,0.28497981437159264
0.0031664578442149073,Pride,Pride,0.2572333576250299
0.0031664578442149073,Pride,Sadness,0.02057134766090122
0.0031664578442149073,Pride,Shame,0.1985584997561581
0.0031664578442149073,Sadness,Boredom,0.010997275611519608
0.0031664578442149073,Sadness,Fear,0.3222930996656096
0.0031664578442149073,Sadness,Happiness,0.025642523612305977
0.0031664578442149073,Sadness,Joy,0.014731040329428033
0.0031664578442149073,Sadness,Pride,0.019158116779007993
0.0031664578442149073,Sadness,Sadness,0.4843149354295871
0.0031664578442149073,Sadness,Shame,0.12286300857254223
0.0031664578442149073,Shame,Boredom,0.006875383476646047
0.0031664578442149073,Shame,Fear,0.4635936592176928
0.0031664578442149073,Shame,Happiness,0.023660336997226906
0.0031664578442149073,Shame,Joy,0.06694357507054818
0.0031664578442149073,Shame,Pride,0.0436931172811871
0.0031664578442149073,Shame,Sadness,0.2142994808362842
0.0031664578442149073,Shame,Shame,0.18093444712041465
0.0032310346055655515,Boredom,Boredom,0.5045783896624825
0.0032310346055655515,Boredom,Fear,0.009439638126935414
0.0032310346055655515,Boredom,Happiness,0.3206358443054369
0.0032310346055655515,Boredom,Joy,0.021058731115465766
0.0032310346055655515,Boredom,Pride,0.06842252892326234
0.0032310346055655515,Boredom,Sadness,0.021104703305220882
0.0032310346055655515,Boredom,Shame,0.05476016456119575
0.0032310346055655515,Fear,Boredom,0.003360522481354305
0.0032310346055655515,Fear,Fear,0.5366538998607171
0.0032310346055655515,Fear,Happiness,0.0138948383855363
0.0032310346055655515,Fear,Joy,0.03368075496117319
0.0032310346055655515,Fear,Pride,0.020301032124679243
0.0032310346055655515,Fear,Sadness,0.2636194912820492
0.0032310346055655515,Fear,Shame,0.12848946090449048
0.0032310346055655515,Happiness,Boredom,0.4686037687454086
0.0032310346055655515,Happiness,Fear,0.009680303231598268
0.0032310346055655515,Happiness,Happiness,0.3237707701148698
0.0032310346055655515,Happiness,Joy,0.03540181088264807
0.0032310346055655515,Happiness,Pride,0.07873042630525741
0.0032310346055655515,Happiness,Sadness,0.015705239486552183
0.0032310346055655515,Happiness,Shame,0.0681076812336654
0.0032310346055655515,Joy,Boredom,0.01172512386982678
0.0032310346055655515,Joy,Fear,0.0430027054709034
0.0032310346055655515,Joy,Happiness,0.1203320529268595
0.0032310346055655515,Joy,Joy,0.34008927525125804
0.0032310346055655515,Joy,Pride,0.2676759741965386
0.0032310346055655515,Joy,Sadness,0.022810540648641353
0.0032310346055655515,Joy,Shame,0.19436432763597192
0.0032310346055655515,Pride,Boredom,0.017041764566096896
0.0032310346055655515,Pride,Fear,0.024329612041577017
0.0032310346055655515,Pride,Happiness,0.19753483652290046
0.0032310346055655515,Pride,Joy,0.28621730318649063
0.0032310346055655515,Pride,Pride,0.2564795378380917
0.0032310346055655515,Pride,Sadness,0.02133956878137085
0.0032310346055655515,Pride,Shame,0.19705737706347268
0.0032310346055655515,Sadness,Boredom,0.010840882854465338
0.0032310346055655515,Sadness,Fear,0.3216381110969504
0.0032310346055655515,Sadness,Happiness,0.025946399791051095
0.0032310346055655515,Sadness,Joy,0.014999877505365949
0.0032310346055655515,Sadness,Pride,0.019195283153266098
0.0032310346055655515,Sadness,Sadness,0.4850916036670238
0.0032310346055655515,Sadness,Shame,0.122287841931878
0.0032310346055655515,Shame,Boredom,0.006977983467927185
0.0032310346055655515,Shame,Fear,0.46709389831314857
0.0032310346055655515,Shame,Happiness,0.023822882758637497
0.0032310346055655515,Shame,Joy,0.06656366663073349
0.0032310346055655515,Shame,Pride,0.04018707941541324
0.0032310346055655515,Shame,Sadness,0.21840816532362545
0.0032310346055655515,Shame,Shame,0.1769463240905143
0.0032048987003265054,Boredom,Boredom,0.5229735041104672
0.0032048987003265054,Boredom,Fear,0.007177206824725219
0.0032048987003265054,Boredom,Happiness,0.32715461384723327
0.0032048987003265054,Boredom,Joy,0.01667648403130112
0.0032048987003265054,Boredom,Pride,0.062480882031787005
0.0032048987003265054,Boredom,Sadness,0.01557681554355867
0.0032048987003265054,Boredom,Shame,0.04796049361092753
0.0032048987003265054,Fear,Boredom,0.002762157623853828
0.0032048987003265054,Fear,Fear,0.5641515858251102
0.0032048987003265054,Fear,Happiness,0.010878420411630167
0.0032048987003265054,Fear,Joy,0.03137867325671871
0.0032048987003265054,Fear,Pride,0.018926065061460447
0.0032048987003265054,Fear,Sadness,0.24786502313305753
0.0032048987003265054,Fear,Shame,0.12403807468816952
0.0032048987003265054,Happiness,Boredom,0.47107006350894376
0.0032048987003265054,Happiness,Fear,0.007960548576404205
0.0032048987003265054,Happiness,Happiness,0.33756316523891117
0.0032048987003265054,Happiness,Joy,0.03031390365628095
0.0032048987003265054,Happiness,Pride,0.07680067923407591
0.0032048987003265054,Happiness,Sadness,0.013463984925190053
0.0032048987003265054,Happiness,Shame,0.06282765486019415
0.0032048987003265054,Joy,Boredom,0.010330496333210626
0.0032048987003265054,Joy,Fear,0.0402837534772486
0.0032048987003265054,Joy,Happiness,0.10755626692266115
0.0032048987003265054,Joy,Joy,0.3544794691460097
0.0032048987003265054,Joy,Pride,0.2710891140780022
0.0032048987003265054,Joy,Sadness,0.020483337327315554
0.0032048987003265054,Joy,Shame,0.19577756271555222
0.0032048987003265054,Pride,Boredom,0.016248157639721948
0.0032048987003265054,Pride,Fear,0.02218372605543236
0.0032048987003265054,Pride,Happiness,0.19141124520626723
0.0032048987003265054,Pride,Joy,0.29169760529078687
0.0032048987003265054,Pride,Pride,0.2587247465067988
0.0032048987003265054,Pride,Sadness,0.019325568701853684
0.0032048987003265054,Pride,Shame,0.2004089505991393
0.0032048987003265054,Sadness,Boredom,0.010716770236820439
0.0032048987003265054,Sadness,Fear,0.31762710219639206
0.0032048987003265054,Sadness,Happiness,0.02362779153419362
0.0032048987003265054,Sadness,Joy,0.013339060875037029
0.0032048987003265054,Sadness,Pride,0.0181048153863615
0.0032048987003265054,Sadness,Sadness,0.497085653776402
0.0032048987003265054,Sadness,Shame,0.11949880599479368
0.0032048987003265054,Shame,Boredom,0.00638993663902023
0.0032048987003265054,Shame,Fear,0.47411199200630305
0.0032048987003265054,Shame,Happiness,0.021107438121277255
0.0032048987003265054,Shame,Joy,0.06516175405107591
0.0032048987003265054,Shame,Pride,0.05245942311285071
0.0032048987003265054,Shame,Sadness,0.1966809899830755
0.0032048987003265054,Shame,Shame,0.18408846608639787
0.003060704997888054,Boredom,Boredom,0.5186582164765936
0.003060704997888054,Boredom,Fear,0.007905956514666496
0.003060704997888054,Boredom,Happiness,0.3222640566442399
0.003060704997888054,Boredom,Joy,0.019758202055155577
0.003060704997888054,Boredom,Pride,0.06500710865247401
0.003060704997888054,Boredom,Sadness,0.015659990405663255
0.003060704997888054,Boredom,Shame,0.050746469251207016
0.003060704997888054,Fear,Boredom,0.0031949959688979362
0.003060704997888054,Fear,Fear,0.5374868693919846
0.003060704997888054,Fear,Happiness,0.01328198787421408
0.003060704997888054,Fear,Joy,0.033725350563378075
0.003060704997888054,Fear,Pride,0.02027071180120795
0.003060704997888054,Fear,Sadness,0.26128575473653987
0.003060704997888054,Fear,Shame,0.1307543296637776
0.003060704997888054,Happiness,Boredom,0.4682149914754425
0.003060704997888054,Happiness,Fear,0.00859343432683479
0.003060704997888054,Happiness,Happiness,0.3285611138215242
0.003060704997888054,Happiness,Joy,0.03538736184950214
0.003060704997888054,Happiness,Pride,0.07619802626797827
0.003060704997888054,Happiness,Sadness,0.014145649837946311
0.003060704997888054,Happiness,Shame,0.06889942242077172
0.003060704997888054,Joy,Boredom,0.010866245151154872
0.003060704997888054,Joy,Fear,0.040838177267906665
0.003060704997888054,Joy,Happiness,0.12480692594539566
0.003060704997888054,Joy,Joy,0.3425719683095536
0.003060704997888054,Joy,Pride,0.2665927451063745
0.003060704997888054,Joy,Sadness,0.020320305565911027
0.003060704997888054,Joy,Shame,0.1940036326537038
0.003060704997888054,Pride,Boredom,0.016981106979475413
0.003060704997888054,Pride,Fear,0.022908694445925436
0.003060704997888054,Pride,Happiness,0.20217422051133546
0.003060704997888054,Pride,Joy,0.2810114126972513
0.003060704997888054,Pride,Pride,0.25797370037982853
0.003060704997888054,Pride,Sadness,0.019623383391278382
0.003060704997888054,Pride,Shame,0.1993274815949053
0.003060704997888054,Sadness,Boredom,0.011237629659890188
0.003060704997888054,Sadness,Fear,0.3255478277643501
0.003060704997888054,Sadness,Happiness,0.025540972501695097
0.003060704997888054,Sadness,Joy,0.014608661843272556
0.003060704997888054,Sadness,Pride,0.019201726144110143
0.003060704997888054,Sadness,Sadness,0.4797885785993646
0.003060704997888054,Sadness,Shame,0.12407460348731737
0.003060704997888054,Shame,Boredom,0.006934883437672648
0.003060704997888054,Shame,Fear,0.4546916301395223
0.003060704997888054,Shame,Happiness,0.024634401059633913
0.003060704997888054,Shame,Joy,0.06872814666542687
0.003060704997888054,Shame,Pride,0.05511030495072479
0.003060704997888054,Shame,Sadness,0.20409195538608113
0.003060704997888054,Shame,Shame,0.1858086783609382
0.0033836372929346046,Boredom,Boredom,0.4874703876385581
0.0033836372929346046,Boredom,Fear,0.008261413611448894
0.0033836372929346046,Boredom,Happiness,0.32823594717573523
0.0033836372929346046,Boredom,Joy,0.01951947894094481
0.0033836372929346046,Boredom,Pride,0.0725936593964647
0.0033836372929346046,Boredom,Sadness,0.019698631809597182
0.0033836372929346046,Boredom,Shame,0.06422048142725093
0.0033836372929346046,Fear,Boredom,0.003245537778926284
0.0033836372929346046,Fear,Fear,0.4831533728126647
0.0033836372929346046,Fear,Happiness,0.009962180316060948
0.0033836372929346046,Fear,Joy,0.03662851931217923
0.0033836372929346046,Fear,Pride,0.02442994044286789
0.0033836372929346046,Fear,Sadness,0.2856211216759631
0.0033836372929346046,Fear,Shame,0.15695932766133816
0.0033836372929346046,Happiness,Boredom,0.4349937597565978
0.0033836372929346046,Happiness,Fear,0.009125471231187315
0.0033836372929346046,Happiness,Happiness,0.33557355999156957
0.0033836372929346046,Happiness,Joy,0.03263208023131636
0.0033836372929346046,Happiness,Pride,0.0904766324346036
0.0033836372929346046,Happiness,Sadness,0.01633154814060979
0.0033836372929346046,Happiness,Shame,0.08086694821411515
0.0033836372929346046,Joy,Boredom,0.00833190877115562
0.0033836372929346046,Joy,Fear,0.03771188470086429
0.0033836372929346046,Joy,Happiness,0.07575328403279273
0.0033836372929346046,Joy,Joy,0.33345702562444024
0.0033836372929346046,Joy,Pride,0.28225361394030674
0.0033836372929346046,Joy,Sadness,0.019290127149530798
0.0033836372929346046,Joy,Shame,0.24320215578090978
0.0033836372929346046,Pride,Boredom,0.01233040484615833
0.0033836372929346046,Pride,Fear,0.020378080476083145
0.0033836372929346046,Pride,Happiness,0.10601344320671711
0.0033836372929346046,Pride,Joy,0.31237896669239024
0.0033836372929346046,Pride,Pride,0.2754451428589493
0.0033836372929346046,Pride,Sadness,0.019752228788040106
0.0033836372929346046,Pride,Shame,0.25370173313166183
0.0033836372929346046,Sadness,Boredom,0.008776840812559205
0.0033836372929346046,Sadness,Fear,0.2164517802561243
0.0033836372929346046,Sadness,Happiness,0.021000104998730795
0.0033836372929346046,Sadness,Joy,0.01332151033973227
0.0033836372929346046,Sadness,Pride,0.020661191316699547
0.0033836372929346046,Sadness,Sadness,0.5769576871083326
0.0033836372929346046,Sadness,Shame,0.14283088516782103
0.0033836372929346046,Shame,Boredom,0.007306587095701702
0.0033836372929346046,Shame,Fear,0.3934083521884292
0.0033836372929346046,Shame,Happiness,0.019368569755590155
0.0033836372929346046,Shame,Joy,0.07287569488986877
0.0033836372929346046,Shame,Pride,0.06760573852283709
0.0033836372929346046,Shame,Sadness,0.20576574226543315
0.0033836372929346046,Shame,Shame,0.23366931528214
0.0030567129682888593,Boredom,Boredom,0.5192976883179915
0.0030567129682888593,Boredom,Fear,0.00790499894187731
0.0030567129682888593,Boredom,Happiness,0.3211757047403323
0.0030567129682888593,Boredom,Joy,0.019643186540495503
0.0030567129682888593,Boredom,Pride,0.06459197804210175
0.0030567129682888593,Boredom,Sadness,0.016362179876158563
0.0030567129682888593,Boredom,Shame,0.05102426354104309
0.0030567129682888593,Fear,Boredom,0.0031641792358063736
0.0030567129682888593,Fear,Fear,0.5375389366311581
0.0030567129682888593,Fear,Happiness,0.013189575124246794
0.0030567129682888593,Fear,Joy,0.0335746547735113
0.0030567129682888593,Fear,Pride,0.020004058133461497
0.0030567129682888593,Fear,Sadness,0.26319146147537814
0.0030567129682888593,Fear,Shame,0.129337134626438
0.0030567129682888593,Happiness,Boredom,0.4678487661386063
0.0030567129682888593,Happiness,Fear,0.008526387836016829
0.0030567129682888593,Happiness,Happiness,0.32770041190570404
0.0030567129682888593,Happiness,Joy,0.03518985766676334
0.0030567129682888593,Happiness,Pride,0.07607482614437884
0.0030567129682888593,Happiness,Sadness,0.014081471942875933
0.0030567129682888593,Happiness,Shame,0.07057827836565475
0.0030567129682888593,Joy,Boredom,0.010815606626782936
0.0030567129682888593,Joy,Fear,0.04080100970946232
0.0030567129682888593,Joy,Happiness,0.12437173014887616
0.0030567129682888593,Joy,Joy,0.34195012063437763
0.0030567129682888593,Joy,Pride,0.26688880763803285
0.0030567129682888593,Joy,Sadness,0.020045714817143106
0.0030567129682888593,Joy,Shame,0.1951270104253254
0.0030567129682888593,Pride,Boredom,0.016817467569389736
0.0030567129682888593,Pride,Fear,0.02275561733832419
0.0030567129682888593,Pride,Happiness,0.2019572093515219
0.0030567129682888593,Pride,Joy,0.28060248970226465
0.0030567129682888593,Pride,Pride,0.25797660874980066
0.0030567129682888593,Pride,Sadness,0.019352415956655423
0.0030567129682888593,Pride,Shame,0.20053819133204387
0.0030567129682888593,Sadness,Boredom,0.011461673469179296
0.0030567129682888593,Sadness,Fear,0.3264248036575508
0.0030567129682888593,Sadness,Happiness,0.025375433273215016
0.0030567129682888593,Sadness,Joy,0.014461344408877034
0.0030567129682888593,Sadness,Pride,0.018967485429397805
0.0030567129682888593,Sadness,Sadness,0.4813497389778909
0.0030567129682888593,Sadness,Shame,0.12195952078388884
0.0030567129682888593,Shame,Boredom,0.0069569220571729035
0.0030567129682888593,Shame,Fear,0.45634492462780085
0.0030567129682888593,Shame,Happiness,0.024473970188614788
0.0030567129682888593,Shame,Joy,0.06869212754003033
0.0030567129682888593,Shame,Pride,0.05127568867117907
0.0030567129682888593,Shame,Sadness,0.20680649939248938
0.0030567129682888593,Shame,Shame,0.18544986752271284
0.0030910779914843987,Boredom,Boredom,0.5060123706705928
0.0030910779914843987,Boredom,Fear,0.007525432895957407
0.0030910779914843987,Boredom,Happiness,0.32658826302893473
0.0030910779914843987,Boredom,Joy,0.018746535688412707
0.0030910779914843987,Boredom,Pride,0.06688191188668656
0.0030910779914843987,Boredom,Sadness,0.017536692605965593
0.0030910779914843987,Boredom,Shame,0.05670879322345013
0.0030910779914843987,Fear,Boredom,0.003083145264202658
0.0030910779914843987,Fear,Fear,0.5192700374002372
0.0030910779914843987,Fear,Happiness,0.011219547035671386
0.0030910779914843987,Fear,Joy,0.03465108456655957
0.0030910779914843987,Fear,Pride,0.021670155374793675
0.0030910779914843987,Fear,Sadness,0.265971509769797
0.0030910779914843987,Fear,Shame,0.1441345205887383
0.0030910779914843987,Happiness,Boredom,0.44671737363339303
0.0030910779914843987,Happiness,Fear,0.008149155950542757
0.0030910779914843987,Happiness,Happiness,0.33407176126063515
0.0030910779914843987,Happiness,Joy,0.033966213681234626
0.0030910779914843987,Happiness,Pride,0.08146613961900064
0.0030910779914843987,Happiness,Sadness,0.01461041759566829
0.0030910779914843987,Happiness,Shame,0.08101893825952568
0.0030910779914843987,Joy,Boredom,0.008914974230366177
0.0030910779914843987,Joy,Fear,0.03801437395617382
0.0030910779914843987,Joy,Happiness,0.09527127206550275
0.0030910779914843987,Joy,Joy,0.34294575764783203
0.0030910779914843987,Joy,Pride,0.27594328648440436
0.0030910779914843987,Joy,Sadness,0.019077744721625853
0.0030910779914843987,Joy,Shame,0.21983259089409538
0.0030910779914843987,Pride,Boredom,0.01361022921770581
0.0030910779914843987,Pride,Fear,0.01948740477531508
0.0030910779914843987,Pride,Happiness,0.16442293701126534
0.0030910779914843987,Pride,Joy,0.2958100090552185
0.0030910779914843987,Pride,Pride,0.2640260664990746
0.0030910779914843987,Pride,Sadness,0.01753525770555243
0.0030910779914843987,Pride,Shame,0.22510809573586796
0.0030910779914843987,Sadness,Boredom,0.009814315280533822
0.0030910779914843987,Sadness,Fear,0.2635712746217832
0.0030910779914843987,Sadness,Happiness,0.02289534519970984
0.0030910779914843987,Sadness,Joy,0.014484544175119709
0.0030910779914843987,Sadness,Pride,0.019659017216966786
0.0030910779914843987,Sadness,Sadness,0.5341672618560492
0.0030910779914843987,Sadness,Shame,0.13540824164983734
0.0030910779914843987,Shame,Boredom,0.007108885952383416
0.0030910779914843987,Shame,Fear,0.4273728738415664
0.0030910779914843987,Shame,Happiness,0.021752907624125066
0.0030910779914843987,Shame,Joy,0.07130150398955741
0.0030910779914843987,Shame,Pride,0.05743288490745944
0.0030910779914843987,Shame,Sadness,0.20048335730825653
0.0030910779914843987,Shame,Shame,0.2145475863766513
0.003434035259248978,Boredom,Boredom,0.5098734528094514
0.003434035259248978,Boredom,Fear,0.006657789369369861
0.003434035259248978,Boredom,Happiness,0.33404794315511144
0.003434035259248978,Boredom,Joy,0.01601265362179107
0.003434035259248978,Boredom,Pride,0.06460131588392923
0.003434035259248978,Boredom,Sadness,0.017238549151160198
0.003434035259248978,Boredom,Shame,0.05156829600918673
0.003434035259248978,Fear,Boredom,0.0023144909643380484
0.003434035259248978,Fear,Fear,0.575566459368149
0.003434035259248978,Fear,Happiness,0.007743955910741951
0.003434035259248978,Fear,Joy,0.02911988443992029
0.003434035259248978,Fear,Pride,0.01814323950641466
0.003434035259248978,Fear,Sadness,0.24307056226093857
0.003434035259248978,Fear,Shame,0.12404140754949763
0.003434035259248978,Happiness,Boredom,0.4514602541546438
0.003434035259248978,Happiness,Fear,0.007456950781322774
0.003434035259248978,Happiness,Happiness,0.34681350264818067
0.003434035259248978,Happiness,Joy,0.028118376049168833
0.003434035259248978,Happiness,Pride,0.08391234987652849
0.003434035259248978,Happiness,Sadness,0.013996038881833905
0.003434035259248978,Happiness,Shame,0.06824252760832093
0.003434035259248978,Joy,Boredom,0.009127950578417749
0.003434035259248978,Joy,Fear,0.03952031856814989
0.003434035259248978,Joy,Happiness,0.07875300507089629
0.003434035259248978,Joy,Joy,0.35053294580237276
0.003434035259248978,Joy,Pride,0.2805482600852556
0.003434035259248978,Joy,Sadness,0.019964186628003294
0.003434035259248978,Joy,Shame,0.2215533332669042
0.003434035259248978,Pride,Boredom,0.013118356547508076
0.003434035259248978,Pride,Fear,0.021328600932157618
0.003434035259248978,Pride,Happiness,0.11759319315698608
0.003434035259248978,Pride,Joy,0.3252324292003278
0.003434035259248978,Pride,Pride,0.27053906483443946
0.003434035259248978,Pride,Sadness,0.020678668773601885
0.003434035259248978,Pride,Shame,0.2315096865549789
0.003434035259248978,Sadness,Boredom,0.00760915188074924
0.003434035259248978,Sadness,Fear,0.2380476980358352
0.003434035259248978,Sadness,Happiness,0.018596034893227604
0.003434035259248978,Sadness,Joy,0.010515015772034791
0.003434035259248978,Sadness,Pride,0.016189276422254345
0.003434035259248978,Sadness,Sadness,0.5944304868613796
0.003434035259248978,Sadness,Shame,0.114612336134519
0.003434035259248978,Shame,Boredom,0.006088296343210059
0.003434035259248978,Shame,Fear,0.47243982226844483
0.003434035259248978,Shame,Happiness,0.01640817366773244
0.003434035259248978,Shame,Joy,0.06259916841894621
0.003434035259248978,Shame,Pride,0.050537579513922584
0.003434035259248978,Shame,Sadness,0.19047669443658943
0.003434035259248978,Shame,Shame,0.20145026535115412
0.0030057639621674584,Boredom,Boredom,0.5021846117400184
0.0030057639621674584,Boredom,Fear,0.009997451026379243
0.0030057639621674584,Boredom,Happiness,0.31341392880675617
0.0030057639621674584,Boredom,Joy,0.024955533053495682
0.0030057639621674584,Boredom,Pride,0.06883592356438041
0.0030057639621674584,Boredom,Sadness,0.02137717235949907
0.0030057639621674584,Boredom,Shame,0.059235379449471555
0.0030057639621674584,Fear,Boredom,0.00432938668900119
0.0030057639621674584,Fear,Fear,0.50631925678369
0.0030057639621674584,Fear,Happiness,0.016828563466593227
0.0030057639621674584,Fear,Joy,0.034980322304960614
0.0030057639621674584,Fear,Pride,0.02234159527991653
0.0030057639621674584,Fear,Sadness,0.2761751854272855
0.0030057639621674584,Fear,Shame,0.13902569004855275
0.0030057639621674584,Happiness,Boredom,0.45261072046420103
0.0030057639621674584,Happiness,Fear,0.010251628476307123
0.0030057639621674584,Happiness,Happiness,0.3096332440643377
0.0030057639621674584,Happiness,Joy,0.04200193984313462
0.0030057639621674584,Happiness,Pride,0.07725450390159261
0.0030057639621674584,Happiness,Sadness,0.016312302626625138
0.0030057639621674584,Happiness,Shame,0.09193566062380182
0.0030057639621674584,Joy,Boredom,0.012702236330752664
0.0030057639621674584,Joy,Fear,0.04288283669004829
0.0030057639621674584,Joy,Happiness,0.13974251175353228
0.0030057639621674584,Joy,Joy,0.3282334334743124
0.0030057639621674584,Joy,Pride,0.26471883360078197
0.0030057639621674584,Joy,Sadness,0.02207959796444943
0.0030057639621674584,Joy,Shame,0.18964055018612316
0.0030057639621674584,Pride,Boredom,0.01957927344633072
0.0030057639621674584,Pride,Fear,0.024741856754859758
0.0030057639621674584,Pride,Happiness,0.2071031895289083
0.0030057639621674584,Pride,Joy,0.2758540662301449
0.0030057639621674584,Pride,Pride,0.25737802140244204
0.0030057639621674584,Pride,Sadness,0.02157848035850771
0.0030057639621674584,Pride,Shame,0.19376511227880658
0.0030057639621674584,Sadness,Boredom,0.015527917983482274
0.0030057639621674584,Sadness,Fear,0.32924095513839174
0.0030057639621674584,Sadness,Happiness,0.029018947513727775
0.0030057639621674584,Sadness,Joy,0.017098933266518027
0.0030057639621674584,Sadness,Pride,0.02152646990453415
0.0030057639621674584,Sadness,Sadness,0.4540618600510169
0.0030057639621674584,Sadness,Shame,0.13352491614232925
0.0030057639621674584,Shame,Boredom,0.007987747124982063
0.0030057639621674584,Shame,Fear,0.4446635907440707
0.0030057639621674584,Shame,Happiness,0.02717396993785329
0.0030057639621674584,Shame,Joy,0.06865902616080102
0.0030057639621674584,Shame,Pride,0.04137390737958324
0.0030057639621674584,Shame,Sadness,0.22934790838589025
0.0030057639621674584,Shame,Shame,0.18079385026681966
0.0033455023344883565,Boredom,Boredom,0.5137346510227513
0.0033455023344883565,Boredom,Fear,0.005992003539534882
0.0033455023344883565,Boredom,Happiness,0.3381283665955286
0.0033455023344883565,Boredom,Joy,0.014886045325215449
0.0033455023344883565,Boredom,Pride,0.06271802856864284
0.0033455023344883565,Boredom,Sadness,0.015210437332459392
0.0033455023344883565,Boredom,Shame,0.049330467615867166
0.0033455023344883565,Fear,Boredom,0.0021612171233250876
0.0033455023344883565,Fear,Fear,0.576005147113911
0.0033455023344883565,Fear,Happiness,0.006775808816578591
0.0033455023344883565,Fear,Joy,0.029313110520826285
0.0033455023344883565,Fear,Pride,0.018128810761610915
0.0033455023344883565,Fear,Sadness,0.24273761710283762
0.0033455023344883565,Fear,Shame,0.12487828856090975
0.0033455023344883565,Happiness,Boredom,0.1574036295814207
0.0033455023344883565,Happiness,Fear,0.0077398928908394915
0.0033455023344883565,Happiness,Happiness,0.32958102088455665
0.0033455023344883565,Happiness,Joy,0.06088719355522556
0.0033455023344883565,Happiness,Pride,0.2419152742936567
0.0033455023344883565,Happiness,Sadness,0.015278460677957996
0.0033455023344883565,Happiness,Shame,0.18719452811634296
0.0033455023344883565,Joy,Boredom,0.008327973753296823
0.0033455023344883565,Joy,Fear,0.0381885033634913
0.0033455023344883565,Joy,Happiness,0.07496503760462349
0.0033455023344883565,Joy,Joy,0.352512503089113
0.0033455023344883565,Joy,Pride,0.28219996035549877
0.0033455023344883565,Joy,Sadness,0.017168155791361144
0.0033455023344883565,Joy,Shame,0.22663786604261524
0.0033455023344883565,Pride,Boredom,0.011329848902912788
0.0033455023344883565,Pride,Fear,0.025337230768063178
0.0033455023344883565,Pride,Happiness,0.11336626713555509
0.0033455023344883565,Pride,Joy,0.32539947759303006
0.0033455023344883565,Pride,Pride,0.27350785838407315
0.0033455023344883565,Pride,Sadness,0.02290061263163042
0.0033455023344883565,Pride,Shame,0.2281587045847357
0.0033455023344883565,Sadness,Boredom,0.007563337075703989
0.0033455023344883565,Sadness,Fear,0.24302120099067423
0.0033455023344883565,Sadness,Happiness,0.0169002258284834
0.0033455023344883565,Sadness,Joy,0.009876257232860302
0.0033455023344883565,Sadness,Pride,0.015291905343552507
0.0033455023344883565,Sadness,Sadness,0.5973584716309783
0.0033455023344883565,Sadness,Shame,0.10998860189774698
0.0033455023344883565,Shame,Boredom,0.004230596291757466
0.0033455023344883565,Shame,Fear,0.5148949073577184
0.0033455023344883565,Shame,Happiness,0.011345843521047049
0.0033455023344883565,Shame,Joy,0.047855705438062196
0.0033455023344883565,Shame,Pride,0.03251570396562809
0.0033455023344883565,Shame,Sadness,0.2134943286899336
0.0033455023344883565,Shame,Shame,0.1756629147358536
0.0034322025589849326,Boredom,Boredom,0.5251964656051339
0.0034322025589849326,Boredom,Fear,0.006672167334415631
0.0034322025589849326,Boredom,Happiness,0.3304692322427993
0.0034322025589849326,Boredom,Joy,0.01506159485160192
0.0034322025589849326,Boredom,Pride,0.06211413250242827
0.0034322025589849326,Boredom,Sadness,0.014690244781822915
0.0034322025589849326,Boredom,Shame,0.04579616268179827
0.0034322025589849326,Fear,Boredom,0.0019877681046541165
0.0034322025589849326,Fear,Fear,0.6125423019924447
0.0034322025589849326,Fear,Happiness,0.007186377381010059
0.0034322025589849326,Fear,Joy,0.026500813002932035
0.0034322025589849326,Fear,Pride,0.01543437383334776
0.0034322025589849326,Fear,Sadness,0.23358266341388387
0.0034322025589849326,Fear,Shame,0.10276570227172717
0.0034322025589849326,Happiness,Boredom,0.16713358146323867
0.0034322025589849326,Happiness,Fear,0.010144307703132236
0.0034322025589849326,Happiness,Happiness,0.32816602615884416
0.0034322025589849326,Happiness,Joy,0.06369087704548018
0.0034322025589849326,Happiness,Pride,0.2392737747541429
0.0034322025589849326,Happiness,Sadness,0.018992598327862438
0.0034322025589849326,Happiness,Shame,0.1725988345472991
0.0034322025589849326,Joy,Boredom,0.01046226112147955
0.0034322025589849326,Joy,Fear,0.041849868904515114
0.0034322025589849326,Joy,Happiness,0.0820119074382101
0.0034322025589849326,Joy,Joy,0.36347758238928535
0.0034322025589849326,Joy,Pride,0.2774845156764339
0.0034322025589849326,Joy,Sadness,0.02129877965062556
0.0034322025589849326,Joy,Shame,0.2034150848194503
0.0034322025589849326,Pride,Boredom,0.01379829438910887
0.0034322025589849326,Pride,Fear,0.02989725516883552
0.0034322025589849326,Pride,Happiness,0.10618445327959684
0.0034322025589849326,Pride,Joy,0.34596752972477274
0.0034322025589849326,Pride,Pride,0.27194703664052194
0.0034322025589849326,Pride,Sadness,0.027563121028341464
0.0034322025589849326,Pride,Shame,0.20464230976882264
0.0034322025589849326,Sadness,Boredom,0.009137956557018235
0.0034322025589849326,Sadness,Fear,0.31143668495674165
0.0034322025589849326,Sadness,Happiness,0.019764834274206736
0.0034322025589849326,Sadness,Joy,0.00941580426452425
0.0034322025589849326,Sadness,Pride,0.014904044764157234
0.0034322025589849326,Sadness,Sadness,0.5378479668858756
0.0034322025589849326,Sadness,Shame,0.09749270829747655
0.0034322025589849326,Shame,Boredom,0.003788018193322657
0.0034322025589849326,Shame,Fear,0.5557901576230108
0.0034322025589849326,Shame,Happiness,0.011601957833106205
0.0034322025589849326,Shame,Joy,0.04346377322240948
0.0034322025589849326,Shame,Pride,0.028467879122660647
0.0034322025589849326,Shame,Sadness,0.21399355792934335
0.0034322025589849326,Shame,Shame,0.14289465607614693
0.003362170631099363,Boredom,Boredom,0.5237982245400467
0.003362170631099363,Boredom,Fear,0.004633172656420321
0.003362170631099363,Boredom,Happiness,0.3422165087514403
0.003362170631099363,Boredom,Joy,0.01295310781668986
0.003362170631099363,Boredom,Pride,0.0587800276422526
0.003362170631099363,Boredom,Sadness,0.012947850545740339
0.003362170631099363,Boredom,Shame,0.044671108047410236
0.003362170631099363,Fear,Boredom,0.001642011445182702
0.003362170631099363,Fear,Fear,0.6096382961306962
0.003362170631099363,Fear,Happiness,0.004770558530957579
0.003362170631099363,Fear,Joy,0.025723539374760337
0.003362170631099363,Fear,Pride,0.0161964545503202
0.003362170631099363,Fear,Sadness,0.23280872510599246
0.003362170631099363,Fear,Shame,0.10922041486209048
0.003362170631099363,Happiness,Boredom,0.14375504996143004
0.003362170631099363,Happiness,Fear,0.006231262696117373
0.003362170631099363,Happiness,Happiness,0.3416903857645608
0.003362170631099363,Happiness,Joy,0.05965654040529575
0.003362170631099363,Happiness,Pride,0.24357853515907915
0.003362170631099363,Happiness,Sadness,0.012527464730300468
0.003362170631099363,Happiness,Shame,0.19256076128321642
0.003362170631099363,Joy,Boredom,0.007221243853029418
0.003362170631099363,Joy,Fear,0.03539032718563781
0.003362170631099363,Joy,Happiness,0.0700311487420717
0.003362170631099363,Joy,Joy,0.3553881652867353
0.003362170631099363,Joy,Pride,0.2847924730494809
0.003362170631099363,Joy,Sadness,0.01266535695849231
0.003362170631099363,Joy,Shame,0.23451128492455237
0.003362170631099363,Pride,Boredom,0.010509922000130822
0.003362170631099363,Pride,Fear,0.023362427424952852
0.003362170631099363,Pride,Happiness,0.09291547101739421
0.003362170631099363,Pride,Joy,0.3282349574175395
0.003362170631099363,Pride,Pride,0.2807701921858432
0.003362170631099363,Pride,Sadness,0.020280489555626235
0.003362170631099363,Pride,Shame,0.24392654039851308
0.003362170631099363,Sadness,Boredom,0.006776535572910502
0.003362170631099363,Sadness,Fear,0.23284763383915547
0.003362170631099363,Sadness,Happiness,0.013334019025498302
0.003362170631099363,Sadness,Joy,0.007239770990015722
0.003362170631099363,Sadness,Pride,0.0129584839757413
0.003362170631099363,Sadness,Sadness,0.6372770980599605
0.003362170631099363,Sadness,Shame,0.08956645853671807
0.003362170631099363,Shame,Boredom,0.003780487789196114
0.003362170631099363,Shame,Fear,0.539186005977347
0.003362170631099363,Shame,Happiness,0.009380881376325591
0.003362170631099363,Shame,Joy,0.04463487652827029
0.003362170631099363,Shame,Pride,0.034463772913861344
0.003362170631099363,Shame,Sadness,0.1969427715630585
0.003362170631099363,Shame,Shame,0.17161120385194104
0.003062371633059219,Boredom,Boredom,0.5619295732552675
0.003062371633059219,Boredom,Fear,0.004003005367986111
0.003062371633059219,Boredom,Happiness,0.32778917848443473
0.003062371633059219,Boredom,Joy,0.01075840581854455
0.003062371633059219,Boredom,Pride,0.050145897302517915
0.003062371633059219,Boredom,Sadness,0.011123762540620039
0.003062371633059219,Boredom,Shame,0.03425017723062919
0.003062371633059219,Fear,Boredom,0.0016514811659682261
0.003062371633059219,Fear,Fear,0.6759906534515794
0.003062371633059219,Fear,Happiness,0.005766471856834697
0.003062371633059219,Fear,Joy,0.022595788789558514
0.003062371633059219,Fear,Pride,0.013090121698790794
0.003062371633059219,Fear,Sadness,0.18704709625215477
0.003062371633059219,Fear,Shame,0.09385838678511364
0.003062371633059219,Happiness,Boredom,0.1867868790494333
0.003062371633059219,Happiness,Fear,0.007907303027944379
0.003062371633059219,Happiness,Happiness,0.3567264709897453
0.003062371633059219,Happiness,Joy,0.06185908872860994
0.003062371633059219,Happiness,Pride,0.2340043602132411
0.003062371633059219,Happiness,Sadness,0.015104876531165073
0.003062371633059219,Happiness,Shame,0.13761102145986032
0.003062371633059219,Joy,Boredom,0.008512201603486803
0.003062371633059219,Joy,Fear,0.03696783333141103
0.003062371633059219,Joy,Happiness,0.09073384018238802
0.003062371633059219,Joy,Joy,0.37651591141956026
0.003062371633059219,Joy,Pride,0.27491381118615976
0.003062371633059219,Joy,Sadness,0.015621412182910584
0.003062371633059219,Joy,Shame,0.19673499009408335
0.003062371633059219,Pride,Boredom,0.012997922508756574
0.003062371633059219,Pride,Fear,0.02389408462636066
0.003062371633059219,Pride,Happiness,0.18115090426508443
0.003062371633059219,Pride,Joy,0.30749502073874546
0.003062371633059219,Pride,Pride,0.2608052221504627
0.003062371633059219,Pride,Sadness,0.019270237327867614
0.003062371633059219,Pride,Shame,0.19438660838272226
0.003062371633059219,Sadness,Boredom,0.00854385950320622
0.003062371633059219,Sadness,Fear,0.30032294473477705
0.003062371633059219,Sadness,Happiness,0.017555605363949053
0.003062371633059219,Sadness,Joy,0.009041226397639072
0.003062371633059219,Sadness,Pride,0.01321221994013634
0.003062371633059219,Sadness,Sadness,0.5583202942470685
0.003062371633059219,Sadness,Shame,0.0930038498132238
0.003062371633059219,Shame,Boredom,0.003546582160300178
0.003062371633059219,Shame,Fear,0.6067024830636994
0.003062371633059219,Shame,Happiness,0.010483669341725798
0.003062371633059219,Shame,Joy,0.040000977978889365
0.003062371633059219,Shame,Pride,0.023829645701888964
0.003062371633059219,Shame,Sadness,0.1732168956507756
0.003062371633059219,Shame,Shame,0.14221974610272078
0.0030030283214029277,Boredom,Boredom,0.49351381494837454
0.0030030283214029277,Boredom,Fear,0.009892938099354848
0.0030030283214029277,Boredom,Happiness,0.3168813496605958
0.0030030283214029277,Boredom,Joy,0.02433343766420192
0.0030030283214029277,Boredom,Pride,0.07100736135602227
0.0030030283214029277,Boredom,Sadness,0.02173183446018044
0.0030030283214029277,Boredom,Shame,0.06263926381127033
0.0030030283214029277,Fear,Boredom,0.004173336859093938
0.0030030283214029277,Fear,Fear,0.4807648665506108
0.0030030283214029277,Fear,Happiness,0.015606378912597202
0.0030030283214029277,Fear,Joy,0.03769167569026404
0.0030030283214029277,Fear,Pride,0.024631987081861904
0.0030030283214029277,Fear,Sadness,0.2805284957857977
0.0030030283214029277,Fear,Shame,0.15660325911977382
0.0030030283214029277,Happiness,Boredom,0.15148083604047272
0.0030030283214029277,Happiness,Fear,0.012560221052661061
0.0030030283214029277,Happiness,Happiness,0.30291118206753004
0.0030030283214029277,Happiness,Joy,0.08694452661586656
0.0030030283214029277,Happiness,Pride,0.24532246773606448
0.0030030283214029277,Happiness,Sadness,0.020863420610185764
0.0030030283214029277,Happiness,Shame,0.17991734587721941
0.0030030283214029277,Joy,Boredom,0.010611312664665336
0.0030030283214029277,Joy,Fear,0.04088044063883301
0.0030030283214029277,Joy,Happiness,0.1131732137066558
0.0030030283214029277,Joy,Joy,0.3336162795293343
0.0030030283214029277,Joy,Pride,0.2704815921595598
0.0030030283214029277,Joy,Sadness,0.021617207283845318
0.0030030283214029277,Joy,Shame,0.20961995401710662
0.0030030283214029277,Pride,Boredom,0.014699358677976435
0.0030030283214029277,Pride,Fear,0.027108546095579007
0.0030030283214029277,Pride,Happiness,0.17490225281827562
0.0030030283214029277,Pride,Joy,0.2938602240596534
0.0030030283214029277,Pride,Pride,0.2615937825420135
0.0030030283214029277,Pride,Sadness,0.023513329541141586
0.0030030283214029277,Pride,Shame,0.20432250626536075
0.0030030283214029277,Sadness,Boredom,0.012947129436676006
0.0030030283214029277,Sadness,Fear,0.2793886708926298
0.0030030283214029277,Sadness,Happiness,0.027431995718438094
0.0030030283214029277,Sadness,Joy,0.01809566637340344
0.0030030283214029277,Sadness,Pride,0.023012807213624087
0.0030030283214029277,Sadness,Sadness,0.4905979861022904
0.0030030283214029277,Sadness,Shame,0.14852574426293855
0.0030030283214029277,Shame,Boredom,0.006165832862949584
0.0030030283214029277,Shame,Fear,0.44151892251516556
0.0030030283214029277,Shame,Happiness,0.02089419166062282
0.0030030283214029277,Shame,Joy,0.05652123353849379
0.0030030283214029277,Shame,Pride,0.032863794062808975
0.0030030283214029277,Shame,Sadness,0.25613377966375733
0.0030030283214029277,Shame,Shame,0.18590224569620165
0.0032095029996683584,Boredom,Boredom,0.49193162491414516
0.0032095029996683584,Boredom,Fear,0.00582853598200249
0.0032095029996683584,Boredom,Happiness,0.3427491538007517
0.0032095029996683584,Boredom,Joy,0.016333230436834448
0.0032095029996683584,Boredom,Pride,0.0671825954855203
0.0032095029996683584,Boredom,Sadness,0.017017879380316615
0.0032095029996683584,Boredom,Shame,0.058956980000429475
0.0032095029996683584,Fear,Boredom,0.0024999797591481474
0.0032095029996683584,Fear,Fear,0.534110481911838
0.0032095029996683584,Fear,Happiness,0.006732368255660099
0.0032095029996683584,Fear,Joy,0.032151258327038856
0.0032095029996683584,Fear,Pride,0.021898366373002402
0.0032095029996683584,Fear,Sadness,0.24971288804414704
0.0032095029996683584,Fear,Shame,0.15289465732916505
0.0032095029996683584,Happiness,Boredom,0.14596338255934213
0.0032095029996683584,Happiness,Fear,0.005163426323802985
0.0032095029996683584,Happiness,Happiness,0.3219624178314121
0.0032095029996683584,Happiness,Joy,0.060427032731264686
0.0032095029996683584,Happiness,Pride,0.24753924758780774
0.0032095029996683584,Happiness,Sadness,0.012671761756277369
0.0032095029996683584,Happiness,Shame,0.2062727312100935
0.0032095029996683584,Joy,Boredom,0.006084964966398202
0.0032095029996683584,Joy,Fear,0.0328801619716479
0.0032095029996683584,Joy,Happiness,0.06742873216381298
0.0032095029996683584,Joy,Joy,0.3336698703458173
0.0032095029996683584,Joy,Pride,0.2893327994889122
0.0032095029996683584,Joy,Sadness,0.014168705158074401
0.0032095029996683584,Joy,Shame,0.2564347659053369
0.0032095029996683584,Pride,Boredom,0.008735827178349866
0.0032095029996683584,Pride,Fear,0.01976073409863076
0.0032095029996683584,Pride,Happiness,0.10817238964561685
0.0032095029996683584,Pride,Joy,0.301280288616957
0.0032095029996683584,Pride,Pride,0.2812762082574878
0.0032095029996683584,Pride,Sadness,0.019642606299088858
0.0032095029996683584,Pride,Shame,0.26113194590386896
0.0032095029996683584,Sadness,Boredom,0.00674550396560273
0.0032095029996683584,Sadness,Fear,0.1577886779021849
0.0032095029996683584,Sadness,Happiness,0.015608690423988455
0.0032095029996683584,Sadness,Joy,0.012143680888773403
0.0032095029996683584,Sadness,Pride,0.018639555336772848
0.0032095029996683584,Sadness,Sadness,0.6482615434919683
0.0032095029996683584,Sadness,Shame,0.14081234799070919
0.0032095029996683584,Shame,Boredom,0.0048183618609501785
0.0032095029996683584,Shame,Fear,0.4643477937312725
0.0032095029996683584,Shame,Happiness,0.011475681717754654
0.0032095029996683584,Shame,Joy,0.05212854358445326
0.0032095029996683584,Shame,Pride,0.03866335894761754
0.0032095029996683584,Shame,Sadness,0.21272263118258192
0.0032095029996683584,Shame,Shame,0.21584362897536952
0.003321813415011387,Boredom,Boredom,0.5344598513334957
0.003321813415011387,Boredom,Fear,0.005933524836063856
0.003321813415011387,Boredom,Happiness,0.32837852069161516
0.003321813415011387,Boredom,Joy,0.014018966115971532
0.003321813415011387,Boredom,Pride,0.05966314697800512
0.003321813415011387,Boredom,Sadness,0.013348413234930105
0.003321813415011387,Boredom,Shame,0.044197576809918364
0.003321813415011387,Fear,Boredom,0.001971837583485236
0.003321813415011387,Fear,Fear,0.6095227168600926
0.003321813415011387,Fear,Happiness,0.007034863118406258
0.003321813415011387,Fear,Joy,0.026873928989790206
0.003321813415011387,Fear,Pride,0.016031356717610003
0.003321813415011387,Fear,Sadness,0.23275009106408104
0.003321813415011387,Fear,Shame,0.10581520566653402
0.003321813415011387,Happiness,Boredom,0.16737540272336607
0.003321813415011387,Happiness,Fear,0.009300961052128751
0.003321813415011387,Happiness,Happiness,0.3322190158234567
0.003321813415011387,Happiness,Joy,0.06272161890175183
0.003321813415011387,Happiness,Pride,0.23954727208720644
0.003321813415011387,Happiness,Sadness,0.01796397780117471
0.003321813415011387,Happiness,Shame,0.1708717516109151
0.003321813415011387,Joy,Boredom,0.009773757166901561
0.003321813415011387,Joy,Fear,0.04015358697687884
0.003321813415011387,Joy,Happiness,0.08055307893259481
0.003321813415011387,Joy,Joy,0.36731418251896325
0.003321813415011387,Joy,Pride,0.2770127515185748
0.003321813415011387,Joy,Sadness,0.020074781696794688
0.003321813415011387,Joy,Shame,0.20511786118929212
0.003321813415011387,Pride,Boredom,0.012912089977711434
0.003321813415011387,Pride,Fear,0.02693273234956114
0.003321813415011387,Pride,Happiness,0.12623222183055263
0.003321813415011387,Pride,Joy,0.338480621143573
0.003321813415011387,Pride,Pride,0.2672972625597302
0.003321813415011387,Pride,Sadness,0.024521265694699965
0.003321813415011387,Pride,Shame,0.20362380644417125
0.003321813415011387,Sadness,Boredom,0.00940425506001833
0.003321813415011387,Sadness,Fear,0.3137793813075547
0.003321813415011387,Sadness,Happiness,0.02024687148308281
0.003321813415011387,Sadness,Joy,0.010216066689415503
0.003321813415011387,Sadness,Pride,0.01579397765254371
0.003321813415011387,Sadness,Sadness,0.5270630245049566
0.003321813415011387,Sadness,Shame,0.10349642330242867
0.003321813415011387,Shame,Boredom,0.003840055471997903
0.003321813415011387,Shame,Fear,0.5482204133945089
0.003321813415011387,Shame,Happiness,0.011697400177936756
0.003321813415011387,Shame,Joy,0.044696156500890094
0.003321813415011387,Shame,Pride,0.0314424615526105
0.003321813415011387,Shame,Sadness,0.21099727957051512
0.003321813415011387,Shame,Shame,0.14910623333154083
0.003272009887670891,Boredom,Boredom,0.538201230991874
0.003272009887670891,Boredom,Fear,0.005175432646773636
0.003272009887670891,Boredom,Happiness,0.33073816135274176
0.003272009887670891,Boredom,Joy,0.013156798605272363
0.003272009887670891,Boredom,Pride,0.057769260592241786
0.003272009887670891,Boredom,Sadness,0.012108088855234957
0.003272009887670891,Boredom,Shame,0.042851026955861446
0.003272009887670891,Fear,Boredom,0.001672978047936356
0.003272009887670891,Fear,Fear,0.622993397434766
0.003272009887670891,Fear,Happiness,0.0059874231742026674
0.003272009887670891,Fear,Joy,0.02515940195646451
0.003272009887670891,Fear,Pride,0.015010549000206815
0.003272009887670891,Fear,Sadness,0.23228501391635242
0.003272009887670891,Fear,Shame,0.09689123647007129
0.003272009887670891,Happiness,Boredom,0.17794821479881381
0.003272009887670891,Happiness,Fear,0.007261756336217936
0.003272009887670891,Happiness,Happiness,0.3323112579508955
0.003272009887670891,Happiness,Joy,0.05991753625029296
0.003272009887670891,Happiness,Pride,0.23473432848087283
0.003272009887670891,Happiness,Sadness,0.015394843668535151
0.003272009887670891,Happiness,Shame,0.17243206251437182
0.003272009887670891,Joy,Boredom,0.009153483640647676
0.003272009887670891,Joy,Fear,0.03860026358806699
0.003272009887670891,Joy,Happiness,0.07841105155776629
0.003272009887670891,Joy,Joy,0.3697453201664212
0.003272009887670891,Joy,Pride,0.27711510215658564
0.003272009887670891,Joy,Sadness,0.017965277913563817
0.003272009887670891,Joy,Shame,0.2090095009769483
0.003272009887670891,Pride,Boredom,0.012336095193299933
0.003272009887670891,Pride,Fear,0.025024391935725143
0.003272009887670891,Pride,Happiness,0.12469828687463484
0.003272009887670891,Pride,Joy,0.3379891014528072
0.003272009887670891,Pride,Pride,0.26755654480786695
0.003272009887670891,Pride,Sadness,0.022848441577254665
0.003272009887670891,Pride,Shame,0.20954713815841136
0.003272009887670891,Sadness,Boredom,0.009514194725186107
0.003272009887670891,Sadness,Fear,0.31816592994024967
0.003272009887670891,Sadness,Happiness,0.019304009125642767
0.003272009887670891,Sadness,Joy,0.00942223429835164
0.003272009887670891,Sadness,Pride,0.015256815512365272
0.003272009887670891,Sadness,Sadness,0.5305839859020997
0.003272009887670891,Sadness,Shame,0.09775283049610549
0.003272009887670891,Shame,Boredom,0.003569144097907291
0.003272009887670891,Shame,Fear,0.5570816937348191
0.003272009887670891,Shame,Happiness,0.010870702074736309
0.003272009887670891,Shame,Joy,0.04348382113869473
0.003272009887670891,Shame,Pride,0.0331068741839434
0.003272009887670891,Shame,Sadness,0.20618324368158955
0.003272009887670891,Shame,Shame,0.14570452108830978
0.0034560130410936757,Boredom,Boredom,0.5144355555088227
0.0034560130410936757,Boredom,Fear,0.007772115386484178
0.0034560130410936757,Boredom,Happiness,0.3271328848018048
0.0034560130410936757,Boredom,Joy,0.016998949315983836
0.0034560130410936757,Boredom,Pride,0.06591705069607481
0.0034560130410936757,Boredom,Sadness,0.016974769021365875
0.0034560130410936757,Boredom,Shame,0.05076867526946373
0.0034560130410936757,Fear,Boredom,0.0021706034816393245
0.0034560130410936757,Fear,Fear,0.6040375599364439
0.0034560130410936757,Fear,Happiness,0.008248216204802768
0.0034560130410936757,Fear,Joy,0.027266129383956453
0.0034560130410936757,Fear,Pride,0.015813228141141434
0.0034560130410936757,Fear,Sadness,0.2377596433565775
0.0034560130410936757,Fear,Shame,0.10470461949543858
0.0034560130410936757,Happiness,Boredom,0.15327442449756049
0.0034560130410936757,Happiness,Fear,0.01189535831504866
0.0034560130410936757,Happiness,Happiness,0.3245528922247127
0.0034560130410936757,Happiness,Joy,0.06749633017007796
0.0034560130410936757,Happiness,Pride,0.24386992047862485
0.0034560130410936757,Happiness,Sadness,0.02197902370750727
0.0034560130410936757,Happiness,Shame,0.17693205060646772
0.0034560130410936757,Joy,Boredom,0.011156035905017389
0.0034560130410936757,Joy,Fear,0.04322877258097756
0.0034560130410936757,Joy,Happiness,0.08508347613603988
0.0034560130410936757,Joy,Joy,0.3581013246815073
0.0034560130410936757,Joy,Pride,0.2765142274122476
0.0034560130410936757,Joy,Sadness,0.02331243835380748
0.0034560130410936757,Joy,Shame,0.20260372493040288
0.0034560130410936757,Pride,Boredom,0.01401892603407815
0.0034560130410936757,Pride,Fear,0.029564787996128817
0.0034560130410936757,Pride,Happiness,0.12175092236281353
0.0034560130410936757,Pride,Joy,0.3395307473615948
0.0034560130410936757,Pride,Pride,0.267202389637442
0.0034560130410936757,Pride,Sadness,0.02744986440525218
0.0034560130410936757,Pride,Shame,0.20048236220269042
0.0034560130410936757,Sadness,Boredom,0.009225504337088273
0.0034560130410936757,Sadness,Fear,0.31244774563619016
0.0034560130410936757,Sadness,Happiness,0.02147633036950732
0.0034560130410936757,Sadness,Joy,0.010662025170948422
0.0034560130410936757,Sadness,Pride,0.01577953677307734
0.0034560130410936757,Sadness,Sadness,0.5264832476598287
0.0034560130410936757,Sadness,Shame,0.10392561005335996
0.0034560130410936757,Shame,Boredom,0.004013862446800089
0.0034560130410936757,Shame,Fear,0.5503388778825508
0.0034560130410936757,Shame,Happiness,0.012792840695755425
0.0034560130410936757,Shame,Joy,0.04407533608011292
0.0034560130410936757,Shame,Pride,0.027310071144068606
0.0034560130410936757,Shame,Sadness,0.21990275404149798
0.0034560130410936757,Shame,Shame,0.1415662577092142
0.003306185302295359,Boredom,Boredom,0.5241907733295835
0.003306185302295359,Boredom,Fear,0.006974479171210708
0.003306185302295359,Boredom,Happiness,0.32849966238059014
0.003306185302295359,Boredom,Joy,0.015649886710829234
0.003306185302295359,Boredom,Pride,0.06256569416574871
0.003306185302295359,Boredom,Sadness,0.01521615557012419
0.003306185302295359,Boredom,Shame,0.04690334867191328
0.003306185302295359,Fear,Boredom,0.0023940721800921744
0.003306185302295359,Fear,Fear,0.5864692526896356
0.003306185302295359,Fear,Happiness,0.009079791373000367
0.003306185302295359,Fear,Joy,0.02927721633935548
0.003306185302295359,Fear,Pride,0.017189567437735368
0.003306185302295359,Fear,Sadness,0.24138265212963328
0.003306185302295359,Fear,Shame,0.11420744785054736
0.003306185302295359,Happiness,Boredom,0.16123093601946892
0.003306185302295359,Happiness,Fear,0.011160287144500068
0.003306185302295359,Happiness,Happiness,0.32800584177100034
0.003306185302295359,Happiness,Joy,0.06822879174062732
0.003306185302295359,Happiness,Pride,0.24140464523150237
0.003306185302295359,Happiness,Sadness,0.019721881875853393
0.003306185302295359,Happiness,Shame,0.17024761621704765
0.003306185302295359,Joy,Boredom,0.010280573483408717
0.003306185302295359,Joy,Fear,0.0410117080045041
0.003306185302295359,Joy,Happiness,0.09323294816214417
0.003306185302295359,Joy,Joy,0.3607680014044038
0.003306185302295359,Joy,Pride,0.2739394076202356
0.003306185302295359,Joy,Sadness,0.020999701427679925
0.003306185302295359,Joy,Shame,0.19976765989762374
0.003306185302295359,Pride,Boredom,0.014066192365367117
0.003306185302295359,Pride,Fear,0.02707033562993609
0.003306185302295359,Pride,Happiness,0.16867435127797875
0.003306185302295359,Pride,Joy,0.31359705275123495
0.003306185302295359,Pride,Pride,0.2603656127399022
0.003306185302295359,Pride,Sadness,0.023105767246163936
0.003306185302295359,Pride,Shame,0.19312068798941656
0.003306185302295359,Sadness,Boredom,0.009682473462455099
0.003306185302295359,Sadness,Fear,0.3163436895987864
0.003306185302295359,Sadness,Happiness,0.021743612387837858
0.003306185302295359,Sadness,Joy,0.011946664625853488
0.003306185302295359,Sadness,Pride,0.016598071530599723
0.003306185302295359,Sadness,Sadness,0.5150469690373249
0.003306185302295359,Sadness,Shame,0.10863851935714247
0.003306185302295359,Shame,Boredom,0.004274302048382399
0.003306185302295359,Shame,Fear,0.5327531105018798
0.003306185302295359,Shame,Happiness,0.01402254129305914
0.003306185302295359,Shame,Joy,0.04692152196527233
0.003306185302295359,Shame,Pride,0.02908020066673712
0.003306185302295359,Shame,Sadness,0.22099736581128773
0.003306185302295359,Shame,Shame,0.15195095771338132
0.0032904756637827637,Boredom,Boredom,0.5137385083283119
0.0032904756637827637,Boredom,Fear,0.006296330240381103
0.0032904756637827637,Boredom,Happiness,0.3335643514966514
0.0032904756637827637,Boredom,Joy,0.015611266984983663
0.0032904756637827637,Boredom,Pride,0.06384007902144273
0.0032904756637827637,Boredom,Sadness,0.015437061955555597
0.0032904756637827637,Boredom,Shame,0.051512401972673226
0.0032904756637827637,Fear,Boredom,0.002295790074240683
0.0032904756637827637,Fear,Fear,0.565335028983617
0.0032904756637827637,Fear,Happiness,0.007575129568826681
0.0032904756637827637,Fear,Joy,0.03030667812786674
0.0032904756637827637,Fear,Pride,0.018685406601942484
0.0032904756637827637,Fear,Sadness,0.24933806659931562
0.0032904756637827637,Fear,Shame,0.12646390004419056
0.0032904756637827637,Happiness,Boredom,0.16270739526217
0.0032904756637827637,Happiness,Fear,0.008071086956751688
0.0032904756637827637,Happiness,Happiness,0.32738349154784674
0.0032904756637827637,Happiness,Joy,0.06266482255981806
0.0032904756637827637,Happiness,Pride,0.24327607095995016
0.0032904756637827637,Happiness,Sadness,0.015976815349239174
0.0032904756637827637,Happiness,Shame,0.17992031736422406
0.0032904756637827637,Joy,Boredom,0.00845630448189657
0.0032904756637827637,Joy,Fear,0.03809656145608943
0.0032904756637827637,Joy,Happiness,0.07797980730199612
0.0032904756637827637,Joy,Joy,0.3511548100296321
0.0032904756637827637,Joy,Pride,0.2808642858738598
0.0032904756637827637,Joy,Sadness,0.017859395745680587
0.0032904756637827637,Joy,Shame,0.22558883511084543
0.0032904756637827637,Pride,Boredom,0.011500406392565304
0.0032904756637827637,Pride,Fear,0.02455755460436223
0.0032904756637827637,Pride,Happiness,0.12830143719189713
0.0032904756637827637,Pride,Joy,0.3194506610503286
0.0032904756637827637,Pride,Pride,0.2698136730853067
0.0032904756637827637,Pride,Sadness,0.022251598338790188
0.0032904756637827637,Pride,Shame,0.22412466933674968
0.0032904756637827637,Sadness,Boredom,0.007986200876997957
0.0032904756637827637,Sadness,Fear,0.2502805254475912
0.0032904756637827637,Sadness,Happiness,0.018318308970168156
0.0032904756637827637,Sadness,Joy,0.011069307760470362
0.0032904756637827637,Sadness,Pride,0.016152509084252316
0.0032904756637827637,Sadness,Sadness,0.5813334839106341
0.0032904756637827637,Sadness,Shame,0.11485966394988598
0.0032904756637827637,Shame,Boredom,0.004394373319967778
0.0032904756637827637,Shame,Fear,0.5044888868631359
0.0032904756637827637,Shame,Happiness,0.012477393154948007
0.0032904756637827637,Shame,Joy,0.049360392957182524
0.0032904756637827637,Shame,Pride,0.03386450331190076
0.0032904756637827637,Shame,Sadness,0.21966743317088921
0.0032904756637827637,Shame,Shame,0.17574701722197605
0.003096575377200871,Boredom,Boredom,0.47822798598976907
0.003096575377200871,Boredom,Fear,0.01010097775808576
0.003096575377200871,Boredom,Happiness,0.3149614336901673
0.003096575377200871,Boredom,Joy,0.027193281156819946
0.003096575377200871,Boredom,Pride,0.07623194505361881
0.003096575377200871,Boredom,Sadness,0.023141387269096595
0.003096575377200871,Boredom,Shame,0.07014298908244233
0.003096575377200871,Fear,Boredom,0.0044883335053305376
0.003096575377200871,Fear,Fear,0.4357576761669678
0.003096575377200871,Fear,Happiness,0.015763076549974962
0.003096575377200871,Fear,Joy,0.04292791639867828
0.003096575377200871,Fear,Pride,0.02785493801587972
0.003096575377200871,Fear,Sadness,0.2975651769955041
0.003096575377200871,Fear,Shame,0.17564288236766473
0.003096575377200871,Happiness,Boredom,0.144712624245762
0.003096575377200871,Happiness,Fear,0.009927180682301154
0.003096575377200871,Happiness,Happiness,0.28792952263154387
0.003096575377200871,Happiness,Joy,0.08804863864444748
0.003096575377200871,Happiness,Pride,0.24758515480880292
0.003096575377200871,Happiness,Sadness,0.018742737861523234
0.003096575377200871,Happiness,Shame,0.20305414112561948
0.003096575377200871,Joy,Boredom,0.009046239801696367
0.003096575377200871,Joy,Fear,0.03827190688940753
0.003096575377200871,Joy,Happiness,0.09913803165318205
0.003096575377200871,Joy,Joy,0.32556483442976913
0.003096575377200871,Joy,Pride,0.27493638257934533
0.003096575377200871,Joy,Sadness,0.020707403951201457
0.003096575377200871,Joy,Shame,0.2323352006953984
0.003096575377200871,Pride,Boredom,0.012344449265531491
0.003096575377200871,Pride,Fear,0.02500976824929943
0.003096575377200871,Pride,Happiness,0.1507693136308532
0.003096575377200871,Pride,Joy,0.2943402278975573
0.003096575377200871,Pride,Pride,0.2665267028220222
0.003096575377200871,Pride,Sadness,0.02295133072882394
0.003096575377200871,Pride,Shame,0.22805820740591257
0.003096575377200871,Sadness,Boredom,0.011398797940887797
0.003096575377200871,Sadness,Fear,0.24310146841458838
0.003096575377200871,Sadness,Happiness,0.027221518129179945
0.003096575377200871,Sadness,Joy,0.019954635094644166
0.003096575377200871,Sadness,Pride,0.025592973588177397
0.003096575377200871,Sadness,Sadness,0.5055666091238273
0.003096575377200871,Sadness,Shame,0.167163997708695
0.003096575377200871,Shame,Boredom,0.00670233068382229
0.003096575377200871,Shame,Fear,0.39579074734525566
0.003096575377200871,Shame,Happiness,0.021319832660925287
0.003096575377200871,Shame,Joy,0.06333001235547474
0.003096575377200871,Shame,Pride,0.03870525253726901
0.003096575377200871,Shame,Sadness,0.26364636062071084
0.003096575377200871,Shame,Shame,0.21050546379654228
0.0030433451545651305,Boredom,Boredom,0.47505523608911876
0.0030433451545651305,Boredom,Fear,0.010870496283672185
0.0030433451545651305,Boredom,Happiness,0.31084159397627503
0.0030433451545651305,Boredom,Joy,0.029991750950081813
0.0030433451545651305,Boredom,Pride,0.07707295479889824
0.0030433451545651305,Boredom,Sadness,0.02328303903899779
0.0030433451545651305,Boredom,Shame,0.07288492886295599
0.0030433451545651305,Fear,Boredom,0.004904737518493458
0.0030433451545651305,Fear,Fear,0.4237417607022768
0.0030433451545651305,Fear,Happiness,0.01711567415529567
0.0030433451545651305,Fear,Joy,0.04441742864683351
0.0030433451545651305,Fear,Pride,0.028862435460306892
0.0030433451545651305,Fear,Sadness,0.30121482354590357
0.0030433451545651305,Fear,Shame,0.17974313997088995
0.0030433451545651305,Happiness,Boredom,0.1456838312687666
0.0030433451545651305,Happiness,Fear,0.01096011535558579
0.0030433451545651305,Happiness,Happiness,0.2821615943235032
0.0030433451545651305,Happiness,Joy,0.09329062833030864
0.0030433451545651305,Happiness,Pride,0.24675149758178794
0.0030433451545651305,Happiness,Sadness,0.01951131051868336
0.0030433451545651305,Happiness,Shame,0.20164102262136432
0.0030433451545651305,Joy,Boredom,0.009765655765287725
0.0030433451545651305,Joy,Fear,0.039305331001583926
0.0030433451545651305,Joy,Happiness,0.1048184773690946
0.0030433451545651305,Joy,Joy,0.3237312857511257
0.0030433451545651305,Joy,Pride,0.2734328045226521
0.0030433451545651305,Joy,Sadness,0.021780456992611223
0.0030433451545651305,Joy,Shame,0.2271659885976448
0.0030433451545651305,Pride,Boredom,0.013332929669131664
0.0030433451545651305,Pride,Fear,0.02598290347324963
0.0030433451545651305,Pride,Happiness,0.1556029845862448
0.0030433451545651305,Pride,Joy,0.29311751827771515
0.0030433451545651305,Pride,Pride,0.26573349488112025
0.0030433451545651305,Pride,Sadness,0.023628551249699203
0.0030433451545651305,Pride,Shame,0.22260161786283938
0.0030433451545651305,Sadness,Boredom,0.013382336929023351
0.0030433451545651305,Sadness,Fear,0.2503541011683857
0.0030433451545651305,Sadness,Happiness,0.0287969165280198
0.0030433451545651305,Sadness,Joy,0.021262477911733295
0.0030433451545651305,Sadness,Pride,0.026892340311056865
0.0030433451545651305,Sadness,Sadness,0.48718794119392006
0.0030433451545651305,Sadness,Shame,0.17212388595786063
0.0030433451545651305,Shame,Boredom,0.007005660855293173
0.0030433451545651305,Shame,Fear,0.3878706717034041
0.0030433451545651305,Shame,Happiness,0.022431811207590538
0.0030433451545651305,Shame,Joy,0.06467841426718277
0.0030433451545651305,Shame,Pride,0.03877670683883381
0.0030433451545651305,Shame,Sadness,0.2693869233175146
0.0030433451545651305,Shame,Shame,0.20984981181018145
0.003409926651133627,Boredom,Boredom,0.5395742948623095
0.003409926651133627,Boredom,Fear,0.005018667596254735
0.003409926651133627,Boredom,Happiness,0.3340287611796464
0.003409926651133627,Boredom,Joy,0.012639254348935296
0.003409926651133627,Boredom,Pride,0.05684302339985706
0.003409926651133627,Boredom,Sadness,0.011871044995336314
0.003409926651133627,Boredom,Shame,0.04002495361766049
0.003409926651133627,Fear,Boredom,0.0015933162835058564
0.003409926651133627,Fear,Fear,0.6377154873458238
0.003409926651133627,Fear,Happiness,0.005408912714713218
0.003409926651133627,Fear,Joy,0.024144767503473
0.003409926651133627,Fear,Pride,0.014453925630586584
0.003409926651133627,Fear,Sadness,0.2226288301895365
0.003409926651133627,Fear,Shame,0.09405476033236065
0.003409926651133627,Happiness,Boredom,0.15968834983204805
0.003409926651133627,Happiness,Fear,0.008295761140846406
0.003409926651133627,Happiness,Happiness,0.33976499374449637
0.003409926651133627,Happiness,Joy,0.06211659618892846
0.003409926651133627,Happiness,Pride,0.23828512381483805
0.003409926651133627,Happiness,Sadness,0.01627344065971647
0.003409926651133627,Happiness,Shame,0.17557573461912604
0.003409926651133627,Joy,Boredom,0.009155992606539596
0.003409926651133627,Joy,Fear,0.0390690901921556
0.003409926651133627,Joy,Happiness,0.07736297335469199
0.003409926651133627,Joy,Joy,0.3695949189565475
0.003409926651133627,Joy,Pride,0.278180497153286
0.003409926651133627,Joy,Sadness,0.017278600468244594
0.003409926651133627,Joy,Shame,0.2093579272685348
0.003409926651133627,Pride,Boredom,0.012749704414425495
0.003409926651133627,Pride,Fear,0.027805322739251064
0.003409926651133627,Pride,Happiness,0.09714038415632967
0.003409926651133627,Pride,Joy,0.3479917334519163
0.003409926651133627,Pride,Pride,0.2744276562555479
0.003409926651133627,Pride,Sadness,0.025187034640122456
0.003409926651133627,Pride,Shame,0.21469816434240702
0.003409926651133627,Sadness,Boredom,0.008912522401088875
0.003409926651133627,Sadness,Fear,0.3081480958976725
0.003409926651133627,Sadness,Happiness,0.017419373619492588
0.003409926651133627,Sadness,Joy,0.008117817907372668
0.003409926651133627,Sadness,Pride,0.013958966780731863
0.003409926651133627,Sadness,Sadness,0.5563780342793647
0.003409926651133627,Sadness,Shame,0.08706518911427713
0.003409926651133627,Shame,Boredom,0.0034168042165153662
0.003409926651133627,Shame,Fear,0.5713709637962365
0.003409926651133627,Shame,Happiness,0.009918776850510057
0.003409926651133627,Shame,Joy,0.0417014046468866
0.003409926651133627,Shame,Pride,0.03142843633255654
0.003409926651133627,Shame,Sadness,0.1991438932671152
0.003409926651133627,Shame,Shame,0.14301972089017928
0.0032069172583789195,Boredom,Boredom,0.48148291687409783
0.0032069172583789195,Boredom,Fear,0.009695119053768311
0.0032069172583789195,Boredom,Happiness,0.3191056319783666
0.0032069172583789195,Boredom,Joy,0.024106541550575136
0.0032069172583789195,Boredom,Pride,0.07528559584912917
0.0032069172583789195,Boredom,Sadness,0.02233262488268757
0.0032069172583789195,Boredom,Shame,0.06799156981137476
0.0032069172583789195,Fear,Boredom,0.004099324589856175
0.0032069172583789195,Fear,Fear,0.45094539767264785
0.0032069172583789195,Fear,Happiness,0.013943761461593242
0.0032069172583789195,Fear,Joy,0.04145476635759412
0.0032069172583789195,Fear,Pride,0.02660434279599973
0.0032069172583789195,Fear,Sadness,0.29438954871108014
0.0032069172583789195,Fear,Shame,0.16856285841122878
0.0032069172583789195,Happiness,Boredom,0.1445137468005474
0.0032069172583789195,Happiness,Fear,0.010070669686561283
0.0032069172583789195,Happiness,Happiness,0.2961824719147002
0.0032069172583789195,Happiness,Joy,0.08183033741956484
0.0032069172583789195,Happiness,Pride,0.2492139427054946
0.0032069172583789195,Happiness,Sadness,0.01848338575125789
0.0032069172583789195,Happiness,Shame,0.19970544572187385
0.0032069172583789195,Joy,Boredom,0.00886144694942731
0.0032069172583789195,Joy,Fear,0.03850453582821489
0.0032069172583789195,Joy,Happiness,0.09156769199904179
0.0032069172583789195,Joy,Joy,0.3292022823548285
0.0032069172583789195,Joy,Pride,0.2768141494871034
0.0032069172583789195,Joy,Sadness,0.02014794879761904
0.0032069172583789195,Joy,Shame,0.23490194458376487
0.0032069172583789195,Pride,Boredom,0.011937876291439928
0.0032069172583789195,Pride,Fear,0.025083133191607144
0.0032069172583789195,Pride,Happiness,0.14316886469774318
0.0032069172583789195,Pride,Joy,0.29977406968287096
0.0032069172583789195,Pride,Pride,0.2671809637334515
0.0032069172583789195,Pride,Sadness,0.022719893731174223
0.0032069172583789195,Pride,Shame,0.2301351986717129
0.0032069172583789195,Sadness,Boredom,0.009957932278255095
0.0032069172583789195,Sadness,Fear,0.23711785241548167
0.0032069172583789195,Sadness,Happiness,0.02469893288604626
0.0032069172583789195,Sadness,Joy,0.01812412692520701
0.0032069172583789195,Sadness,Pride,0.023255979412234916
0.0032069172583789195,Sadness,Sadness,0.53169161650818
0.0032069172583789195,Sadness,Shame,0.15515355957459503
0.0032069172583789195,Shame,Boredom,0.006361472167007969
0.0032069172583789195,Shame,Fear,0.4086375765758499
0.0032069172583789195,Shame,Happiness,0.019446036177032177
0.0032069172583789195,Shame,Joy,0.06169849914817488
0.0032069172583789195,Shame,Pride,0.03913679094813418
0.0032069172583789195,Shame,Sadness,0.25825598794837923
0.0032069172583789195,Shame,Shame,0.2064636370354215
0.003314766275557392,Boredom,Boredom,0.6489940738033405
0.003314766275557392,Boredom,Fear,0.0014149917935908504
0.003314766275557392,Boredom,Happiness,0.2983918817218153
0.003314766275557392,Boredom,Joy,0.004792951295636527
0.003314766275557392,Boredom,Pride,0.030958883185103973
0.003314766275557392,Boredom,Sadness,0.0037743038406801307
0.003314766275557392,Boredom,Shame,0.011672914359832729
0.003314766275557392,Fear,Boredom,0.0005421502824027507
0.003314766275557392,Fear,Fear,0.8930260612161993
0.003314766275557392,Fear,Happiness,0.0012741808800010275
0.003314766275557392,Fear,Joy,0.006317540348807757
0.003314766275557392,Fear,Pride,0.0027211270601275026
0.003314766275557392,Fear,Sadness,0.07868877291256056
0.003314766275557392,Fear,Shame,0.017430167299901236
0.003314766275557392,Happiness,Boredom,0.19963192917205747
0.003314766275557392,Happiness,Fear,0.009281355833857
0.003314766275557392,Happiness,Happiness,0.3818986158985602
0.003314766275557392,Happiness,Joy,0.06213616678869437
0.003314766275557392,Happiness,Pride,0.21509039979492914
0.003314766275557392,Happiness,Sadness,0.016821991056997884
0.003314766275557392,Happiness,Shame,0.11513954145490389
0.003314766275557392,Joy,Boredom,0.00990203369323928
0.003314766275557392,Joy,Fear,0.03579399706323062
0.003314766275557392,Joy,Happiness,0.07986981272137311
0.003314766275557392,Joy,Joy,0.45123500495874336
0.003314766275557392,Joy,Pride,0.26698203530575015
0.003314766275557392,Joy,Sadness,0.013300519145487244
0.003314766275557392,Joy,Shame,0.1429165971121762
0.003314766275557392,Pride,Boredom,0.014863103055163961
0.003314766275557392,Pride,Fear,0.023446395880513414
0.003314766275557392,Pride,Happiness,0.18056916323923744
0.003314766275557392,Pride,Joy,0.3715727812082735
0.003314766275557392,Pride,Pride,0.24748566814105222
0.003314766275557392,Pride,Sadness,0.017573042162609794
0.003314766275557392,Pride,Shame,0.14448984631314934
0.003314766275557392,Sadness,Boredom,0.010951525360813995
0.003314766275557392,Sadness,Fear,0.4787231387785382
0.003314766275557392,Sadness,Happiness,0.016775925653342964
0.003314766275557392,Sadness,Joy,0.004557333973720196
0.003314766275557392,Sadness,Pride,0.0076860815744528785
0.003314766275557392,Sadness,Sadness,0.4457441886822864
0.003314766275557392,Sadness,Shame,0.0355618059768452
0.003314766275557392,Shame,Boredom,0.00152314495888454
0.003314766275557392,Shame,Fear,0.8504660123750126
0.003314766275557392,Shame,Happiness,0.0034734216125524853
0.003314766275557392,Shame,Joy,0.014147108459681782
0.003314766275557392,Shame,Pride,0.009556035917160739
0.003314766275557392,Shame,Sadness,0.07829550240520597
0.003314766275557392,Shame,Shame,0.04253877427150177
0.003005344415214787,Boredom,Boredom,0.5141074716569766
0.003005344415214787,Boredom,Fear,0.008440315912502099
0.003005344415214787,Boredom,Happiness,0.3186428510167426
0.003005344415214787,Boredom,Joy,0.02141468529775396
0.003005344415214787,Boredom,Pride,0.06565487191905486
0.003005344415214787,Boredom,Sadness,0.01821803970240669
0.003005344415214787,Boredom,Shame,0.053521764494563404
0.003005344415214787,Fear,Boredom,0.003412541132245835
0.003005344415214787,Fear,Fear,0.5279665738649111
0.003005344415214787,Fear,Happiness,0.014395969327584584
0.003005344415214787,Fear,Joy,0.03445526647366639
0.003005344415214787,Fear,Pride,0.020683776459023022
0.003005344415214787,Fear,Sadness,0.26654054304756414
0.003005344415214787,Fear,Shame,0.1325453296950047
0.003005344415214787,Happiness,Boredom,0.1559966718540761
0.003005344415214787,Happiness,Fear,0.013091300693381368
0.003005344415214787,Happiness,Happiness,0.31786732992961936
0.003005344415214787,Happiness,Joy,0.08497650695595979
0.003005344415214787,Happiness,Pride,0.2443553171467039
0.003005344415214787,Happiness,Sadness,0.02084216619470708
0.003005344415214787,Happiness,Shame,0.16287070722555297
0.003005344415214787,Joy,Boredom,0.011161646004287432
0.003005344415214787,Joy,Fear,0.04131124120263355
0.003005344415214787,Joy,Happiness,0.12949569357602767
0.003005344415214787,Joy,Joy,0.33816611463278007
0.003005344415214787,Joy,Pride,0.2656860267101741
0.003005344415214787,Joy,Sadness,0.020341055610543522
0.003005344415214787,Joy,Shame,0.1938382222635533
0.003005344415214787,Pride,Boredom,0.016005016424378578
0.003005344415214787,Pride,Fear,0.027912180709241535
0.003005344415214787,Pride,Happiness,0.200395586950328
0.003005344415214787,Pride,Joy,0.2839140178001014
0.003005344415214787,Pride,Pride,0.25872830792556845
0.003005344415214787,Pride,Sadness,0.02261634742413139
0.003005344415214787,Pride,Shame,0.19042854276625093
0.003005344415214787,Sadness,Boredom,0.012265236461564967
0.003005344415214787,Sadness,Fear,0.32912698746301955
0.003005344415214787,Sadness,Happiness,0.02654255010674674
0.003005344415214787,Sadness,Joy,0.015386925500289295
0.003005344415214787,Sadness,Pride,0.019782102516297122
0.003005344415214787,Sadness,Sadness,0.470401128675985
0.003005344415214787,Sadness,Shame,0.12649506927609752
0.003005344415214787,Shame,Boredom,0.005460040549599201
0.003005344415214787,Shame,Fear,0.4841664993728532
0.003005344415214787,Shame,Happiness,0.020399969625996852
0.003005344415214787,Shame,Joy,0.05338895774160141
0.003005344415214787,Shame,Pride,0.029791456060607648
0.003005344415214787,Shame,Sadness,0.24291442718675796
0.003005344415214787,Shame,Shame,0.163878649462584
0.0031382878587151186,Boredom,Boredom,0.47977418174706876
0.0031382878587151186,Boredom,Fear,0.00974447424156705
0.0031382878587151186,Boredom,Happiness,0.3185776152485564
0.0031382878587151186,Boredom,Joy,0.024733555740890412
0.0031382878587151186,Boredom,Pride,0.07511913286724138
0.0031382878587151186,Boredom,Sadness,0.023326607207517374
0.0031382878587151186,Boredom,Shame,0.06872443294715838
0.0031382878587151186,Fear,Boredom,0.004213297394646293
0.0031382878587151186,Fear,Fear,0.4427250459826741
0.0031382878587151186,Fear,Happiness,0.014314846895786954
0.0031382878587151186,Fear,Joy,0.04211004741870422
0.0031382878587151186,Fear,Pride,0.027293579431821438
0.0031382878587151186,Fear,Sadness,0.29526914846176405
0.0031382878587151186,Fear,Shame,0.17407403441460295
0.0031382878587151186,Happiness,Boredom,0.1539226543458835
0.0031382878587151186,Happiness,Fear,0.009102663238629951
0.0031382878587151186,Happiness,Happiness,0.2903170608349123
0.0031382878587151186,Happiness,Joy,0.08129935324836783
0.0031382878587151186,Happiness,Pride,0.24559078504259904
0.0031382878587151186,Happiness,Sadness,0.017681472128297064
0.0031382878587151186,Happiness,Shame,0.20208601116131006
0.0031382878587151186,Joy,Boredom,0.008791223935898856
0.0031382878587151186,Joy,Fear,0.038193047107473045
0.0031382878587151186,Joy,Happiness,0.09269165742169232
0.0031382878587151186,Joy,Joy,0.3275932191740477
0.0031382878587151186,Joy,Pride,0.27676283671094876
0.0031382878587151186,Joy,Sadness,0.020792501158480064
0.0031382878587151186,Joy,Shame,0.23517551449145882
0.0031382878587151186,Pride,Boredom,0.01195758792780773
0.0031382878587151186,Pride,Fear,0.02496247891721446
0.0031382878587151186,Pride,Happiness,0.14443451453114486
0.0031382878587151186,Pride,Joy,0.2967631358489933
0.0031382878587151186,Pride,Pride,0.2678490722798551
0.0031382878587151186,Pride,Sadness,0.023215919950659396
0.0031382878587151186,Pride,Shame,0.23081729054432518
0.0031382878587151186,Sadness,Boredom,0.010885586357878637
0.0031382878587151186,Sadness,Fear,0.2390881059851384
0.0031382878587151186,Sadness,Happiness,0.02582248298695184
0.0031382878587151186,Sadness,Joy,0.01909435212539953
0.0031382878587151186,Sadness,Pride,0.02484570066040149
0.0031382878587151186,Sadness,Sadness,0.515353442123158
0.0031382878587151186,Sadness,Shame,0.1649103297610723
0.0031382878587151186,Shame,Boredom,0.006411650344973557
0.0031382878587151186,Shame,Fear,0.4007753605656027
0.0031382878587151186,Shame,Happiness,0.019681857868325874
0.0031382878587151186,Shame,Joy,0.062360796840801924
0.0031382878587151186,Shame,Pride,0.0391144573156171
0.0031382878587151186,Shame,Sadness,0.26055995126990666
0.0031382878587151186,Shame,Shame,0.21109592579477207
0.0030174120701852835,Boredom,Boredom,0.5125514267904056
0.0030174120701852835,Boredom,Fear,0.00871607801091665
0.0030174120701852835,Boredom,Happiness,0.31875034540196356
0.0030174120701852835,Boredom,Joy,0.021955172908892453
0.0030174120701852835,Boredom,Pride,0.06694357963030094
0.0030174120701852835,Boredom,Sadness,0.01726289585655069
0.0030174120701852835,Boredom,Shame,0.05382050140097062
0.0030174120701852835,Fear,Boredom,0.003594479973258924
0.0030174120701852835,Fear,Fear,0.5215519848652632
0.0030174120701852835,Fear,Happiness,0.015033441650144452
0.0030174120701852835,Fear,Joy,0.034857090806724514
0.0030174120701852835,Fear,Pride,0.02137690503979725
0.0030174120701852835,Fear,Sadness,0.26757478603755275
0.0030174120701852835,Fear,Shame,0.13601131162725916
0.0030174120701852835,Happiness,Boredom,0.16808214737663685
0.0030174120701852835,Happiness,Fear,0.012917482970660492
0.0030174120701852835,Happiness,Happiness,0.31296768103514633
0.0030174120701852835,Happiness,Joy,0.083680682144577
0.0030174120701852835,Happiness,Pride,0.2424506771341737
0.0030174120701852835,Happiness,Sadness,0.020403539665097444
0.0030174120701852835,Happiness,Shame,0.15949778967370826
0.0030174120701852835,Joy,Boredom,0.011393968476783116
0.0030174120701852835,Joy,Fear,0.041824038017534405
0.0030174120701852835,Joy,Happiness,0.13090866458975634
0.0030174120701852835,Joy,Joy,0.3367858212372596
0.0030174120701852835,Joy,Pride,0.2658580101891068
0.0030174120701852835,Joy,Sadness,0.021091417965080506
0.0030174120701852835,Joy,Shame,0.1921380795244794
0.0030174120701852835,Pride,Boredom,0.016213592008867034
0.0030174120701852835,Pride,Fear,0.028398530959902583
0.0030174120701852835,Pride,Happiness,0.20106276502423093
0.0030174120701852835,Pride,Joy,0.28369211947915596
0.0030174120701852835,Pride,Pride,0.2590088296806617
0.0030174120701852835,Pride,Sadness,0.023195008277752917
0.0030174120701852835,Pride,Shame,0.18842915456942924
0.0030174120701852835,Sadness,Boredom,0.012671307674288637
0.0030174120701852835,Sadness,Fear,0.328892417897929
0.0030174120701852835,Sadness,Happiness,0.027268754547274638
0.0030174120701852835,Sadness,Joy,0.015982566676566064
0.0030174120701852835,Sadness,Pride,0.020599759133776895
0.0030174120701852835,Sadness,Sadness,0.46380347725802923
0.0030174120701852835,Sadness,Shame,0.1307817168121354
0.0030174120701852835,Shame,Boredom,0.005548722853455894
0.0030174120701852835,Shame,Fear,0.47976668792314137
0.0030174120701852835,Shame,Happiness,0.020770933634825507
0.0030174120701852835,Shame,Joy,0.053304085550289024
0.0030174120701852835,Shame,Pride,0.03009604555830844
0.0030174120701852835,Shame,Sadness,0.24567873076956886
0.0030174120701852835,Shame,Shame,0.164834793710411
0.0030903024684698715,Boredom,Boredom,0.4771218874047249
0.0030903024684698715,Boredom,Fear,0.01088455012821827
0.0030903024684698715,Boredom,Happiness,0.31076553127228784
0.0030903024684698715,Boredom,Joy,0.029082263036328226
0.0030903024684698715,Boredom,Pride,0.07725853728013957
0.0030903024684698715,Boredom,Sadness,0.023206947632796477
0.0030903024684698715,Boredom,Shame,0.07168028324550482
0.0030903024684698715,Fear,Boredom,0.004865609426903015
0.0030903024684698715,Fear,Fear,0.4277140483749066
0.0030903024684698715,Fear,Happiness,0.017285302026881725
0.0030903024684698715,Fear,Joy,0.043696853021193485
0.0030903024684698715,Fear,Pride,0.02849042773133315
0.0030903024684698715,Fear,Sadness,0.3020465845992357
0.0030903024684698715,Fear,Shame,0.17590117481954634
0.0030903024684698715,Happiness,Boredom,0.13771257889062383
0.0030903024684698715,Happiness,Fear,0.012176137809413103
0.0030903024684698715,Happiness,Happiness,0.2858408060962869
0.0030903024684698715,Happiness,Joy,0.09355165183366182
0.0030903024684698715,Happiness,Pride,0.24904264735540652
0.0030903024684698715,Happiness,Sadness,0.021303814300292427
0.0030903024684698715,Happiness,Shame,0.20037236371431558
0.0030903024684698715,Joy,Boredom,0.010040763905007615
0.0030903024684698715,Joy,Fear,0.039906107124355474
0.0030903024684698715,Joy,Happiness,0.10438369177631539
0.0030903024684698715,Joy,Joy,0.32588608874666125
0.0030903024684698715,Joy,Pride,0.2741066017246522
0.0030903024684698715,Joy,Sadness,0.02273221382035373
0.0030903024684698715,Joy,Shame,0.2229445329026541
0.0030903024684698715,Pride,Boredom,0.013520608679225955
0.0030903024684698715,Pride,Fear,0.026472858415625224
0.0030903024684698715,Pride,Happiness,0.15568149619718127
0.0030903024684698715,Pride,Joy,0.29610091294137536
0.0030903024684698715,Pride,Pride,0.2657137751994818
0.0030903024684698715,Pride,Sadness,0.024436310259965167
0.0030903024684698715,Pride,Shame,0.2180740383071451
0.0030903024684698715,Sadness,Boredom,0.012981875780514823
0.0030903024684698715,Sadness,Fear,0.25043248899730425
0.0030903024684698715,Sadness,Happiness,0.02926141047456112
0.0030903024684698715,Sadness,Joy,0.02138130284725156
0.0030903024684698715,Sadness,Pride,0.026850344642142074
0.0030903024684698715,Sadness,Sadness,0.4893034207478204
0.0030903024684698715,Sadness,Shame,0.16978915651040571
0.0030903024684698715,Shame,Boredom,0.006869667479612344
0.0030903024684698715,Shame,Fear,0.3924606382458178
0.0030903024684698715,Shame,Happiness,0.022399007954534825
0.0030903024684698715,Shame,Joy,0.06336960253004131
0.0030903024684698715,Shame,Pride,0.038094184916112224
0.0030903024684698715,Shame,Sadness,0.27278754832076235
0.0030903024684698715,Shame,Shame,0.20401935055311926
0.0033277124052223427,Boredom,Boredom,0.5094450367181296
0.0033277124052223427,Boredom,Fear,0.008661217844929457
0.0033277124052223427,Boredom,Happiness,0.32517979720610357
0.0033277124052223427,Boredom,Joy,0.018510227344574106
0.0033277124052223427,Boredom,Pride,0.06715867351535458
0.0033277124052223427,Boredom,Sadness,0.018891849830033062
0.0033277124052223427,Boredom,Shame,0.05215319754087592
0.0033277124052223427,Fear,Boredom,0.0029909756126733577
0.0033277124052223427,Fear,Fear,0.5574546661518921
0.0033277124052223427,Fear,Happiness,0.011648775473359463
0.0033277124052223427,Fear,Joy,0.03225353949069842
0.0033277124052223427,Fear,Pride,0.01915777508599503
0.0033277124052223427,Fear,Sadness,0.25311855883153206
0.0033277124052223427,Fear,Shame,0.12337570935384909
0.0033277124052223427,Happiness,Boredom,0.16502834787536652
0.0033277124052223427,Happiness,Fear,0.013383788773202171
0.0033277124052223427,Happiness,Happiness,0.3207602154825512
0.0033277124052223427,Happiness,Joy,0.07328889843806836
0.0033277124052223427,Happiness,Pride,0.24362085483671997
0.0033277124052223427,Happiness,Sadness,0.02174943045678906
0.0033277124052223427,Happiness,Shame,0.16216846413730288
0.0033277124052223427,Joy,Boredom,0.011223403512782257
0.0033277124052223427,Joy,Fear,0.04292445857436377
0.0033277124052223427,Joy,Happiness,0.10289150989951085
0.0033277124052223427,Joy,Joy,0.34966718895474685
0.0033277124052223427,Joy,Pride,0.2718622470846049
0.0033277124052223427,Joy,Sadness,0.022950845067039267
0.0033277124052223427,Joy,Shame,0.19848034690695232
0.0033277124052223427,Pride,Boredom,0.015079927964435398
0.0033277124052223427,Pride,Fear,0.028563244338095647
0.0033277124052223427,Pride,Happiness,0.1781780478169387
0.0033277124052223427,Pride,Joy,0.30507501976117196
0.0033277124052223427,Pride,Pride,0.2587152634757521
0.0033277124052223427,Pride,Sadness,0.02417982063821599
0.0033277124052223427,Pride,Shame,0.19020867600539013
0.0033277124052223427,Sadness,Boredom,0.01029543225350863
0.0033277124052223427,Sadness,Fear,0.31771248938280333
0.0033277124052223427,Sadness,Happiness,0.024036939409021317
0.0033277124052223427,Sadness,Joy,0.013671006910235197
0.0033277124052223427,Sadness,Pride,0.01793406734730371
0.0033277124052223427,Sadness,Sadness,0.5001383918757947
0.0033277124052223427,Sadness,Shame,0.1162116728213332
0.0033277124052223427,Shame,Boredom,0.004880679342768808
0.0033277124052223427,Shame,Fear,0.5118494198209331
0.0033277124052223427,Shame,Happiness,0.01663775046264199
0.0033277124052223427,Shame,Joy,0.04967687077954796
0.0033277124052223427,Shame,Pride,0.028127818929215367
0.0033277124052223427,Shame,Sadness,0.23400972562202624
0.0033277124052223427,Shame,Shame,0.15481773504286628
0.002990614180995989,Boredom,Boredom,0.5039158433100638
0.002990614180995989,Boredom,Fear,0.009820658697646383
0.002990614180995989,Boredom,Happiness,0.3149904968870635
0.002990614180995989,Boredom,Joy,0.02482928643728234
0.002990614180995989,Boredom,Pride,0.06903965458477399
0.002990614180995989,Boredom,Sadness,0.019994405838444935
0.002990614180995989,Boredom,Shame,0.0574096542447253
0.002990614180995989,Fear,Boredom,0.004171823398307313
0.002990614180995989,Fear,Fear,0.5046156215739305
0.002990614180995989,Fear,Happiness,0.016764358428097384
0.002990614180995989,Fear,Joy,0.03573048274229984
0.002990614180995989,Fear,Pride,0.02261940607622968
0.002990614180995989,Fear,Sadness,0.2751906280894789
0.002990614180995989,Fear,Shame,0.14090767969165635
0.002990614180995989,Happiness,Boredom,0.15435216070554847
0.002990614180995989,Happiness,Fear,0.015014910452152523
0.002990614180995989,Happiness,Happiness,0.30969378035763895
0.002990614180995989,Happiness,Joy,0.09118023580022823
0.002990614180995989,Happiness,Pride,0.24548862483833161
0.002990614180995989,Happiness,Sadness,0.0223844047257827
0.002990614180995989,Happiness,Shame,0.16188588312031776
0.002990614180995989,Joy,Boredom,0.01227282052507023
0.002990614180995989,Joy,Fear,0.04288885713413051
0.002990614180995989,Joy,Happiness,0.13816689312470137
0.002990614180995989,Joy,Joy,0.3291541357899767
0.002990614180995989,Joy,Pride,0.26460811414945024
0.002990614180995989,Joy,Sadness,0.02171953323859709
0.002990614180995989,Joy,Shame,0.1911896460380739
0.002990614180995989,Pride,Boredom,0.017422232124113906
0.002990614180995989,Pride,Fear,0.029145498934674965
0.002990614180995989,Pride,Happiness,0.20332705094026232
0.002990614180995989,Pride,Joy,0.28092295120708755
0.002990614180995989,Pride,Pride,0.2584245279770841
0.002990614180995989,Pride,Sadness,0.023766516388891486
0.002990614180995989,Pride,Shame,0.18699122242788568
0.002990614180995989,Sadness,Boredom,0.01443060975640781
0.002990614180995989,Sadness,Fear,0.33000376862517883
0.002990614180995989,Sadness,Happiness,0.02847306801672545
0.002990614180995989,Sadness,Joy,0.0170027668731548
0.002990614180995989,Sadness,Pride,0.021330531570140292
0.002990614180995989,Sadness,Sadness,0.455672697222315
0.002990614180995989,Sadness,Shame,0.1330865579360777
0.002990614180995989,Shame,Boredom,0.006079907880788427
0.002990614180995989,Shame,Fear,0.46831788814642195
0.002990614180995989,Shame,Happiness,0.022273675557368942
0.002990614180995989,Shame,Joy,0.05357228074171301
0.002990614180995989,Shame,Pride,0.029731415442891256
0.002990614180995989,Shame,Sadness,0.25389562173089136
0.002990614180995989,Shame,Shame,0.16612921049992507
0.0031244678676651413,Boredom,Boredom,0.5796209960648815
0.0031244678676651413,Boredom,Fear,0.003752940438221539
0.0031244678676651413,Boredom,Happiness,0.3213484198107985
0.0031244678676651413,Boredom,Joy,0.009786885839740744
0.0031244678676651413,Boredom,Pride,0.04686070119685298
0.0031244678676651413,Boredom,Sadness,0.009280019469165774
0.0031244678676651413,Boredom,Shame,0.029350037180339544
0.0031244678676651413,Fear,Boredom,0.0012680435922969371
0.0031244678676651413,Fear,Fear,0.7474867064208492
0.0031244678676651413,Fear,Happiness,0.005115166288862719
0.0031244678676651413,Fear,Joy,0.01725075195673815
0.0031244678676651413,Fear,Pride,0.009015051310405175
0.0031244678676651413,Fear,Sadness,0.15634814524398427
0.0031244678676651413,Fear,Shame,0.0635161351868633
0.0031244678676651413,Happiness,Boredom,0.19360292675274746
0.0031244678676651413,Happiness,Fear,0.00945044143779369
0.0031244678676651413,Happiness,Happiness,0.3591655097566302
0.0031244678676651413,Happiness,Joy,0.06372722075769238
0.0031244678676651413,Happiness,Pride,0.22936662216124976
0.0031244678676651413,Happiness,Sadness,0.017101639327498808
0.0031244678676651413,Happiness,Shame,0.12758563980638743
0.0031244678676651413,Joy,Boredom,0.010002537853406534
0.0031244678676651413,Joy,Fear,0.03832140749944884
0.0031244678676651413,Joy,Happiness,0.10431563371706197
0.0031244678676651413,Joy,Joy,0.39194055611091283
0.0031244678676651413,Joy,Pride,0.26770790499967445
0.0031244678676651413,Joy,Sadness,0.016134493055232506
0.0031244678676651413,Joy,Shame,0.17157746676426305
0.0031244678676651413,Pride,Boredom,0.015923095784159347
0.0031244678676651413,Pride,Fear,0.026410058666891854
0.0031244678676651413,Pride,Happiness,0.21383967073335225
0.0031244678676651413,Pride,Joy,0.3004010466041862
0.0031244678676651413,Pride,Pride,0.25365294805213445
0.0031244678676651413,Pride,Sadness,0.01963265883155869
0.0031244678676651413,Pride,Shame,0.17014052132771743
0.0031244678676651413,Sadness,Boredom,0.010235067488812748
0.0031244678676651413,Sadness,Fear,0.38617491185610514
0.0031244678676651413,Sadness,Happiness,0.019469747122377985
0.0031244678676651413,Sadness,Joy,0.008008511226768482
0.0031244678676651413,Sadness,Pride,0.011571871418899593
0.0031244678676651413,Sadness,Sadness,0.49271076507092626
0.0031244678676651413,Sadness,Shame,0.07182912581611019
0.0031244678676651413,Shame,Boredom,0.0029257036089407806
0.0031244678676651413,Shame,Fear,0.6850857266658251
0.0031244678676651413,Shame,Happiness,0.009815124045391636
0.0031244678676651413,Shame,Joy,0.03197683938594073
0.0031244678676651413,Shame,Pride,0.017955284306232604
0.0031244678676651413,Shame,Sadness,0.1493091001382044
0.0031244678676651413,Shame,Shame,0.1029322218494649
0.0032231632020168354,Boredom,Boredom,0.5179848367283997
0.0032231632020168354,Boredom,Fear,0.005426361394096287
0.0032231632020168354,Boredom,Happiness,0.3362589150653524
0.0032231632020168354,Boredom,Joy,0.014487840259083836
0.0032231632020168354,Boredom,Pride,0.06158297174435626
0.0032231632020168354,Boredom,Sadness,0.014314443106693074
0.0032231632020168354,Boredom,Shame,0.04994463170201811
0.0032231632020168354,Fear,Boredom,0.0020616632093148402
0.0032231632020168354,Fear,Fear,0.5755584077156157
0.0032231632020168354,Fear,Happiness,0.006532055398527257
0.0032231632020168354,Fear,Joy,0.029085560184193483
0.0032231632020168354,Fear,Pride,0.018031822166556008
0.0032231632020168354,Fear,Sadness,0.24683661256656897
0.0032231632020168354,Fear,Shame,0.12189387875922399
0.0032231632020168354,Happiness,Boredom,0.1521488563154081
0.0032231632020168354,Happiness,Fear,0.006877487384202018
0.0032231632020168354,Happiness,Happiness,0.33208671724253874
0.0032231632020168354,Happiness,Joy,0.06105020242308486
0.0032231632020168354,Happiness,Pride,0.24415040031082952
0.0032231632020168354,Happiness,Sadness,0.014505789777199702
0.0032231632020168354,Happiness,Shame,0.189180546546737
0.0032231632020168354,Joy,Boredom,0.0076701063046565555
0.0032231632020168354,Joy,Fear,0.03588836946527824
0.0032231632020168354,Joy,Happiness,0.07400720012482714
0.0032231632020168354,Joy,Joy,0.35210450397340637
0.0032231632020168354,Joy,Pride,0.283070555614531
0.0032231632020168354,Joy,Sadness,0.01566229221933087
0.0032231632020168354,Joy,Shame,0.23159697229796986
0.0032231632020168354,Pride,Boredom,0.010580690549151351
0.0032231632020168354,Pride,Fear,0.02240751442870854
0.0032231632020168354,Pride,Happiness,0.12012661101171557
0.0032231632020168354,Pride,Joy,0.3198142808834844
0.0032231632020168354,Pride,Pride,0.27344065162163567
0.0032231632020168354,Pride,Sadness,0.02070707099389623
0.0032231632020168354,Pride,Shame,0.2329231805114087
0.0032231632020168354,Sadness,Boredom,0.007662235430336988
0.0032231632020168354,Sadness,Fear,0.2475849151362821
0.0032231632020168354,Sadness,Happiness,0.0171838038662238
0.0032231632020168354,Sadness,Joy,0.010072179684497896
0.0032231632020168354,Sadness,Pride,0.01569169635370071
0.0032231632020168354,Sadness,Sadness,0.5899215567208153
0.0032231632020168354,Sadness,Shame,0.1118836128081431
0.0032231632020168354,Shame,Boredom,0.004232152178134498
0.0032231632020168354,Shame,Fear,0.5085800174800902
0.0032231632020168354,Shame,Happiness,0.011538081674149358
0.0032231632020168354,Shame,Joy,0.048764977607443256
0.0032231632020168354,Shame,Pride,0.03538853514457516
0.0032231632020168354,Shame,Sadness,0.21312665618947987
0.0032231632020168354,Shame,Shame,0.17836957972612758
0.0031054640228744797,Boredom,Boredom,0.5051463624536735
0.0031054640228744797,Boredom,Fear,0.007628158513934644
0.0031054640228744797,Boredom,Happiness,0.32617996692982537
0.0031054640228744797,Boredom,Joy,0.01891475702676189
0.0031054640228744797,Boredom,Pride,0.06720070770765975
0.0031054640228744797,Boredom,Sadness,0.0181730977663753
0.0031054640228744797,Boredom,Shame,0.05675694960176931
0.0031054640228744797,Fear,Boredom,0.0030333242861182693
0.0031054640228744797,Fear,Fear,0.5227628956099591
0.0031054640228744797,Fear,Happiness,0.011060069809264448
0.0031054640228744797,Fear,Joy,0.034751944885876795
0.0031054640228744797,Fear,Pride,0.021490782687949298
0.0031054640228744797,Fear,Sadness,0.2637943529876399
0.0031054640228744797,Fear,Shame,0.1431066297331919
0.0031054640228744797,Happiness,Boredom,0.15813793243310384
0.0031054640228744797,Happiness,Fear,0.009363701543982072
0.0031054640228744797,Happiness,Happiness,0.31573273325904166
0.0031054640228744797,Happiness,Joy,0.0735523130918351
0.0031054640228744797,Happiness,Pride,0.24463639442007565
0.0031054640228744797,Happiness,Sadness,0.01791498718680994
0.0031054640228744797,Happiness,Shame,0.18066193806515204
0.0031054640228744797,Joy,Boredom,0.008994768783960737
0.0031054640228744797,Joy,Fear,0.038474831107526336
0.0031054640228744797,Joy,Happiness,0.094789559561069
0.0031054640228744797,Joy,Joy,0.34323519527606566
0.0031054640228744797,Joy,Pride,0.27547834864881493
0.0031054640228744797,Joy,Sadness,0.019495547364942124
0.0031054640228744797,Joy,Shame,0.21953174925762123
0.0031054640228744797,Pride,Boredom,0.012602615024597462
0.0031054640228744797,Pride,Fear,0.024844627254388692
0.0031054640228744797,Pride,Happiness,0.15960276782474034
0.0031054640228744797,Pride,Joy,0.30086460873749205
0.0031054640228744797,Pride,Pride,0.2646659200303989
0.0031054640228744797,Pride,Sadness,0.02208949016219916
0.0031054640228744797,Pride,Shame,0.21532997096618345
0.0031054640228744797,Sadness,Boredom,0.009580851608005163
0.0031054640228744797,Sadness,Fear,0.26457331977014636
0.0031054640228744797,Sadness,Happiness,0.02290211229806124
0.0031054640228744797,Sadness,Joy,0.014726960439734867
0.0031054640228744797,Sadness,Pride,0.01983922827540687
0.0031054640228744797,Sadness,Sadness,0.531870949485079
0.0031054640228744797,Sadness,Shame,0.13650657812356615
0.0031054640228744797,Shame,Boredom,0.005175117672240158
0.0031054640228744797,Shame,Fear,0.46995129136890407
0.0031054640228744797,Shame,Happiness,0.016540608300620912
0.0031054640228744797,Shame,Joy,0.05448951394238203
0.0031054640228744797,Shame,Pride,0.0338482093795522
0.0031054640228744797,Shame,Sadness,0.23561970154677497
0.0031054640228744797,Shame,Shame,0.1843755577895252
0.0031643208400260275,Boredom,Boredom,0.4803806262474797
0.0031643208400260275,Boredom,Fear,0.009658690636502485
0.0031643208400260275,Boredom,Happiness,0.31876233805037446
0.0031643208400260275,Boredom,Joy,0.024674901987578837
0.0031643208400260275,Boredom,Pride,0.07534883492700349
0.0031643208400260275,Boredom,Sadness,0.02265316314570032
0.0031643208400260275,Boredom,Shame,0.0685214450053604
0.0031643208400260275,Fear,Boredom,0.004154197005027122
0.0031643208400260275,Fear,Fear,0.4466707550105323
0.0031643208400260275,Fear,Happiness,0.014186924228094805
0.0031643208400260275,Fear,Joy,0.041713196889239273
0.0031643208400260275,Fear,Pride,0.02698608496498638
0.0031643208400260275,Fear,Sadness,0.29472288294049553
0.0031643208400260275,Fear,Shame,0.17156595896162463
0.0031643208400260275,Happiness,Boredom,0.1430616144707462
0.0031643208400260275,Happiness,Fear,0.009626797624855181
0.0031643208400260275,Happiness,Happiness,0.29359500155480334
0.0031643208400260275,Happiness,Joy,0.08306322177395359
0.0031643208400260275,Happiness,Pride,0.24866948584846102
0.0031643208400260275,Happiness,Sadness,0.01869400025171304
0.0031643208400260275,Happiness,Shame,0.2032898784754677
0.0031643208400260275,Joy,Boredom,0.008794213382418115
0.0031643208400260275,Joy,Fear,0.038105387084101584
0.0031643208400260275,Joy,Happiness,0.09270343351333628
0.0031643208400260275,Joy,Joy,0.3282104008510468
0.0031643208400260275,Joy,Pride,0.2767776602384385
0.0031643208400260275,Joy,Sadness,0.020610377730545457
0.0031643208400260275,Joy,Shame,0.2347985272001131
0.0031643208400260275,Pride,Boredom,0.01195006976274839
0.0031643208400260275,Pride,Fear,0.024805090804700263
0.0031643208400260275,Pride,Happiness,0.1446030602595393
0.0031643208400260275,Pride,Joy,0.2975268900330011
0.0031643208400260275,Pride,Pride,0.2676497779049364
0.0031643208400260275,Pride,Sadness,0.023057986639626823
0.0031643208400260275,Pride,Shame,0.2304071245954482
0.0031643208400260275,Sadness,Boredom,0.010406122694507858
0.0031643208400260275,Sadness,Fear,0.2380141394480155
0.0031643208400260275,Sadness,Happiness,0.025666777022954557
0.0031643208400260275,Sadness,Joy,0.018971093500529685
0.0031643208400260275,Sadness,Pride,0.024571254732141137
0.0031643208400260275,Sadness,Sadness,0.5192548914941407
0.0031643208400260275,Sadness,Shame,0.16311572110771014
0.0031643208400260275,Shame,Boredom,0.006347705036025805
0.0031643208400260275,Shame,Fear,0.40352236427772703
0.0031643208400260275,Shame,Happiness,0.019606302421576745
0.0031643208400260275,Shame,Joy,0.06196468443172108
0.0031643208400260275,Shame,Pride,0.03933484648457911
0.0031643208400260275,Shame,Sadness,0.26027408929669094
0.0031643208400260275,Shame,Shame,0.20895000805167963
0.00316862403999233,Boredom,Boredom,0.4383359661949433
0.00316862403999233,Boredom,Fear,0.010998406184213043
0.00316862403999233,Boredom,Happiness,0.31448561311597284
0.00316862403999233,Boredom,Joy,0.030033752577651018
0.00316862403999233,Boredom,Pride,0.0860661820779502
0.00316862403999233,Boredom,Sadness,0.028207585235993583
0.00316862403999233,Boredom,Shame,0.09187249461327568
0.00316862403999233,Fear,Boredom,0.006133462566690945
0.00316862403999233,Fear,Fear,0.35004521179814474
0.00316862403999233,Fear,Happiness,0.014687205118653566
0.00316862403999233,Fear,Joy,0.051079359375135296
0.00316862403999233,Fear,Pride,0.036857040396241804
0.00316862403999233,Fear,Sadness,0.3179988315810237
0.00316862403999233,Fear,Shame,0.22319888916410985
0.00316862403999233,Happiness,Boredom,0.12761699007657443
0.00316862403999233,Happiness,Fear,0.007236904703117121
0.00316862403999233,Happiness,Happiness,0.2638663950639103
0.00316862403999233,Happiness,Joy,0.08625078908524665
0.00316862403999233,Happiness,Pride,0.25115309140206965
0.00316862403999233,Happiness,Sadness,0.016156045232729517
0.00316862403999233,Happiness,Shame,0.2477197844363522
0.00316862403999233,Joy,Boredom,0.006754620281329878
0.00316862403999233,Joy,Fear,0.033632370446203264
0.00316862403999233,Joy,Happiness,0.07165387959029917
0.00316862403999233,Joy,Joy,0.30764953190013866
0.00316862403999233,Joy,Pride,0.2861144292977862
0.00316862403999233,Joy,Sadness,0.018635803883820648
0.00316862403999233,Joy,Shame,0.2755593646004222
0.00316862403999233,Pride,Boredom,0.009543440675211253
0.00316862403999233,Pride,Fear,0.0218476320354167
0.00316862403999233,Pride,Happiness,0.10318718490391554
0.00316862403999233,Pride,Joy,0.2884701548796735
0.00316862403999233,Pride,Pride,0.27931326370157383
0.00316862403999233,Pride,Sadness,0.022253082240650743
0.00316862403999233,Pride,Shame,0.27538524156355826
0.00316862403999233,Sadness,Boredom,0.01339813991622996
0.00316862403999233,Sadness,Fear,0.1393626789500604
0.00316862403999233,Sadness,Happiness,0.026063282850774725
0.00316862403999233,Sadness,Joy,0.02576958640590997
0.00316862403999233,Sadness,Pride,0.03437114472142598
0.00316862403999233,Sadness,Sadness,0.5456735976762623
0.00316862403999233,Sadness,Shame,0.2153615694793369
0.00316862403999233,Shame,Boredom,0.008436422120443909
0.00316862403999233,Shame,Fear,0.31647240258612547
0.00316862403999233,Shame,Happiness,0.019174940829456495
0.00316862403999233,Shame,Joy,0.07189850382228777
0.00316862403999233,Shame,Pride,0.049025976765693154
0.00316862403999233,Shame,Sadness,0.272292646647021
0.00316862403999233,Shame,Shame,0.2626991072289723
0.003259133723624889,Boredom,Boredom,0.5142496790309622
0.003259133723624889,Boredom,Fear,0.0059734271538222205
0.003259133723624889,Boredom,Happiness,0.3335366506814658
0.003259133723624889,Boredom,Joy,0.015414086185707492
0.003259133723624889,Boredom,Pride,0.06324629354153252
0.003259133723624889,Boredom,Sadness,0.015790877866787397
0.003259133723624889,Boredom,Shame,0.05178898553972254
0.003259133723624889,Fear,Boredom,0.0021905468883226423
0.003259133723624889,Fear,Fear,0.5705780469254739
0.003259133723624889,Fear,Happiness,0.0072561040357342
0.003259133723624889,Fear,Joy,0.029552748814110918
0.003259133723624889,Fear,Pride,0.017973265691350923
0.003259133723624889,Fear,Sadness,0.24904282604732178
0.003259133723624889,Fear,Shame,0.12340646159768554
0.003259133723624889,Happiness,Boredom,0.16221194330703448
0.003259133723624889,Happiness,Fear,0.007098946767492502
0.003259133723624889,Happiness,Happiness,0.32655318230661173
0.003259133723624889,Happiness,Joy,0.062135912159565744
0.003259133723624889,Happiness,Pride,0.24234734218848797
0.003259133723624889,Happiness,Sadness,0.015276975828107244
0.003259133723624889,Happiness,Shame,0.1843756974427002
0.003259133723624889,Joy,Boredom,0.008126698205071298
0.003259133723624889,Joy,Fear,0.03714311412224663
0.003259133723624889,Joy,Happiness,0.07787617449451466
0.003259133723624889,Joy,Joy,0.34984018189174965
0.003259133723624889,Joy,Pride,0.280718843485127
0.003259133723624889,Joy,Sadness,0.017155953577597347
0.003259133723624889,Joy,Shame,0.2291390342236931
0.003259133723624889,Pride,Boredom,0.011187020070367188
0.003259133723624889,Pride,Fear,0.023132027014654367
0.003259133723624889,Pride,Happiness,0.13136093326993886
0.003259133723624889,Pride,Joy,0.31557150875566103
0.003259133723624889,Pride,Pride,0.2694911643400476
0.003259133723624889,Pride,Sadness,0.021426894646056252
0.003259133723624889,Pride,Shame,0.22783045190327444
0.003259133723624889,Sadness,Boredom,0.008033745288941196
0.003259133723624889,Sadness,Fear,0.2499896040118943
0.003259133723624889,Sadness,Happiness,0.01825090746527404
0.003259133723624889,Sadness,Joy,0.011073732765627868
0.003259133723624889,Sadness,Pride,0.016267538279437794
0.003259133723624889,Sadness,Sadness,0.5802728078064465
0.003259133723624889,Sadness,Shame,0.11611166438237827
0.003259133723624889,Shame,Boredom,0.004359035326518881
0.003259133723624889,Shame,Fear,0.5072302901635074
0.003259133723624889,Shame,Happiness,0.01231180630645801
0.003259133723624889,Shame,Joy,0.048864898219785964
0.003259133723624889,Shame,Pride,0.032594515129627126
0.003259133723624889,Shame,Sadness,0.21849905401742034
0.003259133723624889,Shame,Shame,0.17614040083668195
0.0031390113968873343,Boredom,Boredom,0.518382101749923
0.0031390113968873343,Boredom,Fear,0.007800599438746177
0.0031390113968873343,Boredom,Happiness,0.3230468025897051
0.0031390113968873343,Boredom,Joy,0.018489207801207285
0.0031390113968873343,Boredom,Pride,0.06421971608204491
0.0031390113968873343,Boredom,Sadness,0.017393742766067706
0.0031390113968873343,Boredom,Shame,0.05066782957230596
0.0031390113968873343,Fear,Boredom,0.0028761924660072043
0.0031390113968873343,Fear,Fear,0.5546213296258954
0.0031390113968873343,Fear,Happiness,0.011901613895549473
0.0031390113968873343,Fear,Joy,0.032409126491214704
0.0031390113968873343,Fear,Pride,0.018799397160354066
0.0031390113968873343,Fear,Sadness,0.2563886977778872
0.0031390113968873343,Fear,Shame,0.12300364258309233
0.0031390113968873343,Happiness,Boredom,0.17182716825136457
0.0031390113968873343,Happiness,Fear,0.011404639383435118
0.0031390113968873343,Happiness,Happiness,0.3199989534709631
0.0031390113968873343,Happiness,Joy,0.0757074197887615
0.0031390113968873343,Happiness,Pride,0.2408942366670634
0.0031390113968873343,Happiness,Sadness,0.019154172409039615
0.0031390113968873343,Happiness,Shame,0.16101341002937278
0.0031390113968873343,Joy,Boredom,0.010615043156220545
0.0031390113968873343,Joy,Fear,0.04102516331038251
0.0031390113968873343,Joy,Happiness,0.1146312222060081
0.0031390113968873343,Joy,Joy,0.34832100922144077
0.0031390113968873343,Joy,Pride,0.2684966932758291
0.0031390113968873343,Joy,Sadness,0.020168541539764225
0.0031390113968873343,Joy,Shame,0.19674232729035507
0.0031390113968873343,Pride,Boredom,0.015039796674489162
0.0031390113968873343,Pride,Fear,0.027461768571473692
0.0031390113968873343,Pride,Happiness,0.19138883187037922
0.0031390113968873343,Pride,Joy,0.2929494556826927
0.0031390113968873343,Pride,Pride,0.2587214859067146
0.0031390113968873343,Pride,Sadness,0.022359199996129685
0.0031390113968873343,Pride,Shame,0.19207946129812017
0.0031390113968873343,Sadness,Boredom,0.01065041904470205
0.0031390113968873343,Sadness,Fear,0.32560635251906833
0.0031390113968873343,Sadness,Happiness,0.024138744125455705
0.0031390113968873343,Sadness,Joy,0.013727280006312263
0.0031390113968873343,Sadness,Pride,0.018065714012112565
0.0031390113968873343,Sadness,Sadness,0.49092658562114033
0.0031390113968873343,Sadness,Shame,0.11688490467120878
0.0031390113968873343,Shame,Boredom,0.004908494229757886
0.0031390113968873343,Shame,Fear,0.5069147944170971
0.0031390113968873343,Shame,Happiness,0.017632656368980634
0.0031390113968873343,Shame,Joy,0.050926369699069524
0.0031390113968873343,Shame,Pride,0.028542217523926015
0.0031390113968873343,Shame,Sadness,0.23313453754878546
0.0031390113968873343,Shame,Shame,0.15794093021238376
0.003238503474616657,Boredom,Boredom,0.5137067260196173
0.003238503474616657,Boredom,Fear,0.00819438098513895
0.003238503474616657,Boredom,Happiness,0.32404172630721495
0.003238503474616657,Boredom,Joy,0.018615754719622825
0.003238503474616657,Boredom,Pride,0.06575652226959335
0.003238503474616657,Boredom,Sadness,0.017788787915814303
0.003238503474616657,Boredom,Shame,0.05189610178299849
0.003238503474616657,Fear,Boredom,0.002952604863881113
0.003238503474616657,Fear,Fear,0.5554328408335596
0.003238503474616657,Fear,Happiness,0.011925553803666639
0.003238503474616657,Fear,Joy,0.03254705521349888
0.003238503474616657,Fear,Pride,0.019272124592186465
0.003238503474616657,Fear,Sadness,0.25314402839698413
0.003238503474616657,Fear,Shame,0.12472579229622305
0.003238503474616657,Happiness,Boredom,0.17299336492673614
0.003238503474616657,Happiness,Fear,0.011897039432530518
0.003238503474616657,Happiness,Happiness,0.31905680993696783
0.003238503474616657,Happiness,Joy,0.07450901849878934
0.003238503474616657,Happiness,Pride,0.24119418479907634
0.003238503474616657,Happiness,Sadness,0.019935065884955146
0.003238503474616657,Happiness,Shame,0.16041451652094477
0.003238503474616657,Joy,Boredom,0.010812154165155555
0.003238503474616657,Joy,Fear,0.041823093439124014
0.003238503474616657,Joy,Happiness,0.10954232163197213
0.003238503474616657,Joy,Joy,0.3488875160916008
0.003238503474616657,Joy,Pride,0.269580419287039
0.003238503474616657,Joy,Sadness,0.021375741360396286
0.003238503474616657,Joy,Shame,0.19797875402471163
0.003238503474616657,Pride,Boredom,0.014990703554136791
0.003238503474616657,Pride,Fear,0.027913616809646363
0.003238503474616657,Pride,Happiness,0.1857954427433332
0.003238503474616657,Pride,Joy,0.2974653223778025
0.003238503474616657,Pride,Pride,0.2584017706174558
0.003238503474616657,Pride,Sadness,0.023227934294773045
0.003238503474616657,Pride,Shame,0.19220520960285234
0.003238503474616657,Sadness,Boredom,0.010608008702105374
0.003238503474616657,Sadness,Fear,0.3205072407213977
0.003238503474616657,Sadness,Happiness,0.02419864212810672
0.003238503474616657,Sadness,Joy,0.013958560786470002
0.003238503474616657,Sadness,Pride,0.018314037205949055
0.003238503474616657,Sadness,Sadness,0.4931972830558358
0.003238503474616657,Sadness,Shame,0.11921622740013563
0.003238503474616657,Shame,Boredom,0.004904669380878995
0.003238503474616657,Shame,Fear,0.5074681961694949
0.003238503474616657,Shame,Happiness,0.017367451096114983
0.003238503474616657,Shame,Joy,0.050536501277857776
0.003238503474616657,Shame,Pride,0.02957994793537742
0.003238503474616657,Shame,Sadness,0.23194441900834994
0.003238503474616657,Shame,Shame,0.1581988151319262
0.0032080354476855945,Boredom,Boredom,0.5271078257996977
0.0032080354476855945,Boredom,Fear,0.006844322478898877
0.0032080354476855945,Boredom,Happiness,0.3269109122599344
0.0032080354476855945,Boredom,Joy,0.015961288948323
0.0032080354476855945,Boredom,Pride,0.0618082422619074
0.0032080354476855945,Boredom,Sadness,0.014531264499351463
0.0032080354476855945,Boredom,Shame,0.04683614375188755
0.0032080354476855945,Fear,Boredom,0.002528744357547439
0.0032080354476855945,Fear,Fear,0.574272712741161
0.0032080354476855945,Fear,Happiness,0.0099245540664628
0.0032080354476855945,Fear,Joy,0.030575475175295044
0.0032080354476855945,Fear,Pride,0.01805020274572007
0.0032080354476855945,Fear,Sadness,0.2468156884467521
0.0032080354476855945,Fear,Shame,0.1178326224670619
0.0032080354476855945,Happiness,Boredom,0.1638273537335041
0.0032080354476855945,Happiness,Fear,0.010783614376694877
0.0032080354476855945,Happiness,Happiness,0.32650546926262847
0.0032080354476855945,Happiness,Joy,0.07052728187980692
0.0032080354476855945,Happiness,Pride,0.2401448326990612
0.0032080354476855945,Happiness,Sadness,0.018549560792459792
0.0032080354476855945,Happiness,Shame,0.1696618872558449
0.0032080354476855945,Joy,Boredom,0.009971793971481005
0.0032080354476855945,Joy,Fear,0.04018946351196029
0.0032080354476855945,Joy,Happiness,0.10245911279594166
0.0032080354476855945,Joy,Joy,0.35665776981532926
0.0032080354476855945,Joy,Pride,0.2713789696781172
0.0032080354476855945,Joy,Sadness,0.01960925734828654
0.0032080354476855945,Joy,Shame,0.1997336328788841
0.0032080354476855945,Pride,Boredom,0.014321682216313518
0.0032080354476855945,Pride,Fear,0.026821210458046973
0.0032080354476855945,Pride,Happiness,0.18231259690632567
0.0032080354476855945,Pride,Joy,0.3010338412447177
0.0032080354476855945,Pride,Pride,0.2593775815405057
0.0032080354476855945,Pride,Sadness,0.02205525207503644
0.0032080354476855945,Pride,Shame,0.19407783555905408
0.0032080354476855945,Sadness,Boredom,0.010039021944535811
0.0032080354476855945,Sadness,Fear,0.321590192826876
0.0032080354476855945,Sadness,Happiness,0.022207947792801615
0.0032080354476855945,Sadness,Joy,0.012385779225970795
0.0032080354476855945,Sadness,Pride,0.016827915822801836
0.0032080354476855945,Sadness,Sadness,0.507128920744355
0.0032080354476855945,Sadness,Shame,0.1098202216426588
0.0032080354476855945,Shame,Boredom,0.0044614382771555935
0.0032080354476855945,Shame,Fear,0.520372345278061
0.0032080354476855945,Shame,Happiness,0.015381301306574318
0.0032080354476855945,Shame,Joy,0.048932590574823784
0.0032080354476855945,Shame,Pride,0.03162134123872366
0.0032080354476855945,Shame,Sadness,0.2230355272957688
0.0032080354476855945,Shame,Shame,0.1561954560288928
0.0032600431600202625,Boredom,Boredom,0.4826662011647296
0.0032600431600202625,Boredom,Fear,0.010019642231357807
0.0032600431600202625,Boredom,Happiness,0.32002705871590265
0.0032600431600202625,Boredom,Joy,0.023055793138010396
0.0032600431600202625,Boredom,Pride,0.07519844167298345
0.0032600431600202625,Boredom,Sadness,0.022352155588382324
0.0032600431600202625,Boredom,Shame,0.06668070748863394
0.0032600431600202625,Fear,Boredom,0.004135509414131314
0.0032600431600202625,Fear,Fear,0.4484351713193777
0.0032600431600202625,Fear,Happiness,0.013809971599076067
0.0032600431600202625,Fear,Joy,0.04160039534953851
0.0032600431600202625,Fear,Pride,0.027072263605233807
0.0032600431600202625,Fear,Sadness,0.29410336147544064
0.0032600431600202625,Fear,Shame,0.17084332723720178
0.0032600431600202625,Happiness,Boredom,0.15640086807356418
0.0032600431600202625,Happiness,Fear,0.010998712266333841
0.0032600431600202625,Happiness,Happiness,0.29664885524877543
0.0032600431600202625,Happiness,Joy,0.07734353013524119
0.0032600431600202625,Happiness,Pride,0.24727730408769905
0.0032600431600202625,Happiness,Sadness,0.019402894627016703
0.0032600431600202625,Happiness,Shame,0.19192783556136975
0.0032600431600202625,Joy,Boredom,0.009321101180190439
0.0032600431600202625,Joy,Fear,0.03984180115573363
0.0032600431600202625,Joy,Happiness,0.08935574096806419
0.0032600431600202625,Joy,Joy,0.3318601297656289
0.0032600431600202625,Joy,Pride,0.2776226201000393
0.0032600431600202625,Joy,Sadness,0.02217019215821372
0.0032600431600202625,Joy,Shame,0.22982841467212967
0.0032600431600202625,Pride,Boredom,0.012421051223138595
0.0032600431600202625,Pride,Fear,0.02646806745725944
0.0032600431600202625,Pride,Happiness,0.14069612184959226
0.0032600431600202625,Pride,Joy,0.3041364450151154
0.0032600431600202625,Pride,Pride,0.26765535139096125
0.0032600431600202625,Pride,Sadness,0.024458993705557357
0.0032600431600202625,Pride,Shame,0.22416396935837585
0.0032600431600202625,Sadness,Boredom,0.010619500201047457
0.0032600431600202625,Sadness,Fear,0.2368404716231391
0.0032600431600202625,Sadness,Happiness,0.025639535948250324
0.0032600431600202625,Sadness,Joy,0.018856201527362552
0.0032600431600202625,Sadness,Pride,0.02435687612187065
0.0032600431600202625,Sadness,Sadness,0.5233939388111221
0.0032600431600202625,Sadness,Shame,0.1602934757672082
0.0032600431600202625,Shame,Boredom,0.006124126247978721
0.0032600431600202625,Shame,Fear,0.408661604150062
0.0032600431600202625,Shame,Happiness,0.01861610598025489
0.0032600431600202625,Shame,Joy,0.060795107715371784
0.0032600431600202625,Shame,Pride,0.039427120146008326
0.0032600431600202625,Shame,Sadness,0.2626382614377205
0.0032600431600202625,Shame,Shame,0.2037376743226036
0.003231811799017517,Boredom,Boredom,0.6141464631823835
0.003231811799017517,Boredom,Fear,0.0020748202502390693
0.003231811799017517,Boredom,Happiness,0.31294175457813334
0.003231811799017517,Boredom,Joy,0.006720856656800056
0.003231811799017517,Boredom,Pride,0.03852710595408397
0.003231811799017517,Boredom,Sadness,0.005713326675053253
0.003231811799017517,Boredom,Shame,0.019875672703306438
0.003231811799017517,Fear,Boredom,0.0008165874021992277
0.003231811799017517,Fear,Fear,0.8141246511938162
0.003231811799017517,Fear,Happiness,0.0022383051226196092
0.003231811799017517,Fear,Joy,0.011668401389057885
0.003231811799017517,Fear,Pride,0.005874882266609636
0.003231811799017517,Fear,Sadness,0.12655636763612277
0.003231811799017517,Fear,Shame,0.03872080498957454
0.003231811799017517,Happiness,Boredom,0.20283954078774444
0.003231811799017517,Happiness,Fear,0.006916567086644035
0.003231811799017517,Happiness,Happiness,0.3716355616081432
0.003231811799017517,Happiness,Joy,0.05761104471013373
0.003231811799017517,Happiness,Pride,0.22052271595535636
0.003231811799017517,Happiness,Sadness,0.013416784555977737
0.003231811799017517,Happiness,Shame,0.1270577852960002
0.003231811799017517,Joy,Boredom,0.008869419462950263
0.003231811799017517,Joy,Fear,0.03622691615958167
0.003231811799017517,Joy,Happiness,0.07889335670174037
0.003231811799017517,Joy,Joy,0.4152128357494225
0.003231811799017517,Joy,Pride,0.2729139935847556
0.003231811799017517,Joy,Sadness,0.012955747964410924
0.003231811799017517,Joy,Shame,0.17492773037713857
0.003231811799017517,Pride,Boredom,0.013167849751192695
0.003231811799017517,Pride,Fear,0.022199739000334805
0.003231811799017517,Pride,Happiness,0.17019565929025693
0.003231811799017517,Pride,Joy,0.34617135544432326
0.003231811799017517,Pride,Pride,0.255398701670709
0.003231811799017517,Pride,Sadness,0.017351794621691105
0.003231811799017517,Pride,Shame,0.17551490022149197
0.003231811799017517,Sadness,Boredom,0.009871528601907454
0.003231811799017517,Sadness,Fear,0.3838623895296736
0.003231811799017517,Sadness,Happiness,0.015982137491210885
0.003231811799017517,Sadness,Joy,0.005761795571488229
0.003231811799017517,Sadness,Pride,0.009444154198102007
0.003231811799017517,Sadness,Sadness,0.5224484812106761
0.003231811799017517,Sadness,Shame,0.052629513396941836
0.003231811799017517,Shame,Boredom,0.0020255729805583444
0.003231811799017517,Shame,Fear,0.7494122661722419
0.003231811799017517,Shame,Happiness,0.0054893508955177845
0.003231811799017517,Shame,Joy,0.024329034285879788
0.003231811799017517,Shame,Pride,0.017763528662642716
0.003231811799017517,Shame,Sadness,0.12033987429741647
0.003231811799017517,Shame,Shame,0.08064037270574309
0.0034344319272990548,Boredom,Boredom,0.5240926159366545
0.0034344319272990548,Boredom,Fear,0.006687054953649539
0.0034344319272990548,Boredom,Happiness,0.32952638320950345
0.0034344319272990548,Boredom,Joy,0.015206289906086022
0.0034344319272990548,Boredom,Pride,0.06209512300498664
0.0034344319272990548,Boredom,Sadness,0.015627147192955233
0.0034344319272990548,Boredom,Shame,0.0467653857961646
0.0034344319272990548,Fear,Boredom,0.001946082280650949
0.0034344319272990548,Fear,Fear,0.6182876275539296
0.0034344319272990548,Fear,Happiness,0.0071807827774697025
0.0034344319272990548,Fear,Joy,0.026014171419057156
0.0034344319272990548,Fear,Pride,0.015185324524215869
0.0034344319272990548,Fear,Sadness,0.22999723004005293
0.0034344319272990548,Fear,Shame,0.10138878140462372
0.0034344319272990548,Happiness,Boredom,0.15620368287745393
0.0034344319272990548,Happiness,Fear,0.010406532466787043
0.0034344319272990548,Happiness,Happiness,0.3290866448601688
0.0034344319272990548,Happiness,Joy,0.06506714257705007
0.0034344319272990548,Happiness,Pride,0.2414854953993284
0.0034344319272990548,Happiness,Sadness,0.01973590877328811
0.0034344319272990548,Happiness,Shame,0.178014593045924
0.0034344319272990548,Joy,Boredom,0.010386530483097721
0.0034344319272990548,Joy,Fear,0.04183354224074126
0.0034344319272990548,Joy,Happiness,0.08203639769437075
0.0034344319272990548,Joy,Joy,0.36339290303199673
0.0034344319272990548,Joy,Pride,0.277389968961671
0.0034344319272990548,Joy,Sadness,0.021127949065249806
0.0034344319272990548,Joy,Shame,0.20383270852287264
0.0034344319272990548,Pride,Boredom,0.013560003008096039
0.0034344319272990548,Pride,Fear,0.0292514313863432
0.0034344319272990548,Pride,Happiness,0.1105480879803399
0.0034344319272990548,Pride,Joy,0.3442397508653572
0.0034344319272990548,Pride,Pride,0.2705654498664028
0.0034344319272990548,Pride,Sadness,0.026986879114090034
0.0034344319272990548,Pride,Shame,0.20484839777937064
0.0034344319272990548,Sadness,Boredom,0.008937320304508044
0.0034344319272990548,Sadness,Fear,0.31004895969764923
0.0034344319272990548,Sadness,Happiness,0.019826843384262986
0.0034344319272990548,Sadness,Joy,0.00955968906152616
0.0034344319272990548,Sadness,Pride,0.014735631769464751
0.0034344319272990548,Sadness,Sadness,0.5388008447794097
0.0034344319272990548,Sadness,Shame,0.09809071100317941
0.0034344319272990548,Shame,Boredom,0.003772736354790315
0.0034344319272990548,Shame,Fear,0.5608853002076883
0.0034344319272990548,Shame,Happiness,0.011677402008263676
0.0034344319272990548,Shame,Joy,0.04289518249596033
0.0034344319272990548,Shame,Pride,0.027788182214519355
0.0034344319272990548,Shame,Sadness,0.21083061026377858
0.0034344319272990548,Shame,Shame,0.1421505864549996
0.0031061420301537286,Boredom,Boredom,0.5040463820168211
0.0031061420301537286,Boredom,Fear,0.008220783117673481
0.0031061420301537286,Boredom,Happiness,0.32323162653482895
0.0031061420301537286,Boredom,Joy,0.020057260614704624
0.0031061420301537286,Boredom,Pride,0.06809861574528549
0.0031061420301537286,Boredom,Sadness,0.018855818455714865
0.0031061420301537286,Boredom,Shame,0.05748951351497156
0.0031061420301537286,Fear,Boredom,0.0033914146008470376
0.0031061420301537286,Fear,Fear,0.5079714864063791
0.0031061420301537286,Fear,Happiness,0.012481111238244186
0.0031061420301537286,Fear,Joy,0.03650532031713664
0.0031061420301537286,Fear,Pride,0.02260339846680045
0.0031061420301537286,Fear,Sadness,0.2690729969280333
0.0031061420301537286,Fear,Shame,0.14797427204255884
0.0031061420301537286,Happiness,Boredom,0.16600667452589046
0.0031061420301537286,Happiness,Fear,0.009981374506483858
0.0031061420301537286,Happiness,Happiness,0.310711306647979
0.0031061420301537286,Happiness,Joy,0.07544610971985005
0.0031061420301537286,Happiness,Pride,0.24241172612635517
0.0031061420301537286,Happiness,Sadness,0.018027021578577884
0.0031061420301537286,Happiness,Shame,0.17741578689486343
0.0031061420301537286,Joy,Boredom,0.009409956597220652
0.0031061420301537286,Joy,Fear,0.03928072856389158
0.0031061420301537286,Joy,Happiness,0.09929962108012137
0.0031061420301537286,Joy,Joy,0.3411160932018215
0.0031061420301537286,Joy,Pride,0.2744065407800812
0.0031061420301537286,Joy,Sadness,0.020215227864693434
0.0031061420301537286,Joy,Shame,0.21627183191217025
0.0031061420301537286,Pride,Boredom,0.01308218141622277
0.0031061420301537286,Pride,Fear,0.02574934144058218
0.0031061420301537286,Pride,Happiness,0.16387656337546413
0.0031061420301537286,Pride,Joy,0.3001360470464544
0.0031061420301537286,Pride,Pride,0.2636343863457503
0.0031061420301537286,Pride,Sadness,0.022491595172845272
0.0031061420301537286,Pride,Shame,0.21102988520268098
0.0031061420301537286,Sadness,Boredom,0.010321460426625064
0.0031061420301537286,Sadness,Fear,0.269384924472255
0.0031061420301537286,Sadness,Happiness,0.024210748061599948
0.0031061420301537286,Sadness,Joy,0.01572272873146811
0.0031061420301537286,Sadness,Pride,0.02065770671701669
0.0031061420301537286,Sadness,Sadness,0.5207232035748578
0.0031061420301537286,Sadness,Shame,0.13897922801617715
0.0031061420301537286,Shame,Boredom,0.005526541388783784
0.0031061420301537286,Shame,Fear,0.46066496771716825
0.0031061420301537286,Shame,Happiness,0.017925408380049117
0.0031061420301537286,Shame,Joy,0.056062206590754095
0.0031061420301537286,Shame,Pride,0.03323271374399985
0.0031061420301537286,Shame,Sadness,0.24157525971241814
0.0031061420301537286,Shame,Shame,0.185012902466827
0.003369590675343823,Boredom,Boredom,0.48691546789313467
0.003369590675343823,Boredom,Fear,0.00782534007624969
0.003369590675343823,Boredom,Happiness,0.33104400400013545
0.003369590675343823,Boredom,Joy,0.01902159244328956
0.003369590675343823,Boredom,Pride,0.07236977631521738
0.003369590675343823,Boredom,Sadness,0.01903180773089207
0.003369590675343823,Boredom,Shame,0.063792011541081
0.003369590675343823,Fear,Boredom,0.0031147038792458666
0.003369590675343823,Fear,Fear,0.4871676392462556
0.003369590675343823,Fear,Happiness,0.009198908615913885
0.003369590675343823,Fear,Joy,0.03641490371805465
0.003369590675343823,Fear,Pride,0.024386384423475394
0.003369590675343823,Fear,Sadness,0.28148691402768367
0.003369590675343823,Fear,Shame,0.15823054608937054
0.003369590675343823,Happiness,Boredom,0.1423362233946961
0.003369590675343823,Happiness,Fear,0.007980885137058882
0.003369590675343823,Happiness,Happiness,0.30851801868219714
0.003369590675343823,Happiness,Joy,0.06310666333838881
0.003369590675343823,Happiness,Pride,0.25091917103408856
0.003369590675343823,Happiness,Sadness,0.016689479962179666
0.003369590675343823,Happiness,Shame,0.21044955845139082
0.003369590675343823,Joy,Boredom,0.00788376154998681
0.003369590675343823,Joy,Fear,0.036887293353619906
0.003369590675343823,Joy,Happiness,0.07317581248279942
0.003369590675343823,Joy,Joy,0.3328159955456519
0.003369590675343823,Joy,Pride,0.28251184665147955
0.003369590675343823,Joy,Sadness,0.018512658233681072
0.003369590675343823,Joy,Shame,0.24821263218278156
0.003369590675343823,Pride,Boredom,0.010940706149597038
0.003369590675343823,Pride,Fear,0.025047047953653635
0.003369590675343823,Pride,Happiness,0.09369562823309
0.003369590675343823,Pride,Joy,0.3132542223248964
0.003369590675343823,Pride,Pride,0.2793854998297005
0.003369590675343823,Pride,Sadness,0.024898458471935055
0.003369590675343823,Pride,Shame,0.2527784370371273
0.003369590675343823,Sadness,Boredom,0.008319447213798473
0.003369590675343823,Sadness,Fear,0.21470317148534013
0.003369590675343823,Sadness,Happiness,0.01994604919476162
0.003369590675343823,Sadness,Joy,0.012524896655829825
0.003369590675343823,Sadness,Pride,0.020421275175826387
0.003369590675343823,Sadness,Sadness,0.5784400005125899
0.003369590675343823,Sadness,Shame,0.14564515976185366
0.003369590675343823,Shame,Boredom,0.005319919069815148
0.003369590675343823,Shame,Fear,0.4317903026041292
0.003369590675343823,Shame,Happiness,0.01409275413689269
0.003369590675343823,Shame,Joy,0.05622476552278733
0.003369590675343823,Shame,Pride,0.042197316156710095
0.003369590675343823,Shame,Sadness,0.24252717174042526
0.003369590675343823,Shame,Shame,0.20784777076924052
0.0031430620046145196,Boredom,Boredom,0.5098022035628591
0.0031430620046145196,Boredom,Fear,0.006966506771855417
0.0031430620046145196,Boredom,Happiness,0.3290775726798673
0.0031430620046145196,Boredom,Joy,0.017114443239218975
0.0031430620046145196,Boredom,Pride,0.06551745719203293
0.0031430620046145196,Boredom,Sadness,0.01678808030640425
0.0031430620046145196,Boredom,Shame,0.05473373624776255
0.0031430620046145196,Fear,Boredom,0.0027641573712010614
0.0031430620046145196,Fear,Fear,0.53649627808081
0.0031430620046145196,Fear,Happiness,0.009686318818370036
0.0031430620046145196,Fear,Joy,0.03338790877517597
0.0031430620046145196,Fear,Pride,0.020746866249502914
0.0031430620046145196,Fear,Sadness,0.2572971335611361
0.0031430620046145196,Fear,Shame,0.13962133714380387
0.0031430620046145196,Happiness,Boredom,0.15858306405915887
0.0031430620046145196,Happiness,Fear,0.008597842712267118
0.0031430620046145196,Happiness,Happiness,0.32043457337875875
0.0031430620046145196,Happiness,Joy,0.06811460978788018
0.0031430620046145196,Happiness,Pride,0.24416714558902006
0.0031430620046145196,Happiness,Sadness,0.017173493654001556
0.0031430620046145196,Happiness,Shame,0.18292927081891364
0.0031430620046145196,Joy,Boredom,0.008637555333045943
0.0031430620046145196,Joy,Fear,0.03802089206606667
0.0031430620046145196,Joy,Happiness,0.08730614193676949
0.0031430620046145196,Joy,Joy,0.3473916424321277
0.0031430620046145196,Joy,Pride,0.2779698065276494
0.0031430620046145196,Joy,Sadness,0.01891278263823525
0.0031430620046145196,Joy,Shame,0.2217611790661054
0.0031430620046145196,Pride,Boredom,0.012077578404959386
0.0031430620046145196,Pride,Fear,0.024354125683057566
0.0031430620046145196,Pride,Happiness,0.15132732202825938
0.0031430620046145196,Pride,Joy,0.3055637224457872
0.0031430620046145196,Pride,Pride,0.26653745350724073
0.0031430620046145196,Pride,Sadness,0.02180719133030414
0.0031430620046145196,Pride,Shame,0.21833260660039122
0.0031430620046145196,Sadness,Boredom,0.009082344604004776
0.0031430620046145196,Sadness,Fear,0.2591721477838913
0.0031430620046145196,Sadness,Happiness,0.021646689070803214
0.0031430620046145196,Sadness,Joy,0.013746155420909602
0.0031430620046145196,Sadness,Pride,0.019318271450293606
0.0031430620046145196,Sadness,Sadness,0.5423421762910867
0.0031430620046145196,Sadness,Shame,0.13469221537901035
0.0031430620046145196,Shame,Boredom,0.004870341512762794
0.0031430620046145196,Shame,Fear,0.47968459035728206
0.0031430620046145196,Shame,Happiness,0.014933795361164817
0.0031430620046145196,Shame,Joy,0.05288044254820756
0.0031430620046145196,Shame,Pride,0.034576391633075465
0.0031430620046145196,Shame,Sadness,0.22896863768688247
0.0031430620046145196,Shame,Shame,0.18408580090062462
0.0030645287814402822,Boredom,Boredom,0.5192492225713097
0.0030645287814402822,Boredom,Fear,0.007757851616378501
0.0030645287814402822,Boredom,Happiness,0.3223815388086432
0.0030645287814402822,Boredom,Joy,0.01915142031334992
0.0030645287814402822,Boredom,Pride,0.0644544050019071
0.0030645287814402822,Boredom,Sadness,0.016145549980689188
0.0030645287814402822,Boredom,Shame,0.05086001170772242
0.0030645287814402822,Fear,Boredom,0.0030162995955535215
0.0030645287814402822,Fear,Fear,0.5447171832693337
0.0030645287814402822,Fear,Happiness,0.012595832023405347
0.0030645287814402822,Fear,Joy,0.03320515660291514
0.0030645287814402822,Fear,Pride,0.01950439088022272
0.0030645287814402822,Fear,Sadness,0.2603300081770436
0.0030645287814402822,Fear,Shame,0.12663112945152583
0.0030645287814402822,Happiness,Boredom,0.17015015746311488
0.0030645287814402822,Happiness,Fear,0.011438503764627708
0.0030645287814402822,Happiness,Happiness,0.31902683292398276
0.0030645287814402822,Happiness,Joy,0.07784838160300041
0.0030645287814402822,Happiness,Pride,0.24110342773712784
0.0030645287814402822,Happiness,Sadness,0.018849248772764633
0.0030645287814402822,Happiness,Shame,0.16158344773538194
0.0030645287814402822,Joy,Boredom,0.010567472341259121
0.0030645287814402822,Joy,Fear,0.0406970964670398
0.0030645287814402822,Joy,Happiness,0.11993052730002998
0.0030645287814402822,Joy,Joy,0.3451012084673806
0.0030645287814402822,Joy,Pride,0.2671600629560235
0.0030645287814402822,Joy,Sadness,0.0197276643815653
0.0030645287814402822,Joy,Shame,0.19681596808670132
0.0030645287814402822,Pride,Boredom,0.015159935184044708
0.0030645287814402822,Pride,Fear,0.027378154135381527
0.0030645287814402822,Pride,Happiness,0.19509258535191007
0.0030645287814402822,Pride,Joy,0.2886093165571872
0.0030645287814402822,Pride,Pride,0.25881086596780534
0.0030645287814402822,Pride,Sadness,0.022198180844728996
0.0030645287814402822,Pride,Shame,0.19275096195894162
0.0030645287814402822,Sadness,Boredom,0.010874681647769145
0.0030645287814402822,Sadness,Fear,0.32751022228621696
0.0030645287814402822,Sadness,Happiness,0.02464534467009652
0.0030645287814402822,Sadness,Joy,0.014042600177062135
0.0030645287814402822,Sadness,Pride,0.01837722471726699
0.0030645287814402822,Sadness,Sadness,0.4861369580066693
0.0030645287814402822,Sadness,Shame,0.11841296849491863
0.0030645287814402822,Shame,Boredom,0.00505940889601495
0.0030645287814402822,Shame,Fear,0.49672185571004923
0.0030645287814402822,Shame,Happiness,0.018570797997880816
0.0030645287814402822,Shame,Joy,0.05222045663608393
0.0030645287814402822,Shame,Pride,0.030362275312176723
0.0030645287814402822,Shame,Sadness,0.2355131798422453
0.0030645287814402822,Shame,Shame,0.1615520256055492
0.0033712887645252175,Boredom,Boredom,0.5651060688625699
0.0033712887645252175,Boredom,Fear,0.003274725006000151
0.0033712887645252175,Boredom,Happiness,0.33206166127522985
0.0033712887645252175,Boredom,Joy,0.009617934594656144
0.0033712887645252175,Boredom,Pride,0.048132179776680536
0.0033712887645252175,Boredom,Sadness,0.009768543094656709
0.0033712887645252175,Boredom,Shame,0.0320388873902065
0.0033712887645252175,Fear,Boredom,0.001147632610841253
0.0033712887645252175,Fear,Fear,0.7486145524627295
0.0033712887645252175,Fear,Happiness,0.0036350943041422255
0.0033712887645252175,Fear,Joy,0.016843260823008285
0.0033712887645252175,Fear,Pride,0.009915014575104958
0.0033712887645252175,Fear,Sadness,0.14796295172569734
0.0033712887645252175,Fear,Shame,0.07188149349847649
0.0033712887645252175,Happiness,Boredom,0.18412260003253775
0.0033712887645252175,Happiness,Fear,0.006643541367369209
0.0033712887645252175,Happiness,Happiness,0.3637671365846762
0.0033712887645252175,Happiness,Joy,0.05787618986193441
0.0033712887645252175,Happiness,Pride,0.22943005927044297
0.0033712887645252175,Happiness,Sadness,0.014454292130644721
0.0033712887645252175,Happiness,Shame,0.14370618075239472
0.0033712887645252175,Joy,Boredom,0.008311124144098
0.0033712887645252175,Joy,Fear,0.0369993377554495
0.0033712887645252175,Joy,Happiness,0.07595138144070929
0.0033712887645252175,Joy,Joy,0.38269559569637546
0.0033712887645252175,Joy,Pride,0.28077719471748325
0.0033712887645252175,Joy,Sadness,0.01502372619332231
0.0033712887645252175,Joy,Shame,0.20024164005256198
0.0033712887645252175,Pride,Boredom,0.011671891611396184
0.0033712887645252175,Pride,Fear,0.023518101183331433
0.0033712887645252175,Pride,Happiness,0.1374309045923297
0.0033712887645252175,Pride,Joy,0.33830210981232794
0.0033712887645252175,Pride,Pride,0.265925442426806
0.0033712887645252175,Pride,Sadness,0.020685451199035247
0.0033712887645252175,Pride,Shame,0.2024660991747735
0.0033712887645252175,Sadness,Boredom,0.007032599789276227
0.0033712887645252175,Sadness,Fear,0.26265655764769086
0.0033712887645252175,Sadness,Happiness,0.0137320653613379
0.0033712887645252175,Sadness,Joy,0.006711950470916822
0.0033712887645252175,Sadness,Pride,0.010489111458821336
0.0033712887645252175,Sadness,Sadness,0.6235900393819618
0.0033712887645252175,Sadness,Shame,0.07578767588999523
0.0033712887645252175,Shame,Boredom,0.0028299782018700805
0.0033712887645252175,Shame,Fear,0.6722733694488606
0.0033712887645252175,Shame,Happiness,0.0074807751939460375
0.0033712887645252175,Shame,Joy,0.03192305756301947
0.0033712887645252175,Shame,Pride,0.02136308193227467
0.0033712887645252175,Shame,Sadness,0.14117725291793454
0.0033712887645252175,Shame,Shame,0.12295248474209522
0.0031378444789801263,Boredom,Boredom,0.480519785940766
0.0031378444789801263,Boredom,Fear,0.009656714143952501
0.0031378444789801263,Boredom,Happiness,0.3173477118103598
0.0031378444789801263,Boredom,Joy,0.0251624937715232
0.0031378444789801263,Boredom,Pride,0.07596557930006158
0.0031378444789801263,Boredom,Sadness,0.02173906818230759
0.0031378444789801263,Boredom,Shame,0.06960864685102917
0.0031378444789801263,Fear,Boredom,0.004273865055250498
0.0031378444789801263,Fear,Fear,0.44553656177647727
0.0031378444789801263,Fear,Happiness,0.014690602539889403
0.0031378444789801263,Fear,Joy,0.04195371117250839
0.0031378444789801263,Fear,Pride,0.027234124268947425
0.0031378444789801263,Fear,Sadness,0.29447916446288225
0.0031378444789801263,Fear,Shame,0.17183197072404477
0.0031378444789801263,Happiness,Boredom,0.14190954224683824
0.0031378444789801263,Happiness,Fear,0.009435011533919062
0.0031378444789801263,Happiness,Happiness,0.29244266474752545
0.0031378444789801263,Happiness,Joy,0.0840606193859629
0.0031378444789801263,Happiness,Pride,0.24892513471993769
0.0031378444789801263,Happiness,Sadness,0.01826359015014317
0.0031378444789801263,Happiness,Shame,0.20496343721567312
0.0031378444789801263,Joy,Boredom,0.008737314828667613
0.0031378444789801263,Joy,Fear,0.03779664158302494
0.0031378444789801263,Joy,Happiness,0.09361513316725055
0.0031378444789801263,Joy,Joy,0.3269917997031627
0.0031378444789801263,Joy,Pride,0.276276940223677
0.0031378444789801263,Joy,Sadness,0.019952890920506287
0.0031378444789801263,Joy,Shame,0.23662927957371063
0.0031378444789801263,Pride,Boredom,0.011863198656622448
0.0031378444789801263,Pride,Fear,0.024416922648792576
0.0031378444789801263,Pride,Happiness,0.1449570678812492
0.0031378444789801263,Pride,Joy,0.29669834741383794
0.0031378444789801263,Pride,Pride,0.2671504608886959
0.0031378444789801263,Pride,Sadness,0.02246074799164617
0.0031378444789801263,Pride,Shame,0.23245325451915538
0.0031378444789801263,Sadness,Boredom,0.010582967773245935
0.0031378444789801263,Sadness,Fear,0.23879744125835664
0.0031378444789801263,Sadness,Happiness,0.025857776731461297
0.0031378444789801263,Sadness,Joy,0.01894287108412466
0.0031378444789801263,Sadness,Pride,0.024422367245985576
0.0031378444789801263,Sadness,Sadness,0.5195554342960006
0.0031378444789801263,Sadness,Shame,0.16184114161082516
0.0031378444789801263,Shame,Boredom,0.006563980169753142
0.0031378444789801263,Shame,Fear,0.401738780464861
0.0031378444789801263,Shame,Happiness,0.02040009239712715
0.0031378444789801263,Shame,Joy,0.06254215174434474
0.0031378444789801263,Shame,Pride,0.04017519042095979
0.0031378444789801263,Shame,Sadness,0.2582978362677446
0.0031378444789801263,Shame,Shame,0.2102819685352096
0.003145180009293985,Boredom,Boredom,0.5167654123931302
0.003145180009293985,Boredom,Fear,0.008072745222752538
0.003145180009293985,Boredom,Happiness,0.3224178193551673
0.003145180009293985,Boredom,Joy,0.01901605495642737
0.003145180009293985,Boredom,Pride,0.06518877833987774
0.003145180009293985,Boredom,Sadness,0.017005058760915688
0.003145180009293985,Boredom,Shame,0.051534130971729
0.003145180009293985,Fear,Boredom,0.003091258376373006
0.003145180009293985,Fear,Fear,0.547561666023131
0.003145180009293985,Fear,Happiness,0.012767513382432054
0.003145180009293985,Fear,Joy,0.03330805345724596
0.003145180009293985,Fear,Pride,0.01978975521121541
0.003145180009293985,Fear,Sadness,0.25592400366887874
0.003145180009293985,Fear,Shame,0.1275577498807239
0.003145180009293985,Happiness,Boredom,0.1676517435045708
0.003145180009293985,Happiness,Fear,0.012156469144994082
0.003145180009293985,Happiness,Happiness,0.31918935711141394
0.003145180009293985,Happiness,Joy,0.077357024164713
0.003145180009293985,Happiness,Pride,0.2418895373356965
0.003145180009293985,Happiness,Sadness,0.0202136073213812
0.003145180009293985,Happiness,Shame,0.16154226141723046
0.003145180009293985,Joy,Boredom,0.010838685801642364
0.003145180009293985,Joy,Fear,0.0413378161935362
0.003145180009293985,Joy,Happiness,0.11604303518221956
0.003145180009293985,Joy,Joy,0.34746692730409623
0.003145180009293985,Joy,Pride,0.2686866670091532
0.003145180009293985,Joy,Sadness,0.021040957171902363
0.003145180009293985,Joy,Shame,0.1945859113374501
0.003145180009293985,Pride,Boredom,0.01525782506104302
0.003145180009293985,Pride,Fear,0.027807378972976995
0.003145180009293985,Pride,Happiness,0.19181007103543127
0.003145180009293985,Pride,Joy,0.29318581919560294
0.003145180009293985,Pride,Pride,0.2590742011703401
0.003145180009293985,Pride,Sadness,0.02300149743313354
0.003145180009293985,Pride,Shame,0.18986320713147234
0.003145180009293985,Sadness,Boredom,0.01090495580698748
0.003145180009293985,Sadness,Fear,0.3239070870160462
0.003145180009293985,Sadness,Happiness,0.02520365688433401
0.003145180009293985,Sadness,Joy,0.014540180280217222
0.003145180009293985,Sadness,Pride,0.018990465828107508
0.003145180009293985,Sadness,Sadness,0.48333249763268077
0.003145180009293985,Sadness,Shame,0.12312115655162706
0.003145180009293985,Shame,Boredom,0.005045724417967431
0.003145180009293985,Shame,Fear,0.5004058583573492
0.003145180009293985,Shame,Happiness,0.018376515840793004
0.003145180009293985,Shame,Joy,0.05158081866059701
0.003145180009293985,Shame,Pride,0.030051486458918357
0.003145180009293985,Shame,Sadness,0.2346451372575159
0.003145180009293985,Shame,Shame,0.15989445900685886
0.003003610470200636,Boredom,Boredom,0.5060509030053167
0.003003610470200636,Boredom,Fear,0.007649401717155855
0.003003610470200636,Boredom,Happiness,0.3249266730279142
0.003003610470200636,Boredom,Joy,0.019340668559100722
0.003003610470200636,Boredom,Pride,0.06659296360639512
0.003003610470200636,Boredom,Sadness,0.018114746489104404
0.003003610470200636,Boredom,Shame,0.05732464359501356
0.003003610470200636,Fear,Boredom,0.0032093062896260513
0.003003610470200636,Fear,Fear,0.5100664634412172
0.003003610470200636,Fear,Happiness,0.011779500161978299
0.003003610470200636,Fear,Joy,0.03596541776720012
0.003003610470200636,Fear,Pride,0.02230335486113221
0.003003610470200636,Fear,Sadness,0.2685699663558981
0.003003610470200636,Fear,Shame,0.14810599112294812
0.003003610470200636,Happiness,Boredom,0.1450111663839284
0.003003610470200636,Happiness,Fear,0.009833819170092439
0.003003610470200636,Happiness,Happiness,0.3167816343953928
0.003003610470200636,Happiness,Joy,0.07665902504022887
0.003003610470200636,Happiness,Pride,0.24625806425577132
0.003003610470200636,Happiness,Sadness,0.017639207798772236
0.003003610470200636,Happiness,Shame,0.18781708295581434
0.003003610470200636,Joy,Boredom,0.00878733311507134
0.003003610470200636,Joy,Fear,0.03796942970591286
0.003003610470200636,Joy,Happiness,0.09810451851014017
0.003003610470200636,Joy,Joy,0.34129910860631696
0.003003610470200636,Joy,Pride,0.27507050323761434
0.003003610470200636,Joy,Sadness,0.018239060329944542
0.003003610470200636,Joy,Shame,0.22053004649499983
0.003003610470200636,Pride,Boredom,0.012505798762119429
0.003003610470200636,Pride,Fear,0.02459649456806776
0.003003610470200636,Pride,Happiness,0.16366840018703857
0.003003610470200636,Pride,Joy,0.29653676283538044
0.003003610470200636,Pride,Pride,0.26492031916232217
0.003003610470200636,Pride,Sadness,0.020946353633544516
0.003003610470200636,Pride,Shame,0.2168258708515276
0.003003610470200636,Sadness,Boredom,0.009697303692791873
0.003003610470200636,Sadness,Fear,0.2694117261954765
0.003003610470200636,Sadness,Happiness,0.023148734485431484
0.003003610470200636,Sadness,Joy,0.01483866790615107
0.003003610470200636,Sadness,Pride,0.0198743757443807
0.003003610470200636,Sadness,Sadness,0.5263012438761239
0.003003610470200636,Sadness,Shame,0.1367279480996447
0.003003610470200636,Shame,Boredom,0.005442832962125391
0.003003610470200636,Shame,Fear,0.4595563341544187
0.003003610470200636,Shame,Happiness,0.01754705357625517
0.003003610470200636,Shame,Joy,0.056348874354651565
0.003003610470200636,Shame,Pride,0.03462627578738245
0.003003610470200636,Shame,Sadness,0.23665317125343144
0.003003610470200636,Shame,Shame,0.18982545791173533
