C,Story,Emotion,Val
0.0033082791062058747,Boredom,Boredom,0.4289993610821954
0.0033082791062058747,Boredom,Fear,0.035383550281357305
0.0033082791062058747,Boredom,Happiness,0.1815622602240844
0.0033082791062058747,Boredom,Joy,0.1697681296614951
0.0033082791062058747,Boredom,Pride,0.08434559007657234
0.0033082791062058747,Boredom,Sadness,0.010090453810420806
0.0033082791062058747,Boredom,Shame,0.08985065486387463
0.0033082791062058747,Fear,Boredom,0.00504879424273198
0.0033082791062058747,Fear,Fear,0.6495092981883357
0.0033082791062058747,Fear,Happiness,0.010815682667144265
0.0033082791062058747,Fear,Joy,0.04215021007135516
0.0033082791062058747,Fear,Pride,0.01955472013858528
0.0033082791062058747,Fear,Sadness,0.16372688732254786
0.0033082791062058747,Fear,Shame,0.1091944073692997
0.0033082791062058747,Happiness,Boredom,0.47892733207744326
0.0033082791062058747,Happiness,Fear,0.00602979738004174
0.0033082791062058747,Happiness,Happiness,0.3622189965872012
0.0033082791062058747,Happiness,Joy,0.02310272623652979
0.0033082791062058747,Happiness,Pride,0.07092619863364959
0.0033082791062058747,Happiness,Sadness,0.008528533606702535
0.0033082791062058747,Happiness,Shame,0.050266415478431914
0.0033082791062058747,Joy,Boredom,0.010361223696483044
0.0033082791062058747,Joy,Fear,0.0892861378612214
0.0033082791062058747,Joy,Happiness,0.0653968498755974
0.0033082791062058747,Joy,Joy,0.3329242919328682
0.0033082791062058747,Joy,Pride,0.2594773045156794
0.0033082791062058747,Joy,Sadness,0.05259511947128477
0.0033082791062058747,Joy,Shame,0.18995907264686593
0.0033082791062058747,Pride,Boredom,0.05677183493875335
0.0033082791062058747,Pride,Fear,0.020570294176743702
0.0033082791062058747,Pride,Happiness,0.3090730451366213
0.0033082791062058747,Pride,Joy,0.0976296701716742
0.0033082791062058747,Pride,Pride,0.2618021516940739
0.0033082791062058747,Pride,Sadness,0.05309631449408271
0.0033082791062058747,Pride,Shame,0.20105668938805085
0.0033082791062058747,Sadness,Boredom,0.047392407557206945
0.0033082791062058747,Sadness,Fear,0.5829393266724134
0.0033082791062058747,Sadness,Happiness,0.04496995505542029
0.0033082791062058747,Sadness,Joy,0.06366131494267854
0.0033082791062058747,Sadness,Pride,0.05758746324304207
0.0033082791062058747,Sadness,Sadness,0.0637658982521529
0.0033082791062058747,Sadness,Shame,0.13968363427708594
0.0033082791062058747,Shame,Boredom,0.0420277262897959
0.0033082791062058747,Shame,Fear,0.024923770174349234
0.0033082791062058747,Shame,Happiness,0.2275579829496419
0.0033082791062058747,Shame,Joy,0.1795560913790784
0.0033082791062058747,Shame,Pride,0.2500650876752849
0.0033082791062058747,Shame,Sadness,0.04062838558131283
0.0033082791062058747,Shame,Shame,0.2352409559505369
0.003129765344052682,Boredom,Boredom,0.41902343692394656
0.003129765344052682,Boredom,Fear,0.033608910653999444
0.003129765344052682,Boredom,Happiness,0.19338315673679082
0.003129765344052682,Boredom,Joy,0.15793001611663554
0.003129765344052682,Boredom,Pride,0.0808999458055535
0.003129765344052682,Boredom,Sadness,0.00943157771608582
0.003129765344052682,Boredom,Shame,0.10572295604698856
0.003129765344052682,Fear,Boredom,0.0061833915330281215
0.003129765344052682,Fear,Fear,0.6077147691308933
0.003129765344052682,Fear,Happiness,0.014841116457511044
0.003129765344052682,Fear,Joy,0.048121025536984975
0.003129765344052682,Fear,Pride,0.022132908503837208
0.003129765344052682,Fear,Sadness,0.17972884204794137
0.003129765344052682,Fear,Shame,0.121277946789804
0.003129765344052682,Happiness,Boredom,0.47765880713175884
0.003129765344052682,Happiness,Fear,0.006583459954178862
0.003129765344052682,Happiness,Happiness,0.35418457460169367
0.003129765344052682,Happiness,Joy,0.027326597360414876
0.003129765344052682,Happiness,Pride,0.07163727653142389
0.003129765344052682,Happiness,Sadness,0.008794843151389115
0.003129765344052682,Happiness,Shame,0.05381444126914081
0.003129765344052682,Joy,Boredom,0.011407161087278095
0.003129765344052682,Joy,Fear,0.0746150698592623
0.003129765344052682,Joy,Happiness,0.08047580884234959
0.003129765344052682,Joy,Joy,0.3264484766402897
0.003129765344052682,Joy,Pride,0.26305408040177153
0.003129765344052682,Joy,Sadness,0.051604291324251365
0.003129765344052682,Joy,Shame,0.19239511184479796
0.003129765344052682,Pride,Boredom,0.06049386529139034
0.003129765344052682,Pride,Fear,0.020237960535086096
0.003129765344052682,Pride,Happiness,0.2993041027855832
0.003129765344052682,Pride,Joy,0.113040156796652
0.003129765344052682,Pride,Pride,0.2565679223872427
0.003129765344052682,Pride,Sadness,0.05097265483873211
0.003129765344052682,Pride,Shame,0.19938333736531336
0.003129765344052682,Sadness,Boredom,0.062268780305045186
0.003129765344052682,Sadness,Fear,0.5421389728015521
0.003129765344052682,Sadness,Happiness,0.051900348063824486
0.003129765344052682,Sadness,Joy,0.07010354313333421
0.003129765344052682,Sadness,Pride,0.05975076153118592
0.003129765344052682,Sadness,Sadness,0.06406190004546794
0.003129765344052682,Sadness,Shame,0.14977569411958983
0.003129765344052682,Shame,Boredom,0.042487392280876814
0.003129765344052682,Shame,Fear,0.02463724168290775
0.003129765344052682,Shame,Happiness,0.2243826930521367
0.003129765344052682,Shame,Joy,0.19088925886498287
0.003129765344052682,Shame,Pride,0.24901924743675308
0.003129765344052682,Shame,Sadness,0.0385076844839765
0.003129765344052682,Shame,Shame,0.230076482198366
0.0029099839592890233,Boredom,Boredom,0.3878777643522323
0.0029099839592890233,Boredom,Fear,0.03400672535509
0.0029099839592890233,Boredom,Happiness,0.20032721203218462
0.0029099839592890233,Boredom,Joy,0.1514864240181478
0.0029099839592890233,Boredom,Pride,0.08347888195441945
0.0029099839592890233,Boredom,Sadness,0.01123384102295815
0.0029099839592890233,Boredom,Shame,0.13158915126496754
0.0029099839592890233,Fear,Boredom,0.010271195565880532
0.0029099839592890233,Fear,Fear,0.5452398917390772
0.0029099839592890233,Fear,Happiness,0.02005774130410171
0.0029099839592890233,Fear,Joy,0.05385858791221502
0.0029099839592890233,Fear,Pride,0.025362793593606256
0.0029099839592890233,Fear,Sadness,0.20757151424584055
0.0029099839592890233,Fear,Shame,0.13763827563927866
0.0029099839592890233,Happiness,Boredom,0.46885098090335003
0.0029099839592890233,Happiness,Fear,0.007982720282678442
0.0029099839592890233,Happiness,Happiness,0.33619965957905207
0.0029099839592890233,Happiness,Joy,0.03671630588607862
0.0029099839592890233,Happiness,Pride,0.0741799164401031
0.0029099839592890233,Happiness,Sadness,0.010298135442147088
0.0029099839592890233,Happiness,Shame,0.06577228146659035
0.0029099839592890233,Joy,Boredom,0.011700079284405656
0.0029099839592890233,Joy,Fear,0.1432700436492318
0.0029099839592890233,Joy,Happiness,0.08373203807853506
0.0029099839592890233,Joy,Joy,0.27603747105353066
0.0029099839592890233,Joy,Pride,0.24556831557093253
0.0029099839592890233,Joy,Sadness,0.05396257527379706
0.0029099839592890233,Joy,Shame,0.185729477089567
0.0029099839592890233,Pride,Boredom,0.07973946733934585
0.0029099839592890233,Pride,Fear,0.020722395888638005
0.0029099839592890233,Pride,Happiness,0.28347885744101436
0.0029099839592890233,Pride,Joy,0.12663455033733723
0.0029099839592890233,Pride,Pride,0.24820469027327774
0.0029099839592890233,Pride,Sadness,0.05148782795913249
0.0029099839592890233,Pride,Shame,0.18973221076125424
0.0029099839592890233,Sadness,Boredom,0.08301998596158951
0.0029099839592890233,Sadness,Fear,0.4852484274714009
0.0029099839592890233,Sadness,Happiness,0.05811590065798796
0.0029099839592890233,Sadness,Joy,0.07987249086638733
0.0029099839592890233,Sadness,Pride,0.07121643744868192
0.0029099839592890233,Sadness,Sadness,0.0680330575835748
0.0029099839592890233,Sadness,Shame,0.15449370001037763
0.0029099839592890233,Shame,Boredom,0.051224630854398184
0.0029099839592890233,Shame,Fear,0.025034254319536528
0.0029099839592890233,Shame,Happiness,0.2227196770357189
0.0029099839592890233,Shame,Joy,0.20105604025111676
0.0029099839592890233,Shame,Pride,0.24564790819404236
0.0029099839592890233,Shame,Sadness,0.03889011268748881
0.0029099839592890233,Shame,Shame,0.2154273766576983
0.0031991188612645613,Boredom,Boredom,0.42405795111604416
0.0031991188612645613,Boredom,Fear,0.034043476155705944
0.0031991188612645613,Boredom,Happiness,0.16265483289465904
0.0031991188612645613,Boredom,Joy,0.16884298632248504
0.0031991188612645613,Boredom,Pride,0.08656707778639629
0.0031991188612645613,Boredom,Sadness,0.009542876310297883
0.0031991188612645613,Boredom,Shame,0.1142907994144114
0.0031991188612645613,Fear,Boredom,0.005241745832779906
0.0031991188612645613,Fear,Fear,0.6366655597213544
0.0031991188612645613,Fear,Happiness,0.009831990534958005
0.0031991188612645613,Fear,Joy,0.043102449739048435
0.0031991188612645613,Fear,Pride,0.02209721653927025
0.0031991188612645613,Fear,Sadness,0.16017698788260726
0.0031991188612645613,Fear,Shame,0.12288404974998178
0.0031991188612645613,Happiness,Boredom,0.4579229530483984
0.0031991188612645613,Happiness,Fear,0.005396100003628615
0.0031991188612645613,Happiness,Happiness,0.3782160098598482
0.0031991188612645613,Happiness,Joy,0.02357781820815876
0.0031991188612645613,Happiness,Pride,0.07405485891234048
0.0031991188612645613,Happiness,Sadness,0.007869762487208685
0.0031991188612645613,Happiness,Shame,0.05296249748041692
0.0031991188612645613,Joy,Boredom,0.008605457087093394
0.0031991188612645613,Joy,Fear,0.08269097849947403
0.0031991188612645613,Joy,Happiness,0.05724636011961399
0.0031991188612645613,Joy,Joy,0.31859085317990277
0.0031991188612645613,Joy,Pride,0.26412220749975124
0.0031991188612645613,Joy,Sadness,0.0481970141908831
0.0031991188612645613,Joy,Shame,0.22054712942328142
0.0031991188612645613,Pride,Boredom,0.051731619365136663
0.0031991188612645613,Pride,Fear,0.015111406154556577
0.0031991188612645613,Pride,Happiness,0.29936841685301496
0.0031991188612645613,Pride,Joy,0.0958109470424702
0.0031991188612645613,Pride,Pride,0.263844080182397
0.0031991188612645613,Pride,Sadness,0.047932945312713214
0.0031991188612645613,Pride,Shame,0.2262005850897113
0.0031991188612645613,Sadness,Boredom,0.049522828751944574
0.0031991188612645613,Sadness,Fear,0.5585272120207819
0.0031991188612645613,Sadness,Happiness,0.042117618976173714
0.0031991188612645613,Sadness,Joy,0.0666155192331177
0.0031991188612645613,Sadness,Pride,0.059390386461564644
0.0031991188612645613,Sadness,Sadness,0.06039701658835578
0.0031991188612645613,Sadness,Shame,0.16342941796806146
0.0031991188612645613,Shame,Boredom,0.036671252805388806
0.0031991188612645613,Shame,Fear,0.01844341560146435
0.0031991188612645613,Shame,Happiness,0.20005950080810608
0.0031991188612645613,Shame,Joy,0.18354308789570875
0.0031991188612645613,Shame,Pride,0.2531235927570435
0.0031991188612645613,Shame,Sadness,0.03488581842338857
0.0031991188612645613,Shame,Shame,0.2732733317089001
0.0032744847503415565,Boredom,Boredom,0.4329430038523336
0.0032744847503415565,Boredom,Fear,0.034398679546634475
0.0032744847503415565,Boredom,Happiness,0.17946698170483957
0.0032744847503415565,Boredom,Joy,0.16916124827223109
0.0032744847503415565,Boredom,Pride,0.08295534586052003
0.0032744847503415565,Boredom,Sadness,0.009123551931389215
0.0032744847503415565,Boredom,Shame,0.09195118883205228
0.0032744847503415565,Fear,Boredom,0.005205749161911358
0.0032744847503415565,Fear,Fear,0.6559088327456651
0.0032744847503415565,Fear,Happiness,0.010183539260801315
0.0032744847503415565,Fear,Joy,0.041120667221353005
0.0032744847503415565,Fear,Pride,0.01985527208027503
0.0032744847503415565,Fear,Sadness,0.16174369898469332
0.0032744847503415565,Fear,Shame,0.10598224054530095
0.0032744847503415565,Happiness,Boredom,0.4805791871320493
0.0032744847503415565,Happiness,Fear,0.005578231407580341
0.0032744847503415565,Happiness,Happiness,0.3652264976536521
0.0032744847503415565,Happiness,Joy,0.02227409020459753
0.0032744847503415565,Happiness,Pride,0.06979977031076112
0.0032744847503415565,Happiness,Sadness,0.007723004331996605
0.0032744847503415565,Happiness,Shame,0.04881921895936299
0.0032744847503415565,Joy,Boredom,0.010260576024371996
0.0032744847503415565,Joy,Fear,0.08227046772385432
0.0032744847503415565,Joy,Happiness,0.06517532833879773
0.0032744847503415565,Joy,Joy,0.3364401246096113
0.0032744847503415565,Joy,Pride,0.2615979079223336
0.0032744847503415565,Joy,Sadness,0.05068473775726527
0.0032744847503415565,Joy,Shame,0.19357085762376572
0.0032744847503415565,Pride,Boredom,0.05667471637307571
0.0032744847503415565,Pride,Fear,0.019735858562386462
0.0032744847503415565,Pride,Happiness,0.3106506255586601
0.0032744847503415565,Pride,Joy,0.09664514894432304
0.0032744847503415565,Pride,Pride,0.2615871856401261
0.0032744847503415565,Pride,Sadness,0.05142448599910521
0.0032744847503415565,Pride,Shame,0.20328197892232366
0.0032744847503415565,Sadness,Boredom,0.049153820343482015
0.0032744847503415565,Sadness,Fear,0.5931481936310944
0.0032744847503415565,Sadness,Happiness,0.04435473509356419
0.0032744847503415565,Sadness,Joy,0.06277052562420453
0.0032744847503415565,Sadness,Pride,0.05219928780679148
0.0032744847503415565,Sadness,Sadness,0.05938311726559364
0.0032744847503415565,Sadness,Shame,0.13899032023527016
0.0032744847503415565,Shame,Boredom,0.04125574569296661
0.0032744847503415565,Shame,Fear,0.023958553046106636
0.0032744847503415565,Shame,Happiness,0.22545526827721835
0.0032744847503415565,Shame,Joy,0.17845612938938885
0.0032744847503415565,Shame,Pride,0.2501763091459738
0.0032744847503415565,Shame,Sadness,0.038290102174555425
0.0032744847503415565,Shame,Shame,0.2424078922737906
0.0031274761777438653,Boredom,Boredom,0.4238870136479727
0.0031274761777438653,Boredom,Fear,0.033752486716735516
0.0031274761777438653,Boredom,Happiness,0.193767574301764
0.0031274761777438653,Boredom,Joy,0.15864978886203615
0.0031274761777438653,Boredom,Pride,0.08149892948617529
0.0031274761777438653,Boredom,Sadness,0.009252749558957038
0.0031274761777438653,Boredom,Shame,0.09919145742635926
0.0031274761777438653,Fear,Boredom,0.005829944391232467
0.0031274761777438653,Fear,Fear,0.613102313357832
0.0031274761777438653,Fear,Happiness,0.014097821653630315
0.0031274761777438653,Fear,Joy,0.047240636393599815
0.0031274761777438653,Fear,Pride,0.021614451021212275
0.0031274761777438653,Fear,Sadness,0.17852279775197044
0.0031274761777438653,Fear,Shame,0.11959203543052276
0.0031274761777438653,Happiness,Boredom,0.47814074402563994
0.0031274761777438653,Happiness,Fear,0.0061911751006729025
0.0031274761777438653,Happiness,Happiness,0.358125537813621
0.0031274761777438653,Happiness,Joy,0.026374686643416002
0.0031274761777438653,Happiness,Pride,0.07109891548405513
0.0031274761777438653,Happiness,Sadness,0.008395964769702696
0.0031274761777438653,Happiness,Shame,0.051672976162892216
0.0031274761777438653,Joy,Boredom,0.010880907083178865
0.0031274761777438653,Joy,Fear,0.08473895769714085
0.0031274761777438653,Joy,Happiness,0.0775982145188882
0.0031274761777438653,Joy,Joy,0.3232279484752185
0.0031274761777438653,Joy,Pride,0.2590391562267338
0.0031274761777438653,Joy,Sadness,0.05102684084184777
0.0031274761777438653,Joy,Shame,0.19348797515699187
0.0031274761777438653,Pride,Boredom,0.05798681861654293
0.0031274761777438653,Pride,Fear,0.01975899252143559
0.0031274761777438653,Pride,Happiness,0.30189581898847423
0.0031274761777438653,Pride,Joy,0.11185639602853077
0.0031274761777438653,Pride,Pride,0.2578823272543012
0.0031274761777438653,Pride,Sadness,0.05079074965396116
0.0031274761777438653,Pride,Shame,0.19982889693675404
0.0031274761777438653,Sadness,Boredom,0.05646149828022538
0.0031274761777438653,Sadness,Fear,0.5483097993414591
0.0031274761777438653,Sadness,Happiness,0.05037097533299292
0.0031274761777438653,Sadness,Joy,0.06969316886038775
0.0031274761777438653,Sadness,Pride,0.061101150180765514
0.0031274761777438653,Sadness,Sadness,0.06378807491548405
0.0031274761777438653,Sadness,Shame,0.15027533308868504
0.0031274761777438653,Shame,Boredom,0.041991809612916466
0.0031274761777438653,Shame,Fear,0.02397940692621776
0.0031274761777438653,Shame,Happiness,0.22318593111980808
0.0031274761777438653,Shame,Joy,0.18936128051812862
0.0031274761777438653,Shame,Pride,0.24908412588203446
0.0031274761777438653,Shame,Sadness,0.038258625590229293
0.0031274761777438653,Shame,Shame,0.23413882035066516
0.003158441169807269,Boredom,Boredom,0.42453516665552327
0.003158441169807269,Boredom,Fear,0.03427095068693739
0.003158441169807269,Boredom,Happiness,0.19136549814160717
0.003158441169807269,Boredom,Joy,0.1588212861314359
0.003158441169807269,Boredom,Pride,0.08115614148911628
0.003158441169807269,Boredom,Sadness,0.00943491512775046
0.003158441169807269,Boredom,Shame,0.10041604176762958
0.003158441169807269,Fear,Boredom,0.005752731837471994
0.003158441169807269,Fear,Fear,0.6259354363229538
0.003158441169807269,Fear,Happiness,0.012972819657417142
0.003158441169807269,Fear,Joy,0.045406022532482326
0.003158441169807269,Fear,Pride,0.02136276050520352
0.003158441169807269,Fear,Sadness,0.17382551563524706
0.003158441169807269,Fear,Shame,0.11474471350922423
0.003158441169807269,Happiness,Boredom,0.478070503641976
0.003158441169807269,Happiness,Fear,0.006102619142850661
0.003158441169807269,Happiness,Happiness,0.3590362363352178
0.003158441169807269,Happiness,Joy,0.025243930323547485
0.003158441169807269,Happiness,Pride,0.07099777606949087
0.003158441169807269,Happiness,Sadness,0.008492301831847742
0.003158441169807269,Happiness,Shame,0.0520566326550697
0.003158441169807269,Joy,Boredom,0.010702045075374183
0.003158441169807269,Joy,Fear,0.08618702878567444
0.003158441169807269,Joy,Happiness,0.07660798371913996
0.003158441169807269,Joy,Joy,0.3258071998651024
0.003158441169807269,Joy,Pride,0.25780456219117415
0.003158441169807269,Joy,Sadness,0.05142506582133131
0.003158441169807269,Joy,Shame,0.19146611454220328
0.003158441169807269,Pride,Boredom,0.05736390979913778
0.003158441169807269,Pride,Fear,0.019697915426924804
0.003158441169807269,Pride,Happiness,0.303756138225187
0.003158441169807269,Pride,Joy,0.10768382927584516
0.003158441169807269,Pride,Pride,0.25889443539907225
0.003158441169807269,Pride,Sadness,0.051189846525186884
0.003158441169807269,Pride,Shame,0.20141392534864602
0.003158441169807269,Sadness,Boredom,0.05547047643959237
0.003158441169807269,Sadness,Fear,0.5607360742966062
0.003158441169807269,Sadness,Happiness,0.05025204296814391
0.003158441169807269,Sadness,Joy,0.0675322529509132
0.003158441169807269,Sadness,Pride,0.05760523155660119
0.003158441169807269,Sadness,Sadness,0.0628499002259681
0.003158441169807269,Sadness,Shame,0.14555402156217528
0.003158441169807269,Shame,Boredom,0.04198094384899172
0.003158441169807269,Shame,Fear,0.023935101141119474
0.003158441169807269,Shame,Happiness,0.22451858324759594
0.003158441169807269,Shame,Joy,0.18639582098622157
0.003158441169807269,Shame,Pride,0.2493227853970433
0.003158441169807269,Shame,Sadness,0.03879811159322149
0.003158441169807269,Shame,Shame,0.2350486537858064
0.0031015150100591788,Boredom,Boredom,0.28587646786362714
0.0031015150100591788,Boredom,Fear,0.0332276662095334
0.0031015150100591788,Boredom,Happiness,0.11966014239332362
0.0031015150100591788,Boredom,Joy,0.16447566696657345
0.0031015150100591788,Boredom,Pride,0.1104418045009196
0.0031015150100591788,Boredom,Sadness,0.01275890398956014
0.0031015150100591788,Boredom,Shame,0.27355934807646254
0.0031015150100591788,Fear,Boredom,0.009741101644402684
0.0031015150100591788,Fear,Fear,0.4401044913416853
0.0031015150100591788,Fear,Happiness,0.015092977394894309
0.0031015150100591788,Fear,Joy,0.06592855720918916
0.0031015150100591788,Fear,Pride,0.040036241057266844
0.0031015150100591788,Fear,Sadness,0.20646289789957578
0.0031015150100591788,Fear,Shame,0.22263373345298615
0.0031015150100591788,Happiness,Boredom,0.37140888496959434
0.0031015150100591788,Happiness,Fear,0.008705769715728269
0.0031015150100591788,Happiness,Happiness,0.36371213757021087
0.0031015150100591788,Happiness,Joy,0.04301212390039286
0.0031015150100591788,Happiness,Pride,0.09975321444528866
0.0031015150100591788,Happiness,Sadness,0.01278402557887103
0.0031015150100591788,Happiness,Shame,0.10062384381991367
0.0031015150100591788,Joy,Boredom,0.005565645853193043
0.0031015150100591788,Joy,Fear,0.06433043800821032
0.0031015150100591788,Joy,Happiness,0.04433074603573515
0.0031015150100591788,Joy,Joy,0.2667310045884713
0.0031015150100591788,Joy,Pride,0.2761567930776945
0.0031015150100591788,Joy,Sadness,0.04168412889462265
0.0031015150100591788,Joy,Shame,0.301201243542073
0.0031015150100591788,Pride,Boredom,0.04073933256492564
0.0031015150100591788,Pride,Fear,0.008392911935312948
0.0031015150100591788,Pride,Happiness,0.21937517791281042
0.0031015150100591788,Pride,Joy,0.11927193940003561
0.0031015150100591788,Pride,Pride,0.2712747522738928
0.0031015150100591788,Pride,Sadness,0.03985636624748074
0.0031015150100591788,Pride,Shame,0.3010895196655424
0.0031015150100591788,Sadness,Boredom,0.0634953932923526
0.0031015150100591788,Sadness,Fear,0.3609065679447691
0.0031015150100591788,Sadness,Happiness,0.04586100771736418
0.0031015150100591788,Sadness,Joy,0.09249802303426613
0.0031015150100591788,Sadness,Pride,0.09286483529242094
0.0031015150100591788,Sadness,Sadness,0.07272576433590239
0.0031015150100591788,Sadness,Shame,0.2716484083829243
0.0031015150100591788,Shame,Boredom,0.02731238221971401
0.0031015150100591788,Shame,Fear,0.011008365295654425
0.0031015150100591788,Shame,Happiness,0.12109403204510581
0.0031015150100591788,Shame,Joy,0.19604290290120335
0.0031015150100591788,Shame,Pride,0.27063646223526083
0.0031015150100591788,Shame,Sadness,0.028464082750090658
0.0031015150100591788,Shame,Shame,0.34544177255297115
0.0032660651925447526,Boredom,Boredom,0.40291641071593004
0.0032660651925447526,Boredom,Fear,0.03620522040885323
0.0032660651925447526,Boredom,Happiness,0.15977737266675318
0.0032660651925447526,Boredom,Joy,0.1726933553166978
0.0032660651925447526,Boredom,Pride,0.09203372009373538
0.0032660651925447526,Boredom,Sadness,0.012220667454734071
0.0032660651925447526,Boredom,Shame,0.12415325334329634
0.0032660651925447526,Fear,Boredom,0.007115879955719553
0.0032660651925447526,Fear,Fear,0.5309019066981735
0.0032660651925447526,Fear,Happiness,0.015181515522084608
0.0032660651925447526,Fear,Joy,0.05692968582598503
0.0032660651925447526,Fear,Pride,0.028587212401912657
0.0032660651925447526,Fear,Sadness,0.20495321183492823
0.0032660651925447526,Fear,Shame,0.15633058776119618
0.0032660651925447526,Happiness,Boredom,0.4439616918126606
0.0032660651925447526,Happiness,Fear,0.007952047199187856
0.0032660651925447526,Happiness,Happiness,0.3525502637368111
0.0032660651925447526,Happiness,Joy,0.031708634658971856
0.0032660651925447526,Happiness,Pride,0.08242488273777329
0.0032660651925447526,Happiness,Sadness,0.011304350578951535
0.0032660651925447526,Happiness,Shame,0.07009812927564381
0.0032660651925447526,Joy,Boredom,0.008770344442112329
0.0032660651925447526,Joy,Fear,0.08808928144070846
0.0032660651925447526,Joy,Happiness,0.059633312827612715
0.0032660651925447526,Joy,Joy,0.3068398352056553
0.0032660651925447526,Joy,Pride,0.25979854864937146
0.0032660651925447526,Joy,Sadness,0.051791741763022106
0.0032660651925447526,Joy,Shame,0.22507693567151793
0.0032660651925447526,Pride,Boredom,0.04924363528710685
0.0032660651925447526,Pride,Fear,0.01671674094892172
0.0032660651925447526,Pride,Happiness,0.2748970741617018
0.0032660651925447526,Pride,Joy,0.1100460987577457
0.0032660651925447526,Pride,Pride,0.26340974994065575
0.0032660651925447526,Pride,Sadness,0.0497462499636772
0.0032660651925447526,Pride,Shame,0.23594045094019123
0.0032660651925447526,Sadness,Boredom,0.057375154589262824
0.0032660651925447526,Sadness,Fear,0.4672027871245882
0.0032660651925447526,Sadness,Happiness,0.049800001056620184
0.0032660651925447526,Sadness,Joy,0.08205683775418848
0.0032660651925447526,Sadness,Pride,0.07541152324008524
0.0032660651925447526,Sadness,Sadness,0.0767894006441304
0.0032660651925447526,Sadness,Shame,0.19136429559112456
0.0032660651925447526,Shame,Boredom,0.03556538030469387
0.0032660651925447526,Shame,Fear,0.0197908629954429
0.0032660651925447526,Shame,Happiness,0.18813117977623273
0.0032660651925447526,Shame,Joy,0.2032964791178512
0.0032660651925447526,Shame,Pride,0.2523621077749233
0.0032660651925447526,Shame,Sadness,0.03796707209988949
0.0032660651925447526,Shame,Shame,0.2628869179309661
0.0030379471146729335,Boredom,Boredom,0.4129385637409495
0.0030379471146729335,Boredom,Fear,0.03313248365488335
0.0030379471146729335,Boredom,Happiness,0.19451222251644748
0.0030379471146729335,Boredom,Joy,0.15183827317325854
0.0030379471146729335,Boredom,Pride,0.08095776064543507
0.0030379471146729335,Boredom,Sadness,0.009564353986197338
0.0030379471146729335,Boredom,Shame,0.1170563422828286
0.0030379471146729335,Fear,Boredom,0.006570564384893863
0.0030379471146729335,Fear,Fear,0.600352293761743
0.0030379471146729335,Fear,Happiness,0.015625727252410754
0.0030379471146729335,Fear,Joy,0.04856308865126133
0.0030379471146729335,Fear,Pride,0.022759836801289422
0.0030379471146729335,Fear,Sadness,0.18469635835963227
0.0030379471146729335,Fear,Shame,0.12143213078876935
0.0030379471146729335,Happiness,Boredom,0.4773287300587513
0.0030379471146729335,Happiness,Fear,0.0065639359989332425
0.0030379471146729335,Happiness,Happiness,0.3501157779313972
0.0030379471146729335,Happiness,Joy,0.02931893813625828
0.0030379471146729335,Happiness,Pride,0.07188359455036292
0.0030379471146729335,Happiness,Sadness,0.00898749056103108
0.0030379471146729335,Happiness,Shame,0.05580153276326609
0.0030379471146729335,Joy,Boredom,0.011484595582286327
0.0030379471146729335,Joy,Fear,0.08234227943055171
0.0030379471146729335,Joy,Happiness,0.08566429579183078
0.0030379471146729335,Joy,Joy,0.31766478034526374
0.0030379471146729335,Joy,Pride,0.2590328513250916
0.0030379471146729335,Joy,Sadness,0.05228971875725107
0.0030379471146729335,Joy,Shame,0.19152147876772468
0.0030379471146729335,Pride,Boredom,0.06617605331368123
0.0030379471146729335,Pride,Fear,0.019444460755290667
0.0030379471146729335,Pride,Happiness,0.2948246034695294
0.0030379471146729335,Pride,Joy,0.11589444025264806
0.0030379471146729335,Pride,Pride,0.25366061139983576
0.0030379471146729335,Pride,Sadness,0.05033910232520584
0.0030379471146729335,Pride,Shame,0.19966072848380953
0.0030379471146729335,Sadness,Boredom,0.06874682157160374
0.0030379471146729335,Sadness,Fear,0.5298253095434653
0.0030379471146729335,Sadness,Happiness,0.05569163401747527
0.0030379471146729335,Sadness,Joy,0.07143077221254245
0.0030379471146729335,Sadness,Pride,0.06303924592484553
0.0030379471146729335,Sadness,Sadness,0.062075054919115115
0.0030379471146729335,Sadness,Shame,0.14919116181095274
0.0030379471146729335,Shame,Boredom,0.044210623353739056
0.0030379471146729335,Shame,Fear,0.023810058720854364
0.0030379471146729335,Shame,Happiness,0.22379952387032062
0.0030379471146729335,Shame,Joy,0.19205599273264523
0.0030379471146729335,Shame,Pride,0.2486911528559573
0.0030379471146729335,Shame,Sadness,0.03771664145410719
0.0030379471146729335,Shame,Shame,0.22971600701237635
0.003404425743487765,Boredom,Boredom,0.47224057986732787
0.003404425743487765,Boredom,Fear,0.026094395611970436
0.003404425743487765,Boredom,Happiness,0.10370602450632915
0.003404425743487765,Boredom,Joy,0.17832215704635795
0.003404425743487765,Boredom,Pride,0.08694903671007358
0.003404425743487765,Boredom,Sadness,0.00558625267435435
0.003404425743487765,Boredom,Shame,0.12710155358358668
0.003404425743487765,Fear,Boredom,0.002106213233769074
0.003404425743487765,Fear,Fear,0.9270361442022759
0.003404425743487765,Fear,Happiness,0.0011245721868590787
0.003404425743487765,Fear,Joy,0.007402685563423123
0.003404425743487765,Fear,Pride,0.004898689544063368
0.003404425743487765,Fear,Sadness,0.03021983245239295
0.003404425743487765,Fear,Shame,0.027211862817216655
0.003404425743487765,Happiness,Boredom,0.45129777259705184
0.003404425743487765,Happiness,Fear,0.0016717389705977546
0.003404425743487765,Happiness,Happiness,0.4648030663656772
0.003404425743487765,Happiness,Joy,0.0104564758535598
0.003404425743487765,Happiness,Pride,0.05345589231425809
0.003404425743487765,Happiness,Sadness,0.0022744485626762733
0.003404425743487765,Happiness,Shame,0.016040605336178872
0.003404425743487765,Joy,Boredom,0.004392712778678472
0.003404425743487765,Joy,Fear,0.08860644632690572
0.003404425743487765,Joy,Happiness,0.03447584748664562
0.003404425743487765,Joy,Joy,0.3092164197515345
0.003404425743487765,Joy,Pride,0.2778001251745821
0.003404425743487765,Joy,Sadness,0.02551405469647487
0.003404425743487765,Joy,Shame,0.25999439378517886
0.003404425743487765,Pride,Boredom,0.043114346419549573
0.003404425743487765,Pride,Fear,0.00560210132051123
0.003404425743487765,Pride,Happiness,0.3659536322669164
0.003404425743487765,Pride,Joy,0.06463937255027646
0.003404425743487765,Pride,Pride,0.26790685335018644
0.003404425743487765,Pride,Sadness,0.028742055624205346
0.003404425743487765,Pride,Shame,0.2240416384683541
0.003404425743487765,Sadness,Boredom,0.03567162030172106
0.003404425743487765,Sadness,Fear,0.7787373410178142
0.003404425743487765,Sadness,Happiness,0.02072508026369592
0.003404425743487765,Sadness,Joy,0.03228884908075709
0.003404425743487765,Sadness,Pride,0.033680765695002154
0.003404425743487765,Sadness,Sadness,0.015526243309037548
0.003404425743487765,Sadness,Shame,0.08337010033197192
0.003404425743487765,Shame,Boredom,0.027081052599292266
0.003404425743487765,Shame,Fear,0.008889094875108335
0.003404425743487765,Shame,Happiness,0.15811351298426868
0.003404425743487765,Shame,Joy,0.12252961955775887
0.003404425743487765,Shame,Pride,0.28255306521316675
0.003404425743487765,Shame,Sadness,0.018869693417094293
0.003404425743487765,Shame,Shame,0.3819639613533112
0.0032801376465358112,Boredom,Boredom,0.401904687609913
0.0032801376465358112,Boredom,Fear,0.036513298382753884
0.0032801376465358112,Boredom,Happiness,0.16008564294645078
0.0032801376465358112,Boredom,Joy,0.17371470309263168
0.0032801376465358112,Boredom,Pride,0.09169063298467217
0.0032801376465358112,Boredom,Sadness,0.012646051843085449
0.0032801376465358112,Boredom,Shame,0.12344498314049322
0.0032801376465358112,Fear,Boredom,0.007345272616281638
0.0032801376465358112,Fear,Fear,0.5171951776037828
0.0032801376465358112,Fear,Happiness,0.01587770536623074
0.0032801376465358112,Fear,Joy,0.05900249035830505
0.0032801376465358112,Fear,Pride,0.030338079886295125
0.0032801376465358112,Fear,Sadness,0.20732047787562474
0.0032801376465358112,Fear,Shame,0.16292079629347947
0.0032801376465358112,Happiness,Boredom,0.4448429673440936
0.0032801376465358112,Happiness,Fear,0.008435036616023303
0.0032801376465358112,Happiness,Happiness,0.3511811533870763
0.0032801376465358112,Happiness,Joy,0.0321900948238087
0.0032801376465358112,Happiness,Pride,0.08233366536198149
0.0032801376465358112,Happiness,Sadness,0.01153843674190301
0.0032801376465358112,Happiness,Shame,0.06947864572511372
0.0032801376465358112,Joy,Boredom,0.00906393688456059
0.0032801376465358112,Joy,Fear,0.08246250329837292
0.0032801376465358112,Joy,Happiness,0.061509586496651704
0.0032801376465358112,Joy,Joy,0.3099535463495569
0.0032801376465358112,Joy,Pride,0.2624407364072344
0.0032801376465358112,Joy,Sadness,0.05199397369887779
0.0032801376465358112,Joy,Shame,0.2225757168647457
0.0032801376465358112,Pride,Boredom,0.051202563126494065
0.0032801376465358112,Pride,Fear,0.01817011759448032
0.0032801376465358112,Pride,Happiness,0.2739252173039398
0.0032801376465358112,Pride,Joy,0.11262043311584627
0.0032801376465358112,Pride,Pride,0.26267556733503555
0.0032801376465358112,Pride,Sadness,0.04999210573429621
0.0032801376465358112,Pride,Shame,0.2314139957899073
0.0032801376465358112,Sadness,Boredom,0.057326457892616
0.0032801376465358112,Sadness,Fear,0.46180574156915116
0.0032801376465358112,Sadness,Happiness,0.052185240987125445
0.0032801376465358112,Sadness,Joy,0.08420927477498798
0.0032801376465358112,Sadness,Pride,0.0765798714239947
0.0032801376465358112,Sadness,Sadness,0.07300524001029415
0.0032801376465358112,Sadness,Shame,0.19488817334183106
0.0032801376465358112,Shame,Boredom,0.03710451049288416
0.0032801376465358112,Shame,Fear,0.02154623469484671
0.0032801376465358112,Shame,Happiness,0.1871784521938077
0.0032801376465358112,Shame,Joy,0.20685683518628384
0.0032801376465358112,Shame,Pride,0.2521035237501528
0.0032801376465358112,Shame,Sadness,0.03854663429614156
0.0032801376465358112,Shame,Shame,0.2566638093858834
0.003218223246963499,Boredom,Boredom,0.4158903853328642
0.003218223246963499,Boredom,Fear,0.035075422897322774
0.003218223246963499,Boredom,Happiness,0.16503061979217476
0.003218223246963499,Boredom,Joy,0.16898121086237056
0.003218223246963499,Boredom,Pride,0.08749784520812194
0.003218223246963499,Boredom,Sadness,0.010013645173483974
0.003218223246963499,Boredom,Shame,0.11751087073366163
0.003218223246963499,Fear,Boredom,0.005536137489531973
0.003218223246963499,Fear,Fear,0.6188579207078057
0.003218223246963499,Fear,Happiness,0.011078323197119022
0.003218223246963499,Fear,Joy,0.04558684449256642
0.003218223246963499,Fear,Pride,0.023051002186269844
0.003218223246963499,Fear,Sadness,0.16581842577850775
0.003218223246963499,Fear,Shame,0.13007134614819918
0.003218223246963499,Happiness,Boredom,0.4585273450426494
0.003218223246963499,Happiness,Fear,0.0059798135339778485
0.003218223246963499,Happiness,Happiness,0.37122832506125675
0.003218223246963499,Happiness,Joy,0.024994908541146388
0.003218223246963499,Happiness,Pride,0.07515873383334655
0.003218223246963499,Happiness,Sadness,0.008626022147201512
0.003218223246963499,Happiness,Shame,0.05548485184042154
0.003218223246963499,Joy,Boredom,0.008687366482809744
0.003218223246963499,Joy,Fear,0.09395221774922463
0.003218223246963499,Joy,Happiness,0.05886118171216354
0.003218223246963499,Joy,Joy,0.31514990009509614
0.003218223246963499,Joy,Pride,0.2583761240043813
0.003218223246963499,Joy,Sadness,0.049564314195476945
0.003218223246963499,Joy,Shame,0.21540889576084765
0.003218223246963499,Pride,Boredom,0.053124608006484435
0.003218223246963499,Pride,Fear,0.01650035129234047
0.003218223246963499,Pride,Happiness,0.2953803703171394
0.003218223246963499,Pride,Joy,0.09951233428049135
0.003218223246963499,Pride,Pride,0.2621241913444227
0.003218223246963499,Pride,Sadness,0.049385847144187554
0.003218223246963499,Pride,Shame,0.22397229761493354
0.003218223246963499,Sadness,Boredom,0.053193651818413026
0.003218223246963499,Sadness,Fear,0.5422119480909353
0.003218223246963499,Sadness,Happiness,0.04386570415650098
0.003218223246963499,Sadness,Joy,0.06911500108027635
0.003218223246963499,Sadness,Pride,0.06223834610256297
0.003218223246963499,Sadness,Sadness,0.06265909118748324
0.003218223246963499,Sadness,Shame,0.16671625756382788
0.003218223246963499,Shame,Boredom,0.03716640019566189
0.003218223246963499,Shame,Fear,0.02013360030196866
0.003218223246963499,Shame,Happiness,0.20096132649606857
0.003218223246963499,Shame,Joy,0.18815486114565189
0.003218223246963499,Shame,Pride,0.2517710836779944
0.003218223246963499,Shame,Sadness,0.03694731030566698
0.003218223246963499,Shame,Shame,0.26486541787698753
0.0031831878085528467,Boredom,Boredom,0.4519107808261898
0.0031831878085528467,Boredom,Fear,0.03304813241040577
0.0031831878085528467,Boredom,Happiness,0.19880188741593982
0.0031831878085528467,Boredom,Joy,0.15274952468675101
0.0031831878085528467,Boredom,Pride,0.07353679566934479
0.0031831878085528467,Boredom,Sadness,0.006206472868024828
0.0031831878085528467,Boredom,Shame,0.08374640612334425
0.0031831878085528467,Fear,Boredom,0.0032670751421475883
0.0031831878085528467,Fear,Fear,0.804887619800834
0.0031831878085528467,Fear,Happiness,0.006246873778706167
0.0031831878085528467,Fear,Joy,0.023244266903731832
0.0031831878085528467,Fear,Pride,0.010145409063229784
0.0031831878085528467,Fear,Sadness,0.09004559562206453
0.0031831878085528467,Fear,Shame,0.062163159689286145
0.0031831878085528467,Happiness,Boredom,0.5146118807520629
0.0031831878085528467,Happiness,Fear,0.0032601288425951713
0.0031831878085528467,Happiness,Happiness,0.37450319525417936
0.0031831878085528467,Happiness,Joy,0.015635770731575304
0.0031831878085528467,Happiness,Pride,0.056850438701547275
0.0031831878085528467,Happiness,Sadness,0.004903012166003818
0.0031831878085528467,Happiness,Shame,0.030235573552036526
0.0031831878085528467,Joy,Boredom,0.010496495683202219
0.0031831878085528467,Joy,Fear,0.10805507806595446
0.0031831878085528467,Joy,Happiness,0.07232267081126599
0.0031831878085528467,Joy,Joy,0.34837762548531187
0.0031831878085528467,Joy,Pride,0.2504228725012678
0.0031831878085528467,Joy,Sadness,0.046007470259002835
0.0031831878085528467,Joy,Shame,0.1643177871939948
0.0031831878085528467,Pride,Boredom,0.06445387638598953
0.0031831878085528467,Pride,Fear,0.019316897019837943
0.0031831878085528467,Pride,Happiness,0.3435568996740232
0.0031831878085528467,Pride,Joy,0.09489096496825851
0.0031831878085528467,Pride,Pride,0.25206507797466615
0.0031831878085528467,Pride,Sadness,0.05215065829426023
0.0031831878085528467,Pride,Shame,0.17356562568296424
0.0031831878085528467,Sadness,Boredom,0.048431565049533463
0.0031831878085528467,Sadness,Fear,0.7053877276939581
0.0031831878085528467,Sadness,Happiness,0.03609571567122045
0.0031831878085528467,Sadness,Joy,0.042580935905419504
0.0031831878085528467,Sadness,Pride,0.03658642003515431
0.0031831878085528467,Sadness,Sadness,0.03832615014140963
0.0031831878085528467,Sadness,Shame,0.09259148550330455
0.0031831878085528467,Shame,Boredom,0.044474436022950196
0.0031831878085528467,Shame,Fear,0.02537802239430495
0.0031831878085528467,Shame,Happiness,0.25018838667691307
0.0031831878085528467,Shame,Joy,0.1630500177647867
0.0031831878085528467,Shame,Pride,0.24816017750895733
0.0031831878085528467,Shame,Sadness,0.03990985139541561
0.0031831878085528467,Shame,Shame,0.2288391082366722
0.003437553083702021,Boredom,Boredom,0.44167151703346375
0.003437553083702021,Boredom,Fear,0.036105798069452466
0.003437553083702021,Boredom,Happiness,0.1262656522113957
0.003437553083702021,Boredom,Joy,0.18521619411011495
0.003437553083702021,Boredom,Pride,0.0923906755648634
0.003437553083702021,Boredom,Sadness,0.010605435994047858
0.003437553083702021,Boredom,Shame,0.10774472701666202
0.003437553083702021,Fear,Boredom,0.004371711372237285
0.003437553083702021,Fear,Fear,0.6983612682456792
0.003437553083702021,Fear,Happiness,0.006883269413996134
0.003437553083702021,Fear,Joy,0.03487822777818348
0.003437553083702021,Fear,Pride,0.018463827037798797
0.003437553083702021,Fear,Sadness,0.13294656099080604
0.003437553083702021,Fear,Shame,0.10409513516129935
0.003437553083702021,Happiness,Boredom,0.4594922448081449
0.003437553083702021,Happiness,Fear,0.004699992045571621
0.003437553083702021,Happiness,Happiness,0.3889720373471541
0.003437553083702021,Happiness,Joy,0.02138393740993033
0.003437553083702021,Happiness,Pride,0.07228598586247184
0.003437553083702021,Happiness,Sadness,0.006749699680782938
0.003437553083702021,Happiness,Shame,0.04641610284594448
0.003437553083702021,Joy,Boredom,0.008205710233857784
0.003437553083702021,Joy,Fear,0.09308843457899939
0.003437553083702021,Joy,Happiness,0.05252122901701253
0.003437553083702021,Joy,Joy,0.3144213294991796
0.003437553083702021,Joy,Pride,0.26413920975764793
0.003437553083702021,Joy,Sadness,0.04701392347151394
0.003437553083702021,Joy,Shame,0.22061016344178852
0.003437553083702021,Pride,Boredom,0.0527182695480215
0.003437553083702021,Pride,Fear,0.014701538482926407
0.003437553083702021,Pride,Happiness,0.30944126266376976
0.003437553083702021,Pride,Joy,0.08334133072555783
0.003437553083702021,Pride,Pride,0.26566351541387667
0.003437553083702021,Pride,Sadness,0.04774872528873007
0.003437553083702021,Pride,Shame,0.22638535787711775
0.003437553083702021,Sadness,Boredom,0.043547855978186764
0.003437553083702021,Sadness,Fear,0.6124687384111761
0.003437553083702021,Sadness,Happiness,0.03662050436049784
0.003437553083702021,Sadness,Joy,0.056247008659462
0.003437553083702021,Sadness,Pride,0.051800111669136346
0.003437553083702021,Sadness,Sadness,0.05156552337799828
0.003437553083702021,Sadness,Shame,0.14775025754354262
0.003437553083702021,Shame,Boredom,0.03700266268789381
0.003437553083702021,Shame,Fear,0.020218850304757553
0.003437553083702021,Shame,Happiness,0.21192851954438227
0.003437553083702021,Shame,Joy,0.14626905879071522
0.003437553083702021,Shame,Pride,0.26062284409990105
0.003437553083702021,Shame,Sadness,0.03410947902804124
0.003437553083702021,Shame,Shame,0.2898485855443094
0.0032659245551764572,Boredom,Boredom,0.4334322579741027
0.0032659245551764572,Boredom,Fear,0.03457578522678275
0.0032659245551764572,Boredom,Happiness,0.17902538984714292
0.0032659245551764572,Boredom,Joy,0.16824194086702288
0.0032659245551764572,Boredom,Pride,0.08260804856096723
0.0032659245551764572,Boredom,Sadness,0.008577430079539297
0.0032659245551764572,Boredom,Shame,0.09353914744444243
0.0032659245551764572,Fear,Boredom,0.0046587808920922616
0.0032659245551764572,Fear,Fear,0.6725735070125141
0.0032659245551764572,Fear,Happiness,0.009282336863832655
0.0032659245551764572,Fear,Joy,0.03898300920584707
0.0032659245551764572,Fear,Pride,0.018135043537733615
0.0032659245551764572,Fear,Sadness,0.15753560196631017
0.0032659245551764572,Fear,Shame,0.09883172052167055
0.0032659245551764572,Happiness,Boredom,0.48067056747131276
0.0032659245551764572,Happiness,Fear,0.005189942494536645
0.0032659245551764572,Happiness,Happiness,0.3673030878280504
0.0032659245551764572,Happiness,Joy,0.021885700352881433
0.0032659245551764572,Happiness,Pride,0.06955279834746315
0.0032659245551764572,Happiness,Sadness,0.007310556509868398
0.0032659245551764572,Happiness,Shame,0.048087346995887306
0.0032659245551764572,Joy,Boredom,0.009623408258597208
0.0032659245551764572,Joy,Fear,0.0941555158003432
0.0032659245551764572,Joy,Happiness,0.06423464055419335
0.0032659245551764572,Joy,Joy,0.33119397773137366
0.0032659245551764572,Joy,Pride,0.25633426856863645
0.0032659245551764572,Joy,Sadness,0.04978345298995235
0.0032659245551764572,Joy,Shame,0.19467473609690372
0.0032659245551764572,Pride,Boredom,0.056271256081564615
0.0032659245551764572,Pride,Fear,0.01830400404423784
0.0032659245551764572,Pride,Happiness,0.3120351106295091
0.0032659245551764572,Pride,Joy,0.09516693777438147
0.0032659245551764572,Pride,Pride,0.26144925727369406
0.0032659245551764572,Pride,Sadness,0.050573188152397294
0.0032659245551764572,Pride,Shame,0.20620024604421563
0.0032659245551764572,Sadness,Boredom,0.04727977925744483
0.0032659245551764572,Sadness,Fear,0.6017860129174293
0.0032659245551764572,Sadness,Happiness,0.04351223692908661
0.0032659245551764572,Sadness,Joy,0.06061233012536361
0.0032659245551764572,Sadness,Pride,0.05301665696421626
0.0032659245551764572,Sadness,Sadness,0.05908412398673522
0.0032659245551764572,Sadness,Shame,0.13470885981972408
0.0032659245551764572,Shame,Boredom,0.04072164019103841
0.0032659245551764572,Shame,Fear,0.022253035932278533
0.0032659245551764572,Shame,Happiness,0.225672840428444
0.0032659245551764572,Shame,Joy,0.17559105705869693
0.0032659245551764572,Shame,Pride,0.25001026361280465
0.0032659245551764572,Shame,Sadness,0.03646293663785564
0.0032659245551764572,Shame,Shame,0.24928822613888246
0.0031130162339955496,Boredom,Boredom,0.4260617016363253
0.0031130162339955496,Boredom,Fear,0.033647615378237475
0.0031130162339955496,Boredom,Happiness,0.19209949869771775
0.0031130162339955496,Boredom,Joy,0.15639205007343937
0.0031130162339955496,Boredom,Pride,0.08037120343250229
0.0031130162339955496,Boredom,Sadness,0.008830969426510677
0.0031130162339955496,Boredom,Shame,0.102596961355267
0.0031130162339955496,Fear,Boredom,0.005609078434551302
0.0031130162339955496,Fear,Fear,0.6272582439310617
0.0031130162339955496,Fear,Happiness,0.013219260037050533
0.0031130162339955496,Fear,Joy,0.04515353842057126
0.0031130162339955496,Fear,Pride,0.021504073602690306
0.0031130162339955496,Fear,Sadness,0.17339509726369126
0.0031130162339955496,Fear,Shame,0.1138607083103836
0.0031130162339955496,Happiness,Boredom,0.47921269861339083
0.0031130162339955496,Happiness,Fear,0.00587556224176492
0.0031130162339955496,Happiness,Happiness,0.35863642236394183
0.0031130162339955496,Happiness,Joy,0.02597810227521088
0.0031130162339955496,Happiness,Pride,0.07072095996872634
0.0031130162339955496,Happiness,Sadness,0.008105532008920372
0.0031130162339955496,Happiness,Shame,0.051470722528044764
0.0031130162339955496,Joy,Boredom,0.010623705874612586
0.0031130162339955496,Joy,Fear,0.0879967129198799
0.0031130162339955496,Joy,Happiness,0.08004643793624118
0.0031130162339955496,Joy,Joy,0.32121921968200906
0.0031130162339955496,Joy,Pride,0.25606550174458015
0.0031130162339955496,Joy,Sadness,0.050803282515036546
0.0031130162339955496,Joy,Shame,0.1932451393276408
0.0031130162339955496,Pride,Boredom,0.05893831949886365
0.0031130162339955496,Pride,Fear,0.018874943381269018
0.0031130162339955496,Pride,Happiness,0.30223692756890985
0.0031130162339955496,Pride,Joy,0.11033339168139769
0.0031130162339955496,Pride,Pride,0.2576788860187424
0.0031130162339955496,Pride,Sadness,0.049575093929175966
0.0031130162339955496,Pride,Shame,0.2023624379216412
0.0031130162339955496,Sadness,Boredom,0.05593701931574131
0.0031130162339955496,Sadness,Fear,0.5604943428468169
0.0031130162339955496,Sadness,Happiness,0.051798857974635446
0.0031130162339955496,Sadness,Joy,0.0675131981730867
0.0031130162339955496,Sadness,Pride,0.0578991036529512
0.0031130162339955496,Sadness,Sadness,0.06016037514958548
0.0031130162339955496,Sadness,Shame,0.14619710288718304
0.0031130162339955496,Shame,Boredom,0.04254265825164644
0.0031130162339955496,Shame,Fear,0.023056424594195497
0.0031130162339955496,Shame,Happiness,0.22237084690318573
0.0031130162339955496,Shame,Joy,0.18724342649724454
0.0031130162339955496,Shame,Pride,0.2489481866588994
0.0031130162339955496,Shame,Sadness,0.03669064167627107
0.0031130162339955496,Shame,Shame,0.23914781541855723
0.0032200797921234313,Boredom,Boredom,0.4309171760760464
0.0032200797921234313,Boredom,Fear,0.03461440694915656
0.0032200797921234313,Boredom,Happiness,0.18818243194194664
0.0032200797921234313,Boredom,Joy,0.1615874269905179
0.0032200797921234313,Boredom,Pride,0.0821517838162927
0.0032200797921234313,Boredom,Sadness,0.009220795926354807
0.0032200797921234313,Boredom,Shame,0.09332597829968532
0.0032200797921234313,Fear,Boredom,0.0054431178586818955
0.0032200797921234313,Fear,Fear,0.6399218748185848
0.0032200797921234313,Fear,Happiness,0.011789612694510544
0.0032200797921234313,Fear,Joy,0.04341504335540096
0.0032200797921234313,Fear,Pride,0.02073128122700307
0.0032200797921234313,Fear,Sadness,0.1678478182456004
0.0032200797921234313,Fear,Shame,0.11085125180021829
0.0032200797921234313,Happiness,Boredom,0.47987412792195
0.0032200797921234313,Happiness,Fear,0.005862940374091143
0.0032200797921234313,Happiness,Happiness,0.36107094874716034
0.0032200797921234313,Happiness,Joy,0.024084970440406122
0.0032200797921234313,Happiness,Pride,0.07060879661781477
0.0032200797921234313,Happiness,Sadness,0.008169482049930978
0.0032200797921234313,Happiness,Shame,0.05032873384864626
0.0032200797921234313,Joy,Boredom,0.010382282869494292
0.0032200797921234313,Joy,Fear,0.08749989926899097
0.0032200797921234313,Joy,Happiness,0.07380078843507093
0.0032200797921234313,Joy,Joy,0.3278600644502226
0.0032200797921234313,Joy,Pride,0.25772912450095253
0.0032200797921234313,Joy,Sadness,0.0509171829972855
0.0032200797921234313,Joy,Shame,0.19181065747798343
0.0032200797921234313,Pride,Boredom,0.05756158749667429
0.0032200797921234313,Pride,Fear,0.019529884625926492
0.0032200797921234313,Pride,Happiness,0.30667576413599307
0.0032200797921234313,Pride,Joy,0.10437028294434242
0.0032200797921234313,Pride,Pride,0.2597151730999728
0.0032200797921234313,Pride,Sadness,0.050729105086552026
0.0032200797921234313,Pride,Shame,0.20141820261053897
0.0032200797921234313,Sadness,Boredom,0.050410597234745745
0.0032200797921234313,Sadness,Fear,0.5763324190865814
0.0032200797921234313,Sadness,Happiness,0.04870737188193656
0.0032200797921234313,Sadness,Joy,0.06558857327835706
0.0032200797921234313,Sadness,Pride,0.05631117680423355
0.0032200797921234313,Sadness,Sadness,0.05980028281161322
0.0032200797921234313,Sadness,Shame,0.14284957890253275
0.0032200797921234313,Shame,Boredom,0.04244152475194591
0.0032200797921234313,Shame,Fear,0.023886983439274895
0.0032200797921234313,Shame,Happiness,0.2238226125011588
0.0032200797921234313,Shame,Joy,0.18431335938162932
0.0032200797921234313,Shame,Pride,0.24924868588373414
0.0032200797921234313,Shame,Sadness,0.038161576233584744
0.0032200797921234313,Shame,Shame,0.2381252578086717
0.003295756144031787,Boredom,Boredom,0.4398051464109292
0.003295756144031787,Boredom,Fear,0.03397016107439454
0.003295756144031787,Boredom,Happiness,0.14034916450054585
0.003295756144031787,Boredom,Joy,0.17841276547377422
0.003295756144031787,Boredom,Pride,0.09089493869719821
0.003295756144031787,Boredom,Sadness,0.00928473485246416
0.003295756144031787,Boredom,Shame,0.10728308899069379
0.003295756144031787,Fear,Boredom,0.004431154204796489
0.003295756144031787,Fear,Fear,0.6885325538645471
0.003295756144031787,Fear,Happiness,0.006709490222371411
0.003295756144031787,Fear,Joy,0.0360433867945574
0.003295756144031787,Fear,Pride,0.0196009773314043
0.003295756144031787,Fear,Sadness,0.14060955370479167
0.003295756144031787,Fear,Shame,0.10407288387753168
0.003295756144031787,Happiness,Boredom,0.45899742234021507
0.003295756144031787,Happiness,Fear,0.004510757668479058
0.003295756144031787,Happiness,Happiness,0.3907027228977911
0.003295756144031787,Happiness,Joy,0.021033573727171653
0.003295756144031787,Happiness,Pride,0.07230028147385915
0.003295756144031787,Happiness,Sadness,0.006355389444703745
0.003295756144031787,Happiness,Shame,0.04609985244778027
0.003295756144031787,Joy,Boredom,0.007903877302867955
0.003295756144031787,Joy,Fear,0.08260538596051319
0.003295756144031787,Joy,Happiness,0.05149995031387866
0.003295756144031787,Joy,Joy,0.31692202129234415
0.003295756144031787,Joy,Pride,0.2658341550320457
0.003295756144031787,Joy,Sadness,0.044757107445994364
0.003295756144031787,Joy,Shame,0.23047750265235584
0.003295756144031787,Pride,Boredom,0.051818259924848016
0.003295756144031787,Pride,Fear,0.013186663496740136
0.003295756144031787,Pride,Happiness,0.3072047677139457
0.003295756144031787,Pride,Joy,0.08334043679160971
0.003295756144031787,Pride,Pride,0.2667162771990402
0.003295756144031787,Pride,Sadness,0.04513471776302535
0.003295756144031787,Pride,Shame,0.232598877110791
0.003295756144031787,Sadness,Boredom,0.044152754288110906
0.003295756144031787,Sadness,Fear,0.6008803811939756
0.003295756144031787,Sadness,Happiness,0.037152923121979806
0.003295756144031787,Sadness,Joy,0.05861509232885405
0.003295756144031787,Sadness,Pride,0.05487365763867279
0.003295756144031787,Sadness,Sadness,0.05197095917858535
0.003295756144031787,Sadness,Shame,0.15235423224982128
0.003295756144031787,Shame,Boredom,0.035630841761117256
0.003295756144031787,Shame,Fear,0.016722506037585128
0.003295756144031787,Shame,Happiness,0.20226153579283182
0.003295756144031787,Shame,Joy,0.16088373830195546
0.003295756144031787,Shame,Pride,0.2586542807504736
0.003295756144031787,Shame,Sadness,0.030313440155292967
0.003295756144031787,Shame,Shame,0.29553365720074404
0.0030732103306964106,Boredom,Boredom,0.3718953040700112
0.0030732103306964106,Boredom,Fear,0.03430383562448024
0.0030732103306964106,Boredom,Happiness,0.1622998846272483
0.0030732103306964106,Boredom,Joy,0.1640072412898241
0.0030732103306964106,Boredom,Pride,0.0921153539102249
0.0030732103306964106,Boredom,Sadness,0.01228241559656807
0.0030732103306964106,Boredom,Shame,0.16309596488164274
0.0030732103306964106,Fear,Boredom,0.008244006742873119
0.0030732103306964106,Fear,Fear,0.4970633552030933
0.0030732103306964106,Fear,Happiness,0.017711600429846222
0.0030732103306964106,Fear,Joy,0.061682717072850037
0.0030732103306964106,Fear,Pride,0.03167466567882764
0.0030732103306964106,Fear,Sadness,0.21405814965792253
0.0030732103306964106,Fear,Shame,0.16956550521458671
0.0030732103306964106,Happiness,Boredom,0.4375043482063221
0.0030732103306964106,Happiness,Fear,0.008269461531409457
0.0030732103306964106,Happiness,Happiness,0.34755689360972536
0.0030732103306964106,Happiness,Joy,0.03826715504873593
0.0030732103306964106,Happiness,Pride,0.08339677563606226
0.0030732103306964106,Happiness,Sadness,0.011574459891465503
0.0030732103306964106,Happiness,Shame,0.07343090607627963
0.0030732103306964106,Joy,Boredom,0.009337280167971515
0.0030732103306964106,Joy,Fear,0.06942330555757459
0.0030732103306964106,Joy,Happiness,0.06671073988548219
0.0030732103306964106,Joy,Joy,0.30647079072057887
0.0030732103306964106,Joy,Pride,0.26711716748689396
0.0030732103306964106,Joy,Sadness,0.051134942336141576
0.0030732103306964106,Joy,Shame,0.22980577384535708
0.0030732103306964106,Pride,Boredom,0.055494246184655927
0.0030732103306964106,Pride,Fear,0.016247561045863824
0.0030732103306964106,Pride,Happiness,0.2614830431025502
0.0030732103306964106,Pride,Joy,0.12474575990515824
0.0030732103306964106,Pride,Pride,0.25928804583340087
0.0030732103306964106,Pride,Sadness,0.048179537479745016
0.0030732103306964106,Pride,Shame,0.23456180644862587
0.0030732103306964106,Sadness,Boredom,0.0670748836893996
0.0030732103306964106,Sadness,Fear,0.4351643464434369
0.0030732103306964106,Sadness,Happiness,0.05530747661529954
0.0030732103306964106,Sadness,Joy,0.08751529379185255
0.0030732103306964106,Sadness,Pride,0.08064752318746049
0.0030732103306964106,Sadness,Sadness,0.07262390733162252
0.0030732103306964106,Sadness,Shame,0.2016665689409285
0.0030732103306964106,Shame,Boredom,0.03784899786113844
0.0030732103306964106,Shame,Fear,0.01974185720864212
0.0030732103306964106,Shame,Happiness,0.18105597181574587
0.0030732103306964106,Shame,Joy,0.20866145906152364
0.0030732103306964106,Shame,Pride,0.2534722721799306
0.0030732103306964106,Shame,Sadness,0.036095915680853775
0.0030732103306964106,Shame,Shame,0.26312352619216567
0.003321926289234095,Boredom,Boredom,0.42842431570102674
0.003321926289234095,Boredom,Fear,0.03547337803615993
0.003321926289234095,Boredom,Happiness,0.18612339067485167
0.003321926289234095,Boredom,Joy,0.16895937852498893
0.003321926289234095,Boredom,Pride,0.08476978728412818
0.003321926289234095,Boredom,Sadness,0.010163811137881968
0.003321926289234095,Boredom,Shame,0.08608593864096273
0.003321926289234095,Fear,Boredom,0.005209979480129981
0.003321926289234095,Fear,Fear,0.6478331624696644
0.003321926289234095,Fear,Happiness,0.011421796313141474
0.003321926289234095,Fear,Joy,0.04238262461030709
0.003321926289234095,Fear,Pride,0.020222861405505093
0.003321926289234095,Fear,Sadness,0.16430155418750314
0.003321926289234095,Fear,Shame,0.10862802153374872
0.003321926289234095,Happiness,Boredom,0.47836932937859405
0.003321926289234095,Happiness,Fear,0.006275995465459308
0.003321926289234095,Happiness,Happiness,0.3578823661448277
0.003321926289234095,Happiness,Joy,0.024412712681161103
0.003321926289234095,Happiness,Pride,0.07180887028093093
0.003321926289234095,Happiness,Sadness,0.008943278746340363
0.003321926289234095,Happiness,Shame,0.05230744730268679
0.003321926289234095,Joy,Boredom,0.010478876509949886
0.003321926289234095,Joy,Fear,0.09082011485245499
0.003321926289234095,Joy,Happiness,0.07003311131920453
0.003321926289234095,Joy,Joy,0.32957020691415745
0.003321926289234095,Joy,Pride,0.25805041918054583
0.003321926289234095,Joy,Sadness,0.05225006572077254
0.003321926289234095,Joy,Shame,0.18879720550291507
0.003321926289234095,Pride,Boredom,0.05665973558562208
0.003321926289234095,Pride,Fear,0.020338367292965343
0.003321926289234095,Pride,Happiness,0.3059369710442086
0.003321926289234095,Pride,Joy,0.10245936455043761
0.003321926289234095,Pride,Pride,0.26074939228932464
0.003321926289234095,Pride,Sadness,0.05283046187374058
0.003321926289234095,Pride,Shame,0.20102570736370123
0.003321926289234095,Sadness,Boredom,0.04787669091999218
0.003321926289234095,Sadness,Fear,0.5844339513948418
0.003321926289234095,Sadness,Happiness,0.046845935723012364
0.003321926289234095,Sadness,Joy,0.06419592945897677
0.003321926289234095,Sadness,Pride,0.056238612383908045
0.003321926289234095,Sadness,Sadness,0.06099161906970906
0.003321926289234095,Sadness,Shame,0.1394172610495601
0.003321926289234095,Shame,Boredom,0.04211196875931813
0.003321926289234095,Shame,Fear,0.024633080598926892
0.003321926289234095,Shame,Happiness,0.22597021336353232
0.003321926289234095,Shame,Joy,0.18492522827112295
0.003321926289234095,Shame,Pride,0.24909235461172222
0.003321926289234095,Shame,Sadness,0.04063142714145987
0.003321926289234095,Shame,Shame,0.2326357272539177
0.003169369588370387,Boredom,Boredom,0.45226141781082696
0.003169369588370387,Boredom,Fear,0.03241692275300552
0.003169369588370387,Boredom,Happiness,0.2210385565885662
0.003169369588370387,Boredom,Joy,0.14268624275405936
0.003169369588370387,Boredom,Pride,0.07204617438141699
0.003169369588370387,Boredom,Sadness,0.006260797771463237
0.003169369588370387,Boredom,Shame,0.07328988794066187
0.003169369588370387,Fear,Boredom,0.002967528496798862
0.003169369588370387,Fear,Fear,0.8340892015290847
0.003169369588370387,Fear,Happiness,0.006451811962971877
0.003169369588370387,Fear,Joy,0.018999439064862893
0.003169369588370387,Fear,Pride,0.007808562241400518
0.003169369588370387,Fear,Sadness,0.08119858000235075
0.003169369588370387,Fear,Shame,0.04848487670253017
0.003169369588370387,Happiness,Boredom,0.5269765271608149
0.003169369588370387,Happiness,Fear,0.003653410734065624
0.003169369588370387,Happiness,Happiness,0.36293789607626536
0.003169369588370387,Happiness,Joy,0.016436012808393918
0.003169369588370387,Happiness,Pride,0.05636560050014617
0.003169369588370387,Happiness,Sadness,0.005166812852177514
0.003169369588370387,Happiness,Shame,0.028463739868135808
0.003169369588370387,Joy,Boredom,0.014201103602801671
0.003169369588370387,Joy,Fear,0.08983660501954739
0.003169369588370387,Joy,Happiness,0.09077921387503425
0.003169369588370387,Joy,Joy,0.3444833464209244
0.003169369588370387,Joy,Pride,0.26211341535762234
0.003169369588370387,Joy,Sadness,0.048004100597789846
0.003169369588370387,Joy,Shame,0.15058221512628014
0.003169369588370387,Pride,Boredom,0.06735533783726307
0.003169369588370387,Pride,Fear,0.022810596791718693
0.003169369588370387,Pride,Happiness,0.3472962304914059
0.003169369588370387,Pride,Joy,0.10206134576840432
0.003169369588370387,Pride,Pride,0.2505834795432245
0.003169369588370387,Pride,Sadness,0.05375758168977653
0.003169369588370387,Pride,Shame,0.1561354278782071
0.003169369588370387,Sadness,Boredom,0.05080206359948762
0.003169369588370387,Sadness,Fear,0.7346920400293003
0.003169369588370387,Sadness,Happiness,0.0348548011414991
0.003169369588370387,Sadness,Joy,0.036233746797346235
0.003169369588370387,Sadness,Pride,0.03285919018614844
0.003169369588370387,Sadness,Sadness,0.036576671634808
0.003169369588370387,Sadness,Shame,0.07398148661141007
0.003169369588370387,Shame,Boredom,0.04540626312503323
0.003169369588370387,Shame,Fear,0.029279066902448924
0.003169369588370387,Shame,Happiness,0.268868399075297
0.003169369588370387,Shame,Joy,0.16473350493534417
0.003169369588370387,Shame,Pride,0.2473556211721053
0.003169369588370387,Shame,Sadness,0.042274572940436454
0.003169369588370387,Shame,Shame,0.2020825718493349
0.0032482255129733196,Boredom,Boredom,0.43724636602752426
0.0032482255129733196,Boredom,Fear,0.03434054552705212
0.0032482255129733196,Boredom,Happiness,0.1778958079712949
0.0032482255129733196,Boredom,Joy,0.16717472888582713
0.0032482255129733196,Boredom,Pride,0.08281100896714547
0.0032482255129733196,Boredom,Sadness,0.008665375485406126
0.0032482255129733196,Boredom,Shame,0.09186616713574972
0.0032482255129733196,Fear,Boredom,0.00478070338297901
0.0032482255129733196,Fear,Fear,0.6688580080315043
0.0032482255129733196,Fear,Happiness,0.009245554852361879
0.0032482255129733196,Fear,Joy,0.039414564015530965
0.0032482255129733196,Fear,Pride,0.01941977860772558
0.0032482255129733196,Fear,Sadness,0.156289135375985
0.0032482255129733196,Fear,Shame,0.1019922557339129
0.0032482255129733196,Happiness,Boredom,0.4823735443580128
0.0032482255129733196,Happiness,Fear,0.005061187204674837
0.0032482255129733196,Happiness,Happiness,0.3699257787061398
0.0032482255129733196,Happiness,Joy,0.0211339071489978
0.0032482255129733196,Happiness,Pride,0.06863712540342097
0.0032482255129733196,Happiness,Sadness,0.007071508336168835
0.0032482255129733196,Happiness,Shame,0.04579694884258471
0.0032482255129733196,Joy,Boredom,0.009958934447824896
0.0032482255129733196,Joy,Fear,0.08401941720320515
0.0032482255129733196,Joy,Happiness,0.06395230968970987
0.0032482255129733196,Joy,Joy,0.33575694281841995
0.0032482255129733196,Joy,Pride,0.26034521221774315
0.0032482255129733196,Joy,Sadness,0.04993773396886858
0.0032482255129733196,Joy,Shame,0.19602944965422828
0.0032482255129733196,Pride,Boredom,0.05696976850003417
0.0032482255129733196,Pride,Fear,0.018714060756687446
0.0032482255129733196,Pride,Happiness,0.3138919709033802
0.0032482255129733196,Pride,Joy,0.0944251494584038
0.0032482255129733196,Pride,Pride,0.2613041292435887
0.0032482255129733196,Pride,Sadness,0.050538126598896164
0.0032482255129733196,Pride,Shame,0.20415679453900953
0.0032482255129733196,Sadness,Boredom,0.04758730774607899
0.0032482255129733196,Sadness,Fear,0.6003851942360385
0.0032482255129733196,Sadness,Happiness,0.04330983386582654
0.0032482255129733196,Sadness,Joy,0.0609539560853633
0.0032482255129733196,Sadness,Pride,0.053266683719406106
0.0032482255129733196,Sadness,Sadness,0.057683775207254796
0.0032482255129733196,Sadness,Shame,0.13681324914003196
0.0032482255129733196,Shame,Boredom,0.041241081291251154
0.0032482255129733196,Shame,Fear,0.022937114120491344
0.0032482255129733196,Shame,Happiness,0.2244463866626898
0.0032482255129733196,Shame,Joy,0.17491781272903015
0.0032482255129733196,Shame,Pride,0.25029390661403556
0.0032482255129733196,Shame,Sadness,0.03685132430184926
0.0032482255129733196,Shame,Shame,0.2493123742806529
0.0032212710960791307,Boredom,Boredom,0.3866933588618833
0.0032212710960791307,Boredom,Fear,0.035818940465718346
0.0032212710960791307,Boredom,Happiness,0.15982081687026936
0.0032212710960791307,Boredom,Joy,0.17065484520126392
0.0032212710960791307,Boredom,Pride,0.09157389091621213
0.0032212710960791307,Boredom,Sadness,0.012222838471016606
0.0032212710960791307,Boredom,Shame,0.1432153092136363
0.0032212710960791307,Fear,Boredom,0.0076167248871320346
0.0032212710960791307,Fear,Fear,0.5126891471338658
0.0032212710960791307,Fear,Happiness,0.016408460357920682
0.0032212710960791307,Fear,Joy,0.05985123341229206
0.0032212710960791307,Fear,Pride,0.029921245911082393
0.0032212710960791307,Fear,Sadness,0.2089194515018852
0.0032212710960791307,Fear,Shame,0.1645937367958216
0.0032212710960791307,Happiness,Boredom,0.4430020366305027
0.0032212710960791307,Happiness,Fear,0.008272080820334815
0.0032212710960791307,Happiness,Happiness,0.35032120090647706
0.0032212710960791307,Happiness,Joy,0.03358263488434276
0.0032212710960791307,Happiness,Pride,0.08255960248220523
0.0032212710960791307,Happiness,Sadness,0.011510137968480083
0.0032212710960791307,Happiness,Shame,0.07075230630765732
0.0032212710960791307,Joy,Boredom,0.00854179751950336
0.0032212710960791307,Joy,Fear,0.09659456491037113
0.0032212710960791307,Joy,Happiness,0.060953705956346325
0.0032212710960791307,Joy,Joy,0.30263949517404176
0.0032212710960791307,Joy,Pride,0.2557129153633309
0.0032212710960791307,Joy,Sadness,0.05164011322214909
0.0032212710960791307,Joy,Shame,0.22391740785425746
0.0032212710960791307,Pride,Boredom,0.05287650594175738
0.0032212710960791307,Pride,Fear,0.017097635642330192
0.0032212710960791307,Pride,Happiness,0.26978363642089087
0.0032212710960791307,Pride,Joy,0.11651824277747753
0.0032212710960791307,Pride,Pride,0.2604534062752148
0.0032212710960791307,Pride,Sadness,0.04947953596471779
0.0032212710960791307,Pride,Shame,0.2337910369776111
0.0032212710960791307,Sadness,Boredom,0.06372210553199155
0.0032212710960791307,Sadness,Fear,0.4492285309013511
0.0032212710960791307,Sadness,Happiness,0.05151999229471751
0.0032212710960791307,Sadness,Joy,0.08483191805758761
0.0032212710960791307,Sadness,Pride,0.07812820706459327
0.0032212710960791307,Sadness,Sadness,0.07630218872309723
0.0032212710960791307,Sadness,Shame,0.19626705742666128
0.0032212710960791307,Shame,Boredom,0.03634026381190601
0.0032212710960791307,Shame,Fear,0.020523822325545883
0.0032212710960791307,Shame,Happiness,0.1852593890902666
0.0032212710960791307,Shame,Joy,0.20717122179994626
0.0032212710960791307,Shame,Pride,0.2523535847601236
0.0032212710960791307,Shame,Sadness,0.037947552124236394
0.0032212710960791307,Shame,Shame,0.2604041660879757
0.00294893219606384,Boredom,Boredom,0.3318892213990894
0.00294893219606384,Boredom,Fear,0.035086932968573556
0.00294893219606384,Boredom,Happiness,0.16986472358920435
0.00294893219606384,Boredom,Joy,0.16679573585905508
0.00294893219606384,Boredom,Pride,0.09565112498295275
0.00294893219606384,Boredom,Sadness,0.013761842609811632
0.00294893219606384,Boredom,Shame,0.18695041859131295
0.00294893219606384,Fear,Boredom,0.010570300444229465
0.00294893219606384,Fear,Fear,0.4619705769351533
0.00294893219606384,Fear,Happiness,0.021463861999368766
0.00294893219606384,Fear,Joy,0.06608873776998178
0.00294893219606384,Fear,Pride,0.03327037375553977
0.00294893219606384,Fear,Sadness,0.22779334155059014
0.00294893219606384,Fear,Shame,0.1788428075451366
0.00294893219606384,Happiness,Boredom,0.4316158030568513
0.00294893219606384,Happiness,Fear,0.009110841492620354
0.00294893219606384,Happiness,Happiness,0.32959842424963115
0.00294893219606384,Happiness,Joy,0.04641675030384405
0.00294893219606384,Happiness,Pride,0.08360271715587053
0.00294893219606384,Happiness,Sadness,0.012236824437701754
0.00294893219606384,Happiness,Shame,0.08741863930348093
0.00294893219606384,Joy,Boredom,0.009463212933034697
0.00294893219606384,Joy,Fear,0.09664195882032965
0.00294893219606384,Joy,Happiness,0.06990153680322071
0.00294893219606384,Joy,Joy,0.29475353900806206
0.00294893219606384,Joy,Pride,0.257177011076146
0.00294893219606384,Joy,Sadness,0.05127587307455268
0.00294893219606384,Joy,Shame,0.2207868682846544
0.00294893219606384,Pride,Boredom,0.06297734219918577
0.00294893219606384,Pride,Fear,0.017732407145056774
0.00294893219606384,Pride,Happiness,0.25185864831561616
0.00294893219606384,Pride,Joy,0.1371436351162472
0.00294893219606384,Pride,Pride,0.25495229424603094
0.00294893219606384,Pride,Sadness,0.04935445464523327
0.00294893219606384,Pride,Shame,0.2259812183326302
0.00294893219606384,Sadness,Boredom,0.07549233177163525
0.00294893219606384,Sadness,Fear,0.4068253033908192
0.00294893219606384,Sadness,Happiness,0.0588230174712613
0.00294893219606384,Sadness,Joy,0.09353908369086851
0.00294893219606384,Sadness,Pride,0.0871787029218854
0.00294893219606384,Sadness,Sadness,0.07489451257739865
0.00294893219606384,Sadness,Shame,0.20324704817613187
0.00294893219606384,Shame,Boredom,0.04121190876480991
0.00294893219606384,Shame,Fear,0.021175816431066044
0.00294893219606384,Shame,Happiness,0.18347546918787602
0.00294893219606384,Shame,Joy,0.21620766542209827
0.00294893219606384,Shame,Pride,0.25132139085472344
0.00294893219606384,Shame,Sadness,0.036828803309467015
0.00294893219606384,Shame,Shame,0.24977894602995906
0.003125889134313568,Boredom,Boredom,0.47116313692162
0.003125889134313568,Boredom,Fear,0.030932581216224917
0.003125889134313568,Boredom,Happiness,0.17355694752447784
0.003125889134313568,Boredom,Joy,0.1605242026897486
0.003125889134313568,Boredom,Pride,0.07553328793283692
0.003125889134313568,Boredom,Sadness,0.005385398398212925
0.003125889134313568,Boredom,Shame,0.08290444531687881
0.003125889134313568,Fear,Boredom,0.0031410615793927114
0.003125889134313568,Fear,Fear,0.8120237475111094
0.003125889134313568,Fear,Happiness,0.0041502639346676536
0.003125889134313568,Fear,Joy,0.021808356400862424
0.003125889134313568,Fear,Pride,0.01103514707860048
0.003125889134313568,Fear,Sadness,0.08368373700094876
0.003125889134313568,Fear,Shame,0.06415768649441862
0.003125889134313568,Happiness,Boredom,0.5000859755415501
0.003125889134313568,Happiness,Fear,0.002600351312318181
0.003125889134313568,Happiness,Happiness,0.39597204864062396
0.003125889134313568,Happiness,Joy,0.014206591062107726
0.003125889134313568,Happiness,Pride,0.057202240252920256
0.003125889134313568,Happiness,Sadness,0.0036781517261647223
0.003125889134313568,Happiness,Shame,0.0262546414643151
0.003125889134313568,Joy,Boredom,0.007879054405746422
0.003125889134313568,Joy,Fear,0.10469717635842478
0.003125889134313568,Joy,Happiness,0.05797678461184553
0.003125889134313568,Joy,Joy,0.3355821298929183
0.003125889134313568,Joy,Pride,0.25469130688178876
0.003125889134313568,Joy,Sadness,0.04099275426869038
0.003125889134313568,Joy,Shame,0.1981807935805858
0.003125889134313568,Pride,Boredom,0.05930037677148676
0.003125889134313568,Pride,Fear,0.013108090544916047
0.003125889134313568,Pride,Happiness,0.34729560216949035
0.003125889134313568,Pride,Joy,0.08482327824751952
0.003125889134313568,Pride,Pride,0.25681126016111383
0.003125889134313568,Pride,Sadness,0.04420335188041031
0.003125889134313568,Pride,Shame,0.1944580402250634
0.003125889134313568,Sadness,Boredom,0.044380284007352104
0.003125889134313568,Sadness,Fear,0.7023709986717481
0.003125889134313568,Sadness,Happiness,0.03339414964437101
0.003125889134313568,Sadness,Joy,0.042855639167118424
0.003125889134313568,Sadness,Pride,0.03643719506618288
0.003125889134313568,Sadness,Sadness,0.03367508879001321
0.003125889134313568,Sadness,Shame,0.10688664465321361
0.003125889134313568,Shame,Boredom,0.039647002302464124
0.003125889134313568,Shame,Fear,0.017603351333210195
0.003125889134313568,Shame,Happiness,0.2219111899420852
0.003125889134313568,Shame,Joy,0.15547751503960283
0.003125889134313568,Shame,Pride,0.2544678442653543
0.003125889134313568,Shame,Sadness,0.02937718327047352
0.003125889134313568,Shame,Shame,0.2815159138468098
0.003292163958914637,Boredom,Boredom,0.4377299024596026
0.003292163958914637,Boredom,Fear,0.034378292865641556
0.003292163958914637,Boredom,Happiness,0.1717465325361709
0.003292163958914637,Boredom,Joy,0.17248725405881637
0.003292163958914637,Boredom,Pride,0.08406445551540784
0.003292163958914637,Boredom,Sadness,0.008661601068537587
0.003292163958914637,Boredom,Shame,0.09093196149582333
0.003292163958914637,Fear,Boredom,0.004445383352634567
0.003292163958914637,Fear,Fear,0.6847066876279414
0.003292163958914637,Fear,Happiness,0.008404691892669635
0.003292163958914637,Fear,Joy,0.037165689972301186
0.003292163958914637,Fear,Pride,0.019032730298314666
0.003292163958914637,Fear,Sadness,0.1499245944363427
0.003292163958914637,Fear,Shame,0.0963202224197957
0.003292163958914637,Happiness,Boredom,0.48225460815249027
0.003292163958914637,Happiness,Fear,0.00489736416569203
0.003292163958914637,Happiness,Happiness,0.3704489054155808
0.003292163958914637,Happiness,Joy,0.020936283061515473
0.003292163958914637,Happiness,Pride,0.06863235385198226
0.003292163958914637,Happiness,Sadness,0.006965543602791179
0.003292163958914637,Happiness,Shame,0.045864941749948054
0.003292163958914637,Joy,Boredom,0.009679996581123802
0.003292163958914637,Joy,Fear,0.08960526788342837
0.003292163958914637,Joy,Happiness,0.06239982760674536
0.003292163958914637,Joy,Joy,0.3338850023498758
0.003292163958914637,Joy,Pride,0.2588448595964182
0.003292163958914637,Joy,Sadness,0.04950875443258131
0.003292163958914637,Joy,Shame,0.1960762915498273
0.003292163958914637,Pride,Boredom,0.0577860705997775
0.003292163958914637,Pride,Fear,0.018112176211267053
0.003292163958914637,Pride,Happiness,0.3145260124162086
0.003292163958914637,Pride,Joy,0.09185344514249369
0.003292163958914637,Pride,Pride,0.261908697191192
0.003292163958914637,Pride,Sadness,0.05012558115421495
0.003292163958914637,Pride,Shame,0.20568801728484626
0.003292163958914637,Sadness,Boredom,0.04562820428335937
0.003292163958914637,Sadness,Fear,0.6145364731941063
0.003292163958914637,Sadness,Happiness,0.04258179921725532
0.003292163958914637,Sadness,Joy,0.05853551716264488
0.003292163958914637,Sadness,Pride,0.05145019850564339
0.003292163958914637,Sadness,Sadness,0.054493883543996306
0.003292163958914637,Sadness,Shame,0.1327739240929943
0.003292163958914637,Shame,Boredom,0.041230596814024564
0.003292163958914637,Shame,Fear,0.022270267305279888
0.003292163958914637,Shame,Happiness,0.22554336750054949
0.003292163958914637,Shame,Joy,0.17149673100555402
0.003292163958914637,Shame,Pride,0.2509827550016363
0.003292163958914637,Shame,Sadness,0.036128409021909745
0.003292163958914637,Shame,Shame,0.25234787335104614
0.002918436032747119,Boredom,Boredom,0.437909491596357
0.002918436032747119,Boredom,Fear,0.0324869074969367
0.002918436032747119,Boredom,Happiness,0.21177694977757097
0.002918436032747119,Boredom,Joy,0.13989831121374213
0.002918436032747119,Boredom,Pride,0.0751629334467155
0.002918436032747119,Boredom,Sadness,0.007498173077775807
0.002918436032747119,Boredom,Shame,0.09526723339090183
0.002918436032747119,Fear,Boredom,0.006079476707716592
0.002918436032747119,Fear,Fear,0.7166956088897762
0.002918436032747119,Fear,Happiness,0.011414454010495543
0.002918436032747119,Fear,Joy,0.03257698106719745
0.002918436032747119,Fear,Pride,0.014435308013612296
0.002918436032747119,Fear,Sadness,0.13288031257582578
0.002918436032747119,Fear,Shame,0.08591785873537583
0.002918436032747119,Happiness,Boredom,0.50730715540806
0.002918436032747119,Happiness,Fear,0.004786687325569357
0.002918436032747119,Happiness,Happiness,0.3578605977269757
0.002918436032747119,Happiness,Joy,0.02043314153818804
0.002918436032747119,Happiness,Pride,0.06178500179834791
0.002918436032747119,Happiness,Sadness,0.0065949034079304525
0.002918436032747119,Happiness,Shame,0.0412325127949286
0.002918436032747119,Joy,Boredom,0.010889144188527874
0.002918436032747119,Joy,Fear,0.18591364109313674
0.002918436032747119,Joy,Happiness,0.08357133661152073
0.002918436032747119,Joy,Joy,0.2734553149348158
0.002918436032747119,Joy,Pride,0.23620870647861222
0.002918436032747119,Joy,Sadness,0.049690830963277734
0.002918436032747119,Joy,Shame,0.1602710257301084
0.002918436032747119,Pride,Boredom,0.0835004606974299
0.002918436032747119,Pride,Fear,0.02113049126921201
0.002918436032747119,Pride,Happiness,0.3225476132114075
0.002918436032747119,Pride,Joy,0.10429635853360614
0.002918436032747119,Pride,Pride,0.24563052759166606
0.002918436032747119,Pride,Sadness,0.05233925850171768
0.002918436032747119,Pride,Shame,0.17055529019496055
0.002918436032747119,Sadness,Boredom,0.07079801432013375
0.002918436032747119,Sadness,Fear,0.6251099500332976
0.002918436032747119,Sadness,Happiness,0.04501032277758947
0.002918436032747119,Sadness,Joy,0.053774170180426774
0.002918436032747119,Sadness,Pride,0.04735401376992922
0.002918436032747119,Sadness,Sadness,0.05206341585488353
0.002918436032747119,Sadness,Shame,0.10589011306373945
0.002918436032747119,Shame,Boredom,0.0516115322905025
0.002918436032747119,Shame,Fear,0.02685039573639772
0.002918436032747119,Shame,Happiness,0.2504470933227017
0.002918436032747119,Shame,Joy,0.1737950479555869
0.002918436032747119,Shame,Pride,0.24617559612119103
0.002918436032747119,Shame,Sadness,0.04001272701100037
0.002918436032747119,Shame,Shame,0.2111076075626196
0.0030110928040827907,Boredom,Boredom,0.3910744263051977
0.0030110928040827907,Boredom,Fear,0.033699143886092096
0.0030110928040827907,Boredom,Happiness,0.1997813339868177
0.0030110928040827907,Boredom,Joy,0.1558756820803057
0.0030110928040827907,Boredom,Pride,0.08340086808665433
0.0030110928040827907,Boredom,Sadness,0.011077676999393554
0.0030110928040827907,Boredom,Shame,0.12509086865553878
0.0030110928040827907,Fear,Boredom,0.008685434912736635
0.0030110928040827907,Fear,Fear,0.5563879745826366
0.0030110928040827907,Fear,Happiness,0.01923286008644275
0.0030110928040827907,Fear,Joy,0.052794854740189266
0.0030110928040827907,Fear,Pride,0.024640400991159432
0.0030110928040827907,Fear,Sadness,0.20423304480043195
0.0030110928040827907,Fear,Shame,0.13402542988640287
0.0030110928040827907,Happiness,Boredom,0.47070356369372224
0.0030110928040827907,Happiness,Fear,0.008245490474614675
0.0030110928040827907,Happiness,Happiness,0.33675725243019994
0.0030110928040827907,Happiness,Joy,0.035609596170801554
0.0030110928040827907,Happiness,Pride,0.07479905567805963
0.0030110928040827907,Happiness,Sadness,0.01061128926983756
0.0030110928040827907,Happiness,Shame,0.06327375228276433
0.0030110928040827907,Joy,Boredom,0.011793783047577161
0.0030110928040827907,Joy,Fear,0.10652074229157982
0.0030110928040827907,Joy,Happiness,0.0837824823917142
0.0030110928040827907,Joy,Joy,0.30304638229920045
0.0030110928040827907,Joy,Pride,0.2541670524491776
0.0030110928040827907,Joy,Sadness,0.05345306044464023
0.0030110928040827907,Joy,Shame,0.18723649707611065
0.0030110928040827907,Pride,Boredom,0.07333763858153063
0.0030110928040827907,Pride,Fear,0.021273800550348148
0.0030110928040827907,Pride,Happiness,0.2845188405799501
0.0030110928040827907,Pride,Joy,0.12561057662153058
0.0030110928040827907,Pride,Pride,0.2504528860702621
0.0030110928040827907,Pride,Sadness,0.052269496470244134
0.0030110928040827907,Pride,Shame,0.19253676112613438
0.0030110928040827907,Sadness,Boredom,0.07865940171697844
0.0030110928040827907,Sadness,Fear,0.49611562580754004
0.0030110928040827907,Sadness,Happiness,0.055784681916836644
0.0030110928040827907,Sadness,Joy,0.07721383053707288
0.0030110928040827907,Sadness,Pride,0.06913378574607264
0.0030110928040827907,Sadness,Sadness,0.06978908770520176
0.0030110928040827907,Sadness,Shame,0.15330358657029722
0.0030110928040827907,Shame,Boredom,0.04660158816924309
0.0030110928040827907,Shame,Fear,0.025437953797437792
0.0030110928040827907,Shame,Happiness,0.22384683049114745
0.0030110928040827907,Shame,Joy,0.20116665402549114
0.0030110928040827907,Shame,Pride,0.247155711810028
0.0030110928040827907,Shame,Sadness,0.040300501193855524
0.0030110928040827907,Shame,Shame,0.21549076051279759
0.0032728260189569722,Boredom,Boredom,0.4739995062545979
0.0032728260189569722,Boredom,Fear,0.031218168536979334
0.0032728260189569722,Boredom,Happiness,0.18130566902703962
0.0032728260189569722,Boredom,Joy,0.16244995743697713
0.0032728260189569722,Boredom,Pride,0.07192361503504681
0.0032728260189569722,Boredom,Sadness,0.004522734543616276
0.0032728260189569722,Boredom,Shame,0.07458034916574287
0.0032728260189569722,Fear,Boredom,0.002501171021547604
0.0032728260189569722,Fear,Fear,0.8760471450475962
0.0032728260189569722,Fear,Happiness,0.0029649992486972697
0.0032728260189569722,Fear,Joy,0.01426350753508578
0.0032728260189569722,Fear,Pride,0.006061428504753341
0.0032728260189569722,Fear,Sadness,0.06321014348450525
0.0032728260189569722,Fear,Shame,0.03495160515781462
0.0032728260189569722,Happiness,Boredom,0.5283096974491668
0.0032728260189569722,Happiness,Fear,0.0021735196863838318
0.0032728260189569722,Happiness,Happiness,0.3797456297235626
0.0032728260189569722,Happiness,Joy,0.012578928993989415
0.0032728260189569722,Happiness,Pride,0.05118648802949154
0.0032728260189569722,Happiness,Sadness,0.003229933987625974
0.0032728260189569722,Happiness,Shame,0.022775802129779487
0.0032728260189569722,Joy,Boredom,0.009659809796772886
0.0032728260189569722,Joy,Fear,0.10465738857839642
0.0032728260189569722,Joy,Happiness,0.061627372283879454
0.0032728260189569722,Joy,Joy,0.36147337517135736
0.0032728260189569722,Joy,Pride,0.2539871271565195
0.0032728260189569722,Joy,Sadness,0.04301530437715136
0.0032728260189569722,Joy,Shame,0.16557962263592277
0.0032728260189569722,Pride,Boredom,0.06386124190751384
0.0032728260189569722,Pride,Fear,0.01604058420475857
0.0032728260189569722,Pride,Happiness,0.35964841342821835
0.0032728260189569722,Pride,Joy,0.08771117942294818
0.0032728260189569722,Pride,Pride,0.2513502702459045
0.0032728260189569722,Pride,Sadness,0.05041156783911242
0.0032728260189569722,Pride,Shame,0.1709767429515438
0.0032728260189569722,Sadness,Boredom,0.03981379527460327
0.0032728260189569722,Sadness,Fear,0.7772742315273573
0.0032728260189569722,Sadness,Happiness,0.029263933407833818
0.0032728260189569722,Sadness,Joy,0.031593394755086615
0.0032728260189569722,Sadness,Pride,0.027196770969286497
0.0032728260189569722,Sadness,Sadness,0.028157052938264922
0.0032728260189569722,Sadness,Shame,0.0667008211275679
0.0032728260189569722,Shame,Boredom,0.04407207493007488
0.0032728260189569722,Shame,Fear,0.02141544785049523
0.0032728260189569722,Shame,Happiness,0.24926340768106522
0.0032728260189569722,Shame,Joy,0.15159681054703028
0.0032728260189569722,Shame,Pride,0.2491230528519456
0.0032728260189569722,Shame,Sadness,0.03484719103984352
0.0032728260189569722,Shame,Shame,0.2496820150995453
0.0031428037765119307,Boredom,Boredom,0.39879607375071735
0.0031428037765119307,Boredom,Fear,0.03452164757757357
0.0031428037765119307,Boredom,Happiness,0.162180690332289
0.0031428037765119307,Boredom,Joy,0.16813129738936383
0.0031428037765119307,Boredom,Pride,0.09116750500004334
0.0031428037765119307,Boredom,Sadness,0.01224853041060539
0.0031428037765119307,Boredom,Shame,0.1329542555394074
0.0031428037765119307,Fear,Boredom,0.007628071045054178
0.0031428037765119307,Fear,Fear,0.505513519694014
0.0031428037765119307,Fear,Happiness,0.016608949242061025
0.0031428037765119307,Fear,Joy,0.06049072736763369
0.0031428037765119307,Fear,Pride,0.03114039521909986
0.0031428037765119307,Fear,Sadness,0.21019130123732963
0.0031428037765119307,Fear,Shame,0.16842703619480764
0.0031428037765119307,Happiness,Boredom,0.4394901746754863
0.0031428037765119307,Happiness,Fear,0.008136521248406968
0.0031428037765119307,Happiness,Happiness,0.35307289999203156
0.0031428037765119307,Happiness,Joy,0.03505638286552479
0.0031428037765119307,Happiness,Pride,0.08281942431119765
0.0031428037765119307,Happiness,Sadness,0.011304806652988499
0.0031428037765119307,Happiness,Shame,0.07011979025436435
0.0031428037765119307,Joy,Boredom,0.009388050119884297
0.0031428037765119307,Joy,Fear,0.06432411551719139
0.0031428037765119307,Joy,Happiness,0.0643121284755001
0.0031428037765119307,Joy,Joy,0.31070367680935806
0.0031428037765119307,Joy,Pride,0.26979321134478856
0.0031428037765119307,Joy,Sadness,0.05106711942618726
0.0031428037765119307,Joy,Shame,0.2304116983070903
0.0031428037765119307,Pride,Boredom,0.04912528498659649
0.0031428037765119307,Pride,Fear,0.01679587253029596
0.0031428037765119307,Pride,Happiness,0.2676563592107397
0.0031428037765119307,Pride,Joy,0.12016623275618307
0.0031428037765119307,Pride,Pride,0.2626198674276631
0.0031428037765119307,Pride,Sadness,0.04874022805990521
0.0031428037765119307,Pride,Shame,0.23489615502861658
0.0031428037765119307,Sadness,Boredom,0.058207843248981185
0.0031428037765119307,Sadness,Fear,0.44803855287108707
0.0031428037765119307,Sadness,Happiness,0.05316142193777193
0.0031428037765119307,Sadness,Joy,0.08591206372109257
0.0031428037765119307,Sadness,Pride,0.07916527375508726
0.0031428037765119307,Sadness,Sadness,0.07437542701054307
0.0031428037765119307,Sadness,Shame,0.20113941745543645
0.0031428037765119307,Shame,Boredom,0.03607719268156508
0.0031428037765119307,Shame,Fear,0.02030358601524505
0.0031428037765119307,Shame,Happiness,0.18170074683953166
0.0031428037765119307,Shame,Joy,0.2064291859493698
0.0031428037765119307,Shame,Pride,0.253766140480817
0.0031428037765119307,Shame,Sadness,0.037170431584326896
0.0031428037765119307,Shame,Shame,0.26455271644914463
0.003204339003811871,Boredom,Boredom,0.4211928583588332
0.003204339003811871,Boredom,Fear,0.034709976735768346
0.003204339003811871,Boredom,Happiness,0.1922157615239863
0.003204339003811871,Boredom,Joy,0.1593177925388211
0.003204339003811871,Boredom,Pride,0.08219872753013126
0.003204339003811871,Boredom,Sadness,0.009995740822128821
0.003204339003811871,Boredom,Shame,0.10036914249033092
0.003204339003811871,Fear,Boredom,0.00605329058591174
0.003204339003811871,Fear,Fear,0.618007449436493
0.003204339003811871,Fear,Happiness,0.01388622438526591
0.003204339003811871,Fear,Joy,0.04652258754459285
0.003204339003811871,Fear,Pride,0.021823627800256516
0.003204339003811871,Fear,Sadness,0.175717179039601
0.003204339003811871,Fear,Shame,0.11798964120787933
0.003204339003811871,Happiness,Boredom,0.476368866151552
0.003204339003811871,Happiness,Fear,0.006677382271087409
0.003204339003811871,Happiness,Happiness,0.3539184681305915
0.003204339003811871,Happiness,Joy,0.026966977677002728
0.003204339003811871,Happiness,Pride,0.07243572051806592
0.003204339003811871,Happiness,Sadness,0.0091999332995062
0.003204339003811871,Happiness,Shame,0.05443265195219379
0.003204339003811871,Joy,Boredom,0.011037425274021639
0.003204339003811871,Joy,Fear,0.08444391626504126
0.003204339003811871,Joy,Happiness,0.0768738673655285
0.003204339003811871,Joy,Joy,0.32538537666415773
0.003204339003811871,Joy,Pride,0.25946480578560116
0.003204339003811871,Joy,Sadness,0.05192308223706385
0.003204339003811871,Joy,Shame,0.1908715264085855
0.003204339003811871,Pride,Boredom,0.058538934751903846
0.003204339003811871,Pride,Fear,0.020357888870717305
0.003204339003811871,Pride,Happiness,0.29970205652664783
0.003204339003811871,Pride,Joy,0.110633893819957
0.003204339003811871,Pride,Pride,0.25809483335103267
0.003204339003811871,Pride,Sadness,0.051951989201185954
0.003204339003811871,Pride,Shame,0.20072040347855552
0.003204339003811871,Sadness,Boredom,0.05823266096199194
0.003204339003811871,Sadness,Fear,0.5534238805625078
0.003204339003811871,Sadness,Happiness,0.050127882092826655
0.003204339003811871,Sadness,Joy,0.06840057022087308
0.003204339003811871,Sadness,Pride,0.058610112580160245
0.003204339003811871,Sadness,Sadness,0.06391177477485573
0.003204339003811871,Sadness,Shame,0.14729311880678483
0.003204339003811871,Shame,Boredom,0.04254369225848306
0.003204339003811871,Shame,Fear,0.02464195080452599
0.003204339003811871,Shame,Happiness,0.22406506417891078
0.003204339003811871,Shame,Joy,0.19034460432836142
0.003204339003811871,Shame,Pride,0.24882833745225497
0.003204339003811871,Shame,Sadness,0.03970509392834224
0.003204339003811871,Shame,Shame,0.22987125704912115
0.0029944425552743677,Boredom,Boredom,0.326186785002904
0.0029944425552743677,Boredom,Fear,0.03684544404688573
0.0029944425552743677,Boredom,Happiness,0.17584690315281126
0.0029944425552743677,Boredom,Joy,0.16866751435949226
0.0029944425552743677,Boredom,Pride,0.09764807039003759
0.0029944425552743677,Boredom,Sadness,0.01548246281065408
0.0029944425552743677,Boredom,Shame,0.17932282023721507
0.0029944425552743677,Fear,Boredom,0.012330681734077408
0.0029944425552743677,Fear,Fear,0.4496591536250867
0.0029944425552743677,Fear,Happiness,0.023434659084538786
0.0029944425552743677,Fear,Joy,0.06623482282217967
0.0029944425552743677,Fear,Pride,0.0331293636900961
0.0029944425552743677,Fear,Sadness,0.24087692901195262
0.0029944425552743677,Fear,Shame,0.17433439003206905
0.0029944425552743677,Happiness,Boredom,0.4341318406849088
0.0029944425552743677,Happiness,Fear,0.010019107397675761
0.0029944425552743677,Happiness,Happiness,0.3141223146106064
0.0029944425552743677,Happiness,Joy,0.049577454780165287
0.0029944425552743677,Happiness,Pride,0.08302888336118827
0.0029944425552743677,Happiness,Sadness,0.013610354782253914
0.0029944425552743677,Happiness,Shame,0.09551004438320182
0.0029944425552743677,Joy,Boredom,0.01000005256689131
0.0029944425552743677,Joy,Fear,0.14039320740088276
0.0029944425552743677,Joy,Happiness,0.06988234896303724
0.0029944425552743677,Joy,Joy,0.27956392058112817
0.0029944425552743677,Joy,Pride,0.23830343553141495
0.0029944425552743677,Joy,Sadness,0.05562617601146446
0.0029944425552743677,Joy,Shame,0.206230858945181
0.0029944425552743677,Pride,Boredom,0.06767356344069951
0.0029944425552743677,Pride,Fear,0.019505429092543825
0.0029944425552743677,Pride,Happiness,0.2509668909480868
0.0029944425552743677,Pride,Joy,0.14211913153752853
0.0029944425552743677,Pride,Pride,0.2522531395748296
0.0029944425552743677,Pride,Sadness,0.052936183104883024
0.0029944425552743677,Pride,Shame,0.2145456623014284
0.0029944425552743677,Sadness,Boredom,0.07980345555237617
0.0029944425552743677,Sadness,Fear,0.3984918135660443
0.0029944425552743677,Sadness,Happiness,0.05825373178704524
0.0029944425552743677,Sadness,Joy,0.09483262268717946
0.0029944425552743677,Sadness,Pride,0.08685388933114117
0.0029944425552743677,Sadness,Sadness,0.08887391271150338
0.0029944425552743677,Sadness,Shame,0.1928905743647106
0.0029944425552743677,Shame,Boredom,0.044637342138854064
0.0029944425552743677,Shame,Fear,0.022783316286578925
0.0029944425552743677,Shame,Happiness,0.19019972489451556
0.0029944425552743677,Shame,Joy,0.22292323081350357
0.0029944425552743677,Shame,Pride,0.24808370361763507
0.0029944425552743677,Shame,Sadness,0.04098376999981474
0.0029944425552743677,Shame,Shame,0.23038891224909835
0.0031664578442149073,Boredom,Boredom,0.4168646730319066
0.0031664578442149073,Boredom,Fear,0.034426600041482805
0.0031664578442149073,Boredom,Happiness,0.19501279016343148
0.0031664578442149073,Boredom,Joy,0.15887524108922968
0.0031664578442149073,Boredom,Pride,0.08204343854759656
0.0031664578442149073,Boredom,Sadness,0.010160080491929667
0.0031664578442149073,Boredom,Shame,0.10261717663442331
0.0031664578442149073,Fear,Boredom,0.006084276530002284
0.0031664578442149073,Fear,Fear,0.6073512386515207
0.0031664578442149073,Fear,Happiness,0.015196958515727632
0.0031664578442149073,Fear,Joy,0.04803727785168555
0.0031664578442149073,Fear,Pride,0.02174768724899971
0.0031664578442149073,Fear,Sadness,0.1826569660246581
0.0031664578442149073,Fear,Shame,0.11892559517740571
0.0031664578442149073,Happiness,Boredom,0.4753750964389754
0.0031664578442149073,Happiness,Fear,0.007099755574762565
0.0031664578442149073,Happiness,Happiness,0.34803112634871824
0.0031664578442149073,Happiness,Joy,0.02949966348649577
0.0031664578442149073,Happiness,Pride,0.07337036128330061
0.0031664578442149073,Happiness,Sadness,0.009706143958077909
0.0031664578442149073,Happiness,Shame,0.05691785290966911
0.0031664578442149073,Joy,Boredom,0.011467685653020037
0.0031664578442149073,Joy,Fear,0.08460157859398303
0.0031664578442149073,Joy,Happiness,0.08112884414763061
0.0031664578442149073,Joy,Joy,0.3210402747587954
0.0031664578442149073,Joy,Pride,0.2597733840596883
0.0031664578442149073,Joy,Sadness,0.05225234420129674
0.0031664578442149073,Joy,Shame,0.18973588858558582
0.0031664578442149073,Pride,Boredom,0.05775654413191808
0.0031664578442149073,Pride,Fear,0.020557484498023
0.0031664578442149073,Pride,Happiness,0.29573415868522074
0.0031664578442149073,Pride,Joy,0.1163429093949823
0.0031664578442149073,Pride,Pride,0.2574599082149954
0.0031664578442149073,Pride,Sadness,0.05197084765849568
0.0031664578442149073,Pride,Shame,0.20017814741636467
0.0031664578442149073,Sadness,Boredom,0.06043824742400134
0.0031664578442149073,Sadness,Fear,0.5442696359109148
0.0031664578442149073,Sadness,Happiness,0.052203406650142344
0.0031664578442149073,Sadness,Joy,0.06994352095677055
0.0031664578442149073,Sadness,Pride,0.06007119507875457
0.0031664578442149073,Sadness,Sadness,0.06511413234471077
0.0031664578442149073,Sadness,Shame,0.14795986163470573
0.0031664578442149073,Shame,Boredom,0.04167875575437963
0.0031664578442149073,Shame,Fear,0.024685029743746888
0.0031664578442149073,Shame,Happiness,0.2246408415070799
0.0031664578442149073,Shame,Joy,0.19441042437631528
0.0031664578442149073,Shame,Pride,0.24878686419161067
0.0031664578442149073,Shame,Sadness,0.03974511171415902
0.0031664578442149073,Shame,Shame,0.22605297271270866
0.0032310346055655515,Boredom,Boredom,0.3638957293669329
0.0032310346055655515,Boredom,Fear,0.0354316942662722
0.0032310346055655515,Boredom,Happiness,0.12915494332121175
0.0032310346055655515,Boredom,Joy,0.16923172412374488
0.0032310346055655515,Boredom,Pride,0.09826541043479796
0.0032310346055655515,Boredom,Sadness,0.011920345694988838
0.0032310346055655515,Boredom,Shame,0.1921001527920517
0.0032310346055655515,Fear,Boredom,0.007062278630301283
0.0032310346055655515,Fear,Fear,0.539244626099762
0.0032310346055655515,Fear,Happiness,0.011602469806302066
0.0032310346055655515,Fear,Joy,0.05355651154025175
0.0032310346055655515,Fear,Pride,0.030932715218605612
0.0032310346055655515,Fear,Sadness,0.18160117408896337
0.0032310346055655515,Fear,Shame,0.17600022461581338
0.0032310346055655515,Happiness,Boredom,0.4053437290834036
0.0032310346055655515,Happiness,Fear,0.007414227821262838
0.0032310346055655515,Happiness,Happiness,0.37920164032216575
0.0032310346055655515,Happiness,Joy,0.03166375053155211
0.0032310346055655515,Happiness,Pride,0.08941925310203849
0.0032310346055655515,Happiness,Sadness,0.010933178251260776
0.0032310346055655515,Happiness,Shame,0.07602422088831617
0.0032310346055655515,Joy,Boredom,0.006486300187264589
0.0032310346055655515,Joy,Fear,0.08244970297784039
0.0032310346055655515,Joy,Happiness,0.04678552876662638
0.0032310346055655515,Joy,Joy,0.28278307706770067
0.0032310346055655515,Joy,Pride,0.26893278479584654
0.0032310346055655515,Joy,Sadness,0.04550999350806302
0.0032310346055655515,Joy,Shame,0.2670526126966581
0.0032310346055655515,Pride,Boredom,0.04361045099862747
0.0032310346055655515,Pride,Fear,0.011075829113650648
0.0032310346055655515,Pride,Happiness,0.25806944696110784
0.0032310346055655515,Pride,Joy,0.10034121491028801
0.0032310346055655515,Pride,Pride,0.2692046147661054
0.0032310346055655515,Pride,Sadness,0.04354142518757957
0.0032310346055655515,Pride,Shame,0.27415701806264076
0.0032310346055655515,Sadness,Boredom,0.0601742480990088
0.0032310346055655515,Sadness,Fear,0.45625564322186746
0.0032310346055655515,Sadness,Happiness,0.042153757067924506
0.0032310346055655515,Sadness,Joy,0.07894909271770917
0.0032310346055655515,Sadness,Pride,0.07182564178614356
0.0032310346055655515,Sadness,Sadness,0.0680828611739241
0.0032310346055655515,Sadness,Shame,0.22255875593342236
0.0032310346055655515,Shame,Boredom,0.028930787660041403
0.0032310346055655515,Shame,Fear,0.01371509870058876
0.0032310346055655515,Shame,Happiness,0.148619475589783
0.0032310346055655515,Shame,Joy,0.19622449993019248
0.0032310346055655515,Shame,Pride,0.26297926370891406
0.0032310346055655515,Shame,Sadness,0.03224797876256991
0.0032310346055655515,Shame,Shame,0.31728289564791007
0.0032048987003265054,Boredom,Boredom,0.4573085453439375
0.0032048987003265054,Boredom,Fear,0.03340631636203127
0.0032048987003265054,Boredom,Happiness,0.1993548300189272
0.0032048987003265054,Boredom,Joy,0.1529778928326522
0.0032048987003265054,Boredom,Pride,0.07364046952418947
0.0032048987003265054,Boredom,Sadness,0.0057215153635491985
0.0032048987003265054,Boredom,Shame,0.07759043055471315
0.0032048987003265054,Fear,Boredom,0.003099632590396003
0.0032048987003265054,Fear,Fear,0.8167441379835199
0.0032048987003265054,Fear,Happiness,0.005564984666969175
0.0032048987003265054,Fear,Joy,0.02170693455131925
0.0032048987003265054,Fear,Pride,0.009252773697957324
0.0032048987003265054,Fear,Sadness,0.08668514366007982
0.0032048987003265054,Fear,Shame,0.05694639284975868
0.0032048987003265054,Happiness,Boredom,0.5145151319121187
0.0032048987003265054,Happiness,Fear,0.0031299225176358255
0.0032048987003265054,Happiness,Happiness,0.3765152546276511
0.0032048987003265054,Happiness,Joy,0.015412264064229911
0.0032048987003265054,Happiness,Pride,0.05685894660343451
0.0032048987003265054,Happiness,Sadness,0.004561269386611628
0.0032048987003265054,Happiness,Shame,0.02900721088831831
0.0032048987003265054,Joy,Boredom,0.010019990767997488
0.0032048987003265054,Joy,Fear,0.11685215902998074
0.0032048987003265054,Joy,Happiness,0.07026125344016666
0.0032048987003265054,Joy,Joy,0.3436865059201718
0.0032048987003265054,Joy,Pride,0.24808573230671155
0.0032048987003265054,Joy,Sadness,0.04498873041940657
0.0032048987003265054,Joy,Shame,0.16610562811556523
0.0032048987003265054,Pride,Boredom,0.06396701683410204
0.0032048987003265054,Pride,Fear,0.018694903902119284
0.0032048987003265054,Pride,Happiness,0.34575226295665284
0.0032048987003265054,Pride,Joy,0.09409879072134696
0.0032048987003265054,Pride,Pride,0.2528310834382854
0.0032048987003265054,Pride,Sadness,0.05151790679753551
0.0032048987003265054,Pride,Shame,0.1731380353499582
0.0032048987003265054,Sadness,Boredom,0.0447026832284422
0.0032048987003265054,Sadness,Fear,0.7198534857786262
0.0032048987003265054,Sadness,Happiness,0.03467167507125772
0.0032048987003265054,Sadness,Joy,0.04058120587931069
0.0032048987003265054,Sadness,Pride,0.034496356312137814
0.0032048987003265054,Sadness,Sadness,0.036429485797686505
0.0032048987003265054,Sadness,Shame,0.08926510793253888
0.0032048987003265054,Shame,Boredom,0.0449280370514168
0.0032048987003265054,Shame,Fear,0.024483840374430164
0.0032048987003265054,Shame,Happiness,0.24907021051608072
0.0032048987003265054,Shame,Joy,0.16167350638676084
0.0032048987003265054,Shame,Pride,0.24774866460286524
0.0032048987003265054,Shame,Sadness,0.03758625947663206
0.0032048987003265054,Shame,Shame,0.23450948159181406
0.003060704997888054,Boredom,Boredom,0.4063495745785544
0.003060704997888054,Boredom,Fear,0.03404644484259872
0.003060704997888054,Boredom,Happiness,0.19536792478364198
0.003060704997888054,Boredom,Joy,0.15282629282298488
0.003060704997888054,Boredom,Pride,0.0818310157356126
0.003060704997888054,Boredom,Sadness,0.010192854120427378
0.003060704997888054,Boredom,Shame,0.1193858931161799
0.003060704997888054,Fear,Boredom,0.007044403075777118
0.003060704997888054,Fear,Fear,0.5927632298483831
0.003060704997888054,Fear,Happiness,0.01608847155791131
0.003060704997888054,Fear,Joy,0.0493725719962006
0.003060704997888054,Fear,Pride,0.02279030952695891
0.003060704997888054,Fear,Sadness,0.1876891962537323
0.003060704997888054,Fear,Shame,0.12425181774103723
0.003060704997888054,Happiness,Boredom,0.4751039349552067
0.003060704997888054,Happiness,Fear,0.006911469482461515
0.003060704997888054,Happiness,Happiness,0.34909196051782426
0.003060704997888054,Happiness,Joy,0.02979167159245114
0.003060704997888054,Happiness,Pride,0.07268531622051949
0.003060704997888054,Happiness,Sadness,0.009425676079481742
0.003060704997888054,Happiness,Shame,0.05698997115205482
0.003060704997888054,Joy,Boredom,0.011019547779470997
0.003060704997888054,Joy,Fear,0.09820332653609162
0.003060704997888054,Joy,Happiness,0.08183962192172256
0.003060704997888054,Joy,Joy,0.3132653010944653
0.003060704997888054,Joy,Pride,0.25420468523019707
0.003060704997888054,Joy,Sadness,0.052159604060765544
0.003060704997888054,Joy,Shame,0.18930791337728714
0.003060704997888054,Pride,Boredom,0.06841874403365626
0.003060704997888054,Pride,Fear,0.01994453188637998
0.003060704997888054,Pride,Happiness,0.2932201166602567
0.003060704997888054,Pride,Joy,0.11606964899163745
0.003060704997888054,Pride,Pride,0.2528622182149148
0.003060704997888054,Pride,Sadness,0.05097448514542872
0.003060704997888054,Pride,Shame,0.1985102550677262
0.003060704997888054,Sadness,Boredom,0.07260999731106685
0.003060704997888054,Sadness,Fear,0.5246240281796524
0.003060704997888054,Sadness,Happiness,0.05413898741623565
0.003060704997888054,Sadness,Joy,0.07232072268158558
0.003060704997888054,Sadness,Pride,0.062135405858377214
0.003060704997888054,Sadness,Sadness,0.06427080305873617
0.003060704997888054,Sadness,Shame,0.14990005549434557
0.003060704997888054,Shame,Boredom,0.04481067807208646
0.003060704997888054,Shame,Fear,0.024395055104125287
0.003060704997888054,Shame,Happiness,0.2238991128773031
0.003060704997888054,Shame,Joy,0.1930351291219178
0.003060704997888054,Shame,Pride,0.2483787964168363
0.003060704997888054,Shame,Sadness,0.038910274231514067
0.003060704997888054,Shame,Shame,0.22657095417621706
0.0033836372929346046,Boredom,Boredom,0.4475823460086306
0.0033836372929346046,Boredom,Fear,0.03420024516645055
0.0033836372929346046,Boredom,Happiness,0.12159145638795059
0.0033836372929346046,Boredom,Joy,0.18350410164185205
0.0033836372929346046,Boredom,Pride,0.09359353480949507
0.0033836372929346046,Boredom,Sadness,0.009923895447925548
0.0033836372929346046,Boredom,Shame,0.10960442053769578
0.0033836372929346046,Fear,Boredom,0.0038152975719629215
0.0033836372929346046,Fear,Fear,0.7335532850248191
0.0033836372929346046,Fear,Happiness,0.005247616476966464
0.0033836372929346046,Fear,Joy,0.03016609701374574
0.0033836372929346046,Fear,Pride,0.016812172958882265
0.0033836372929346046,Fear,Sadness,0.12449420510326642
0.0033836372929346046,Fear,Shame,0.0859113258503572
0.0033836372929346046,Happiness,Boredom,0.45883973110367493
0.0033836372929346046,Happiness,Fear,0.004106737747569857
0.0033836372929346046,Happiness,Happiness,0.39717064155835197
0.0033836372929346046,Happiness,Joy,0.020064851150313187
0.0033836372929346046,Happiness,Pride,0.07133201173044826
0.0033836372929346046,Happiness,Sadness,0.0057931345602162026
0.0033836372929346046,Happiness,Shame,0.04269289214942531
0.0033836372929346046,Joy,Boredom,0.007679008116990449
0.0033836372929346046,Joy,Fear,0.08238357866087047
0.0033836372929346046,Joy,Happiness,0.05130680690712034
0.0033836372929346046,Joy,Joy,0.3158273102368731
0.0033836372929346046,Joy,Pride,0.26637735672162266
0.0033836372929346046,Joy,Sadness,0.0427292904470545
0.0033836372929346046,Joy,Shame,0.23369664890946848
0.0033836372929346046,Pride,Boredom,0.05131951470913649
0.0033836372929346046,Pride,Fear,0.011558629285409785
0.0033836372929346046,Pride,Happiness,0.3121606316569896
0.0033836372929346046,Pride,Joy,0.08051093992858627
0.0033836372929346046,Pride,Pride,0.26697258041957206
0.0033836372929346046,Pride,Sadness,0.04395362597941772
0.0033836372929346046,Pride,Shame,0.23352407802088815
0.0033836372929346046,Sadness,Boredom,0.04158685628320243
0.0033836372929346046,Sadness,Fear,0.6374319377017282
0.0033836372929346046,Sadness,Happiness,0.034428951366202006
0.0033836372929346046,Sadness,Joy,0.0520997466427829
0.0033836372929346046,Sadness,Pride,0.05071880161431649
0.0033836372929346046,Sadness,Sadness,0.04638467586990276
0.0033836372929346046,Sadness,Shame,0.13734903052186526
0.0033836372929346046,Shame,Boredom,0.0355607700137405
0.0033836372929346046,Shame,Fear,0.01623592156930175
0.0033836372929346046,Shame,Happiness,0.2065916555790331
0.0033836372929346046,Shame,Joy,0.13632375456602186
0.0033836372929346046,Shame,Pride,0.2652123422249691
0.0033836372929346046,Shame,Sadness,0.02935691220563806
0.0033836372929346046,Shame,Shame,0.31071864384129516
0.0030567129682888593,Boredom,Boredom,0.34702146705590053
0.0030567129682888593,Boredom,Fear,0.035755265418672764
0.0030567129682888593,Boredom,Happiness,0.1718472999790225
0.0030567129682888593,Boredom,Joy,0.16740280843641345
0.0030567129682888593,Boredom,Pride,0.09335131815244652
0.0030567129682888593,Boredom,Sadness,0.014571143683986319
0.0030567129682888593,Boredom,Shame,0.17005069727355773
0.0030567129682888593,Fear,Boredom,0.010113892158263683
0.0030567129682888593,Fear,Fear,0.4634591159471167
0.0030567129682888593,Fear,Happiness,0.021776296414229797
0.0030567129682888593,Fear,Joy,0.06616802456966597
0.0030567129682888593,Fear,Pride,0.03285141978416881
0.0030567129682888593,Fear,Sadness,0.23180103316658257
0.0030567129682888593,Fear,Shame,0.17383021795997247
0.0030567129682888593,Happiness,Boredom,0.44197689357305514
0.0030567129682888593,Happiness,Fear,0.009776002888059736
0.0030567129682888593,Happiness,Happiness,0.32650550983455845
0.0030567129682888593,Happiness,Joy,0.04479529367654309
0.0030567129682888593,Happiness,Pride,0.08310903621106416
0.0030567129682888593,Happiness,Sadness,0.013136265250392272
0.0030567129682888593,Happiness,Shame,0.08070099856632752
0.0030567129682888593,Joy,Boredom,0.00943850729889695
0.0030567129682888593,Joy,Fear,0.11030590474353134
0.0030567129682888593,Joy,Happiness,0.06875504075997999
0.0030567129682888593,Joy,Joy,0.2943923480151628
0.0030567129682888593,Joy,Pride,0.2521813744232703
0.0030567129682888593,Joy,Sadness,0.05354696331983023
0.0030567129682888593,Joy,Shame,0.21137986143932813
0.0030567129682888593,Pride,Boredom,0.06238010241239726
0.0030567129682888593,Pride,Fear,0.01922264351216898
0.0030567129682888593,Pride,Happiness,0.2562229142312879
0.0030567129682888593,Pride,Joy,0.1367865424930351
0.0030567129682888593,Pride,Pride,0.2543374547728986
0.0030567129682888593,Pride,Sadness,0.05169206512704259
0.0030567129682888593,Pride,Shame,0.2193582774511697
0.0030567129682888593,Sadness,Boredom,0.07720448027073439
0.0030567129682888593,Sadness,Fear,0.41235531036929746
0.0030567129682888593,Sadness,Happiness,0.0575682258277933
0.0030567129682888593,Sadness,Joy,0.09303447654788677
0.0030567129682888593,Sadness,Pride,0.08458669269051187
0.0030567129682888593,Sadness,Sadness,0.0788356494798155
0.0030567129682888593,Sadness,Shame,0.1964151648139609
0.0030567129682888593,Shame,Boredom,0.04115553757646365
0.0030567129682888593,Shame,Fear,0.022637139072431724
0.0030567129682888593,Shame,Happiness,0.1892056251426138
0.0030567129682888593,Shame,Joy,0.22041994110386032
0.0030567129682888593,Shame,Pride,0.24985523583751518
0.0030567129682888593,Shame,Sadness,0.04016029113467849
0.0030567129682888593,Shame,Shame,0.23656623013243686
0.0030910779914843987,Boredom,Boredom,0.41485619462694173
0.0030910779914843987,Boredom,Fear,0.03333373874905532
0.0030910779914843987,Boredom,Happiness,0.17161206521030797
0.0030910779914843987,Boredom,Joy,0.16373087944552778
0.0030910779914843987,Boredom,Pride,0.08558272483665462
0.0030910779914843987,Boredom,Sadness,0.009444438077337993
0.0030910779914843987,Boredom,Shame,0.12143995905417442
0.0030910779914843987,Fear,Boredom,0.005903918295766035
0.0030910779914843987,Fear,Fear,0.6015372467774412
0.0030910779914843987,Fear,Happiness,0.012389041820736734
0.0030910779914843987,Fear,Joy,0.048087875993268095
0.0030910779914843987,Fear,Pride,0.02351042816620605
0.0030910779914843987,Fear,Sadness,0.17546870010248794
0.0030910779914843987,Fear,Shame,0.13310278884409385
0.0030910779914843987,Happiness,Boredom,0.45794954972218244
0.0030910779914843987,Happiness,Fear,0.006026021378674198
0.0030910779914843987,Happiness,Happiness,0.36863633059128503
0.0030910779914843987,Happiness,Joy,0.02653510202392544
0.0030910779914843987,Happiness,Pride,0.07522964361552721
0.0030910779914843987,Happiness,Sadness,0.008510238682854082
0.0030910779914843987,Happiness,Shame,0.05711311398555132
0.0030910779914843987,Joy,Boredom,0.009035345558763569
0.0030910779914843987,Joy,Fear,0.0797174124623192
0.0030910779914843987,Joy,Happiness,0.06518906533233598
0.0030910779914843987,Joy,Joy,0.31719877333594565
0.0030910779914843987,Joy,Pride,0.2628895348851458
0.0030910779914843987,Joy,Sadness,0.04883147068105477
0.0030910779914843987,Joy,Shame,0.21713839774443539
0.0030910779914843987,Pride,Boredom,0.05458085541446856
0.0030910779914843987,Pride,Fear,0.015929850271294854
0.0030910779914843987,Pride,Happiness,0.2916238045416386
0.0030910779914843987,Pride,Joy,0.10605993032185601
0.0030910779914843987,Pride,Pride,0.260727702847206
0.0030910779914843987,Pride,Sadness,0.04755627297110764
0.0030910779914843987,Pride,Shame,0.22352158363242858
0.0030910779914843987,Sadness,Boredom,0.05548339495321073
0.0030910779914843987,Sadness,Fear,0.5259041559350051
0.0030910779914843987,Sadness,Happiness,0.04807595924263823
0.0030910779914843987,Sadness,Joy,0.0723507694837682
0.0030910779914843987,Sadness,Pride,0.06478842016724304
0.0030910779914843987,Sadness,Sadness,0.06318383253494177
0.0030910779914843987,Sadness,Shame,0.17021346768319306
0.0030910779914843987,Shame,Boredom,0.0381228755941605
0.0030910779914843987,Shame,Fear,0.019385514923753226
0.0030910779914843987,Shame,Happiness,0.20073238928066037
0.0030910779914843987,Shame,Joy,0.1913291895700797
0.0030910779914843987,Shame,Pride,0.25215856381510354
0.0030910779914843987,Shame,Sadness,0.034248481819750286
0.0030910779914843987,Shame,Shame,0.26402298499649285
0.003434035259248978,Boredom,Boredom,0.4113095483591621
0.003434035259248978,Boredom,Fear,0.037613288409306805
0.003434035259248978,Boredom,Happiness,0.15482322141148336
0.003434035259248978,Boredom,Joy,0.1829503774022918
0.003434035259248978,Boredom,Pride,0.0936084719835405
0.003434035259248978,Boredom,Sadness,0.013865196252724865
0.003434035259248978,Boredom,Shame,0.10582989618149068
0.003434035259248978,Fear,Boredom,0.006933543528534972
0.003434035259248978,Fear,Fear,0.5392137141406986
0.003434035259248978,Fear,Happiness,0.0141209540188454
0.003434035259248978,Fear,Joy,0.05587380665730778
0.003434035259248978,Fear,Pride,0.028346554939206372
0.003434035259248978,Fear,Sadness,0.2007581678719893
0.003434035259248978,Fear,Shame,0.15475325884341765
0.003434035259248978,Happiness,Boredom,0.44950835687071017
0.003434035259248978,Happiness,Fear,0.008257212116638494
0.003434035259248978,Happiness,Happiness,0.3526947186216309
0.003434035259248978,Happiness,Joy,0.02949706851622702
0.003434035259248978,Happiness,Pride,0.0813038320617972
0.003434035259248978,Happiness,Sadness,0.011733238754858768
0.003434035259248978,Happiness,Shame,0.06700557305813724
0.003434035259248978,Joy,Boredom,0.009105334603481202
0.003434035259248978,Joy,Fear,0.0901099938693409
0.003434035259248978,Joy,Happiness,0.05747266220529535
0.003434035259248978,Joy,Joy,0.3103767130210655
0.003434035259248978,Joy,Pride,0.2611759971558111
0.003434035259248978,Joy,Sadness,0.054426994750826796
0.003434035259248978,Joy,Shame,0.21733230439417897
0.003434035259248978,Pride,Boredom,0.05120663644950774
0.003434035259248978,Pride,Fear,0.0194922649047578
0.003434035259248978,Pride,Happiness,0.28193364358179684
0.003434035259248978,Pride,Joy,0.09818622323433085
0.003434035259248978,Pride,Pride,0.26588358230895726
0.003434035259248978,Pride,Sadness,0.05316563662743052
0.003434035259248978,Pride,Shame,0.23013201289321913
0.003434035259248978,Sadness,Boredom,0.05373465264916516
0.003434035259248978,Sadness,Fear,0.4833129083277446
0.003434035259248978,Sadness,Happiness,0.04909722120561787
0.003434035259248978,Sadness,Joy,0.07975532243292328
0.003434035259248978,Sadness,Pride,0.07182813072311978
0.003434035259248978,Sadness,Sadness,0.07647044911072218
0.003434035259248978,Sadness,Shame,0.18580131555070653
0.003434035259248978,Shame,Boredom,0.03720016752633179
0.003434035259248978,Shame,Fear,0.022496157849960122
0.003434035259248978,Shame,Happiness,0.19748566217634678
0.003434035259248978,Shame,Joy,0.19693551814152246
0.003434035259248978,Shame,Pride,0.2519211672401189
0.003434035259248978,Shame,Sadness,0.04166097753002859
0.003434035259248978,Shame,Shame,0.25230034953569086
0.0030057639621674584,Boredom,Boredom,0.39769871168838844
0.0030057639621674584,Boredom,Fear,0.033150420674287966
0.0030057639621674584,Boredom,Happiness,0.1741423062616035
0.0030057639621674584,Boredom,Joy,0.1608229100787942
0.0030057639621674584,Boredom,Pride,0.08595604185663676
0.0030057639621674584,Boredom,Sadness,0.009836933912894339
0.0030057639621674584,Boredom,Shame,0.1383926755273945
0.0030057639621674584,Fear,Boredom,0.00656771174017097
0.0030057639621674584,Fear,Fear,0.574670082087699
0.0030057639621674584,Fear,Happiness,0.014267483750014017
0.0030057639621674584,Fear,Joy,0.05194215614702716
0.0030057639621674584,Fear,Pride,0.02575204611383368
0.0030057639621674584,Fear,Sadness,0.18394382030188086
0.0030057639621674584,Fear,Shame,0.14285669985937424
0.0030057639621674584,Happiness,Boredom,0.45695209092294187
0.0030057639621674584,Happiness,Fear,0.006441673523579592
0.0030057639621674584,Happiness,Happiness,0.36420115530303765
0.0030057639621674584,Happiness,Joy,0.02859883273752803
0.0030057639621674584,Happiness,Pride,0.0758101034867934
0.0030057639621674584,Happiness,Sadness,0.008946834075872162
0.0030057639621674584,Happiness,Shame,0.05904930995024722
0.0030057639621674584,Joy,Boredom,0.009227636062149623
0.0030057639621674584,Joy,Fear,0.0847339887133719
0.0030057639621674584,Joy,Happiness,0.06966864873866059
0.0030057639621674584,Joy,Joy,0.31267192413933115
0.0030057639621674584,Joy,Pride,0.25969475773078754
0.0030057639621674584,Joy,Sadness,0.0493338224308088
0.0030057639621674584,Joy,Shame,0.21466922218489043
0.0030057639621674584,Pride,Boredom,0.05885313648569235
0.0030057639621674584,Pride,Fear,0.016562080185996784
0.0030057639621674584,Pride,Happiness,0.286738169676284
0.0030057639621674584,Pride,Joy,0.11189412507693688
0.0030057639621674584,Pride,Pride,0.25798435903943867
0.0030057639621674584,Pride,Sadness,0.04750421215008019
0.0030057639621674584,Pride,Shame,0.2204639173855715
0.0030057639621674584,Sadness,Boredom,0.06327683041587949
0.0030057639621674584,Sadness,Fear,0.5004586729393162
0.0030057639621674584,Sadness,Happiness,0.0523562297178678
0.0030057639621674584,Sadness,Joy,0.07641271806801737
0.0030057639621674584,Sadness,Pride,0.06907673845424128
0.0030057639621674584,Sadness,Sadness,0.06299296776787658
0.0030057639621674584,Sadness,Shame,0.1754258426368013
0.0030057639621674584,Shame,Boredom,0.038984133553619654
0.0030057639621674584,Shame,Fear,0.02024572220860233
0.0030057639621674584,Shame,Happiness,0.20060960718779727
0.0030057639621674584,Shame,Joy,0.19515902825499817
0.0030057639621674584,Shame,Pride,0.25199988645114557
0.0030057639621674584,Shame,Sadness,0.034505725734436526
0.0030057639621674584,Shame,Shame,0.25849589660940037
