C,Story,Emotion,Val
0.0032001739699561954,Boredom,Boredom,0.40478230025121525
0.0032001739699561954,Boredom,Fear,0.035005114823622195
0.0032001739699561954,Boredom,Happiness,0.16171917091339796
0.0032001739699561954,Boredom,Joy,0.1703499350474431
0.0032001739699561954,Boredom,Pride,0.09155097707899687
0.0032001739699561954,Boredom,Sadness,0.01184201928524808
0.0032001739699561954,Boredom,Shame,0.12475048260007647
0.0032001739699561954,Fear,Boredom,0.007743229495155952
0.0032001739699561954,Fear,Fear,0.5204111578649103
0.0032001739699561954,Fear,Happiness,0.01597446538331783
0.0032001739699561954,Fear,Joy,0.058517936051620145
0.0032001739699561954,Fear,Pride,0.030523921746035597
0.0032001739699561954,Fear,Sadness,0.20547762885647783
0.0032001739699561954,Fear,Shame,0.16135166060248232
0.0032001739699561954,Happiness,Boredom,0.4408585358807839
0.0032001739699561954,Happiness,Fear,0.007928475883126286
0.0032001739699561954,Happiness,Happiness,0.35342638294749057
0.0032001739699561954,Happiness,Joy,0.03357874097480788
0.0032001739699561954,Happiness,Pride,0.08283945623897868
0.0032001739699561954,Happiness,Sadness,0.011024903437529526
0.0032001739699561954,Happiness,Shame,0.07034350463728348
0.0032001739699561954,Joy,Boredom,0.00978645493741686
0.0032001739699561954,Joy,Fear,0.057036941777523206
0.0032001739699561954,Joy,Happiness,0.07067081545524789
0.0032001739699561954,Joy,Joy,0.3095065006603946
0.0032001739699561954,Joy,Pride,0.2686864659931993
0.0032001739699561954,Joy,Sadness,0.05271835944093748
0.0032001739699561954,Joy,Shame,0.23159446173528073
0.0032001739699561954,Pride,Boredom,0.04705809607750765
0.0032001739699561954,Pride,Fear,0.01647163791961802
0.0032001739699561954,Pride,Happiness,0.2711641072669072
0.0032001739699561954,Pride,Joy,0.11589906738267808
0.0032001739699561954,Pride,Pride,0.26374623844543954
0.0032001739699561954,Pride,Sadness,0.04903020035213973
0.0032001739699561954,Pride,Shame,0.23663065255570973
0.0032001739699561954,Sadness,Boredom,0.056217729655418186
0.0032001739699561954,Sadness,Fear,0.4619103173986149
0.0032001739699561954,Sadness,Happiness,0.051492426823892885
0.0032001739699561954,Sadness,Joy,0.08415307486813542
0.0032001739699561954,Sadness,Pride,0.07587524488942383
0.0032001739699561954,Sadness,Sadness,0.07303257199840196
0.0032001739699561954,Sadness,Shame,0.1973186343661127
0.0032001739699561954,Shame,Boredom,0.0341225277097609
0.0032001739699561954,Shame,Fear,0.019811786758226896
0.0032001739699561954,Shame,Happiness,0.17971803386383506
0.0032001739699561954,Shame,Joy,0.21132495304127227
0.0032001739699561954,Shame,Pride,0.2531448799756551
0.0032001739699561954,Shame,Sadness,0.035497194602798696
0.0032001739699561954,Shame,Shame,0.2663806240484509
0.003242248999084292,Boredom,Boredom,0.4164016706512034
0.003242248999084292,Boredom,Fear,0.03445700722294403
0.003242248999084292,Boredom,Happiness,0.13827704666871626
0.003242248999084292,Boredom,Joy,0.1744102765410527
0.003242248999084292,Boredom,Pride,0.09575530638571907
0.003242248999084292,Boredom,Sadness,0.011989882020979906
0.003242248999084292,Boredom,Shame,0.12870881050938437
0.003242248999084292,Fear,Boredom,0.006623962688798207
0.003242248999084292,Fear,Fear,0.5646583745810201
0.003242248999084292,Fear,Happiness,0.011305960057424866
0.003242248999084292,Fear,Joy,0.05127130656986492
0.003242248999084292,Fear,Pride,0.028444605337682043
0.003242248999084292,Fear,Sadness,0.18996218553650746
0.003242248999084292,Fear,Shame,0.14773360522870238
0.003242248999084292,Happiness,Boredom,0.4362292064639132
0.003242248999084292,Happiness,Fear,0.006537638511874011
0.003242248999084292,Happiness,Happiness,0.3718220143309961
0.003242248999084292,Happiness,Joy,0.027272803239642672
0.003242248999084292,Happiness,Pride,0.0823041612991449
0.003242248999084292,Happiness,Sadness,0.009595971357788809
0.003242248999084292,Happiness,Shame,0.06623820479664048
0.003242248999084292,Joy,Boredom,0.00870119249741723
0.003242248999084292,Joy,Fear,0.05654770976998535
0.003242248999084292,Joy,Happiness,0.058880096422317056
0.003242248999084292,Joy,Joy,0.30153080424909584
0.003242248999084292,Joy,Pride,0.27123807978112996
0.003242248999084292,Joy,Sadness,0.05078859471572
0.003242248999084292,Joy,Shame,0.2523135225643345
0.003242248999084292,Pride,Boredom,0.046880014387155965
0.003242248999084292,Pride,Fear,0.013623999498448955
0.003242248999084292,Pride,Happiness,0.2796462372680724
0.003242248999084292,Pride,Joy,0.08545344674859015
0.003242248999084292,Pride,Pride,0.27130734678182566
0.003242248999084292,Pride,Sadness,0.047030458222407756
0.003242248999084292,Pride,Shame,0.25605849709349937
0.003242248999084292,Sadness,Boredom,0.04986446738778485
0.003242248999084292,Sadness,Fear,0.4902242749533311
0.003242248999084292,Sadness,Happiness,0.04522033238849481
0.003242248999084292,Sadness,Joy,0.07662346111587619
0.003242248999084292,Sadness,Pride,0.0739002173880939
0.003242248999084292,Sadness,Sadness,0.06829842231052276
0.003242248999084292,Sadness,Shame,0.19586882445589632
0.003242248999084292,Shame,Boredom,0.032187022753000005
0.003242248999084292,Shame,Fear,0.015595389567233326
0.003242248999084292,Shame,Happiness,0.1817183317147768
0.003242248999084292,Shame,Joy,0.18489082930147224
0.003242248999084292,Shame,Pride,0.2571076579647141
0.003242248999084292,Shame,Sadness,0.031394866433805735
0.003242248999084292,Shame,Shame,0.2971059022649979
0.003161231052698688,Boredom,Boredom,0.4015590016590393
0.003161231052698688,Boredom,Fear,0.03421010481499878
0.003161231052698688,Boredom,Happiness,0.15762465921016777
0.003161231052698688,Boredom,Joy,0.16804711314449364
0.003161231052698688,Boredom,Pride,0.09205981520701795
0.003161231052698688,Boredom,Sadness,0.011558619295830299
0.003161231052698688,Boredom,Shame,0.13494068666845233
0.003161231052698688,Fear,Boredom,0.007458510791128486
0.003161231052698688,Fear,Fear,0.5229298786231539
0.003161231052698688,Fear,Happiness,0.014912980549193692
0.003161231052698688,Fear,Joy,0.05774444131826495
0.003161231052698688,Fear,Pride,0.030406056165286483
0.003161231052698688,Fear,Sadness,0.20273194330099698
0.003161231052698688,Fear,Shame,0.1638161892519755
0.003161231052698688,Happiness,Boredom,0.43770355416778894
0.003161231052698688,Happiness,Fear,0.007452111617127495
0.003161231052698688,Happiness,Happiness,0.36027664527401204
0.003161231052698688,Happiness,Joy,0.03228416571324635
0.003161231052698688,Happiness,Pride,0.08284984023168171
0.003161231052698688,Happiness,Sadness,0.010545514466655765
0.003161231052698688,Happiness,Shame,0.06888816852948763
0.003161231052698688,Joy,Boredom,0.009395638113041584
0.003161231052698688,Joy,Fear,0.054738151979350794
0.003161231052698688,Joy,Happiness,0.06917172383224497
0.003161231052698688,Joy,Joy,0.30472420607811224
0.003161231052698688,Joy,Pride,0.2700417753054783
0.003161231052698688,Joy,Sadness,0.052352324856681856
0.003161231052698688,Joy,Shame,0.23957617983509014
0.003161231052698688,Pride,Boredom,0.04754382344041214
0.003161231052698688,Pride,Fear,0.015226978848739223
0.003161231052698688,Pride,Happiness,0.27006850186841225
0.003161231052698688,Pride,Joy,0.11257914647141083
0.003161231052698688,Pride,Pride,0.26430793080764853
0.003161231052698688,Pride,Sadness,0.04815160259443892
0.003161231052698688,Pride,Shame,0.24212201596893784
0.003161231052698688,Sadness,Boredom,0.05474980730812803
0.003161231052698688,Sadness,Fear,0.45821534500358285
0.003161231052698688,Sadness,Happiness,0.05087150319087021
0.003161231052698688,Sadness,Joy,0.08333408996360385
0.003161231052698688,Sadness,Pride,0.07810270632370453
0.003161231052698688,Sadness,Sadness,0.07280476400933365
0.003161231052698688,Sadness,Shame,0.20192178420077742
0.003161231052698688,Shame,Boredom,0.03380052392920846
0.003161231052698688,Shame,Fear,0.01855733652534823
0.003161231052698688,Shame,Happiness,0.17439307579167437
0.003161231052698688,Shame,Joy,0.20608678539454695
0.003161231052698688,Shame,Pride,0.2543089178510855
0.003161231052698688,Shame,Sadness,0.03440830305030591
0.003161231052698688,Shame,Shame,0.2784450574578309
0.003074051294309067,Boredom,Boredom,0.395832940858056
0.003074051294309067,Boredom,Fear,0.03424163144626779
0.003074051294309067,Boredom,Happiness,0.20137302629312867
0.003074051294309067,Boredom,Joy,0.15799392146570804
0.003074051294309067,Boredom,Pride,0.08450725166080536
0.003074051294309067,Boredom,Sadness,0.011860966157160256
0.003074051294309067,Boredom,Shame,0.11419026211887372
0.003074051294309067,Fear,Boredom,0.008476820349288015
0.003074051294309067,Fear,Fear,0.5373819514920779
0.003074051294309067,Fear,Happiness,0.02063977845700197
0.003074051294309067,Fear,Joy,0.055098124332099575
0.003074051294309067,Fear,Pride,0.026335472444434033
0.003074051294309067,Fear,Sadness,0.21102629120142855
0.003074051294309067,Fear,Shame,0.1410415617236699
0.003074051294309067,Happiness,Boredom,0.47088000942457214
0.003074051294309067,Happiness,Fear,0.009137925472917136
0.003074051294309067,Happiness,Happiness,0.33366529646328685
0.003074051294309067,Happiness,Joy,0.036375013436845176
0.003074051294309067,Happiness,Pride,0.07627193046250698
0.003074051294309067,Happiness,Sadness,0.011563169654052522
0.003074051294309067,Happiness,Shame,0.062106655085819425
0.003074051294309067,Joy,Boredom,0.013291417330794824
0.003074051294309067,Joy,Fear,0.07686039298070142
0.003074051294309067,Joy,Happiness,0.09463869351580247
0.003074051294309067,Joy,Joy,0.30632701099409426
0.003074051294309067,Joy,Pride,0.26073755544961413
0.003074051294309067,Joy,Sadness,0.05830786831356918
0.003074051294309067,Joy,Shame,0.1898370614154236
0.003074051294309067,Pride,Boredom,0.06474782438639506
0.003074051294309067,Pride,Fear,0.022916882328483292
0.003074051294309067,Pride,Happiness,0.2848065560818496
0.003074051294309067,Pride,Joy,0.1259206120617506
0.003074051294309067,Pride,Pride,0.25458736134752835
0.003074051294309067,Pride,Sadness,0.05370069154436722
0.003074051294309067,Pride,Shame,0.1933200722496254
0.003074051294309067,Sadness,Boredom,0.07599505845820434
0.003074051294309067,Sadness,Fear,0.483194868976318
0.003074051294309067,Sadness,Happiness,0.056486652653231176
0.003074051294309067,Sadness,Joy,0.0796249590408209
0.003074051294309067,Sadness,Pride,0.07168070686953007
0.003074051294309067,Sadness,Sadness,0.07326057211855189
0.003074051294309067,Sadness,Shame,0.15975718188334354
0.003074051294309067,Shame,Boredom,0.04164068969247982
0.003074051294309067,Shame,Fear,0.027048048977839082
0.003074051294309067,Shame,Happiness,0.2228087654645566
0.003074051294309067,Shame,Joy,0.2079833023626063
0.003074051294309067,Shame,Pride,0.24894641577655677
0.003074051294309067,Shame,Sadness,0.0416727381741351
0.003074051294309067,Shame,Shame,0.20990003955182596
0.003135699840919533,Boredom,Boredom,0.3885193769128482
0.003135699840919533,Boredom,Fear,0.034543779614608056
0.003135699840919533,Boredom,Happiness,0.16217580279542654
0.003135699840919533,Boredom,Joy,0.16562840486515992
0.003135699840919533,Boredom,Pride,0.09041948519560977
0.003135699840919533,Boredom,Sadness,0.012168407161008742
0.003135699840919533,Boredom,Shame,0.14654474345533905
0.003135699840919533,Fear,Boredom,0.008071530025433732
0.003135699840919533,Fear,Fear,0.5048866546514356
0.003135699840919533,Fear,Happiness,0.017056260027642375
0.003135699840919533,Fear,Joy,0.06017379980918745
0.003135699840919533,Fear,Pride,0.03136790585672805
0.003135699840919533,Fear,Sadness,0.21104808365400723
0.003135699840919533,Fear,Shame,0.16739576597556616
0.003135699840919533,Happiness,Boredom,0.4381527917296253
0.003135699840919533,Happiness,Fear,0.00813910518958034
0.003135699840919533,Happiness,Happiness,0.3505023651972498
0.003135699840919533,Happiness,Joy,0.036593503178395034
0.003135699840919533,Happiness,Pride,0.08342168983495467
0.003135699840919533,Happiness,Sadness,0.011521731121062972
0.003135699840919533,Happiness,Shame,0.07166881374913184
0.003135699840919533,Joy,Boredom,0.009912619087307065
0.003135699840919533,Joy,Fear,0.05654793977818318
0.003135699840919533,Joy,Happiness,0.07564354038794643
0.003135699840919533,Joy,Joy,0.3047286125793179
0.003135699840919533,Joy,Pride,0.26768818535792754
0.003135699840919533,Joy,Sadness,0.05434589812945022
0.003135699840919533,Joy,Shame,0.23113320467986767
0.003135699840919533,Pride,Boredom,0.049206227028338184
0.003135699840919533,Pride,Fear,0.01641621390499006
0.003135699840919533,Pride,Happiness,0.26590057880464657
0.003135699840919533,Pride,Joy,0.12123191486755962
0.003135699840919533,Pride,Pride,0.2621379606332532
0.003135699840919533,Pride,Sadness,0.049472075080930066
0.003135699840919533,Pride,Shame,0.23563502968028238
0.003135699840919533,Sadness,Boredom,0.062089664168841395
0.003135699840919533,Sadness,Fear,0.4439409084008754
0.003135699840919533,Sadness,Happiness,0.05504289671046037
0.003135699840919533,Sadness,Joy,0.08593237821262631
0.003135699840919533,Sadness,Pride,0.07726391205041518
0.003135699840919533,Sadness,Sadness,0.07484676663625334
0.003135699840919533,Sadness,Shame,0.20088347382052765
0.003135699840919533,Shame,Boredom,0.03493308502435203
0.003135699840919533,Shame,Fear,0.020035569382357694
0.003135699840919533,Shame,Happiness,0.17825865963508183
0.003135699840919533,Shame,Joy,0.2116856407164418
0.003135699840919533,Shame,Pride,0.2534330324317231
0.003135699840919533,Shame,Sadness,0.03612357638099427
0.003135699840919533,Shame,Shame,0.26553043642904894
0.0030597599992843445,Boredom,Boredom,0.35470983602801287
0.0030597599992843445,Boredom,Fear,0.03547321776420725
0.0030597599992843445,Boredom,Happiness,0.16474272511094298
0.0030597599992843445,Boredom,Joy,0.16200197452341833
0.0030597599992843445,Boredom,Pride,0.0931878750258456
0.0030597599992843445,Boredom,Sadness,0.012846870589792262
0.0030597599992843445,Boredom,Shame,0.17703750095778023
0.0030597599992843445,Fear,Boredom,0.009602379375274845
0.0030597599992843445,Fear,Fear,0.48879781304704106
0.0030597599992843445,Fear,Happiness,0.018972672798506784
0.0030597599992843445,Fear,Joy,0.06279830863204303
0.0030597599992843445,Fear,Pride,0.03192150950820991
0.0030597599992843445,Fear,Sadness,0.21714336533533876
0.0030597599992843445,Fear,Shame,0.17076395130358576
0.0030597599992843445,Happiness,Boredom,0.4367149623695506
0.0030597599992843445,Happiness,Fear,0.008380841718716711
0.0030597599992843445,Happiness,Happiness,0.34127947457570806
0.0030597599992843445,Happiness,Joy,0.04053055441195311
0.0030597599992843445,Happiness,Pride,0.08353730793214402
0.0030597599992843445,Happiness,Sadness,0.011836452292579142
0.0030597599992843445,Happiness,Shame,0.07772040669934834
0.0030597599992843445,Joy,Boredom,0.009939960446475691
0.0030597599992843445,Joy,Fear,0.06873518237711403
0.0030597599992843445,Joy,Happiness,0.07767475928364106
0.0030597599992843445,Joy,Joy,0.29990645563685076
0.0030597599992843445,Joy,Pride,0.26278730922651156
0.0030597599992843445,Joy,Sadness,0.05342425840370458
0.0030597599992843445,Joy,Shame,0.22753207462570224
0.0030597599992843445,Pride,Boredom,0.05693269211155847
0.0030597599992843445,Pride,Fear,0.016535602016060944
0.0030597599992843445,Pride,Happiness,0.2594151012511821
0.0030597599992843445,Pride,Joy,0.1273202652533375
0.0030597599992843445,Pride,Pride,0.2578905785443059
0.0030597599992843445,Pride,Sadness,0.0490540446387301
0.0030597599992843445,Pride,Shame,0.23285171618482486
0.0030597599992843445,Sadness,Boredom,0.07493209703485318
0.0030597599992843445,Sadness,Fear,0.42657801352031155
0.0030597599992843445,Sadness,Happiness,0.05743088643437704
0.0030597599992843445,Sadness,Joy,0.08902625578006727
0.0030597599992843445,Sadness,Pride,0.07920792140620372
0.0030597599992843445,Sadness,Sadness,0.07156833337211972
0.0030597599992843445,Sadness,Shame,0.20125649245206756
0.0030597599992843445,Shame,Boredom,0.03734768590382996
0.0030597599992843445,Shame,Fear,0.02008593246617277
0.0030597599992843445,Shame,Happiness,0.1792565587602068
0.0030597599992843445,Shame,Joy,0.2153102224213603
0.0030597599992843445,Shame,Pride,0.2522632302384002
0.0030597599992843445,Shame,Sadness,0.03567191632665767
0.0030597599992843445,Shame,Shame,0.26006445388337235
0.0032085055898483277,Boredom,Boredom,0.4343183327645544
0.0032085055898483277,Boredom,Fear,0.03437053388691302
0.0032085055898483277,Boredom,Happiness,0.18704507485206506
0.0032085055898483277,Boredom,Joy,0.16256441888130846
0.0032085055898483277,Boredom,Pride,0.08169136043907171
0.0032085055898483277,Boredom,Sadness,0.009003464873485531
0.0032085055898483277,Boredom,Shame,0.09100681430260184
0.0032085055898483277,Fear,Boredom,0.005320623839940534
0.0032085055898483277,Fear,Fear,0.6503161517653638
0.0032085055898483277,Fear,Happiness,0.010984475156726537
0.0032085055898483277,Fear,Joy,0.04195790328514602
0.0032085055898483277,Fear,Pride,0.020462787841376534
0.0032085055898483277,Fear,Sadness,0.16288993093435672
0.0032085055898483277,Fear,Shame,0.10806812717708993
0.0032085055898483277,Happiness,Boredom,0.4800526214231019
0.0032085055898483277,Happiness,Fear,0.005492584177612748
0.0032085055898483277,Happiness,Happiness,0.3660270276637119
0.0032085055898483277,Happiness,Joy,0.022938643993761363
0.0032085055898483277,Happiness,Pride,0.06975215479800975
0.0032085055898483277,Happiness,Sadness,0.007666435937616854
0.0032085055898483277,Happiness,Shame,0.04807053200618514
0.0032085055898483277,Joy,Boredom,0.011267931308571682
0.0032085055898483277,Joy,Fear,0.06600470744677463
0.0032085055898483277,Joy,Happiness,0.08363233728529369
0.0032085055898483277,Joy,Joy,0.3290611211664718
0.0032085055898483277,Joy,Pride,0.2615079467691484
0.0032085055898483277,Joy,Sadness,0.05369582761979019
0.0032085055898483277,Joy,Shame,0.19483012840394967
0.0032085055898483277,Pride,Boredom,0.05647126851657221
0.0032085055898483277,Pride,Fear,0.019296614200480317
0.0032085055898483277,Pride,Happiness,0.30995593331982335
0.0032085055898483277,Pride,Joy,0.10183025234780685
0.0032085055898483277,Pride,Pride,0.2604060932252193
0.0032085055898483277,Pride,Sadness,0.05128704773500299
0.0032085055898483277,Pride,Shame,0.20075279065509483
0.0032085055898483277,Sadness,Boredom,0.048468771520791855
0.0032085055898483277,Sadness,Fear,0.5846086686458166
0.0032085055898483277,Sadness,Happiness,0.04698343045550231
0.0032085055898483277,Sadness,Joy,0.06403103675203378
0.0032085055898483277,Sadness,Pride,0.055693318556644306
0.0032085055898483277,Sadness,Sadness,0.05933726787025461
0.0032085055898483277,Sadness,Shame,0.14087750619895684
0.0032085055898483277,Shame,Boredom,0.04064175239012436
0.0032085055898483277,Shame,Fear,0.023810446595058956
0.0032085055898483277,Shame,Happiness,0.21912888255824353
0.0032085055898483277,Shame,Joy,0.1883995912815221
0.0032085055898483277,Shame,Pride,0.2489831635843483
0.0032085055898483277,Shame,Sadness,0.03681474075259249
0.0032085055898483277,Shame,Shame,0.24222142283810985
0.003389535057676241,Boredom,Boredom,0.43181303762242157
0.003389535057676241,Boredom,Fear,0.03551458608456196
0.003389535057676241,Boredom,Happiness,0.16966069172750745
0.003389535057676241,Boredom,Joy,0.1774595257186794
0.003389535057676241,Boredom,Pride,0.08657494337010756
0.003389535057676241,Boredom,Sadness,0.010269013785801025
0.003389535057676241,Boredom,Shame,0.08870820169092095
0.003389535057676241,Fear,Boredom,0.004990237275456614
0.003389535057676241,Fear,Fear,0.6653990034726079
0.003389535057676241,Fear,Happiness,0.009669742467482187
0.003389535057676241,Fear,Joy,0.03966139787210799
0.003389535057676241,Fear,Pride,0.0193794519235627
0.003389535057676241,Fear,Sadness,0.1570195642203277
0.003389535057676241,Fear,Shame,0.10388060276845497
0.003389535057676241,Happiness,Boredom,0.47934834702938656
0.003389535057676241,Happiness,Fear,0.00576901793999751
0.003389535057676241,Happiness,Happiness,0.36364955178830316
0.003389535057676241,Happiness,Joy,0.022618760960764126
0.003389535057676241,Happiness,Pride,0.07079463651146194
0.003389535057676241,Happiness,Sadness,0.008321997878405932
0.003389535057676241,Happiness,Shame,0.04949768789168079
0.003389535057676241,Joy,Boredom,0.01112384348248629
0.003389535057676241,Joy,Fear,0.07526353572307116
0.003389535057676241,Joy,Happiness,0.07157690485783874
0.003389535057676241,Joy,Joy,0.3322395188575226
0.003389535057676241,Joy,Pride,0.26119041173848445
0.003389535057676241,Joy,Sadness,0.05555547683754535
0.003389535057676241,Joy,Shame,0.1930503085030518
0.003389535057676241,Pride,Boredom,0.05722033502356456
0.003389535057676241,Pride,Fear,0.02040513932857843
0.003389535057676241,Pride,Happiness,0.31131963503812554
0.003389535057676241,Pride,Joy,0.09257745728562221
0.003389535057676241,Pride,Pride,0.26257892655193005
0.003389535057676241,Pride,Sadness,0.053832074495162065
0.003389535057676241,Pride,Shame,0.20206643227701737
0.003389535057676241,Sadness,Boredom,0.046237045964360395
0.003389535057676241,Sadness,Fear,0.5993469175133127
0.003389535057676241,Sadness,Happiness,0.04349010707797154
0.003389535057676241,Sadness,Joy,0.06078737698649756
0.003389535057676241,Sadness,Pride,0.05446431154220734
0.003389535057676241,Sadness,Sadness,0.059045855342219095
0.003389535057676241,Sadness,Shame,0.13662838557343152
0.003389535057676241,Shame,Boredom,0.0406318847312584
0.003389535057676241,Shame,Fear,0.02481747194011389
0.003389535057676241,Shame,Happiness,0.22369269970777428
0.003389535057676241,Shame,Joy,0.18274735431781935
0.003389535057676241,Shame,Pride,0.24956924589364776
0.003389535057676241,Shame,Sadness,0.03915611864138038
0.003389535057676241,Shame,Shame,0.23938522476800633
0.0031303914865976265,Boredom,Boredom,0.38697398025562235
0.0031303914865976265,Boredom,Fear,0.03454765890625252
0.0031303914865976265,Boredom,Happiness,0.1624271467222692
0.0031303914865976265,Boredom,Joy,0.1665439210148746
0.0031303914865976265,Boredom,Pride,0.09049177778211454
0.0031303914865976265,Boredom,Sadness,0.011964827375179815
0.0031303914865976265,Boredom,Shame,0.1470506879436868
0.0031303914865976265,Fear,Boredom,0.008255048132164627
0.0031303914865976265,Fear,Fear,0.5031152130603539
0.0031303914865976265,Fear,Happiness,0.017276451230972337
0.0031303914865976265,Fear,Joy,0.06089322169252584
0.0031303914865976265,Fear,Pride,0.031213849454278478
0.0031303914865976265,Fear,Sadness,0.20999724823219765
0.0031303914865976265,Fear,Shame,0.16924896819750737
0.0031303914865976265,Happiness,Boredom,0.43871851896622094
0.0031303914865976265,Happiness,Fear,0.008268517864045463
0.0031303914865976265,Happiness,Happiness,0.35099219099684753
0.0031303914865976265,Happiness,Joy,0.036265018296950134
0.0031303914865976265,Happiness,Pride,0.08314659081044852
0.0031303914865976265,Happiness,Sadness,0.011346506682025418
0.0031303914865976265,Happiness,Shame,0.07126265638346183
0.0031303914865976265,Joy,Boredom,0.010008366568025704
0.0031303914865976265,Joy,Fear,0.055514013226678045
0.0031303914865976265,Joy,Happiness,0.0746985655145397
0.0031303914865976265,Joy,Joy,0.3067328442113371
0.0031303914865976265,Joy,Pride,0.2687967331801843
0.0031303914865976265,Joy,Sadness,0.05375801069167312
0.0031303914865976265,Joy,Shame,0.23049146660756176
0.0031303914865976265,Pride,Boredom,0.049396942022997964
0.0031303914865976265,Pride,Fear,0.01697540515190432
0.0031303914865976265,Pride,Happiness,0.26634498785723065
0.0031303914865976265,Pride,Joy,0.12146431643092982
0.0031303914865976265,Pride,Pride,0.26200448856561015
0.0031303914865976265,Pride,Sadness,0.0492764382632158
0.0031303914865976265,Pride,Shame,0.23453742170811126
0.0031303914865976265,Sadness,Boredom,0.06322045137370323
0.0031303914865976265,Sadness,Fear,0.44325561681038306
0.0031303914865976265,Sadness,Happiness,0.054110255687196476
0.0031303914865976265,Sadness,Joy,0.08587656398831203
0.0031303914865976265,Sadness,Pride,0.07707154400174032
0.0031303914865976265,Sadness,Sadness,0.07559153199554589
0.0031303914865976265,Sadness,Shame,0.20087403614311883
0.0031303914865976265,Shame,Boredom,0.03471837996082194
0.0031303914865976265,Shame,Fear,0.020677962572932165
0.0031303914865976265,Shame,Happiness,0.17880325043427683
0.0031303914865976265,Shame,Joy,0.21243809469216857
0.0031303914865976265,Shame,Pride,0.25353852645050035
0.0031303914865976265,Shame,Sadness,0.03588284502661433
0.0031303914865976265,Shame,Shame,0.263940940862686
0.0031122515981562553,Boredom,Boredom,0.4195238243921827
0.0031122515981562553,Boredom,Fear,0.03341767982184854
0.0031122515981562553,Boredom,Happiness,0.19360112259334508
0.0031122515981562553,Boredom,Joy,0.15632287006987888
0.0031122515981562553,Boredom,Pride,0.0808562373217733
0.0031122515981562553,Boredom,Sadness,0.009352744411740825
0.0031122515981562553,Boredom,Shame,0.106925521389231
0.0031122515981562553,Fear,Boredom,0.006365625674100285
0.0031122515981562553,Fear,Fear,0.6146324119645229
0.0031122515981562553,Fear,Happiness,0.01425777953359461
0.0031122515981562553,Fear,Joy,0.04682557344744281
0.0031122515981562553,Fear,Pride,0.02188065207727075
0.0031122515981562553,Fear,Sadness,0.1782155414447794
0.0031122515981562553,Fear,Shame,0.11782241585828966
0.0031122515981562553,Happiness,Boredom,0.47686727330462514
0.0031122515981562553,Happiness,Fear,0.006272522632902642
0.0031122515981562553,Happiness,Happiness,0.3556879229273995
0.0031122515981562553,Happiness,Joy,0.027304959704312667
0.0031122515981562553,Happiness,Pride,0.0715405107206075
0.0031122515981562553,Happiness,Sadness,0.008682602561959518
0.0031122515981562553,Happiness,Shame,0.053644208148192984
0.0031122515981562553,Joy,Boredom,0.01206947688447662
0.0031122515981562553,Joy,Fear,0.065847757640335
0.0031122515981562553,Joy,Happiness,0.09485295472646445
0.0031122515981562553,Joy,Joy,0.31754088559989335
0.0031122515981562553,Joy,Pride,0.2614721827504962
0.0031122515981562553,Joy,Sadness,0.0548090370661327
0.0031122515981562553,Joy,Shame,0.19340770533220192
0.0031122515981562553,Pride,Boredom,0.06045287338797769
0.0031122515981562553,Pride,Fear,0.019551216264983913
0.0031122515981562553,Pride,Happiness,0.29982011535585545
0.0031122515981562553,Pride,Joy,0.11226217743050089
0.0031122515981562553,Pride,Pride,0.2566558941403863
0.0031122515981562553,Pride,Sadness,0.050960732270806705
0.0031122515981562553,Pride,Shame,0.200296991149489
0.0031122515981562553,Sadness,Boredom,0.06169743944179558
0.0031122515981562553,Sadness,Fear,0.5459007630182685
0.0031122515981562553,Sadness,Happiness,0.053390233000905916
0.0031122515981562553,Sadness,Joy,0.06934462818352985
0.0031122515981562553,Sadness,Pride,0.05964399463429311
0.0031122515981562553,Sadness,Sadness,0.0618331946534229
0.0031122515981562553,Sadness,Shame,0.14818974706778396
0.0031122515981562553,Shame,Boredom,0.04155580062379606
0.0031122515981562553,Shame,Fear,0.023954719357390117
0.0031122515981562553,Shame,Happiness,0.22046130413465537
0.0031122515981562553,Shame,Joy,0.19519000644407805
0.0031122515981562553,Shame,Pride,0.24872774098382625
0.0031122515981562553,Shame,Sadness,0.03669362503506942
0.0031122515981562553,Shame,Shame,0.2334168034211842
0.003269274127079255,Boredom,Boredom,0.4054310799669859
0.003269274127079255,Boredom,Fear,0.03583144885955725
0.003269274127079255,Boredom,Happiness,0.16034983666692237
0.003269274127079255,Boredom,Joy,0.17336322086294692
0.003269274127079255,Boredom,Pride,0.09187087882281324
0.003269274127079255,Boredom,Sadness,0.012761234689757525
0.003269274127079255,Boredom,Shame,0.12039230013101716
0.003269274127079255,Fear,Boredom,0.007461242836036071
0.003269274127079255,Fear,Fear,0.5248059450615377
0.003269274127079255,Fear,Happiness,0.015387187284832392
0.003269274127079255,Fear,Joy,0.05752823744350658
0.003269274127079255,Fear,Pride,0.02973614696767223
0.003269274127079255,Fear,Sadness,0.20627541522073242
0.003269274127079255,Fear,Shame,0.15880582518568254
0.003269274127079255,Happiness,Boredom,0.4435011203579773
0.003269274127079255,Happiness,Fear,0.008084701557664845
0.003269274127079255,Happiness,Happiness,0.3532872789932047
0.003269274127079255,Happiness,Joy,0.0317938569241953
0.003269274127079255,Happiness,Pride,0.08230282348929872
0.003269274127079255,Happiness,Sadness,0.01152185867588942
0.003269274127079255,Happiness,Shame,0.06950836000176955
0.003269274127079255,Joy,Boredom,0.009920337539460939
0.003269274127079255,Joy,Fear,0.0612670335737281
0.003269274127079255,Joy,Happiness,0.0700041600105168
0.003269274127079255,Joy,Joy,0.3102359204375235
0.003269274127079255,Joy,Pride,0.2674319410282558
0.003269274127079255,Joy,Sadness,0.055639427062436825
0.003269274127079255,Joy,Shame,0.2255011803480781
0.003269274127079255,Pride,Boredom,0.048927568553589505
0.003269274127079255,Pride,Fear,0.01749850877225643
0.003269274127079255,Pride,Happiness,0.27482124784160217
0.003269274127079255,Pride,Joy,0.11081267499243133
0.003269274127079255,Pride,Pride,0.2641923795929788
0.003269274127079255,Pride,Sadness,0.05111038645070817
0.003269274127079255,Pride,Shame,0.23263723379643342
0.003269274127079255,Sadness,Boredom,0.05539488973922273
0.003269274127079255,Sadness,Fear,0.4669000192561022
0.003269274127079255,Sadness,Happiness,0.051244423681289064
0.003269274127079255,Sadness,Joy,0.08275858187030818
0.003269274127079255,Sadness,Pride,0.07515242233142695
0.003269274127079255,Sadness,Sadness,0.07620241160239845
0.003269274127079255,Sadness,Shame,0.1923472515192526
0.003269274127079255,Shame,Boredom,0.0352199803220146
0.003269274127079255,Shame,Fear,0.020926084366534026
0.003269274127079255,Shame,Happiness,0.18281115866152065
0.003269274127079255,Shame,Joy,0.21018583333402707
0.003269274127079255,Shame,Pride,0.2527710642414958
0.003269274127079255,Shame,Sadness,0.03798708813786943
0.003269274127079255,Shame,Shame,0.26009879093653815
0.003250471444717471,Boredom,Boredom,0.41440153501951055
0.003250471444717471,Boredom,Fear,0.035416744926990436
0.003250471444717471,Boredom,Happiness,0.14740005683213356
0.003250471444717471,Boredom,Joy,0.17433450065145908
0.003250471444717471,Boredom,Pride,0.09450717388018992
0.003250471444717471,Boredom,Sadness,0.011697793599462082
0.003250471444717471,Boredom,Shame,0.12224219509025462
0.003250471444717471,Fear,Boredom,0.006994064695319495
0.003250471444717471,Fear,Fear,0.5530553798129693
0.003250471444717471,Fear,Happiness,0.012531414450086636
0.003250471444717471,Fear,Joy,0.053236768426120636
0.003250471444717471,Fear,Pride,0.029913942911481715
0.003250471444717471,Fear,Sadness,0.19089823199507333
0.003250471444717471,Fear,Shame,0.153370197708949
0.003250471444717471,Happiness,Boredom,0.4376346637483639
0.003250471444717471,Happiness,Fear,0.006908808494884307
0.003250471444717471,Happiness,Happiness,0.36792048281663586
0.003250471444717471,Happiness,Joy,0.028097029887495757
0.003250471444717471,Happiness,Pride,0.08231155747556057
0.003250471444717471,Happiness,Sadness,0.009800782285644448
0.003250471444717471,Happiness,Shame,0.06732667529141545
0.003250471444717471,Joy,Boredom,0.008869078216353321
0.003250471444717471,Joy,Fear,0.05950706367166135
0.003250471444717471,Joy,Happiness,0.06192928213252801
0.003250471444717471,Joy,Joy,0.3040858161297825
0.003250471444717471,Joy,Pride,0.27051950522566287
0.003250471444717471,Joy,Sadness,0.050618249177321224
0.003250471444717471,Joy,Shame,0.24447100544669073
0.003250471444717471,Pride,Boredom,0.04722427474458937
0.003250471444717471,Pride,Fear,0.014745908684698637
0.003250471444717471,Pride,Happiness,0.2788411726604068
0.003250471444717471,Pride,Joy,0.09263744038191732
0.003250471444717471,Pride,Pride,0.26943071510541977
0.003250471444717471,Pride,Sadness,0.04717617431733974
0.003250471444717471,Pride,Shame,0.24994431410562842
0.003250471444717471,Sadness,Boredom,0.05126776274658041
0.003250471444717471,Sadness,Fear,0.48540956700665094
0.003250471444717471,Sadness,Happiness,0.04717638332965279
0.003250471444717471,Sadness,Joy,0.07860286123810772
0.003250471444717471,Sadness,Pride,0.07257192829082888
0.003250471444717471,Sadness,Sadness,0.06815959602576135
0.003250471444717471,Sadness,Shame,0.19681190136241777
0.003250471444717471,Shame,Boredom,0.03274760594619343
0.003250471444717471,Shame,Fear,0.017143047180523605
0.003250471444717471,Shame,Happiness,0.1794413225496728
0.003250471444717471,Shame,Joy,0.19605125864838757
0.003250471444717471,Shame,Pride,0.25589235107007047
0.003250471444717471,Shame,Sadness,0.03206894844872602
0.003250471444717471,Shame,Shame,0.2866554661564263
0.0032149078260600207,Boredom,Boredom,0.4205127724201391
0.0032149078260600207,Boredom,Fear,0.03446233287403516
0.0032149078260600207,Boredom,Happiness,0.1647914282997068
0.0032149078260600207,Boredom,Joy,0.16868804415340874
0.0032149078260600207,Boredom,Pride,0.08638783282261646
0.0032149078260600207,Boredom,Sadness,0.009775981181970863
0.0032149078260600207,Boredom,Shame,0.11538160824812299
0.0032149078260600207,Fear,Boredom,0.005628403599697403
0.0032149078260600207,Fear,Fear,0.6312335711014077
0.0032149078260600207,Fear,Happiness,0.0106485865602165
0.0032149078260600207,Fear,Joy,0.04382396121195554
0.0032149078260600207,Fear,Pride,0.022769700747955958
0.0032149078260600207,Fear,Sadness,0.1618418920030512
0.0032149078260600207,Fear,Shame,0.12405388477571537
0.0032149078260600207,Happiness,Boredom,0.4585958607287864
0.0032149078260600207,Happiness,Fear,0.005761441067638772
0.0032149078260600207,Happiness,Happiness,0.3728010145134785
0.0032149078260600207,Happiness,Joy,0.024425024464877345
0.0032149078260600207,Happiness,Pride,0.0745827220406093
0.0032149078260600207,Happiness,Sadness,0.008401454326746003
0.0032149078260600207,Happiness,Shame,0.055432482857863646
0.0032149078260600207,Joy,Boredom,0.009940818711430347
0.0032149078260600207,Joy,Fear,0.06317522983507062
0.0032149078260600207,Joy,Happiness,0.06848483735487967
0.0032149078260600207,Joy,Joy,0.32034718161857934
0.0032149078260600207,Joy,Pride,0.2679203208380517
0.0032149078260600207,Joy,Sadness,0.05224230514343775
0.0032149078260600207,Joy,Shame,0.21788930649855043
0.0032149078260600207,Pride,Boredom,0.051359323995420855
0.0032149078260600207,Pride,Fear,0.016355926439665557
0.0032149078260600207,Pride,Happiness,0.2980189332021776
0.0032149078260600207,Pride,Joy,0.09707473897128831
0.0032149078260600207,Pride,Pride,0.2640786930737429
0.0032149078260600207,Pride,Sadness,0.0496852422389791
0.0032149078260600207,Pride,Shame,0.22342714207872566
0.0032149078260600207,Sadness,Boredom,0.05170421905882463
0.0032149078260600207,Sadness,Fear,0.55631471697569
0.0032149078260600207,Sadness,Happiness,0.04325167891508961
0.0032149078260600207,Sadness,Joy,0.06712334593870865
0.0032149078260600207,Sadness,Pride,0.05917379345870381
0.0032149078260600207,Sadness,Sadness,0.06039850600296208
0.0032149078260600207,Sadness,Shame,0.16203373965002152
0.0032149078260600207,Shame,Boredom,0.03578550824306504
0.0032149078260600207,Shame,Fear,0.02002886471823628
0.0032149078260600207,Shame,Happiness,0.19873835800632697
0.0032149078260600207,Shame,Joy,0.19192545221021723
0.0032149078260600207,Shame,Pride,0.25251794736124566
0.0032149078260600207,Shame,Sadness,0.03520409922362777
0.0032149078260600207,Shame,Shame,0.26579977023728085
0.003068411947181888,Boredom,Boredom,0.4098699003171215
0.003068411947181888,Boredom,Fear,0.03311939959133221
0.003068411947181888,Boredom,Happiness,0.17050949880977076
0.003068411947181888,Boredom,Joy,0.16168496115967826
0.003068411947181888,Boredom,Pride,0.08600704814278737
0.003068411947181888,Boredom,Sadness,0.009421670394564412
0.003068411947181888,Boredom,Shame,0.12938752158474573
0.003068411947181888,Fear,Boredom,0.006368518415133116
0.003068411947181888,Fear,Fear,0.5994472692715458
0.003068411947181888,Fear,Happiness,0.012566380073701368
0.003068411947181888,Fear,Joy,0.04806295212929151
0.003068411947181888,Fear,Pride,0.02375413000363178
0.003068411947181888,Fear,Sadness,0.17601422929593757
0.003068411947181888,Fear,Shame,0.13378652081075892
0.003068411947181888,Happiness,Boredom,0.4579558495389907
0.003068411947181888,Happiness,Fear,0.006015382668287169
0.003068411947181888,Happiness,Happiness,0.3681742598454477
0.003068411947181888,Happiness,Joy,0.02664307228501045
0.003068411947181888,Happiness,Pride,0.07531802911778539
0.003068411947181888,Happiness,Sadness,0.00857150801286818
0.003068411947181888,Happiness,Shame,0.05732189853161032
0.003068411947181888,Joy,Boredom,0.009980509112119918
0.003068411947181888,Joy,Fear,0.06246773380517235
0.003068411947181888,Joy,Happiness,0.0755055351281667
0.003068411947181888,Joy,Joy,0.31495677972782676
0.003068411947181888,Joy,Pride,0.2659623276847373
0.003068411947181888,Joy,Sadness,0.051960743123283096
0.003068411947181888,Joy,Shame,0.2191663714186944
0.003068411947181888,Pride,Boredom,0.05505824180366957
0.003068411947181888,Pride,Fear,0.015999571818167958
0.003068411947181888,Pride,Happiness,0.2913161707491987
0.003068411947181888,Pride,Joy,0.10572127941429102
0.003068411947181888,Pride,Pride,0.26032593953364647
0.003068411947181888,Pride,Sadness,0.048349189923891735
0.003068411947181888,Pride,Shame,0.22322960675713438
0.003068411947181888,Sadness,Boredom,0.060289397153242705
0.003068411947181888,Sadness,Fear,0.5215316764837377
0.003068411947181888,Sadness,Happiness,0.0480292756062059
0.003068411947181888,Sadness,Joy,0.07241389721387029
0.003068411947181888,Sadness,Pride,0.06429888602218069
0.003068411947181888,Sadness,Sadness,0.06337852154064307
0.003068411947181888,Sadness,Shame,0.17005834598011946
0.003068411947181888,Shame,Boredom,0.03659400950993711
0.003068411947181888,Shame,Fear,0.019678925289079045
0.003068411947181888,Shame,Happiness,0.1963754429754447
0.003068411947181888,Shame,Joy,0.1967436454378747
0.003068411947181888,Shame,Pride,0.25206840734935776
0.003068411947181888,Shame,Sadness,0.03359400896348945
0.003068411947181888,Shame,Shame,0.26494556047481677
0.0031958631675948306,Boredom,Boredom,0.45870446357767247
0.0031958631675948306,Boredom,Fear,0.03301334638410155
0.0031958631675948306,Boredom,Happiness,0.19838010659781305
0.0031958631675948306,Boredom,Joy,0.15255801435612737
0.0031958631675948306,Boredom,Pride,0.07219634266353755
0.0031958631675948306,Boredom,Sadness,0.0056205376130213465
0.0031958631675948306,Boredom,Shame,0.07952718880772683
0.0031958631675948306,Fear,Boredom,0.003243522738005365
0.0031958631675948306,Fear,Fear,0.8190624361673005
0.0031958631675948306,Fear,Happiness,0.005650835659442618
0.0031958631675948306,Fear,Joy,0.0212837141767098
0.0031958631675948306,Fear,Pride,0.008987985530366432
0.0031958631675948306,Fear,Sadness,0.08666555427690516
0.0031958631675948306,Fear,Shame,0.05510595145127027
0.0031958631675948306,Happiness,Boredom,0.5172563854380627
0.0031958631675948306,Happiness,Fear,0.003195110684180709
0.0031958631675948306,Happiness,Happiness,0.372055557178118
0.0031958631675948306,Happiness,Joy,0.015760226597748384
0.0031958631675948306,Happiness,Pride,0.05699509280182069
0.0031958631675948306,Happiness,Sadness,0.004665287226267376
0.0031958631675948306,Happiness,Shame,0.03007234007380164
0.0031958631675948306,Joy,Boredom,0.01180213451143913
0.0031958631675948306,Joy,Fear,0.0842922986513644
0.0031958631675948306,Joy,Happiness,0.08767954008369969
0.0031958631675948306,Joy,Joy,0.3434106162914823
0.0031958631675948306,Joy,Pride,0.25540913316082803
0.0031958631675948306,Joy,Sadness,0.0496467742345966
0.0031958631675948306,Joy,Shame,0.16775950306659004
0.0031958631675948306,Pride,Boredom,0.0617277568507931
0.0031958631675948306,Pride,Fear,0.019091885721300585
0.0031958631675948306,Pride,Happiness,0.3441155050464451
0.0031958631675948306,Pride,Joy,0.09520958390589243
0.0031958631675948306,Pride,Pride,0.2536120666408773
0.0031958631675948306,Pride,Sadness,0.05263198545420732
0.0031958631675948306,Pride,Shame,0.17361121638048443
0.0031958631675948306,Sadness,Boredom,0.047032679055898446
0.0031958631675948306,Sadness,Fear,0.7206167487527747
0.0031958631675948306,Sadness,Happiness,0.03503296850884284
0.0031958631675948306,Sadness,Joy,0.03996350503213736
0.0031958631675948306,Sadness,Pride,0.03321453190119073
0.0031958631675948306,Sadness,Sadness,0.03711332079942474
0.0031958631675948306,Sadness,Shame,0.0870262459497313
0.0031958631675948306,Shame,Boredom,0.04239658974847328
0.0031958631675948306,Shame,Fear,0.025048306167867917
0.0031958631675948306,Shame,Happiness,0.24493760722085525
0.0031958631675948306,Shame,Joy,0.1692561642894437
0.0031958631675948306,Shame,Pride,0.24738566687932903
0.0031958631675948306,Shame,Sadness,0.03694275714723283
0.0031958631675948306,Shame,Shame,0.2340329085467983
0.0032983307207564245,Boredom,Boredom,0.3816463424380416
0.0032983307207564245,Boredom,Fear,0.03604418443991434
0.0032983307207564245,Boredom,Happiness,0.12986278280445765
0.0032983307207564245,Boredom,Joy,0.1730285251005475
0.0032983307207564245,Boredom,Pride,0.09902516376297851
0.0032983307207564245,Boredom,Sadness,0.012289461450417009
0.0032983307207564245,Boredom,Shame,0.16810354000364355
0.0032983307207564245,Fear,Boredom,0.006836608658215892
0.0032983307207564245,Fear,Fear,0.5453474407903002
0.0032983307207564245,Fear,Happiness,0.01106058735146472
0.0032983307207564245,Fear,Joy,0.05266772368691542
0.0032983307207564245,Fear,Pride,0.029657028284754604
0.0032983307207564245,Fear,Sadness,0.18009391609032302
0.0032983307207564245,Fear,Shame,0.1743366951380262
0.0032983307207564245,Happiness,Boredom,0.40616203099451437
0.0032983307207564245,Happiness,Fear,0.007349010241114272
0.0032983307207564245,Happiness,Happiness,0.3830685613288045
0.0032983307207564245,Happiness,Joy,0.03079006563498167
0.0032983307207564245,Happiness,Pride,0.08881875340677102
0.0032983307207564245,Happiness,Sadness,0.010883271354582993
0.0032983307207564245,Happiness,Shame,0.07292830703923125
0.0032983307207564245,Joy,Boredom,0.007193687666736074
0.0032983307207564245,Joy,Fear,0.06499871451722543
0.0032983307207564245,Joy,Happiness,0.0530014182050351
0.0032983307207564245,Joy,Joy,0.28563511857088913
0.0032983307207564245,Joy,Pride,0.27320174337642567
0.0032983307207564245,Joy,Sadness,0.05022672133062556
0.0032983307207564245,Joy,Shame,0.2657425963330634
0.0032983307207564245,Pride,Boredom,0.0439268554456593
0.0032983307207564245,Pride,Fear,0.012012202199241607
0.0032983307207564245,Pride,Happiness,0.26223887823665587
0.0032983307207564245,Pride,Joy,0.09663463116383125
0.0032983307207564245,Pride,Pride,0.2695521249650899
0.0032983307207564245,Pride,Sadness,0.04598142495624567
0.0032983307207564245,Pride,Shame,0.26965388303327653
0.0032983307207564245,Sadness,Boredom,0.05576112480800948
0.0032983307207564245,Sadness,Fear,0.46072171520954813
0.0032983307207564245,Sadness,Happiness,0.04194384978817685
0.0032983307207564245,Sadness,Joy,0.07815590473510511
0.0032983307207564245,Sadness,Pride,0.07472094330360814
0.0032983307207564245,Sadness,Sadness,0.06934305602682102
0.0032983307207564245,Sadness,Shame,0.21935340612873083
0.0032983307207564245,Shame,Boredom,0.028648544848604615
0.0032983307207564245,Shame,Fear,0.014859758642145579
0.0032983307207564245,Shame,Happiness,0.14606505192901637
0.0032983307207564245,Shame,Joy,0.20173295147723805
0.0032983307207564245,Shame,Pride,0.26232633898266866
0.0032983307207564245,Shame,Sadness,0.03278651629872735
0.0032983307207564245,Shame,Shame,0.31358083782159984
0.0030098993556490227,Boredom,Boredom,0.3075445582238743
0.0030098993556490227,Boredom,Fear,0.03777581172926462
0.0030098993556490227,Boredom,Happiness,0.1389522902969182
0.0030098993556490227,Boredom,Joy,0.16796123313775382
0.0030098993556490227,Boredom,Pride,0.10361727126191975
0.0030098993556490227,Boredom,Sadness,0.013965001631312764
0.0030098993556490227,Boredom,Shame,0.23018383371895648
0.0030098993556490227,Fear,Boredom,0.009693222598297375
0.0030098993556490227,Fear,Fear,0.47189696391013397
0.0030098993556490227,Fear,Happiness,0.01640809673448405
0.0030098993556490227,Fear,Joy,0.0632103372282305
0.0030098993556490227,Fear,Pride,0.03424603651317893
0.0030098993556490227,Fear,Sadness,0.2089646450725163
0.0030098993556490227,Fear,Shame,0.1955806979431584
0.0030098993556490227,Happiness,Boredom,0.40573807700329056
0.0030098993556490227,Happiness,Fear,0.008212869196942819
0.0030098993556490227,Happiness,Happiness,0.35258395863791225
0.0030098993556490227,Happiness,Joy,0.039445990097501
0.0030098993556490227,Happiness,Pride,0.08953332549607233
0.0030098993556490227,Happiness,Sadness,0.012076827219205465
0.0030098993556490227,Happiness,Shame,0.09240895234907538
0.0030098993556490227,Joy,Boredom,0.007574882803567262
0.0030098993556490227,Joy,Fear,0.08980830601572054
0.0030098993556490227,Joy,Happiness,0.05809508171718443
0.0030098993556490227,Joy,Joy,0.27617475175213213
0.0030098993556490227,Joy,Pride,0.2628889294253191
0.0030098993556490227,Joy,Sadness,0.05019014987555689
0.0030098993556490227,Joy,Shame,0.2552678984105194
0.0030098993556490227,Pride,Boredom,0.048903410310379654
0.0030098993556490227,Pride,Fear,0.013144476511471822
0.0030098993556490227,Pride,Happiness,0.24481968738666335
0.0030098993556490227,Pride,Joy,0.12375870868650715
0.0030098993556490227,Pride,Pride,0.2630288760343388
0.0030098993556490227,Pride,Sadness,0.045876020334782705
0.0030098993556490227,Pride,Shame,0.26046882073585637
0.0030098993556490227,Sadness,Boredom,0.06929494430566585
0.0030098993556490227,Sadness,Fear,0.402201408596088
0.0030098993556490227,Sadness,Happiness,0.047684003647281946
0.0030098993556490227,Sadness,Joy,0.09327548165568779
0.0030098993556490227,Sadness,Pride,0.08424012074364505
0.0030098993556490227,Sadness,Sadness,0.07371607857778747
0.0030098993556490227,Sadness,Shame,0.229587962473844
0.0030098993556490227,Shame,Boredom,0.03149926813817119
0.0030098993556490227,Shame,Fear,0.016841613681179434
0.0030098993556490227,Shame,Happiness,0.14721140179167835
0.0030098993556490227,Shame,Joy,0.21550241834887027
0.0030098993556490227,Shame,Pride,0.25984882840931073
0.0030098993556490227,Shame,Sadness,0.03314182909475613
0.0030098993556490227,Shame,Shame,0.29595464053603393
0.003135283358438124,Boredom,Boredom,0.3848745288928537
0.003135283358438124,Boredom,Fear,0.034262352655030824
0.003135283358438124,Boredom,Happiness,0.16134164457595065
0.003135283358438124,Boredom,Joy,0.16601187002242232
0.003135283358438124,Boredom,Pride,0.09090107343411055
0.003135283358438124,Boredom,Sadness,0.01169832899119857
0.003135283358438124,Boredom,Shame,0.15091020142843362
0.003135283358438124,Fear,Boredom,0.008020878938855648
0.003135283358438124,Fear,Fear,0.5128881047692389
0.003135283358438124,Fear,Happiness,0.016710970194038794
0.003135283358438124,Fear,Joy,0.059565235947686805
0.003135283358438124,Fear,Pride,0.03068293492134124
0.003135283358438124,Fear,Sadness,0.2087758215868733
0.003135283358438124,Fear,Shame,0.16335605364196543
0.003135283358438124,Happiness,Boredom,0.43833255827926954
0.003135283358438124,Happiness,Fear,0.007920971669174916
0.003135283358438124,Happiness,Happiness,0.35117299434473787
0.003135283358438124,Happiness,Joy,0.0360891288327986
0.003135283358438124,Happiness,Pride,0.08329331371258164
0.003135283358438124,Happiness,Sadness,0.011233406698344208
0.003135283358438124,Happiness,Shame,0.07195762646309325
0.003135283358438124,Joy,Boredom,0.009752590628008564
0.003135283358438124,Joy,Fear,0.05713547040558081
0.003135283358438124,Joy,Happiness,0.07249697092616918
0.003135283358438124,Joy,Joy,0.30621909765399125
0.003135283358438124,Joy,Pride,0.2684687636175584
0.003135283358438124,Joy,Sadness,0.052703484206301145
0.003135283358438124,Joy,Shame,0.23322362256239074
0.003135283358438124,Pride,Boredom,0.049519087164897425
0.003135283358438124,Pride,Fear,0.01575632332059936
0.003135283358438124,Pride,Happiness,0.26596205711748205
0.003135283358438124,Pride,Joy,0.12061524498799489
0.003135283358438124,Pride,Pride,0.2617302806211411
0.003135283358438124,Pride,Sadness,0.04872054578683582
0.003135283358438124,Pride,Shame,0.2376964610010494
0.003135283358438124,Sadness,Boredom,0.06302393038948999
0.003135283358438124,Sadness,Fear,0.4491752004292257
0.003135283358438124,Sadness,Happiness,0.05255408140229973
0.003135283358438124,Sadness,Joy,0.08519691692693575
0.003135283358438124,Sadness,Pride,0.07686744709864647
0.003135283358438124,Sadness,Sadness,0.07397437450246575
0.003135283358438124,Sadness,Shame,0.19920804925093666
0.003135283358438124,Shame,Boredom,0.03434987054361157
0.003135283358438124,Shame,Fear,0.019151480914031207
0.003135283358438124,Shame,Happiness,0.17806120907115622
0.003135283358438124,Shame,Joy,0.21178281281781142
0.003135283358438124,Shame,Pride,0.25335375235608876
0.003135283358438124,Shame,Sadness,0.03512652564178211
0.003135283358438124,Shame,Shame,0.2681743486555185
0.0029311265016281514,Boredom,Boredom,0.3750068775958281
0.0029311265016281514,Boredom,Fear,0.03731868194160147
0.0029311265016281514,Boredom,Happiness,0.20156788742280765
0.0029311265016281514,Boredom,Joy,0.15360847865715366
0.0029311265016281514,Boredom,Pride,0.08538407458252394
0.0029311265016281514,Boredom,Sadness,0.012218308198033571
0.0029311265016281514,Boredom,Shame,0.13489569160205142
0.0029311265016281514,Fear,Boredom,0.011948427010176472
0.0029311265016281514,Fear,Fear,0.5291675219872725
0.0029311265016281514,Fear,Happiness,0.021539994273314742
0.0029311265016281514,Fear,Joy,0.05497281144542584
0.0029311265016281514,Fear,Pride,0.026303449809520648
0.0029311265016281514,Fear,Sadness,0.21584480722767074
0.0029311265016281514,Fear,Shame,0.1402229882466191
0.0029311265016281514,Happiness,Boredom,0.46415943709357343
0.0029311265016281514,Happiness,Fear,0.00889481736589089
0.0029311265016281514,Happiness,Happiness,0.3274071480686918
0.0029311265016281514,Happiness,Joy,0.04002098173778143
0.0029311265016281514,Happiness,Pride,0.0758699460108686
0.0029311265016281514,Happiness,Sadness,0.01134711244893557
0.0029311265016281514,Happiness,Shame,0.07230055727425785
0.0029311265016281514,Joy,Boredom,0.013672701469045298
0.0029311265016281514,Joy,Fear,0.13768010528428715
0.0029311265016281514,Joy,Happiness,0.09409917129210463
0.0029311265016281514,Joy,Joy,0.26736551119105073
0.0029311265016281514,Joy,Pride,0.2444849821880258
0.0029311265016281514,Joy,Sadness,0.057928470001097895
0.0029311265016281514,Joy,Shame,0.18476905857438866
0.0029311265016281514,Pride,Boredom,0.07922253655741904
0.0029311265016281514,Pride,Fear,0.02186948713210257
0.0029311265016281514,Pride,Happiness,0.2792619930866564
0.0029311265016281514,Pride,Joy,0.1304012012942922
0.0029311265016281514,Pride,Pride,0.24911696618020204
0.0029311265016281514,Pride,Sadness,0.052962725928284694
0.0029311265016281514,Pride,Shame,0.18716508982104335
0.0029311265016281514,Sadness,Boredom,0.08539194116311791
0.0029311265016281514,Sadness,Fear,0.47473935946450946
0.0029311265016281514,Sadness,Happiness,0.05879143024671297
0.0029311265016281514,Sadness,Joy,0.0826914358988727
0.0029311265016281514,Sadness,Pride,0.07310045044820747
0.0029311265016281514,Sadness,Sadness,0.0700371010141257
0.0029311265016281514,Sadness,Shame,0.15524828176445332
0.0029311265016281514,Shame,Boredom,0.051019575775667105
0.0029311265016281514,Shame,Fear,0.02641906540835851
0.0029311265016281514,Shame,Happiness,0.2199422958947075
0.0029311265016281514,Shame,Joy,0.20930019003345454
0.0029311265016281514,Shame,Pride,0.24479923992210947
0.0029311265016281514,Shame,Sadness,0.039406088078931666
0.0029311265016281514,Shame,Shame,0.20911354488677106
0.003017631823920414,Boredom,Boredom,0.34837765655422753
0.003017631823920414,Boredom,Fear,0.03554567068950543
0.003017631823920414,Boredom,Happiness,0.169050672879404
0.003017631823920414,Boredom,Joy,0.16549371134713056
0.003017631823920414,Boredom,Pride,0.09336972997942014
0.003017631823920414,Boredom,Sadness,0.013775664248772914
0.003017631823920414,Boredom,Shame,0.17438689430153928
0.003017631823920414,Fear,Boredom,0.0100838453313793
0.003017631823920414,Fear,Fear,0.46676731479392586
0.003017631823920414,Fear,Happiness,0.021000588377787767
0.003017631823920414,Fear,Joy,0.06562638263149834
0.003017631823920414,Fear,Pride,0.033046834833116635
0.003017631823920414,Fear,Sadness,0.22632014066257214
0.003017631823920414,Fear,Shame,0.17715489336972026
0.003017631823920414,Happiness,Boredom,0.4376049653182787
0.003017631823920414,Happiness,Fear,0.009319692353539197
0.003017631823920414,Happiness,Happiness,0.33377859801338866
0.003017631823920414,Happiness,Joy,0.04418767152454854
0.003017631823920414,Happiness,Pride,0.08349276791862074
0.003017631823920414,Happiness,Sadness,0.012455173362052447
0.003017631823920414,Happiness,Shame,0.07916113150957191
0.003017631823920414,Joy,Boredom,0.010605232663318294
0.003017631823920414,Joy,Fear,0.06684760596134133
0.003017631823920414,Joy,Happiness,0.07898424072871384
0.003017631823920414,Joy,Joy,0.3031886925833377
0.003017631823920414,Joy,Pride,0.2640707696975638
0.003017631823920414,Joy,Sadness,0.0548661830525121
0.003017631823920414,Joy,Shame,0.221437275313213
0.003017631823920414,Pride,Boredom,0.0593858282656805
0.003017631823920414,Pride,Fear,0.018560863662732945
0.003017631823920414,Pride,Happiness,0.25624502061655874
0.003017631823920414,Pride,Joy,0.1341947960325956
0.003017631823920414,Pride,Pride,0.2565446805553425
0.003017631823920414,Pride,Sadness,0.050560504898083086
0.003017631823920414,Pride,Shame,0.22450830596900645
0.003017631823920414,Sadness,Boredom,0.07549753965558259
0.003017631823920414,Sadness,Fear,0.41407061093013564
0.003017631823920414,Sadness,Happiness,0.057903516993186986
0.003017631823920414,Sadness,Joy,0.09221924356394305
0.003017631823920414,Sadness,Pride,0.08348264259058603
0.003017631823920414,Sadness,Sadness,0.07501286834793203
0.003017631823920414,Sadness,Shame,0.20181357791863347
0.003017631823920414,Shame,Boredom,0.03869325174580251
0.003017631823920414,Shame,Fear,0.02229427390456371
0.003017631823920414,Shame,Happiness,0.1822136041036515
0.003017631823920414,Shame,Joy,0.2208339593220858
0.003017631823920414,Shame,Pride,0.25167143391204955
0.003017631823920414,Shame,Sadness,0.03722448558832424
0.003017631823920414,Shame,Shame,0.24706899142352243
0.0029395393331257207,Boredom,Boredom,0.3867732805897836
0.0029395393331257207,Boredom,Fear,0.033329903717978726
0.0029395393331257207,Boredom,Happiness,0.2004315082134826
0.0029395393331257207,Boredom,Joy,0.15473973425447266
0.0029395393331257207,Boredom,Pride,0.08387448990559143
0.0029395393331257207,Boredom,Sadness,0.011254624036478077
0.0029395393331257207,Boredom,Shame,0.12959645928221306
0.0029395393331257207,Fear,Boredom,0.009866531116937841
0.0029395393331257207,Fear,Fear,0.5495418723665434
0.0029395393331257207,Fear,Happiness,0.019819848435261977
0.0029395393331257207,Fear,Joy,0.05291910204825383
0.0029395393331257207,Fear,Pride,0.024833314460888628
0.0029395393331257207,Fear,Sadness,0.20803026464459223
0.0029395393331257207,Fear,Shame,0.13498906692752158
0.0029395393331257207,Happiness,Boredom,0.469189943208329
0.0029395393331257207,Happiness,Fear,0.008072623251110779
0.0029395393331257207,Happiness,Happiness,0.3350405283743259
0.0029395393331257207,Happiness,Joy,0.03706082186635148
0.0029395393331257207,Happiness,Pride,0.07459150450965855
0.0029395393331257207,Happiness,Sadness,0.010558584618482894
0.0029395393331257207,Happiness,Shame,0.06548599417174121
0.0029395393331257207,Joy,Boredom,0.013659159371894929
0.0029395393331257207,Joy,Fear,0.08718344147420155
0.0029395393331257207,Joy,Happiness,0.09631639824902809
0.0029395393331257207,Joy,Joy,0.2987103982138832
0.0029395393331257207,Joy,Pride,0.25738171232098506
0.0029395393331257207,Joy,Sadness,0.05714567395953477
0.0029395393331257207,Joy,Shame,0.1896032164104722
0.0029395393331257207,Pride,Boredom,0.07431143150384525
0.0029395393331257207,Pride,Fear,0.021053839276521387
0.0029395393331257207,Pride,Happiness,0.2838445103256666
0.0029395393331257207,Pride,Joy,0.12746631550505136
0.0029395393331257207,Pride,Pride,0.2503874605442767
0.0029395393331257207,Pride,Sadness,0.052305691312084596
0.0029395393331257207,Pride,Shame,0.1906307515325534
0.0029395393331257207,Sadness,Boredom,0.07902663027635991
0.0029395393331257207,Sadness,Fear,0.48865818615991957
0.0029395393331257207,Sadness,Happiness,0.05669991434501603
0.0029395393331257207,Sadness,Joy,0.07832286703651904
0.0029395393331257207,Sadness,Pride,0.07218677330532128
0.0029395393331257207,Sadness,Sadness,0.07201494642548013
0.0029395393331257207,Sadness,Shame,0.15309068245138396
0.0029395393331257207,Shame,Boredom,0.04651291832846787
0.0029395393331257207,Shame,Fear,0.025280178831493614
0.0029395393331257207,Shame,Happiness,0.22088039072460844
0.0029395393331257207,Shame,Joy,0.20653584165319808
0.0029395393331257207,Shame,Pride,0.24654747225617965
0.0029395393331257207,Shame,Sadness,0.03894726654681796
0.0029395393331257207,Shame,Shame,0.21529593165923455
0.0031667530934040558,Boredom,Boredom,0.34890167597585403
0.0031667530934040558,Boredom,Fear,0.033979535151441434
0.0031667530934040558,Boredom,Happiness,0.1278511428836355
0.0031667530934040558,Boredom,Joy,0.16637948275008516
0.0031667530934040558,Boredom,Pride,0.1002482641152135
0.0031667530934040558,Boredom,Sadness,0.01152185686955976
0.0031667530934040558,Boredom,Shame,0.21111804225421035
0.0031667530934040558,Fear,Boredom,0.0072542231083196785
0.0031667530934040558,Fear,Fear,0.5311172382095658
0.0031667530934040558,Fear,Happiness,0.011774129434667394
0.0031667530934040558,Fear,Joy,0.05415697772039102
0.0031667530934040558,Fear,Pride,0.03106165056821163
0.0031667530934040558,Fear,Sadness,0.18429565542426027
0.0031667530934040558,Fear,Shame,0.1803401255345843
0.0031667530934040558,Happiness,Boredom,0.4019484738739904
0.0031667530934040558,Happiness,Fear,0.0073597430058958205
0.0031667530934040558,Happiness,Happiness,0.3798551671679741
0.0031667530934040558,Happiness,Joy,0.032106299487231114
0.0031667530934040558,Happiness,Pride,0.09040946199179634
0.0031667530934040558,Happiness,Sadness,0.01083051179460759
0.0031667530934040558,Happiness,Shame,0.07749034267850442
0.0031667530934040558,Joy,Boredom,0.007093539025147121
0.0031667530934040558,Joy,Fear,0.05539098150395586
0.0031667530934040558,Joy,Happiness,0.05254884548426528
0.0031667530934040558,Joy,Joy,0.28101174803864504
0.0031667530934040558,Joy,Pride,0.27672715948403803
0.0031667530934040558,Joy,Sadness,0.04723149298892777
0.0031667530934040558,Joy,Shame,0.27999623347502073
0.0031667530934040558,Pride,Boredom,0.04187367074558199
0.0031667530934040558,Pride,Fear,0.010199310298629485
0.0031667530934040558,Pride,Happiness,0.25416453637987013
0.0031667530934040558,Pride,Joy,0.10142169084725904
0.0031667530934040558,Pride,Pride,0.27008618611489565
0.0031667530934040558,Pride,Sadness,0.04323653729165932
0.0031667530934040558,Pride,Shame,0.2790180683221043
0.0031667530934040558,Sadness,Boredom,0.057597370169411084
0.0031667530934040558,Sadness,Fear,0.4424638582766037
0.0031667530934040558,Sadness,Happiness,0.042330771622213124
0.0031667530934040558,Sadness,Joy,0.08028290130420918
0.0031667530934040558,Sadness,Pride,0.07835218300202533
0.0031667530934040558,Sadness,Sadness,0.06922574346953103
0.0031667530934040558,Sadness,Shame,0.22974717215600665
0.0031667530934040558,Shame,Boredom,0.02735311222272663
0.0031667530934040558,Shame,Fear,0.012903029435802385
0.0031667530934040558,Shame,Happiness,0.1397613893876316
0.0031667530934040558,Shame,Joy,0.19865844781403239
0.0031667530934040558,Shame,Pride,0.26438451626720444
0.0031667530934040558,Shame,Sadness,0.030139528306963984
0.0031667530934040558,Shame,Shame,0.3267999765656392
0.003020755999636026,Boredom,Boredom,0.35576712159552687
0.003020755999636026,Boredom,Fear,0.03422340780801409
0.003020755999636026,Boredom,Happiness,0.16371069675426883
0.003020755999636026,Boredom,Joy,0.1636207986322874
0.003020755999636026,Boredom,Pride,0.09276950727914313
0.003020755999636026,Boredom,Sadness,0.01199285114987844
0.003020755999636026,Boredom,Shame,0.17791561678088097
0.003020755999636026,Fear,Boredom,0.009193586521954511
0.003020755999636026,Fear,Fear,0.48890005765135097
0.003020755999636026,Fear,Happiness,0.018700657590639724
0.003020755999636026,Fear,Joy,0.06311111761008925
0.003020755999636026,Fear,Pride,0.03289736305209008
0.003020755999636026,Fear,Sadness,0.2134651748947044
0.003020755999636026,Fear,Shame,0.17373204267917058
0.003020755999636026,Happiness,Boredom,0.4351497448759289
0.003020755999636026,Happiness,Fear,0.008190743731964724
0.003020755999636026,Happiness,Happiness,0.3453888431675717
0.003020755999636026,Happiness,Joy,0.03997901074340035
0.003020755999636026,Happiness,Pride,0.083641344329158
0.003020755999636026,Happiness,Sadness,0.011263548906923933
0.003020755999636026,Happiness,Shame,0.07638676424505293
0.003020755999636026,Joy,Boredom,0.009982655938468572
0.003020755999636026,Joy,Fear,0.05580049357852456
0.003020755999636026,Joy,Happiness,0.0774770317180098
0.003020755999636026,Joy,Joy,0.30196750824663215
0.003020755999636026,Joy,Pride,0.26845381207808355
0.003020755999636026,Joy,Sadness,0.05213273722717742
0.003020755999636026,Joy,Shame,0.23418576121310392
0.003020755999636026,Pride,Boredom,0.0550799061165231
0.003020755999636026,Pride,Fear,0.01603277227107051
0.003020755999636026,Pride,Happiness,0.25819852528318493
0.003020755999636026,Pride,Joy,0.12700539261142574
0.003020755999636026,Pride,Pride,0.25893767151012304
0.003020755999636026,Pride,Sadness,0.04784642632402246
0.003020755999636026,Pride,Shame,0.2368993058836505
0.003020755999636026,Sadness,Boredom,0.07176024636992907
0.003020755999636026,Sadness,Fear,0.42525062072951697
0.003020755999636026,Sadness,Happiness,0.05687452821315566
0.003020755999636026,Sadness,Joy,0.08869687708432417
0.003020755999636026,Sadness,Pride,0.08021391163598783
0.003020755999636026,Sadness,Sadness,0.07206544754771337
0.003020755999636026,Sadness,Shame,0.20513836841937272
0.003020755999636026,Shame,Boredom,0.035772828787337084
0.003020755999636026,Shame,Fear,0.01950335658721679
0.003020755999636026,Shame,Happiness,0.17667801875189507
0.003020755999636026,Shame,Joy,0.2135899063812329
0.003020755999636026,Shame,Pride,0.25351625259588384
0.003020755999636026,Shame,Sadness,0.03358906094480155
0.003020755999636026,Shame,Shame,0.26735057595163253
0.003238362573523409,Boredom,Boredom,0.4188061408635027
0.003238362573523409,Boredom,Fear,0.03524876525103384
0.003238362573523409,Boredom,Happiness,0.1690566811162592
0.003238362573523409,Boredom,Joy,0.16957278382418764
0.003238362573523409,Boredom,Pride,0.08638021939872222
0.003238362573523409,Boredom,Sadness,0.010235623692313595
0.003238362573523409,Boredom,Shame,0.11069978585398087
0.003238362573523409,Fear,Boredom,0.005907586570456176
0.003238362573523409,Fear,Fear,0.6175456111143544
0.003238362573523409,Fear,Happiness,0.011914128414009883
0.003238362573523409,Fear,Joy,0.04590981257466339
0.003238362573523409,Fear,Pride,0.023156105582189564
0.003238362573523409,Fear,Sadness,0.16680597073038064
0.003238362573523409,Fear,Shame,0.1287607850139457
0.003238362573523409,Happiness,Boredom,0.45943192558163115
0.003238362573523409,Happiness,Fear,0.0062863891657771636
0.003238362573523409,Happiness,Happiness,0.367140658476507
0.003238362573523409,Happiness,Joy,0.025716083828645698
0.003238362573523409,Happiness,Pride,0.07533526904573358
0.003238362573523409,Happiness,Sadness,0.00899636186219021
0.003238362573523409,Happiness,Shame,0.057093312039515176
0.003238362573523409,Joy,Boredom,0.010198245789718292
0.003238362573523409,Joy,Fear,0.06741325086023968
0.003238362573523409,Joy,Happiness,0.07167263141424689
0.003238362573523409,Joy,Joy,0.31939117125107475
0.003238362573523409,Joy,Pride,0.26519547370460456
0.003238362573523409,Joy,Sadness,0.05358104719015974
0.003238362573523409,Joy,Shame,0.21254817978995588
0.003238362573523409,Pride,Boredom,0.05181248335127352
0.003238362573523409,Pride,Fear,0.017569729237808484
0.003238362573523409,Pride,Happiness,0.29688515346028777
0.003238362573523409,Pride,Joy,0.1010845663336138
0.003238362573523409,Pride,Pride,0.26271116381003734
0.003238362573523409,Pride,Sadness,0.05086661385073784
0.003238362573523409,Pride,Shame,0.21907028995624145
0.003238362573523409,Sadness,Boredom,0.05241419247869163
0.003238362573523409,Sadness,Fear,0.5455156381378279
0.003238362573523409,Sadness,Happiness,0.04533260891659083
0.003238362573523409,Sadness,Joy,0.06904276358428367
0.003238362573523409,Sadness,Pride,0.0610065880211202
0.003238362573523409,Sadness,Sadness,0.063241568234713
0.003238362573523409,Sadness,Shame,0.16344664062677236
0.003238362573523409,Shame,Boredom,0.03658646395255706
0.003238362573523409,Shame,Fear,0.021472131125459044
0.003238362573523409,Shame,Happiness,0.20154345597518053
0.003238362573523409,Shame,Joy,0.19680960217438132
0.003238362573523409,Shame,Pride,0.2511059273390907
0.003238362573523409,Shame,Sadness,0.036613212860970946
0.003238362573523409,Shame,Shame,0.2558692065723605
0.0032221679512620697,Boredom,Boredom,0.4226082462280095
0.0032221679512620697,Boredom,Fear,0.035217934718659485
0.0032221679512620697,Boredom,Happiness,0.1932922873435357
0.0032221679512620697,Boredom,Joy,0.16176176865335876
0.0032221679512620697,Boredom,Pride,0.082945194003804
0.0032221679512620697,Boredom,Sadness,0.009874956657398477
0.0032221679512620697,Boredom,Shame,0.09429961239523352
0.0032221679512620697,Fear,Boredom,0.006028429681162993
0.0032221679512620697,Fear,Fear,0.6188088318298158
0.0032221679512620697,Fear,Happiness,0.013962591642656442
0.0032221679512620697,Fear,Joy,0.04629466769951788
0.0032221679512620697,Fear,Pride,0.02158819809980287
0.0032221679512620697,Fear,Sadness,0.17566560401692202
0.0032221679512620697,Fear,Shame,0.1176516770301218
0.0032221679512620697,Happiness,Boredom,0.47716777892758955
0.0032221679512620697,Happiness,Fear,0.006754404057292208
0.0032221679512620697,Happiness,Happiness,0.35333691289319097
0.0032221679512620697,Happiness,Joy,0.027004179647822365
0.0032221679512620697,Happiness,Pride,0.07250373004515649
0.0032221679512620697,Happiness,Sadness,0.009171275192352434
0.0032221679512620697,Happiness,Shame,0.05406171923659649
0.0032221679512620697,Joy,Boredom,0.012077535659727141
0.0032221679512620697,Joy,Fear,0.06985333277079545
0.0032221679512620697,Joy,Happiness,0.088206416736395
0.0032221679512620697,Joy,Joy,0.32139993502117353
0.0032221679512620697,Joy,Pride,0.26150799196115415
0.0032221679512620697,Joy,Sadness,0.055222736059720945
0.0032221679512620697,Joy,Shame,0.1917320517910335
0.0032221679512620697,Pride,Boredom,0.05405911305856086
0.0032221679512620697,Pride,Fear,0.021010603082027488
0.0032221679512620697,Pride,Happiness,0.3014648820069342
0.0032221679512620697,Pride,Joy,0.11090490960816059
0.0032221679512620697,Pride,Pride,0.26000664797465195
0.0032221679512620697,Pride,Sadness,0.05298116497059864
0.0032221679512620697,Pride,Shame,0.19957267929906575
0.0032221679512620697,Sadness,Boredom,0.05291730307025345
0.0032221679512620697,Sadness,Fear,0.5573452566422827
0.0032221679512620697,Sadness,Happiness,0.04939188285331561
0.0032221679512620697,Sadness,Joy,0.06822341009697404
0.0032221679512620697,Sadness,Pride,0.060266601546607464
0.0032221679512620697,Sadness,Sadness,0.06484695369552065
0.0032221679512620697,Sadness,Shame,0.1470085920950455
0.0032221679512620697,Shame,Boredom,0.03979472350195253
0.0032221679512620697,Shame,Fear,0.02551548512896107
0.0032221679512620697,Shame,Happiness,0.22145102755833265
0.0032221679512620697,Shame,Joy,0.19578334025270167
0.0032221679512620697,Shame,Pride,0.24855789489852823
0.0032221679512620697,Shame,Sadness,0.0395946370316744
0.0032221679512620697,Shame,Shame,0.22930289162784936
0.0031735639722877103,Boredom,Boredom,0.39195843244708634
0.0031735639722877103,Boredom,Fear,0.03495049197394527
0.0031735639722877103,Boredom,Happiness,0.1647404305861146
0.0031735639722877103,Boredom,Joy,0.16889636337915676
0.0031735639722877103,Boredom,Pride,0.09005938728632217
0.0031735639722877103,Boredom,Sadness,0.012604357056484541
0.0031735639722877103,Boredom,Shame,0.13679053727089036
0.0031735639722877103,Fear,Boredom,0.008267540815429004
0.0031735639722877103,Fear,Fear,0.49875869168387676
0.0031735639722877103,Fear,Happiness,0.0179407492736657
0.0031735639722877103,Fear,Joy,0.06178224332898631
0.0031735639722877103,Fear,Pride,0.031211688201413
0.0031735639722877103,Fear,Sadness,0.21395321721045482
0.0031735639722877103,Fear,Shame,0.1680858694861746
0.0031735639722877103,Happiness,Boredom,0.442475143693302
0.0031735639722877103,Happiness,Fear,0.008712600579368922
0.0031735639722877103,Happiness,Happiness,0.3457029378902951
0.0031735639722877103,Happiness,Joy,0.036809128384867405
0.0031735639722877103,Happiness,Pride,0.08296759634935122
0.0031735639722877103,Happiness,Sadness,0.011905913425728266
0.0031735639722877103,Happiness,Shame,0.07142667967708688
0.0031735639722877103,Joy,Boredom,0.010392078723570035
0.0031735639722877103,Joy,Fear,0.05713570095012955
0.0031735639722877103,Joy,Happiness,0.07284619971227538
0.0031735639722877103,Joy,Joy,0.31200960004066636
0.0031735639722877103,Joy,Pride,0.2680431053972644
0.0031735639722877103,Joy,Sadness,0.05434263728851822
0.0031735639722877103,Joy,Shame,0.22523067788757598
0.0031735639722877103,Pride,Boredom,0.05143222109009271
0.0031735639722877103,Pride,Fear,0.018046285556344514
0.0031735639722877103,Pride,Happiness,0.26693137149291124
0.0031735639722877103,Pride,Joy,0.12342899893066293
0.0031735639722877103,Pride,Pride,0.2606611452108632
0.0031735639722877103,Pride,Sadness,0.050402287379739556
0.0031735639722877103,Pride,Shame,0.22909769033938568
0.0031735639722877103,Sadness,Boredom,0.06353946768893202
0.0031735639722877103,Sadness,Fear,0.44598763071360176
0.0031735639722877103,Sadness,Happiness,0.05280122748739937
0.0031735639722877103,Sadness,Joy,0.08738585499234439
0.0031735639722877103,Sadness,Pride,0.0773458290300672
0.0031735639722877103,Sadness,Sadness,0.074081216428733
0.0031735639722877103,Sadness,Shame,0.19885877365892202
0.0031735639722877103,Shame,Boredom,0.0363218745129695
0.0031735639722877103,Shame,Fear,0.021755168369598534
0.0031735639722877103,Shame,Happiness,0.18192431354250754
0.0031735639722877103,Shame,Joy,0.21654939934681178
0.0031735639722877103,Shame,Pride,0.2519633186539482
0.0031735639722877103,Shame,Sadness,0.037435449734747696
0.0031735639722877103,Shame,Shame,0.25405047583941626
0.002844076428372344,Boredom,Boredom,0.3098729070021583
0.002844076428372344,Boredom,Fear,0.04614835565074763
0.002844076428372344,Boredom,Happiness,0.17788343847921603
0.002844076428372344,Boredom,Joy,0.1639733885779936
0.002844076428372344,Boredom,Pride,0.10025694908262901
0.002844076428372344,Boredom,Sadness,0.016549506369986648
0.002844076428372344,Boredom,Shame,0.18531545483726908
0.002844076428372344,Fear,Boredom,0.015152320275879996
0.002844076428372344,Fear,Fear,0.42589571253784625
0.002844076428372344,Fear,Happiness,0.025239688011272042
0.002844076428372344,Fear,Joy,0.07012302735638272
0.002844076428372344,Fear,Pride,0.034340030158391766
0.002844076428372344,Fear,Sadness,0.2500796009773198
0.002844076428372344,Fear,Shame,0.17916962068290723
0.002844076428372344,Happiness,Boredom,0.41853788359514277
0.002844076428372344,Happiness,Fear,0.0108504608907552
0.002844076428372344,Happiness,Happiness,0.3033996570132653
0.002844076428372344,Happiness,Joy,0.0558365474445536
0.002844076428372344,Happiness,Pride,0.08414976052293541
0.002844076428372344,Happiness,Sadness,0.01413436652732532
0.002844076428372344,Happiness,Shame,0.11309132400602291
0.002844076428372344,Joy,Boredom,0.01308256151789277
0.002844076428372344,Joy,Fear,0.12418883067489463
0.002844076428372344,Joy,Happiness,0.08124173127090646
0.002844076428372344,Joy,Joy,0.2664873854519461
0.002844076428372344,Joy,Pride,0.24838530611458137
0.002844076428372344,Joy,Sadness,0.058214150543487185
0.002844076428372344,Joy,Shame,0.20840003442629157
0.002844076428372344,Pride,Boredom,0.06864281682314043
0.002844076428372344,Pride,Fear,0.022696696182960503
0.002844076428372344,Pride,Happiness,0.24566393476185938
0.002844076428372344,Pride,Joy,0.14544265107054402
0.002844076428372344,Pride,Pride,0.25308108138408403
0.002844076428372344,Pride,Sadness,0.05299482145291793
0.002844076428372344,Pride,Shame,0.21147799832449357
0.002844076428372344,Sadness,Boredom,0.08269034129863034
0.002844076428372344,Sadness,Fear,0.3685400340273363
0.002844076428372344,Sadness,Happiness,0.058426283253382526
0.002844076428372344,Sadness,Joy,0.13678499708979008
0.002844076428372344,Sadness,Pride,0.0873840662083743
0.002844076428372344,Sadness,Sadness,0.07555660603033111
0.002844076428372344,Sadness,Shame,0.19061767209215483
0.002844076428372344,Shame,Boredom,0.04583106400546086
0.002844076428372344,Shame,Fear,0.02964681391122053
0.002844076428372344,Shame,Happiness,0.18604306435197504
0.002844076428372344,Shame,Joy,0.22770286575378668
0.002844076428372344,Shame,Pride,0.2458098691580812
0.002844076428372344,Shame,Sadness,0.03972406357299104
0.002844076428372344,Shame,Shame,0.22524225924648456
0.003123817320073965,Boredom,Boredom,0.4421940563263002
0.003123817320073965,Boredom,Fear,0.033608685149104804
0.003123817320073965,Boredom,Happiness,0.2248132063405136
0.003123817320073965,Boredom,Joy,0.14196205171163528
0.003123817320073965,Boredom,Pride,0.07304459478647024
0.003123817320073965,Boredom,Sadness,0.00666747827869113
0.003123817320073965,Boredom,Shame,0.07770992740728444
0.003123817320073965,Fear,Boredom,0.003363677973650888
0.003123817320073965,Fear,Fear,0.8211342593415066
0.003123817320073965,Fear,Happiness,0.007207210536134393
0.003123817320073965,Fear,Joy,0.020031909497511175
0.003123817320073965,Fear,Pride,0.008332360087123751
0.003123817320073965,Fear,Sadness,0.08887014174119719
0.003123817320073965,Fear,Shame,0.05106044082287564
0.003123817320073965,Happiness,Boredom,0.5216244605879407
0.003123817320073965,Happiness,Fear,0.00412907122289485
0.003123817320073965,Happiness,Happiness,0.3607943290657
0.003123817320073965,Happiness,Joy,0.017754978821973143
0.003123817320073965,Happiness,Pride,0.058175861573849
0.003123817320073965,Happiness,Sadness,0.005715719429495256
0.003123817320073965,Happiness,Shame,0.031805579298146876
0.003123817320073965,Joy,Boredom,0.01606295431978394
0.003123817320073965,Joy,Fear,0.08445195058056675
0.003123817320073965,Joy,Happiness,0.1060522740798069
0.003123817320073965,Joy,Joy,0.3231697336531861
0.003123817320073965,Joy,Pride,0.2640984689898524
0.003123817320073965,Joy,Sadness,0.05381549217739585
0.003123817320073965,Joy,Shame,0.1523491261994079
0.003123817320073965,Pride,Boredom,0.06870202910047225
0.003123817320073965,Pride,Fear,0.02369068097671276
0.003123817320073965,Pride,Happiness,0.3427506401735198
0.003123817320073965,Pride,Joy,0.10341298598625744
0.003123817320073965,Pride,Pride,0.25098228066982103
0.003123817320073965,Pride,Sadness,0.05371249193773274
0.003123817320073965,Pride,Shame,0.15674889115548385
0.003123817320073965,Sadness,Boredom,0.054909352199071934
0.003123817320073965,Sadness,Fear,0.7222008363703567
0.003123817320073965,Sadness,Happiness,0.03577920785286685
0.003123817320073965,Sadness,Joy,0.03724198890513477
0.003123817320073965,Sadness,Pride,0.03395199592847893
0.003123817320073965,Sadness,Sadness,0.040612125012432
0.003123817320073965,Sadness,Shame,0.07530449373165819
0.003123817320073965,Shame,Boredom,0.04346656407733712
0.003123817320073965,Shame,Fear,0.030391886601720115
0.003123817320073965,Shame,Happiness,0.26617806336017624
0.003123817320073965,Shame,Joy,0.17052127174345358
0.003123817320073965,Shame,Pride,0.24811762859732045
0.003123817320073965,Shame,Sadness,0.04166027438719145
0.003123817320073965,Shame,Shame,0.1996643112328013
0.003193140930522589,Boredom,Boredom,0.40402750798457304
0.003193140930522589,Boredom,Fear,0.034619716749977485
0.003193140930522589,Boredom,Happiness,0.15541830651533708
0.003193140930522589,Boredom,Joy,0.1693453564368135
0.003193140930522589,Boredom,Pride,0.0927492560234948
0.003193140930522589,Boredom,Sadness,0.011389539518193837
0.003193140930522589,Boredom,Shame,0.13245031677161004
0.003193140930522589,Fear,Boredom,0.00734045272454402
0.003193140930522589,Fear,Fear,0.5323911130715602
0.003193140930522589,Fear,Happiness,0.014052190202876692
0.003193140930522589,Fear,Joy,0.05618476040145212
0.003193140930522589,Fear,Pride,0.030701216510074198
0.003193140930522589,Fear,Sadness,0.19874982513987025
0.003193140930522589,Fear,Shame,0.16058044194962248
0.003193140930522589,Happiness,Boredom,0.4374858441539496
0.003193140930522589,Happiness,Fear,0.007206683986308048
0.003193140930522589,Happiness,Happiness,0.3637396052858967
0.003193140930522589,Happiness,Joy,0.030668168732497003
0.003193140930522589,Happiness,Pride,0.08268563435751158
0.003193140930522589,Happiness,Sadness,0.010263208492790015
0.003193140930522589,Happiness,Shame,0.06795085499104724
0.003193140930522589,Joy,Boredom,0.009064115770602494
0.003193140930522589,Joy,Fear,0.058728006316837306
0.003193140930522589,Joy,Happiness,0.06738847503930134
0.003193140930522589,Joy,Joy,0.303071194977125
0.003193140930522589,Joy,Pride,0.26886886253550235
0.003193140930522589,Joy,Sadness,0.05151265182710141
0.003193140930522589,Joy,Shame,0.2413666935335297
0.003193140930522589,Pride,Boredom,0.04691131461524113
0.003193140930522589,Pride,Fear,0.014768956520099163
0.003193140930522589,Pride,Happiness,0.27307015016361735
0.003193140930522589,Pride,Joy,0.1077090413208801
0.003193140930522589,Pride,Pride,0.2654442395658247
0.003193140930522589,Pride,Sadness,0.047484458797043105
0.003193140930522589,Pride,Shame,0.2446118390172941
0.003193140930522589,Sadness,Boredom,0.053932453449761684
0.003193140930522589,Sadness,Fear,0.4672176676193358
0.003193140930522589,Sadness,Happiness,0.05007407176583209
0.003193140930522589,Sadness,Joy,0.08222584737300961
0.003193140930522589,Sadness,Pride,0.07561566627678915
0.003193140930522589,Sadness,Sadness,0.06986461400916774
0.003193140930522589,Sadness,Shame,0.2010696795061037
0.003193140930522589,Shame,Boredom,0.033233326634618046
0.003193140930522589,Shame,Fear,0.01789856514211069
0.003193140930522589,Shame,Happiness,0.1744926476074008
0.003193140930522589,Shame,Joy,0.2036033853077581
0.003193140930522589,Shame,Pride,0.2547562637288072
0.003193140930522589,Shame,Sadness,0.033647378158131604
0.003193140930522589,Shame,Shame,0.2823684334211732
0.003216024310474462,Boredom,Boredom,0.4071541840524053
0.003216024310474462,Boredom,Fear,0.03509529270522115
0.003216024310474462,Boredom,Happiness,0.17001885295741123
0.003216024310474462,Boredom,Joy,0.16813865303900297
0.003216024310474462,Boredom,Pride,0.08606673836299378
0.003216024310474462,Boredom,Sadness,0.010460564160626951
0.003216024310474462,Boredom,Shame,0.12306571472233847
0.003216024310474462,Fear,Boredom,0.00611516389500204
0.003216024310474462,Fear,Fear,0.6054504732190015
0.003216024310474462,Fear,Happiness,0.012615612000948696
0.003216024310474462,Fear,Joy,0.04772612325332108
0.003216024310474462,Fear,Pride,0.02322028827431794
0.003216024310474462,Fear,Sadness,0.17331735093404843
0.003216024310474462,Fear,Shame,0.1315549884233601
0.003216024310474462,Happiness,Boredom,0.45998059556707194
0.003216024310474462,Happiness,Fear,0.006506556035333221
0.003216024310474462,Happiness,Happiness,0.36374019766339594
0.003216024310474462,Happiness,Joy,0.026609683715371327
0.003216024310474462,Happiness,Pride,0.07580132348379606
0.003216024310474462,Happiness,Sadness,0.00939688114332211
0.003216024310474462,Happiness,Shame,0.05796476239170908
0.003216024310474462,Joy,Boredom,0.01039070054671689
0.003216024310474462,Joy,Fear,0.06748128494926318
0.003216024310474462,Joy,Happiness,0.07167602488262108
0.003216024310474462,Joy,Joy,0.31975094223540124
0.003216024310474462,Joy,Pride,0.2651049210745019
0.003216024310474462,Joy,Sadness,0.053624324763674916
0.003216024310474462,Joy,Shame,0.21197180154782083
0.003216024310474462,Pride,Boredom,0.05358013491131246
0.003216024310474462,Pride,Fear,0.017685654704372767
0.003216024310474462,Pride,Happiness,0.2940757674289037
0.003216024310474462,Pride,Joy,0.10447917668719905
0.003216024310474462,Pride,Pride,0.261030732866525
0.003216024310474462,Pride,Sadness,0.05112730225160486
0.003216024310474462,Pride,Shame,0.21802123115008246
0.003216024310474462,Sadness,Boredom,0.0582240025685161
0.003216024310474462,Sadness,Fear,0.5321992980418048
0.003216024310474462,Sadness,Happiness,0.04533454930791593
0.003216024310474462,Sadness,Joy,0.07112281471967498
0.003216024310474462,Sadness,Pride,0.0628244137144271
0.003216024310474462,Sadness,Sadness,0.06520345585719013
0.003216024310474462,Sadness,Shame,0.16509146579047074
0.003216024310474462,Shame,Boredom,0.036520479682947325
0.003216024310474462,Shame,Fear,0.02163207068490027
0.003216024310474462,Shame,Happiness,0.20141410529393294
0.003216024310474462,Shame,Joy,0.1992116065017269
0.003216024310474462,Shame,Pride,0.2504626137912017
0.003216024310474462,Shame,Sadness,0.037865961176366286
0.003216024310474462,Shame,Shame,0.2528931628689247
0.0029836061248150136,Boredom,Boredom,0.3386132768183059
0.0029836061248150136,Boredom,Fear,0.03580056730457484
0.0029836061248150136,Boredom,Happiness,0.16931274432282786
0.0029836061248150136,Boredom,Joy,0.16610536033728
0.0029836061248150136,Boredom,Pride,0.09485950037717779
0.0029836061248150136,Boredom,Sadness,0.013911318345989354
0.0029836061248150136,Boredom,Shame,0.1813972324938439
0.0029836061248150136,Fear,Boredom,0.01057920920787983
0.0029836061248150136,Fear,Fear,0.4630656910744196
0.0029836061248150136,Fear,Happiness,0.02123354672748931
0.0029836061248150136,Fear,Joy,0.06597373741376106
0.0029836061248150136,Fear,Pride,0.03312438784618597
0.0029836061248150136,Fear,Sadness,0.2276272209702604
0.0029836061248150136,Fear,Shame,0.1783962067600037
0.0029836061248150136,Happiness,Boredom,0.43493226487831793
0.0029836061248150136,Happiness,Fear,0.009222230511193483
0.0029836061248150136,Happiness,Happiness,0.33181440212218016
0.0029836061248150136,Happiness,Joy,0.045062813040834565
0.0029836061248150136,Happiness,Pride,0.08335549309856252
0.0029836061248150136,Happiness,Sadness,0.012331871042568651
0.0029836061248150136,Happiness,Shame,0.08328092530634273
0.0029836061248150136,Joy,Boredom,0.010271696642825357
0.0029836061248150136,Joy,Fear,0.08222560104870616
0.0029836061248150136,Joy,Happiness,0.07898633459365635
0.0029836061248150136,Joy,Joy,0.29530435115625187
0.0029836061248150136,Joy,Pride,0.25856191916463445
0.0029836061248150136,Joy,Sadness,0.05443821962969088
0.0029836061248150136,Joy,Shame,0.22021187776423465
0.0029836061248150136,Pride,Boredom,0.06105701209657825
0.0029836061248150136,Pride,Fear,0.018413978714062886
0.0029836061248150136,Pride,Happiness,0.25424371160284137
0.0029836061248150136,Pride,Joy,0.1355324020722251
0.0029836061248150136,Pride,Pride,0.2558319594533967
0.0029836061248150136,Pride,Sadness,0.050214228635478385
0.0029836061248150136,Pride,Shame,0.22470670742541726
0.0029836061248150136,Sadness,Boredom,0.07540642526966232
0.0029836061248150136,Sadness,Fear,0.40884664605734417
0.0029836061248150136,Sadness,Happiness,0.0587516808076735
0.0029836061248150136,Sadness,Joy,0.09348651907364205
0.0029836061248150136,Sadness,Pride,0.08630103021068651
0.0029836061248150136,Sadness,Sadness,0.07480713742488901
0.0029836061248150136,Sadness,Shame,0.2024005611561023
0.0029836061248150136,Shame,Boredom,0.039308172412311
0.0029836061248150136,Shame,Fear,0.022097992539159318
0.0029836061248150136,Shame,Happiness,0.18110680896412276
0.0029836061248150136,Shame,Joy,0.22125407616737067
0.0029836061248150136,Shame,Pride,0.2514745512198587
0.0029836061248150136,Shame,Sadness,0.036624158210720036
0.0029836061248150136,Shame,Shame,0.24813424048645738
0.003132435483756464,Boredom,Boredom,0.4262663349114839
0.003132435483756464,Boredom,Fear,0.033521549441953666
0.003132435483756464,Boredom,Happiness,0.1918135297533515
0.003132435483756464,Boredom,Joy,0.15751407147309254
0.003132435483756464,Boredom,Pride,0.08078209866695421
0.003132435483756464,Boredom,Sadness,0.008973176419507845
0.003132435483756464,Boredom,Shame,0.10112923933365632
0.003132435483756464,Fear,Boredom,0.006076597295593259
0.003132435483756464,Fear,Fear,0.6264081508291118
0.003132435483756464,Fear,Happiness,0.013033486926109356
0.003132435483756464,Fear,Joy,0.04524777198733177
0.003132435483756464,Fear,Pride,0.02081595336511219
0.003132435483756464,Fear,Sadness,0.1736144458850328
0.003132435483756464,Fear,Shame,0.11480359371170895
0.003132435483756464,Happiness,Boredom,0.4792188010518527
0.003132435483756464,Happiness,Fear,0.005857041300696644
0.003132435483756464,Happiness,Happiness,0.36063286249567644
0.003132435483756464,Happiness,Joy,0.02535108016028016
0.003132435483756464,Happiness,Pride,0.07036006792242767
0.003132435483756464,Happiness,Sadness,0.008048250153887205
0.003132435483756464,Happiness,Shame,0.050531896915178856
0.003132435483756464,Joy,Boredom,0.01183282166799081
0.003132435483756464,Joy,Fear,0.06350702224042415
0.003132435483756464,Joy,Happiness,0.09126761703396931
0.003132435483756464,Joy,Joy,0.3218743399742204
0.003132435483756464,Joy,Pride,0.2625393195854912
0.003132435483756464,Joy,Sadness,0.054158556690821695
0.003132435483756464,Joy,Shame,0.19482032280708222
0.003132435483756464,Pride,Boredom,0.05814913888236848
0.003132435483756464,Pride,Fear,0.019503935700618587
0.003132435483756464,Pride,Happiness,0.3038314399658506
0.003132435483756464,Pride,Joy,0.10910061213311421
0.003132435483756464,Pride,Pride,0.2582698951224841
0.003132435483756464,Pride,Sadness,0.050826725900959706
0.003132435483756464,Pride,Shame,0.2003182522946042
0.003132435483756464,Sadness,Boredom,0.056404267928674603
0.003132435483756464,Sadness,Fear,0.5594470524445588
0.003132435483756464,Sadness,Happiness,0.05090467583063182
0.003132435483756464,Sadness,Joy,0.0674582311200368
0.003132435483756464,Sadness,Pride,0.057529822244823434
0.003132435483756464,Sadness,Sadness,0.0619300876060066
0.003132435483756464,Sadness,Shame,0.14632586282526852
0.003132435483756464,Shame,Boredom,0.04109484937513687
0.003132435483756464,Shame,Fear,0.023987600270447176
0.003132435483756464,Shame,Happiness,0.21904046697679347
0.003132435483756464,Shame,Joy,0.19260433579527128
0.003132435483756464,Shame,Pride,0.24906958719821404
0.003132435483756464,Shame,Sadness,0.036286700351626205
0.003132435483756464,Shame,Shame,0.23791646003251107
0.003061616504877148,Boredom,Boredom,0.37635637732537525
0.003061616504877148,Boredom,Fear,0.033828465627641933
0.003061616504877148,Boredom,Happiness,0.1623933999193023
0.003061616504877148,Boredom,Joy,0.16274197346765304
0.003061616504877148,Boredom,Pride,0.09135245454099883
0.003061616504877148,Boredom,Sadness,0.011276420093558863
0.003061616504877148,Boredom,Shame,0.16205090902546984
0.003061616504877148,Fear,Boredom,0.008420696267084834
0.003061616504877148,Fear,Fear,0.5009438869683709
0.003061616504877148,Fear,Happiness,0.01764977169701679
0.003061616504877148,Fear,Joy,0.061116191802483774
0.003061616504877148,Fear,Pride,0.03187406363621658
0.003061616504877148,Fear,Sadness,0.20980033492207043
0.003061616504877148,Fear,Shame,0.17019505470675675
0.003061616504877148,Happiness,Boredom,0.4358876398839471
0.003061616504877148,Happiness,Fear,0.007980903430438611
0.003061616504877148,Happiness,Happiness,0.3501494239386551
0.003061616504877148,Happiness,Joy,0.03831286278159577
0.003061616504877148,Happiness,Pride,0.0836566843934851
0.003061616504877148,Happiness,Sadness,0.01096608966618337
0.003061616504877148,Happiness,Shame,0.07304639590569523
0.003061616504877148,Joy,Boredom,0.009687878129420372
0.003061616504877148,Joy,Fear,0.05497449828451267
0.003061616504877148,Joy,Happiness,0.07786699885332832
0.003061616504877148,Joy,Joy,0.3018342506226263
0.003061616504877148,Joy,Pride,0.267910874732621
0.003061616504877148,Joy,Sadness,0.05171049869916732
0.003061616504877148,Joy,Shame,0.2360150006783237
0.003061616504877148,Pride,Boredom,0.05083315808863726
0.003061616504877148,Pride,Fear,0.01562052329151083
0.003061616504877148,Pride,Happiness,0.26162549169653665
0.003061616504877148,Pride,Joy,0.12368539528504623
0.003061616504877148,Pride,Pride,0.26093476033025453
0.003061616504877148,Pride,Sadness,0.04730634243683963
0.003061616504877148,Pride,Shame,0.23999432887117478
0.003061616504877148,Sadness,Boredom,0.06519539397362807
0.003061616504877148,Sadness,Fear,0.43539290847459716
0.003061616504877148,Sadness,Happiness,0.05710718683509264
0.003061616504877148,Sadness,Joy,0.08697816614229051
0.003061616504877148,Sadness,Pride,0.07913216762657614
0.003061616504877148,Sadness,Sadness,0.0712747909646081
0.003061616504877148,Sadness,Shame,0.2049193859832071
0.003061616504877148,Shame,Boredom,0.034757492068500366
0.003061616504877148,Shame,Fear,0.019012382888876172
0.003061616504877148,Shame,Happiness,0.1761149207933538
0.003061616504877148,Shame,Joy,0.21156385658488958
0.003061616504877148,Shame,Pride,0.253948023920681
0.003061616504877148,Shame,Sadness,0.03286525151704436
0.003061616504877148,Shame,Shame,0.2717380722266545
0.0030856131406251904,Boredom,Boredom,0.420176699073834
0.0030856131406251904,Boredom,Fear,0.0330359550068782
0.0030856131406251904,Boredom,Happiness,0.16952631003470395
0.0030856131406251904,Boredom,Joy,0.16331599304228514
0.0030856131406251904,Boredom,Pride,0.08579089115013347
0.0030856131406251904,Boredom,Sadness,0.009380976545077354
0.0030856131406251904,Boredom,Shame,0.11877317514708796
0.0030856131406251904,Fear,Boredom,0.0060811156156978146
0.0030856131406251904,Fear,Fear,0.6011447250089159
0.0030856131406251904,Fear,Happiness,0.012150141769709872
0.0030856131406251904,Fear,Joy,0.04804748799716861
0.0030856131406251904,Fear,Pride,0.024596739111380498
0.0030856131406251904,Fear,Sadness,0.17420400487671683
0.0030856131406251904,Fear,Shame,0.1337757856204106
0.0030856131406251904,Happiness,Boredom,0.45885760608592463
0.0030856131406251904,Happiness,Fear,0.00590222577445354
0.0030856131406251904,Happiness,Happiness,0.3707711267016201
0.0030856131406251904,Happiness,Joy,0.02574773222094922
0.0030856131406251904,Happiness,Pride,0.07496243775069808
0.0030856131406251904,Happiness,Sadness,0.008287618887753359
0.0030856131406251904,Happiness,Shame,0.055471252578601145
0.0030856131406251904,Joy,Boredom,0.009966161324354704
0.0030856131406251904,Joy,Fear,0.05911642835894961
0.0030856131406251904,Joy,Happiness,0.07569458228898032
0.0030856131406251904,Joy,Joy,0.31656427759784844
0.0030856131406251904,Joy,Pride,0.2668262366801731
0.0030856131406251904,Joy,Sadness,0.05162426002298722
0.0030856131406251904,Joy,Shame,0.22020805372670693
0.0030856131406251904,Pride,Boredom,0.05221686820814639
0.0030856131406251904,Pride,Fear,0.016155396316320764
0.0030856131406251904,Pride,Happiness,0.2943582964609771
0.0030856131406251904,Pride,Joy,0.10397559653901096
0.0030856131406251904,Pride,Pride,0.26216976754512467
0.0030856131406251904,Pride,Sadness,0.04820515078619006
0.0030856131406251904,Pride,Shame,0.2229189241442303
0.0030856131406251904,Sadness,Boredom,0.054742002622737394
0.0030856131406251904,Sadness,Fear,0.5261962769128331
0.0030856131406251904,Sadness,Happiness,0.048670039176114614
0.0030856131406251904,Sadness,Joy,0.07215952309986952
0.0030856131406251904,Sadness,Pride,0.06524691605230949
0.0030856131406251904,Sadness,Sadness,0.06195222714108873
0.0030856131406251904,Sadness,Shame,0.171033014995047
0.0030856131406251904,Shame,Boredom,0.03621740058546109
0.0030856131406251904,Shame,Fear,0.019736535258603204
0.0030856131406251904,Shame,Happiness,0.1958899899281127
0.0030856131406251904,Shame,Joy,0.19649644471898728
0.0030856131406251904,Shame,Pride,0.2524013268073172
0.0030856131406251904,Shame,Sadness,0.03315164838706563
0.0030856131406251904,Shame,Shame,0.2661066543144529
0.0033500337221495542,Boredom,Boredom,0.41382789319750934
0.0033500337221495542,Boredom,Fear,0.03589063731160897
0.0033500337221495542,Boredom,Happiness,0.1395194236255868
0.0033500337221495542,Boredom,Joy,0.17945373011608534
0.0033500337221495542,Boredom,Pride,0.09517763323787398
0.0033500337221495542,Boredom,Sadness,0.012404924196369155
0.0033500337221495542,Boredom,Shame,0.12372575831496616
0.0033500337221495542,Fear,Boredom,0.006521522751334012
0.0033500337221495542,Fear,Fear,0.5721681218974144
0.0033500337221495542,Fear,Happiness,0.011452717247627999
0.0033500337221495542,Fear,Joy,0.050464142064941965
0.0033500337221495542,Fear,Pride,0.0275658005179696
0.0033500337221495542,Fear,Sadness,0.18771628880552452
0.0033500337221495542,Fear,Shame,0.14411140671518718
0.0033500337221495542,Happiness,Boredom,0.43973671560452343
0.0033500337221495542,Happiness,Fear,0.006793916017330409
0.0033500337221495542,Happiness,Happiness,0.3672678282211097
0.0033500337221495542,Happiness,Joy,0.027841417703195082
0.0033500337221495542,Happiness,Pride,0.08188434036307113
0.0033500337221495542,Happiness,Sadness,0.01007631309881718
0.0033500337221495542,Happiness,Shame,0.06639946899195281
0.0033500337221495542,Joy,Boredom,0.0088996980477795
0.0033500337221495542,Joy,Fear,0.06562477020719192
0.0033500337221495542,Joy,Happiness,0.05898494034483191
0.0033500337221495542,Joy,Joy,0.3051582993870424
0.0033500337221495542,Joy,Pride,0.26821497229930863
0.0033500337221495542,Joy,Sadness,0.05279319549208929
0.0033500337221495542,Joy,Shame,0.24032412422175614
0.0033500337221495542,Pride,Boredom,0.048737508600858744
0.0033500337221495542,Pride,Fear,0.015083366872431638
0.0033500337221495542,Pride,Happiness,0.281433050914048
0.0033500337221495542,Pride,Joy,0.08734011669485305
0.0033500337221495542,Pride,Pride,0.2698922600185226
0.0033500337221495542,Pride,Sadness,0.04946165228147954
0.0033500337221495542,Pride,Shame,0.24805204461780642
0.0033500337221495542,Sadness,Boredom,0.05150068136706389
0.0033500337221495542,Sadness,Fear,0.5020783343524796
0.0033500337221495542,Sadness,Happiness,0.044590036580606486
0.0033500337221495542,Sadness,Joy,0.07529654273360753
0.0033500337221495542,Sadness,Pride,0.06933002541718142
0.0033500337221495542,Sadness,Sadness,0.06875591780729354
0.0033500337221495542,Sadness,Shame,0.18844846174176752
0.0033500337221495542,Shame,Boredom,0.03325771621421493
0.0033500337221495542,Shame,Fear,0.017472168122719626
0.0033500337221495542,Shame,Happiness,0.18693339032780254
0.0033500337221495542,Shame,Joy,0.18865553229059065
0.0033500337221495542,Shame,Pride,0.2554155389413733
0.0033500337221495542,Shame,Sadness,0.034362512277429695
0.0033500337221495542,Shame,Shame,0.2839031418258692
0.003085797351005908,Boredom,Boredom,0.4543656556990832
0.003085797351005908,Boredom,Fear,0.03276325109350182
0.003085797351005908,Boredom,Happiness,0.20674837921548442
0.003085797351005908,Boredom,Joy,0.1482202296587602
0.003085797351005908,Boredom,Pride,0.07270313009881264
0.003085797351005908,Boredom,Sadness,0.006029633022941302
0.003085797351005908,Boredom,Shame,0.0791697212114165
0.003085797351005908,Fear,Boredom,0.0037576426246703127
0.003085797351005908,Fear,Fear,0.7835803712994042
0.003085797351005908,Fear,Happiness,0.0075321840058088785
0.003085797351005908,Fear,Joy,0.02568083555916311
0.003085797351005908,Fear,Pride,0.010947276746872372
0.003085797351005908,Fear,Sadness,0.10231059987484649
0.003085797351005908,Fear,Shame,0.06619108988923492
0.003085797351005908,Happiness,Boredom,0.5139543409602807
0.003085797351005908,Happiness,Fear,0.0036262775668475995
0.003085797351005908,Happiness,Happiness,0.36956483098127546
0.003085797351005908,Happiness,Joy,0.016906472739278148
0.003085797351005908,Happiness,Pride,0.05840582035746065
0.003085797351005908,Happiness,Sadness,0.005090462651664727
0.003085797351005908,Happiness,Shame,0.03245179474319264
0.003085797351005908,Joy,Boredom,0.012556269129813929
0.003085797351005908,Joy,Fear,0.08237501655546031
0.003085797351005908,Joy,Happiness,0.09398861219644246
0.003085797351005908,Joy,Joy,0.3355527564135341
0.003085797351005908,Joy,Pride,0.25690486891705766
0.003085797351005908,Joy,Sadness,0.0506066424905167
0.003085797351005908,Joy,Shame,0.16801583429717468
0.003085797351005908,Pride,Boredom,0.06537835549637959
0.003085797351005908,Pride,Fear,0.020217040900685893
0.003085797351005908,Pride,Happiness,0.33852443919128405
0.003085797351005908,Pride,Joy,0.09866528894334554
0.003085797351005908,Pride,Pride,0.2522440313770382
0.003085797351005908,Pride,Sadness,0.05223859174753173
0.003085797351005908,Pride,Shame,0.17273225234373468
0.003085797351005908,Sadness,Boredom,0.05437192396616099
0.003085797351005908,Sadness,Fear,0.6882804211861208
0.003085797351005908,Sadness,Happiness,0.038553911601512864
0.003085797351005908,Sadness,Joy,0.044807835513798445
0.003085797351005908,Sadness,Pride,0.03729407749042707
0.003085797351005908,Sadness,Sadness,0.0403694759253195
0.003085797351005908,Sadness,Shame,0.09632235431666103
0.003085797351005908,Shame,Boredom,0.04326039199916425
0.003085797351005908,Shame,Fear,0.026217050809193003
0.003085797351005908,Shame,Happiness,0.24761989642307736
0.003085797351005908,Shame,Joy,0.1720788188943841
0.003085797351005908,Shame,Pride,0.24764763664138167
0.003085797351005908,Shame,Sadness,0.03710099592311833
0.003085797351005908,Shame,Shame,0.22607520930968134
0.003195400736379455,Boredom,Boredom,0.4513898332185964
0.003195400736379455,Boredom,Fear,0.032304425585230966
0.003195400736379455,Boredom,Happiness,0.17453865231717458
0.003195400736379455,Boredom,Joy,0.1630154955837041
0.003195400736379455,Boredom,Pride,0.07756414637748855
0.003195400736379455,Boredom,Sadness,0.005809978679850042
0.003195400736379455,Boredom,Shame,0.09537746823795516
0.003195400736379455,Fear,Boredom,0.003423813362088105
0.003195400736379455,Fear,Fear,0.7983307288724246
0.003195400736379455,Fear,Happiness,0.005127236172580528
0.003195400736379455,Fear,Joy,0.023507200229585513
0.003195400736379455,Fear,Pride,0.010947561061139354
0.003195400736379455,Fear,Sadness,0.08892465095561031
0.003195400736379455,Fear,Shame,0.06973880934657137
0.003195400736379455,Happiness,Boredom,0.4922517730782838
0.003195400736379455,Happiness,Fear,0.0030774977148151634
0.003195400736379455,Happiness,Happiness,0.39218347611747595
0.003195400736379455,Happiness,Joy,0.015985102236266226
0.003195400736379455,Happiness,Pride,0.060160041305558534
0.003195400736379455,Happiness,Sadness,0.004493455743918206
0.003195400736379455,Happiness,Shame,0.03184865380368222
0.003195400736379455,Joy,Boredom,0.009537315304950781
0.003195400736379455,Joy,Fear,0.0792798605348313
0.003195400736379455,Joy,Happiness,0.06937061273589762
0.003195400736379455,Joy,Joy,0.336150140221637
0.003195400736379455,Joy,Pride,0.26093546638375564
0.003195400736379455,Joy,Sadness,0.04723582337545506
0.003195400736379455,Joy,Shame,0.19749078144347224
0.003195400736379455,Pride,Boredom,0.05674473041307435
0.003195400736379455,Pride,Fear,0.014713942324996832
0.003195400736379455,Pride,Happiness,0.3390332643871087
0.003195400736379455,Pride,Joy,0.08812154831723376
0.003195400736379455,Pride,Pride,0.25695860828247763
0.003195400736379455,Pride,Sadness,0.0486721976815161
0.003195400736379455,Pride,Shame,0.19575570859359268
0.003195400736379455,Sadness,Boredom,0.04512027831762373
0.003195400736379455,Sadness,Fear,0.6896222765871877
0.003195400736379455,Sadness,Happiness,0.03341707509310104
0.003195400736379455,Sadness,Joy,0.04452534361300564
0.003195400736379455,Sadness,Pride,0.03856828969276527
0.003195400736379455,Sadness,Sadness,0.038462609967043815
0.003195400736379455,Sadness,Shame,0.1102841267292729
0.003195400736379455,Shame,Boredom,0.03755491139377902
0.003195400736379455,Shame,Fear,0.01956026684617134
0.003195400736379455,Shame,Happiness,0.22004989161050584
0.003195400736379455,Shame,Joy,0.1698531796263529
0.003195400736379455,Shame,Pride,0.2516563086885177
0.003195400736379455,Shame,Sadness,0.032203379902699246
0.003195400736379455,Shame,Shame,0.26912206193197385
0.003325071614487863,Boredom,Boredom,0.4132610709779068
0.003325071614487863,Boredom,Fear,0.03602408057893176
0.003325071614487863,Boredom,Happiness,0.14474276985218712
0.003325071614487863,Boredom,Joy,0.17954233150340512
0.003325071614487863,Boredom,Pride,0.09563385066749708
0.003325071614487863,Boredom,Sadness,0.012469777559690547
0.003325071614487863,Boredom,Shame,0.11832611886038114
0.003325071614487863,Fear,Boredom,0.0066996015835207355
0.003325071614487863,Fear,Fear,0.5515248267833176
0.003325071614487863,Fear,Happiness,0.01233324756318235
0.003325071614487863,Fear,Joy,0.053379359797011625
0.003325071614487863,Fear,Pride,0.02913274492459248
0.003325071614487863,Fear,Sadness,0.19422130992583136
0.003325071614487863,Fear,Shame,0.15270890942254398
0.003325071614487863,Happiness,Boredom,0.4403683200296683
0.003325071614487863,Happiness,Fear,0.007160997241693732
0.003325071614487863,Happiness,Happiness,0.3656307017782391
0.003325071614487863,Happiness,Joy,0.02815153041712907
0.003325071614487863,Happiness,Pride,0.08204552718408079
0.003325071614487863,Happiness,Sadness,0.0102779370088442
0.003325071614487863,Happiness,Shame,0.06636498634034489
0.003325071614487863,Joy,Boredom,0.009158452272876736
0.003325071614487863,Joy,Fear,0.06306964556642544
0.003325071614487863,Joy,Happiness,0.060818262842800064
0.003325071614487863,Joy,Joy,0.30737251476804006
0.003325071614487863,Joy,Pride,0.2685633966694344
0.003325071614487863,Joy,Sadness,0.053239897279742245
0.003325071614487863,Joy,Shame,0.23777783060068097
0.003325071614487863,Pride,Boredom,0.048618607088641186
0.003325071614487863,Pride,Fear,0.016348044180113767
0.003325071614487863,Pride,Happiness,0.2808766375205798
0.003325071614487863,Pride,Joy,0.09031811150605269
0.003325071614487863,Pride,Pride,0.26892152445257084
0.003325071614487863,Pride,Sadness,0.049772042487574816
0.003325071614487863,Pride,Shame,0.24514503276446645
0.003325071614487863,Sadness,Boredom,0.051053049798564606
0.003325071614487863,Sadness,Fear,0.4865516343619106
0.003325071614487863,Sadness,Happiness,0.04654289460434552
0.003325071614487863,Sadness,Joy,0.0784353056006438
0.003325071614487863,Sadness,Pride,0.07355194888859307
0.003325071614487863,Sadness,Sadness,0.07050662164739974
0.003325071614487863,Sadness,Shame,0.19335854509854267
0.003325071614487863,Shame,Boredom,0.03357844779860542
0.003325071614487863,Shame,Fear,0.01896716010531446
0.003325071614487863,Shame,Happiness,0.18514049443778308
0.003325071614487863,Shame,Joy,0.1937531909737717
0.003325071614487863,Shame,Pride,0.254469956988583
0.003325071614487863,Shame,Sadness,0.03503363803267332
0.003325071614487863,Shame,Shame,0.27905711166326963
0.0031174664353007613,Boredom,Boredom,0.43149775548909564
0.0031174664353007613,Boredom,Fear,0.032774979026391884
0.0031174664353007613,Boredom,Happiness,0.19145921901116925
0.0031174664353007613,Boredom,Joy,0.15755423870305751
0.0031174664353007613,Boredom,Pride,0.08056621310226861
0.0031174664353007613,Boredom,Sadness,0.008658899217522088
0.0031174664353007613,Boredom,Shame,0.09748869545049497
0.0031174664353007613,Fear,Boredom,0.0057006866593093015
0.0031174664353007613,Fear,Fear,0.6325826235573523
0.0031174664353007613,Fear,Happiness,0.012617790843079643
0.0031174664353007613,Fear,Joy,0.044466574860316306
0.0031174664353007613,Fear,Pride,0.02149010121761975
0.0031174664353007613,Fear,Sadness,0.17121088832417006
0.0031174664353007613,Fear,Shame,0.11193133453815285
0.0031174664353007613,Happiness,Boredom,0.4805068526312809
0.0031174664353007613,Happiness,Fear,0.005552507387865436
0.0031174664353007613,Happiness,Happiness,0.3623425126705493
0.0031174664353007613,Happiness,Joy,0.02440705346610198
0.0031174664353007613,Happiness,Pride,0.0698162760664191
0.0031174664353007613,Happiness,Sadness,0.007707593528661747
0.0031174664353007613,Happiness,Shame,0.04966720424912185
0.0031174664353007613,Joy,Boredom,0.011732644122917458
0.0031174664353007613,Joy,Fear,0.05918169661944426
0.0031174664353007613,Joy,Happiness,0.09360427220677643
0.0031174664353007613,Joy,Joy,0.3234187208605539
0.0031174664353007613,Joy,Pride,0.26213348726683805
0.0031174664353007613,Joy,Sadness,0.053529813376537214
0.0031174664353007613,Joy,Shame,0.1963993655469327
0.0031174664353007613,Pride,Boredom,0.056237704073700975
0.0031174664353007613,Pride,Fear,0.01891351493090657
0.0031174664353007613,Pride,Happiness,0.3060760185449144
0.0031174664353007613,Pride,Joy,0.10707788551265178
0.0031174664353007613,Pride,Pride,0.25933081165888
0.0031174664353007613,Pride,Sadness,0.0504251235066906
0.0031174664353007613,Pride,Shame,0.20193894177225558
0.0031174664353007613,Sadness,Boredom,0.052723008675644216
0.0031174664353007613,Sadness,Fear,0.5649021834442441
0.0031174664353007613,Sadness,Happiness,0.052503185696982375
0.0031174664353007613,Sadness,Joy,0.06698859629515996
0.0031174664353007613,Sadness,Pride,0.057765479775882436
0.0031174664353007613,Sadness,Sadness,0.05976577451202717
0.0031174664353007613,Sadness,Shame,0.14535177160005955
0.0031174664353007613,Shame,Boredom,0.04047301538196173
0.0031174664353007613,Shame,Fear,0.023128639133063577
0.0031174664353007613,Shame,Happiness,0.21925801836168607
0.0031174664353007613,Shame,Joy,0.19043770300754867
0.0031174664353007613,Shame,Pride,0.24917448429907038
0.0031174664353007613,Shame,Sadness,0.03553675294738247
0.0031174664353007613,Shame,Shame,0.2419913868692866
0.003184202958795457,Boredom,Boredom,0.41830804605850663
0.003184202958795457,Boredom,Fear,0.03344858055480795
0.003184202958795457,Boredom,Happiness,0.16603045529594312
0.003184202958795457,Boredom,Joy,0.16660747383193344
0.003184202958795457,Boredom,Pride,0.08679059615628856
0.003184202958795457,Boredom,Sadness,0.009321177245009657
0.003184202958795457,Boredom,Shame,0.11949367085751064
0.003184202958795457,Fear,Boredom,0.0056407077794885675
0.003184202958795457,Fear,Fear,0.6265551370721882
0.003184202958795457,Fear,Happiness,0.010926413999530612
0.003184202958795457,Fear,Joy,0.04456572988869842
0.003184202958795457,Fear,Pride,0.02209394035433366
0.003184202958795457,Fear,Sadness,0.16520844416331137
0.003184202958795457,Fear,Shame,0.12500962674244928
0.003184202958795457,Happiness,Boredom,0.45865645104839686
0.003184202958795457,Happiness,Fear,0.005681800228989303
0.003184202958795457,Happiness,Happiness,0.3731153217537121
0.003184202958795457,Happiness,Joy,0.02480585255605093
0.003184202958795457,Happiness,Pride,0.07459181661307672
0.003184202958795457,Happiness,Sadness,0.00821418434987043
0.003184202958795457,Happiness,Shame,0.05493457344990395
0.003184202958795457,Joy,Boredom,0.009804473279004711
0.003184202958795457,Joy,Fear,0.06244308628323
0.003184202958795457,Joy,Happiness,0.06956072999830634
0.003184202958795457,Joy,Joy,0.319763925292025
0.003184202958795457,Joy,Pride,0.26720172447162943
0.003184202958795457,Joy,Sadness,0.05191428474460807
0.003184202958795457,Joy,Shame,0.21931177593119663
0.003184202958795457,Pride,Boredom,0.0511081319579196
0.003184202958795457,Pride,Fear,0.015827688254269837
0.003184202958795457,Pride,Happiness,0.2974039760113661
0.003184202958795457,Pride,Joy,0.10033211257996887
0.003184202958795457,Pride,Pride,0.2630108922289083
0.003184202958795457,Pride,Sadness,0.04932894571277467
0.003184202958795457,Pride,Shame,0.2229882532547931
0.003184202958795457,Sadness,Boredom,0.05160098318329143
0.003184202958795457,Sadness,Fear,0.5480791499474754
0.003184202958795457,Sadness,Happiness,0.04371968442464362
0.003184202958795457,Sadness,Joy,0.06817904097851832
0.003184202958795457,Sadness,Pride,0.062122926846709926
0.003184202958795457,Sadness,Sadness,0.06261298155749351
0.003184202958795457,Sadness,Shame,0.16368523306186777
0.003184202958795457,Shame,Boredom,0.03558486779170256
0.003184202958795457,Shame,Fear,0.01943018117600726
0.003184202958795457,Shame,Happiness,0.1969903466352144
0.003184202958795457,Shame,Joy,0.19455762497433637
0.003184202958795457,Shame,Pride,0.252211452679001
0.003184202958795457,Shame,Sadness,0.034538617776898324
0.003184202958795457,Shame,Shame,0.2666869089668405
0.0032156219889539336,Boredom,Boredom,0.3871653181452771
0.0032156219889539336,Boredom,Fear,0.035758422216079
0.0032156219889539336,Boredom,Happiness,0.16210664388138504
0.0032156219889539336,Boredom,Joy,0.16876447994043584
0.0032156219889539336,Boredom,Pride,0.09052220724101756
0.0032156219889539336,Boredom,Sadness,0.012659878760753657
0.0032156219889539336,Boredom,Shame,0.14302304981505193
0.0032156219889539336,Fear,Boredom,0.008362222805832873
0.0032156219889539336,Fear,Fear,0.5071356111658784
0.0032156219889539336,Fear,Happiness,0.0171494182972327
0.0032156219889539336,Fear,Joy,0.06054030227628376
0.0032156219889539336,Fear,Pride,0.030928442596965443
0.0032156219889539336,Fear,Sadness,0.2107629142612809
0.0032156219889539336,Fear,Shame,0.16512108859652594
0.0032156219889539336,Happiness,Boredom,0.44342668853368933
0.0032156219889539336,Happiness,Fear,0.008487459334877904
0.0032156219889539336,Happiness,Happiness,0.34729463809747063
0.0032156219889539336,Happiness,Joy,0.03499690324999805
0.0032156219889539336,Happiness,Pride,0.08271996073875937
0.0032156219889539336,Happiness,Sadness,0.011855448817950679
0.0032156219889539336,Happiness,Shame,0.0712189012272539
0.0032156219889539336,Joy,Boredom,0.009789494264957205
0.0032156219889539336,Joy,Fear,0.07002716132652188
0.0032156219889539336,Joy,Happiness,0.07202008926040496
0.0032156219889539336,Joy,Joy,0.30707100947000715
0.0032156219889539336,Joy,Pride,0.2630010192936566
0.0032156219889539336,Joy,Sadness,0.054477637271518234
0.0032156219889539336,Joy,Shame,0.2236135891129337
0.0032156219889539336,Pride,Boredom,0.05325092566718609
0.0032156219889539336,Pride,Fear,0.01767283412677957
0.0032156219889539336,Pride,Happiness,0.2686369213923171
0.0032156219889539336,Pride,Joy,0.11928521822005742
0.0032156219889539336,Pride,Pride,0.26028427439951
0.0032156219889539336,Pride,Sadness,0.05041719114924701
0.0032156219889539336,Pride,Shame,0.2304526350449034
0.0032156219889539336,Sadness,Boredom,0.06663768306305014
0.0032156219889539336,Sadness,Fear,0.4503954665540244
0.0032156219889539336,Sadness,Happiness,0.05294477530527051
0.0032156219889539336,Sadness,Joy,0.08588882619366034
0.0032156219889539336,Sadness,Pride,0.07394551475368522
0.0032156219889539336,Sadness,Sadness,0.07364992257252946
0.0032156219889539336,Sadness,Shame,0.1965378115577801
0.0032156219889539336,Shame,Boredom,0.03631519712743439
0.0032156219889539336,Shame,Fear,0.02135785834597631
0.0032156219889539336,Shame,Happiness,0.18192714837404184
0.0032156219889539336,Shame,Joy,0.21514615490754171
0.0032156219889539336,Shame,Pride,0.25189236147571087
0.0032156219889539336,Shame,Sadness,0.037544733807619565
0.0032156219889539336,Shame,Shame,0.2558165459616756
0.003209020105018373,Boredom,Boredom,0.37276860929072464
0.003209020105018373,Boredom,Fear,0.034369428419695564
0.003209020105018373,Boredom,Happiness,0.12640957169346023
0.003209020105018373,Boredom,Joy,0.16793013337902515
0.003209020105018373,Boredom,Pride,0.10008492311899285
0.003209020105018373,Boredom,Sadness,0.01159527364004974
0.003209020105018373,Boredom,Shame,0.18684206045805238
0.003209020105018373,Fear,Boredom,0.006938704155932347
0.003209020105018373,Fear,Fear,0.5400786451103405
0.003209020105018373,Fear,Happiness,0.010709128696224823
0.003209020105018373,Fear,Joy,0.05286897855187463
0.003209020105018373,Fear,Pride,0.03113954603908321
0.003209020105018373,Fear,Sadness,0.18002989495071786
0.003209020105018373,Fear,Shame,0.17823510249582597
0.003209020105018373,Happiness,Boredom,0.3999069764592479
0.003209020105018373,Happiness,Fear,0.007178446202975219
0.003209020105018373,Happiness,Happiness,0.38757584574679166
0.003209020105018373,Happiness,Joy,0.030862138440566247
0.003209020105018373,Happiness,Pride,0.09020302016877534
0.003209020105018373,Happiness,Sadness,0.01049016164553288
0.003209020105018373,Happiness,Shame,0.07378341133611059
0.003209020105018373,Joy,Boredom,0.006829687042659815
0.003209020105018373,Joy,Fear,0.05549648293282325
0.003209020105018373,Joy,Happiness,0.050713953708834116
0.003209020105018373,Joy,Joy,0.2810354516359452
0.003209020105018373,Joy,Pride,0.2774146099218966
0.003209020105018373,Joy,Sadness,0.047125526944401114
0.003209020105018373,Joy,Shame,0.2813842878134396
0.003209020105018373,Pride,Boredom,0.03968337728726042
0.003209020105018373,Pride,Fear,0.010302861934610167
0.003209020105018373,Pride,Happiness,0.25655040098953685
0.003209020105018373,Pride,Joy,0.09693858140262591
0.003209020105018373,Pride,Pride,0.2726049801862446
0.003209020105018373,Pride,Sadness,0.04333856243574885
0.003209020105018373,Pride,Shame,0.280581235763973
0.003209020105018373,Sadness,Boredom,0.05274133069245793
0.003209020105018373,Sadness,Fear,0.4526169150767228
0.003209020105018373,Sadness,Happiness,0.04097248693263669
0.003209020105018373,Sadness,Joy,0.07899012545919988
0.003209020105018373,Sadness,Pride,0.07665000006699588
0.003209020105018373,Sadness,Sadness,0.06833588842672196
0.003209020105018373,Sadness,Shame,0.22969325334526433
0.003209020105018373,Shame,Boredom,0.02679454389873876
0.003209020105018373,Shame,Fear,0.012792359002461194
0.003209020105018373,Shame,Happiness,0.1376291865731931
0.003209020105018373,Shame,Joy,0.1973500816889632
0.003209020105018373,Shame,Pride,0.2653643457588528
0.003209020105018373,Shame,Sadness,0.02983448083902549
0.003209020105018373,Shame,Shame,0.33023500223876556
