C,Story,Emotion,Val
0.0033082791062058747,Boredom,Boredom,0.4835489405669833
0.0033082791062058747,Boredom,Fear,0.00974335991589053
0.0033082791062058747,Boredom,Happiness,0.32116355364221083
0.0033082791062058747,Boredom,Joy,0.022349807662271865
0.0033082791062058747,Boredom,Pride,0.07526686916936033
0.0033082791062058747,Boredom,Sadness,0.02154930126481602
0.0033082791062058747,Boredom,Shame,0.06637816777846682
0.0033082791062058747,Fear,Boredom,0.003953710126476073
0.0033082791062058747,Fear,Fear,0.45603327587016607
0.0033082791062058747,Fear,Happiness,0.013245563961690592
0.0033082791062058747,Fear,Joy,0.04027463265277323
0.0033082791062058747,Fear,Pride,0.02623912863720449
0.0033082791062058747,Fear,Sadness,0.29448330870767003
0.0033082791062058747,Fear,Shame,0.1657703800440199
0.0033082791062058747,Happiness,Boredom,0.4399207219491544
0.0033082791062058747,Happiness,Fear,0.010360213098840665
0.0033082791062058747,Happiness,Happiness,0.3245315324826045
0.0033082791062058747,Happiness,Joy,0.03765552927869493
0.0033082791062058747,Happiness,Pride,0.08819682759124592
0.0033082791062058747,Happiness,Sadness,0.01789245620460268
0.0033082791062058747,Happiness,Shame,0.08144271939485645
0.0033082791062058747,Joy,Boredom,0.00934990131302041
0.0033082791062058747,Joy,Fear,0.039516898096879964
0.0033082791062058747,Joy,Happiness,0.0881381037070952
0.0033082791062058747,Joy,Joy,0.33218999466472215
0.0033082791062058747,Joy,Pride,0.27760857029985236
0.0033082791062058747,Joy,Sadness,0.02215914612712563
0.0033082791062058747,Joy,Shame,0.23103738579130456
0.0033082791062058747,Pride,Boredom,0.013427926419313944
0.0033082791062058747,Pride,Fear,0.021409405259851664
0.0033082791062058747,Pride,Happiness,0.14217142641234792
0.0033082791062058747,Pride,Joy,0.3021246242165164
0.0033082791062058747,Pride,Pride,0.2660265919902637
0.0033082791062058747,Pride,Sadness,0.020624352169788834
0.0033082791062058747,Pride,Shame,0.234215673531917
0.0033082791062058747,Sadness,Boredom,0.01019413987860781
0.0033082791062058747,Sadness,Fear,0.23338384459577483
0.0033082791062058747,Sadness,Happiness,0.025306475126673198
0.0033082791062058747,Sadness,Joy,0.018133735949292885
0.0033082791062058747,Sadness,Pride,0.023659892955433758
0.0033082791062058747,Sadness,Sadness,0.5331360121733143
0.0033082791062058747,Sadness,Shame,0.1561858993209031
0.0033082791062058747,Shame,Boredom,0.007653795714769405
0.0033082791062058747,Shame,Fear,0.3818027395518093
0.0033082791062058747,Shame,Happiness,0.022576027985971213
0.0033082791062058747,Shame,Joy,0.07608129577046353
0.0033082791062058747,Shame,Pride,0.0638090699575987
0.0033082791062058747,Shame,Sadness,0.22429713958228625
0.0033082791062058747,Shame,Shame,0.22377993143710131
0.003129765344052682,Boredom,Boredom,0.48343897166284056
0.003129765344052682,Boredom,Fear,0.008501245205015254
0.003129765344052682,Boredom,Happiness,0.3245525747715308
0.003129765344052682,Boredom,Joy,0.021848098514916217
0.003129765344052682,Boredom,Pride,0.07328694772358169
0.003129765344052682,Boredom,Sadness,0.02103349782258445
0.003129765344052682,Boredom,Shame,0.06733866429953067
0.003129765344052682,Fear,Boredom,0.003877365032934654
0.003129765344052682,Fear,Fear,0.45099387978514693
0.003129765344052682,Fear,Happiness,0.011974732931945103
0.003129765344052682,Fear,Joy,0.0404802502196056
0.003129765344052682,Fear,Pride,0.026960269132436255
0.003129765344052682,Fear,Sadness,0.29038863498375106
0.003129765344052682,Fear,Shame,0.17532486791418042
0.003129765344052682,Happiness,Boredom,0.4280030782095499
0.003129765344052682,Happiness,Fear,0.009251000678457185
0.003129765344052682,Happiness,Happiness,0.3298348098122815
0.003129765344052682,Happiness,Joy,0.03919530754658051
0.003129765344052682,Happiness,Pride,0.09179631168413234
0.003129765344052682,Happiness,Sadness,0.0163392098422415
0.003129765344052682,Happiness,Shame,0.08558028222675694
0.003129765344052682,Joy,Boredom,0.0077172364711548015
0.003129765344052682,Joy,Fear,0.03560869231253693
0.003129765344052682,Joy,Happiness,0.08455275466712381
0.003129765344052682,Joy,Joy,0.3263976389521429
0.003129765344052682,Joy,Pride,0.2797038328675194
0.003129765344052682,Joy,Sadness,0.01765089141356003
0.003129765344052682,Joy,Shame,0.24836895331596226
0.003129765344052682,Pride,Boredom,0.011676209735871636
0.003129765344052682,Pride,Fear,0.017609908955745303
0.003129765344052682,Pride,Happiness,0.1396092994575399
0.003129765344052682,Pride,Joy,0.29105968957337164
0.003129765344052682,Pride,Pride,0.27008919329664305
0.003129765344052682,Pride,Sadness,0.016183891626357895
0.003129765344052682,Pride,Shame,0.25377180735447097
0.003129765344052682,Sadness,Boredom,0.009302729241611522
0.003129765344052682,Sadness,Fear,0.22719988211513234
0.003129765344052682,Sadness,Happiness,0.02278885430222221
0.003129765344052682,Sadness,Joy,0.016957054397677338
0.003129765344052682,Sadness,Pride,0.023243343018276543
0.003129765344052682,Sadness,Sadness,0.5390726236586898
0.003129765344052682,Sadness,Shame,0.16143551326639002
0.003129765344052682,Shame,Boredom,0.008059377338672492
0.003129765344052682,Shame,Fear,0.36618865611283896
0.003129765344052682,Shame,Happiness,0.022070352809288103
0.003129765344052682,Shame,Joy,0.07830206594050591
0.003129765344052682,Shame,Pride,0.06600421790800665
0.003129765344052682,Shame,Sadness,0.20758328383335925
0.003129765344052682,Shame,Shame,0.25179204605732836
0.0029099839592890233,Boredom,Boredom,0.5136364034863601
0.0029099839592890233,Boredom,Fear,0.00877745396358872
0.0029099839592890233,Boredom,Happiness,0.3152536617598674
0.0029099839592890233,Boredom,Joy,0.022807694445361168
0.0029099839592890233,Boredom,Pride,0.06635531537358363
0.0029099839592890233,Boredom,Sadness,0.01662965198467957
0.0029099839592890233,Boredom,Shame,0.05653981898655925
0.0029099839592890233,Fear,Boredom,0.004051364692380852
0.0029099839592890233,Fear,Fear,0.5152537943433982
0.0029099839592890233,Fear,Happiness,0.015562308018801417
0.0029099839592890233,Fear,Joy,0.03396885402454357
0.0029099839592890233,Fear,Pride,0.021482987554833244
0.0029099839592890233,Fear,Sadness,0.272085903194231
0.0029099839592890233,Fear,Shame,0.13759478817181203
0.0029099839592890233,Happiness,Boredom,0.4536069154615851
0.0029099839592890233,Happiness,Fear,0.009122479525501125
0.0029099839592890233,Happiness,Happiness,0.31419122185936993
0.0029099839592890233,Happiness,Joy,0.03988232495407856
0.0029099839592890233,Happiness,Pride,0.07643363324557623
0.0029099839592890233,Happiness,Sadness,0.0150509314127876
0.0029099839592890233,Happiness,Shame,0.09171249354110102
0.0029099839592890233,Joy,Boredom,0.012051352559152873
0.0029099839592890233,Joy,Fear,0.04126173836980354
0.0029099839592890233,Joy,Happiness,0.13813371487769013
0.0029099839592890233,Joy,Joy,0.3321051846754065
0.0029099839592890233,Joy,Pride,0.2644762659249336
0.0029099839592890233,Joy,Sadness,0.020567825692314433
0.0029099839592890233,Joy,Shame,0.19140391790069855
0.0029099839592890233,Pride,Boredom,0.019418465157572198
0.0029099839592890233,Pride,Fear,0.023301742050338154
0.0029099839592890233,Pride,Happiness,0.20778115557336257
0.0029099839592890233,Pride,Joy,0.2742515004802656
0.0029099839592890233,Pride,Pride,0.257724820569057
0.0029099839592890233,Pride,Sadness,0.02038360399798464
0.0029099839592890233,Pride,Shame,0.19713871217141923
0.0029099839592890233,Sadness,Boredom,0.015539337120582032
0.0029099839592890233,Sadness,Fear,0.3298045022479147
0.0029099839592890233,Sadness,Happiness,0.028275071396242506
0.0029099839592890233,Sadness,Joy,0.016273252254428373
0.0029099839592890233,Sadness,Pride,0.021020850421820593
0.0029099839592890233,Sadness,Sadness,0.45646979682442496
0.0029099839592890233,Sadness,Shame,0.13261718973458642
0.0029099839592890233,Shame,Boredom,0.007900394665363741
0.0029099839592890233,Shame,Fear,0.4424016470256132
0.0029099839592890233,Shame,Happiness,0.026765241662702773
0.0029099839592890233,Shame,Joy,0.06919271219492025
0.0029099839592890233,Shame,Pride,0.04726257431153632
0.0029099839592890233,Shame,Sadness,0.2201657433283395
0.0029099839592890233,Shame,Shame,0.1863116868115241
0.0031991188612645613,Boredom,Boredom,0.5265610112135539
0.0031991188612645613,Boredom,Fear,0.006940013862502572
0.0031991188612645613,Boredom,Happiness,0.32647988782352577
0.0031991188612645613,Boredom,Joy,0.016116033154521796
0.0031991188612645613,Boredom,Pride,0.062160889451594065
0.0031991188612645613,Boredom,Sadness,0.014593993785781008
0.0031991188612645613,Boredom,Shame,0.047148170708521064
0.0031991188612645613,Fear,Boredom,0.0026466317653539907
0.0031991188612645613,Fear,Fear,0.5676914601960907
0.0031991188612645613,Fear,Happiness,0.010280175643590678
0.0031991188612645613,Fear,Joy,0.030923994036601194
0.0031991188612645613,Fear,Pride,0.018587712374873118
0.0031991188612645613,Fear,Sadness,0.2482060036559626
0.0031991188612645613,Fear,Shame,0.12166402232752789
0.0031991188612645613,Happiness,Boredom,0.47240042593850234
0.0031991188612645613,Happiness,Fear,0.007776144529275754
0.0031991188612645613,Happiness,Happiness,0.33865394499060764
0.0031991188612645613,Happiness,Joy,0.029342740656681323
0.0031991188612645613,Happiness,Pride,0.07647812792651848
0.0031991188612645613,Happiness,Sadness,0.013131496859798135
0.0031991188612645613,Happiness,Shame,0.06221711909861606
0.0031991188612645613,Joy,Boredom,0.010068839520443176
0.0031991188612645613,Joy,Fear,0.039947216448047426
0.0031991188612645613,Joy,Happiness,0.10400450757437785
0.0031991188612645613,Joy,Joy,0.3563938821992367
0.0031991188612645613,Joy,Pride,0.2708855887323426
0.0031991188612645613,Joy,Sadness,0.020077954951356128
0.0031991188612645613,Joy,Shame,0.19862201057419623
0.0031991188612645613,Pride,Boredom,0.015830325241719987
0.0031991188612645613,Pride,Fear,0.021739971691965117
0.0031991188612645613,Pride,Happiness,0.18863686210070837
0.0031991188612645613,Pride,Joy,0.2941935959625431
0.0031991188612645613,Pride,Pride,0.2581420073440473
0.0031991188612645613,Pride,Sadness,0.018644756787660244
0.0031991188612645613,Pride,Shame,0.20281248087135575
0.0031991188612645613,Sadness,Boredom,0.010379986812581692
0.0031991188612645613,Sadness,Fear,0.3187179883680308
0.0031991188612645613,Sadness,Happiness,0.023015467292190908
0.0031991188612645613,Sadness,Joy,0.01282717141577224
0.0031991188612645613,Sadness,Pride,0.017536573723775657
0.0031991188612645613,Sadness,Sadness,0.5021576017838365
0.0031991188612645613,Sadness,Shame,0.11536521060381195
0.0031991188612645613,Shame,Boredom,0.00639562017307651
0.0031991188612645613,Shame,Fear,0.47429315618645407
0.0031991188612645613,Shame,Happiness,0.020797961148019004
0.0031991188612645613,Shame,Joy,0.06535625471334884
0.0031991188612645613,Shame,Pride,0.05601851507991229
0.0031991188612645613,Shame,Sadness,0.19198282720631185
0.0031991188612645613,Shame,Shame,0.18515566549287765
0.0032744847503415565,Boredom,Boredom,0.5198342615145649
0.0032744847503415565,Boredom,Fear,0.007656049173396432
0.0032744847503415565,Boredom,Happiness,0.32378425481948936
0.0032744847503415565,Boredom,Joy,0.01736817569105264
0.0032744847503415565,Boredom,Pride,0.06450793039753121
0.0032744847503415565,Boredom,Sadness,0.016565901990195392
0.0032744847503415565,Boredom,Shame,0.05028342641376998
0.0032744847503415565,Fear,Boredom,0.002661576354185845
0.0032744847503415565,Fear,Fear,0.5703176163014408
0.0032744847503415565,Fear,Happiness,0.010678290993890414
0.0032744847503415565,Fear,Joy,0.030394748953299154
0.0032744847503415565,Fear,Pride,0.01800604710128938
0.0032744847503415565,Fear,Sadness,0.25002406227198115
0.0032744847503415565,Fear,Shame,0.11791765802391295
0.0032744847503415565,Happiness,Boredom,0.471488495757572
0.0032744847503415565,Happiness,Fear,0.008223884363657676
0.0032744847503415565,Happiness,Happiness,0.3332814639119369
0.0032744847503415565,Happiness,Joy,0.030509081016916732
0.0032744847503415565,Happiness,Pride,0.07779316919167889
0.0032744847503415565,Happiness,Sadness,0.014020934970204924
0.0032744847503415565,Happiness,Shame,0.06468297078803344
0.0032744847503415565,Joy,Boredom,0.01048742383972517
0.0032744847503415565,Joy,Fear,0.040997519632496836
0.0032744847503415565,Joy,Happiness,0.10496584458647101
0.0032744847503415565,Joy,Joy,0.35239673588901643
0.0032744847503415565,Joy,Pride,0.2707422103965361
0.0032744847503415565,Joy,Sadness,0.020953925085583143
0.0032744847503415565,Joy,Shame,0.19945634057017123
0.0032744847503415565,Pride,Boredom,0.015776272221182566
0.0032744847503415565,Pride,Fear,0.022178069649062798
0.0032744847503415565,Pride,Happiness,0.18757941818043994
0.0032744847503415565,Pride,Joy,0.29461775733442475
0.0032744847503415565,Pride,Pride,0.2571939285253439
0.0032744847503415565,Pride,Sadness,0.01922977855716788
0.0032744847503415565,Pride,Shame,0.20342477553237817
0.0032744847503415565,Sadness,Boredom,0.010336141329217337
0.0032744847503415565,Sadness,Fear,0.31755190901231095
0.0032744847503415565,Sadness,Happiness,0.023110951831102594
0.0032744847503415565,Sadness,Joy,0.012876460685723913
0.0032744847503415565,Sadness,Pride,0.01726943634604006
0.0032744847503415565,Sadness,Sadness,0.5065559820136509
0.0032744847503415565,Sadness,Shame,0.11229911878195414
0.0032744847503415565,Shame,Boredom,0.0063799977678965746
0.0032744847503415565,Shame,Fear,0.47989768278408657
0.0032744847503415565,Shame,Happiness,0.021063421231996407
0.0032744847503415565,Shame,Joy,0.06420676775630758
0.0032744847503415565,Shame,Pride,0.050000585628425166
0.0032744847503415565,Shame,Sadness,0.19893755720733727
0.0032744847503415565,Shame,Shame,0.17951398762395018
0.0031274761777438653,Boredom,Boredom,0.48134387179592225
0.0031274761777438653,Boredom,Fear,0.009187460628625724
0.0031274761777438653,Boredom,Happiness,0.3216635563082959
0.0031274761777438653,Boredom,Joy,0.023021001646309477
0.0031274761777438653,Boredom,Pride,0.07443570909974259
0.0031274761777438653,Boredom,Sadness,0.02198789406456183
0.0031274761777438653,Boredom,Shame,0.06836050645654221
0.0031274761777438653,Fear,Boredom,0.004022145855935134
0.0031274761777438653,Fear,Fear,0.444473584840771
0.0031274761777438653,Fear,Happiness,0.013359565269797716
0.0031274761777438653,Fear,Joy,0.04087632843287206
0.0031274761777438653,Fear,Pride,0.027218464396553073
0.0031274761777438653,Fear,Sadness,0.29419793035109093
0.0031274761777438653,Fear,Shame,0.17585198085297998
0.0031274761777438653,Happiness,Boredom,0.429690169522799
0.0031274761777438653,Happiness,Fear,0.00979194819692452
0.0031274761777438653,Happiness,Happiness,0.32471058098779315
0.0031274761777438653,Happiness,Joy,0.04066047737003918
0.0031274761777438653,Happiness,Pride,0.08906021168060879
0.0031274761777438653,Happiness,Sadness,0.017529844242687696
0.0031274761777438653,Happiness,Shame,0.08855676799914751
0.0031274761777438653,Joy,Boredom,0.00840107496463578
0.0031274761777438653,Joy,Fear,0.036914412205348406
0.0031274761777438653,Joy,Happiness,0.08904385508077918
0.0031274761777438653,Joy,Joy,0.32756488477256346
0.0031274761777438653,Joy,Pride,0.2790903380022878
0.0031274761777438653,Joy,Sadness,0.020313514205074257
0.0031274761777438653,Joy,Shame,0.23867192076931087
0.0031274761777438653,Pride,Boredom,0.012523008275192824
0.0031274761777438653,Pride,Fear,0.01919001045412138
0.0031274761777438653,Pride,Happiness,0.14412622704035583
0.0031274761777438653,Pride,Joy,0.2918804762732087
0.0031274761777438653,Pride,Pride,0.2693585356467307
0.0031274761777438653,Pride,Sadness,0.018844341643461566
0.0031274761777438653,Pride,Shame,0.24407740066692915
0.0031274761777438653,Sadness,Boredom,0.010265380813341832
0.0031274761777438653,Sadness,Fear,0.23306060988017147
0.0031274761777438653,Sadness,Happiness,0.025404349143374385
0.0031274761777438653,Sadness,Joy,0.018344957278734687
0.0031274761777438653,Sadness,Pride,0.02490132468865673
0.0031274761777438653,Sadness,Sadness,0.5190557656301753
0.0031274761777438653,Sadness,Shame,0.16896761256554496
0.0031274761777438653,Shame,Boredom,0.007869671823375541
0.0031274761777438653,Shame,Fear,0.3654254358759792
0.0031274761777438653,Shame,Happiness,0.02315633127014431
0.0031274761777438653,Shame,Joy,0.07772103535138399
0.0031274761777438653,Shame,Pride,0.06439536444561575
0.0031274761777438653,Shame,Sadness,0.21952430290879485
0.0031274761777438653,Shame,Shame,0.24190785832470665
0.003158441169807269,Boredom,Boredom,0.5113869618510548
0.003158441169807269,Boredom,Fear,0.00879018395598456
0.003158441169807269,Boredom,Happiness,0.32079666257686934
0.003158441169807269,Boredom,Joy,0.020578253571359284
0.003158441169807269,Boredom,Pride,0.0671055809911216
0.003158441169807269,Boredom,Sadness,0.018319423936763606
0.003158441169807269,Boredom,Shame,0.053022933116847006
0.003158441169807269,Fear,Boredom,0.003324018476818337
0.003158441169807269,Fear,Fear,0.536524512186439
0.003158441169807269,Fear,Happiness,0.013738265035371375
0.003158441169807269,Fear,Joy,0.033928239843296674
0.003158441169807269,Fear,Pride,0.020274473420012967
0.003158441169807269,Fear,Sadness,0.26308695521548875
0.003158441169807269,Fear,Shame,0.12912353582257285
0.003158441169807269,Happiness,Boredom,0.4690908559671838
0.003158441169807269,Happiness,Fear,0.009359571064810848
0.003158441169807269,Happiness,Happiness,0.3260561356847725
0.003158441169807269,Happiness,Joy,0.035690225965790204
0.003158441169807269,Happiness,Pride,0.07781209089024768
0.003158441169807269,Happiness,Sadness,0.015089551842599332
0.003158441169807269,Happiness,Shame,0.06690156858459527
0.003158441169807269,Joy,Boredom,0.011344519486939857
0.003158441169807269,Joy,Fear,0.04200864532815071
0.003158441169807269,Joy,Happiness,0.12261220667718381
0.003158441169807269,Joy,Joy,0.3411318761767914
0.003158441169807269,Joy,Pride,0.2675426234691144
0.003158441169807269,Joy,Sadness,0.021563038396270818
0.003158441169807269,Joy,Shame,0.19379709046554897
0.003158441169807269,Pride,Boredom,0.017013456448325887
0.003158441169807269,Pride,Fear,0.023807064804309948
0.003158441169807269,Pride,Happiness,0.19946218979032035
0.003158441169807269,Pride,Joy,0.28422736655200315
0.003158441169807269,Pride,Pride,0.2574360032643302
0.003158441169807269,Pride,Sadness,0.020506890507816296
0.003158441169807269,Pride,Shame,0.1975470286328947
0.003158441169807269,Sadness,Boredom,0.010981095028403495
0.003158441169807269,Sadness,Fear,0.3237978790427361
0.003158441169807269,Sadness,Happiness,0.025610506327205275
0.003158441169807269,Sadness,Joy,0.014680586795064749
0.003158441169807269,Sadness,Pride,0.01897167311075382
0.003158441169807269,Sadness,Sadness,0.48472386641356363
0.003158441169807269,Sadness,Shame,0.12123439328227259
0.003158441169807269,Shame,Boredom,0.006962090424379986
0.003158441169807269,Shame,Fear,0.46305516176536565
0.003158441169807269,Shame,Happiness,0.024144956398267848
0.003158441169807269,Shame,Joy,0.06753560403542985
0.003158441169807269,Shame,Pride,0.045229444500675856
0.003158441169807269,Shame,Sadness,0.21327880131621202
0.003158441169807269,Shame,Shame,0.17979394155966893
0.0031015150100591788,Boredom,Boredom,0.5107408361689721
0.0031015150100591788,Boredom,Fear,0.008849090842204215
0.0031015150100591788,Boredom,Happiness,0.31950879994409365
0.0031015150100591788,Boredom,Joy,0.02156808457480827
0.0031015150100591788,Boredom,Pride,0.06745241285648003
0.0031015150100591788,Boredom,Sadness,0.018190064161860857
0.0031015150100591788,Boredom,Shame,0.053690711451580796
0.0031015150100591788,Fear,Boredom,0.003362756789659175
0.0031015150100591788,Fear,Fear,0.5308446210108794
0.0031015150100591788,Fear,Happiness,0.014163761807601075
0.0031015150100591788,Fear,Joy,0.03409145716209957
0.0031015150100591788,Fear,Pride,0.020462213408230814
0.0031015150100591788,Fear,Sadness,0.2667464782870035
0.0031015150100591788,Fear,Shame,0.13032871153452613
0.0031015150100591788,Happiness,Boredom,0.46664299353994576
0.0031015150100591788,Happiness,Fear,0.00930751692365719
0.0031015150100591788,Happiness,Happiness,0.32304981896106366
0.0031015150100591788,Happiness,Joy,0.0373915984293844
0.0031015150100591788,Happiness,Pride,0.07748053224412164
0.0031015150100591788,Happiness,Sadness,0.015091023866608586
0.0031015150100591788,Happiness,Shame,0.07103651603521888
0.0031015150100591788,Joy,Boredom,0.011364656799994124
0.0031015150100591788,Joy,Fear,0.04190894453000183
0.0031015150100591788,Joy,Happiness,0.1276669645567612
0.0031015150100591788,Joy,Joy,0.337210771039298
0.0031015150100591788,Joy,Pride,0.26630561121756574
0.0031015150100591788,Joy,Sadness,0.021078288980312027
0.0031015150100591788,Joy,Shame,0.19446476287606687
0.0031015150100591788,Pride,Boredom,0.017090324160910855
0.0031015150100591788,Pride,Fear,0.023684230242811688
0.0031015150100591788,Pride,Happiness,0.20190487762940854
0.0031015150100591788,Pride,Joy,0.2807096568257008
0.0031015150100591788,Pride,Pride,0.257296996446915
0.0031015150100591788,Pride,Sadness,0.02032324708174061
0.0031015150100591788,Pride,Shame,0.19899066761251238
0.0031015150100591788,Sadness,Boredom,0.0113205956963112
0.0031015150100591788,Sadness,Fear,0.32649621485757924
0.0031015150100591788,Sadness,Happiness,0.026040797707459918
0.0031015150100591788,Sadness,Joy,0.014991802855675461
0.0031015150100591788,Sadness,Pride,0.019223132904063273
0.0031015150100591788,Sadness,Sadness,0.4794690422906858
0.0031015150100591788,Sadness,Shame,0.12245841368822502
0.0031015150100591788,Shame,Boredom,0.007059194281312189
0.0031015150100591788,Shame,Fear,0.4572796458301365
0.0031015150100591788,Shame,Happiness,0.025021570845194782
0.0031015150100591788,Shame,Joy,0.06830985934114416
0.0031015150100591788,Shame,Pride,0.04633026540783833
0.0031015150100591788,Shame,Sadness,0.21449910626281402
0.0031015150100591788,Shame,Shame,0.18150035803155992
0.0032660651925447526,Boredom,Boredom,0.5326638160477654
0.0032660651925447526,Boredom,Fear,0.005949017267734947
0.0032660651925447526,Boredom,Happiness,0.33123478602895484
0.0032660651925447526,Boredom,Joy,0.013891788860558363
0.0032660651925447526,Boredom,Pride,0.05935381589205127
0.0032660651925447526,Boredom,Sadness,0.013251835255576366
0.0032660651925447526,Boredom,Shame,0.04365494064735878
0.0032660651925447526,Fear,Boredom,0.0021058190845201917
0.0032660651925447526,Fear,Fear,0.5966273715917728
0.0032660651925447526,Fear,Happiness,0.007436801016977388
0.0032660651925447526,Fear,Joy,0.027775901085265214
0.0032660651925447526,Fear,Pride,0.016480390612090844
0.0032660651925447526,Fear,Sadness,0.2392764533322453
0.0032660651925447526,Fear,Shame,0.11029726327712895
0.0032660651925447526,Happiness,Boredom,0.4736633405625428
0.0032660651925447526,Happiness,Fear,0.006740388782573006
0.0032660651925447526,Happiness,Happiness,0.3468109885982152
0.0032660651925447526,Happiness,Joy,0.025180204575184884
0.0032660651925447526,Happiness,Pride,0.07667729246575639
0.0032660651925447526,Happiness,Sadness,0.011801728883463779
0.0032660651925447526,Happiness,Shame,0.05912605613226364
0.0032660651925447526,Joy,Boredom,0.009678576623831104
0.0032660651925447526,Joy,Fear,0.039710617089427025
0.0032660651925447526,Joy,Happiness,0.08403051885417129
0.0032660651925447526,Joy,Joy,0.366321713238528
0.0032660651925447526,Joy,Pride,0.27588935755105326
0.0032660651925447526,Joy,Sadness,0.019633301104156946
0.0032660651925447526,Joy,Shame,0.2047359155388319
0.0032660651925447526,Pride,Boredom,0.014544437743731252
0.0032660651925447526,Pride,Fear,0.020601213423675536
0.0032660651925447526,Pride,Happiness,0.15831527074429783
0.0032660651925447526,Pride,Joy,0.318283143760187
0.0032660651925447526,Pride,Pride,0.26094489943694077
0.0032660651925447526,Pride,Sadness,0.017926869973892506
0.0032660651925447526,Pride,Shame,0.20938416491727518
0.0032660651925447526,Sadness,Boredom,0.009702738742137161
0.0032660651925447526,Sadness,Fear,0.3155053065642125
0.0032660651925447526,Sadness,Happiness,0.020547921426411556
0.0032660651925447526,Sadness,Joy,0.01065287150842234
0.0032660651925447526,Sadness,Pride,0.015830196776852212
0.0032660651925447526,Sadness,Sadness,0.5235291068846724
0.0032660651925447526,Sadness,Shame,0.10423185809729175
0.0032660651925447526,Shame,Boredom,0.00591104596034163
0.0032660651925447526,Shame,Fear,0.4935313707893381
0.0032660651925447526,Shame,Happiness,0.01692933551561809
0.0032660651925447526,Shame,Joy,0.06196914202607574
0.0032660651925447526,Shame,Pride,0.055183840224976514
0.0032660651925447526,Shame,Sadness,0.18177061376794393
0.0032660651925447526,Shame,Shame,0.18470465171570552
0.0030379471146729335,Boredom,Boredom,0.5160694766131662
0.0030379471146729335,Boredom,Fear,0.008185744165718455
0.0030379471146729335,Boredom,Happiness,0.31978928242306454
0.0030379471146729335,Boredom,Joy,0.020419487157659007
0.0030379471146729335,Boredom,Pride,0.06548886377369605
0.0030379471146729335,Boredom,Sadness,0.01683297508397398
0.0030379471146729335,Boredom,Shame,0.05321417078272213
0.0030379471146729335,Fear,Boredom,0.003335699335154016
0.0030379471146729335,Fear,Fear,0.5331821505750797
0.0030379471146729335,Fear,Happiness,0.013941790925873776
0.0030379471146729335,Fear,Joy,0.03399534186103065
0.0030379471146729335,Fear,Pride,0.020410739624532902
0.0030379471146729335,Fear,Sadness,0.26385164920556176
0.0030379471146729335,Fear,Shame,0.13128262847276695
0.0030379471146729335,Happiness,Boredom,0.46285787275327334
0.0030379471146729335,Happiness,Fear,0.008690589202863435
0.0030379471146729335,Happiness,Happiness,0.32280533269928907
0.0030379471146729335,Happiness,Joy,0.03602213572272439
0.0030379471146729335,Happiness,Pride,0.07617570586070502
0.0030379471146729335,Happiness,Sadness,0.014361172059463061
0.0030379471146729335,Happiness,Shame,0.0790871917016814
0.0030379471146729335,Joy,Boredom,0.010997917095267963
0.0030379471146729335,Joy,Fear,0.040799507260891286
0.0030379471146729335,Joy,Happiness,0.12652966253792888
0.0030379471146729335,Joy,Joy,0.34075459978628253
0.0030379471146729335,Joy,Pride,0.2663815746561822
0.0030379471146729335,Joy,Sadness,0.020321265389014347
0.0030379471146729335,Joy,Shame,0.19421547327443303
0.0030379471146729335,Pride,Boredom,0.017284577924842028
0.0030379471146729335,Pride,Fear,0.02264462129806383
0.0030379471146729335,Pride,Happiness,0.20259350888998706
0.0030379471146729335,Pride,Joy,0.2800300596676229
0.0030379471146729335,Pride,Pride,0.2577592947389676
0.0030379471146729335,Pride,Sadness,0.019652494652952313
0.0030379471146729335,Pride,Shame,0.2000354428275646
0.0030379471146729335,Sadness,Boredom,0.012613625252623719
0.0030379471146729335,Sadness,Fear,0.32640367300577156
0.0030379471146729335,Sadness,Happiness,0.02661460440464993
0.0030379471146729335,Sadness,Joy,0.015196702915335432
0.0030379471146729335,Sadness,Pride,0.019824701779453308
0.0030379471146729335,Sadness,Sadness,0.47243980329205876
0.0030379471146729335,Sadness,Shame,0.1269068893501076
0.0030379471146729335,Shame,Boredom,0.007176910749042627
0.0030379471146729335,Shame,Fear,0.45263771663099084
0.0030379471146729335,Shame,Happiness,0.02537765260868561
0.0030379471146729335,Shame,Joy,0.0693228758288244
0.0030379471146729335,Shame,Pride,0.050423021994945715
0.0030379471146729335,Shame,Sadness,0.20933355308427024
0.0030379471146729335,Shame,Shame,0.18572826910324067
0.003404425743487765,Boredom,Boredom,0.5378311898596824
0.003404425743487765,Boredom,Fear,0.005146687291431643
0.003404425743487765,Boredom,Happiness,0.3334029033598839
0.003404425743487765,Boredom,Joy,0.012897373858487705
0.003404425743487765,Boredom,Pride,0.057536953003491986
0.003404425743487765,Boredom,Sadness,0.012156502788589546
0.003404425743487765,Boredom,Shame,0.04102838983843316
0.003404425743487765,Fear,Boredom,0.0016152215109753502
0.003404425743487765,Fear,Fear,0.6350446861638502
0.003404425743487765,Fear,Happiness,0.005608450307704333
0.003404425743487765,Fear,Joy,0.0239224985744326
0.003404425743487765,Fear,Pride,0.014599065320135137
0.003404425743487765,Fear,Sadness,0.22456424203559525
0.003404425743487765,Fear,Shame,0.094645836087307
0.003404425743487765,Happiness,Boredom,0.47233108817763486
0.003404425743487765,Happiness,Fear,0.0058551313675899355
0.003404425743487765,Happiness,Happiness,0.3519655665017756
0.003404425743487765,Happiness,Joy,0.02405064718375468
0.003404425743487765,Happiness,Pride,0.07775905680070239
0.003404425743487765,Happiness,Sadness,0.010868015967154355
0.003404425743487765,Happiness,Shame,0.05717049400138752
0.003404425743487765,Joy,Boredom,0.009269833124883923
0.003404425743487765,Joy,Fear,0.0389418991853754
0.003404425743487765,Joy,Happiness,0.07833323381848548
0.003404425743487765,Joy,Joy,0.3690930664729313
0.003404425743487765,Joy,Pride,0.27774661609881024
0.003404425743487765,Joy,Sadness,0.017653924605954975
0.003404425743487765,Joy,Shame,0.20896142669355883
0.003404425743487765,Pride,Boredom,0.014330621878020753
0.003404425743487765,Pride,Fear,0.021999679315569554
0.003404425743487765,Pride,Happiness,0.10186762660506887
0.003404425743487765,Pride,Joy,0.3447138826976713
0.003404425743487765,Pride,Pride,0.2726438327085071
0.003404425743487765,Pride,Sadness,0.02002664098786183
0.003404425743487765,Pride,Shame,0.2244177158073007
0.003404425743487765,Sadness,Boredom,0.009071091661384863
0.003404425743487765,Sadness,Fear,0.3061895320689209
0.003404425743487765,Sadness,Happiness,0.01787827746092761
0.003404425743487765,Sadness,Joy,0.00819988542444217
0.003404425743487765,Sadness,Pride,0.014013251055368835
0.003404425743487765,Sadness,Sadness,0.5557722501046293
0.003404425743487765,Sadness,Shame,0.08887571222432622
0.003404425743487765,Shame,Boredom,0.0055055566770489586
0.003404425743487765,Shame,Fear,0.5193219823198505
0.003404425743487765,Shame,Happiness,0.015055146315438698
0.003404425743487765,Shame,Joy,0.057463510170829034
0.003404425743487765,Shame,Pride,0.05689890816198107
0.003404425743487765,Shame,Sadness,0.1651372658803265
0.003404425743487765,Shame,Shame,0.18061763047452536
0.0032801376465358112,Boredom,Boredom,0.5083410540723906
0.0032801376465358112,Boredom,Fear,0.00902957245439267
0.0032801376465358112,Boredom,Happiness,0.3228297816631324
0.0032801376465358112,Boredom,Joy,0.019309286073359865
0.0032801376465358112,Boredom,Pride,0.06584985766000269
0.0032801376465358112,Boredom,Sadness,0.02158130078984102
0.0032801376465358112,Boredom,Shame,0.053059147286880874
0.0032801376465358112,Fear,Boredom,0.0032035650164987444
0.0032801376465358112,Fear,Fear,0.5457333813109068
0.0032801376465358112,Fear,Happiness,0.012783979671596772
0.0032801376465358112,Fear,Joy,0.03278775003829945
0.0032801376465358112,Fear,Pride,0.019851284466666494
0.0032801376465358112,Fear,Sadness,0.25812193635478514
0.0032801376465358112,Fear,Shame,0.12751810314124656
0.0032801376465358112,Happiness,Boredom,0.4698566850685991
0.0032801376465358112,Happiness,Fear,0.009328924449622774
0.0032801376465358112,Happiness,Happiness,0.3279559768403722
0.0032801376465358112,Happiness,Joy,0.032660428440894985
0.0032801376465358112,Happiness,Pride,0.07908612916473885
0.0032801376465358112,Happiness,Sadness,0.015140474885145434
0.0032801376465358112,Happiness,Shame,0.06597138115062694
0.0032801376465358112,Joy,Boredom,0.011387937483818498
0.0032801376465358112,Joy,Fear,0.04261949436462467
0.0032801376465358112,Joy,Happiness,0.11158622463545369
0.0032801376465358112,Joy,Joy,0.34607061426991403
0.0032801376465358112,Joy,Pride,0.26965667712426294
0.0032801376465358112,Joy,Sadness,0.022755989287477362
0.0032801376465358112,Joy,Shame,0.1959230628344491
0.0032801376465358112,Pride,Boredom,0.016434367598497687
0.0032801376465358112,Pride,Fear,0.023999221935981627
0.0032801376465358112,Pride,Happiness,0.19197090812686676
0.0032801376465358112,Pride,Joy,0.2917623426186797
0.0032801376465358112,Pride,Pride,0.2569263845514798
0.0032801376465358112,Pride,Sadness,0.020905053410770466
0.0032801376465358112,Pride,Shame,0.19800172175772449
0.0032801376465358112,Sadness,Boredom,0.010582572459726467
0.0032801376465358112,Sadness,Fear,0.31852265729293583
0.0032801376465358112,Sadness,Happiness,0.02499553444764947
0.0032801376465358112,Sadness,Joy,0.014310314133358183
0.0032801376465358112,Sadness,Pride,0.01866716810179851
0.0032801376465358112,Sadness,Sadness,0.49271826559424764
0.0032801376465358112,Sadness,Shame,0.12020348797028366
0.0032801376465358112,Shame,Boredom,0.006818206981263829
0.0032801376465358112,Shame,Fear,0.4753087959032839
0.0032801376465358112,Shame,Happiness,0.022181675678232083
0.0032801376465358112,Shame,Joy,0.06517498524919842
0.0032801376465358112,Shame,Pride,0.03788622714395147
0.0032801376465358112,Shame,Sadness,0.21415386185703453
0.0032801376465358112,Shame,Shame,0.17847624718703506
0.003218223246963499,Boredom,Boredom,0.5202229976935949
0.003218223246963499,Boredom,Fear,0.007469335061878528
0.003218223246963499,Boredom,Happiness,0.3271626510101189
0.003218223246963499,Boredom,Joy,0.016763777192119005
0.003218223246963499,Boredom,Pride,0.0632606169490391
0.003218223246963499,Boredom,Sadness,0.0168089465981872
0.003218223246963499,Boredom,Shame,0.04831167549506236
0.003218223246963499,Fear,Boredom,0.0027736577139587837
0.003218223246963499,Fear,Fear,0.5615662095379709
0.003218223246963499,Fear,Happiness,0.010756379680510205
0.003218223246963499,Fear,Joy,0.031503364724849124
0.003218223246963499,Fear,Pride,0.018598437905101576
0.003218223246963499,Fear,Sadness,0.25189410358393743
0.003218223246963499,Fear,Shame,0.12290784685367195
0.003218223246963499,Happiness,Boredom,0.4717918257278098
0.003218223246963499,Happiness,Fear,0.0081992285890398
0.003218223246963499,Happiness,Happiness,0.3373457144900889
0.003218223246963499,Happiness,Joy,0.029742478506104533
0.003218223246963499,Happiness,Pride,0.0765998995398718
0.003218223246963499,Happiness,Sadness,0.013584292159306574
0.003218223246963499,Happiness,Shame,0.06273656098777902
0.003218223246963499,Joy,Boredom,0.010384627203501714
0.003218223246963499,Joy,Fear,0.040644054668065685
0.003218223246963499,Joy,Happiness,0.10490979981365425
0.003218223246963499,Joy,Joy,0.3546567550815571
0.003218223246963499,Joy,Pride,0.27066586915306845
0.003218223246963499,Joy,Sadness,0.020865078052437154
0.003218223246963499,Joy,Shame,0.19787381602771553
0.003218223246963499,Pride,Boredom,0.0159501520879559
0.003218223246963499,Pride,Fear,0.022459808725650805
0.003218223246963499,Pride,Happiness,0.1894331153676771
0.003218223246963499,Pride,Joy,0.29408866560235886
0.003218223246963499,Pride,Pride,0.2577325006443597
0.003218223246963499,Pride,Sadness,0.019198934670289446
0.003218223246963499,Pride,Shame,0.2011368229017083
0.003218223246963499,Sadness,Boredom,0.010293144068573498
0.003218223246963499,Sadness,Fear,0.3188973011767887
0.003218223246963499,Sadness,Happiness,0.023258331934738176
0.003218223246963499,Sadness,Joy,0.012941143824618292
0.003218223246963499,Sadness,Pride,0.017524019732490785
0.003218223246963499,Sadness,Sadness,0.5023243334999976
0.003218223246963499,Sadness,Shame,0.11476172576279262
0.003218223246963499,Shame,Boredom,0.0064163285377288794
0.003218223246963499,Shame,Fear,0.47712777317472277
0.003218223246963499,Shame,Happiness,0.02055548447802299
0.003218223246963499,Shame,Joy,0.06507410665534238
0.003218223246963499,Shame,Pride,0.04624889293286137
0.003218223246963499,Shame,Sadness,0.20161487110918347
0.003218223246963499,Shame,Shame,0.18296254311213833
0.0031831878085528467,Boredom,Boredom,0.5128437408643114
0.0031831878085528467,Boredom,Fear,0.0062861803607419395
0.0031831878085528467,Boredom,Happiness,0.3317791191499452
0.0031831878085528467,Boredom,Joy,0.015963522356998446
0.0031831878085528467,Boredom,Pride,0.06402004110967532
0.0031831878085528467,Boredom,Sadness,0.016164284635872717
0.0031831878085528467,Boredom,Shame,0.0529431115224551
0.0031831878085528467,Fear,Boredom,0.0024194743494705614
0.0031831878085528467,Fear,Fear,0.5528204621638605
0.0031831878085528467,Fear,Happiness,0.008208101425443976
0.0031831878085528467,Fear,Joy,0.03099100470336777
0.0031831878085528467,Fear,Pride,0.019236284950675833
0.0031831878085528467,Fear,Sadness,0.2555574907828002
0.0031831878085528467,Fear,Shame,0.1307671816243811
0.0031831878085528467,Happiness,Boredom,0.45037207963529996
0.0031831878085528467,Happiness,Fear,0.007281582992007609
0.0031831878085528467,Happiness,Happiness,0.3461454860558506
0.0031831878085528467,Happiness,Joy,0.029269614858350942
0.0031831878085528467,Happiness,Pride,0.08233060405110645
0.0031831878085528467,Happiness,Sadness,0.013410365212657226
0.0031831878085528467,Happiness,Shame,0.07119026719472711
0.0031831878085528467,Joy,Boredom,0.008239807795262054
0.0031831878085528467,Joy,Fear,0.03677094827463643
0.0031831878085528467,Joy,Happiness,0.08231186803905478
0.0031831878085528467,Joy,Joy,0.34883512937554884
0.0031831878085528467,Joy,Pride,0.2794057239783593
0.0031831878085528467,Joy,Sadness,0.017311692404422367
0.0031831878085528467,Joy,Shame,0.22712483013271598
0.0031831878085528467,Pride,Boredom,0.012615063329430153
0.0031831878085528467,Pride,Fear,0.017415747127922394
0.0031831878085528467,Pride,Happiness,0.14904946257628648
0.0031831878085528467,Pride,Joy,0.30468360531450583
0.0031831878085528467,Pride,Pride,0.2668795450337824
0.0031831878085528467,Pride,Sadness,0.0159525870246691
0.0031831878085528467,Pride,Shame,0.23340398959340358
0.0031831878085528467,Sadness,Boredom,0.008389303709498962
0.0031831878085528467,Sadness,Fear,0.2520960546528577
0.0031831878085528467,Sadness,Happiness,0.01945029427037392
0.0031831878085528467,Sadness,Joy,0.011842316896685048
0.0031831878085528467,Sadness,Pride,0.01721529576168891
0.0031831878085528467,Sadness,Sadness,0.5695284835826785
0.0031831878085528467,Sadness,Shame,0.12147825112621699
0.0031831878085528467,Shame,Boredom,0.0065817966933832016
0.0031831878085528467,Shame,Fear,0.44483480266166336
0.0031831878085528467,Shame,Happiness,0.01834200783168093
0.0031831878085528467,Shame,Joy,0.06765120593917817
0.0031831878085528467,Shame,Pride,0.05845060858355437
0.0031831878085528467,Shame,Sadness,0.1870889065514149
0.0031831878085528467,Shame,Shame,0.2170506717391249
0.003437553083702021,Boredom,Boredom,0.5277093285225947
0.003437553083702021,Boredom,Fear,0.006221109409013487
0.003437553083702021,Boredom,Happiness,0.3314887073321012
0.003437553083702021,Boredom,Joy,0.01447731805762047
0.003437553083702021,Boredom,Pride,0.06067085442279434
0.003437553083702021,Boredom,Sadness,0.014503338777895896
0.003437553083702021,Boredom,Shame,0.04492934347798024
0.003437553083702021,Fear,Boredom,0.001932736538946481
0.003437553083702021,Fear,Fear,0.6185585586799294
0.003437553083702021,Fear,Happiness,0.00689556319885613
0.003437553083702021,Fear,Joy,0.025621370646803702
0.003437553083702021,Fear,Pride,0.015061897787460851
0.003437553083702021,Fear,Sadness,0.23064588847970363
0.003437553083702021,Fear,Shame,0.10128398466830008
0.003437553083702021,Happiness,Boredom,0.4713992589578858
0.003437553083702021,Happiness,Fear,0.006813909971633835
0.003437553083702021,Happiness,Happiness,0.3453543184042547
0.003437553083702021,Happiness,Joy,0.025573944478778008
0.003437553083702021,Happiness,Pride,0.07845347213122451
0.003437553083702021,Happiness,Sadness,0.012278993502379848
0.003437553083702021,Happiness,Shame,0.06012610255384334
0.003437553083702021,Joy,Boredom,0.010085640136545039
0.003437553083702021,Joy,Fear,0.040776807021026894
0.003437553083702021,Joy,Happiness,0.08142520780453018
0.003437553083702021,Joy,Joy,0.3637176378859332
0.003437553083702021,Joy,Pride,0.2775223527462002
0.003437553083702021,Joy,Sadness,0.020184544072603998
0.003437553083702021,Joy,Shame,0.20628781033316024
0.003437553083702021,Pride,Boredom,0.014847062316381348
0.003437553083702021,Pride,Fear,0.02405221312106952
0.003437553083702021,Pride,Happiness,0.10586205928576506
0.003437553083702021,Pride,Joy,0.3427775913672747
0.003437553083702021,Pride,Pride,0.2706965086238713
0.003437553083702021,Pride,Sadness,0.022165772275125607
0.003437553083702021,Pride,Shame,0.21959879301051208
0.003437553083702021,Sadness,Boredom,0.009139164265611637
0.003437553083702021,Sadness,Fear,0.3061686755954392
0.003437553083702021,Sadness,Happiness,0.019217263975374235
0.003437553083702021,Sadness,Joy,0.00891353977706101
0.003437553083702021,Sadness,Pride,0.01445746292435389
0.003437553083702021,Sadness,Sadness,0.5481343753545276
0.003437553083702021,Sadness,Shame,0.09396951810763286
0.003437553083702021,Shame,Boredom,0.00561531432880407
0.003437553083702021,Shame,Fear,0.5137167220328196
0.003437553083702021,Shame,Happiness,0.015867778915969775
0.003437553083702021,Shame,Joy,0.058212003634874554
0.003437553083702021,Shame,Pride,0.04979473708459647
0.003437553083702021,Shame,Sadness,0.18061288000508233
0.003437553083702021,Shame,Shame,0.17618056399785367
0.0032659245551764572,Boredom,Boredom,0.5240682910238658
0.0032659245551764572,Boredom,Fear,0.007052135323828517
0.0032659245551764572,Boredom,Happiness,0.3271241422604158
0.0032659245551764572,Boredom,Joy,0.015936843109982512
0.0032659245551764572,Boredom,Pride,0.062225833806474964
0.0032659245551764572,Boredom,Sadness,0.016031572587205466
0.0032659245551764572,Boredom,Shame,0.04756118188822684
0.0032659245551764572,Fear,Boredom,0.0024621532484959715
0.0032659245551764572,Fear,Fear,0.5788452134497291
0.0032659245551764572,Fear,Happiness,0.009595771643454274
0.0032659245551764572,Fear,Joy,0.02957349924582967
0.0032659245551764572,Fear,Pride,0.017355406963188005
0.0032659245551764572,Fear,Sadness,0.24766637081768827
0.0032659245551764572,Fear,Shame,0.11450158463161443
0.0032659245551764572,Happiness,Boredom,0.4725844892444151
0.0032659245551764572,Happiness,Fear,0.007712874465601296
0.0032659245551764572,Happiness,Happiness,0.33882850153496463
0.0032659245551764572,Happiness,Joy,0.028332633318849998
0.0032659245551764572,Happiness,Pride,0.07724450218415613
0.0032659245551764572,Happiness,Sadness,0.013246721801017327
0.0032659245551764572,Happiness,Shame,0.06205027745099544
0.0032659245551764572,Joy,Boredom,0.010284382168599254
0.0032659245551764572,Joy,Fear,0.04058652768857841
0.0032659245551764572,Joy,Happiness,0.09830089083518882
0.0032659245551764572,Joy,Joy,0.35799899366405347
0.0032659245551764572,Joy,Pride,0.27295644277467057
0.0032659245551764572,Joy,Sadness,0.02080593856262772
0.0032659245551764572,Joy,Shame,0.1990668243062814
0.0032659245551764572,Pride,Boredom,0.015554781162502015
0.0032659245551764572,Pride,Fear,0.021764970748754556
0.0032659245551764572,Pride,Happiness,0.18210858401165816
0.0032659245551764572,Pride,Joy,0.30068517898677877
0.0032659245551764572,Pride,Pride,0.2582841818138401
0.0032659245551764572,Pride,Sadness,0.01894471852629844
0.0032659245551764572,Pride,Shame,0.20265758475016776
0.0032659245551764572,Sadness,Boredom,0.010039584624887746
0.0032659245551764572,Sadness,Fear,0.31783347174690496
0.0032659245551764572,Sadness,Happiness,0.022221042387424148
0.0032659245551764572,Sadness,Joy,0.012090412204189702
0.0032659245551764572,Sadness,Pride,0.016626577021028228
0.0032659245551764572,Sadness,Sadness,0.5126028720158247
0.0032659245551764572,Sadness,Shame,0.10858603999974074
0.0032659245551764572,Shame,Boredom,0.006164933713903363
0.0032659245551764572,Shame,Fear,0.48621166631240226
0.0032659245551764572,Shame,Happiness,0.019577327775104583
0.0032659245551764572,Shame,Joy,0.06334836310430783
0.0032659245551764572,Shame,Pride,0.04962414528927303
0.0032659245551764572,Shame,Sadness,0.1961186549754895
0.0032659245551764572,Shame,Shame,0.1789549088295192
0.0031130162339955496,Boredom,Boredom,0.4808816002489887
0.0031130162339955496,Boredom,Fear,0.00930145450887573
0.0031130162339955496,Boredom,Happiness,0.31900223519579923
0.0031130162339955496,Boredom,Joy,0.024391124408195134
0.0031130162339955496,Boredom,Pride,0.0744625599367063
0.0031130162339955496,Boredom,Sadness,0.02301607434505849
0.0031130162339955496,Boredom,Shame,0.06894495135637582
0.0031130162339955496,Fear,Boredom,0.004162033141217927
0.0031130162339955496,Fear,Fear,0.4445333255848054
0.0031130162339955496,Fear,Happiness,0.014027681488846169
0.0031130162339955496,Fear,Joy,0.04135033170480407
0.0031130162339955496,Fear,Pride,0.02723134708917839
0.0031130162339955496,Fear,Sadness,0.29412327557830953
0.0031130162339955496,Fear,Shame,0.17457200541283854
0.0031130162339955496,Happiness,Boredom,0.4280902732155761
0.0031130162339955496,Happiness,Fear,0.009656546389497861
0.0031130162339955496,Happiness,Happiness,0.32123422003641583
0.0031130162339955496,Happiness,Joy,0.0430624259351127
0.0031130162339955496,Happiness,Pride,0.08869214715214704
0.0031130162339955496,Happiness,Sadness,0.017260436679027297
0.0031130162339955496,Happiness,Shame,0.09200395059222301
0.0031130162339955496,Joy,Boredom,0.008403414502467347
0.0031130162339955496,Joy,Fear,0.036809665176274514
0.0031130162339955496,Joy,Happiness,0.09286307547345557
0.0031130162339955496,Joy,Joy,0.3257329136326779
0.0031130162339955496,Joy,Pride,0.2773173866012788
0.0031130162339955496,Joy,Sadness,0.019118439404691528
0.0031130162339955496,Joy,Shame,0.23975510520915402
0.0031130162339955496,Pride,Boredom,0.012638038733255858
0.0031130162339955496,Pride,Fear,0.018850870823552936
0.0031130162339955496,Pride,Happiness,0.14831702413355316
0.0031130162339955496,Pride,Joy,0.29021698291810777
0.0031130162339955496,Pride,Pride,0.26770766001600976
0.0031130162339955496,Pride,Sadness,0.01770955349288212
0.0031130162339955496,Pride,Shame,0.2445598698826385
0.0031130162339955496,Sadness,Boredom,0.01018411208971399
0.0031130162339955496,Sadness,Fear,0.23347682578385992
0.0031130162339955496,Sadness,Happiness,0.025153457280713363
0.0031130162339955496,Sadness,Joy,0.018342019317961998
0.0031130162339955496,Sadness,Pride,0.024242316261973727
0.0031130162339955496,Sadness,Sadness,0.5250693289289603
0.0031130162339955496,Sadness,Shame,0.1635319403368168
0.0031130162339955496,Shame,Boredom,0.008257232726127326
0.0031130162339955496,Shame,Fear,0.36745953015975785
0.0031130162339955496,Shame,Happiness,0.024360294874994904
0.0031130162339955496,Shame,Joy,0.0789180319758061
0.0031130162339955496,Shame,Pride,0.06110214025786109
0.0031130162339955496,Shame,Sadness,0.21806005034148673
0.0031130162339955496,Shame,Shame,0.24184271966396598
0.0032200797921234313,Boredom,Boredom,0.481598663548201
0.0032200797921234313,Boredom,Fear,0.010082049971389562
0.0032200797921234313,Boredom,Happiness,0.3182353026128826
0.0032200797921234313,Boredom,Joy,0.023841551757262526
0.0032200797921234313,Boredom,Pride,0.07561630151679742
0.0032200797921234313,Boredom,Sadness,0.022834440865592227
0.0032200797921234313,Boredom,Shame,0.06779168972787486
0.0032200797921234313,Fear,Boredom,0.004230868509907397
0.0032200797921234313,Fear,Fear,0.446347641447681
0.0032200797921234313,Fear,Happiness,0.014481735707380209
0.0032200797921234313,Fear,Joy,0.04159252767319797
0.0032200797921234313,Fear,Pride,0.026928825925429042
0.0032200797921234313,Fear,Sadness,0.2974095562032052
0.0032200797921234313,Fear,Shame,0.16900884453319925
0.0032200797921234313,Happiness,Boredom,0.438140676499452
0.0032200797921234313,Happiness,Fear,0.010614181892289107
0.0032200797921234313,Happiness,Happiness,0.3208406094493011
0.0032200797921234313,Happiness,Joy,0.040715549174936694
0.0032200797921234313,Happiness,Pride,0.08815032217607227
0.0032200797921234313,Happiness,Sadness,0.01825094877222737
0.0032200797921234313,Happiness,Shame,0.08328771203572172
0.0032200797921234313,Joy,Boredom,0.009401922182842764
0.0032200797921234313,Joy,Fear,0.03925693789257902
0.0032200797921234313,Joy,Happiness,0.09218547054498541
0.0032200797921234313,Joy,Joy,0.3303994539806676
0.0032200797921234313,Joy,Pride,0.2773417547413338
0.0032200797921234313,Joy,Sadness,0.022353163526145997
0.0032200797921234313,Joy,Shame,0.22906129713144546
0.0032200797921234313,Pride,Boredom,0.013636850070229809
0.0032200797921234313,Pride,Fear,0.021400404882043443
0.0032200797921234313,Pride,Happiness,0.1468562059756091
0.0032200797921234313,Pride,Joy,0.29904206205350037
0.0032200797921234313,Pride,Pride,0.2662402808562851
0.0032200797921234313,Pride,Sadness,0.020622558667108992
0.0032200797921234313,Pride,Shame,0.23220163749522324
0.0032200797921234313,Sadness,Boredom,0.010733372741867172
0.0032200797921234313,Sadness,Fear,0.23845989559664899
0.0032200797921234313,Sadness,Happiness,0.02655541769439011
0.0032200797921234313,Sadness,Joy,0.01911185623550024
0.0032200797921234313,Sadness,Pride,0.0246493174542786
0.0032200797921234313,Sadness,Sadness,0.519949093513065
0.0032200797921234313,Sadness,Shame,0.16054104676424982
0.0032200797921234313,Shame,Boredom,0.007952450886610816
0.0032200797921234313,Shame,Fear,0.37641982788769424
0.0032200797921234313,Shame,Happiness,0.02391822454698145
0.0032200797921234313,Shame,Joy,0.07770511420842904
0.0032200797921234313,Shame,Pride,0.06067192482278241
0.0032200797921234313,Shame,Sadness,0.22903054566668185
0.0032200797921234313,Shame,Shame,0.22430191198082053
0.003295756144031787,Boredom,Boredom,0.5262052498007792
0.003295756144031787,Boredom,Fear,0.006757136165920793
0.003295756144031787,Boredom,Happiness,0.3277325452211616
0.003295756144031787,Boredom,Joy,0.01533075955399461
0.003295756144031787,Boredom,Pride,0.06174565223849336
0.003295756144031787,Boredom,Sadness,0.015409247724363445
0.003295756144031787,Boredom,Shame,0.046819409295286836
0.003295756144031787,Fear,Boredom,0.00230998926116573
0.003295756144031787,Fear,Fear,0.5863771416354282
0.003295756144031787,Fear,Happiness,0.00863450818706941
0.003295756144031787,Fear,Joy,0.028671210979023018
0.003295756144031787,Fear,Pride,0.01665365388772078
0.003295756144031787,Fear,Sadness,0.2454108881757476
0.003295756144031787,Fear,Shame,0.11194260787384563
0.003295756144031787,Happiness,Boredom,0.4730367575569426
0.003295756144031787,Happiness,Fear,0.007433587582330714
0.003295756144031787,Happiness,Happiness,0.34057284988165193
0.003295756144031787,Happiness,Joy,0.02709335841129474
0.003295756144031787,Happiness,Pride,0.07743424955754105
0.003295756144031787,Happiness,Sadness,0.012823202059113671
0.003295756144031787,Happiness,Shame,0.06160599495112543
0.003295756144031787,Joy,Boredom,0.010106117130682069
0.003295756144031787,Joy,Fear,0.04062069215024181
0.003295756144031787,Joy,Happiness,0.09105986020339456
0.003295756144031787,Joy,Joy,0.3601097742282045
0.003295756144031787,Joy,Pride,0.27428314957720046
0.003295756144031787,Joy,Sadness,0.020364571980622703
0.003295756144031787,Joy,Shame,0.20345583472965434
0.003295756144031787,Pride,Boredom,0.01496884434610543
0.003295756144031787,Pride,Fear,0.02125924416569263
0.003295756144031787,Pride,Happiness,0.17095511370363503
0.003295756144031787,Pride,Joy,0.3087721792667065
0.003295756144031787,Pride,Pride,0.2587695732900931
0.003295756144031787,Pride,Sadness,0.01837518452755371
0.003295756144031787,Pride,Shame,0.2068998607002135
0.003295756144031787,Sadness,Boredom,0.009780947280798718
0.003295756144031787,Sadness,Fear,0.3160728782996352
0.003295756144031787,Sadness,Happiness,0.0213945822782909
0.003295756144031787,Sadness,Joy,0.01139731539844668
0.003295756144031787,Sadness,Pride,0.015935321452999904
0.003295756144031787,Sadness,Sadness,0.5208625541647611
0.003295756144031787,Sadness,Shame,0.1045564011250676
0.003295756144031787,Shame,Boredom,0.0060737121166739355
0.003295756144031787,Shame,Fear,0.49121448741963086
0.003295756144031787,Shame,Happiness,0.018247647896902395
0.003295756144031787,Shame,Joy,0.06252894037372998
0.003295756144031787,Shame,Pride,0.04816955263957887
0.003295756144031787,Shame,Sadness,0.1929077469834964
0.003295756144031787,Shame,Shame,0.18085791256998754
0.0030732103306964106,Boredom,Boredom,0.4762937650036678
0.0030732103306964106,Boredom,Fear,0.010722775575966504
0.0030732103306964106,Boredom,Happiness,0.31107289465004273
0.0030732103306964106,Boredom,Joy,0.02918878088934014
0.0030732103306964106,Boredom,Pride,0.07690193990464729
0.0030732103306964106,Boredom,Sadness,0.023761065356483067
0.0030732103306964106,Boredom,Shame,0.0720587786198523
0.0030732103306964106,Fear,Boredom,0.004913619420355452
0.0030732103306964106,Fear,Fear,0.42583073932908183
0.0030732103306964106,Fear,Happiness,0.017164960158125808
0.0030732103306964106,Fear,Joy,0.043857395836667167
0.0030732103306964106,Fear,Pride,0.028660409835869642
0.0030732103306964106,Fear,Sadness,0.3022912227114337
0.0030732103306964106,Fear,Shame,0.17728165270846633
0.0030732103306964106,Happiness,Boredom,0.4184342302189489
0.0030732103306964106,Happiness,Fear,0.010418049399516896
0.0030732103306964106,Happiness,Happiness,0.30306315435313796
0.0030732103306964106,Happiness,Joy,0.049387968929344134
0.0030732103306964106,Happiness,Pride,0.08586322130803092
0.0030732103306964106,Happiness,Sadness,0.018490783720222056
0.0030732103306964106,Happiness,Shame,0.11434259207079936
0.0030732103306964106,Joy,Boredom,0.009800683300168578
0.0030732103306964106,Joy,Fear,0.0391367559941653
0.0030732103306964106,Joy,Happiness,0.10487025743004359
0.0030732103306964106,Joy,Joy,0.32404318205926613
0.0030732103306964106,Joy,Pride,0.27299702960336136
0.0030732103306964106,Joy,Sadness,0.021667785924812777
0.0030732103306964106,Joy,Shame,0.2274843056881823
0.0030732103306964106,Pride,Boredom,0.014406954080803742
0.0030732103306964106,Pride,Fear,0.0213674661076427
0.0030732103306964106,Pride,Happiness,0.15873056552064543
0.0030732103306964106,Pride,Joy,0.29103421818349356
0.0030732103306964106,Pride,Pride,0.26374848491748665
0.0030732103306964106,Pride,Sadness,0.02022399552688303
0.0030732103306964106,Pride,Shame,0.230488315663045
0.0030732103306964106,Sadness,Boredom,0.01290968719737751
0.0030732103306964106,Sadness,Fear,0.24868275493877054
0.0030732103306964106,Sadness,Happiness,0.02876118177523473
0.0030732103306964106,Sadness,Joy,0.02104857769052001
0.0030732103306964106,Sadness,Pride,0.02644628068816482
0.0030732103306964106,Sadness,Sadness,0.4936384059007728
0.0030732103306964106,Sadness,Shame,0.16851311180915948
0.0030732103306964106,Shame,Boredom,0.00871990926107982
0.0030732103306964106,Shame,Fear,0.3635497982714387
0.0030732103306964106,Shame,Happiness,0.027081070858280782
0.0030732103306964106,Shame,Joy,0.08093869260159946
0.0030732103306964106,Shame,Pride,0.057057533024192815
0.0030732103306964106,Shame,Sadness,0.23497169445301916
0.0030732103306964106,Shame,Shame,0.22768130153038924
0.003321926289234095,Boredom,Boredom,0.4856028274195486
0.003321926289234095,Boredom,Fear,0.008829545234747086
0.003321926289234095,Boredom,Happiness,0.32371825259385856
0.003321926289234095,Boredom,Joy,0.020536845424246924
0.003321926289234095,Boredom,Pride,0.07377136330308633
0.003321926289234095,Boredom,Sadness,0.02129677630336532
0.003321926289234095,Boredom,Shame,0.06624438972114668
0.003321926289234095,Fear,Boredom,0.003558439183982059
0.003321926289234095,Fear,Fear,0.4707904660257066
0.003321926289234095,Fear,Happiness,0.011493486205913237
0.003321926289234095,Fear,Joy,0.038088980368708274
0.003321926289234095,Fear,Pride,0.024951118697308854
0.003321926289234095,Fear,Sadness,0.2904064653203105
0.003321926289234095,Fear,Shame,0.16071104419807042
0.003321926289234095,Happiness,Boredom,0.43709090318986316
0.003321926289234095,Happiness,Fear,0.009543138166820862
0.003321926289234095,Happiness,Happiness,0.3299613810197267
0.003321926289234095,Happiness,Joy,0.03399296557877799
0.003321926289234095,Happiness,Pride,0.08998598317912185
0.003321926289234095,Happiness,Sadness,0.01720965063906496
0.003321926289234095,Happiness,Shame,0.08221597822662444
0.003321926289234095,Joy,Boredom,0.008692700544630512
0.003321926289234095,Joy,Fear,0.03803568546520043
0.003321926289234095,Joy,Happiness,0.0801288842278998
0.003321926289234095,Joy,Joy,0.3325174662522555
0.003321926289234095,Joy,Pride,0.2806513556663578
0.003321926289234095,Joy,Sadness,0.020923339257846847
0.003321926289234095,Joy,Shame,0.23905056858580892
0.003321926289234095,Pride,Boredom,0.012355930937218176
0.003321926289234095,Pride,Fear,0.019654232268189586
0.003321926289234095,Pride,Happiness,0.12674125881102838
0.003321926289234095,Pride,Joy,0.3060858360363381
0.003321926289234095,Pride,Pride,0.2702729038646717
0.003321926289234095,Pride,Sadness,0.019813587321445253
0.003321926289234095,Pride,Shame,0.24507625076110895
0.003321926289234095,Sadness,Boredom,0.009555333409104506
0.003321926289234095,Sadness,Fear,0.22519459003832729
0.003321926289234095,Sadness,Happiness,0.023708750945662726
0.003321926289234095,Sadness,Joy,0.016063996556396145
0.003321926289234095,Sadness,Pride,0.02249469088125155
0.003321926289234095,Sadness,Sadness,0.5504172572120485
0.003321926289234095,Sadness,Shame,0.15256538095720917
0.003321926289234095,Shame,Boredom,0.007518314083935494
0.003321926289234095,Shame,Fear,0.38536440879209677
0.003321926289234095,Shame,Happiness,0.0209587005322418
0.003321926289234095,Shame,Joy,0.07450356890995952
0.003321926289234095,Shame,Pride,0.06328580721847958
0.003321926289234095,Shame,Sadness,0.21734128323287252
0.003321926289234095,Shame,Shame,0.23102791723041408
0.003169369588370387,Boredom,Boredom,0.5261158086064932
0.003169369588370387,Boredom,Fear,0.006913006728280437
0.003169369588370387,Boredom,Happiness,0.32593754248921725
0.003169369588370387,Boredom,Joy,0.01638892745816454
0.003169369588370387,Boredom,Pride,0.06216691595591776
0.003169369588370387,Boredom,Sadness,0.014646249003547005
0.003169369588370387,Boredom,Shame,0.04783154975837995
0.003169369588370387,Fear,Boredom,0.0026079374134090638
0.003169369588370387,Fear,Fear,0.5666105520697974
0.003169369588370387,Fear,Happiness,0.010439379721231327
0.003169369588370387,Fear,Joy,0.030815071519722747
0.003169369588370387,Fear,Pride,0.0183232428069233
0.003169369588370387,Fear,Sadness,0.25107642821996873
0.003169369588370387,Fear,Shame,0.12012738824894759
0.003169369588370387,Happiness,Boredom,0.4718883875819386
0.003169369588370387,Happiness,Fear,0.007695223589767778
0.003169369588370387,Happiness,Happiness,0.33794649435261853
0.003169369588370387,Happiness,Joy,0.029936532349307838
0.003169369588370387,Happiness,Pride,0.07608022826129546
0.003169369588370387,Happiness,Sadness,0.013052252344819439
0.003169369588370387,Happiness,Shame,0.06340088152025222
0.003169369588370387,Joy,Boredom,0.010114954910459814
0.003169369588370387,Joy,Fear,0.039982032885017144
0.003169369588370387,Joy,Happiness,0.1072598624679561
0.003169369588370387,Joy,Joy,0.3540104224118511
0.003169369588370387,Joy,Pride,0.2698965408811439
0.003169369588370387,Joy,Sadness,0.019443433036961007
0.003169369588370387,Joy,Shame,0.1992927534066108
0.003169369588370387,Pride,Boredom,0.015906055715009325
0.003169369588370387,Pride,Fear,0.02138186792877449
0.003169369588370387,Pride,Happiness,0.19197593240511332
0.003169369588370387,Pride,Joy,0.2902909717654794
0.003169369588370387,Pride,Pride,0.25784133169243956
0.003169369588370387,Pride,Sadness,0.018092192966161852
0.003169369588370387,Pride,Shame,0.20451164752702156
0.003169369588370387,Sadness,Boredom,0.010493070668509418
0.003169369588370387,Sadness,Fear,0.3209608106926586
0.003169369588370387,Sadness,Happiness,0.023036181927023582
0.003169369588370387,Sadness,Joy,0.012690811237711371
0.003169369588370387,Sadness,Pride,0.017290876183162888
0.003169369588370387,Sadness,Sadness,0.5021567253754116
0.003169369588370387,Sadness,Shame,0.11337152391552263
0.003169369588370387,Shame,Boredom,0.006478566319733029
0.003169369588370387,Shame,Fear,0.4724374461029175
0.003169369588370387,Shame,Happiness,0.021510041055781266
0.003169369588370387,Shame,Joy,0.06576878019687372
0.003169369588370387,Shame,Pride,0.0560114913058721
0.003169369588370387,Shame,Sadness,0.1918834087175583
0.003169369588370387,Shame,Shame,0.18591026630126417
0.0032482255129733196,Boredom,Boredom,0.51165033398309
0.0032482255129733196,Boredom,Fear,0.008616741649653868
0.0032482255129733196,Boredom,Happiness,0.32246001399572155
0.0032482255129733196,Boredom,Joy,0.01944534797067167
0.0032482255129733196,Boredom,Pride,0.067236687603045
0.0032482255129733196,Boredom,Sadness,0.017964703304973868
0.0032482255129733196,Boredom,Shame,0.052626171492843835
0.0032482255129733196,Fear,Boredom,0.0031392124806103165
0.0032482255129733196,Fear,Fear,0.5478801960166858
0.0032482255129733196,Fear,Happiness,0.012707562283906359
0.0032482255129733196,Fear,Joy,0.032964745515159787
0.0032482255129733196,Fear,Pride,0.019637697941239964
0.0032482255129733196,Fear,Sadness,0.25782118229831547
0.0032482255129733196,Fear,Shame,0.12584940346408174
0.0032482255129733196,Happiness,Boredom,0.4701755412998706
0.0032482255129733196,Happiness,Fear,0.009138288046116801
0.0032482255129733196,Happiness,Happiness,0.32825185930624057
0.0032482255129733196,Happiness,Joy,0.03337003117272665
0.0032482255129733196,Happiness,Pride,0.07800739540251313
0.0032482255129733196,Happiness,Sadness,0.015053064455488862
0.0032482255129733196,Happiness,Shame,0.06600382031704326
0.0032482255129733196,Joy,Boredom,0.011273648294707162
0.0032482255129733196,Joy,Fear,0.04236124535263139
0.0032482255129733196,Joy,Happiness,0.11427352826911821
0.0032482255129733196,Joy,Joy,0.34511462183893804
0.0032482255129733196,Joy,Pride,0.26877989541793873
0.0032482255129733196,Joy,Sadness,0.022299448396091475
0.0032482255129733196,Joy,Shame,0.1958976124305752
0.0032482255129733196,Pride,Boredom,0.016649802943194982
0.0032482255129733196,Pride,Fear,0.02359633554994449
0.0032482255129733196,Pride,Happiness,0.19422483596562237
0.0032482255129733196,Pride,Joy,0.28924343875530967
0.0032482255129733196,Pride,Pride,0.2567548084704966
0.0032482255129733196,Pride,Sadness,0.020673228211530992
0.0032482255129733196,Pride,Shame,0.19885755010390085
0.0032482255129733196,Sadness,Boredom,0.010768339173178378
0.0032482255129733196,Sadness,Fear,0.3192723026933825
0.0032482255129733196,Sadness,Happiness,0.024899669867068208
0.0032482255129733196,Sadness,Joy,0.01427024919809549
0.0032482255129733196,Sadness,Pride,0.018633345227367322
0.0032482255129733196,Sadness,Sadness,0.4923445295355241
0.0032482255129733196,Sadness,Shame,0.1198115643053836
0.0032482255129733196,Shame,Boredom,0.006746976304121536
0.0032482255129733196,Shame,Fear,0.4686259566879916
0.0032482255129733196,Shame,Happiness,0.02285471226887446
0.0032482255129733196,Shame,Joy,0.06631062338167198
0.0032482255129733196,Shame,Pride,0.04687498122758543
0.0032482255129733196,Shame,Sadness,0.2100673758976847
0.0032482255129733196,Shame,Shame,0.17851937423207012
0.0032212710960791307,Boredom,Boredom,0.4828670961351259
0.0032212710960791307,Boredom,Fear,0.009054726740974132
0.0032212710960791307,Boredom,Happiness,0.32255306286261615
0.0032212710960791307,Boredom,Joy,0.02220062207078935
0.0032212710960791307,Boredom,Pride,0.07439821871323475
0.0032212710960791307,Boredom,Sadness,0.021587910859747858
0.0032212710960791307,Boredom,Shame,0.0673383626175114
0.0032212710960791307,Fear,Boredom,0.003892136436545948
0.0032212710960791307,Fear,Fear,0.4555454892379422
0.0032212710960791307,Fear,Happiness,0.01278847102586516
0.0032212710960791307,Fear,Joy,0.03998242258798294
0.0032212710960791307,Fear,Pride,0.026166295822931163
0.0032212710960791307,Fear,Sadness,0.2921662103704571
0.0032212710960791307,Fear,Shame,0.16945897451827543
0.0032212710960791307,Happiness,Boredom,0.4343693063183691
0.0032212710960791307,Happiness,Fear,0.0096567702940993
0.0032212710960791307,Happiness,Happiness,0.3267369419869093
0.0032212710960791307,Happiness,Joy,0.03855241030085043
0.0032212710960791307,Happiness,Pride,0.08885030107631037
0.0032212710960791307,Happiness,Sadness,0.01726549183090769
0.0032212710960791307,Happiness,Shame,0.08456877819255379
0.0032212710960791307,Joy,Boredom,0.008528075434708555
0.0032212710960791307,Joy,Fear,0.037484445610103
0.0032212710960791307,Joy,Happiness,0.08732956223084348
0.0032212710960791307,Joy,Joy,0.32898016816012976
0.0032212710960791307,Joy,Pride,0.2778162110333223
0.0032212710960791307,Joy,Sadness,0.020171952932872408
0.0032212710960791307,Joy,Shame,0.2396895845980208
0.0032212710960791307,Pride,Boredom,0.01241360537865064
0.0032212710960791307,Pride,Fear,0.01914504711619029
0.0032212710960791307,Pride,Happiness,0.14245902851560205
0.0032212710960791307,Pride,Joy,0.2958162763766982
0.0032212710960791307,Pride,Pride,0.26734187425412864
0.0032212710960791307,Pride,Sadness,0.018545815119047213
0.0032212710960791307,Pride,Shame,0.24427835323968275
0.0032212710960791307,Sadness,Boredom,0.010080103275012934
0.0032212710960791307,Sadness,Fear,0.22940879864387698
0.0032212710960791307,Sadness,Happiness,0.02446236978282346
0.0032212710960791307,Sadness,Joy,0.017705977546507802
0.0032212710960791307,Sadness,Pride,0.023645754891977164
0.0032212710960791307,Sadness,Sadness,0.5343276914401178
0.0032212710960791307,Sadness,Shame,0.16036930441968347
0.0032212710960791307,Shame,Boredom,0.007874131584942745
0.0032212710960791307,Shame,Fear,0.3750861978542226
0.0032212710960791307,Shame,Happiness,0.022573925246642215
0.0032212710960791307,Shame,Joy,0.07680752261250116
0.0032212710960791307,Shame,Pride,0.06108495477649284
0.0032212710960791307,Shame,Sadness,0.21902465239448604
0.0032212710960791307,Shame,Shame,0.23754861553071244
0.00294893219606384,Boredom,Boredom,0.4638931812694933
0.00294893219606384,Boredom,Fear,0.013314151298400037
0.00294893219606384,Boredom,Happiness,0.29634888640989937
0.00294893219606384,Boredom,Joy,0.03628001149427728
0.00294893219606384,Boredom,Pride,0.07864171620715871
0.00294893219606384,Boredom,Sadness,0.02518810846406439
0.00294893219606384,Boredom,Shame,0.08633394485670697
0.00294893219606384,Fear,Boredom,0.006653529049099841
0.00294893219606384,Fear,Fear,0.403070489772626
0.00294893219606384,Fear,Happiness,0.021239823494621647
0.00294893219606384,Fear,Joy,0.04403214880521331
0.00294893219606384,Fear,Pride,0.030644358209972095
0.00294893219606384,Fear,Sadness,0.3123007824134742
0.00294893219606384,Fear,Shame,0.182058868254993
0.00294893219606384,Happiness,Boredom,0.3888308856166807
0.00294893219606384,Happiness,Fear,0.0127569334117042
0.00294893219606384,Happiness,Happiness,0.2839840317570874
0.00294893219606384,Happiness,Joy,0.06042357499310304
0.00294893219606384,Happiness,Pride,0.08871754391882207
0.00294893219606384,Happiness,Sadness,0.02154396984983072
0.00294893219606384,Happiness,Shame,0.14374306045277183
0.00294893219606384,Joy,Boredom,0.01215984910228658
0.00294893219606384,Joy,Fear,0.04143748456621853
0.00294893219606384,Joy,Happiness,0.12115576225036567
0.00294893219606384,Joy,Joy,0.31884863760584453
0.00294893219606384,Joy,Pride,0.26812650428941687
0.00294893219606384,Joy,Sadness,0.023501410872926384
0.00294893219606384,Joy,Shame,0.2147703513129411
0.00294893219606384,Pride,Boredom,0.017893354844391016
0.00294893219606384,Pride,Fear,0.02372634760081258
0.00294893219606384,Pride,Happiness,0.17097056115881207
0.00294893219606384,Pride,Joy,0.2884852300094588
0.00294893219606384,Pride,Pride,0.2607506821356916
0.00294893219606384,Pride,Sadness,0.022241313283336898
0.00294893219606384,Pride,Shame,0.21593251096749702
0.00294893219606384,Sadness,Boredom,0.018506687940776204
0.00294893219606384,Sadness,Fear,0.2646549967677414
0.00294893219606384,Sadness,Happiness,0.03293023058242114
0.00294893219606384,Sadness,Joy,0.02405297613907882
0.00294893219606384,Sadness,Pride,0.02937678316120798
0.00294893219606384,Sadness,Sadness,0.4559755984863394
0.00294893219606384,Sadness,Shame,0.17450272692243504
0.00294893219606384,Shame,Boredom,0.010013343945038448
0.00294893219606384,Shame,Fear,0.3566876581006063
0.00294893219606384,Shame,Happiness,0.030017951186523815
0.00294893219606384,Shame,Joy,0.08033516896619879
0.00294893219606384,Shame,Pride,0.050585005093632916
0.00294893219606384,Shame,Sadness,0.2565038888468076
0.00294893219606384,Shame,Shame,0.21585698386119243
0.003125889134313568,Boredom,Boredom,0.47873148133449406
0.003125889134313568,Boredom,Fear,0.010074426747703919
0.003125889134313568,Boredom,Happiness,0.3157160065370781
0.003125889134313568,Boredom,Joy,0.026495455825074458
0.003125889134313568,Boredom,Pride,0.07507263928776944
0.003125889134313568,Boredom,Sadness,0.02470003857698058
0.003125889134313568,Boredom,Shame,0.06920995169089918
0.003125889134313568,Fear,Boredom,0.004406637671769508
0.003125889134313568,Fear,Fear,0.4371828012653926
0.003125889134313568,Fear,Happiness,0.015347943209715113
0.003125889134313568,Fear,Joy,0.042225539208431126
0.003125889134313568,Fear,Pride,0.027478051769711746
0.003125889134313568,Fear,Sadness,0.29943688993283557
0.003125889134313568,Fear,Shame,0.17392213694214442
0.003125889134313568,Happiness,Boredom,0.4304425017014541
0.003125889134313568,Happiness,Fear,0.010171218365565664
0.003125889134313568,Happiness,Happiness,0.3148360785525298
0.003125889134313568,Happiness,Joy,0.04582156014507625
0.003125889134313568,Happiness,Pride,0.08741787492022134
0.003125889134313568,Happiness,Sadness,0.018010823646603114
0.003125889134313568,Happiness,Shame,0.09329994266854964
0.003125889134313568,Joy,Boredom,0.009041748915989597
0.003125889134313568,Joy,Fear,0.03806516716194346
0.003125889134313568,Joy,Happiness,0.09873692706577712
0.003125889134313568,Joy,Joy,0.3258741684170933
0.003125889134313568,Joy,Pride,0.27503704407077356
0.003125889134313568,Joy,Sadness,0.02087536987416199
0.003125889134313568,Joy,Shame,0.23236957449426082
0.003125889134313568,Pride,Boredom,0.013230570088424725
0.003125889134313568,Pride,Fear,0.020331286744417837
0.003125889134313568,Pride,Happiness,0.153881609114909
0.003125889134313568,Pride,Joy,0.2916617046249659
0.003125889134313568,Pride,Pride,0.26539120043184566
0.003125889134313568,Pride,Sadness,0.01929858246127964
0.003125889134313568,Pride,Shame,0.23620504653415703
0.003125889134313568,Sadness,Boredom,0.011017065758747183
0.003125889134313568,Sadness,Fear,0.24090140506055774
0.003125889134313568,Sadness,Happiness,0.02663589374360889
0.003125889134313568,Sadness,Joy,0.019445914108999332
0.003125889134313568,Sadness,Pride,0.024966124988451865
0.003125889134313568,Sadness,Sadness,0.5132766098130503
0.003125889134313568,Sadness,Shame,0.16375698652658477
0.003125889134313568,Shame,Boredom,0.00840274935466531
0.003125889134313568,Shame,Fear,0.3699310926676133
0.003125889134313568,Shame,Happiness,0.025335337292652083
0.003125889134313568,Shame,Joy,0.07930384020814456
0.003125889134313568,Shame,Pride,0.0546102239819543
0.003125889134313568,Shame,Sadness,0.23014088833035518
0.003125889134313568,Shame,Shame,0.23227586816461507
0.003292163958914637,Boredom,Boredom,0.517150162509168
0.003292163958914637,Boredom,Fear,0.0057558707310924806
0.003292163958914637,Boredom,Happiness,0.33852987852393596
0.003292163958914637,Boredom,Joy,0.014402794261685031
0.003292163958914637,Boredom,Pride,0.06208506361165533
0.003292163958914637,Boredom,Sadness,0.013774693596732316
0.003292163958914637,Boredom,Shame,0.04830153676573069
0.003292163958914637,Fear,Boredom,0.0022545842856493345
0.003292163958914637,Fear,Fear,0.5639708928739801
0.003292163958914637,Fear,Happiness,0.0068306542938697465
0.003292163958914637,Fear,Joy,0.03002847210528913
0.003292163958914637,Fear,Pride,0.019655100050595432
0.003292163958914637,Fear,Sadness,0.2456739855977345
0.003292163958914637,Fear,Shame,0.13158631079288163
0.003292163958914637,Happiness,Boredom,0.44929492991673337
0.003292163958914637,Happiness,Fear,0.006929288376290115
0.003292163958914637,Happiness,Happiness,0.35515751431594705
0.003292163958914637,Happiness,Joy,0.026822147759748557
0.003292163958914637,Happiness,Pride,0.08261765930841199
0.003292163958914637,Happiness,Sadness,0.012539350292210467
0.003292163958914637,Happiness,Shame,0.06663911003065827
0.003292163958914637,Joy,Boredom,0.008100044037376365
0.003292163958914637,Joy,Fear,0.03726460344711353
0.003292163958914637,Joy,Happiness,0.07455401765483957
0.003292163958914637,Joy,Joy,0.3527533785114317
0.003292163958914637,Joy,Pride,0.2825028351790617
0.003292163958914637,Joy,Sadness,0.017360764417733782
0.003292163958914637,Joy,Shame,0.22746435675244375
0.003292163958914637,Pride,Boredom,0.01220908480798551
0.003292163958914637,Pride,Fear,0.019095309839868256
0.003292163958914637,Pride,Happiness,0.12417444771012681
0.003292163958914637,Pride,Joy,0.3185992939434436
0.003292163958914637,Pride,Pride,0.27192079398544783
0.003292163958914637,Pride,Sadness,0.017122921990190908
0.003292163958914637,Pride,Shame,0.2368781477229368
0.003292163958914637,Sadness,Boredom,0.007945097754097286
0.003292163958914637,Sadness,Fear,0.2429230003533912
0.003292163958914637,Sadness,Happiness,0.017583500088326025
0.003292163958914637,Sadness,Joy,0.010552582994293019
0.003292163958914637,Sadness,Pride,0.016595736350426295
0.003292163958914637,Sadness,Sadness,0.5852574249446775
0.003292163958914637,Sadness,Shame,0.11914265751478881
0.003292163958914637,Shame,Boredom,0.006247799876364957
0.003292163958914637,Shame,Fear,0.4547832821046938
0.003292163958914637,Shame,Happiness,0.015880667840273182
0.003292163958914637,Shame,Joy,0.0652423563443071
0.003292163958914637,Shame,Pride,0.06421053800884839
0.003292163958914637,Shame,Sadness,0.17563588317332313
0.003292163958914637,Shame,Shame,0.21799947265218936
0.002918436032747119,Boredom,Boredom,0.4897092573747134
0.002918436032747119,Boredom,Fear,0.011132183003237407
0.002918436032747119,Boredom,Happiness,0.3115587502891108
0.002918436032747119,Boredom,Joy,0.026227905444542374
0.002918436032747119,Boredom,Pride,0.07123442025587816
0.002918436032747119,Boredom,Sadness,0.02248270516164412
0.002918436032747119,Boredom,Shame,0.06765477847087371
0.002918436032747119,Fear,Boredom,0.004788951006752656
0.002918436032747119,Fear,Fear,0.46829628584692745
0.002918436032747119,Fear,Happiness,0.0169791221402675
0.002918436032747119,Fear,Joy,0.037833129771488436
0.002918436032747119,Fear,Pride,0.025483168878412742
0.002918436032747119,Fear,Sadness,0.28600252965953515
0.002918436032747119,Fear,Shame,0.1606168126966167
0.002918436032747119,Happiness,Boredom,0.42531518076675195
0.002918436032747119,Happiness,Fear,0.010274405202918137
0.002918436032747119,Happiness,Happiness,0.3064010437383129
0.002918436032747119,Happiness,Joy,0.04524714069413581
0.002918436032747119,Happiness,Pride,0.08254996802450858
0.002918436032747119,Happiness,Sadness,0.017550599989718703
0.002918436032747119,Happiness,Shame,0.11266166158365373
0.002918436032747119,Joy,Boredom,0.011242882518580827
0.002918436032747119,Joy,Fear,0.041364804025297866
0.002918436032747119,Joy,Happiness,0.119573814309383
0.002918436032747119,Joy,Joy,0.3299242949501336
0.002918436032747119,Joy,Pride,0.26917450024816597
0.002918436032747119,Joy,Sadness,0.021674512087276485
0.002918436032747119,Joy,Shame,0.20704519186116244
0.002918436032747119,Pride,Boredom,0.017194040176810952
0.002918436032747119,Pride,Fear,0.022828127521969995
0.002918436032747119,Pride,Happiness,0.181870956557948
0.002918436032747119,Pride,Joy,0.28627737522295627
0.002918436032747119,Pride,Pride,0.2605636089353056
0.002918436032747119,Pride,Sadness,0.020682981299676332
0.002918436032747119,Pride,Shame,0.21058291028533277
0.002918436032747119,Sadness,Boredom,0.015480080516763618
0.002918436032747119,Sadness,Fear,0.2827470738734801
0.002918436032747119,Sadness,Happiness,0.029122246612191715
0.002918436032747119,Sadness,Joy,0.01896564025849084
0.002918436032747119,Sadness,Pride,0.02419879556182305
0.002918436032747119,Sadness,Sadness,0.47629418724902606
0.002918436032747119,Sadness,Shame,0.15319197592822492
0.002918436032747119,Shame,Boredom,0.008500577221402567
0.002918436032747119,Shame,Fear,0.4072243225149994
0.002918436032747119,Shame,Happiness,0.026725627087972815
0.002918436032747119,Shame,Joy,0.07402410072024425
0.002918436032747119,Shame,Pride,0.044832793441507084
0.002918436032747119,Shame,Sadness,0.2326547542701791
0.002918436032747119,Shame,Shame,0.20603782474369475
0.0030110928040827907,Boredom,Boredom,0.5035430986015041
0.0030110928040827907,Boredom,Fear,0.009816583438432025
0.0030110928040827907,Boredom,Happiness,0.3160997268540406
0.0030110928040827907,Boredom,Joy,0.024192962084116445
0.0030110928040827907,Boredom,Pride,0.06908688154492627
0.0030110928040827907,Boredom,Sadness,0.019622554422333953
0.0030110928040827907,Boredom,Shame,0.05763819305464684
0.0030110928040827907,Fear,Boredom,0.004075714262183226
0.0030110928040827907,Fear,Fear,0.5095247705566488
0.0030110928040827907,Fear,Happiness,0.016348483746359947
0.0030110928040827907,Fear,Joy,0.03496191247782591
0.0030110928040827907,Fear,Pride,0.02218736181045911
0.0030110928040827907,Fear,Sadness,0.2736998282258001
0.0030110928040827907,Fear,Shame,0.1392019289207227
0.0030110928040827907,Happiness,Boredom,0.4553338516754612
0.0030110928040827907,Happiness,Fear,0.009962184434102649
0.0030110928040827907,Happiness,Happiness,0.31291107717311967
0.0030110928040827907,Happiness,Joy,0.040827983686105414
0.0030110928040827907,Happiness,Pride,0.07734399740091324
0.0030110928040827907,Happiness,Sadness,0.015915222632959334
0.0030110928040827907,Happiness,Shame,0.08770568299733822
0.0030110928040827907,Joy,Boredom,0.01224597857223424
0.0030110928040827907,Joy,Fear,0.042532201435157554
0.0030110928040827907,Joy,Happiness,0.1372577430380062
0.0030110928040827907,Joy,Joy,0.33038569965321013
0.0030110928040827907,Joy,Pride,0.26470727088382107
0.0030110928040827907,Joy,Sadness,0.02180021643472806
0.0030110928040827907,Joy,Shame,0.19107088998284283
0.0030110928040827907,Pride,Boredom,0.01890155282511661
0.0030110928040827907,Pride,Fear,0.024416998124272993
0.0030110928040827907,Pride,Happiness,0.20622149174559742
0.0030110928040827907,Pride,Joy,0.27651893766411584
0.0030110928040827907,Pride,Pride,0.25729059373959223
0.0030110928040827907,Pride,Sadness,0.021322232421776034
0.0030110928040827907,Pride,Shame,0.19532819347952884
0.0030110928040827907,Sadness,Boredom,0.014576968057898976
0.0030110928040827907,Sadness,Fear,0.32817571882562246
0.0030110928040827907,Sadness,Happiness,0.028615632502795453
0.0030110928040827907,Sadness,Joy,0.01687373434222296
0.0030110928040827907,Sadness,Pride,0.02134599323225576
0.0030110928040827907,Sadness,Sadness,0.4567885404885997
0.0030110928040827907,Sadness,Shame,0.13362341255060511
0.0030110928040827907,Shame,Boredom,0.007696006171146599
0.0030110928040827907,Shame,Fear,0.44503235093314625
0.0030110928040827907,Shame,Happiness,0.026785972019043598
0.0030110928040827907,Shame,Joy,0.06888660206749236
0.0030110928040827907,Shame,Pride,0.042559071541540185
0.0030110928040827907,Shame,Sadness,0.2260646348626466
0.0030110928040827907,Shame,Shame,0.18297536240498413
0.0032728260189569722,Boredom,Boredom,0.5133227109897136
0.0032728260189569722,Boredom,Fear,0.008233438725172567
0.0032728260189569722,Boredom,Happiness,0.3245227368107722
0.0032728260189569722,Boredom,Joy,0.018259900392494543
0.0032728260189569722,Boredom,Pride,0.06646982114986182
0.0032728260189569722,Boredom,Sadness,0.01736475233819313
0.0032728260189569722,Boredom,Shame,0.051826639593792065
0.0032728260189569722,Fear,Boredom,0.0028927786254800605
0.0032728260189569722,Fear,Fear,0.5576895610111036
0.0032728260189569722,Fear,Happiness,0.011507794668687931
0.0032728260189569722,Fear,Joy,0.03170692011044337
0.0032728260189569722,Fear,Pride,0.01890307740921927
0.0032728260189569722,Fear,Sadness,0.25504148785114605
0.0032728260189569722,Fear,Shame,0.12225838032391968
0.0032728260189569722,Happiness,Boredom,0.47060860185063597
0.0032728260189569722,Happiness,Fear,0.008714565069236345
0.0032728260189569722,Happiness,Happiness,0.33110029064130037
0.0032728260189569722,Happiness,Joy,0.031180950804834025
0.0032728260189569722,Happiness,Pride,0.07840895464420605
0.0032728260189569722,Happiness,Sadness,0.014643523864927444
0.0032728260189569722,Happiness,Shame,0.06534311312485942
0.0032728260189569722,Joy,Boredom,0.010912027842167934
0.0032728260189569722,Joy,Fear,0.04173008111356121
0.0032728260189569722,Joy,Happiness,0.10613511444986194
0.0032728260189569722,Joy,Joy,0.35001840605375306
0.0032728260189569722,Joy,Pride,0.2704309912116164
0.0032728260189569722,Joy,Sadness,0.02219127757023794
0.0032728260189569722,Joy,Shame,0.1985821017588014
0.0032728260189569722,Pride,Boredom,0.01618501485055046
0.0032728260189569722,Pride,Fear,0.022924542894479576
0.0032728260189569722,Pride,Happiness,0.18771099818043965
0.0032728260189569722,Pride,Joy,0.2947870309729198
0.0032728260189569722,Pride,Pride,0.2568087193598658
0.0032728260189569722,Pride,Sadness,0.02033871081566161
0.0032728260189569722,Pride,Shame,0.20124498292608314
0.0032728260189569722,Sadness,Boredom,0.010338644792970952
0.0032728260189569722,Sadness,Fear,0.318083300842771
0.0032728260189569722,Sadness,Happiness,0.02415808835375567
0.0032728260189569722,Sadness,Joy,0.013612373035477484
0.0032728260189569722,Sadness,Pride,0.01800723956607058
0.0032728260189569722,Sadness,Sadness,0.49858370107269884
0.0032728260189569722,Sadness,Shame,0.11721665233625567
0.0032728260189569722,Shame,Boredom,0.00653530962100465
0.0032728260189569722,Shame,Fear,0.471819748942724
0.0032728260189569722,Shame,Happiness,0.021642534728366573
0.0032728260189569722,Shame,Joy,0.06544578465485293
0.0032728260189569722,Shame,Pride,0.04993603326352273
0.0032728260189569722,Shame,Sadness,0.20573253897869034
0.0032728260189569722,Shame,Shame,0.17888804981083875
0.0031428037765119307,Boredom,Boredom,0.5255618751455278
0.0031428037765119307,Boredom,Fear,0.007095033548610034
0.0031428037765119307,Boredom,Happiness,0.32395050597658503
0.0031428037765119307,Boredom,Joy,0.016827721646293183
0.0031428037765119307,Boredom,Pride,0.06245865343898101
0.0031428037765119307,Boredom,Sadness,0.015527443997318773
0.0031428037765119307,Boredom,Shame,0.04857876624668423
0.0031428037765119307,Fear,Boredom,0.0026225325084759453
0.0031428037765119307,Fear,Fear,0.563506911673337
0.0031428037765119307,Fear,Happiness,0.010684612561893342
0.0031428037765119307,Fear,Joy,0.03090340164062432
0.0031428037765119307,Fear,Pride,0.018020581076022744
0.0031428037765119307,Fear,Sadness,0.2555487435446606
0.0031428037765119307,Fear,Shame,0.11871321699498613
0.0031428037765119307,Happiness,Boredom,0.472658014158928
0.0031428037765119307,Happiness,Fear,0.007765166732421226
0.0031428037765119307,Happiness,Happiness,0.3353362103384353
0.0031428037765119307,Happiness,Joy,0.0305164754318902
0.0031428037765119307,Happiness,Pride,0.07665127178222869
0.0031428037765119307,Happiness,Sadness,0.013223404697332589
0.0031428037765119307,Happiness,Shame,0.06384945685876424
0.0031428037765119307,Joy,Boredom,0.010233058571927236
0.0031428037765119307,Joy,Fear,0.04002108356471178
0.0031428037765119307,Joy,Happiness,0.10929545430675157
0.0031428037765119307,Joy,Joy,0.352984860575174
0.0031428037765119307,Joy,Pride,0.26934931285724845
0.0031428037765119307,Joy,Sadness,0.019660783085587663
0.0031428037765119307,Joy,Shame,0.19845544703859885
0.0031428037765119307,Pride,Boredom,0.01590096690569227
0.0031428037765119307,Pride,Fear,0.021430873343863822
0.0031428037765119307,Pride,Happiness,0.1933962830498096
0.0031428037765119307,Pride,Joy,0.2894359433506687
0.0031428037765119307,Pride,Pride,0.2577256925143464
0.0031428037765119307,Pride,Sadness,0.018286765603120193
0.0031428037765119307,Pride,Shame,0.20382347523249883
0.0031428037765119307,Sadness,Boredom,0.010473767038302311
0.0031428037765119307,Sadness,Fear,0.3241680309225184
0.0031428037765119307,Sadness,Happiness,0.023277040014752507
0.0031428037765119307,Sadness,Joy,0.012843944590729604
0.0031428037765119307,Sadness,Pride,0.017425192417876257
0.0031428037765119307,Sadness,Sadness,0.49916849295375654
0.0031428037765119307,Sadness,Shame,0.11264353206206394
0.0031428037765119307,Shame,Boredom,0.006485239512039553
0.0031428037765119307,Shame,Fear,0.47202282461710937
0.0031428037765119307,Shame,Happiness,0.021730485670937813
0.0031428037765119307,Shame,Joy,0.06595432529857455
0.0031428037765119307,Shame,Pride,0.05215506824798389
0.0031428037765119307,Shame,Sadness,0.19816976804024836
0.0031428037765119307,Shame,Shame,0.18348228861310636
0.003204339003811871,Boredom,Boredom,0.5287724427400015
0.003204339003811871,Boredom,Fear,0.006616188623605143
0.003204339003811871,Boredom,Happiness,0.3272502790305457
0.003204339003811871,Boredom,Joy,0.015511764610316654
0.003204339003811871,Boredom,Pride,0.06117348117525391
0.003204339003811871,Boredom,Sadness,0.014395224211846316
0.003204339003811871,Boredom,Shame,0.04628061960843061
0.003204339003811871,Fear,Boredom,0.002442099305747081
0.003204339003811871,Fear,Fear,0.5768967753850888
0.003204339003811871,Fear,Happiness,0.009466924794417448
0.003204339003811871,Fear,Joy,0.0297662985106271
0.003204339003811871,Fear,Pride,0.017584349482692656
0.003204339003811871,Fear,Sadness,0.2475039777800211
0.003204339003811871,Fear,Shame,0.1163395747414055
0.003204339003811871,Happiness,Boredom,0.47302189983856935
0.003204339003811871,Happiness,Fear,0.00738112469173892
0.003204339003811871,Happiness,Happiness,0.3402043167531595
0.003204339003811871,Happiness,Joy,0.02837680322555452
0.003204339003811871,Happiness,Pride,0.07659864910781053
0.003204339003811871,Happiness,Sadness,0.012539013753511075
0.003204339003811871,Happiness,Shame,0.06187819262965611
0.003204339003811871,Joy,Boredom,0.009810074169736623
0.003204339003811871,Joy,Fear,0.03959932507582691
0.003204339003811871,Joy,Happiness,0.10118152757131287
0.003204339003811871,Joy,Joy,0.3578186892024572
0.003204339003811871,Joy,Pride,0.2714452108974204
0.003204339003811871,Joy,Sadness,0.01910938061621272
0.003204339003811871,Joy,Shame,0.20103579246703293
0.003204339003811871,Pride,Boredom,0.015410322096673876
0.003204339003811871,Pride,Fear,0.021131828493679127
0.003204339003811871,Pride,Happiness,0.18684645602485217
0.003204339003811871,Pride,Joy,0.2951340633835829
0.003204339003811871,Pride,Pride,0.25819608099293634
0.003204339003811871,Pride,Sadness,0.017508507851553945
0.003204339003811871,Pride,Shame,0.20577274115672176
0.003204339003811871,Sadness,Boredom,0.010121258792347022
0.003204339003811871,Sadness,Fear,0.31936064319618135
0.003204339003811871,Sadness,Happiness,0.021813719868130785
0.003204339003811871,Sadness,Joy,0.011888067535950496
0.003204339003811871,Sadness,Pride,0.016372705991725314
0.003204339003811871,Sadness,Sadness,0.5133302367454763
0.003204339003811871,Sadness,Shame,0.1071133678701886
0.003204339003811871,Shame,Boredom,0.006276506406760907
0.003204339003811871,Shame,Fear,0.48078935915661397
0.003204339003811871,Shame,Happiness,0.020074173995885857
0.003204339003811871,Shame,Joy,0.06438723131544688
0.003204339003811871,Shame,Pride,0.05424264192684226
0.003204339003811871,Shame,Sadness,0.18896524328441017
0.003204339003811871,Shame,Shame,0.18526484391404066
0.0029944425552743677,Boredom,Boredom,0.4868464624009414
0.0029944425552743677,Boredom,Fear,0.00597101456132489
0.0029944425552743677,Boredom,Happiness,0.3415212301877416
0.0029944425552743677,Boredom,Joy,0.017323535749130328
0.0029944425552743677,Boredom,Pride,0.0681743730895885
0.0029944425552743677,Boredom,Sadness,0.017797310503827594
0.0029944425552743677,Boredom,Shame,0.06236607350744584
0.0029944425552743677,Fear,Boredom,0.0029335762224460753
0.0029944425552743677,Fear,Fear,0.5002253975580512
0.0029944425552743677,Fear,Happiness,0.0074252376569979095
0.0029944425552743677,Fear,Joy,0.034508794583390574
0.0029944425552743677,Fear,Pride,0.02361650637521822
0.0029944425552743677,Fear,Sadness,0.2652680371274968
0.0029944425552743677,Fear,Shame,0.1660224504763993
0.0029944425552743677,Happiness,Boredom,0.4017766389035832
0.0029944425552743677,Happiness,Fear,0.006712284081616739
0.0029944425552743677,Happiness,Happiness,0.34785437028020944
0.0029944425552743677,Happiness,Joy,0.03325579131165588
0.0029944425552743677,Happiness,Pride,0.09124651852789382
0.0029944425552743677,Happiness,Sadness,0.013496471368340177
0.0029944425552743677,Happiness,Shame,0.10565792552670028
0.0029944425552743677,Joy,Boredom,0.005715401471882898
0.0029944425552743677,Joy,Fear,0.030447362793554485
0.0029944425552743677,Joy,Happiness,0.06835736151773877
0.0029944425552743677,Joy,Joy,0.32810169685486723
0.0029944425552743677,Joy,Pride,0.2889764517196855
0.0029944425552743677,Joy,Sadness,0.013117949848726659
0.0029944425552743677,Joy,Shame,0.26528377579354445
0.0029944425552743677,Pride,Boredom,0.009069538135708868
0.0029944425552743677,Pride,Fear,0.012539063775690832
0.0029944425552743677,Pride,Happiness,0.11743291319224013
0.0029944425552743677,Pride,Joy,0.2915120013963355
0.0029944425552743677,Pride,Pride,0.28135476342744825
0.0029944425552743677,Pride,Sadness,0.012561731822984049
0.0029944425552743677,Pride,Shame,0.2755299882495922
0.0029944425552743677,Sadness,Boredom,0.007089812916451514
0.0029944425552743677,Sadness,Fear,0.17000533944652457
0.0029944425552743677,Sadness,Happiness,0.016337374597318727
0.0029944425552743677,Sadness,Joy,0.013027130185913883
0.0029944425552743677,Sadness,Pride,0.019890052015363133
0.0029944425552743677,Sadness,Sadness,0.6205463570181068
0.0029944425552743677,Sadness,Shame,0.1531039338203217
0.0029944425552743677,Shame,Boredom,0.007444841224553757
0.0029944425552743677,Shame,Fear,0.3837756783274258
0.0029944425552743677,Shame,Happiness,0.016646751430660234
0.0029944425552743677,Shame,Joy,0.07324425441071644
0.0029944425552743677,Shame,Pride,0.06254182449095086
0.0029944425552743677,Shame,Sadness,0.17984854780826245
0.0029944425552743677,Shame,Shame,0.27649810230743005
0.0031664578442149073,Boredom,Boredom,0.5118037425168578
0.0031664578442149073,Boredom,Fear,0.008713528127355907
0.0031664578442149073,Boredom,Happiness,0.32064534694319885
0.0031664578442149073,Boredom,Joy,0.020059511573093717
0.0031664578442149073,Boredom,Pride,0.06660241872385184
0.0031664578442149073,Boredom,Sadness,0.019207518785873443
0.0031664578442149073,Boredom,Shame,0.05296793332976862
0.0031664578442149073,Fear,Boredom,0.0032419589255306635
0.0031664578442149073,Fear,Fear,0.5388137715656708
0.0031664578442149073,Fear,Happiness,0.013395690566013313
0.0031664578442149073,Fear,Joy,0.03329085902993399
0.0031664578442149073,Fear,Pride,0.02010243635846583
0.0031664578442149073,Fear,Sadness,0.2620497167465426
0.0031664578442149073,Fear,Shame,0.1291055668078424
0.0031664578442149073,Happiness,Boredom,0.4695396817300886
0.0031664578442149073,Happiness,Fear,0.009206247696346882
0.0031664578442149073,Happiness,Happiness,0.32664481796804634
0.0031664578442149073,Happiness,Joy,0.034833016698910646
0.0031664578442149073,Happiness,Pride,0.07778274884984859
0.0031664578442149073,Happiness,Sadness,0.015095872050080736
0.0031664578442149073,Happiness,Shame,0.06689761500667836
0.0031664578442149073,Joy,Boredom,0.011230687758817411
0.0031664578442149073,Joy,Fear,0.041850602133659605
0.0031664578442149073,Joy,Happiness,0.12021427926846658
0.0031664578442149073,Joy,Joy,0.34272124001681226
0.0031664578442149073,Joy,Pride,0.2675204600041754
0.0031664578442149073,Joy,Sadness,0.021754654769275766
0.0031664578442149073,Joy,Shame,0.19470807604879325
0.0031664578442149073,Pride,Boredom,0.016747166458380067
0.0031664578442149073,Pride,Fear,0.023529289303908723
0.0031664578442149073,Pride,Happiness,0.1983805248240289
0.0031664578442149073,Pride,Joy,0.28497981437159264
0.0031664578442149073,Pride,Pride,0.2572333576250299
0.0031664578442149073,Pride,Sadness,0.02057134766090122
0.0031664578442149073,Pride,Shame,0.1985584997561581
0.0031664578442149073,Sadness,Boredom,0.010997275611519608
0.0031664578442149073,Sadness,Fear,0.3222930996656096
0.0031664578442149073,Sadness,Happiness,0.025642523612305977
0.0031664578442149073,Sadness,Joy,0.014731040329428033
0.0031664578442149073,Sadness,Pride,0.019158116779007993
0.0031664578442149073,Sadness,Sadness,0.4843149354295871
0.0031664578442149073,Sadness,Shame,0.12286300857254223
0.0031664578442149073,Shame,Boredom,0.006875383476646047
0.0031664578442149073,Shame,Fear,0.4635936592176928
0.0031664578442149073,Shame,Happiness,0.023660336997226906
0.0031664578442149073,Shame,Joy,0.06694357507054818
0.0031664578442149073,Shame,Pride,0.0436931172811871
0.0031664578442149073,Shame,Sadness,0.2142994808362842
0.0031664578442149073,Shame,Shame,0.18093444712041465
0.0032310346055655515,Boredom,Boredom,0.5045783896624825
0.0032310346055655515,Boredom,Fear,0.009439638126935414
0.0032310346055655515,Boredom,Happiness,0.3206358443054369
0.0032310346055655515,Boredom,Joy,0.021058731115465766
0.0032310346055655515,Boredom,Pride,0.06842252892326234
0.0032310346055655515,Boredom,Sadness,0.021104703305220882
0.0032310346055655515,Boredom,Shame,0.05476016456119575
0.0032310346055655515,Fear,Boredom,0.003360522481354305
0.0032310346055655515,Fear,Fear,0.5366538998607171
0.0032310346055655515,Fear,Happiness,0.0138948383855363
0.0032310346055655515,Fear,Joy,0.03368075496117319
0.0032310346055655515,Fear,Pride,0.020301032124679243
0.0032310346055655515,Fear,Sadness,0.2636194912820492
0.0032310346055655515,Fear,Shame,0.12848946090449048
0.0032310346055655515,Happiness,Boredom,0.4686037687454086
0.0032310346055655515,Happiness,Fear,0.009680303231598268
0.0032310346055655515,Happiness,Happiness,0.3237707701148698
0.0032310346055655515,Happiness,Joy,0.03540181088264807
0.0032310346055655515,Happiness,Pride,0.07873042630525741
0.0032310346055655515,Happiness,Sadness,0.015705239486552183
0.0032310346055655515,Happiness,Shame,0.0681076812336654
0.0032310346055655515,Joy,Boredom,0.01172512386982678
0.0032310346055655515,Joy,Fear,0.0430027054709034
0.0032310346055655515,Joy,Happiness,0.1203320529268595
0.0032310346055655515,Joy,Joy,0.34008927525125804
0.0032310346055655515,Joy,Pride,0.2676759741965386
0.0032310346055655515,Joy,Sadness,0.022810540648641353
0.0032310346055655515,Joy,Shame,0.19436432763597192
0.0032310346055655515,Pride,Boredom,0.017041764566096896
0.0032310346055655515,Pride,Fear,0.024329612041577017
0.0032310346055655515,Pride,Happiness,0.19753483652290046
0.0032310346055655515,Pride,Joy,0.28621730318649063
0.0032310346055655515,Pride,Pride,0.2564795378380917
0.0032310346055655515,Pride,Sadness,0.02133956878137085
0.0032310346055655515,Pride,Shame,0.19705737706347268
0.0032310346055655515,Sadness,Boredom,0.010840882854465338
0.0032310346055655515,Sadness,Fear,0.3216381110969504
0.0032310346055655515,Sadness,Happiness,0.025946399791051095
0.0032310346055655515,Sadness,Joy,0.014999877505365949
0.0032310346055655515,Sadness,Pride,0.019195283153266098
0.0032310346055655515,Sadness,Sadness,0.4850916036670238
0.0032310346055655515,Sadness,Shame,0.122287841931878
0.0032310346055655515,Shame,Boredom,0.006977983467927185
0.0032310346055655515,Shame,Fear,0.46709389831314857
0.0032310346055655515,Shame,Happiness,0.023822882758637497
0.0032310346055655515,Shame,Joy,0.06656366663073349
0.0032310346055655515,Shame,Pride,0.04018707941541324
0.0032310346055655515,Shame,Sadness,0.21840816532362545
0.0032310346055655515,Shame,Shame,0.1769463240905143
0.0032048987003265054,Boredom,Boredom,0.5229735041104672
0.0032048987003265054,Boredom,Fear,0.007177206824725219
0.0032048987003265054,Boredom,Happiness,0.32715461384723327
0.0032048987003265054,Boredom,Joy,0.01667648403130112
0.0032048987003265054,Boredom,Pride,0.062480882031787005
0.0032048987003265054,Boredom,Sadness,0.01557681554355867
0.0032048987003265054,Boredom,Shame,0.04796049361092753
0.0032048987003265054,Fear,Boredom,0.002762157623853828
0.0032048987003265054,Fear,Fear,0.5641515858251102
0.0032048987003265054,Fear,Happiness,0.010878420411630167
0.0032048987003265054,Fear,Joy,0.03137867325671871
0.0032048987003265054,Fear,Pride,0.018926065061460447
0.0032048987003265054,Fear,Sadness,0.24786502313305753
0.0032048987003265054,Fear,Shame,0.12403807468816952
0.0032048987003265054,Happiness,Boredom,0.47107006350894376
0.0032048987003265054,Happiness,Fear,0.007960548576404205
0.0032048987003265054,Happiness,Happiness,0.33756316523891117
0.0032048987003265054,Happiness,Joy,0.03031390365628095
0.0032048987003265054,Happiness,Pride,0.07680067923407591
0.0032048987003265054,Happiness,Sadness,0.013463984925190053
0.0032048987003265054,Happiness,Shame,0.06282765486019415
0.0032048987003265054,Joy,Boredom,0.010330496333210626
0.0032048987003265054,Joy,Fear,0.0402837534772486
0.0032048987003265054,Joy,Happiness,0.10755626692266115
0.0032048987003265054,Joy,Joy,0.3544794691460097
0.0032048987003265054,Joy,Pride,0.2710891140780022
0.0032048987003265054,Joy,Sadness,0.020483337327315554
0.0032048987003265054,Joy,Shame,0.19577756271555222
0.0032048987003265054,Pride,Boredom,0.016248157639721948
0.0032048987003265054,Pride,Fear,0.02218372605543236
0.0032048987003265054,Pride,Happiness,0.19141124520626723
0.0032048987003265054,Pride,Joy,0.29169760529078687
0.0032048987003265054,Pride,Pride,0.2587247465067988
0.0032048987003265054,Pride,Sadness,0.019325568701853684
0.0032048987003265054,Pride,Shame,0.2004089505991393
0.0032048987003265054,Sadness,Boredom,0.010716770236820439
0.0032048987003265054,Sadness,Fear,0.31762710219639206
0.0032048987003265054,Sadness,Happiness,0.02362779153419362
0.0032048987003265054,Sadness,Joy,0.013339060875037029
0.0032048987003265054,Sadness,Pride,0.0181048153863615
0.0032048987003265054,Sadness,Sadness,0.497085653776402
0.0032048987003265054,Sadness,Shame,0.11949880599479368
0.0032048987003265054,Shame,Boredom,0.00638993663902023
0.0032048987003265054,Shame,Fear,0.47411199200630305
0.0032048987003265054,Shame,Happiness,0.021107438121277255
0.0032048987003265054,Shame,Joy,0.06516175405107591
0.0032048987003265054,Shame,Pride,0.05245942311285071
0.0032048987003265054,Shame,Sadness,0.1966809899830755
0.0032048987003265054,Shame,Shame,0.18408846608639787
0.003060704997888054,Boredom,Boredom,0.5186582164765936
0.003060704997888054,Boredom,Fear,0.007905956514666496
0.003060704997888054,Boredom,Happiness,0.3222640566442399
0.003060704997888054,Boredom,Joy,0.019758202055155577
0.003060704997888054,Boredom,Pride,0.06500710865247401
0.003060704997888054,Boredom,Sadness,0.015659990405663255
0.003060704997888054,Boredom,Shame,0.050746469251207016
0.003060704997888054,Fear,Boredom,0.0031949959688979362
0.003060704997888054,Fear,Fear,0.5374868693919846
0.003060704997888054,Fear,Happiness,0.01328198787421408
0.003060704997888054,Fear,Joy,0.033725350563378075
0.003060704997888054,Fear,Pride,0.02027071180120795
0.003060704997888054,Fear,Sadness,0.26128575473653987
0.003060704997888054,Fear,Shame,0.1307543296637776
0.003060704997888054,Happiness,Boredom,0.4682149914754425
0.003060704997888054,Happiness,Fear,0.00859343432683479
0.003060704997888054,Happiness,Happiness,0.3285611138215242
0.003060704997888054,Happiness,Joy,0.03538736184950214
0.003060704997888054,Happiness,Pride,0.07619802626797827
0.003060704997888054,Happiness,Sadness,0.014145649837946311
0.003060704997888054,Happiness,Shame,0.06889942242077172
0.003060704997888054,Joy,Boredom,0.010866245151154872
0.003060704997888054,Joy,Fear,0.040838177267906665
0.003060704997888054,Joy,Happiness,0.12480692594539566
0.003060704997888054,Joy,Joy,0.3425719683095536
0.003060704997888054,Joy,Pride,0.2665927451063745
0.003060704997888054,Joy,Sadness,0.020320305565911027
0.003060704997888054,Joy,Shame,0.1940036326537038
0.003060704997888054,Pride,Boredom,0.016981106979475413
0.003060704997888054,Pride,Fear,0.022908694445925436
0.003060704997888054,Pride,Happiness,0.20217422051133546
0.003060704997888054,Pride,Joy,0.2810114126972513
0.003060704997888054,Pride,Pride,0.25797370037982853
0.003060704997888054,Pride,Sadness,0.019623383391278382
0.003060704997888054,Pride,Shame,0.1993274815949053
0.003060704997888054,Sadness,Boredom,0.011237629659890188
0.003060704997888054,Sadness,Fear,0.3255478277643501
0.003060704997888054,Sadness,Happiness,0.025540972501695097
0.003060704997888054,Sadness,Joy,0.014608661843272556
0.003060704997888054,Sadness,Pride,0.019201726144110143
0.003060704997888054,Sadness,Sadness,0.4797885785993646
0.003060704997888054,Sadness,Shame,0.12407460348731737
0.003060704997888054,Shame,Boredom,0.006934883437672648
0.003060704997888054,Shame,Fear,0.4546916301395223
0.003060704997888054,Shame,Happiness,0.024634401059633913
0.003060704997888054,Shame,Joy,0.06872814666542687
0.003060704997888054,Shame,Pride,0.05511030495072479
0.003060704997888054,Shame,Sadness,0.20409195538608113
0.003060704997888054,Shame,Shame,0.1858086783609382
0.0033836372929346046,Boredom,Boredom,0.4874703876385581
0.0033836372929346046,Boredom,Fear,0.008261413611448894
0.0033836372929346046,Boredom,Happiness,0.32823594717573523
0.0033836372929346046,Boredom,Joy,0.01951947894094481
0.0033836372929346046,Boredom,Pride,0.0725936593964647
0.0033836372929346046,Boredom,Sadness,0.019698631809597182
0.0033836372929346046,Boredom,Shame,0.06422048142725093
0.0033836372929346046,Fear,Boredom,0.003245537778926284
0.0033836372929346046,Fear,Fear,0.4831533728126647
0.0033836372929346046,Fear,Happiness,0.009962180316060948
0.0033836372929346046,Fear,Joy,0.03662851931217923
0.0033836372929346046,Fear,Pride,0.02442994044286789
0.0033836372929346046,Fear,Sadness,0.2856211216759631
0.0033836372929346046,Fear,Shame,0.15695932766133816
0.0033836372929346046,Happiness,Boredom,0.4349937597565978
0.0033836372929346046,Happiness,Fear,0.009125471231187315
0.0033836372929346046,Happiness,Happiness,0.33557355999156957
0.0033836372929346046,Happiness,Joy,0.03263208023131636
0.0033836372929346046,Happiness,Pride,0.0904766324346036
0.0033836372929346046,Happiness,Sadness,0.01633154814060979
0.0033836372929346046,Happiness,Shame,0.08086694821411515
0.0033836372929346046,Joy,Boredom,0.00833190877115562
0.0033836372929346046,Joy,Fear,0.03771188470086429
0.0033836372929346046,Joy,Happiness,0.07575328403279273
0.0033836372929346046,Joy,Joy,0.33345702562444024
0.0033836372929346046,Joy,Pride,0.28225361394030674
0.0033836372929346046,Joy,Sadness,0.019290127149530798
0.0033836372929346046,Joy,Shame,0.24320215578090978
0.0033836372929346046,Pride,Boredom,0.01233040484615833
0.0033836372929346046,Pride,Fear,0.020378080476083145
0.0033836372929346046,Pride,Happiness,0.10601344320671711
0.0033836372929346046,Pride,Joy,0.31237896669239024
0.0033836372929346046,Pride,Pride,0.2754451428589493
0.0033836372929346046,Pride,Sadness,0.019752228788040106
0.0033836372929346046,Pride,Shame,0.25370173313166183
0.0033836372929346046,Sadness,Boredom,0.008776840812559205
0.0033836372929346046,Sadness,Fear,0.2164517802561243
0.0033836372929346046,Sadness,Happiness,0.021000104998730795
0.0033836372929346046,Sadness,Joy,0.01332151033973227
0.0033836372929346046,Sadness,Pride,0.020661191316699547
0.0033836372929346046,Sadness,Sadness,0.5769576871083326
0.0033836372929346046,Sadness,Shame,0.14283088516782103
0.0033836372929346046,Shame,Boredom,0.007306587095701702
0.0033836372929346046,Shame,Fear,0.3934083521884292
0.0033836372929346046,Shame,Happiness,0.019368569755590155
0.0033836372929346046,Shame,Joy,0.07287569488986877
0.0033836372929346046,Shame,Pride,0.06760573852283709
0.0033836372929346046,Shame,Sadness,0.20576574226543315
0.0033836372929346046,Shame,Shame,0.23366931528214
0.0030567129682888593,Boredom,Boredom,0.5192976883179915
0.0030567129682888593,Boredom,Fear,0.00790499894187731
0.0030567129682888593,Boredom,Happiness,0.3211757047403323
0.0030567129682888593,Boredom,Joy,0.019643186540495503
0.0030567129682888593,Boredom,Pride,0.06459197804210175
0.0030567129682888593,Boredom,Sadness,0.016362179876158563
0.0030567129682888593,Boredom,Shame,0.05102426354104309
0.0030567129682888593,Fear,Boredom,0.0031641792358063736
0.0030567129682888593,Fear,Fear,0.5375389366311581
0.0030567129682888593,Fear,Happiness,0.013189575124246794
0.0030567129682888593,Fear,Joy,0.0335746547735113
0.0030567129682888593,Fear,Pride,0.020004058133461497
0.0030567129682888593,Fear,Sadness,0.26319146147537814
0.0030567129682888593,Fear,Shame,0.129337134626438
0.0030567129682888593,Happiness,Boredom,0.4678487661386063
0.0030567129682888593,Happiness,Fear,0.008526387836016829
0.0030567129682888593,Happiness,Happiness,0.32770041190570404
0.0030567129682888593,Happiness,Joy,0.03518985766676334
0.0030567129682888593,Happiness,Pride,0.07607482614437884
0.0030567129682888593,Happiness,Sadness,0.014081471942875933
0.0030567129682888593,Happiness,Shame,0.07057827836565475
0.0030567129682888593,Joy,Boredom,0.010815606626782936
0.0030567129682888593,Joy,Fear,0.04080100970946232
0.0030567129682888593,Joy,Happiness,0.12437173014887616
0.0030567129682888593,Joy,Joy,0.34195012063437763
0.0030567129682888593,Joy,Pride,0.26688880763803285
0.0030567129682888593,Joy,Sadness,0.020045714817143106
0.0030567129682888593,Joy,Shame,0.1951270104253254
0.0030567129682888593,Pride,Boredom,0.016817467569389736
0.0030567129682888593,Pride,Fear,0.02275561733832419
0.0030567129682888593,Pride,Happiness,0.2019572093515219
0.0030567129682888593,Pride,Joy,0.28060248970226465
0.0030567129682888593,Pride,Pride,0.25797660874980066
0.0030567129682888593,Pride,Sadness,0.019352415956655423
0.0030567129682888593,Pride,Shame,0.20053819133204387
0.0030567129682888593,Sadness,Boredom,0.011461673469179296
0.0030567129682888593,Sadness,Fear,0.3264248036575508
0.0030567129682888593,Sadness,Happiness,0.025375433273215016
0.0030567129682888593,Sadness,Joy,0.014461344408877034
0.0030567129682888593,Sadness,Pride,0.018967485429397805
0.0030567129682888593,Sadness,Sadness,0.4813497389778909
0.0030567129682888593,Sadness,Shame,0.12195952078388884
0.0030567129682888593,Shame,Boredom,0.0069569220571729035
0.0030567129682888593,Shame,Fear,0.45634492462780085
0.0030567129682888593,Shame,Happiness,0.024473970188614788
0.0030567129682888593,Shame,Joy,0.06869212754003033
0.0030567129682888593,Shame,Pride,0.05127568867117907
0.0030567129682888593,Shame,Sadness,0.20680649939248938
0.0030567129682888593,Shame,Shame,0.18544986752271284
0.0030910779914843987,Boredom,Boredom,0.5060123706705928
0.0030910779914843987,Boredom,Fear,0.007525432895957407
0.0030910779914843987,Boredom,Happiness,0.32658826302893473
0.0030910779914843987,Boredom,Joy,0.018746535688412707
0.0030910779914843987,Boredom,Pride,0.06688191188668656
0.0030910779914843987,Boredom,Sadness,0.017536692605965593
0.0030910779914843987,Boredom,Shame,0.05670879322345013
0.0030910779914843987,Fear,Boredom,0.003083145264202658
0.0030910779914843987,Fear,Fear,0.5192700374002372
0.0030910779914843987,Fear,Happiness,0.011219547035671386
0.0030910779914843987,Fear,Joy,0.03465108456655957
0.0030910779914843987,Fear,Pride,0.021670155374793675
0.0030910779914843987,Fear,Sadness,0.265971509769797
0.0030910779914843987,Fear,Shame,0.1441345205887383
0.0030910779914843987,Happiness,Boredom,0.44671737363339303
0.0030910779914843987,Happiness,Fear,0.008149155950542757
0.0030910779914843987,Happiness,Happiness,0.33407176126063515
0.0030910779914843987,Happiness,Joy,0.033966213681234626
0.0030910779914843987,Happiness,Pride,0.08146613961900064
0.0030910779914843987,Happiness,Sadness,0.01461041759566829
0.0030910779914843987,Happiness,Shame,0.08101893825952568
0.0030910779914843987,Joy,Boredom,0.008914974230366177
0.0030910779914843987,Joy,Fear,0.03801437395617382
0.0030910779914843987,Joy,Happiness,0.09527127206550275
0.0030910779914843987,Joy,Joy,0.34294575764783203
0.0030910779914843987,Joy,Pride,0.27594328648440436
0.0030910779914843987,Joy,Sadness,0.019077744721625853
0.0030910779914843987,Joy,Shame,0.21983259089409538
0.0030910779914843987,Pride,Boredom,0.01361022921770581
0.0030910779914843987,Pride,Fear,0.01948740477531508
0.0030910779914843987,Pride,Happiness,0.16442293701126534
0.0030910779914843987,Pride,Joy,0.2958100090552185
0.0030910779914843987,Pride,Pride,0.2640260664990746
0.0030910779914843987,Pride,Sadness,0.01753525770555243
0.0030910779914843987,Pride,Shame,0.22510809573586796
0.0030910779914843987,Sadness,Boredom,0.009814315280533822
0.0030910779914843987,Sadness,Fear,0.2635712746217832
0.0030910779914843987,Sadness,Happiness,0.02289534519970984
0.0030910779914843987,Sadness,Joy,0.014484544175119709
0.0030910779914843987,Sadness,Pride,0.019659017216966786
0.0030910779914843987,Sadness,Sadness,0.5341672618560492
0.0030910779914843987,Sadness,Shame,0.13540824164983734
0.0030910779914843987,Shame,Boredom,0.007108885952383416
0.0030910779914843987,Shame,Fear,0.4273728738415664
0.0030910779914843987,Shame,Happiness,0.021752907624125066
0.0030910779914843987,Shame,Joy,0.07130150398955741
0.0030910779914843987,Shame,Pride,0.05743288490745944
0.0030910779914843987,Shame,Sadness,0.20048335730825653
0.0030910779914843987,Shame,Shame,0.2145475863766513
0.003434035259248978,Boredom,Boredom,0.5098734528094514
0.003434035259248978,Boredom,Fear,0.006657789369369861
0.003434035259248978,Boredom,Happiness,0.33404794315511144
0.003434035259248978,Boredom,Joy,0.01601265362179107
0.003434035259248978,Boredom,Pride,0.06460131588392923
0.003434035259248978,Boredom,Sadness,0.017238549151160198
0.003434035259248978,Boredom,Shame,0.05156829600918673
0.003434035259248978,Fear,Boredom,0.0023144909643380484
0.003434035259248978,Fear,Fear,0.575566459368149
0.003434035259248978,Fear,Happiness,0.007743955910741951
0.003434035259248978,Fear,Joy,0.02911988443992029
0.003434035259248978,Fear,Pride,0.01814323950641466
0.003434035259248978,Fear,Sadness,0.24307056226093857
0.003434035259248978,Fear,Shame,0.12404140754949763
0.003434035259248978,Happiness,Boredom,0.4514602541546438
0.003434035259248978,Happiness,Fear,0.007456950781322774
0.003434035259248978,Happiness,Happiness,0.34681350264818067
0.003434035259248978,Happiness,Joy,0.028118376049168833
0.003434035259248978,Happiness,Pride,0.08391234987652849
0.003434035259248978,Happiness,Sadness,0.013996038881833905
0.003434035259248978,Happiness,Shame,0.06824252760832093
0.003434035259248978,Joy,Boredom,0.009127950578417749
0.003434035259248978,Joy,Fear,0.03952031856814989
0.003434035259248978,Joy,Happiness,0.07875300507089629
0.003434035259248978,Joy,Joy,0.35053294580237276
0.003434035259248978,Joy,Pride,0.2805482600852556
0.003434035259248978,Joy,Sadness,0.019964186628003294
0.003434035259248978,Joy,Shame,0.2215533332669042
0.003434035259248978,Pride,Boredom,0.013118356547508076
0.003434035259248978,Pride,Fear,0.021328600932157618
0.003434035259248978,Pride,Happiness,0.11759319315698608
0.003434035259248978,Pride,Joy,0.3252324292003278
0.003434035259248978,Pride,Pride,0.27053906483443946
0.003434035259248978,Pride,Sadness,0.020678668773601885
0.003434035259248978,Pride,Shame,0.2315096865549789
0.003434035259248978,Sadness,Boredom,0.00760915188074924
0.003434035259248978,Sadness,Fear,0.2380476980358352
0.003434035259248978,Sadness,Happiness,0.018596034893227604
0.003434035259248978,Sadness,Joy,0.010515015772034791
0.003434035259248978,Sadness,Pride,0.016189276422254345
0.003434035259248978,Sadness,Sadness,0.5944304868613796
0.003434035259248978,Sadness,Shame,0.114612336134519
0.003434035259248978,Shame,Boredom,0.006088296343210059
0.003434035259248978,Shame,Fear,0.47243982226844483
0.003434035259248978,Shame,Happiness,0.01640817366773244
0.003434035259248978,Shame,Joy,0.06259916841894621
0.003434035259248978,Shame,Pride,0.050537579513922584
0.003434035259248978,Shame,Sadness,0.19047669443658943
0.003434035259248978,Shame,Shame,0.20145026535115412
0.0030057639621674584,Boredom,Boredom,0.5021846117400184
0.0030057639621674584,Boredom,Fear,0.009997451026379243
0.0030057639621674584,Boredom,Happiness,0.31341392880675617
0.0030057639621674584,Boredom,Joy,0.024955533053495682
0.0030057639621674584,Boredom,Pride,0.06883592356438041
0.0030057639621674584,Boredom,Sadness,0.02137717235949907
0.0030057639621674584,Boredom,Shame,0.059235379449471555
0.0030057639621674584,Fear,Boredom,0.00432938668900119
0.0030057639621674584,Fear,Fear,0.50631925678369
0.0030057639621674584,Fear,Happiness,0.016828563466593227
0.0030057639621674584,Fear,Joy,0.034980322304960614
0.0030057639621674584,Fear,Pride,0.02234159527991653
0.0030057639621674584,Fear,Sadness,0.2761751854272855
0.0030057639621674584,Fear,Shame,0.13902569004855275
0.0030057639621674584,Happiness,Boredom,0.45261072046420103
0.0030057639621674584,Happiness,Fear,0.010251628476307123
0.0030057639621674584,Happiness,Happiness,0.3096332440643377
0.0030057639621674584,Happiness,Joy,0.04200193984313462
0.0030057639621674584,Happiness,Pride,0.07725450390159261
0.0030057639621674584,Happiness,Sadness,0.016312302626625138
0.0030057639621674584,Happiness,Shame,0.09193566062380182
0.0030057639621674584,Joy,Boredom,0.012702236330752664
0.0030057639621674584,Joy,Fear,0.04288283669004829
0.0030057639621674584,Joy,Happiness,0.13974251175353228
0.0030057639621674584,Joy,Joy,0.3282334334743124
0.0030057639621674584,Joy,Pride,0.26471883360078197
0.0030057639621674584,Joy,Sadness,0.02207959796444943
0.0030057639621674584,Joy,Shame,0.18964055018612316
0.0030057639621674584,Pride,Boredom,0.01957927344633072
0.0030057639621674584,Pride,Fear,0.024741856754859758
0.0030057639621674584,Pride,Happiness,0.2071031895289083
0.0030057639621674584,Pride,Joy,0.2758540662301449
0.0030057639621674584,Pride,Pride,0.25737802140244204
0.0030057639621674584,Pride,Sadness,0.02157848035850771
0.0030057639621674584,Pride,Shame,0.19376511227880658
0.0030057639621674584,Sadness,Boredom,0.015527917983482274
0.0030057639621674584,Sadness,Fear,0.32924095513839174
0.0030057639621674584,Sadness,Happiness,0.029018947513727775
0.0030057639621674584,Sadness,Joy,0.017098933266518027
0.0030057639621674584,Sadness,Pride,0.02152646990453415
0.0030057639621674584,Sadness,Sadness,0.4540618600510169
0.0030057639621674584,Sadness,Shame,0.13352491614232925
0.0030057639621674584,Shame,Boredom,0.007987747124982063
0.0030057639621674584,Shame,Fear,0.4446635907440707
0.0030057639621674584,Shame,Happiness,0.02717396993785329
0.0030057639621674584,Shame,Joy,0.06865902616080102
0.0030057639621674584,Shame,Pride,0.04137390737958324
0.0030057639621674584,Shame,Sadness,0.22934790838589025
0.0030057639621674584,Shame,Shame,0.18079385026681966
