C,Story,Emotion,Val
0.0033455023344883565,Boredom,Boredom,0.5137346510227513
0.0033455023344883565,Boredom,Fear,0.005992003539534882
0.0033455023344883565,Boredom,Happiness,0.3381283665955286
0.0033455023344883565,Boredom,Joy,0.014886045325215449
0.0033455023344883565,Boredom,Pride,0.06271802856864284
0.0033455023344883565,Boredom,Sadness,0.015210437332459392
0.0033455023344883565,Boredom,Shame,0.049330467615867166
0.0033455023344883565,Fear,Boredom,0.0021612171233250876
0.0033455023344883565,Fear,Fear,0.576005147113911
0.0033455023344883565,Fear,Happiness,0.006775808816578591
0.0033455023344883565,Fear,Joy,0.029313110520826285
0.0033455023344883565,Fear,Pride,0.018128810761610915
0.0033455023344883565,Fear,Sadness,0.24273761710283762
0.0033455023344883565,Fear,Shame,0.12487828856090975
0.0033455023344883565,Happiness,Boredom,0.1574036295814207
0.0033455023344883565,Happiness,Fear,0.0077398928908394915
0.0033455023344883565,Happiness,Happiness,0.32958102088455665
0.0033455023344883565,Happiness,Joy,0.06088719355522556
0.0033455023344883565,Happiness,Pride,0.2419152742936567
0.0033455023344883565,Happiness,Sadness,0.015278460677957996
0.0033455023344883565,Happiness,Shame,0.18719452811634296
0.0033455023344883565,Joy,Boredom,0.008327973753296823
0.0033455023344883565,Joy,Fear,0.0381885033634913
0.0033455023344883565,Joy,Happiness,0.07496503760462349
0.0033455023344883565,Joy,Joy,0.352512503089113
0.0033455023344883565,Joy,Pride,0.28219996035549877
0.0033455023344883565,Joy,Sadness,0.017168155791361144
0.0033455023344883565,Joy,Shame,0.22663786604261524
0.0033455023344883565,Pride,Boredom,0.011329848902912788
0.0033455023344883565,Pride,Fear,0.025337230768063178
0.0033455023344883565,Pride,Happiness,0.11336626713555509
0.0033455023344883565,Pride,Joy,0.32539947759303006
0.0033455023344883565,Pride,Pride,0.27350785838407315
0.0033455023344883565,Pride,Sadness,0.02290061263163042
0.0033455023344883565,Pride,Shame,0.2281587045847357
0.0033455023344883565,Sadness,Boredom,0.007563337075703989
0.0033455023344883565,Sadness,Fear,0.24302120099067423
0.0033455023344883565,Sadness,Happiness,0.0169002258284834
0.0033455023344883565,Sadness,Joy,0.009876257232860302
0.0033455023344883565,Sadness,Pride,0.015291905343552507
0.0033455023344883565,Sadness,Sadness,0.5973584716309783
0.0033455023344883565,Sadness,Shame,0.10998860189774698
0.0033455023344883565,Shame,Boredom,0.004230596291757466
0.0033455023344883565,Shame,Fear,0.5148949073577184
0.0033455023344883565,Shame,Happiness,0.011345843521047049
0.0033455023344883565,Shame,Joy,0.047855705438062196
0.0033455023344883565,Shame,Pride,0.03251570396562809
0.0033455023344883565,Shame,Sadness,0.2134943286899336
0.0033455023344883565,Shame,Shame,0.1756629147358536
0.0034322025589849326,Boredom,Boredom,0.5251964656051339
0.0034322025589849326,Boredom,Fear,0.006672167334415631
0.0034322025589849326,Boredom,Happiness,0.3304692322427993
0.0034322025589849326,Boredom,Joy,0.01506159485160192
0.0034322025589849326,Boredom,Pride,0.06211413250242827
0.0034322025589849326,Boredom,Sadness,0.014690244781822915
0.0034322025589849326,Boredom,Shame,0.04579616268179827
0.0034322025589849326,Fear,Boredom,0.0019877681046541165
0.0034322025589849326,Fear,Fear,0.6125423019924447
0.0034322025589849326,Fear,Happiness,0.007186377381010059
0.0034322025589849326,Fear,Joy,0.026500813002932035
0.0034322025589849326,Fear,Pride,0.01543437383334776
0.0034322025589849326,Fear,Sadness,0.23358266341388387
0.0034322025589849326,Fear,Shame,0.10276570227172717
0.0034322025589849326,Happiness,Boredom,0.16713358146323867
0.0034322025589849326,Happiness,Fear,0.010144307703132236
0.0034322025589849326,Happiness,Happiness,0.32816602615884416
0.0034322025589849326,Happiness,Joy,0.06369087704548018
0.0034322025589849326,Happiness,Pride,0.2392737747541429
0.0034322025589849326,Happiness,Sadness,0.018992598327862438
0.0034322025589849326,Happiness,Shame,0.1725988345472991
0.0034322025589849326,Joy,Boredom,0.01046226112147955
0.0034322025589849326,Joy,Fear,0.041849868904515114
0.0034322025589849326,Joy,Happiness,0.0820119074382101
0.0034322025589849326,Joy,Joy,0.36347758238928535
0.0034322025589849326,Joy,Pride,0.2774845156764339
0.0034322025589849326,Joy,Sadness,0.02129877965062556
0.0034322025589849326,Joy,Shame,0.2034150848194503
0.0034322025589849326,Pride,Boredom,0.01379829438910887
0.0034322025589849326,Pride,Fear,0.02989725516883552
0.0034322025589849326,Pride,Happiness,0.10618445327959684
0.0034322025589849326,Pride,Joy,0.34596752972477274
0.0034322025589849326,Pride,Pride,0.27194703664052194
0.0034322025589849326,Pride,Sadness,0.027563121028341464
0.0034322025589849326,Pride,Shame,0.20464230976882264
0.0034322025589849326,Sadness,Boredom,0.009137956557018235
0.0034322025589849326,Sadness,Fear,0.31143668495674165
0.0034322025589849326,Sadness,Happiness,0.019764834274206736
0.0034322025589849326,Sadness,Joy,0.00941580426452425
0.0034322025589849326,Sadness,Pride,0.014904044764157234
0.0034322025589849326,Sadness,Sadness,0.5378479668858756
0.0034322025589849326,Sadness,Shame,0.09749270829747655
0.0034322025589849326,Shame,Boredom,0.003788018193322657
0.0034322025589849326,Shame,Fear,0.5557901576230108
0.0034322025589849326,Shame,Happiness,0.011601957833106205
0.0034322025589849326,Shame,Joy,0.04346377322240948
0.0034322025589849326,Shame,Pride,0.028467879122660647
0.0034322025589849326,Shame,Sadness,0.21399355792934335
0.0034322025589849326,Shame,Shame,0.14289465607614693
0.003362170631099363,Boredom,Boredom,0.5237982245400467
0.003362170631099363,Boredom,Fear,0.004633172656420321
0.003362170631099363,Boredom,Happiness,0.3422165087514403
0.003362170631099363,Boredom,Joy,0.01295310781668986
0.003362170631099363,Boredom,Pride,0.0587800276422526
0.003362170631099363,Boredom,Sadness,0.012947850545740339
0.003362170631099363,Boredom,Shame,0.044671108047410236
0.003362170631099363,Fear,Boredom,0.001642011445182702
0.003362170631099363,Fear,Fear,0.6096382961306962
0.003362170631099363,Fear,Happiness,0.004770558530957579
0.003362170631099363,Fear,Joy,0.025723539374760337
0.003362170631099363,Fear,Pride,0.0161964545503202
0.003362170631099363,Fear,Sadness,0.23280872510599246
0.003362170631099363,Fear,Shame,0.10922041486209048
0.003362170631099363,Happiness,Boredom,0.14375504996143004
0.003362170631099363,Happiness,Fear,0.006231262696117373
0.003362170631099363,Happiness,Happiness,0.3416903857645608
0.003362170631099363,Happiness,Joy,0.05965654040529575
0.003362170631099363,Happiness,Pride,0.24357853515907915
0.003362170631099363,Happiness,Sadness,0.012527464730300468
0.003362170631099363,Happiness,Shame,0.19256076128321642
0.003362170631099363,Joy,Boredom,0.007221243853029418
0.003362170631099363,Joy,Fear,0.03539032718563781
0.003362170631099363,Joy,Happiness,0.0700311487420717
0.003362170631099363,Joy,Joy,0.3553881652867353
0.003362170631099363,Joy,Pride,0.2847924730494809
0.003362170631099363,Joy,Sadness,0.01266535695849231
0.003362170631099363,Joy,Shame,0.23451128492455237
0.003362170631099363,Pride,Boredom,0.010509922000130822
0.003362170631099363,Pride,Fear,0.023362427424952852
0.003362170631099363,Pride,Happiness,0.09291547101739421
0.003362170631099363,Pride,Joy,0.3282349574175395
0.003362170631099363,Pride,Pride,0.2807701921858432
0.003362170631099363,Pride,Sadness,0.020280489555626235
0.003362170631099363,Pride,Shame,0.24392654039851308
0.003362170631099363,Sadness,Boredom,0.006776535572910502
0.003362170631099363,Sadness,Fear,0.23284763383915547
0.003362170631099363,Sadness,Happiness,0.013334019025498302
0.003362170631099363,Sadness,Joy,0.007239770990015722
0.003362170631099363,Sadness,Pride,0.0129584839757413
0.003362170631099363,Sadness,Sadness,0.6372770980599605
0.003362170631099363,Sadness,Shame,0.08956645853671807
0.003362170631099363,Shame,Boredom,0.003780487789196114
0.003362170631099363,Shame,Fear,0.539186005977347
0.003362170631099363,Shame,Happiness,0.009380881376325591
0.003362170631099363,Shame,Joy,0.04463487652827029
0.003362170631099363,Shame,Pride,0.034463772913861344
0.003362170631099363,Shame,Sadness,0.1969427715630585
0.003362170631099363,Shame,Shame,0.17161120385194104
0.003062371633059219,Boredom,Boredom,0.5619295732552675
0.003062371633059219,Boredom,Fear,0.004003005367986111
0.003062371633059219,Boredom,Happiness,0.32778917848443473
0.003062371633059219,Boredom,Joy,0.01075840581854455
0.003062371633059219,Boredom,Pride,0.050145897302517915
0.003062371633059219,Boredom,Sadness,0.011123762540620039
0.003062371633059219,Boredom,Shame,0.03425017723062919
0.003062371633059219,Fear,Boredom,0.0016514811659682261
0.003062371633059219,Fear,Fear,0.6759906534515794
0.003062371633059219,Fear,Happiness,0.005766471856834697
0.003062371633059219,Fear,Joy,0.022595788789558514
0.003062371633059219,Fear,Pride,0.013090121698790794
0.003062371633059219,Fear,Sadness,0.18704709625215477
0.003062371633059219,Fear,Shame,0.09385838678511364
0.003062371633059219,Happiness,Boredom,0.1867868790494333
0.003062371633059219,Happiness,Fear,0.007907303027944379
0.003062371633059219,Happiness,Happiness,0.3567264709897453
0.003062371633059219,Happiness,Joy,0.06185908872860994
0.003062371633059219,Happiness,Pride,0.2340043602132411
0.003062371633059219,Happiness,Sadness,0.015104876531165073
0.003062371633059219,Happiness,Shame,0.13761102145986032
0.003062371633059219,Joy,Boredom,0.008512201603486803
0.003062371633059219,Joy,Fear,0.03696783333141103
0.003062371633059219,Joy,Happiness,0.09073384018238802
0.003062371633059219,Joy,Joy,0.37651591141956026
0.003062371633059219,Joy,Pride,0.27491381118615976
0.003062371633059219,Joy,Sadness,0.015621412182910584
0.003062371633059219,Joy,Shame,0.19673499009408335
0.003062371633059219,Pride,Boredom,0.012997922508756574
0.003062371633059219,Pride,Fear,0.02389408462636066
0.003062371633059219,Pride,Happiness,0.18115090426508443
0.003062371633059219,Pride,Joy,0.30749502073874546
0.003062371633059219,Pride,Pride,0.2608052221504627
0.003062371633059219,Pride,Sadness,0.019270237327867614
0.003062371633059219,Pride,Shame,0.19438660838272226
0.003062371633059219,Sadness,Boredom,0.00854385950320622
0.003062371633059219,Sadness,Fear,0.30032294473477705
0.003062371633059219,Sadness,Happiness,0.017555605363949053
0.003062371633059219,Sadness,Joy,0.009041226397639072
0.003062371633059219,Sadness,Pride,0.01321221994013634
0.003062371633059219,Sadness,Sadness,0.5583202942470685
0.003062371633059219,Sadness,Shame,0.0930038498132238
0.003062371633059219,Shame,Boredom,0.003546582160300178
0.003062371633059219,Shame,Fear,0.6067024830636994
0.003062371633059219,Shame,Happiness,0.010483669341725798
0.003062371633059219,Shame,Joy,0.040000977978889365
0.003062371633059219,Shame,Pride,0.023829645701888964
0.003062371633059219,Shame,Sadness,0.1732168956507756
0.003062371633059219,Shame,Shame,0.14221974610272078
0.0030030283214029277,Boredom,Boredom,0.49351381494837454
0.0030030283214029277,Boredom,Fear,0.009892938099354848
0.0030030283214029277,Boredom,Happiness,0.3168813496605958
0.0030030283214029277,Boredom,Joy,0.02433343766420192
0.0030030283214029277,Boredom,Pride,0.07100736135602227
0.0030030283214029277,Boredom,Sadness,0.02173183446018044
0.0030030283214029277,Boredom,Shame,0.06263926381127033
0.0030030283214029277,Fear,Boredom,0.004173336859093938
0.0030030283214029277,Fear,Fear,0.4807648665506108
0.0030030283214029277,Fear,Happiness,0.015606378912597202
0.0030030283214029277,Fear,Joy,0.03769167569026404
0.0030030283214029277,Fear,Pride,0.024631987081861904
0.0030030283214029277,Fear,Sadness,0.2805284957857977
0.0030030283214029277,Fear,Shame,0.15660325911977382
0.0030030283214029277,Happiness,Boredom,0.15148083604047272
0.0030030283214029277,Happiness,Fear,0.012560221052661061
0.0030030283214029277,Happiness,Happiness,0.30291118206753004
0.0030030283214029277,Happiness,Joy,0.08694452661586656
0.0030030283214029277,Happiness,Pride,0.24532246773606448
0.0030030283214029277,Happiness,Sadness,0.020863420610185764
0.0030030283214029277,Happiness,Shame,0.17991734587721941
0.0030030283214029277,Joy,Boredom,0.010611312664665336
0.0030030283214029277,Joy,Fear,0.04088044063883301
0.0030030283214029277,Joy,Happiness,0.1131732137066558
0.0030030283214029277,Joy,Joy,0.3336162795293343
0.0030030283214029277,Joy,Pride,0.2704815921595598
0.0030030283214029277,Joy,Sadness,0.021617207283845318
0.0030030283214029277,Joy,Shame,0.20961995401710662
0.0030030283214029277,Pride,Boredom,0.014699358677976435
0.0030030283214029277,Pride,Fear,0.027108546095579007
0.0030030283214029277,Pride,Happiness,0.17490225281827562
0.0030030283214029277,Pride,Joy,0.2938602240596534
0.0030030283214029277,Pride,Pride,0.2615937825420135
0.0030030283214029277,Pride,Sadness,0.023513329541141586
0.0030030283214029277,Pride,Shame,0.20432250626536075
0.0030030283214029277,Sadness,Boredom,0.012947129436676006
0.0030030283214029277,Sadness,Fear,0.2793886708926298
0.0030030283214029277,Sadness,Happiness,0.027431995718438094
0.0030030283214029277,Sadness,Joy,0.01809566637340344
0.0030030283214029277,Sadness,Pride,0.023012807213624087
0.0030030283214029277,Sadness,Sadness,0.4905979861022904
0.0030030283214029277,Sadness,Shame,0.14852574426293855
0.0030030283214029277,Shame,Boredom,0.006165832862949584
0.0030030283214029277,Shame,Fear,0.44151892251516556
0.0030030283214029277,Shame,Happiness,0.02089419166062282
0.0030030283214029277,Shame,Joy,0.05652123353849379
0.0030030283214029277,Shame,Pride,0.032863794062808975
0.0030030283214029277,Shame,Sadness,0.25613377966375733
0.0030030283214029277,Shame,Shame,0.18590224569620165
0.0032095029996683584,Boredom,Boredom,0.49193162491414516
0.0032095029996683584,Boredom,Fear,0.00582853598200249
0.0032095029996683584,Boredom,Happiness,0.3427491538007517
0.0032095029996683584,Boredom,Joy,0.016333230436834448
0.0032095029996683584,Boredom,Pride,0.0671825954855203
0.0032095029996683584,Boredom,Sadness,0.017017879380316615
0.0032095029996683584,Boredom,Shame,0.058956980000429475
0.0032095029996683584,Fear,Boredom,0.0024999797591481474
0.0032095029996683584,Fear,Fear,0.534110481911838
0.0032095029996683584,Fear,Happiness,0.006732368255660099
0.0032095029996683584,Fear,Joy,0.032151258327038856
0.0032095029996683584,Fear,Pride,0.021898366373002402
0.0032095029996683584,Fear,Sadness,0.24971288804414704
0.0032095029996683584,Fear,Shame,0.15289465732916505
0.0032095029996683584,Happiness,Boredom,0.14596338255934213
0.0032095029996683584,Happiness,Fear,0.005163426323802985
0.0032095029996683584,Happiness,Happiness,0.3219624178314121
0.0032095029996683584,Happiness,Joy,0.060427032731264686
0.0032095029996683584,Happiness,Pride,0.24753924758780774
0.0032095029996683584,Happiness,Sadness,0.012671761756277369
0.0032095029996683584,Happiness,Shame,0.2062727312100935
0.0032095029996683584,Joy,Boredom,0.006084964966398202
0.0032095029996683584,Joy,Fear,0.0328801619716479
0.0032095029996683584,Joy,Happiness,0.06742873216381298
0.0032095029996683584,Joy,Joy,0.3336698703458173
0.0032095029996683584,Joy,Pride,0.2893327994889122
0.0032095029996683584,Joy,Sadness,0.014168705158074401
0.0032095029996683584,Joy,Shame,0.2564347659053369
0.0032095029996683584,Pride,Boredom,0.008735827178349866
0.0032095029996683584,Pride,Fear,0.01976073409863076
0.0032095029996683584,Pride,Happiness,0.10817238964561685
0.0032095029996683584,Pride,Joy,0.301280288616957
0.0032095029996683584,Pride,Pride,0.2812762082574878
0.0032095029996683584,Pride,Sadness,0.019642606299088858
0.0032095029996683584,Pride,Shame,0.26113194590386896
0.0032095029996683584,Sadness,Boredom,0.00674550396560273
0.0032095029996683584,Sadness,Fear,0.1577886779021849
0.0032095029996683584,Sadness,Happiness,0.015608690423988455
0.0032095029996683584,Sadness,Joy,0.012143680888773403
0.0032095029996683584,Sadness,Pride,0.018639555336772848
0.0032095029996683584,Sadness,Sadness,0.6482615434919683
0.0032095029996683584,Sadness,Shame,0.14081234799070919
0.0032095029996683584,Shame,Boredom,0.0048183618609501785
0.0032095029996683584,Shame,Fear,0.4643477937312725
0.0032095029996683584,Shame,Happiness,0.011475681717754654
0.0032095029996683584,Shame,Joy,0.05212854358445326
0.0032095029996683584,Shame,Pride,0.03866335894761754
0.0032095029996683584,Shame,Sadness,0.21272263118258192
0.0032095029996683584,Shame,Shame,0.21584362897536952
0.003321813415011387,Boredom,Boredom,0.5344598513334957
0.003321813415011387,Boredom,Fear,0.005933524836063856
0.003321813415011387,Boredom,Happiness,0.32837852069161516
0.003321813415011387,Boredom,Joy,0.014018966115971532
0.003321813415011387,Boredom,Pride,0.05966314697800512
0.003321813415011387,Boredom,Sadness,0.013348413234930105
0.003321813415011387,Boredom,Shame,0.044197576809918364
0.003321813415011387,Fear,Boredom,0.001971837583485236
0.003321813415011387,Fear,Fear,0.6095227168600926
0.003321813415011387,Fear,Happiness,0.007034863118406258
0.003321813415011387,Fear,Joy,0.026873928989790206
0.003321813415011387,Fear,Pride,0.016031356717610003
0.003321813415011387,Fear,Sadness,0.23275009106408104
0.003321813415011387,Fear,Shame,0.10581520566653402
0.003321813415011387,Happiness,Boredom,0.16737540272336607
0.003321813415011387,Happiness,Fear,0.009300961052128751
0.003321813415011387,Happiness,Happiness,0.3322190158234567
0.003321813415011387,Happiness,Joy,0.06272161890175183
0.003321813415011387,Happiness,Pride,0.23954727208720644
0.003321813415011387,Happiness,Sadness,0.01796397780117471
0.003321813415011387,Happiness,Shame,0.1708717516109151
0.003321813415011387,Joy,Boredom,0.009773757166901561
0.003321813415011387,Joy,Fear,0.04015358697687884
0.003321813415011387,Joy,Happiness,0.08055307893259481
0.003321813415011387,Joy,Joy,0.36731418251896325
0.003321813415011387,Joy,Pride,0.2770127515185748
0.003321813415011387,Joy,Sadness,0.020074781696794688
0.003321813415011387,Joy,Shame,0.20511786118929212
0.003321813415011387,Pride,Boredom,0.012912089977711434
0.003321813415011387,Pride,Fear,0.02693273234956114
0.003321813415011387,Pride,Happiness,0.12623222183055263
0.003321813415011387,Pride,Joy,0.338480621143573
0.003321813415011387,Pride,Pride,0.2672972625597302
0.003321813415011387,Pride,Sadness,0.024521265694699965
0.003321813415011387,Pride,Shame,0.20362380644417125
0.003321813415011387,Sadness,Boredom,0.00940425506001833
0.003321813415011387,Sadness,Fear,0.3137793813075547
0.003321813415011387,Sadness,Happiness,0.02024687148308281
0.003321813415011387,Sadness,Joy,0.010216066689415503
0.003321813415011387,Sadness,Pride,0.01579397765254371
0.003321813415011387,Sadness,Sadness,0.5270630245049566
0.003321813415011387,Sadness,Shame,0.10349642330242867
0.003321813415011387,Shame,Boredom,0.003840055471997903
0.003321813415011387,Shame,Fear,0.5482204133945089
0.003321813415011387,Shame,Happiness,0.011697400177936756
0.003321813415011387,Shame,Joy,0.044696156500890094
0.003321813415011387,Shame,Pride,0.0314424615526105
0.003321813415011387,Shame,Sadness,0.21099727957051512
0.003321813415011387,Shame,Shame,0.14910623333154083
0.003272009887670891,Boredom,Boredom,0.538201230991874
0.003272009887670891,Boredom,Fear,0.005175432646773636
0.003272009887670891,Boredom,Happiness,0.33073816135274176
0.003272009887670891,Boredom,Joy,0.013156798605272363
0.003272009887670891,Boredom,Pride,0.057769260592241786
0.003272009887670891,Boredom,Sadness,0.012108088855234957
0.003272009887670891,Boredom,Shame,0.042851026955861446
0.003272009887670891,Fear,Boredom,0.001672978047936356
0.003272009887670891,Fear,Fear,0.622993397434766
0.003272009887670891,Fear,Happiness,0.0059874231742026674
0.003272009887670891,Fear,Joy,0.02515940195646451
0.003272009887670891,Fear,Pride,0.015010549000206815
0.003272009887670891,Fear,Sadness,0.23228501391635242
0.003272009887670891,Fear,Shame,0.09689123647007129
0.003272009887670891,Happiness,Boredom,0.17794821479881381
0.003272009887670891,Happiness,Fear,0.007261756336217936
0.003272009887670891,Happiness,Happiness,0.3323112579508955
0.003272009887670891,Happiness,Joy,0.05991753625029296
0.003272009887670891,Happiness,Pride,0.23473432848087283
0.003272009887670891,Happiness,Sadness,0.015394843668535151
0.003272009887670891,Happiness,Shame,0.17243206251437182
0.003272009887670891,Joy,Boredom,0.009153483640647676
0.003272009887670891,Joy,Fear,0.03860026358806699
0.003272009887670891,Joy,Happiness,0.07841105155776629
0.003272009887670891,Joy,Joy,0.3697453201664212
0.003272009887670891,Joy,Pride,0.27711510215658564
0.003272009887670891,Joy,Sadness,0.017965277913563817
0.003272009887670891,Joy,Shame,0.2090095009769483
0.003272009887670891,Pride,Boredom,0.012336095193299933
0.003272009887670891,Pride,Fear,0.025024391935725143
0.003272009887670891,Pride,Happiness,0.12469828687463484
0.003272009887670891,Pride,Joy,0.3379891014528072
0.003272009887670891,Pride,Pride,0.26755654480786695
0.003272009887670891,Pride,Sadness,0.022848441577254665
0.003272009887670891,Pride,Shame,0.20954713815841136
0.003272009887670891,Sadness,Boredom,0.009514194725186107
0.003272009887670891,Sadness,Fear,0.31816592994024967
0.003272009887670891,Sadness,Happiness,0.019304009125642767
0.003272009887670891,Sadness,Joy,0.00942223429835164
0.003272009887670891,Sadness,Pride,0.015256815512365272
0.003272009887670891,Sadness,Sadness,0.5305839859020997
0.003272009887670891,Sadness,Shame,0.09775283049610549
0.003272009887670891,Shame,Boredom,0.003569144097907291
0.003272009887670891,Shame,Fear,0.5570816937348191
0.003272009887670891,Shame,Happiness,0.010870702074736309
0.003272009887670891,Shame,Joy,0.04348382113869473
0.003272009887670891,Shame,Pride,0.0331068741839434
0.003272009887670891,Shame,Sadness,0.20618324368158955
0.003272009887670891,Shame,Shame,0.14570452108830978
0.0034560130410936757,Boredom,Boredom,0.5144355555088227
0.0034560130410936757,Boredom,Fear,0.007772115386484178
0.0034560130410936757,Boredom,Happiness,0.3271328848018048
0.0034560130410936757,Boredom,Joy,0.016998949315983836
0.0034560130410936757,Boredom,Pride,0.06591705069607481
0.0034560130410936757,Boredom,Sadness,0.016974769021365875
0.0034560130410936757,Boredom,Shame,0.05076867526946373
0.0034560130410936757,Fear,Boredom,0.0021706034816393245
0.0034560130410936757,Fear,Fear,0.6040375599364439
0.0034560130410936757,Fear,Happiness,0.008248216204802768
0.0034560130410936757,Fear,Joy,0.027266129383956453
0.0034560130410936757,Fear,Pride,0.015813228141141434
0.0034560130410936757,Fear,Sadness,0.2377596433565775
0.0034560130410936757,Fear,Shame,0.10470461949543858
0.0034560130410936757,Happiness,Boredom,0.15327442449756049
0.0034560130410936757,Happiness,Fear,0.01189535831504866
0.0034560130410936757,Happiness,Happiness,0.3245528922247127
0.0034560130410936757,Happiness,Joy,0.06749633017007796
0.0034560130410936757,Happiness,Pride,0.24386992047862485
0.0034560130410936757,Happiness,Sadness,0.02197902370750727
0.0034560130410936757,Happiness,Shame,0.17693205060646772
0.0034560130410936757,Joy,Boredom,0.011156035905017389
0.0034560130410936757,Joy,Fear,0.04322877258097756
0.0034560130410936757,Joy,Happiness,0.08508347613603988
0.0034560130410936757,Joy,Joy,0.3581013246815073
0.0034560130410936757,Joy,Pride,0.2765142274122476
0.0034560130410936757,Joy,Sadness,0.02331243835380748
0.0034560130410936757,Joy,Shame,0.20260372493040288
0.0034560130410936757,Pride,Boredom,0.01401892603407815
0.0034560130410936757,Pride,Fear,0.029564787996128817
0.0034560130410936757,Pride,Happiness,0.12175092236281353
0.0034560130410936757,Pride,Joy,0.3395307473615948
0.0034560130410936757,Pride,Pride,0.267202389637442
0.0034560130410936757,Pride,Sadness,0.02744986440525218
0.0034560130410936757,Pride,Shame,0.20048236220269042
0.0034560130410936757,Sadness,Boredom,0.009225504337088273
0.0034560130410936757,Sadness,Fear,0.31244774563619016
0.0034560130410936757,Sadness,Happiness,0.02147633036950732
0.0034560130410936757,Sadness,Joy,0.010662025170948422
0.0034560130410936757,Sadness,Pride,0.01577953677307734
0.0034560130410936757,Sadness,Sadness,0.5264832476598287
0.0034560130410936757,Sadness,Shame,0.10392561005335996
0.0034560130410936757,Shame,Boredom,0.004013862446800089
0.0034560130410936757,Shame,Fear,0.5503388778825508
0.0034560130410936757,Shame,Happiness,0.012792840695755425
0.0034560130410936757,Shame,Joy,0.04407533608011292
0.0034560130410936757,Shame,Pride,0.027310071144068606
0.0034560130410936757,Shame,Sadness,0.21990275404149798
0.0034560130410936757,Shame,Shame,0.1415662577092142
0.003306185302295359,Boredom,Boredom,0.5241907733295835
0.003306185302295359,Boredom,Fear,0.006974479171210708
0.003306185302295359,Boredom,Happiness,0.32849966238059014
0.003306185302295359,Boredom,Joy,0.015649886710829234
0.003306185302295359,Boredom,Pride,0.06256569416574871
0.003306185302295359,Boredom,Sadness,0.01521615557012419
0.003306185302295359,Boredom,Shame,0.04690334867191328
0.003306185302295359,Fear,Boredom,0.0023940721800921744
0.003306185302295359,Fear,Fear,0.5864692526896356
0.003306185302295359,Fear,Happiness,0.009079791373000367
0.003306185302295359,Fear,Joy,0.02927721633935548
0.003306185302295359,Fear,Pride,0.017189567437735368
0.003306185302295359,Fear,Sadness,0.24138265212963328
0.003306185302295359,Fear,Shame,0.11420744785054736
0.003306185302295359,Happiness,Boredom,0.16123093601946892
0.003306185302295359,Happiness,Fear,0.011160287144500068
0.003306185302295359,Happiness,Happiness,0.32800584177100034
0.003306185302295359,Happiness,Joy,0.06822879174062732
0.003306185302295359,Happiness,Pride,0.24140464523150237
0.003306185302295359,Happiness,Sadness,0.019721881875853393
0.003306185302295359,Happiness,Shame,0.17024761621704765
0.003306185302295359,Joy,Boredom,0.010280573483408717
0.003306185302295359,Joy,Fear,0.0410117080045041
0.003306185302295359,Joy,Happiness,0.09323294816214417
0.003306185302295359,Joy,Joy,0.3607680014044038
0.003306185302295359,Joy,Pride,0.2739394076202356
0.003306185302295359,Joy,Sadness,0.020999701427679925
0.003306185302295359,Joy,Shame,0.19976765989762374
0.003306185302295359,Pride,Boredom,0.014066192365367117
0.003306185302295359,Pride,Fear,0.02707033562993609
0.003306185302295359,Pride,Happiness,0.16867435127797875
0.003306185302295359,Pride,Joy,0.31359705275123495
0.003306185302295359,Pride,Pride,0.2603656127399022
0.003306185302295359,Pride,Sadness,0.023105767246163936
0.003306185302295359,Pride,Shame,0.19312068798941656
0.003306185302295359,Sadness,Boredom,0.009682473462455099
0.003306185302295359,Sadness,Fear,0.3163436895987864
0.003306185302295359,Sadness,Happiness,0.021743612387837858
0.003306185302295359,Sadness,Joy,0.011946664625853488
0.003306185302295359,Sadness,Pride,0.016598071530599723
0.003306185302295359,Sadness,Sadness,0.5150469690373249
0.003306185302295359,Sadness,Shame,0.10863851935714247
0.003306185302295359,Shame,Boredom,0.004274302048382399
0.003306185302295359,Shame,Fear,0.5327531105018798
0.003306185302295359,Shame,Happiness,0.01402254129305914
0.003306185302295359,Shame,Joy,0.04692152196527233
0.003306185302295359,Shame,Pride,0.02908020066673712
0.003306185302295359,Shame,Sadness,0.22099736581128773
0.003306185302295359,Shame,Shame,0.15195095771338132
0.0032904756637827637,Boredom,Boredom,0.5137385083283119
0.0032904756637827637,Boredom,Fear,0.006296330240381103
0.0032904756637827637,Boredom,Happiness,0.3335643514966514
0.0032904756637827637,Boredom,Joy,0.015611266984983663
0.0032904756637827637,Boredom,Pride,0.06384007902144273
0.0032904756637827637,Boredom,Sadness,0.015437061955555597
0.0032904756637827637,Boredom,Shame,0.051512401972673226
0.0032904756637827637,Fear,Boredom,0.002295790074240683
0.0032904756637827637,Fear,Fear,0.565335028983617
0.0032904756637827637,Fear,Happiness,0.007575129568826681
0.0032904756637827637,Fear,Joy,0.03030667812786674
0.0032904756637827637,Fear,Pride,0.018685406601942484
0.0032904756637827637,Fear,Sadness,0.24933806659931562
0.0032904756637827637,Fear,Shame,0.12646390004419056
0.0032904756637827637,Happiness,Boredom,0.16270739526217
0.0032904756637827637,Happiness,Fear,0.008071086956751688
0.0032904756637827637,Happiness,Happiness,0.32738349154784674
0.0032904756637827637,Happiness,Joy,0.06266482255981806
0.0032904756637827637,Happiness,Pride,0.24327607095995016
0.0032904756637827637,Happiness,Sadness,0.015976815349239174
0.0032904756637827637,Happiness,Shame,0.17992031736422406
0.0032904756637827637,Joy,Boredom,0.00845630448189657
0.0032904756637827637,Joy,Fear,0.03809656145608943
0.0032904756637827637,Joy,Happiness,0.07797980730199612
0.0032904756637827637,Joy,Joy,0.3511548100296321
0.0032904756637827637,Joy,Pride,0.2808642858738598
0.0032904756637827637,Joy,Sadness,0.017859395745680587
0.0032904756637827637,Joy,Shame,0.22558883511084543
0.0032904756637827637,Pride,Boredom,0.011500406392565304
0.0032904756637827637,Pride,Fear,0.02455755460436223
0.0032904756637827637,Pride,Happiness,0.12830143719189713
0.0032904756637827637,Pride,Joy,0.3194506610503286
0.0032904756637827637,Pride,Pride,0.2698136730853067
0.0032904756637827637,Pride,Sadness,0.022251598338790188
0.0032904756637827637,Pride,Shame,0.22412466933674968
0.0032904756637827637,Sadness,Boredom,0.007986200876997957
0.0032904756637827637,Sadness,Fear,0.2502805254475912
0.0032904756637827637,Sadness,Happiness,0.018318308970168156
0.0032904756637827637,Sadness,Joy,0.011069307760470362
0.0032904756637827637,Sadness,Pride,0.016152509084252316
0.0032904756637827637,Sadness,Sadness,0.5813334839106341
0.0032904756637827637,Sadness,Shame,0.11485966394988598
0.0032904756637827637,Shame,Boredom,0.004394373319967778
0.0032904756637827637,Shame,Fear,0.5044888868631359
0.0032904756637827637,Shame,Happiness,0.012477393154948007
0.0032904756637827637,Shame,Joy,0.049360392957182524
0.0032904756637827637,Shame,Pride,0.03386450331190076
0.0032904756637827637,Shame,Sadness,0.21966743317088921
0.0032904756637827637,Shame,Shame,0.17574701722197605
0.003096575377200871,Boredom,Boredom,0.47822798598976907
0.003096575377200871,Boredom,Fear,0.01010097775808576
0.003096575377200871,Boredom,Happiness,0.3149614336901673
0.003096575377200871,Boredom,Joy,0.027193281156819946
0.003096575377200871,Boredom,Pride,0.07623194505361881
0.003096575377200871,Boredom,Sadness,0.023141387269096595
0.003096575377200871,Boredom,Shame,0.07014298908244233
0.003096575377200871,Fear,Boredom,0.0044883335053305376
0.003096575377200871,Fear,Fear,0.4357576761669678
0.003096575377200871,Fear,Happiness,0.015763076549974962
0.003096575377200871,Fear,Joy,0.04292791639867828
0.003096575377200871,Fear,Pride,0.02785493801587972
0.003096575377200871,Fear,Sadness,0.2975651769955041
0.003096575377200871,Fear,Shame,0.17564288236766473
0.003096575377200871,Happiness,Boredom,0.144712624245762
0.003096575377200871,Happiness,Fear,0.009927180682301154
0.003096575377200871,Happiness,Happiness,0.28792952263154387
0.003096575377200871,Happiness,Joy,0.08804863864444748
0.003096575377200871,Happiness,Pride,0.24758515480880292
0.003096575377200871,Happiness,Sadness,0.018742737861523234
0.003096575377200871,Happiness,Shame,0.20305414112561948
0.003096575377200871,Joy,Boredom,0.009046239801696367
0.003096575377200871,Joy,Fear,0.03827190688940753
0.003096575377200871,Joy,Happiness,0.09913803165318205
0.003096575377200871,Joy,Joy,0.32556483442976913
0.003096575377200871,Joy,Pride,0.27493638257934533
0.003096575377200871,Joy,Sadness,0.020707403951201457
0.003096575377200871,Joy,Shame,0.2323352006953984
0.003096575377200871,Pride,Boredom,0.012344449265531491
0.003096575377200871,Pride,Fear,0.02500976824929943
0.003096575377200871,Pride,Happiness,0.1507693136308532
0.003096575377200871,Pride,Joy,0.2943402278975573
0.003096575377200871,Pride,Pride,0.2665267028220222
0.003096575377200871,Pride,Sadness,0.02295133072882394
0.003096575377200871,Pride,Shame,0.22805820740591257
0.003096575377200871,Sadness,Boredom,0.011398797940887797
0.003096575377200871,Sadness,Fear,0.24310146841458838
0.003096575377200871,Sadness,Happiness,0.027221518129179945
0.003096575377200871,Sadness,Joy,0.019954635094644166
0.003096575377200871,Sadness,Pride,0.025592973588177397
0.003096575377200871,Sadness,Sadness,0.5055666091238273
0.003096575377200871,Sadness,Shame,0.167163997708695
0.003096575377200871,Shame,Boredom,0.00670233068382229
0.003096575377200871,Shame,Fear,0.39579074734525566
0.003096575377200871,Shame,Happiness,0.021319832660925287
0.003096575377200871,Shame,Joy,0.06333001235547474
0.003096575377200871,Shame,Pride,0.03870525253726901
0.003096575377200871,Shame,Sadness,0.26364636062071084
0.003096575377200871,Shame,Shame,0.21050546379654228
0.0030433451545651305,Boredom,Boredom,0.47505523608911876
0.0030433451545651305,Boredom,Fear,0.010870496283672185
0.0030433451545651305,Boredom,Happiness,0.31084159397627503
0.0030433451545651305,Boredom,Joy,0.029991750950081813
0.0030433451545651305,Boredom,Pride,0.07707295479889824
0.0030433451545651305,Boredom,Sadness,0.02328303903899779
0.0030433451545651305,Boredom,Shame,0.07288492886295599
0.0030433451545651305,Fear,Boredom,0.004904737518493458
0.0030433451545651305,Fear,Fear,0.4237417607022768
0.0030433451545651305,Fear,Happiness,0.01711567415529567
0.0030433451545651305,Fear,Joy,0.04441742864683351
0.0030433451545651305,Fear,Pride,0.028862435460306892
0.0030433451545651305,Fear,Sadness,0.30121482354590357
0.0030433451545651305,Fear,Shame,0.17974313997088995
0.0030433451545651305,Happiness,Boredom,0.1456838312687666
0.0030433451545651305,Happiness,Fear,0.01096011535558579
0.0030433451545651305,Happiness,Happiness,0.2821615943235032
0.0030433451545651305,Happiness,Joy,0.09329062833030864
0.0030433451545651305,Happiness,Pride,0.24675149758178794
0.0030433451545651305,Happiness,Sadness,0.01951131051868336
0.0030433451545651305,Happiness,Shame,0.20164102262136432
0.0030433451545651305,Joy,Boredom,0.009765655765287725
0.0030433451545651305,Joy,Fear,0.039305331001583926
0.0030433451545651305,Joy,Happiness,0.1048184773690946
0.0030433451545651305,Joy,Joy,0.3237312857511257
0.0030433451545651305,Joy,Pride,0.2734328045226521
0.0030433451545651305,Joy,Sadness,0.021780456992611223
0.0030433451545651305,Joy,Shame,0.2271659885976448
0.0030433451545651305,Pride,Boredom,0.013332929669131664
0.0030433451545651305,Pride,Fear,0.02598290347324963
0.0030433451545651305,Pride,Happiness,0.1556029845862448
0.0030433451545651305,Pride,Joy,0.29311751827771515
0.0030433451545651305,Pride,Pride,0.26573349488112025
0.0030433451545651305,Pride,Sadness,0.023628551249699203
0.0030433451545651305,Pride,Shame,0.22260161786283938
0.0030433451545651305,Sadness,Boredom,0.013382336929023351
0.0030433451545651305,Sadness,Fear,0.2503541011683857
0.0030433451545651305,Sadness,Happiness,0.0287969165280198
0.0030433451545651305,Sadness,Joy,0.021262477911733295
0.0030433451545651305,Sadness,Pride,0.026892340311056865
0.0030433451545651305,Sadness,Sadness,0.48718794119392006
0.0030433451545651305,Sadness,Shame,0.17212388595786063
0.0030433451545651305,Shame,Boredom,0.007005660855293173
0.0030433451545651305,Shame,Fear,0.3878706717034041
0.0030433451545651305,Shame,Happiness,0.022431811207590538
0.0030433451545651305,Shame,Joy,0.06467841426718277
0.0030433451545651305,Shame,Pride,0.03877670683883381
0.0030433451545651305,Shame,Sadness,0.2693869233175146
0.0030433451545651305,Shame,Shame,0.20984981181018145
0.003409926651133627,Boredom,Boredom,0.5395742948623095
0.003409926651133627,Boredom,Fear,0.005018667596254735
0.003409926651133627,Boredom,Happiness,0.3340287611796464
0.003409926651133627,Boredom,Joy,0.012639254348935296
0.003409926651133627,Boredom,Pride,0.05684302339985706
0.003409926651133627,Boredom,Sadness,0.011871044995336314
0.003409926651133627,Boredom,Shame,0.04002495361766049
0.003409926651133627,Fear,Boredom,0.0015933162835058564
0.003409926651133627,Fear,Fear,0.6377154873458238
0.003409926651133627,Fear,Happiness,0.005408912714713218
0.003409926651133627,Fear,Joy,0.024144767503473
0.003409926651133627,Fear,Pride,0.014453925630586584
0.003409926651133627,Fear,Sadness,0.2226288301895365
0.003409926651133627,Fear,Shame,0.09405476033236065
0.003409926651133627,Happiness,Boredom,0.15968834983204805
0.003409926651133627,Happiness,Fear,0.008295761140846406
0.003409926651133627,Happiness,Happiness,0.33976499374449637
0.003409926651133627,Happiness,Joy,0.06211659618892846
0.003409926651133627,Happiness,Pride,0.23828512381483805
0.003409926651133627,Happiness,Sadness,0.01627344065971647
0.003409926651133627,Happiness,Shame,0.17557573461912604
0.003409926651133627,Joy,Boredom,0.009155992606539596
0.003409926651133627,Joy,Fear,0.0390690901921556
0.003409926651133627,Joy,Happiness,0.07736297335469199
0.003409926651133627,Joy,Joy,0.3695949189565475
0.003409926651133627,Joy,Pride,0.278180497153286
0.003409926651133627,Joy,Sadness,0.017278600468244594
0.003409926651133627,Joy,Shame,0.2093579272685348
0.003409926651133627,Pride,Boredom,0.012749704414425495
0.003409926651133627,Pride,Fear,0.027805322739251064
0.003409926651133627,Pride,Happiness,0.09714038415632967
0.003409926651133627,Pride,Joy,0.3479917334519163
0.003409926651133627,Pride,Pride,0.2744276562555479
0.003409926651133627,Pride,Sadness,0.025187034640122456
0.003409926651133627,Pride,Shame,0.21469816434240702
0.003409926651133627,Sadness,Boredom,0.008912522401088875
0.003409926651133627,Sadness,Fear,0.3081480958976725
0.003409926651133627,Sadness,Happiness,0.017419373619492588
0.003409926651133627,Sadness,Joy,0.008117817907372668
0.003409926651133627,Sadness,Pride,0.013958966780731863
0.003409926651133627,Sadness,Sadness,0.5563780342793647
0.003409926651133627,Sadness,Shame,0.08706518911427713
0.003409926651133627,Shame,Boredom,0.0034168042165153662
0.003409926651133627,Shame,Fear,0.5713709637962365
0.003409926651133627,Shame,Happiness,0.009918776850510057
0.003409926651133627,Shame,Joy,0.0417014046468866
0.003409926651133627,Shame,Pride,0.03142843633255654
0.003409926651133627,Shame,Sadness,0.1991438932671152
0.003409926651133627,Shame,Shame,0.14301972089017928
0.0032069172583789195,Boredom,Boredom,0.48148291687409783
0.0032069172583789195,Boredom,Fear,0.009695119053768311
0.0032069172583789195,Boredom,Happiness,0.3191056319783666
0.0032069172583789195,Boredom,Joy,0.024106541550575136
0.0032069172583789195,Boredom,Pride,0.07528559584912917
0.0032069172583789195,Boredom,Sadness,0.02233262488268757
0.0032069172583789195,Boredom,Shame,0.06799156981137476
0.0032069172583789195,Fear,Boredom,0.004099324589856175
0.0032069172583789195,Fear,Fear,0.45094539767264785
0.0032069172583789195,Fear,Happiness,0.013943761461593242
0.0032069172583789195,Fear,Joy,0.04145476635759412
0.0032069172583789195,Fear,Pride,0.02660434279599973
0.0032069172583789195,Fear,Sadness,0.29438954871108014
0.0032069172583789195,Fear,Shame,0.16856285841122878
0.0032069172583789195,Happiness,Boredom,0.1445137468005474
0.0032069172583789195,Happiness,Fear,0.010070669686561283
0.0032069172583789195,Happiness,Happiness,0.2961824719147002
0.0032069172583789195,Happiness,Joy,0.08183033741956484
0.0032069172583789195,Happiness,Pride,0.2492139427054946
0.0032069172583789195,Happiness,Sadness,0.01848338575125789
0.0032069172583789195,Happiness,Shame,0.19970544572187385
0.0032069172583789195,Joy,Boredom,0.00886144694942731
0.0032069172583789195,Joy,Fear,0.03850453582821489
0.0032069172583789195,Joy,Happiness,0.09156769199904179
0.0032069172583789195,Joy,Joy,0.3292022823548285
0.0032069172583789195,Joy,Pride,0.2768141494871034
0.0032069172583789195,Joy,Sadness,0.02014794879761904
0.0032069172583789195,Joy,Shame,0.23490194458376487
0.0032069172583789195,Pride,Boredom,0.011937876291439928
0.0032069172583789195,Pride,Fear,0.025083133191607144
0.0032069172583789195,Pride,Happiness,0.14316886469774318
0.0032069172583789195,Pride,Joy,0.29977406968287096
0.0032069172583789195,Pride,Pride,0.2671809637334515
0.0032069172583789195,Pride,Sadness,0.022719893731174223
0.0032069172583789195,Pride,Shame,0.2301351986717129
0.0032069172583789195,Sadness,Boredom,0.009957932278255095
0.0032069172583789195,Sadness,Fear,0.23711785241548167
0.0032069172583789195,Sadness,Happiness,0.02469893288604626
0.0032069172583789195,Sadness,Joy,0.01812412692520701
0.0032069172583789195,Sadness,Pride,0.023255979412234916
0.0032069172583789195,Sadness,Sadness,0.53169161650818
0.0032069172583789195,Sadness,Shame,0.15515355957459503
0.0032069172583789195,Shame,Boredom,0.006361472167007969
0.0032069172583789195,Shame,Fear,0.4086375765758499
0.0032069172583789195,Shame,Happiness,0.019446036177032177
0.0032069172583789195,Shame,Joy,0.06169849914817488
0.0032069172583789195,Shame,Pride,0.03913679094813418
0.0032069172583789195,Shame,Sadness,0.25825598794837923
0.0032069172583789195,Shame,Shame,0.2064636370354215
0.003314766275557392,Boredom,Boredom,0.6489940738033405
0.003314766275557392,Boredom,Fear,0.0014149917935908504
0.003314766275557392,Boredom,Happiness,0.2983918817218153
0.003314766275557392,Boredom,Joy,0.004792951295636527
0.003314766275557392,Boredom,Pride,0.030958883185103973
0.003314766275557392,Boredom,Sadness,0.0037743038406801307
0.003314766275557392,Boredom,Shame,0.011672914359832729
0.003314766275557392,Fear,Boredom,0.0005421502824027507
0.003314766275557392,Fear,Fear,0.8930260612161993
0.003314766275557392,Fear,Happiness,0.0012741808800010275
0.003314766275557392,Fear,Joy,0.006317540348807757
0.003314766275557392,Fear,Pride,0.0027211270601275026
0.003314766275557392,Fear,Sadness,0.07868877291256056
0.003314766275557392,Fear,Shame,0.017430167299901236
0.003314766275557392,Happiness,Boredom,0.19963192917205747
0.003314766275557392,Happiness,Fear,0.009281355833857
0.003314766275557392,Happiness,Happiness,0.3818986158985602
0.003314766275557392,Happiness,Joy,0.06213616678869437
0.003314766275557392,Happiness,Pride,0.21509039979492914
0.003314766275557392,Happiness,Sadness,0.016821991056997884
0.003314766275557392,Happiness,Shame,0.11513954145490389
0.003314766275557392,Joy,Boredom,0.00990203369323928
0.003314766275557392,Joy,Fear,0.03579399706323062
0.003314766275557392,Joy,Happiness,0.07986981272137311
0.003314766275557392,Joy,Joy,0.45123500495874336
0.003314766275557392,Joy,Pride,0.26698203530575015
0.003314766275557392,Joy,Sadness,0.013300519145487244
0.003314766275557392,Joy,Shame,0.1429165971121762
0.003314766275557392,Pride,Boredom,0.014863103055163961
0.003314766275557392,Pride,Fear,0.023446395880513414
0.003314766275557392,Pride,Happiness,0.18056916323923744
0.003314766275557392,Pride,Joy,0.3715727812082735
0.003314766275557392,Pride,Pride,0.24748566814105222
0.003314766275557392,Pride,Sadness,0.017573042162609794
0.003314766275557392,Pride,Shame,0.14448984631314934
0.003314766275557392,Sadness,Boredom,0.010951525360813995
0.003314766275557392,Sadness,Fear,0.4787231387785382
0.003314766275557392,Sadness,Happiness,0.016775925653342964
0.003314766275557392,Sadness,Joy,0.004557333973720196
0.003314766275557392,Sadness,Pride,0.0076860815744528785
0.003314766275557392,Sadness,Sadness,0.4457441886822864
0.003314766275557392,Sadness,Shame,0.0355618059768452
0.003314766275557392,Shame,Boredom,0.00152314495888454
0.003314766275557392,Shame,Fear,0.8504660123750126
0.003314766275557392,Shame,Happiness,0.0034734216125524853
0.003314766275557392,Shame,Joy,0.014147108459681782
0.003314766275557392,Shame,Pride,0.009556035917160739
0.003314766275557392,Shame,Sadness,0.07829550240520597
0.003314766275557392,Shame,Shame,0.04253877427150177
0.003005344415214787,Boredom,Boredom,0.5141074716569766
0.003005344415214787,Boredom,Fear,0.008440315912502099
0.003005344415214787,Boredom,Happiness,0.3186428510167426
0.003005344415214787,Boredom,Joy,0.02141468529775396
0.003005344415214787,Boredom,Pride,0.06565487191905486
0.003005344415214787,Boredom,Sadness,0.01821803970240669
0.003005344415214787,Boredom,Shame,0.053521764494563404
0.003005344415214787,Fear,Boredom,0.003412541132245835
0.003005344415214787,Fear,Fear,0.5279665738649111
0.003005344415214787,Fear,Happiness,0.014395969327584584
0.003005344415214787,Fear,Joy,0.03445526647366639
0.003005344415214787,Fear,Pride,0.020683776459023022
0.003005344415214787,Fear,Sadness,0.26654054304756414
0.003005344415214787,Fear,Shame,0.1325453296950047
0.003005344415214787,Happiness,Boredom,0.1559966718540761
0.003005344415214787,Happiness,Fear,0.013091300693381368
0.003005344415214787,Happiness,Happiness,0.31786732992961936
0.003005344415214787,Happiness,Joy,0.08497650695595979
0.003005344415214787,Happiness,Pride,0.2443553171467039
0.003005344415214787,Happiness,Sadness,0.02084216619470708
0.003005344415214787,Happiness,Shame,0.16287070722555297
0.003005344415214787,Joy,Boredom,0.011161646004287432
0.003005344415214787,Joy,Fear,0.04131124120263355
0.003005344415214787,Joy,Happiness,0.12949569357602767
0.003005344415214787,Joy,Joy,0.33816611463278007
0.003005344415214787,Joy,Pride,0.2656860267101741
0.003005344415214787,Joy,Sadness,0.020341055610543522
0.003005344415214787,Joy,Shame,0.1938382222635533
0.003005344415214787,Pride,Boredom,0.016005016424378578
0.003005344415214787,Pride,Fear,0.027912180709241535
0.003005344415214787,Pride,Happiness,0.200395586950328
0.003005344415214787,Pride,Joy,0.2839140178001014
0.003005344415214787,Pride,Pride,0.25872830792556845
0.003005344415214787,Pride,Sadness,0.02261634742413139
0.003005344415214787,Pride,Shame,0.19042854276625093
0.003005344415214787,Sadness,Boredom,0.012265236461564967
0.003005344415214787,Sadness,Fear,0.32912698746301955
0.003005344415214787,Sadness,Happiness,0.02654255010674674
0.003005344415214787,Sadness,Joy,0.015386925500289295
0.003005344415214787,Sadness,Pride,0.019782102516297122
0.003005344415214787,Sadness,Sadness,0.470401128675985
0.003005344415214787,Sadness,Shame,0.12649506927609752
0.003005344415214787,Shame,Boredom,0.005460040549599201
0.003005344415214787,Shame,Fear,0.4841664993728532
0.003005344415214787,Shame,Happiness,0.020399969625996852
0.003005344415214787,Shame,Joy,0.05338895774160141
0.003005344415214787,Shame,Pride,0.029791456060607648
0.003005344415214787,Shame,Sadness,0.24291442718675796
0.003005344415214787,Shame,Shame,0.163878649462584
0.0031382878587151186,Boredom,Boredom,0.47977418174706876
0.0031382878587151186,Boredom,Fear,0.00974447424156705
0.0031382878587151186,Boredom,Happiness,0.3185776152485564
0.0031382878587151186,Boredom,Joy,0.024733555740890412
0.0031382878587151186,Boredom,Pride,0.07511913286724138
0.0031382878587151186,Boredom,Sadness,0.023326607207517374
0.0031382878587151186,Boredom,Shame,0.06872443294715838
0.0031382878587151186,Fear,Boredom,0.004213297394646293
0.0031382878587151186,Fear,Fear,0.4427250459826741
0.0031382878587151186,Fear,Happiness,0.014314846895786954
0.0031382878587151186,Fear,Joy,0.04211004741870422
0.0031382878587151186,Fear,Pride,0.027293579431821438
0.0031382878587151186,Fear,Sadness,0.29526914846176405
0.0031382878587151186,Fear,Shame,0.17407403441460295
0.0031382878587151186,Happiness,Boredom,0.1539226543458835
0.0031382878587151186,Happiness,Fear,0.009102663238629951
0.0031382878587151186,Happiness,Happiness,0.2903170608349123
0.0031382878587151186,Happiness,Joy,0.08129935324836783
0.0031382878587151186,Happiness,Pride,0.24559078504259904
0.0031382878587151186,Happiness,Sadness,0.017681472128297064
0.0031382878587151186,Happiness,Shame,0.20208601116131006
0.0031382878587151186,Joy,Boredom,0.008791223935898856
0.0031382878587151186,Joy,Fear,0.038193047107473045
0.0031382878587151186,Joy,Happiness,0.09269165742169232
0.0031382878587151186,Joy,Joy,0.3275932191740477
0.0031382878587151186,Joy,Pride,0.27676283671094876
0.0031382878587151186,Joy,Sadness,0.020792501158480064
0.0031382878587151186,Joy,Shame,0.23517551449145882
0.0031382878587151186,Pride,Boredom,0.01195758792780773
0.0031382878587151186,Pride,Fear,0.02496247891721446
0.0031382878587151186,Pride,Happiness,0.14443451453114486
0.0031382878587151186,Pride,Joy,0.2967631358489933
0.0031382878587151186,Pride,Pride,0.2678490722798551
0.0031382878587151186,Pride,Sadness,0.023215919950659396
0.0031382878587151186,Pride,Shame,0.23081729054432518
0.0031382878587151186,Sadness,Boredom,0.010885586357878637
0.0031382878587151186,Sadness,Fear,0.2390881059851384
0.0031382878587151186,Sadness,Happiness,0.02582248298695184
0.0031382878587151186,Sadness,Joy,0.01909435212539953
0.0031382878587151186,Sadness,Pride,0.02484570066040149
0.0031382878587151186,Sadness,Sadness,0.515353442123158
0.0031382878587151186,Sadness,Shame,0.1649103297610723
0.0031382878587151186,Shame,Boredom,0.006411650344973557
0.0031382878587151186,Shame,Fear,0.4007753605656027
0.0031382878587151186,Shame,Happiness,0.019681857868325874
0.0031382878587151186,Shame,Joy,0.062360796840801924
0.0031382878587151186,Shame,Pride,0.0391144573156171
0.0031382878587151186,Shame,Sadness,0.26055995126990666
0.0031382878587151186,Shame,Shame,0.21109592579477207
0.0030174120701852835,Boredom,Boredom,0.5125514267904056
0.0030174120701852835,Boredom,Fear,0.00871607801091665
0.0030174120701852835,Boredom,Happiness,0.31875034540196356
0.0030174120701852835,Boredom,Joy,0.021955172908892453
0.0030174120701852835,Boredom,Pride,0.06694357963030094
0.0030174120701852835,Boredom,Sadness,0.01726289585655069
0.0030174120701852835,Boredom,Shame,0.05382050140097062
0.0030174120701852835,Fear,Boredom,0.003594479973258924
0.0030174120701852835,Fear,Fear,0.5215519848652632
0.0030174120701852835,Fear,Happiness,0.015033441650144452
0.0030174120701852835,Fear,Joy,0.034857090806724514
0.0030174120701852835,Fear,Pride,0.02137690503979725
0.0030174120701852835,Fear,Sadness,0.26757478603755275
0.0030174120701852835,Fear,Shame,0.13601131162725916
0.0030174120701852835,Happiness,Boredom,0.16808214737663685
0.0030174120701852835,Happiness,Fear,0.012917482970660492
0.0030174120701852835,Happiness,Happiness,0.31296768103514633
0.0030174120701852835,Happiness,Joy,0.083680682144577
0.0030174120701852835,Happiness,Pride,0.2424506771341737
0.0030174120701852835,Happiness,Sadness,0.020403539665097444
0.0030174120701852835,Happiness,Shame,0.15949778967370826
0.0030174120701852835,Joy,Boredom,0.011393968476783116
0.0030174120701852835,Joy,Fear,0.041824038017534405
0.0030174120701852835,Joy,Happiness,0.13090866458975634
0.0030174120701852835,Joy,Joy,0.3367858212372596
0.0030174120701852835,Joy,Pride,0.2658580101891068
0.0030174120701852835,Joy,Sadness,0.021091417965080506
0.0030174120701852835,Joy,Shame,0.1921380795244794
0.0030174120701852835,Pride,Boredom,0.016213592008867034
0.0030174120701852835,Pride,Fear,0.028398530959902583
0.0030174120701852835,Pride,Happiness,0.20106276502423093
0.0030174120701852835,Pride,Joy,0.28369211947915596
0.0030174120701852835,Pride,Pride,0.2590088296806617
0.0030174120701852835,Pride,Sadness,0.023195008277752917
0.0030174120701852835,Pride,Shame,0.18842915456942924
0.0030174120701852835,Sadness,Boredom,0.012671307674288637
0.0030174120701852835,Sadness,Fear,0.328892417897929
0.0030174120701852835,Sadness,Happiness,0.027268754547274638
0.0030174120701852835,Sadness,Joy,0.015982566676566064
0.0030174120701852835,Sadness,Pride,0.020599759133776895
0.0030174120701852835,Sadness,Sadness,0.46380347725802923
0.0030174120701852835,Sadness,Shame,0.1307817168121354
0.0030174120701852835,Shame,Boredom,0.005548722853455894
0.0030174120701852835,Shame,Fear,0.47976668792314137
0.0030174120701852835,Shame,Happiness,0.020770933634825507
0.0030174120701852835,Shame,Joy,0.053304085550289024
0.0030174120701852835,Shame,Pride,0.03009604555830844
0.0030174120701852835,Shame,Sadness,0.24567873076956886
0.0030174120701852835,Shame,Shame,0.164834793710411
0.0030903024684698715,Boredom,Boredom,0.4771218874047249
0.0030903024684698715,Boredom,Fear,0.01088455012821827
0.0030903024684698715,Boredom,Happiness,0.31076553127228784
0.0030903024684698715,Boredom,Joy,0.029082263036328226
0.0030903024684698715,Boredom,Pride,0.07725853728013957
0.0030903024684698715,Boredom,Sadness,0.023206947632796477
0.0030903024684698715,Boredom,Shame,0.07168028324550482
0.0030903024684698715,Fear,Boredom,0.004865609426903015
0.0030903024684698715,Fear,Fear,0.4277140483749066
0.0030903024684698715,Fear,Happiness,0.017285302026881725
0.0030903024684698715,Fear,Joy,0.043696853021193485
0.0030903024684698715,Fear,Pride,0.02849042773133315
0.0030903024684698715,Fear,Sadness,0.3020465845992357
0.0030903024684698715,Fear,Shame,0.17590117481954634
0.0030903024684698715,Happiness,Boredom,0.13771257889062383
0.0030903024684698715,Happiness,Fear,0.012176137809413103
0.0030903024684698715,Happiness,Happiness,0.2858408060962869
0.0030903024684698715,Happiness,Joy,0.09355165183366182
0.0030903024684698715,Happiness,Pride,0.24904264735540652
0.0030903024684698715,Happiness,Sadness,0.021303814300292427
0.0030903024684698715,Happiness,Shame,0.20037236371431558
0.0030903024684698715,Joy,Boredom,0.010040763905007615
0.0030903024684698715,Joy,Fear,0.039906107124355474
0.0030903024684698715,Joy,Happiness,0.10438369177631539
0.0030903024684698715,Joy,Joy,0.32588608874666125
0.0030903024684698715,Joy,Pride,0.2741066017246522
0.0030903024684698715,Joy,Sadness,0.02273221382035373
0.0030903024684698715,Joy,Shame,0.2229445329026541
0.0030903024684698715,Pride,Boredom,0.013520608679225955
0.0030903024684698715,Pride,Fear,0.026472858415625224
0.0030903024684698715,Pride,Happiness,0.15568149619718127
0.0030903024684698715,Pride,Joy,0.29610091294137536
0.0030903024684698715,Pride,Pride,0.2657137751994818
0.0030903024684698715,Pride,Sadness,0.024436310259965167
0.0030903024684698715,Pride,Shame,0.2180740383071451
0.0030903024684698715,Sadness,Boredom,0.012981875780514823
0.0030903024684698715,Sadness,Fear,0.25043248899730425
0.0030903024684698715,Sadness,Happiness,0.02926141047456112
0.0030903024684698715,Sadness,Joy,0.02138130284725156
0.0030903024684698715,Sadness,Pride,0.026850344642142074
0.0030903024684698715,Sadness,Sadness,0.4893034207478204
0.0030903024684698715,Sadness,Shame,0.16978915651040571
0.0030903024684698715,Shame,Boredom,0.006869667479612344
0.0030903024684698715,Shame,Fear,0.3924606382458178
0.0030903024684698715,Shame,Happiness,0.022399007954534825
0.0030903024684698715,Shame,Joy,0.06336960253004131
0.0030903024684698715,Shame,Pride,0.038094184916112224
0.0030903024684698715,Shame,Sadness,0.27278754832076235
0.0030903024684698715,Shame,Shame,0.20401935055311926
0.0033277124052223427,Boredom,Boredom,0.5094450367181296
0.0033277124052223427,Boredom,Fear,0.008661217844929457
0.0033277124052223427,Boredom,Happiness,0.32517979720610357
0.0033277124052223427,Boredom,Joy,0.018510227344574106
0.0033277124052223427,Boredom,Pride,0.06715867351535458
0.0033277124052223427,Boredom,Sadness,0.018891849830033062
0.0033277124052223427,Boredom,Shame,0.05215319754087592
0.0033277124052223427,Fear,Boredom,0.0029909756126733577
0.0033277124052223427,Fear,Fear,0.5574546661518921
0.0033277124052223427,Fear,Happiness,0.011648775473359463
0.0033277124052223427,Fear,Joy,0.03225353949069842
0.0033277124052223427,Fear,Pride,0.01915777508599503
0.0033277124052223427,Fear,Sadness,0.25311855883153206
0.0033277124052223427,Fear,Shame,0.12337570935384909
0.0033277124052223427,Happiness,Boredom,0.16502834787536652
0.0033277124052223427,Happiness,Fear,0.013383788773202171
0.0033277124052223427,Happiness,Happiness,0.3207602154825512
0.0033277124052223427,Happiness,Joy,0.07328889843806836
0.0033277124052223427,Happiness,Pride,0.24362085483671997
0.0033277124052223427,Happiness,Sadness,0.02174943045678906
0.0033277124052223427,Happiness,Shame,0.16216846413730288
0.0033277124052223427,Joy,Boredom,0.011223403512782257
0.0033277124052223427,Joy,Fear,0.04292445857436377
0.0033277124052223427,Joy,Happiness,0.10289150989951085
0.0033277124052223427,Joy,Joy,0.34966718895474685
0.0033277124052223427,Joy,Pride,0.2718622470846049
0.0033277124052223427,Joy,Sadness,0.022950845067039267
0.0033277124052223427,Joy,Shame,0.19848034690695232
0.0033277124052223427,Pride,Boredom,0.015079927964435398
0.0033277124052223427,Pride,Fear,0.028563244338095647
0.0033277124052223427,Pride,Happiness,0.1781780478169387
0.0033277124052223427,Pride,Joy,0.30507501976117196
0.0033277124052223427,Pride,Pride,0.2587152634757521
0.0033277124052223427,Pride,Sadness,0.02417982063821599
0.0033277124052223427,Pride,Shame,0.19020867600539013
0.0033277124052223427,Sadness,Boredom,0.01029543225350863
0.0033277124052223427,Sadness,Fear,0.31771248938280333
0.0033277124052223427,Sadness,Happiness,0.024036939409021317
0.0033277124052223427,Sadness,Joy,0.013671006910235197
0.0033277124052223427,Sadness,Pride,0.01793406734730371
0.0033277124052223427,Sadness,Sadness,0.5001383918757947
0.0033277124052223427,Sadness,Shame,0.1162116728213332
0.0033277124052223427,Shame,Boredom,0.004880679342768808
0.0033277124052223427,Shame,Fear,0.5118494198209331
0.0033277124052223427,Shame,Happiness,0.01663775046264199
0.0033277124052223427,Shame,Joy,0.04967687077954796
0.0033277124052223427,Shame,Pride,0.028127818929215367
0.0033277124052223427,Shame,Sadness,0.23400972562202624
0.0033277124052223427,Shame,Shame,0.15481773504286628
0.002990614180995989,Boredom,Boredom,0.5039158433100638
0.002990614180995989,Boredom,Fear,0.009820658697646383
0.002990614180995989,Boredom,Happiness,0.3149904968870635
0.002990614180995989,Boredom,Joy,0.02482928643728234
0.002990614180995989,Boredom,Pride,0.06903965458477399
0.002990614180995989,Boredom,Sadness,0.019994405838444935
0.002990614180995989,Boredom,Shame,0.0574096542447253
0.002990614180995989,Fear,Boredom,0.004171823398307313
0.002990614180995989,Fear,Fear,0.5046156215739305
0.002990614180995989,Fear,Happiness,0.016764358428097384
0.002990614180995989,Fear,Joy,0.03573048274229984
0.002990614180995989,Fear,Pride,0.02261940607622968
0.002990614180995989,Fear,Sadness,0.2751906280894789
0.002990614180995989,Fear,Shame,0.14090767969165635
0.002990614180995989,Happiness,Boredom,0.15435216070554847
0.002990614180995989,Happiness,Fear,0.015014910452152523
0.002990614180995989,Happiness,Happiness,0.30969378035763895
0.002990614180995989,Happiness,Joy,0.09118023580022823
0.002990614180995989,Happiness,Pride,0.24548862483833161
0.002990614180995989,Happiness,Sadness,0.0223844047257827
0.002990614180995989,Happiness,Shame,0.16188588312031776
0.002990614180995989,Joy,Boredom,0.01227282052507023
0.002990614180995989,Joy,Fear,0.04288885713413051
0.002990614180995989,Joy,Happiness,0.13816689312470137
0.002990614180995989,Joy,Joy,0.3291541357899767
0.002990614180995989,Joy,Pride,0.26460811414945024
0.002990614180995989,Joy,Sadness,0.02171953323859709
0.002990614180995989,Joy,Shame,0.1911896460380739
0.002990614180995989,Pride,Boredom,0.017422232124113906
0.002990614180995989,Pride,Fear,0.029145498934674965
0.002990614180995989,Pride,Happiness,0.20332705094026232
0.002990614180995989,Pride,Joy,0.28092295120708755
0.002990614180995989,Pride,Pride,0.2584245279770841
0.002990614180995989,Pride,Sadness,0.023766516388891486
0.002990614180995989,Pride,Shame,0.18699122242788568
0.002990614180995989,Sadness,Boredom,0.01443060975640781
0.002990614180995989,Sadness,Fear,0.33000376862517883
0.002990614180995989,Sadness,Happiness,0.02847306801672545
0.002990614180995989,Sadness,Joy,0.0170027668731548
0.002990614180995989,Sadness,Pride,0.021330531570140292
0.002990614180995989,Sadness,Sadness,0.455672697222315
0.002990614180995989,Sadness,Shame,0.1330865579360777
0.002990614180995989,Shame,Boredom,0.006079907880788427
0.002990614180995989,Shame,Fear,0.46831788814642195
0.002990614180995989,Shame,Happiness,0.022273675557368942
0.002990614180995989,Shame,Joy,0.05357228074171301
0.002990614180995989,Shame,Pride,0.029731415442891256
0.002990614180995989,Shame,Sadness,0.25389562173089136
0.002990614180995989,Shame,Shame,0.16612921049992507
0.0031244678676651413,Boredom,Boredom,0.5796209960648815
0.0031244678676651413,Boredom,Fear,0.003752940438221539
0.0031244678676651413,Boredom,Happiness,0.3213484198107985
0.0031244678676651413,Boredom,Joy,0.009786885839740744
0.0031244678676651413,Boredom,Pride,0.04686070119685298
0.0031244678676651413,Boredom,Sadness,0.009280019469165774
0.0031244678676651413,Boredom,Shame,0.029350037180339544
0.0031244678676651413,Fear,Boredom,0.0012680435922969371
0.0031244678676651413,Fear,Fear,0.7474867064208492
0.0031244678676651413,Fear,Happiness,0.005115166288862719
0.0031244678676651413,Fear,Joy,0.01725075195673815
0.0031244678676651413,Fear,Pride,0.009015051310405175
0.0031244678676651413,Fear,Sadness,0.15634814524398427
0.0031244678676651413,Fear,Shame,0.0635161351868633
0.0031244678676651413,Happiness,Boredom,0.19360292675274746
0.0031244678676651413,Happiness,Fear,0.00945044143779369
0.0031244678676651413,Happiness,Happiness,0.3591655097566302
0.0031244678676651413,Happiness,Joy,0.06372722075769238
0.0031244678676651413,Happiness,Pride,0.22936662216124976
0.0031244678676651413,Happiness,Sadness,0.017101639327498808
0.0031244678676651413,Happiness,Shame,0.12758563980638743
0.0031244678676651413,Joy,Boredom,0.010002537853406534
0.0031244678676651413,Joy,Fear,0.03832140749944884
0.0031244678676651413,Joy,Happiness,0.10431563371706197
0.0031244678676651413,Joy,Joy,0.39194055611091283
0.0031244678676651413,Joy,Pride,0.26770790499967445
0.0031244678676651413,Joy,Sadness,0.016134493055232506
0.0031244678676651413,Joy,Shame,0.17157746676426305
0.0031244678676651413,Pride,Boredom,0.015923095784159347
0.0031244678676651413,Pride,Fear,0.026410058666891854
0.0031244678676651413,Pride,Happiness,0.21383967073335225
0.0031244678676651413,Pride,Joy,0.3004010466041862
0.0031244678676651413,Pride,Pride,0.25365294805213445
0.0031244678676651413,Pride,Sadness,0.01963265883155869
0.0031244678676651413,Pride,Shame,0.17014052132771743
0.0031244678676651413,Sadness,Boredom,0.010235067488812748
0.0031244678676651413,Sadness,Fear,0.38617491185610514
0.0031244678676651413,Sadness,Happiness,0.019469747122377985
0.0031244678676651413,Sadness,Joy,0.008008511226768482
0.0031244678676651413,Sadness,Pride,0.011571871418899593
0.0031244678676651413,Sadness,Sadness,0.49271076507092626
0.0031244678676651413,Sadness,Shame,0.07182912581611019
0.0031244678676651413,Shame,Boredom,0.0029257036089407806
0.0031244678676651413,Shame,Fear,0.6850857266658251
0.0031244678676651413,Shame,Happiness,0.009815124045391636
0.0031244678676651413,Shame,Joy,0.03197683938594073
0.0031244678676651413,Shame,Pride,0.017955284306232604
0.0031244678676651413,Shame,Sadness,0.1493091001382044
0.0031244678676651413,Shame,Shame,0.1029322218494649
0.0032231632020168354,Boredom,Boredom,0.5179848367283997
0.0032231632020168354,Boredom,Fear,0.005426361394096287
0.0032231632020168354,Boredom,Happiness,0.3362589150653524
0.0032231632020168354,Boredom,Joy,0.014487840259083836
0.0032231632020168354,Boredom,Pride,0.06158297174435626
0.0032231632020168354,Boredom,Sadness,0.014314443106693074
0.0032231632020168354,Boredom,Shame,0.04994463170201811
0.0032231632020168354,Fear,Boredom,0.0020616632093148402
0.0032231632020168354,Fear,Fear,0.5755584077156157
0.0032231632020168354,Fear,Happiness,0.006532055398527257
0.0032231632020168354,Fear,Joy,0.029085560184193483
0.0032231632020168354,Fear,Pride,0.018031822166556008
0.0032231632020168354,Fear,Sadness,0.24683661256656897
0.0032231632020168354,Fear,Shame,0.12189387875922399
0.0032231632020168354,Happiness,Boredom,0.1521488563154081
0.0032231632020168354,Happiness,Fear,0.006877487384202018
0.0032231632020168354,Happiness,Happiness,0.33208671724253874
0.0032231632020168354,Happiness,Joy,0.06105020242308486
0.0032231632020168354,Happiness,Pride,0.24415040031082952
0.0032231632020168354,Happiness,Sadness,0.014505789777199702
0.0032231632020168354,Happiness,Shame,0.189180546546737
0.0032231632020168354,Joy,Boredom,0.0076701063046565555
0.0032231632020168354,Joy,Fear,0.03588836946527824
0.0032231632020168354,Joy,Happiness,0.07400720012482714
0.0032231632020168354,Joy,Joy,0.35210450397340637
0.0032231632020168354,Joy,Pride,0.283070555614531
0.0032231632020168354,Joy,Sadness,0.01566229221933087
0.0032231632020168354,Joy,Shame,0.23159697229796986
0.0032231632020168354,Pride,Boredom,0.010580690549151351
0.0032231632020168354,Pride,Fear,0.02240751442870854
0.0032231632020168354,Pride,Happiness,0.12012661101171557
0.0032231632020168354,Pride,Joy,0.3198142808834844
0.0032231632020168354,Pride,Pride,0.27344065162163567
0.0032231632020168354,Pride,Sadness,0.02070707099389623
0.0032231632020168354,Pride,Shame,0.2329231805114087
0.0032231632020168354,Sadness,Boredom,0.007662235430336988
0.0032231632020168354,Sadness,Fear,0.2475849151362821
0.0032231632020168354,Sadness,Happiness,0.0171838038662238
0.0032231632020168354,Sadness,Joy,0.010072179684497896
0.0032231632020168354,Sadness,Pride,0.01569169635370071
0.0032231632020168354,Sadness,Sadness,0.5899215567208153
0.0032231632020168354,Sadness,Shame,0.1118836128081431
0.0032231632020168354,Shame,Boredom,0.004232152178134498
0.0032231632020168354,Shame,Fear,0.5085800174800902
0.0032231632020168354,Shame,Happiness,0.011538081674149358
0.0032231632020168354,Shame,Joy,0.048764977607443256
0.0032231632020168354,Shame,Pride,0.03538853514457516
0.0032231632020168354,Shame,Sadness,0.21312665618947987
0.0032231632020168354,Shame,Shame,0.17836957972612758
0.0031054640228744797,Boredom,Boredom,0.5051463624536735
0.0031054640228744797,Boredom,Fear,0.007628158513934644
0.0031054640228744797,Boredom,Happiness,0.32617996692982537
0.0031054640228744797,Boredom,Joy,0.01891475702676189
0.0031054640228744797,Boredom,Pride,0.06720070770765975
0.0031054640228744797,Boredom,Sadness,0.0181730977663753
0.0031054640228744797,Boredom,Shame,0.05675694960176931
0.0031054640228744797,Fear,Boredom,0.0030333242861182693
0.0031054640228744797,Fear,Fear,0.5227628956099591
0.0031054640228744797,Fear,Happiness,0.011060069809264448
0.0031054640228744797,Fear,Joy,0.034751944885876795
0.0031054640228744797,Fear,Pride,0.021490782687949298
0.0031054640228744797,Fear,Sadness,0.2637943529876399
0.0031054640228744797,Fear,Shame,0.1431066297331919
0.0031054640228744797,Happiness,Boredom,0.15813793243310384
0.0031054640228744797,Happiness,Fear,0.009363701543982072
0.0031054640228744797,Happiness,Happiness,0.31573273325904166
0.0031054640228744797,Happiness,Joy,0.0735523130918351
0.0031054640228744797,Happiness,Pride,0.24463639442007565
0.0031054640228744797,Happiness,Sadness,0.01791498718680994
0.0031054640228744797,Happiness,Shame,0.18066193806515204
0.0031054640228744797,Joy,Boredom,0.008994768783960737
0.0031054640228744797,Joy,Fear,0.038474831107526336
0.0031054640228744797,Joy,Happiness,0.094789559561069
0.0031054640228744797,Joy,Joy,0.34323519527606566
0.0031054640228744797,Joy,Pride,0.27547834864881493
0.0031054640228744797,Joy,Sadness,0.019495547364942124
0.0031054640228744797,Joy,Shame,0.21953174925762123
0.0031054640228744797,Pride,Boredom,0.012602615024597462
0.0031054640228744797,Pride,Fear,0.024844627254388692
0.0031054640228744797,Pride,Happiness,0.15960276782474034
0.0031054640228744797,Pride,Joy,0.30086460873749205
0.0031054640228744797,Pride,Pride,0.2646659200303989
0.0031054640228744797,Pride,Sadness,0.02208949016219916
0.0031054640228744797,Pride,Shame,0.21532997096618345
0.0031054640228744797,Sadness,Boredom,0.009580851608005163
0.0031054640228744797,Sadness,Fear,0.26457331977014636
0.0031054640228744797,Sadness,Happiness,0.02290211229806124
0.0031054640228744797,Sadness,Joy,0.014726960439734867
0.0031054640228744797,Sadness,Pride,0.01983922827540687
0.0031054640228744797,Sadness,Sadness,0.531870949485079
0.0031054640228744797,Sadness,Shame,0.13650657812356615
0.0031054640228744797,Shame,Boredom,0.005175117672240158
0.0031054640228744797,Shame,Fear,0.46995129136890407
0.0031054640228744797,Shame,Happiness,0.016540608300620912
0.0031054640228744797,Shame,Joy,0.05448951394238203
0.0031054640228744797,Shame,Pride,0.0338482093795522
0.0031054640228744797,Shame,Sadness,0.23561970154677497
0.0031054640228744797,Shame,Shame,0.1843755577895252
0.0031643208400260275,Boredom,Boredom,0.4803806262474797
0.0031643208400260275,Boredom,Fear,0.009658690636502485
0.0031643208400260275,Boredom,Happiness,0.31876233805037446
0.0031643208400260275,Boredom,Joy,0.024674901987578837
0.0031643208400260275,Boredom,Pride,0.07534883492700349
0.0031643208400260275,Boredom,Sadness,0.02265316314570032
0.0031643208400260275,Boredom,Shame,0.0685214450053604
0.0031643208400260275,Fear,Boredom,0.004154197005027122
0.0031643208400260275,Fear,Fear,0.4466707550105323
0.0031643208400260275,Fear,Happiness,0.014186924228094805
0.0031643208400260275,Fear,Joy,0.041713196889239273
0.0031643208400260275,Fear,Pride,0.02698608496498638
0.0031643208400260275,Fear,Sadness,0.29472288294049553
0.0031643208400260275,Fear,Shame,0.17156595896162463
0.0031643208400260275,Happiness,Boredom,0.1430616144707462
0.0031643208400260275,Happiness,Fear,0.009626797624855181
0.0031643208400260275,Happiness,Happiness,0.29359500155480334
0.0031643208400260275,Happiness,Joy,0.08306322177395359
0.0031643208400260275,Happiness,Pride,0.24866948584846102
0.0031643208400260275,Happiness,Sadness,0.01869400025171304
0.0031643208400260275,Happiness,Shame,0.2032898784754677
0.0031643208400260275,Joy,Boredom,0.008794213382418115
0.0031643208400260275,Joy,Fear,0.038105387084101584
0.0031643208400260275,Joy,Happiness,0.09270343351333628
0.0031643208400260275,Joy,Joy,0.3282104008510468
0.0031643208400260275,Joy,Pride,0.2767776602384385
0.0031643208400260275,Joy,Sadness,0.020610377730545457
0.0031643208400260275,Joy,Shame,0.2347985272001131
0.0031643208400260275,Pride,Boredom,0.01195006976274839
0.0031643208400260275,Pride,Fear,0.024805090804700263
0.0031643208400260275,Pride,Happiness,0.1446030602595393
0.0031643208400260275,Pride,Joy,0.2975268900330011
0.0031643208400260275,Pride,Pride,0.2676497779049364
0.0031643208400260275,Pride,Sadness,0.023057986639626823
0.0031643208400260275,Pride,Shame,0.2304071245954482
0.0031643208400260275,Sadness,Boredom,0.010406122694507858
0.0031643208400260275,Sadness,Fear,0.2380141394480155
0.0031643208400260275,Sadness,Happiness,0.025666777022954557
0.0031643208400260275,Sadness,Joy,0.018971093500529685
0.0031643208400260275,Sadness,Pride,0.024571254732141137
0.0031643208400260275,Sadness,Sadness,0.5192548914941407
0.0031643208400260275,Sadness,Shame,0.16311572110771014
0.0031643208400260275,Shame,Boredom,0.006347705036025805
0.0031643208400260275,Shame,Fear,0.40352236427772703
0.0031643208400260275,Shame,Happiness,0.019606302421576745
0.0031643208400260275,Shame,Joy,0.06196468443172108
0.0031643208400260275,Shame,Pride,0.03933484648457911
0.0031643208400260275,Shame,Sadness,0.26027408929669094
0.0031643208400260275,Shame,Shame,0.20895000805167963
0.00316862403999233,Boredom,Boredom,0.4383359661949433
0.00316862403999233,Boredom,Fear,0.010998406184213043
0.00316862403999233,Boredom,Happiness,0.31448561311597284
0.00316862403999233,Boredom,Joy,0.030033752577651018
0.00316862403999233,Boredom,Pride,0.0860661820779502
0.00316862403999233,Boredom,Sadness,0.028207585235993583
0.00316862403999233,Boredom,Shame,0.09187249461327568
0.00316862403999233,Fear,Boredom,0.006133462566690945
0.00316862403999233,Fear,Fear,0.35004521179814474
0.00316862403999233,Fear,Happiness,0.014687205118653566
0.00316862403999233,Fear,Joy,0.051079359375135296
0.00316862403999233,Fear,Pride,0.036857040396241804
0.00316862403999233,Fear,Sadness,0.3179988315810237
0.00316862403999233,Fear,Shame,0.22319888916410985
0.00316862403999233,Happiness,Boredom,0.12761699007657443
0.00316862403999233,Happiness,Fear,0.007236904703117121
0.00316862403999233,Happiness,Happiness,0.2638663950639103
0.00316862403999233,Happiness,Joy,0.08625078908524665
0.00316862403999233,Happiness,Pride,0.25115309140206965
0.00316862403999233,Happiness,Sadness,0.016156045232729517
0.00316862403999233,Happiness,Shame,0.2477197844363522
0.00316862403999233,Joy,Boredom,0.006754620281329878
0.00316862403999233,Joy,Fear,0.033632370446203264
0.00316862403999233,Joy,Happiness,0.07165387959029917
0.00316862403999233,Joy,Joy,0.30764953190013866
0.00316862403999233,Joy,Pride,0.2861144292977862
0.00316862403999233,Joy,Sadness,0.018635803883820648
0.00316862403999233,Joy,Shame,0.2755593646004222
0.00316862403999233,Pride,Boredom,0.009543440675211253
0.00316862403999233,Pride,Fear,0.0218476320354167
0.00316862403999233,Pride,Happiness,0.10318718490391554
0.00316862403999233,Pride,Joy,0.2884701548796735
0.00316862403999233,Pride,Pride,0.27931326370157383
0.00316862403999233,Pride,Sadness,0.022253082240650743
0.00316862403999233,Pride,Shame,0.27538524156355826
0.00316862403999233,Sadness,Boredom,0.01339813991622996
0.00316862403999233,Sadness,Fear,0.1393626789500604
0.00316862403999233,Sadness,Happiness,0.026063282850774725
0.00316862403999233,Sadness,Joy,0.02576958640590997
0.00316862403999233,Sadness,Pride,0.03437114472142598
0.00316862403999233,Sadness,Sadness,0.5456735976762623
0.00316862403999233,Sadness,Shame,0.2153615694793369
0.00316862403999233,Shame,Boredom,0.008436422120443909
0.00316862403999233,Shame,Fear,0.31647240258612547
0.00316862403999233,Shame,Happiness,0.019174940829456495
0.00316862403999233,Shame,Joy,0.07189850382228777
0.00316862403999233,Shame,Pride,0.049025976765693154
0.00316862403999233,Shame,Sadness,0.272292646647021
0.00316862403999233,Shame,Shame,0.2626991072289723
0.003259133723624889,Boredom,Boredom,0.5142496790309622
0.003259133723624889,Boredom,Fear,0.0059734271538222205
0.003259133723624889,Boredom,Happiness,0.3335366506814658
0.003259133723624889,Boredom,Joy,0.015414086185707492
0.003259133723624889,Boredom,Pride,0.06324629354153252
0.003259133723624889,Boredom,Sadness,0.015790877866787397
0.003259133723624889,Boredom,Shame,0.05178898553972254
0.003259133723624889,Fear,Boredom,0.0021905468883226423
0.003259133723624889,Fear,Fear,0.5705780469254739
0.003259133723624889,Fear,Happiness,0.0072561040357342
0.003259133723624889,Fear,Joy,0.029552748814110918
0.003259133723624889,Fear,Pride,0.017973265691350923
0.003259133723624889,Fear,Sadness,0.24904282604732178
0.003259133723624889,Fear,Shame,0.12340646159768554
0.003259133723624889,Happiness,Boredom,0.16221194330703448
0.003259133723624889,Happiness,Fear,0.007098946767492502
0.003259133723624889,Happiness,Happiness,0.32655318230661173
0.003259133723624889,Happiness,Joy,0.062135912159565744
0.003259133723624889,Happiness,Pride,0.24234734218848797
0.003259133723624889,Happiness,Sadness,0.015276975828107244
0.003259133723624889,Happiness,Shame,0.1843756974427002
0.003259133723624889,Joy,Boredom,0.008126698205071298
0.003259133723624889,Joy,Fear,0.03714311412224663
0.003259133723624889,Joy,Happiness,0.07787617449451466
0.003259133723624889,Joy,Joy,0.34984018189174965
0.003259133723624889,Joy,Pride,0.280718843485127
0.003259133723624889,Joy,Sadness,0.017155953577597347
0.003259133723624889,Joy,Shame,0.2291390342236931
0.003259133723624889,Pride,Boredom,0.011187020070367188
0.003259133723624889,Pride,Fear,0.023132027014654367
0.003259133723624889,Pride,Happiness,0.13136093326993886
0.003259133723624889,Pride,Joy,0.31557150875566103
0.003259133723624889,Pride,Pride,0.2694911643400476
0.003259133723624889,Pride,Sadness,0.021426894646056252
0.003259133723624889,Pride,Shame,0.22783045190327444
0.003259133723624889,Sadness,Boredom,0.008033745288941196
0.003259133723624889,Sadness,Fear,0.2499896040118943
0.003259133723624889,Sadness,Happiness,0.01825090746527404
0.003259133723624889,Sadness,Joy,0.011073732765627868
0.003259133723624889,Sadness,Pride,0.016267538279437794
0.003259133723624889,Sadness,Sadness,0.5802728078064465
0.003259133723624889,Sadness,Shame,0.11611166438237827
0.003259133723624889,Shame,Boredom,0.004359035326518881
0.003259133723624889,Shame,Fear,0.5072302901635074
0.003259133723624889,Shame,Happiness,0.01231180630645801
0.003259133723624889,Shame,Joy,0.048864898219785964
0.003259133723624889,Shame,Pride,0.032594515129627126
0.003259133723624889,Shame,Sadness,0.21849905401742034
0.003259133723624889,Shame,Shame,0.17614040083668195
0.0031390113968873343,Boredom,Boredom,0.518382101749923
0.0031390113968873343,Boredom,Fear,0.007800599438746177
0.0031390113968873343,Boredom,Happiness,0.3230468025897051
0.0031390113968873343,Boredom,Joy,0.018489207801207285
0.0031390113968873343,Boredom,Pride,0.06421971608204491
0.0031390113968873343,Boredom,Sadness,0.017393742766067706
0.0031390113968873343,Boredom,Shame,0.05066782957230596
0.0031390113968873343,Fear,Boredom,0.0028761924660072043
0.0031390113968873343,Fear,Fear,0.5546213296258954
0.0031390113968873343,Fear,Happiness,0.011901613895549473
0.0031390113968873343,Fear,Joy,0.032409126491214704
0.0031390113968873343,Fear,Pride,0.018799397160354066
0.0031390113968873343,Fear,Sadness,0.2563886977778872
0.0031390113968873343,Fear,Shame,0.12300364258309233
0.0031390113968873343,Happiness,Boredom,0.17182716825136457
0.0031390113968873343,Happiness,Fear,0.011404639383435118
0.0031390113968873343,Happiness,Happiness,0.3199989534709631
0.0031390113968873343,Happiness,Joy,0.0757074197887615
0.0031390113968873343,Happiness,Pride,0.2408942366670634
0.0031390113968873343,Happiness,Sadness,0.019154172409039615
0.0031390113968873343,Happiness,Shame,0.16101341002937278
0.0031390113968873343,Joy,Boredom,0.010615043156220545
0.0031390113968873343,Joy,Fear,0.04102516331038251
0.0031390113968873343,Joy,Happiness,0.1146312222060081
0.0031390113968873343,Joy,Joy,0.34832100922144077
0.0031390113968873343,Joy,Pride,0.2684966932758291
0.0031390113968873343,Joy,Sadness,0.020168541539764225
0.0031390113968873343,Joy,Shame,0.19674232729035507
0.0031390113968873343,Pride,Boredom,0.015039796674489162
0.0031390113968873343,Pride,Fear,0.027461768571473692
0.0031390113968873343,Pride,Happiness,0.19138883187037922
0.0031390113968873343,Pride,Joy,0.2929494556826927
0.0031390113968873343,Pride,Pride,0.2587214859067146
0.0031390113968873343,Pride,Sadness,0.022359199996129685
0.0031390113968873343,Pride,Shame,0.19207946129812017
0.0031390113968873343,Sadness,Boredom,0.01065041904470205
0.0031390113968873343,Sadness,Fear,0.32560635251906833
0.0031390113968873343,Sadness,Happiness,0.024138744125455705
0.0031390113968873343,Sadness,Joy,0.013727280006312263
0.0031390113968873343,Sadness,Pride,0.018065714012112565
0.0031390113968873343,Sadness,Sadness,0.49092658562114033
0.0031390113968873343,Sadness,Shame,0.11688490467120878
0.0031390113968873343,Shame,Boredom,0.004908494229757886
0.0031390113968873343,Shame,Fear,0.5069147944170971
0.0031390113968873343,Shame,Happiness,0.017632656368980634
0.0031390113968873343,Shame,Joy,0.050926369699069524
0.0031390113968873343,Shame,Pride,0.028542217523926015
0.0031390113968873343,Shame,Sadness,0.23313453754878546
0.0031390113968873343,Shame,Shame,0.15794093021238376
0.003238503474616657,Boredom,Boredom,0.5137067260196173
0.003238503474616657,Boredom,Fear,0.00819438098513895
0.003238503474616657,Boredom,Happiness,0.32404172630721495
0.003238503474616657,Boredom,Joy,0.018615754719622825
0.003238503474616657,Boredom,Pride,0.06575652226959335
0.003238503474616657,Boredom,Sadness,0.017788787915814303
0.003238503474616657,Boredom,Shame,0.05189610178299849
0.003238503474616657,Fear,Boredom,0.002952604863881113
0.003238503474616657,Fear,Fear,0.5554328408335596
0.003238503474616657,Fear,Happiness,0.011925553803666639
0.003238503474616657,Fear,Joy,0.03254705521349888
0.003238503474616657,Fear,Pride,0.019272124592186465
0.003238503474616657,Fear,Sadness,0.25314402839698413
0.003238503474616657,Fear,Shame,0.12472579229622305
0.003238503474616657,Happiness,Boredom,0.17299336492673614
0.003238503474616657,Happiness,Fear,0.011897039432530518
0.003238503474616657,Happiness,Happiness,0.31905680993696783
0.003238503474616657,Happiness,Joy,0.07450901849878934
0.003238503474616657,Happiness,Pride,0.24119418479907634
0.003238503474616657,Happiness,Sadness,0.019935065884955146
0.003238503474616657,Happiness,Shame,0.16041451652094477
0.003238503474616657,Joy,Boredom,0.010812154165155555
0.003238503474616657,Joy,Fear,0.041823093439124014
0.003238503474616657,Joy,Happiness,0.10954232163197213
0.003238503474616657,Joy,Joy,0.3488875160916008
0.003238503474616657,Joy,Pride,0.269580419287039
0.003238503474616657,Joy,Sadness,0.021375741360396286
0.003238503474616657,Joy,Shame,0.19797875402471163
0.003238503474616657,Pride,Boredom,0.014990703554136791
0.003238503474616657,Pride,Fear,0.027913616809646363
0.003238503474616657,Pride,Happiness,0.1857954427433332
0.003238503474616657,Pride,Joy,0.2974653223778025
0.003238503474616657,Pride,Pride,0.2584017706174558
0.003238503474616657,Pride,Sadness,0.023227934294773045
0.003238503474616657,Pride,Shame,0.19220520960285234
0.003238503474616657,Sadness,Boredom,0.010608008702105374
0.003238503474616657,Sadness,Fear,0.3205072407213977
0.003238503474616657,Sadness,Happiness,0.02419864212810672
0.003238503474616657,Sadness,Joy,0.013958560786470002
0.003238503474616657,Sadness,Pride,0.018314037205949055
0.003238503474616657,Sadness,Sadness,0.4931972830558358
0.003238503474616657,Sadness,Shame,0.11921622740013563
0.003238503474616657,Shame,Boredom,0.004904669380878995
0.003238503474616657,Shame,Fear,0.5074681961694949
0.003238503474616657,Shame,Happiness,0.017367451096114983
0.003238503474616657,Shame,Joy,0.050536501277857776
0.003238503474616657,Shame,Pride,0.02957994793537742
0.003238503474616657,Shame,Sadness,0.23194441900834994
0.003238503474616657,Shame,Shame,0.1581988151319262
0.0032080354476855945,Boredom,Boredom,0.5271078257996977
0.0032080354476855945,Boredom,Fear,0.006844322478898877
0.0032080354476855945,Boredom,Happiness,0.3269109122599344
0.0032080354476855945,Boredom,Joy,0.015961288948323
0.0032080354476855945,Boredom,Pride,0.0618082422619074
0.0032080354476855945,Boredom,Sadness,0.014531264499351463
0.0032080354476855945,Boredom,Shame,0.04683614375188755
0.0032080354476855945,Fear,Boredom,0.002528744357547439
0.0032080354476855945,Fear,Fear,0.574272712741161
0.0032080354476855945,Fear,Happiness,0.0099245540664628
0.0032080354476855945,Fear,Joy,0.030575475175295044
0.0032080354476855945,Fear,Pride,0.01805020274572007
0.0032080354476855945,Fear,Sadness,0.2468156884467521
0.0032080354476855945,Fear,Shame,0.1178326224670619
0.0032080354476855945,Happiness,Boredom,0.1638273537335041
0.0032080354476855945,Happiness,Fear,0.010783614376694877
0.0032080354476855945,Happiness,Happiness,0.32650546926262847
0.0032080354476855945,Happiness,Joy,0.07052728187980692
0.0032080354476855945,Happiness,Pride,0.2401448326990612
0.0032080354476855945,Happiness,Sadness,0.018549560792459792
0.0032080354476855945,Happiness,Shame,0.1696618872558449
0.0032080354476855945,Joy,Boredom,0.009971793971481005
0.0032080354476855945,Joy,Fear,0.04018946351196029
0.0032080354476855945,Joy,Happiness,0.10245911279594166
0.0032080354476855945,Joy,Joy,0.35665776981532926
0.0032080354476855945,Joy,Pride,0.2713789696781172
0.0032080354476855945,Joy,Sadness,0.01960925734828654
0.0032080354476855945,Joy,Shame,0.1997336328788841
0.0032080354476855945,Pride,Boredom,0.014321682216313518
0.0032080354476855945,Pride,Fear,0.026821210458046973
0.0032080354476855945,Pride,Happiness,0.18231259690632567
0.0032080354476855945,Pride,Joy,0.3010338412447177
0.0032080354476855945,Pride,Pride,0.2593775815405057
0.0032080354476855945,Pride,Sadness,0.02205525207503644
0.0032080354476855945,Pride,Shame,0.19407783555905408
0.0032080354476855945,Sadness,Boredom,0.010039021944535811
0.0032080354476855945,Sadness,Fear,0.321590192826876
0.0032080354476855945,Sadness,Happiness,0.022207947792801615
0.0032080354476855945,Sadness,Joy,0.012385779225970795
0.0032080354476855945,Sadness,Pride,0.016827915822801836
0.0032080354476855945,Sadness,Sadness,0.507128920744355
0.0032080354476855945,Sadness,Shame,0.1098202216426588
0.0032080354476855945,Shame,Boredom,0.0044614382771555935
0.0032080354476855945,Shame,Fear,0.520372345278061
0.0032080354476855945,Shame,Happiness,0.015381301306574318
0.0032080354476855945,Shame,Joy,0.048932590574823784
0.0032080354476855945,Shame,Pride,0.03162134123872366
0.0032080354476855945,Shame,Sadness,0.2230355272957688
0.0032080354476855945,Shame,Shame,0.1561954560288928
0.0032600431600202625,Boredom,Boredom,0.4826662011647296
0.0032600431600202625,Boredom,Fear,0.010019642231357807
0.0032600431600202625,Boredom,Happiness,0.32002705871590265
0.0032600431600202625,Boredom,Joy,0.023055793138010396
0.0032600431600202625,Boredom,Pride,0.07519844167298345
0.0032600431600202625,Boredom,Sadness,0.022352155588382324
0.0032600431600202625,Boredom,Shame,0.06668070748863394
0.0032600431600202625,Fear,Boredom,0.004135509414131314
0.0032600431600202625,Fear,Fear,0.4484351713193777
0.0032600431600202625,Fear,Happiness,0.013809971599076067
0.0032600431600202625,Fear,Joy,0.04160039534953851
0.0032600431600202625,Fear,Pride,0.027072263605233807
0.0032600431600202625,Fear,Sadness,0.29410336147544064
0.0032600431600202625,Fear,Shame,0.17084332723720178
0.0032600431600202625,Happiness,Boredom,0.15640086807356418
0.0032600431600202625,Happiness,Fear,0.010998712266333841
0.0032600431600202625,Happiness,Happiness,0.29664885524877543
0.0032600431600202625,Happiness,Joy,0.07734353013524119
0.0032600431600202625,Happiness,Pride,0.24727730408769905
0.0032600431600202625,Happiness,Sadness,0.019402894627016703
0.0032600431600202625,Happiness,Shame,0.19192783556136975
0.0032600431600202625,Joy,Boredom,0.009321101180190439
0.0032600431600202625,Joy,Fear,0.03984180115573363
0.0032600431600202625,Joy,Happiness,0.08935574096806419
0.0032600431600202625,Joy,Joy,0.3318601297656289
0.0032600431600202625,Joy,Pride,0.2776226201000393
0.0032600431600202625,Joy,Sadness,0.02217019215821372
0.0032600431600202625,Joy,Shame,0.22982841467212967
0.0032600431600202625,Pride,Boredom,0.012421051223138595
0.0032600431600202625,Pride,Fear,0.02646806745725944
0.0032600431600202625,Pride,Happiness,0.14069612184959226
0.0032600431600202625,Pride,Joy,0.3041364450151154
0.0032600431600202625,Pride,Pride,0.26765535139096125
0.0032600431600202625,Pride,Sadness,0.024458993705557357
0.0032600431600202625,Pride,Shame,0.22416396935837585
0.0032600431600202625,Sadness,Boredom,0.010619500201047457
0.0032600431600202625,Sadness,Fear,0.2368404716231391
0.0032600431600202625,Sadness,Happiness,0.025639535948250324
0.0032600431600202625,Sadness,Joy,0.018856201527362552
0.0032600431600202625,Sadness,Pride,0.02435687612187065
0.0032600431600202625,Sadness,Sadness,0.5233939388111221
0.0032600431600202625,Sadness,Shame,0.1602934757672082
0.0032600431600202625,Shame,Boredom,0.006124126247978721
0.0032600431600202625,Shame,Fear,0.408661604150062
0.0032600431600202625,Shame,Happiness,0.01861610598025489
0.0032600431600202625,Shame,Joy,0.060795107715371784
0.0032600431600202625,Shame,Pride,0.039427120146008326
0.0032600431600202625,Shame,Sadness,0.2626382614377205
0.0032600431600202625,Shame,Shame,0.2037376743226036
0.003231811799017517,Boredom,Boredom,0.6141464631823835
0.003231811799017517,Boredom,Fear,0.0020748202502390693
0.003231811799017517,Boredom,Happiness,0.31294175457813334
0.003231811799017517,Boredom,Joy,0.006720856656800056
0.003231811799017517,Boredom,Pride,0.03852710595408397
0.003231811799017517,Boredom,Sadness,0.005713326675053253
0.003231811799017517,Boredom,Shame,0.019875672703306438
0.003231811799017517,Fear,Boredom,0.0008165874021992277
0.003231811799017517,Fear,Fear,0.8141246511938162
0.003231811799017517,Fear,Happiness,0.0022383051226196092
0.003231811799017517,Fear,Joy,0.011668401389057885
0.003231811799017517,Fear,Pride,0.005874882266609636
0.003231811799017517,Fear,Sadness,0.12655636763612277
0.003231811799017517,Fear,Shame,0.03872080498957454
0.003231811799017517,Happiness,Boredom,0.20283954078774444
0.003231811799017517,Happiness,Fear,0.006916567086644035
0.003231811799017517,Happiness,Happiness,0.3716355616081432
0.003231811799017517,Happiness,Joy,0.05761104471013373
0.003231811799017517,Happiness,Pride,0.22052271595535636
0.003231811799017517,Happiness,Sadness,0.013416784555977737
0.003231811799017517,Happiness,Shame,0.1270577852960002
0.003231811799017517,Joy,Boredom,0.008869419462950263
0.003231811799017517,Joy,Fear,0.03622691615958167
0.003231811799017517,Joy,Happiness,0.07889335670174037
0.003231811799017517,Joy,Joy,0.4152128357494225
0.003231811799017517,Joy,Pride,0.2729139935847556
0.003231811799017517,Joy,Sadness,0.012955747964410924
0.003231811799017517,Joy,Shame,0.17492773037713857
0.003231811799017517,Pride,Boredom,0.013167849751192695
0.003231811799017517,Pride,Fear,0.022199739000334805
0.003231811799017517,Pride,Happiness,0.17019565929025693
0.003231811799017517,Pride,Joy,0.34617135544432326
0.003231811799017517,Pride,Pride,0.255398701670709
0.003231811799017517,Pride,Sadness,0.017351794621691105
0.003231811799017517,Pride,Shame,0.17551490022149197
0.003231811799017517,Sadness,Boredom,0.009871528601907454
0.003231811799017517,Sadness,Fear,0.3838623895296736
0.003231811799017517,Sadness,Happiness,0.015982137491210885
0.003231811799017517,Sadness,Joy,0.005761795571488229
0.003231811799017517,Sadness,Pride,0.009444154198102007
0.003231811799017517,Sadness,Sadness,0.5224484812106761
0.003231811799017517,Sadness,Shame,0.052629513396941836
0.003231811799017517,Shame,Boredom,0.0020255729805583444
0.003231811799017517,Shame,Fear,0.7494122661722419
0.003231811799017517,Shame,Happiness,0.0054893508955177845
0.003231811799017517,Shame,Joy,0.024329034285879788
0.003231811799017517,Shame,Pride,0.017763528662642716
0.003231811799017517,Shame,Sadness,0.12033987429741647
0.003231811799017517,Shame,Shame,0.08064037270574309
0.0034344319272990548,Boredom,Boredom,0.5240926159366545
0.0034344319272990548,Boredom,Fear,0.006687054953649539
0.0034344319272990548,Boredom,Happiness,0.32952638320950345
0.0034344319272990548,Boredom,Joy,0.015206289906086022
0.0034344319272990548,Boredom,Pride,0.06209512300498664
0.0034344319272990548,Boredom,Sadness,0.015627147192955233
0.0034344319272990548,Boredom,Shame,0.0467653857961646
0.0034344319272990548,Fear,Boredom,0.001946082280650949
0.0034344319272990548,Fear,Fear,0.6182876275539296
0.0034344319272990548,Fear,Happiness,0.0071807827774697025
0.0034344319272990548,Fear,Joy,0.026014171419057156
0.0034344319272990548,Fear,Pride,0.015185324524215869
0.0034344319272990548,Fear,Sadness,0.22999723004005293
0.0034344319272990548,Fear,Shame,0.10138878140462372
0.0034344319272990548,Happiness,Boredom,0.15620368287745393
0.0034344319272990548,Happiness,Fear,0.010406532466787043
0.0034344319272990548,Happiness,Happiness,0.3290866448601688
0.0034344319272990548,Happiness,Joy,0.06506714257705007
0.0034344319272990548,Happiness,Pride,0.2414854953993284
0.0034344319272990548,Happiness,Sadness,0.01973590877328811
0.0034344319272990548,Happiness,Shame,0.178014593045924
0.0034344319272990548,Joy,Boredom,0.010386530483097721
0.0034344319272990548,Joy,Fear,0.04183354224074126
0.0034344319272990548,Joy,Happiness,0.08203639769437075
0.0034344319272990548,Joy,Joy,0.36339290303199673
0.0034344319272990548,Joy,Pride,0.277389968961671
0.0034344319272990548,Joy,Sadness,0.021127949065249806
0.0034344319272990548,Joy,Shame,0.20383270852287264
0.0034344319272990548,Pride,Boredom,0.013560003008096039
0.0034344319272990548,Pride,Fear,0.0292514313863432
0.0034344319272990548,Pride,Happiness,0.1105480879803399
0.0034344319272990548,Pride,Joy,0.3442397508653572
0.0034344319272990548,Pride,Pride,0.2705654498664028
0.0034344319272990548,Pride,Sadness,0.026986879114090034
0.0034344319272990548,Pride,Shame,0.20484839777937064
0.0034344319272990548,Sadness,Boredom,0.008937320304508044
0.0034344319272990548,Sadness,Fear,0.31004895969764923
0.0034344319272990548,Sadness,Happiness,0.019826843384262986
0.0034344319272990548,Sadness,Joy,0.00955968906152616
0.0034344319272990548,Sadness,Pride,0.014735631769464751
0.0034344319272990548,Sadness,Sadness,0.5388008447794097
0.0034344319272990548,Sadness,Shame,0.09809071100317941
0.0034344319272990548,Shame,Boredom,0.003772736354790315
0.0034344319272990548,Shame,Fear,0.5608853002076883
0.0034344319272990548,Shame,Happiness,0.011677402008263676
0.0034344319272990548,Shame,Joy,0.04289518249596033
0.0034344319272990548,Shame,Pride,0.027788182214519355
0.0034344319272990548,Shame,Sadness,0.21083061026377858
0.0034344319272990548,Shame,Shame,0.1421505864549996
0.0031061420301537286,Boredom,Boredom,0.5040463820168211
0.0031061420301537286,Boredom,Fear,0.008220783117673481
0.0031061420301537286,Boredom,Happiness,0.32323162653482895
0.0031061420301537286,Boredom,Joy,0.020057260614704624
0.0031061420301537286,Boredom,Pride,0.06809861574528549
0.0031061420301537286,Boredom,Sadness,0.018855818455714865
0.0031061420301537286,Boredom,Shame,0.05748951351497156
0.0031061420301537286,Fear,Boredom,0.0033914146008470376
0.0031061420301537286,Fear,Fear,0.5079714864063791
0.0031061420301537286,Fear,Happiness,0.012481111238244186
0.0031061420301537286,Fear,Joy,0.03650532031713664
0.0031061420301537286,Fear,Pride,0.02260339846680045
0.0031061420301537286,Fear,Sadness,0.2690729969280333
0.0031061420301537286,Fear,Shame,0.14797427204255884
0.0031061420301537286,Happiness,Boredom,0.16600667452589046
0.0031061420301537286,Happiness,Fear,0.009981374506483858
0.0031061420301537286,Happiness,Happiness,0.310711306647979
0.0031061420301537286,Happiness,Joy,0.07544610971985005
0.0031061420301537286,Happiness,Pride,0.24241172612635517
0.0031061420301537286,Happiness,Sadness,0.018027021578577884
0.0031061420301537286,Happiness,Shame,0.17741578689486343
0.0031061420301537286,Joy,Boredom,0.009409956597220652
0.0031061420301537286,Joy,Fear,0.03928072856389158
0.0031061420301537286,Joy,Happiness,0.09929962108012137
0.0031061420301537286,Joy,Joy,0.3411160932018215
0.0031061420301537286,Joy,Pride,0.2744065407800812
0.0031061420301537286,Joy,Sadness,0.020215227864693434
0.0031061420301537286,Joy,Shame,0.21627183191217025
0.0031061420301537286,Pride,Boredom,0.01308218141622277
0.0031061420301537286,Pride,Fear,0.02574934144058218
0.0031061420301537286,Pride,Happiness,0.16387656337546413
0.0031061420301537286,Pride,Joy,0.3001360470464544
0.0031061420301537286,Pride,Pride,0.2636343863457503
0.0031061420301537286,Pride,Sadness,0.022491595172845272
0.0031061420301537286,Pride,Shame,0.21102988520268098
0.0031061420301537286,Sadness,Boredom,0.010321460426625064
0.0031061420301537286,Sadness,Fear,0.269384924472255
0.0031061420301537286,Sadness,Happiness,0.024210748061599948
0.0031061420301537286,Sadness,Joy,0.01572272873146811
0.0031061420301537286,Sadness,Pride,0.02065770671701669
0.0031061420301537286,Sadness,Sadness,0.5207232035748578
0.0031061420301537286,Sadness,Shame,0.13897922801617715
0.0031061420301537286,Shame,Boredom,0.005526541388783784
0.0031061420301537286,Shame,Fear,0.46066496771716825
0.0031061420301537286,Shame,Happiness,0.017925408380049117
0.0031061420301537286,Shame,Joy,0.056062206590754095
0.0031061420301537286,Shame,Pride,0.03323271374399985
0.0031061420301537286,Shame,Sadness,0.24157525971241814
0.0031061420301537286,Shame,Shame,0.185012902466827
0.003369590675343823,Boredom,Boredom,0.48691546789313467
0.003369590675343823,Boredom,Fear,0.00782534007624969
0.003369590675343823,Boredom,Happiness,0.33104400400013545
0.003369590675343823,Boredom,Joy,0.01902159244328956
0.003369590675343823,Boredom,Pride,0.07236977631521738
0.003369590675343823,Boredom,Sadness,0.01903180773089207
0.003369590675343823,Boredom,Shame,0.063792011541081
0.003369590675343823,Fear,Boredom,0.0031147038792458666
0.003369590675343823,Fear,Fear,0.4871676392462556
0.003369590675343823,Fear,Happiness,0.009198908615913885
0.003369590675343823,Fear,Joy,0.03641490371805465
0.003369590675343823,Fear,Pride,0.024386384423475394
0.003369590675343823,Fear,Sadness,0.28148691402768367
0.003369590675343823,Fear,Shame,0.15823054608937054
0.003369590675343823,Happiness,Boredom,0.1423362233946961
0.003369590675343823,Happiness,Fear,0.007980885137058882
0.003369590675343823,Happiness,Happiness,0.30851801868219714
0.003369590675343823,Happiness,Joy,0.06310666333838881
0.003369590675343823,Happiness,Pride,0.25091917103408856
0.003369590675343823,Happiness,Sadness,0.016689479962179666
0.003369590675343823,Happiness,Shame,0.21044955845139082
0.003369590675343823,Joy,Boredom,0.00788376154998681
0.003369590675343823,Joy,Fear,0.036887293353619906
0.003369590675343823,Joy,Happiness,0.07317581248279942
0.003369590675343823,Joy,Joy,0.3328159955456519
0.003369590675343823,Joy,Pride,0.28251184665147955
0.003369590675343823,Joy,Sadness,0.018512658233681072
0.003369590675343823,Joy,Shame,0.24821263218278156
0.003369590675343823,Pride,Boredom,0.010940706149597038
0.003369590675343823,Pride,Fear,0.025047047953653635
0.003369590675343823,Pride,Happiness,0.09369562823309
0.003369590675343823,Pride,Joy,0.3132542223248964
0.003369590675343823,Pride,Pride,0.2793854998297005
0.003369590675343823,Pride,Sadness,0.024898458471935055
0.003369590675343823,Pride,Shame,0.2527784370371273
0.003369590675343823,Sadness,Boredom,0.008319447213798473
0.003369590675343823,Sadness,Fear,0.21470317148534013
0.003369590675343823,Sadness,Happiness,0.01994604919476162
0.003369590675343823,Sadness,Joy,0.012524896655829825
0.003369590675343823,Sadness,Pride,0.020421275175826387
0.003369590675343823,Sadness,Sadness,0.5784400005125899
0.003369590675343823,Sadness,Shame,0.14564515976185366
0.003369590675343823,Shame,Boredom,0.005319919069815148
0.003369590675343823,Shame,Fear,0.4317903026041292
0.003369590675343823,Shame,Happiness,0.01409275413689269
0.003369590675343823,Shame,Joy,0.05622476552278733
0.003369590675343823,Shame,Pride,0.042197316156710095
0.003369590675343823,Shame,Sadness,0.24252717174042526
0.003369590675343823,Shame,Shame,0.20784777076924052
0.0031430620046145196,Boredom,Boredom,0.5098022035628591
0.0031430620046145196,Boredom,Fear,0.006966506771855417
0.0031430620046145196,Boredom,Happiness,0.3290775726798673
0.0031430620046145196,Boredom,Joy,0.017114443239218975
0.0031430620046145196,Boredom,Pride,0.06551745719203293
0.0031430620046145196,Boredom,Sadness,0.01678808030640425
0.0031430620046145196,Boredom,Shame,0.05473373624776255
0.0031430620046145196,Fear,Boredom,0.0027641573712010614
0.0031430620046145196,Fear,Fear,0.53649627808081
0.0031430620046145196,Fear,Happiness,0.009686318818370036
0.0031430620046145196,Fear,Joy,0.03338790877517597
0.0031430620046145196,Fear,Pride,0.020746866249502914
0.0031430620046145196,Fear,Sadness,0.2572971335611361
0.0031430620046145196,Fear,Shame,0.13962133714380387
0.0031430620046145196,Happiness,Boredom,0.15858306405915887
0.0031430620046145196,Happiness,Fear,0.008597842712267118
0.0031430620046145196,Happiness,Happiness,0.32043457337875875
0.0031430620046145196,Happiness,Joy,0.06811460978788018
0.0031430620046145196,Happiness,Pride,0.24416714558902006
0.0031430620046145196,Happiness,Sadness,0.017173493654001556
0.0031430620046145196,Happiness,Shame,0.18292927081891364
0.0031430620046145196,Joy,Boredom,0.008637555333045943
0.0031430620046145196,Joy,Fear,0.03802089206606667
0.0031430620046145196,Joy,Happiness,0.08730614193676949
0.0031430620046145196,Joy,Joy,0.3473916424321277
0.0031430620046145196,Joy,Pride,0.2779698065276494
0.0031430620046145196,Joy,Sadness,0.01891278263823525
0.0031430620046145196,Joy,Shame,0.2217611790661054
0.0031430620046145196,Pride,Boredom,0.012077578404959386
0.0031430620046145196,Pride,Fear,0.024354125683057566
0.0031430620046145196,Pride,Happiness,0.15132732202825938
0.0031430620046145196,Pride,Joy,0.3055637224457872
0.0031430620046145196,Pride,Pride,0.26653745350724073
0.0031430620046145196,Pride,Sadness,0.02180719133030414
0.0031430620046145196,Pride,Shame,0.21833260660039122
0.0031430620046145196,Sadness,Boredom,0.009082344604004776
0.0031430620046145196,Sadness,Fear,0.2591721477838913
0.0031430620046145196,Sadness,Happiness,0.021646689070803214
0.0031430620046145196,Sadness,Joy,0.013746155420909602
0.0031430620046145196,Sadness,Pride,0.019318271450293606
0.0031430620046145196,Sadness,Sadness,0.5423421762910867
0.0031430620046145196,Sadness,Shame,0.13469221537901035
0.0031430620046145196,Shame,Boredom,0.004870341512762794
0.0031430620046145196,Shame,Fear,0.47968459035728206
0.0031430620046145196,Shame,Happiness,0.014933795361164817
0.0031430620046145196,Shame,Joy,0.05288044254820756
0.0031430620046145196,Shame,Pride,0.034576391633075465
0.0031430620046145196,Shame,Sadness,0.22896863768688247
0.0031430620046145196,Shame,Shame,0.18408580090062462
0.0030645287814402822,Boredom,Boredom,0.5192492225713097
0.0030645287814402822,Boredom,Fear,0.007757851616378501
0.0030645287814402822,Boredom,Happiness,0.3223815388086432
0.0030645287814402822,Boredom,Joy,0.01915142031334992
0.0030645287814402822,Boredom,Pride,0.0644544050019071
0.0030645287814402822,Boredom,Sadness,0.016145549980689188
0.0030645287814402822,Boredom,Shame,0.05086001170772242
0.0030645287814402822,Fear,Boredom,0.0030162995955535215
0.0030645287814402822,Fear,Fear,0.5447171832693337
0.0030645287814402822,Fear,Happiness,0.012595832023405347
0.0030645287814402822,Fear,Joy,0.03320515660291514
0.0030645287814402822,Fear,Pride,0.01950439088022272
0.0030645287814402822,Fear,Sadness,0.2603300081770436
0.0030645287814402822,Fear,Shame,0.12663112945152583
0.0030645287814402822,Happiness,Boredom,0.17015015746311488
0.0030645287814402822,Happiness,Fear,0.011438503764627708
0.0030645287814402822,Happiness,Happiness,0.31902683292398276
0.0030645287814402822,Happiness,Joy,0.07784838160300041
0.0030645287814402822,Happiness,Pride,0.24110342773712784
0.0030645287814402822,Happiness,Sadness,0.018849248772764633
0.0030645287814402822,Happiness,Shame,0.16158344773538194
0.0030645287814402822,Joy,Boredom,0.010567472341259121
0.0030645287814402822,Joy,Fear,0.0406970964670398
0.0030645287814402822,Joy,Happiness,0.11993052730002998
0.0030645287814402822,Joy,Joy,0.3451012084673806
0.0030645287814402822,Joy,Pride,0.2671600629560235
0.0030645287814402822,Joy,Sadness,0.0197276643815653
0.0030645287814402822,Joy,Shame,0.19681596808670132
0.0030645287814402822,Pride,Boredom,0.015159935184044708
0.0030645287814402822,Pride,Fear,0.027378154135381527
0.0030645287814402822,Pride,Happiness,0.19509258535191007
0.0030645287814402822,Pride,Joy,0.2886093165571872
0.0030645287814402822,Pride,Pride,0.25881086596780534
0.0030645287814402822,Pride,Sadness,0.022198180844728996
0.0030645287814402822,Pride,Shame,0.19275096195894162
0.0030645287814402822,Sadness,Boredom,0.010874681647769145
0.0030645287814402822,Sadness,Fear,0.32751022228621696
0.0030645287814402822,Sadness,Happiness,0.02464534467009652
0.0030645287814402822,Sadness,Joy,0.014042600177062135
0.0030645287814402822,Sadness,Pride,0.01837722471726699
0.0030645287814402822,Sadness,Sadness,0.4861369580066693
0.0030645287814402822,Sadness,Shame,0.11841296849491863
0.0030645287814402822,Shame,Boredom,0.00505940889601495
0.0030645287814402822,Shame,Fear,0.49672185571004923
0.0030645287814402822,Shame,Happiness,0.018570797997880816
0.0030645287814402822,Shame,Joy,0.05222045663608393
0.0030645287814402822,Shame,Pride,0.030362275312176723
0.0030645287814402822,Shame,Sadness,0.2355131798422453
0.0030645287814402822,Shame,Shame,0.1615520256055492
0.0033712887645252175,Boredom,Boredom,0.5651060688625699
0.0033712887645252175,Boredom,Fear,0.003274725006000151
0.0033712887645252175,Boredom,Happiness,0.33206166127522985
0.0033712887645252175,Boredom,Joy,0.009617934594656144
0.0033712887645252175,Boredom,Pride,0.048132179776680536
0.0033712887645252175,Boredom,Sadness,0.009768543094656709
0.0033712887645252175,Boredom,Shame,0.0320388873902065
0.0033712887645252175,Fear,Boredom,0.001147632610841253
0.0033712887645252175,Fear,Fear,0.7486145524627295
0.0033712887645252175,Fear,Happiness,0.0036350943041422255
0.0033712887645252175,Fear,Joy,0.016843260823008285
0.0033712887645252175,Fear,Pride,0.009915014575104958
0.0033712887645252175,Fear,Sadness,0.14796295172569734
0.0033712887645252175,Fear,Shame,0.07188149349847649
0.0033712887645252175,Happiness,Boredom,0.18412260003253775
0.0033712887645252175,Happiness,Fear,0.006643541367369209
0.0033712887645252175,Happiness,Happiness,0.3637671365846762
0.0033712887645252175,Happiness,Joy,0.05787618986193441
0.0033712887645252175,Happiness,Pride,0.22943005927044297
0.0033712887645252175,Happiness,Sadness,0.014454292130644721
0.0033712887645252175,Happiness,Shame,0.14370618075239472
0.0033712887645252175,Joy,Boredom,0.008311124144098
0.0033712887645252175,Joy,Fear,0.0369993377554495
0.0033712887645252175,Joy,Happiness,0.07595138144070929
0.0033712887645252175,Joy,Joy,0.38269559569637546
0.0033712887645252175,Joy,Pride,0.28077719471748325
0.0033712887645252175,Joy,Sadness,0.01502372619332231
0.0033712887645252175,Joy,Shame,0.20024164005256198
0.0033712887645252175,Pride,Boredom,0.011671891611396184
0.0033712887645252175,Pride,Fear,0.023518101183331433
0.0033712887645252175,Pride,Happiness,0.1374309045923297
0.0033712887645252175,Pride,Joy,0.33830210981232794
0.0033712887645252175,Pride,Pride,0.265925442426806
0.0033712887645252175,Pride,Sadness,0.020685451199035247
0.0033712887645252175,Pride,Shame,0.2024660991747735
0.0033712887645252175,Sadness,Boredom,0.007032599789276227
0.0033712887645252175,Sadness,Fear,0.26265655764769086
0.0033712887645252175,Sadness,Happiness,0.0137320653613379
0.0033712887645252175,Sadness,Joy,0.006711950470916822
0.0033712887645252175,Sadness,Pride,0.010489111458821336
0.0033712887645252175,Sadness,Sadness,0.6235900393819618
0.0033712887645252175,Sadness,Shame,0.07578767588999523
0.0033712887645252175,Shame,Boredom,0.0028299782018700805
0.0033712887645252175,Shame,Fear,0.6722733694488606
0.0033712887645252175,Shame,Happiness,0.0074807751939460375
0.0033712887645252175,Shame,Joy,0.03192305756301947
0.0033712887645252175,Shame,Pride,0.02136308193227467
0.0033712887645252175,Shame,Sadness,0.14117725291793454
0.0033712887645252175,Shame,Shame,0.12295248474209522
0.0031378444789801263,Boredom,Boredom,0.480519785940766
0.0031378444789801263,Boredom,Fear,0.009656714143952501
0.0031378444789801263,Boredom,Happiness,0.3173477118103598
0.0031378444789801263,Boredom,Joy,0.0251624937715232
0.0031378444789801263,Boredom,Pride,0.07596557930006158
0.0031378444789801263,Boredom,Sadness,0.02173906818230759
0.0031378444789801263,Boredom,Shame,0.06960864685102917
0.0031378444789801263,Fear,Boredom,0.004273865055250498
0.0031378444789801263,Fear,Fear,0.44553656177647727
0.0031378444789801263,Fear,Happiness,0.014690602539889403
0.0031378444789801263,Fear,Joy,0.04195371117250839
0.0031378444789801263,Fear,Pride,0.027234124268947425
0.0031378444789801263,Fear,Sadness,0.29447916446288225
0.0031378444789801263,Fear,Shame,0.17183197072404477
0.0031378444789801263,Happiness,Boredom,0.14190954224683824
0.0031378444789801263,Happiness,Fear,0.009435011533919062
0.0031378444789801263,Happiness,Happiness,0.29244266474752545
0.0031378444789801263,Happiness,Joy,0.0840606193859629
0.0031378444789801263,Happiness,Pride,0.24892513471993769
0.0031378444789801263,Happiness,Sadness,0.01826359015014317
0.0031378444789801263,Happiness,Shame,0.20496343721567312
0.0031378444789801263,Joy,Boredom,0.008737314828667613
0.0031378444789801263,Joy,Fear,0.03779664158302494
0.0031378444789801263,Joy,Happiness,0.09361513316725055
0.0031378444789801263,Joy,Joy,0.3269917997031627
0.0031378444789801263,Joy,Pride,0.276276940223677
0.0031378444789801263,Joy,Sadness,0.019952890920506287
0.0031378444789801263,Joy,Shame,0.23662927957371063
0.0031378444789801263,Pride,Boredom,0.011863198656622448
0.0031378444789801263,Pride,Fear,0.024416922648792576
0.0031378444789801263,Pride,Happiness,0.1449570678812492
0.0031378444789801263,Pride,Joy,0.29669834741383794
0.0031378444789801263,Pride,Pride,0.2671504608886959
0.0031378444789801263,Pride,Sadness,0.02246074799164617
0.0031378444789801263,Pride,Shame,0.23245325451915538
0.0031378444789801263,Sadness,Boredom,0.010582967773245935
0.0031378444789801263,Sadness,Fear,0.23879744125835664
0.0031378444789801263,Sadness,Happiness,0.025857776731461297
0.0031378444789801263,Sadness,Joy,0.01894287108412466
0.0031378444789801263,Sadness,Pride,0.024422367245985576
0.0031378444789801263,Sadness,Sadness,0.5195554342960006
0.0031378444789801263,Sadness,Shame,0.16184114161082516
0.0031378444789801263,Shame,Boredom,0.006563980169753142
0.0031378444789801263,Shame,Fear,0.401738780464861
0.0031378444789801263,Shame,Happiness,0.02040009239712715
0.0031378444789801263,Shame,Joy,0.06254215174434474
0.0031378444789801263,Shame,Pride,0.04017519042095979
0.0031378444789801263,Shame,Sadness,0.2582978362677446
0.0031378444789801263,Shame,Shame,0.2102819685352096
0.003145180009293985,Boredom,Boredom,0.5167654123931302
0.003145180009293985,Boredom,Fear,0.008072745222752538
0.003145180009293985,Boredom,Happiness,0.3224178193551673
0.003145180009293985,Boredom,Joy,0.01901605495642737
0.003145180009293985,Boredom,Pride,0.06518877833987774
0.003145180009293985,Boredom,Sadness,0.017005058760915688
0.003145180009293985,Boredom,Shame,0.051534130971729
0.003145180009293985,Fear,Boredom,0.003091258376373006
0.003145180009293985,Fear,Fear,0.547561666023131
0.003145180009293985,Fear,Happiness,0.012767513382432054
0.003145180009293985,Fear,Joy,0.03330805345724596
0.003145180009293985,Fear,Pride,0.01978975521121541
0.003145180009293985,Fear,Sadness,0.25592400366887874
0.003145180009293985,Fear,Shame,0.1275577498807239
0.003145180009293985,Happiness,Boredom,0.1676517435045708
0.003145180009293985,Happiness,Fear,0.012156469144994082
0.003145180009293985,Happiness,Happiness,0.31918935711141394
0.003145180009293985,Happiness,Joy,0.077357024164713
0.003145180009293985,Happiness,Pride,0.2418895373356965
0.003145180009293985,Happiness,Sadness,0.0202136073213812
0.003145180009293985,Happiness,Shame,0.16154226141723046
0.003145180009293985,Joy,Boredom,0.010838685801642364
0.003145180009293985,Joy,Fear,0.0413378161935362
0.003145180009293985,Joy,Happiness,0.11604303518221956
0.003145180009293985,Joy,Joy,0.34746692730409623
0.003145180009293985,Joy,Pride,0.2686866670091532
0.003145180009293985,Joy,Sadness,0.021040957171902363
0.003145180009293985,Joy,Shame,0.1945859113374501
0.003145180009293985,Pride,Boredom,0.01525782506104302
0.003145180009293985,Pride,Fear,0.027807378972976995
0.003145180009293985,Pride,Happiness,0.19181007103543127
0.003145180009293985,Pride,Joy,0.29318581919560294
0.003145180009293985,Pride,Pride,0.2590742011703401
0.003145180009293985,Pride,Sadness,0.02300149743313354
0.003145180009293985,Pride,Shame,0.18986320713147234
0.003145180009293985,Sadness,Boredom,0.01090495580698748
0.003145180009293985,Sadness,Fear,0.3239070870160462
0.003145180009293985,Sadness,Happiness,0.02520365688433401
0.003145180009293985,Sadness,Joy,0.014540180280217222
0.003145180009293985,Sadness,Pride,0.018990465828107508
0.003145180009293985,Sadness,Sadness,0.48333249763268077
0.003145180009293985,Sadness,Shame,0.12312115655162706
0.003145180009293985,Shame,Boredom,0.005045724417967431
0.003145180009293985,Shame,Fear,0.5004058583573492
0.003145180009293985,Shame,Happiness,0.018376515840793004
0.003145180009293985,Shame,Joy,0.05158081866059701
0.003145180009293985,Shame,Pride,0.030051486458918357
0.003145180009293985,Shame,Sadness,0.2346451372575159
0.003145180009293985,Shame,Shame,0.15989445900685886
0.003003610470200636,Boredom,Boredom,0.5060509030053167
0.003003610470200636,Boredom,Fear,0.007649401717155855
0.003003610470200636,Boredom,Happiness,0.3249266730279142
0.003003610470200636,Boredom,Joy,0.019340668559100722
0.003003610470200636,Boredom,Pride,0.06659296360639512
0.003003610470200636,Boredom,Sadness,0.018114746489104404
0.003003610470200636,Boredom,Shame,0.05732464359501356
0.003003610470200636,Fear,Boredom,0.0032093062896260513
0.003003610470200636,Fear,Fear,0.5100664634412172
0.003003610470200636,Fear,Happiness,0.011779500161978299
0.003003610470200636,Fear,Joy,0.03596541776720012
0.003003610470200636,Fear,Pride,0.02230335486113221
0.003003610470200636,Fear,Sadness,0.2685699663558981
0.003003610470200636,Fear,Shame,0.14810599112294812
0.003003610470200636,Happiness,Boredom,0.1450111663839284
0.003003610470200636,Happiness,Fear,0.009833819170092439
0.003003610470200636,Happiness,Happiness,0.3167816343953928
0.003003610470200636,Happiness,Joy,0.07665902504022887
0.003003610470200636,Happiness,Pride,0.24625806425577132
0.003003610470200636,Happiness,Sadness,0.017639207798772236
0.003003610470200636,Happiness,Shame,0.18781708295581434
0.003003610470200636,Joy,Boredom,0.00878733311507134
0.003003610470200636,Joy,Fear,0.03796942970591286
0.003003610470200636,Joy,Happiness,0.09810451851014017
0.003003610470200636,Joy,Joy,0.34129910860631696
0.003003610470200636,Joy,Pride,0.27507050323761434
0.003003610470200636,Joy,Sadness,0.018239060329944542
0.003003610470200636,Joy,Shame,0.22053004649499983
0.003003610470200636,Pride,Boredom,0.012505798762119429
0.003003610470200636,Pride,Fear,0.02459649456806776
0.003003610470200636,Pride,Happiness,0.16366840018703857
0.003003610470200636,Pride,Joy,0.29653676283538044
0.003003610470200636,Pride,Pride,0.26492031916232217
0.003003610470200636,Pride,Sadness,0.020946353633544516
0.003003610470200636,Pride,Shame,0.2168258708515276
0.003003610470200636,Sadness,Boredom,0.009697303692791873
0.003003610470200636,Sadness,Fear,0.2694117261954765
0.003003610470200636,Sadness,Happiness,0.023148734485431484
0.003003610470200636,Sadness,Joy,0.01483866790615107
0.003003610470200636,Sadness,Pride,0.0198743757443807
0.003003610470200636,Sadness,Sadness,0.5263012438761239
0.003003610470200636,Sadness,Shame,0.1367279480996447
0.003003610470200636,Shame,Boredom,0.005442832962125391
0.003003610470200636,Shame,Fear,0.4595563341544187
0.003003610470200636,Shame,Happiness,0.01754705357625517
0.003003610470200636,Shame,Joy,0.056348874354651565
0.003003610470200636,Shame,Pride,0.03462627578738245
0.003003610470200636,Shame,Sadness,0.23665317125343144
0.003003610470200636,Shame,Shame,0.18982545791173533
