C,Story,Emotion,Val
0.0033455023344883565,Boredom,Boredom,0.46842030415133895
0.0033455023344883565,Boredom,Fear,0.032335781218547376
0.0033455023344883565,Boredom,Happiness,0.1765181368619505
0.0033455023344883565,Boredom,Joy,0.1692232557330816
0.0033455023344883565,Boredom,Pride,0.07403378645365716
0.0033455023344883565,Boredom,Sadness,0.004938860341749001
0.0033455023344883565,Boredom,Shame,0.07452987523967519
0.0033455023344883565,Fear,Boredom,0.002345676774649674
0.0033455023344883565,Fear,Fear,0.8763530869784002
0.0033455023344883565,Fear,Happiness,0.00291641638067923
0.0033455023344883565,Fear,Joy,0.014215320892776735
0.0033455023344883565,Fear,Pride,0.00615876259683823
0.0033455023344883565,Fear,Sadness,0.0625192462890966
0.0033455023344883565,Fear,Shame,0.03549149008755955
0.0033455023344883565,Happiness,Boredom,0.5067561381625774
0.0033455023344883565,Happiness,Fear,0.00266924753925698
0.0033455023344883565,Happiness,Happiness,0.38615112405204344
0.0033455023344883565,Happiness,Joy,0.015399049300999446
0.0033455023344883565,Happiness,Pride,0.058111843558210495
0.0033455023344883565,Happiness,Sadness,0.003927108624414245
0.0033455023344883565,Happiness,Shame,0.026985488762497938
0.0033455023344883565,Joy,Boredom,0.009999260715314477
0.0033455023344883565,Joy,Fear,0.10090862390361077
0.0033455023344883565,Joy,Happiness,0.0634773054875212
0.0033455023344883565,Joy,Joy,0.35792227927794235
0.0033455023344883565,Joy,Pride,0.2548119744615865
0.0033455023344883565,Joy,Sadness,0.04438047141469356
0.0033455023344883565,Joy,Shame,0.1685000847393317
0.0033455023344883565,Pride,Boredom,0.06167633056861876
0.0033455023344883565,Pride,Fear,0.01687375619593668
0.0033455023344883565,Pride,Happiness,0.35908062857911643
0.0033455023344883565,Pride,Joy,0.08740984912760157
0.0033455023344883565,Pride,Pride,0.2531355055774099
0.0033455023344883565,Pride,Sadness,0.0530261471254806
0.0033455023344883565,Pride,Shame,0.16879778282583627
0.0033455023344883565,Sadness,Boredom,0.02657564179401075
0.0033455023344883565,Sadness,Fear,0.7986703731171019
0.0033455023344883565,Sadness,Happiness,0.02287109633487563
0.0033455023344883565,Sadness,Joy,0.028182124929338036
0.0033455023344883565,Sadness,Pride,0.026709266935018683
0.0033455023344883565,Sadness,Sadness,0.03030965584151186
0.0033455023344883565,Sadness,Shame,0.0666818410481429
0.0033455023344883565,Shame,Boredom,0.04214613512423976
0.0033455023344883565,Shame,Fear,0.02296692167120597
0.0033455023344883565,Shame,Happiness,0.24101471261674046
0.0033455023344883565,Shame,Joy,0.15964820020655154
0.0033455023344883565,Shame,Pride,0.24752199461746507
0.0033455023344883565,Shame,Sadness,0.03601182472996243
0.0033455023344883565,Shame,Shame,0.25069021103383526
0.0034322025589849326,Boredom,Boredom,0.43499628905638843
0.0034322025589849326,Boredom,Fear,0.03625408613302907
0.0034322025589849326,Boredom,Happiness,0.13698625094179973
0.0034322025589849326,Boredom,Joy,0.18431288329670395
0.0034322025589849326,Boredom,Pride,0.09162147460387716
0.0034322025589849326,Boredom,Sadness,0.010494429815789443
0.0034322025589849326,Boredom,Shame,0.10533458615241216
0.0034322025589849326,Fear,Boredom,0.004013126064074534
0.0034322025589849326,Fear,Fear,0.7043344456982348
0.0034322025589849326,Fear,Happiness,0.007006897335319317
0.0034322025589849326,Fear,Joy,0.034043177182293154
0.0034322025589849326,Fear,Pride,0.017217089345080663
0.0034322025589849326,Fear,Sadness,0.13340722961518
0.0034322025589849326,Fear,Shame,0.0999780347598177
0.0034322025589849326,Happiness,Boredom,0.4457419561440247
0.0034322025589849326,Happiness,Fear,0.005347131566924189
0.0034322025589849326,Happiness,Happiness,0.3835999540870354
0.0034322025589849326,Happiness,Joy,0.024709893097470105
0.0034322025589849326,Happiness,Pride,0.07823514822577057
0.0034322025589849326,Happiness,Sadness,0.00803188269337501
0.0034322025589849326,Happiness,Shame,0.05433403418540001
0.0034322025589849326,Joy,Boredom,0.008651977012541577
0.0034322025589849326,Joy,Fear,0.08667055476923362
0.0034322025589849326,Joy,Happiness,0.05624305760252522
0.0034322025589849326,Joy,Joy,0.3165055736641352
0.0034322025589849326,Joy,Pride,0.26398704967598974
0.0034322025589849326,Joy,Sadness,0.04909180861938912
0.0034322025589849326,Joy,Shame,0.21884997865618525
0.0034322025589849326,Pride,Boredom,0.05086415222114369
0.0034322025589849326,Pride,Fear,0.015054291738356165
0.0034322025589849326,Pride,Happiness,0.30840403106365427
0.0034322025589849326,Pride,Joy,0.08378238262425222
0.0034322025589849326,Pride,Pride,0.266050089088076
0.0034322025589849326,Pride,Sadness,0.05128422922686774
0.0034322025589849326,Pride,Shame,0.22456082403764951
0.0034322025589849326,Sadness,Boredom,0.03252745809728664
0.0034322025589849326,Sadness,Fear,0.6238896172574357
0.0034322025589849326,Sadness,Happiness,0.031845184532369814
0.0034322025589849326,Sadness,Joy,0.05465895795686605
0.0034322025589849326,Sadness,Pride,0.053538793100309186
0.0034322025589849326,Sadness,Sadness,0.060066731498594574
0.0034322025589849326,Sadness,Shame,0.143473257557138
0.0034322025589849326,Shame,Boredom,0.03513516553595997
0.0034322025589849326,Shame,Fear,0.019707245393654323
0.0034322025589849326,Shame,Happiness,0.20479887111579037
0.0034322025589849326,Shame,Joy,0.1677405736397827
0.0034322025589849326,Shame,Pride,0.2546820424484129
0.0034322025589849326,Shame,Sadness,0.0364378476656074
0.0034322025589849326,Shame,Shame,0.28149825420079194
0.003362170631099363,Boredom,Boredom,0.47614321015557465
0.003362170631099363,Boredom,Fear,0.03150131676506763
0.003362170631099363,Boredom,Happiness,0.16290379127387117
0.003362170631099363,Boredom,Joy,0.17490625020267664
0.003362170631099363,Boredom,Pride,0.07358429136802512
0.003362170631099363,Boredom,Sadness,0.004587488949697644
0.003362170631099363,Boredom,Shame,0.07637365128508736
0.003362170631099363,Fear,Boredom,0.002316930040677355
0.003362170631099363,Fear,Fear,0.8853447722786391
0.003362170631099363,Fear,Happiness,0.0025728708838747036
0.003362170631099363,Fear,Joy,0.01313787957512937
0.003362170631099363,Fear,Pride,0.005892484928052314
0.003362170631099363,Fear,Sadness,0.05688461364059073
0.003362170631099363,Fear,Shame,0.03385044865303711
0.003362170631099363,Happiness,Boredom,0.511628315672581
0.003362170631099363,Happiness,Fear,0.002348695337907488
0.003362170631099363,Happiness,Happiness,0.3889688616406433
0.003362170631099363,Happiness,Joy,0.014237474308608888
0.003362170631099363,Happiness,Pride,0.056219440943205516
0.003362170631099363,Happiness,Sadness,0.00331490797295191
0.003362170631099363,Happiness,Shame,0.023282304124102076
0.003362170631099363,Joy,Boredom,0.009772509688235674
0.003362170631099363,Joy,Fear,0.0987175129741259
0.003362170631099363,Joy,Happiness,0.05951519741704472
0.003362170631099363,Joy,Joy,0.36212460175766753
0.003362170631099363,Joy,Pride,0.2557670836413868
0.003362170631099363,Joy,Sadness,0.04288570351403665
0.003362170631099363,Joy,Shame,0.17121739100750263
0.003362170631099363,Pride,Boredom,0.061536833559662066
0.003362170631099363,Pride,Fear,0.016395720514575343
0.003362170631099363,Pride,Happiness,0.36690160624498475
0.003362170631099363,Pride,Joy,0.08498990124148405
0.003362170631099363,Pride,Pride,0.2523391948019152
0.003362170631099363,Pride,Sadness,0.052167664823994736
0.003362170631099363,Pride,Shame,0.1656690788133838
0.003362170631099363,Sadness,Boredom,0.026433170978748862
0.003362170631099363,Sadness,Fear,0.8043386932775545
0.003362170631099363,Sadness,Happiness,0.022007056681783575
0.003362170631099363,Sadness,Joy,0.027192124760203926
0.003362170631099363,Sadness,Pride,0.026132999360940722
0.003362170631099363,Sadness,Sadness,0.028125323007572037
0.003362170631099363,Sadness,Shame,0.06577063193319634
0.003362170631099363,Shame,Boredom,0.04163620876950864
0.003362170631099363,Shame,Fear,0.022684939052854194
0.003362170631099363,Shame,Happiness,0.24110733318309444
0.003362170631099363,Shame,Joy,0.15522218109283198
0.003362170631099363,Shame,Pride,0.24853482555048123
0.003362170631099363,Shame,Sadness,0.03394143676105455
0.003362170631099363,Shame,Shame,0.2568730755901751
0.003062371633059219,Boredom,Boredom,0.40973972628241784
0.003062371633059219,Boredom,Fear,0.0338089075114434
0.003062371633059219,Boredom,Happiness,0.1963369248791001
0.003062371633059219,Boredom,Joy,0.15402782392223874
0.003062371633059219,Boredom,Pride,0.08137856593663313
0.003062371633059219,Boredom,Sadness,0.010491802773123742
0.003062371633059219,Boredom,Shame,0.1142162486950426
0.003062371633059219,Fear,Boredom,0.006737733890306871
0.003062371633059219,Fear,Fear,0.5801040628137925
0.003062371633059219,Fear,Happiness,0.017058124403717102
0.003062371633059219,Fear,Joy,0.050852257421648825
0.003062371633059219,Fear,Pride,0.023656782436154558
0.003062371633059219,Fear,Sadness,0.19196322453951403
0.003062371633059219,Fear,Shame,0.12962781449486638
0.003062371633059219,Happiness,Boredom,0.46673496979046264
0.003062371633059219,Happiness,Fear,0.007732764048409783
0.003062371633059219,Happiness,Happiness,0.34418632139443434
0.003062371633059219,Happiness,Joy,0.03475800398167187
0.003062371633059219,Happiness,Pride,0.07540710131206953
0.003062371633059219,Happiness,Sadness,0.010302544002040793
0.003062371633059219,Happiness,Shame,0.060878295470910684
0.003062371633059219,Joy,Boredom,0.012148894732050339
0.003062371633059219,Joy,Fear,0.0763786085332541
0.003062371633059219,Joy,Happiness,0.08992934640840672
0.003062371633059219,Joy,Joy,0.3149929107478055
0.003062371633059219,Joy,Pride,0.2614628602771773
0.003062371633059219,Joy,Sadness,0.053995154239980456
0.003062371633059219,Joy,Shame,0.19109222506132587
0.003062371633059219,Pride,Boredom,0.06250361958772704
0.003062371633059219,Pride,Fear,0.02135883788714981
0.003062371633059219,Pride,Happiness,0.29272732234873877
0.003062371633059219,Pride,Joy,0.11941072762830253
0.003062371633059219,Pride,Pride,0.2554105479323018
0.003062371633059219,Pride,Sadness,0.052582414602560336
0.003062371633059219,Pride,Shame,0.1960065300132198
0.003062371633059219,Sadness,Boredom,0.04915351072076014
0.003062371633059219,Sadness,Fear,0.528272424247131
0.003062371633059219,Sadness,Happiness,0.04818791728730878
0.003062371633059219,Sadness,Joy,0.07340578558488182
0.003062371633059219,Sadness,Pride,0.06830626139905357
0.003062371633059219,Sadness,Sadness,0.07647144572965708
0.003062371633059219,Sadness,Shame,0.15620265503120748
0.003062371633059219,Shame,Boredom,0.04251575351048005
0.003062371633059219,Shame,Fear,0.026471219585702727
0.003062371633059219,Shame,Happiness,0.21984365587845547
0.003062371633059219,Shame,Joy,0.19924986647290122
0.003062371633059219,Shame,Pride,0.24858435489836436
0.003062371633059219,Shame,Sadness,0.040528358251954166
0.003062371633059219,Shame,Shame,0.2228067914021422
0.0030030283214029277,Boredom,Boredom,0.3965415623560547
0.0030030283214029277,Boredom,Fear,0.03405055763708091
0.0030030283214029277,Boredom,Happiness,0.19898142629649157
0.0030030283214029277,Boredom,Joy,0.15473313277438752
0.0030030283214029277,Boredom,Pride,0.08288318911733
0.0030030283214029277,Boredom,Sadness,0.010930432512897312
0.0030030283214029277,Boredom,Shame,0.12187969930575791
0.0030030283214029277,Fear,Boredom,0.007830171216023816
0.0030030283214029277,Fear,Fear,0.5590349863916795
0.0030030283214029277,Fear,Happiness,0.018757381347802544
0.0030030283214029277,Fear,Joy,0.053147109652473074
0.0030030283214029277,Fear,Pride,0.024806746322147726
0.0030030283214029277,Fear,Sadness,0.20113461848385558
0.0030030283214029277,Fear,Shame,0.1352889865860181
0.0030030283214029277,Happiness,Boredom,0.4636678768827037
0.0030030283214029277,Happiness,Fear,0.008268988764827316
0.0030030283214029277,Happiness,Happiness,0.33827499669652017
0.0030030283214029277,Happiness,Joy,0.03754178704004926
0.0030030283214029277,Happiness,Pride,0.0762144502906428
0.0030030283214029277,Happiness,Sadness,0.01074445033619923
0.0030030283214029277,Happiness,Shame,0.06528744998905733
0.0030030283214029277,Joy,Boredom,0.011489001199921635
0.0030030283214029277,Joy,Fear,0.10809758194349028
0.0030030283214029277,Joy,Happiness,0.08699686243561958
0.0030030283214029277,Joy,Joy,0.2997105099906047
0.0030030283214029277,Joy,Pride,0.25227265479394584
0.0030030283214029277,Joy,Sadness,0.05359605634300287
0.0030030283214029277,Joy,Shame,0.18783733329341548
0.0030030283214029277,Pride,Boredom,0.06631243210091287
0.0030030283214029277,Pride,Fear,0.02171883260588846
0.0030030283214029277,Pride,Happiness,0.2880462926477859
0.0030030283214029277,Pride,Joy,0.12387858132652167
0.0030030283214029277,Pride,Pride,0.25392264587643515
0.0030030283214029277,Pride,Sadness,0.052424543536370785
0.0030030283214029277,Pride,Shame,0.1936966719060855
0.0030030283214029277,Sadness,Boredom,0.053074822954939996
0.0030030283214029277,Sadness,Fear,0.5103874741933669
0.0030030283214029277,Sadness,Happiness,0.04898513828728259
0.0030030283214029277,Sadness,Joy,0.07648202575250579
0.0030030283214029277,Sadness,Pride,0.0712454834670101
0.0030030283214029277,Sadness,Sadness,0.08071071015054984
0.0030030283214029277,Sadness,Shame,0.15911434519434461
0.0030030283214029277,Shame,Boredom,0.04298398895147396
0.0030030283214029277,Shame,Fear,0.02653572289613099
0.0030030283214029277,Shame,Happiness,0.21988565669407328
0.0030030283214029277,Shame,Joy,0.20286876263805065
0.0030030283214029277,Shame,Pride,0.2481435053057432
0.0030030283214029277,Shame,Sadness,0.0407759564418254
0.0030030283214029277,Shame,Shame,0.2188064070727023
0.0032095029996683584,Boredom,Boredom,0.42826333765433855
0.0032095029996683584,Boredom,Fear,0.03427378526458884
0.0032095029996683584,Boredom,Happiness,0.1877966589159106
0.0032095029996683584,Boredom,Joy,0.1607078136892104
0.0032095029996683584,Boredom,Pride,0.08193288503432322
0.0032095029996683584,Boredom,Sadness,0.008942622453930236
0.0032095029996683584,Boredom,Shame,0.09808289698769836
0.0032095029996683584,Fear,Boredom,0.0049329009163262315
0.0032095029996683584,Fear,Fear,0.6516428654721681
0.0032095029996683584,Fear,Happiness,0.011378755219957924
0.0032095029996683584,Fear,Joy,0.041851501532897566
0.0032095029996683584,Fear,Pride,0.01999393347986243
0.0032095029996683584,Fear,Sadness,0.16549451191317602
0.0032095029996683584,Fear,Shame,0.1047055314656122
0.0032095029996683584,Happiness,Boredom,0.47041256341086424
0.0032095029996683584,Happiness,Fear,0.006040364588997259
0.0032095029996683584,Happiness,Happiness,0.3596904548268351
0.0032095029996683584,Happiness,Joy,0.026907175508517952
0.0032095029996683584,Happiness,Pride,0.07383395143263058
0.0032095029996683584,Happiness,Sadness,0.008704482972632198
0.0032095029996683584,Happiness,Shame,0.0544110072595226
0.0032095029996683584,Joy,Boredom,0.010830905792516082
0.0032095029996683584,Joy,Fear,0.07736836398371655
0.0032095029996683584,Joy,Happiness,0.07947928118179885
0.0032095029996683584,Joy,Joy,0.32760134182046746
0.0032095029996683584,Joy,Pride,0.2598056522045179
0.0032095029996683584,Joy,Sadness,0.051572516892351414
0.0032095029996683584,Joy,Shame,0.193341938124632
0.0032095029996683584,Pride,Boredom,0.05440093474059396
0.0032095029996683584,Pride,Fear,0.019157382380499192
0.0032095029996683584,Pride,Happiness,0.3068621876659883
0.0032095029996683584,Pride,Joy,0.10468187450310808
0.0032095029996683584,Pride,Pride,0.2604437991018733
0.0032095029996683584,Pride,Sadness,0.052502268350491405
0.0032095029996683584,Pride,Shame,0.2019515532574452
0.0032095029996683584,Sadness,Boredom,0.037281735530965594
0.0032095029996683584,Sadness,Fear,0.5941491454862002
0.0032095029996683584,Sadness,Happiness,0.040919978227844996
0.0032095029996683584,Sadness,Joy,0.062973174778764
0.0032095029996683584,Sadness,Pride,0.05761103984335685
0.0032095029996683584,Sadness,Sadness,0.06794546837434791
0.0032095029996683584,Sadness,Shame,0.13911945775852017
0.0032095029996683584,Shame,Boredom,0.04021563430315454
0.0032095029996683584,Shame,Fear,0.02392851500583815
0.0032095029996683584,Shame,Happiness,0.219165866724504
0.0032095029996683584,Shame,Joy,0.18791762568881895
0.0032095029996683584,Shame,Pride,0.24835694498551897
0.0032095029996683584,Shame,Sadness,0.039258945057358864
0.0032095029996683584,Shame,Shame,0.241156468234807
0.003321813415011387,Boredom,Boredom,0.4101830706948303
0.003321813415011387,Boredom,Fear,0.03626623726600837
0.003321813415011387,Boredom,Happiness,0.16034230373520095
0.003321813415011387,Boredom,Joy,0.1773241851784068
0.003321813415011387,Boredom,Pride,0.09294675327917029
0.003321813415011387,Boredom,Sadness,0.012733429226771084
0.003321813415011387,Boredom,Shame,0.11020402061961236
0.003321813415011387,Fear,Boredom,0.006806673072151007
0.003321813415011387,Fear,Fear,0.5355767534626167
0.003321813415011387,Fear,Happiness,0.014700635788205789
0.003321813415011387,Fear,Joy,0.056514979180679534
0.003321813415011387,Fear,Pride,0.029130029176553354
0.003321813415011387,Fear,Sadness,0.20239718591814787
0.003321813415011387,Fear,Shame,0.15487374340164548
0.003321813415011387,Happiness,Boredom,0.4368206261051658
0.003321813415011387,Happiness,Fear,0.008439846957168075
0.003321813415011387,Happiness,Happiness,0.35059172923038706
0.003321813415011387,Happiness,Joy,0.033914060194313596
0.003321813415011387,Happiness,Pride,0.08537489736261138
0.003321813415011387,Happiness,Sadness,0.012015122282113126
0.003321813415011387,Happiness,Shame,0.07284371786824057
0.003321813415011387,Joy,Boredom,0.009340175326797241
0.003321813415011387,Joy,Fear,0.07123334407113803
0.003321813415011387,Joy,Happiness,0.06383743997512803
0.003321813415011387,Joy,Joy,0.3123595619513324
0.003321813415011387,Joy,Pride,0.2658202954495175
0.003321813415011387,Joy,Sadness,0.052414866967929234
0.003321813415011387,Joy,Shame,0.22499431625815777
0.003321813415011387,Pride,Boredom,0.04816803996956272
0.003321813415011387,Pride,Fear,0.017661289558602952
0.003321813415011387,Pride,Happiness,0.2772615952384818
0.003321813415011387,Pride,Joy,0.10787583072933156
0.003321813415011387,Pride,Pride,0.2647326659711284
0.003321813415011387,Pride,Sadness,0.051842201045690595
0.003321813415011387,Pride,Shame,0.23245837748720194
0.003321813415011387,Sadness,Boredom,0.04085197529444647
0.003321813415011387,Sadness,Fear,0.48148302532269494
0.003321813415011387,Sadness,Happiness,0.04427108192889969
0.003321813415011387,Sadness,Joy,0.08144756192903448
0.003321813415011387,Sadness,Pride,0.07802598702990697
0.003321813415011387,Sadness,Sadness,0.08288116393919723
0.003321813415011387,Sadness,Shame,0.19103920455582027
0.003321813415011387,Shame,Boredom,0.03539511599691705
0.003321813415011387,Shame,Fear,0.021387329287412576
0.003321813415011387,Shame,Happiness,0.18394210905606465
0.003321813415011387,Shame,Joy,0.20719471202374942
0.003321813415011387,Shame,Pride,0.251685155554572
0.003321813415011387,Shame,Sadness,0.03965911938833086
0.003321813415011387,Shame,Shame,0.26073645869295364
0.003272009887670891,Boredom,Boredom,0.4106742738060447
0.003272009887670891,Boredom,Fear,0.035026371270340174
0.003272009887670891,Boredom,Happiness,0.14926753371486032
0.003272009887670891,Boredom,Joy,0.17505055215705081
0.003272009887670891,Boredom,Pride,0.09562072107664127
0.003272009887670891,Boredom,Sadness,0.011481575179429791
0.003272009887670891,Boredom,Shame,0.12287897279563287
0.003272009887670891,Fear,Boredom,0.006338340514464791
0.003272009887670891,Fear,Fear,0.5537405343035108
0.003272009887670891,Fear,Happiness,0.012105773390939817
0.003272009887670891,Fear,Joy,0.05307824454229953
0.003272009887670891,Fear,Pride,0.02912912514988387
0.003272009887670891,Fear,Sadness,0.19171182080525473
0.003272009887670891,Fear,Shame,0.15389616129364628
0.003272009887670891,Happiness,Boredom,0.42838770479990784
0.003272009887670891,Happiness,Fear,0.00732844281109079
0.003272009887670891,Happiness,Happiness,0.36626083275071786
0.003272009887670891,Happiness,Joy,0.030724385331196067
0.003272009887670891,Happiness,Pride,0.08658544702167016
0.003272009887670891,Happiness,Sadness,0.010412092360214394
0.003272009887670891,Happiness,Shame,0.07030109492520299
0.003272009887670891,Joy,Boredom,0.008400019010441054
0.003272009887670891,Joy,Fear,0.0650158232092894
0.003272009887670891,Joy,Happiness,0.05683507991904693
0.003272009887670891,Joy,Joy,0.3069820949086225
0.003272009887670891,Joy,Pride,0.27053108368754564
0.003272009887670891,Joy,Sadness,0.04876386525662894
0.003272009887670891,Joy,Shame,0.2434720340084257
0.003272009887670891,Pride,Boredom,0.046197877223765955
0.003272009887670891,Pride,Fear,0.015076935587477826
0.003272009887670891,Pride,Happiness,0.27790138987037327
0.003272009887670891,Pride,Joy,0.09600194300671804
0.003272009887670891,Pride,Pride,0.2686632391886725
0.003272009887670891,Pride,Sadness,0.04889366741490354
0.003272009887670891,Pride,Shame,0.24726494770808843
0.003272009887670891,Sadness,Boredom,0.03860161252731802
0.003272009887670891,Sadness,Fear,0.49026138667790714
0.003272009887670891,Sadness,Happiness,0.040236914712348755
0.003272009887670891,Sadness,Joy,0.07854185930034085
0.003272009887670891,Sadness,Pride,0.07654622254986337
0.003272009887670891,Sadness,Sadness,0.07784757790562497
0.003272009887670891,Sadness,Shame,0.1979644263265973
0.003272009887670891,Shame,Boredom,0.03270616715356765
0.003272009887670891,Shame,Fear,0.018154372385394333
0.003272009887670891,Shame,Happiness,0.17512920862965747
0.003272009887670891,Shame,Joy,0.19554436893813365
0.003272009887670891,Shame,Pride,0.2553354073343137
0.003272009887670891,Shame,Sadness,0.035156467292555234
0.003272009887670891,Shame,Shame,0.28797400826637826
0.0034560130410936757,Boredom,Boredom,0.4534090929988958
0.0034560130410936757,Boredom,Fear,0.03715354004575751
0.0034560130410936757,Boredom,Happiness,0.12546884218270415
0.0034560130410936757,Boredom,Joy,0.1879016161484506
0.0034560130410936757,Boredom,Pride,0.08961032116836425
0.0034560130410936757,Boredom,Sadness,0.011206439700761137
0.0034560130410936757,Boredom,Shame,0.09525014775506653
0.0034560130410936757,Fear,Boredom,0.004088960398403292
0.0034560130410936757,Fear,Fear,0.7144634142835004
0.0034560130410936757,Fear,Happiness,0.007026387968390674
0.0034560130410936757,Fear,Joy,0.03328668331230506
0.0034560130410936757,Fear,Pride,0.017666107717650967
0.0034560130410936757,Fear,Sadness,0.1352918180921949
0.0034560130410936757,Fear,Shame,0.08817662822755451
0.0034560130410936757,Happiness,Boredom,0.46942809773758976
0.0034560130410936757,Happiness,Fear,0.005050097667770705
0.0034560130410936757,Happiness,Happiness,0.3755262329399442
0.0034560130410936757,Happiness,Joy,0.022536936390154947
0.0034560130410936757,Happiness,Pride,0.07277510274949064
0.0034560130410936757,Happiness,Sadness,0.007293259472416679
0.0034560130410936757,Happiness,Shame,0.04739027304263331
0.0034560130410936757,Joy,Boredom,0.010011495157581315
0.0034560130410936757,Joy,Fear,0.08736312143018032
0.0034560130410936757,Joy,Happiness,0.05980278659738375
0.0034560130410936757,Joy,Joy,0.3336921498225237
0.0034560130410936757,Joy,Pride,0.26245187666423914
0.0034560130410936757,Joy,Sadness,0.05039637186535868
0.0034560130410936757,Joy,Shame,0.19628219846273284
0.0034560130410936757,Pride,Boredom,0.0585524634765231
0.0034560130410936757,Pride,Fear,0.01876740448290591
0.0034560130410936757,Pride,Happiness,0.3194598194078447
0.0034560130410936757,Pride,Joy,0.08609199680726534
0.0034560130410936757,Pride,Pride,0.26278005000846494
0.0034560130410936757,Pride,Sadness,0.05264414022205614
0.0034560130410936757,Pride,Shame,0.20170412559493975
0.0034560130410936757,Sadness,Boredom,0.033466739026080404
0.0034560130410936757,Sadness,Fear,0.6542078962391766
0.0034560130410936757,Sadness,Happiness,0.032152785662076085
0.0034560130410936757,Sadness,Joy,0.05139766677487822
0.0034560130410936757,Sadness,Pride,0.048856784535876815
0.0034560130410936757,Sadness,Sadness,0.05497305088535279
0.0034560130410936757,Sadness,Shame,0.1249450768765593
0.0034560130410936757,Shame,Boredom,0.04149479166221951
0.0034560130410936757,Shame,Fear,0.02597295173215574
0.0034560130410936757,Shame,Happiness,0.22785658903442912
0.0034560130410936757,Shame,Joy,0.14997180500653734
0.0034560130410936757,Shame,Pride,0.2554611861907036
0.0034560130410936757,Shame,Sadness,0.03861035109440203
0.0034560130410936757,Shame,Shame,0.2606323252795526
0.003306185302295359,Boredom,Boredom,0.4401786162949341
0.003306185302295359,Boredom,Fear,0.03466921649279392
0.003306185302295359,Boredom,Happiness,0.15928179902094533
0.003306185302295359,Boredom,Joy,0.17602976956675356
0.003306185302295359,Boredom,Pride,0.08489194981455644
0.003306185302295359,Boredom,Sadness,0.00962906122838395
0.003306185302295359,Boredom,Shame,0.09531958758163227
0.003306185302295359,Fear,Boredom,0.004347257368521929
0.003306185302295359,Fear,Fear,0.6800874615289341
0.003306185302295359,Fear,Happiness,0.008275133452520747
0.003306185302295359,Fear,Joy,0.03765187956769238
0.003306185302295359,Fear,Pride,0.019602526770362685
0.003306185302295359,Fear,Sadness,0.15187362788024175
0.003306185302295359,Fear,Shame,0.09816211343172619
0.003306185302295359,Happiness,Boredom,0.47104908270452145
0.003306185302295359,Happiness,Fear,0.00541900809860433
0.003306185302295359,Happiness,Happiness,0.3699208028068595
0.003306185302295359,Happiness,Joy,0.02311439455554404
0.003306185302295359,Happiness,Pride,0.07287671804242257
0.003306185302295359,Happiness,Sadness,0.007839442616448762
0.003306185302295359,Happiness,Shame,0.049780551175598965
0.003306185302295359,Joy,Boredom,0.010303520782029264
0.003306185302295359,Joy,Fear,0.07896765838213823
0.003306185302295359,Joy,Happiness,0.060624538949519594
0.003306185302295359,Joy,Joy,0.3387704274046157
0.003306185302295359,Joy,Pride,0.263391322606837
0.003306185302295359,Joy,Sadness,0.05122031284584886
0.003306185302295359,Joy,Shame,0.19672221902901108
0.003306185302295359,Pride,Boredom,0.05605302817385093
0.003306185302295359,Pride,Fear,0.01946655798265336
0.003306185302295359,Pride,Happiness,0.31577300320222595
0.003306185302295359,Pride,Joy,0.08852339152885597
0.003306185302295359,Pride,Pride,0.2639005234028184
0.003306185302295359,Pride,Sadness,0.053010647504896154
0.003306185302295359,Pride,Shame,0.20327284820469926
0.003306185302295359,Sadness,Boredom,0.03480615398310388
0.003306185302295359,Sadness,Fear,0.6246644670484056
0.003306185302295359,Sadness,Happiness,0.03405906253049681
0.003306185302295359,Sadness,Joy,0.05739924791225795
0.003306185302295359,Sadness,Pride,0.053332661521266825
0.003306185302295359,Sadness,Sadness,0.06180636135999625
0.003306185302295359,Sadness,Shame,0.13393204564447295
0.003306185302295359,Shame,Boredom,0.040520112708546344
0.003306185302295359,Shame,Fear,0.02465157790026368
0.003306185302295359,Shame,Happiness,0.22262865260130882
0.003306185302295359,Shame,Joy,0.17092123964649664
0.003306185302295359,Shame,Pride,0.2512087040099603
0.003306185302295359,Shame,Sadness,0.03919065257585346
0.003306185302295359,Shame,Shame,0.25087906055757087
0.0032904756637827637,Boredom,Boredom,0.43979540547784607
0.0032904756637827637,Boredom,Fear,0.034260096860526716
0.0032904756637827637,Boredom,Happiness,0.1646798847677756
0.0032904756637827637,Boredom,Joy,0.1742724861633615
0.0032904756637827637,Boredom,Pride,0.08448579085519649
0.0032904756637827637,Boredom,Sadness,0.008781232144071317
0.0032904756637827637,Boredom,Shame,0.0937251037312224
0.0032904756637827637,Fear,Boredom,0.004127165203314932
0.0032904756637827637,Fear,Fear,0.6923067994959592
0.0032904756637827637,Fear,Happiness,0.007873940302640067
0.0032904756637827637,Fear,Joy,0.0361604894929639
0.0032904756637827637,Fear,Pride,0.01820490024235316
0.0032904756637827637,Fear,Sadness,0.14973368197801148
0.0032904756637827637,Fear,Shame,0.09159302328475706
0.0032904756637827637,Happiness,Boredom,0.47171841856425145
0.0032904756637827637,Happiness,Fear,0.00520056170645112
0.0032904756637827637,Happiness,Happiness,0.36959942987853195
0.0032904756637827637,Happiness,Joy,0.023055678862217606
0.0032904756637827637,Happiness,Pride,0.07275990064502262
0.0032904756637827637,Happiness,Sadness,0.007487700765424361
0.0032904756637827637,Happiness,Shame,0.05017830957810092
0.0032904756637827637,Joy,Boredom,0.010259505187522187
0.0032904756637827637,Joy,Fear,0.07653429813967488
0.0032904756637827637,Joy,Happiness,0.06294841639736946
0.0032904756637827637,Joy,Joy,0.3386255578869928
0.0032904756637827637,Joy,Pride,0.26320533022627857
0.0032904756637827637,Joy,Sadness,0.05021141663730927
0.0032904756637827637,Joy,Shame,0.19821547552485252
0.0032904756637827637,Pride,Boredom,0.055180031164444185
0.0032904756637827637,Pride,Fear,0.01847227464427907
0.0032904756637827637,Pride,Happiness,0.3156928682905366
0.0032904756637827637,Pride,Joy,0.08924604796870253
0.0032904756637827637,Pride,Pride,0.26333366369929445
0.0032904756637827637,Pride,Sadness,0.05234552312481489
0.0032904756637827637,Pride,Shame,0.2057295911079278
0.0032904756637827637,Sadness,Boredom,0.03401730565425959
0.0032904756637827637,Sadness,Fear,0.6336254801557523
0.0032904756637827637,Sadness,Happiness,0.03421188723388038
0.0032904756637827637,Sadness,Joy,0.05556439034417205
0.0032904756637827637,Sadness,Pride,0.052035289229830375
0.0032904756637827637,Sadness,Sadness,0.061403110345055786
0.0032904756637827637,Sadness,Shame,0.1291425370370494
0.0032904756637827637,Shame,Boredom,0.039576290894249896
0.0032904756637827637,Shame,Fear,0.023117026669824525
0.0032904756637827637,Shame,Happiness,0.22211590969644296
0.0032904756637827637,Shame,Joy,0.17288799722440426
0.0032904756637827637,Shame,Pride,0.2504769614958068
0.0032904756637827637,Shame,Sadness,0.037132946515107616
0.0032904756637827637,Shame,Shame,0.2546928675041633
0.003096575377200871,Boredom,Boredom,0.4076720323701418
0.003096575377200871,Boredom,Fear,0.03383691710315949
0.003096575377200871,Boredom,Happiness,0.19783907969441045
0.003096575377200871,Boredom,Joy,0.15884883426373314
0.003096575377200871,Boredom,Pride,0.08255301853402851
0.003096575377200871,Boredom,Sadness,0.010623652673942519
0.003096575377200871,Boredom,Shame,0.10862646536058367
0.003096575377200871,Fear,Boredom,0.006544748378863467
0.003096575377200871,Fear,Fear,0.5761662466492037
0.003096575377200871,Fear,Happiness,0.017120118555850952
0.003096575377200871,Fear,Joy,0.050870087793697095
0.003096575377200871,Fear,Pride,0.02353614855692873
0.003096575377200871,Fear,Sadness,0.19510061230679182
0.003096575377200871,Fear,Shame,0.13066203775866486
0.003096575377200871,Happiness,Boredom,0.46699483936172226
0.003096575377200871,Happiness,Fear,0.008027062390727327
0.003096575377200871,Happiness,Happiness,0.3441312408142827
0.003096575377200871,Happiness,Joy,0.03381086695667299
0.003096575377200871,Happiness,Pride,0.0759057510923068
0.003096575377200871,Happiness,Sadness,0.010576281240199483
0.003096575377200871,Happiness,Shame,0.06055395814408801
0.003096575377200871,Joy,Boredom,0.012041951437837534
0.003096575377200871,Joy,Fear,0.07706683037554628
0.003096575377200871,Joy,Happiness,0.08518705196672355
0.003096575377200871,Joy,Joy,0.31878499388317844
0.003096575377200871,Joy,Pride,0.26210149011838607
0.003096575377200871,Joy,Sadness,0.053888202596844334
0.003096575377200871,Joy,Shame,0.19092947962148354
0.003096575377200871,Pride,Boredom,0.05753082068562613
0.003096575377200871,Pride,Fear,0.022085521313088354
0.003096575377200871,Pride,Happiness,0.2946140532454342
0.003096575377200871,Pride,Joy,0.11813397652586609
0.003096575377200871,Pride,Pride,0.25800164936830594
0.003096575377200871,Pride,Sadness,0.05315934876257029
0.003096575377200871,Pride,Shame,0.19647463009910887
0.003096575377200871,Sadness,Boredom,0.04665527776996026
0.003096575377200871,Sadness,Fear,0.523892930614015
0.003096575377200871,Sadness,Happiness,0.04596208448644427
0.003096575377200871,Sadness,Joy,0.07347080028116651
0.003096575377200871,Sadness,Pride,0.06874232031343552
0.003096575377200871,Sadness,Sadness,0.08478963117113573
0.003096575377200871,Sadness,Shame,0.1564869553638426
0.003096575377200871,Shame,Boredom,0.039487402070069066
0.003096575377200871,Shame,Fear,0.02692888063958134
0.003096575377200871,Shame,Happiness,0.22182857177372697
0.003096575377200871,Shame,Joy,0.19926712958474374
0.003096575377200871,Shame,Pride,0.24926107561171582
0.003096575377200871,Shame,Sadness,0.04217586478740124
0.003096575377200871,Shame,Shame,0.22105107553276138
0.0030433451545651305,Boredom,Boredom,0.41463925932669865
0.0030433451545651305,Boredom,Fear,0.03357311523274601
0.0030433451545651305,Boredom,Happiness,0.19652309193014317
0.0030433451545651305,Boredom,Joy,0.15423239357498011
0.0030433451545651305,Boredom,Pride,0.0811150863040588
0.0030433451545651305,Boredom,Sadness,0.009633719218022222
0.0030433451545651305,Boredom,Shame,0.11028333441335117
0.0030433451545651305,Fear,Boredom,0.006388034431683667
0.0030433451545651305,Fear,Fear,0.5872504195169743
0.0030433451545651305,Fear,Happiness,0.016546073922039724
0.0030433451545651305,Fear,Joy,0.05053284425326685
0.0030433451545651305,Fear,Pride,0.023748939952751975
0.0030433451545651305,Fear,Sadness,0.18775455200799984
0.0030433451545651305,Fear,Shame,0.12777913591528334
0.0030433451545651305,Happiness,Boredom,0.46675870949228837
0.0030433451545651305,Happiness,Fear,0.0073712075551895535
0.0030433451545651305,Happiness,Happiness,0.34809644093255343
0.0030433451545651305,Happiness,Joy,0.03364295683095063
0.0030433451545651305,Happiness,Pride,0.07510154695951128
0.0030433451545651305,Happiness,Sadness,0.00967938060439055
0.0030433451545651305,Happiness,Shame,0.05934975762511616
0.0030433451545651305,Joy,Boredom,0.011803924429992585
0.0030433451545651305,Joy,Fear,0.07641902994359824
0.0030433451545651305,Joy,Happiness,0.09047635516151832
0.0030433451545651305,Joy,Joy,0.31526100223374076
0.0030433451545651305,Joy,Pride,0.2604409142711922
0.0030433451545651305,Joy,Sadness,0.052846334264007234
0.0030433451545651305,Joy,Shame,0.19275243969595118
0.0030433451545651305,Pride,Boredom,0.06122153914135877
0.0030433451545651305,Pride,Fear,0.020831406505038483
0.0030433451545651305,Pride,Happiness,0.294671450735025
0.0030433451545651305,Pride,Joy,0.11829895565173161
0.0030433451545651305,Pride,Pride,0.2558555414976849
0.0030433451545651305,Pride,Sadness,0.051787035605207754
0.0030433451545651305,Pride,Shame,0.19733407086395324
0.0030433451545651305,Sadness,Boredom,0.046127332938133564
0.0030433451545651305,Sadness,Fear,0.536486492642183
0.0030433451545651305,Sadness,Happiness,0.04863641234027402
0.0030433451545651305,Sadness,Joy,0.0729182079419938
0.0030433451545651305,Sadness,Pride,0.06712810683195451
0.0030433451545651305,Sadness,Sadness,0.07175173892148774
0.0030433451545651305,Sadness,Shame,0.15695170838397327
0.0030433451545651305,Shame,Boredom,0.04239956019155877
0.0030433451545651305,Shame,Fear,0.025851512064563147
0.0030433451545651305,Shame,Happiness,0.21946130699784583
0.0030433451545651305,Shame,Joy,0.19777905564688614
0.0030433451545651305,Shame,Pride,0.24842150317351064
0.0030433451545651305,Shame,Sadness,0.03839855881303483
0.0030433451545651305,Shame,Shame,0.2276885031126011
0.003409926651133627,Boredom,Boredom,0.45232986954034976
0.003409926651133627,Boredom,Fear,0.03736811998684467
0.003409926651133627,Boredom,Happiness,0.1335976888273222
0.003409926651133627,Boredom,Joy,0.18461848781021006
0.003409926651133627,Boredom,Pride,0.08759807434808624
0.003409926651133627,Boredom,Sadness,0.011664734107353355
0.003409926651133627,Boredom,Shame,0.09282302537983335
0.003409926651133627,Fear,Boredom,0.00432499664598364
0.003409926651133627,Fear,Fear,0.6878605245768377
0.003409926651133627,Fear,Happiness,0.00809881055470592
0.003409926651133627,Fear,Joy,0.036638110555505886
0.003409926651133627,Fear,Pride,0.018887884506740598
0.003409926651133627,Fear,Sadness,0.14629901152712407
0.003409926651133627,Fear,Shame,0.09789066163310241
0.003409926651133627,Happiness,Boredom,0.470603400600621
0.003409926651133627,Happiness,Fear,0.0056179041080513335
0.003409926651133627,Happiness,Happiness,0.36976665065050074
0.003409926651133627,Happiness,Joy,0.023480550874002123
0.003409926651133627,Happiness,Pride,0.07308758258787804
0.003409926651133627,Happiness,Sadness,0.007996024641625247
0.003409926651133627,Happiness,Shame,0.04944788653732141
0.003409926651133627,Joy,Boredom,0.010264611740127988
0.003409926651133627,Joy,Fear,0.08717419122452759
0.003409926651133627,Joy,Happiness,0.059256573580642895
0.003409926651133627,Joy,Joy,0.33406651064453324
0.003409926651133627,Joy,Pride,0.2612783634657323
0.003409926651133627,Joy,Sadness,0.05162906309626473
0.003409926651133627,Joy,Shame,0.19633068624817138
0.003409926651133627,Pride,Boredom,0.057116339839681986
0.003409926651133627,Pride,Fear,0.019988945832370042
0.003409926651133627,Pride,Happiness,0.3163750675124682
0.003409926651133627,Pride,Joy,0.08711633448030141
0.003409926651133627,Pride,Pride,0.26378676064385487
0.003409926651133627,Pride,Sadness,0.05374865308080105
0.003409926651133627,Pride,Shame,0.20186789861052207
0.003409926651133627,Sadness,Boredom,0.03497432439463501
0.003409926651133627,Sadness,Fear,0.6302443340475885
0.003409926651133627,Sadness,Happiness,0.03325086616690529
0.003409926651133627,Sadness,Joy,0.05554868118171784
0.003409926651133627,Sadness,Pride,0.0523066814402079
0.003409926651133627,Sadness,Sadness,0.06036017773597814
0.003409926651133627,Sadness,Shame,0.1333149350329674
0.003409926651133627,Shame,Boredom,0.04163169187575713
0.003409926651133627,Shame,Fear,0.026681440672153847
0.003409926651133627,Shame,Happiness,0.22850303043935288
0.003409926651133627,Shame,Joy,0.15584149349072807
0.003409926651133627,Shame,Pride,0.2539544900196282
0.003409926651133627,Shame,Sadness,0.040049090432474975
0.003409926651133627,Shame,Shame,0.2533387630699047
0.0032069172583789195,Boredom,Boredom,0.4209883195135042
0.0032069172583789195,Boredom,Fear,0.03502124847082945
0.0032069172583789195,Boredom,Happiness,0.1930461464022272
0.0032069172583789195,Boredom,Joy,0.1595149196618371
0.0032069172583789195,Boredom,Pride,0.08244345016073173
0.0032069172583789195,Boredom,Sadness,0.009838772216967858
0.0032069172583789195,Boredom,Shame,0.09914714357390239
0.0032069172583789195,Fear,Boredom,0.005535719035266979
0.0032069172583789195,Fear,Fear,0.6232192109984059
0.0032069172583789195,Fear,Happiness,0.013372306509661591
0.0032069172583789195,Fear,Joy,0.04568457725537241
0.0032069172583789195,Fear,Pride,0.021390030310959107
0.0032069172583789195,Fear,Sadness,0.17598155029028203
0.0032069172583789195,Fear,Shame,0.11481660560005177
0.0032069172583789195,Happiness,Boredom,0.46833330661019384
0.0032069172583789195,Happiness,Fear,0.007004060331800931
0.0032069172583789195,Happiness,Happiness,0.3538553595211671
0.0032069172583789195,Happiness,Joy,0.028976251912997474
0.0032069172583789195,Happiness,Pride,0.07482695163933313
0.0032069172583789195,Happiness,Sadness,0.00964347861728681
0.0032069172583789195,Happiness,Shame,0.05736059136722099
0.0032069172583789195,Joy,Boredom,0.011545601475395507
0.0032069172583789195,Joy,Fear,0.07458668074467788
0.0032069172583789195,Joy,Happiness,0.08091487066476442
0.0032069172583789195,Joy,Joy,0.3273890874153265
0.0032069172583789195,Joy,Pride,0.2622949371127161
0.0032069172583789195,Joy,Sadness,0.05266979451987731
0.0032069172583789195,Joy,Shame,0.1905990280672421
0.0032069172583789195,Pride,Boredom,0.05523526006880935
0.0032069172583789195,Pride,Fear,0.021069510954500617
0.0032069172583789195,Pride,Happiness,0.3027044449591711
0.0032069172583789195,Pride,Joy,0.10841336995133093
0.0032069172583789195,Pride,Pride,0.26003252836343194
0.0032069172583789195,Pride,Sadness,0.05344986820343281
0.0032069172583789195,Pride,Shame,0.19909501749932296
0.0032069172583789195,Sadness,Boredom,0.03858221272805164
0.0032069172583789195,Sadness,Fear,0.5719073609039701
0.0032069172583789195,Sadness,Happiness,0.042441834292848694
0.0032069172583789195,Sadness,Joy,0.06689092259808097
0.0032069172583789195,Sadness,Pride,0.061869046120667806
0.0032069172583789195,Sadness,Sadness,0.07286921394476824
0.0032069172583789195,Sadness,Shame,0.14543940941161249
0.0032069172583789195,Shame,Boredom,0.04094657355860315
0.0032069172583789195,Shame,Fear,0.02609671817423494
0.0032069172583789195,Shame,Happiness,0.22183952541732666
0.0032069172583789195,Shame,Joy,0.191212830845882
0.0032069172583789195,Shame,Pride,0.2484334367053792
0.0032069172583789195,Shame,Sadness,0.041237718981024546
0.0032069172583789195,Shame,Shame,0.2302331963175498
0.003314766275557392,Boredom,Boredom,0.4402835253037611
0.003314766275557392,Boredom,Fear,0.03503843720112459
0.003314766275557392,Boredom,Happiness,0.13640601654466158
0.003314766275557392,Boredom,Joy,0.17876382794329856
0.003314766275557392,Boredom,Pride,0.09098892583338405
0.003314766275557392,Boredom,Sadness,0.009881641341805553
0.003314766275557392,Boredom,Shame,0.10863762583196433
0.003314766275557392,Fear,Boredom,0.004307853450341754
0.003314766275557392,Fear,Fear,0.6820130071967686
0.003314766275557392,Fear,Happiness,0.007050423614899206
0.003314766275557392,Fear,Joy,0.03676963209076886
0.003314766275557392,Fear,Pride,0.020136914521245497
0.003314766275557392,Fear,Sadness,0.14053179244732036
0.003314766275557392,Fear,Shame,0.10919037667865619
0.003314766275557392,Happiness,Boredom,0.4452879562352943
0.003314766275557392,Happiness,Fear,0.005086104587429348
0.003314766275557392,Happiness,Happiness,0.38949797932212926
0.003314766275557392,Happiness,Joy,0.023604375432263854
0.003314766275557392,Happiness,Pride,0.07779826046301214
0.003314766275557392,Happiness,Sadness,0.007339239006212395
0.003314766275557392,Happiness,Shame,0.051386084953658484
0.003314766275557392,Joy,Boredom,0.008269499859496224
0.003314766275557392,Joy,Fear,0.08145023137019443
0.003314766275557392,Joy,Happiness,0.05420635939516133
0.003314766275557392,Joy,Joy,0.3164556379072305
0.003314766275557392,Joy,Pride,0.26568398462772186
0.003314766275557392,Joy,Sadness,0.04728064767566299
0.003314766275557392,Joy,Shame,0.22665363916453257
0.003314766275557392,Pride,Boredom,0.050103062383754
0.003314766275557392,Pride,Fear,0.014675755086822171
0.003314766275557392,Pride,Happiness,0.3086758096774907
0.003314766275557392,Pride,Joy,0.08260944356648217
0.003314766275557392,Pride,Pride,0.2671040622131648
0.003314766275557392,Pride,Sadness,0.04930139610075265
0.003314766275557392,Pride,Shame,0.22753047097153373
0.003314766275557392,Sadness,Boredom,0.033424156068805846
0.003314766275557392,Sadness,Fear,0.6055066547897007
0.003314766275557392,Sadness,Happiness,0.03219765290898144
0.003314766275557392,Sadness,Joy,0.058264733386878924
0.003314766275557392,Sadness,Pride,0.05613551837877737
0.003314766275557392,Sadness,Sadness,0.05997023958388297
0.003314766275557392,Sadness,Shame,0.15450104488297275
0.003314766275557392,Shame,Boredom,0.0345938569572406
0.003314766275557392,Shame,Fear,0.01910848418936362
0.003314766275557392,Shame,Happiness,0.19722640857031232
0.003314766275557392,Shame,Joy,0.16775424427702806
0.003314766275557392,Shame,Pride,0.2561591103780309
0.003314766275557392,Shame,Sadness,0.0340999195401814
0.003314766275557392,Shame,Shame,0.2910579760878432
0.003005344415214787,Boredom,Boredom,0.43996538701682353
0.003005344415214787,Boredom,Fear,0.032605265680584035
0.003005344415214787,Boredom,Happiness,0.18587495320758132
0.003005344415214787,Boredom,Joy,0.15477728423021622
0.003005344415214787,Boredom,Pride,0.07610110285279797
0.003005344415214787,Boredom,Sadness,0.006217507058549124
0.003005344415214787,Boredom,Shame,0.1044584999534478
0.003005344415214787,Fear,Boredom,0.004121183142489984
0.003005344415214787,Fear,Fear,0.7313411174527275
0.003005344415214787,Fear,Happiness,0.007909281704993764
0.003005344415214787,Fear,Joy,0.03216264793043199
0.003005344415214787,Fear,Pride,0.015230287498017019
0.003005344415214787,Fear,Sadness,0.11494026429702772
0.003005344415214787,Fear,Shame,0.0942952179743118
0.003005344415214787,Happiness,Boredom,0.47731427191390813
0.003005344415214787,Happiness,Fear,0.004076179930517867
0.003005344415214787,Happiness,Happiness,0.3870927219107294
0.003005344415214787,Happiness,Joy,0.020093914796168014
0.003005344415214787,Happiness,Pride,0.06607319037477952
0.003005344415214787,Happiness,Sadness,0.00572652860795098
0.003005344415214787,Happiness,Shame,0.03962319246594631
0.003005344415214787,Joy,Boredom,0.008487058578583236
0.003005344415214787,Joy,Fear,0.11785669945056901
0.003005344415214787,Joy,Happiness,0.07069402695864449
0.003005344415214787,Joy,Joy,0.31914386078547535
0.003005344415214787,Joy,Pride,0.24686929072197472
0.003005344415214787,Joy,Sadness,0.04527830483726223
0.003005344415214787,Joy,Shame,0.19167075866749073
0.003005344415214787,Pride,Boredom,0.06183142522129107
0.003005344415214787,Pride,Fear,0.016766980583120393
0.003005344415214787,Pride,Happiness,0.32953209207703754
0.003005344415214787,Pride,Joy,0.0942372704341242
0.003005344415214787,Pride,Pride,0.2548255576687337
0.003005344415214787,Pride,Sadness,0.049338236353118715
0.003005344415214787,Pride,Shame,0.19346843766257402
0.003005344415214787,Sadness,Boredom,0.03866691955047547
0.003005344415214787,Sadness,Fear,0.6456433218480039
0.003005344415214787,Sadness,Happiness,0.03418342713935658
0.003005344415214787,Sadness,Joy,0.053072445387494616
0.003005344415214787,Sadness,Pride,0.047517065822601165
0.003005344415214787,Sadness,Sadness,0.050157260374041064
0.003005344415214787,Sadness,Shame,0.13075955987802718
0.003005344415214787,Shame,Boredom,0.03974428297838297
0.003005344415214787,Shame,Fear,0.022414174841030084
0.003005344415214787,Shame,Happiness,0.21983265984909584
0.003005344415214787,Shame,Joy,0.17373662219223462
0.003005344415214787,Shame,Pride,0.2505154415082925
0.003005344415214787,Shame,Sadness,0.034518679680670426
0.003005344415214787,Shame,Shame,0.2592381389502938
0.0031382878587151186,Boredom,Boredom,0.45095393269604744
0.0031382878587151186,Boredom,Fear,0.027556490094393347
0.0031382878587151186,Boredom,Happiness,0.13457668543330872
0.0031382878587151186,Boredom,Joy,0.16630603954010245
0.0031382878587151186,Boredom,Pride,0.08329687527604838
0.0031382878587151186,Boredom,Sadness,0.005400167232873033
0.0031382878587151186,Boredom,Shame,0.13190980972722657
0.0031382878587151186,Fear,Boredom,0.0024208898337957137
0.0031382878587151186,Fear,Fear,0.8625648765590346
0.0031382878587151186,Fear,Happiness,0.002085924319112104
0.0031382878587151186,Fear,Joy,0.014848615272480296
0.0031382878587151186,Fear,Pride,0.007913364213889685
0.0031382878587151186,Fear,Sadness,0.06022224842838117
0.0031382878587151186,Fear,Shame,0.04994408137330621
0.0031382878587151186,Happiness,Boredom,0.42909947255146824
0.0031382878587151186,Happiness,Fear,0.002792033686799847
0.0031382878587151186,Happiness,Happiness,0.44836845823954236
0.0031382878587151186,Happiness,Joy,0.01628553028406204
0.0031382878587151186,Happiness,Pride,0.06743797395469997
0.0031382878587151186,Happiness,Sadness,0.0038365178319760274
0.0031382878587151186,Happiness,Shame,0.03218001345145155
0.0031382878587151186,Joy,Boredom,0.005696959067707142
0.0031382878587151186,Joy,Fear,0.0723797391193444
0.0031382878587151186,Joy,Happiness,0.04357747166306387
0.0031382878587151186,Joy,Joy,0.31523547533725793
0.0031382878587151186,Joy,Pride,0.27642996008282256
0.0031382878587151186,Joy,Sadness,0.033101206773701944
0.0031382878587151186,Joy,Shame,0.2535791879561017
0.0031382878587151186,Pride,Boredom,0.04477160525862381
0.0031382878587151186,Pride,Fear,0.007160919646150596
0.0031382878587151186,Pride,Happiness,0.3388797784637732
0.0031382878587151186,Pride,Joy,0.073914873336806
0.0031382878587151186,Pride,Pride,0.2657231457807945
0.0031382878587151186,Pride,Sadness,0.038649460804549424
0.0031382878587151186,Pride,Shame,0.23090021670930247
0.0031382878587151186,Sadness,Boredom,0.027357915317197997
0.0031382878587151186,Sadness,Fear,0.7456053484129508
0.0031382878587151186,Sadness,Happiness,0.020201306127282798
0.0031382878587151186,Sadness,Joy,0.03491421373337228
0.0031382878587151186,Sadness,Pride,0.03428446422062934
0.0031382878587151186,Sadness,Sadness,0.030089881130593025
0.0031382878587151186,Sadness,Shame,0.10754687105797411
0.0031382878587151186,Shame,Boredom,0.0280277714687619
0.0031382878587151186,Shame,Fear,0.009499837446014863
0.0031382878587151186,Shame,Happiness,0.16815708946541835
0.0031382878587151186,Shame,Joy,0.15844007703594382
0.0031382878587151186,Shame,Pride,0.2681223290074206
0.0031382878587151186,Shame,Sadness,0.02300482535161665
0.0031382878587151186,Shame,Shame,0.34474807022482334
0.0030174120701852835,Boredom,Boredom,0.3332801827590619
0.0030174120701852835,Boredom,Fear,0.03878624609664969
0.0030174120701852835,Boredom,Happiness,0.17025967106947737
0.0030174120701852835,Boredom,Joy,0.16569837130538612
0.0030174120701852835,Boredom,Pride,0.09581928627462769
0.0030174120701852835,Boredom,Sadness,0.014524990342025023
0.0030174120701852835,Boredom,Shame,0.1816312521527724
0.0030174120701852835,Fear,Boredom,0.011120724990031788
0.0030174120701852835,Fear,Fear,0.4621116918579136
0.0030174120701852835,Fear,Happiness,0.0216572628327637
0.0030174120701852835,Fear,Joy,0.06622947012318327
0.0030174120701852835,Fear,Pride,0.03306013193697244
0.0030174120701852835,Fear,Sadness,0.2295594543233874
0.0030174120701852835,Fear,Shame,0.17626126393574748
0.0030174120701852835,Happiness,Boredom,0.4238514387197898
0.0030174120701852835,Happiness,Fear,0.00947377330967442
0.0030174120701852835,Happiness,Happiness,0.319595446600597
0.0030174120701852835,Happiness,Joy,0.04946994455437811
0.0030174120701852835,Happiness,Pride,0.08503790155801572
0.0030174120701852835,Happiness,Sadness,0.01316116258819361
0.0030174120701852835,Happiness,Shame,0.09941033266935148
0.0030174120701852835,Joy,Boredom,0.009236307032317207
0.0030174120701852835,Joy,Fear,0.13464272874755948
0.0030174120701852835,Joy,Happiness,0.07079234789147679
0.0030174120701852835,Joy,Joy,0.27658867884568816
0.0030174120701852835,Joy,Pride,0.24181511144170426
0.0030174120701852835,Joy,Sadness,0.05337990597478202
0.0030174120701852835,Joy,Shame,0.21354492006647208
0.0030174120701852835,Pride,Boredom,0.06175050576371889
0.0030174120701852835,Pride,Fear,0.018958518402217153
0.0030174120701852835,Pride,Happiness,0.2543496490755512
0.0030174120701852835,Pride,Joy,0.13623751107174928
0.0030174120701852835,Pride,Pride,0.2553198690330137
0.0030174120701852835,Pride,Sadness,0.05133877463848567
0.0030174120701852835,Pride,Shame,0.22204517201526405
0.0030174120701852835,Sadness,Boredom,0.060627217786654385
0.0030174120701852835,Sadness,Fear,0.4139741140508119
0.0030174120701852835,Sadness,Happiness,0.05125338715961686
0.0030174120701852835,Sadness,Joy,0.0958659540144255
0.0030174120701852835,Sadness,Pride,0.08756162182196724
0.0030174120701852835,Sadness,Sadness,0.08921744208286081
0.0030174120701852835,Sadness,Shame,0.201500263083663
0.0030174120701852835,Shame,Boredom,0.04080823414893222
0.0030174120701852835,Shame,Fear,0.02354032851081073
0.0030174120701852835,Shame,Happiness,0.1825715600837062
0.0030174120701852835,Shame,Joy,0.22079437941876345
0.0030174120701852835,Shame,Pride,0.2493870989601043
0.0030174120701852835,Shame,Sadness,0.03941846698410959
0.0030174120701852835,Shame,Shame,0.24347993189357275
0.0030903024684698715,Boredom,Boredom,0.39190313285042566
0.0030903024684698715,Boredom,Fear,0.03491917581738983
0.0030903024684698715,Boredom,Happiness,0.19777178347050522
0.0030903024684698715,Boredom,Joy,0.1568485211494629
0.0030903024684698715,Boredom,Pride,0.08382540953444101
0.0030903024684698715,Boredom,Sadness,0.011218641999294654
0.0030903024684698715,Boredom,Shame,0.12351333517848023
0.0030903024684698715,Fear,Boredom,0.00787805565664174
0.0030903024684698715,Fear,Fear,0.5677851757818726
0.0030903024684698715,Fear,Happiness,0.01830213348261846
0.0030903024684698715,Fear,Joy,0.052092136483466264
0.0030903024684698715,Fear,Pride,0.024098918106609628
0.0030903024684698715,Fear,Sadness,0.1980897952664227
0.0030903024684698715,Fear,Shame,0.1317537852223683
0.0030903024684698715,Happiness,Boredom,0.46360799405509706
0.0030903024684698715,Happiness,Fear,0.008391477309909587
0.0030903024684698715,Happiness,Happiness,0.3352088656041764
0.0030903024684698715,Happiness,Joy,0.037220126068667266
0.0030903024684698715,Happiness,Pride,0.07678629480662406
0.0030903024684698715,Happiness,Sadness,0.011205644946278794
0.0030903024684698715,Happiness,Shame,0.0675795972092465
0.0030903024684698715,Joy,Boredom,0.011475568561678686
0.0030903024684698715,Joy,Fear,0.11008181673981383
0.0030903024684698715,Joy,Happiness,0.08591823975572112
0.0030903024684698715,Joy,Joy,0.2999080990024898
0.0030903024684698715,Joy,Pride,0.25108960057567126
0.0030903024684698715,Joy,Sadness,0.05393105534078848
0.0030903024684698715,Joy,Shame,0.18759562002383667
0.0030903024684698715,Pride,Boredom,0.06649189304400162
0.0030903024684698715,Pride,Fear,0.021667586983099625
0.0030903024684698715,Pride,Happiness,0.28704450271595294
0.0030903024684698715,Pride,Joy,0.12263031622771121
0.0030903024684698715,Pride,Pride,0.2535484109999401
0.0030903024684698715,Pride,Sadness,0.05289205421430043
0.0030903024684698715,Pride,Shame,0.19572523581499432
0.0030903024684698715,Sadness,Boredom,0.05377344375738406
0.0030903024684698715,Sadness,Fear,0.5124821400244592
0.0030903024684698715,Sadness,Happiness,0.04772775806800956
0.0030903024684698715,Sadness,Joy,0.07442289161735671
0.0030903024684698715,Sadness,Pride,0.07048646438614188
0.0030903024684698715,Sadness,Sadness,0.08557829436629975
0.0030903024684698715,Sadness,Shame,0.15552900778034934
0.0030903024684698715,Shame,Boredom,0.04275514249050409
0.0030903024684698715,Shame,Fear,0.026560722345066515
0.0030903024684698715,Shame,Happiness,0.2202679897214288
0.0030903024684698715,Shame,Joy,0.20243664086667154
0.0030903024684698715,Shame,Pride,0.24739928450484838
0.0030903024684698715,Shame,Sadness,0.04164349700623326
0.0030903024684698715,Shame,Shame,0.2189367230652471
0.0033277124052223427,Boredom,Boredom,0.4348876234914072
0.0033277124052223427,Boredom,Fear,0.034667890044668984
0.0033277124052223427,Boredom,Happiness,0.17371034829044296
0.0033277124052223427,Boredom,Joy,0.1724376905464112
0.0033277124052223427,Boredom,Pride,0.08471971675974589
0.0033277124052223427,Boredom,Sadness,0.009526718454797318
0.0033277124052223427,Boredom,Shame,0.0900500124125266
0.0033277124052223427,Fear,Boredom,0.004428732940312531
0.0033277124052223427,Fear,Fear,0.6726175378915642
0.0033277124052223427,Fear,Happiness,0.009198344653791808
0.0033277124052223427,Fear,Joy,0.03884813219748117
0.0033277124052223427,Fear,Pride,0.018064396326069262
0.0033277124052223427,Fear,Sadness,0.15860636133508174
0.0033277124052223427,Fear,Shame,0.09823649465569916
0.0033277124052223427,Happiness,Boredom,0.47023508556944305
0.0033277124052223427,Happiness,Fear,0.005928768994108943
0.0033277124052223427,Happiness,Happiness,0.36313825275319367
0.0033277124052223427,Happiness,Joy,0.024522521172624892
0.0033277124052223427,Happiness,Pride,0.07391483839102446
0.0033277124052223427,Happiness,Sadness,0.008562297575116461
0.0033277124052223427,Happiness,Shame,0.053698235544488625
0.0033277124052223427,Joy,Boredom,0.010667577700894324
0.0033277124052223427,Joy,Fear,0.07794142385044052
0.0033277124052223427,Joy,Happiness,0.06676000274475577
0.0033277124052223427,Joy,Joy,0.33658317194641135
0.0033277124052223427,Joy,Pride,0.2624161627373224
0.0033277124052223427,Joy,Sadness,0.052482527953927736
0.0033277124052223427,Joy,Shame,0.19314913306624795
0.0033277124052223427,Pride,Boredom,0.05472930574504425
0.0033277124052223427,Pride,Fear,0.020028009249771855
0.0033277124052223427,Pride,Happiness,0.31229086738457407
0.0033277124052223427,Pride,Joy,0.09244815863155498
0.0033277124052223427,Pride,Pride,0.2634157701312153
0.0033277124052223427,Pride,Sadness,0.05413890651380877
0.0033277124052223427,Pride,Shame,0.20294898234403028
0.0033277124052223427,Sadness,Boredom,0.034186597623096816
0.0033277124052223427,Sadness,Fear,0.6139632662984701
0.0033277124052223427,Sadness,Happiness,0.03653298867143909
0.0033277124052223427,Sadness,Joy,0.058766213422937516
0.0033277124052223427,Sadness,Pride,0.05549929530227831
0.0033277124052223427,Sadness,Sadness,0.06784360116712355
0.0033277124052223427,Sadness,Shame,0.1332080375146541
0.0033277124052223427,Shame,Boredom,0.040206140196454944
0.0033277124052223427,Shame,Fear,0.02479971223185395
0.0033277124052223427,Shame,Happiness,0.22404917947397976
0.0033277124052223427,Shame,Joy,0.17824015359516526
0.0033277124052223427,Shame,Pride,0.24955934519936557
0.0033277124052223427,Shame,Sadness,0.039945371423211216
0.0033277124052223427,Shame,Shame,0.24320009787996913
0.002990614180995989,Boredom,Boredom,0.3750828859331151
0.002990614180995989,Boredom,Fear,0.03400245222032468
0.002990614180995989,Boredom,Happiness,0.18154220949831743
0.002990614180995989,Boredom,Joy,0.1618781169378986
0.002990614180995989,Boredom,Pride,0.08877248908442487
0.002990614180995989,Boredom,Sadness,0.011606416785372756
0.002990614180995989,Boredom,Shame,0.1471154295405465
0.002990614180995989,Fear,Boredom,0.008081326506108018
0.002990614180995989,Fear,Fear,0.5404926650286537
0.002990614180995989,Fear,Happiness,0.017649722017416818
0.002990614180995989,Fear,Joy,0.05456321501442304
0.002990614180995989,Fear,Pride,0.026202272591223742
0.002990614180995989,Fear,Sadness,0.20528432943440791
0.002990614180995989,Fear,Shame,0.1477264694077667
0.002990614180995989,Happiness,Boredom,0.4463606954774045
0.002990614180995989,Happiness,Fear,0.008231827711936979
0.002990614180995989,Happiness,Happiness,0.3402550763066165
0.002990614180995989,Happiness,Joy,0.03797005492696725
0.002990614180995989,Happiness,Pride,0.08038619530073576
0.002990614180995989,Happiness,Sadness,0.011402441016940894
0.002990614180995989,Happiness,Shame,0.07539370925939765
0.002990614180995989,Joy,Boredom,0.01014396269513311
0.002990614180995989,Joy,Fear,0.09743085362155052
0.002990614180995989,Joy,Happiness,0.07542160007189215
0.002990614180995989,Joy,Joy,0.30498846362859794
0.002990614180995989,Joy,Pride,0.2557448804967776
0.002990614180995989,Joy,Sadness,0.05280272760962086
0.002990614180995989,Joy,Shame,0.20346751187642775
0.002990614180995989,Pride,Boredom,0.06038417040040383
0.002990614180995989,Pride,Fear,0.019420331883705132
0.002990614180995989,Pride,Happiness,0.27955001219641823
0.002990614180995989,Pride,Joy,0.12159420053862899
0.002990614180995989,Pride,Pride,0.2564128374013481
0.002990614180995989,Pride,Sadness,0.05171130888791231
0.002990614180995989,Pride,Shame,0.2109271386915834
0.002990614180995989,Sadness,Boredom,0.05134685335054055
0.002990614180995989,Sadness,Fear,0.4806476045940177
0.002990614180995989,Sadness,Happiness,0.045807005696199964
0.002990614180995989,Sadness,Joy,0.07935805476941356
0.002990614180995989,Sadness,Pride,0.07530955484717788
0.002990614180995989,Sadness,Sadness,0.09376141665444375
0.002990614180995989,Sadness,Shame,0.17376951008820662
0.002990614180995989,Shame,Boredom,0.03855735750218087
0.002990614180995989,Shame,Fear,0.02367798101532804
0.002990614180995989,Shame,Happiness,0.20256085014999714
0.002990614180995989,Shame,Joy,0.20774052092291878
0.002990614180995989,Shame,Pride,0.2496311544118902
0.002990614180995989,Shame,Sadness,0.04023397672501955
0.002990614180995989,Shame,Shame,0.23759815927266553
0.0031244678676651413,Boredom,Boredom,0.42207616430034584
0.0031244678676651413,Boredom,Fear,0.03372683302663031
0.0031244678676651413,Boredom,Happiness,0.1934784189887203
0.0031244678676651413,Boredom,Joy,0.1573558392439511
0.0031244678676651413,Boredom,Pride,0.08079545592184253
0.0031244678676651413,Boredom,Sadness,0.00946962844262393
0.0031244678676651413,Boredom,Shame,0.10309766007588528
0.0031244678676651413,Fear,Boredom,0.0058072323650921786
0.0031244678676651413,Fear,Fear,0.6210047480297666
0.0031244678676651413,Fear,Happiness,0.013470974098975188
0.0031244678676651413,Fear,Joy,0.04605774152478291
0.0031244678676651413,Fear,Pride,0.02165623261112464
0.0031244678676651413,Fear,Sadness,0.1775669953360082
0.0031244678676651413,Fear,Shame,0.11443607603425016
0.0031244678676651413,Happiness,Boredom,0.4685660918303686
0.0031244678676651413,Happiness,Fear,0.0066454230464579305
0.0031244678676651413,Happiness,Happiness,0.35539303405507483
0.0031244678676651413,Happiness,Joy,0.029412119588977242
0.0031244678676651413,Happiness,Pride,0.07407753422075464
0.0031244678676651413,Happiness,Sadness,0.00925038470583025
0.0031244678676651413,Happiness,Shame,0.056655412552536144
0.0031244678676651413,Joy,Boredom,0.011478356641998423
0.0031244678676651413,Joy,Fear,0.07151488821059099
0.0031244678676651413,Joy,Happiness,0.08619110120313728
0.0031244678676651413,Joy,Joy,0.32434867773382636
0.0031244678676651413,Joy,Pride,0.2619262594876402
0.0031244678676651413,Joy,Sadness,0.052579623911583835
0.0031244678676651413,Joy,Shame,0.1919610928112226
0.0031244678676651413,Pride,Boredom,0.058372738522791685
0.0031244678676651413,Pride,Fear,0.020077059801281244
0.0031244678676651413,Pride,Happiness,0.301623968973809
0.0031244678676651413,Pride,Joy,0.11057057900986009
0.0031244678676651413,Pride,Pride,0.258194907433576
0.0031244678676651413,Pride,Sadness,0.052217658367046796
0.0031244678676651413,Pride,Shame,0.19894308789163492
0.0031244678676651413,Sadness,Boredom,0.043245784060093204
0.0031244678676651413,Sadness,Fear,0.5659869004930416
0.0031244678676651413,Sadness,Happiness,0.04509177962329754
0.0031244678676651413,Sadness,Joy,0.06770675473303009
0.0031244678676651413,Sadness,Pride,0.06155353595879858
0.0031244678676651413,Sadness,Sadness,0.07010437545339708
0.0031244678676651413,Sadness,Shame,0.14631086967834192
0.0031244678676651413,Shame,Boredom,0.04186797228416571
0.0031244678676651413,Shame,Fear,0.024980157715789993
0.0031244678676651413,Shame,Happiness,0.22011542736745085
0.0031244678676651413,Shame,Joy,0.1925431814716557
0.0031244678676651413,Shame,Pride,0.24860116798016582
0.0031244678676651413,Shame,Sadness,0.03873684752385651
0.0031244678676651413,Shame,Shame,0.2331552456569149
0.0032231632020168354,Boredom,Boredom,0.46935531301928235
0.0032231632020168354,Boredom,Fear,0.032460854009076175
0.0032231632020168354,Boredom,Happiness,0.1897510794118912
0.0032231632020168354,Boredom,Joy,0.15751261522661122
0.0032231632020168354,Boredom,Pride,0.07129825245318543
0.0032231632020168354,Boredom,Sadness,0.00503724132467544
0.0032231632020168354,Boredom,Shame,0.07458464455527809
0.0032231632020168354,Fear,Boredom,0.002559834092242526
0.0032231632020168354,Fear,Fear,0.8513236197787791
0.0032231632020168354,Fear,Happiness,0.0038728098848921154
0.0032231632020168354,Fear,Joy,0.017364255124056687
0.0032231632020168354,Fear,Pride,0.007445490452565
0.0032231632020168354,Fear,Sadness,0.07410007662068131
0.0032231632020168354,Fear,Shame,0.043333914046783335
0.0032231632020168354,Happiness,Boredom,0.5086985158543682
0.0032231632020168354,Happiness,Fear,0.002969211683335632
0.0032231632020168354,Happiness,Happiness,0.37982069924885925
0.0032231632020168354,Happiness,Joy,0.016187280608971122
0.0032231632020168354,Happiness,Pride,0.0584843994621851
0.0032231632020168354,Happiness,Sadness,0.004396122673069033
0.0032231632020168354,Happiness,Shame,0.029443770469211924
0.0032231632020168354,Joy,Boredom,0.010349602995358054
0.0032231632020168354,Joy,Fear,0.09456006894557155
0.0032231632020168354,Joy,Happiness,0.07087309172988647
0.0032231632020168354,Joy,Joy,0.35949433560772337
0.0032231632020168354,Joy,Pride,0.25365134841330383
0.0032231632020168354,Joy,Sadness,0.044885864515876686
0.0032231632020168354,Joy,Shame,0.16618568779228013
0.0032231632020168354,Pride,Boredom,0.061618442730577434
0.0032231632020168354,Pride,Fear,0.017927435214805765
0.0032231632020168354,Pride,Happiness,0.35302040439171634
0.0032231632020168354,Pride,Joy,0.09008864813404736
0.0032231632020168354,Pride,Pride,0.253941655600509
0.0032231632020168354,Pride,Sadness,0.05274492507410207
0.0032231632020168354,Pride,Shame,0.17065848885424192
0.0032231632020168354,Sadness,Boredom,0.028396705515840726
0.0032231632020168354,Sadness,Fear,0.7764221340026498
0.0032231632020168354,Sadness,Happiness,0.025217634595154286
0.0032231632020168354,Sadness,Joy,0.03211724760826902
0.0032231632020168354,Sadness,Pride,0.029027315581619913
0.0032231632020168354,Sadness,Sadness,0.03457634124851872
0.0032231632020168354,Sadness,Shame,0.07424262144794742
0.0032231632020168354,Shame,Boredom,0.043054107140629266
0.0032231632020168354,Shame,Fear,0.024317966757059377
0.0032231632020168354,Shame,Happiness,0.2433094228783549
0.0032231632020168354,Shame,Joy,0.16057189863287338
0.0032231632020168354,Shame,Pride,0.2476491732261412
0.0032231632020168354,Shame,Sadness,0.03727367407078673
0.0032231632020168354,Shame,Shame,0.24382375729415479
0.0031054640228744797,Boredom,Boredom,0.4531000658112611
0.0031054640228744797,Boredom,Fear,0.03208228374044657
0.0031054640228744797,Boredom,Happiness,0.17691326158803386
0.0031054640228744797,Boredom,Joy,0.1593517637490609
0.0031054640228744797,Boredom,Pride,0.07620021646383696
0.0031054640228744797,Boredom,Sadness,0.005771071056836122
0.0031054640228744797,Boredom,Shame,0.09658133759052466
0.0031054640228744797,Fear,Boredom,0.0032634811642193924
0.0031054640228744797,Fear,Fear,0.7846261195232207
0.0031054640228744797,Fear,Happiness,0.005454065278951495
0.0031054640228744797,Fear,Joy,0.025514224092769423
0.0031054640228744797,Fear,Pride,0.012525386788286475
0.0031054640228744797,Fear,Sadness,0.09264537803292243
0.0031054640228744797,Fear,Shame,0.07597134511963
0.0031054640228744797,Happiness,Boredom,0.4777640004472539
0.0031054640228744797,Happiness,Fear,0.003492885070836281
0.0031054640228744797,Happiness,Happiness,0.39502765434603426
0.0031054640228744797,Happiness,Joy,0.0182319684710103
0.0031054640228744797,Happiness,Pride,0.06453665634281855
0.0031054640228744797,Happiness,Sadness,0.005020989295119768
0.0031054640228744797,Happiness,Shame,0.035925846026927076
0.0031054640228744797,Joy,Boredom,0.008791414002477137
0.0031054640228744797,Joy,Fear,0.09272816260208823
0.0031054640228744797,Joy,Happiness,0.0654019400507664
0.0031054640228744797,Joy,Joy,0.3364443161438265
0.0031054640228744797,Joy,Pride,0.25687677795516084
0.0031054640228744797,Joy,Sadness,0.04397221011806948
0.0031054640228744797,Joy,Shame,0.19578517912761148
0.0031054640228744797,Pride,Boredom,0.05740164666132077
0.0031054640228744797,Pride,Fear,0.0153742878891924
0.0031054640228744797,Pride,Happiness,0.3376072674988895
0.0031054640228744797,Pride,Joy,0.08834910431862819
0.0031054640228744797,Pride,Pride,0.25715024787710694
0.0031054640228744797,Pride,Sadness,0.049098948928633916
0.0031054640228744797,Pride,Shame,0.1950184968262286
0.0031054640228744797,Sadness,Boredom,0.03168005663751922
0.0031054640228744797,Sadness,Fear,0.6947575939127957
0.0031054640228744797,Sadness,Happiness,0.02967134290015214
0.0031054640228744797,Sadness,Joy,0.04474454993492314
0.0031054640228744797,Sadness,Pride,0.040836237971823286
0.0031054640228744797,Sadness,Sadness,0.042398248787134794
0.0031054640228744797,Sadness,Shame,0.11591196985565164
0.0031054640228744797,Shame,Boredom,0.038529915251546
0.0031054640228744797,Shame,Fear,0.020954635259099796
0.0031054640228744797,Shame,Happiness,0.2171073543702579
0.0031054640228744797,Shame,Joy,0.16702649477731923
0.0031054640228744797,Shame,Pride,0.25198928042002566
0.0031054640228744797,Shame,Sadness,0.03341764771966721
0.0031054640228744797,Shame,Shame,0.2709746722020841
0.0031643208400260275,Boredom,Boredom,0.38658432109220153
0.0031643208400260275,Boredom,Fear,0.035011528620127165
0.0031643208400260275,Boredom,Happiness,0.1658375440917343
0.0031643208400260275,Boredom,Joy,0.16761926742920172
0.0031643208400260275,Boredom,Pride,0.08993683480992311
0.0031643208400260275,Boredom,Sadness,0.013082179728364835
0.0031643208400260275,Boredom,Shame,0.14192832422844726
0.0031643208400260275,Fear,Boredom,0.00782039824288555
0.0031643208400260275,Fear,Fear,0.49486918778658884
0.0031643208400260275,Fear,Happiness,0.018369773926892374
0.0031643208400260275,Fear,Joy,0.06258659672326705
0.0031643208400260275,Fear,Pride,0.031068539907872922
0.0031643208400260275,Fear,Sadness,0.21730483647333146
0.0031643208400260275,Fear,Shame,0.16798066693916208
0.0031643208400260275,Happiness,Boredom,0.4355451862542848
0.0031643208400260275,Happiness,Fear,0.009294248941817001
0.0031643208400260275,Happiness,Happiness,0.33898535043449196
0.0031643208400260275,Happiness,Joy,0.041973963069648686
0.0031643208400260275,Happiness,Pride,0.08535737589527295
0.0031643208400260275,Happiness,Sadness,0.012906324934191452
0.0031643208400260275,Happiness,Shame,0.07593755047029323
0.0031643208400260275,Joy,Boredom,0.01013296385309122
0.0031643208400260275,Joy,Fear,0.06449015285258647
0.0031643208400260275,Joy,Happiness,0.07056949855272565
0.0031643208400260275,Joy,Joy,0.31252671227904416
0.0031643208400260275,Joy,Pride,0.26698558033353
0.0031643208400260275,Joy,Sadness,0.05308924374860937
0.0031643208400260275,Joy,Shame,0.22220584838041302
0.0031643208400260275,Pride,Boredom,0.050371843778830465
0.0031643208400260275,Pride,Fear,0.01851523482195047
0.0031643208400260275,Pride,Happiness,0.26590351683077196
0.0031643208400260275,Pride,Joy,0.12595978084962942
0.0031643208400260275,Pride,Pride,0.2608053906366337
0.0031643208400260275,Pride,Sadness,0.05171184391924017
0.0031643208400260275,Pride,Shame,0.22673238916294333
0.0031643208400260275,Sadness,Boredom,0.04623170273358701
0.0031643208400260275,Sadness,Fear,0.4457238399986124
0.0031643208400260275,Sadness,Happiness,0.048051815119585325
0.0031643208400260275,Sadness,Joy,0.08746693925238712
0.0031643208400260275,Sadness,Pride,0.08400187329310682
0.0031643208400260275,Sadness,Sadness,0.08998443376469184
0.0031643208400260275,Sadness,Shame,0.19853939583802904
0.0031643208400260275,Shame,Boredom,0.03632620124028472
0.0031643208400260275,Shame,Fear,0.022729425190771164
0.0031643208400260275,Shame,Happiness,0.18270722631291597
0.0031643208400260275,Shame,Joy,0.2153622903197526
0.0031643208400260275,Shame,Pride,0.2517104390541649
0.0031643208400260275,Shame,Sadness,0.04039157956352438
0.0031643208400260275,Shame,Shame,0.25077283831858577
0.00316862403999233,Boredom,Boredom,0.40210382767034286
0.00316862403999233,Boredom,Fear,0.034466712564310054
0.00316862403999233,Boredom,Happiness,0.15962333261510286
0.00316862403999233,Boredom,Joy,0.16915286256186124
0.00316862403999233,Boredom,Pride,0.09176813866702552
0.00316862403999233,Boredom,Sadness,0.011516412286329214
0.00316862403999233,Boredom,Shame,0.13136871363502803
0.00316862403999233,Fear,Boredom,0.007190692975951229
0.00316862403999233,Fear,Fear,0.5186035037939547
0.00316862403999233,Fear,Happiness,0.015282180232893978
0.00316862403999233,Fear,Joy,0.05883381873446038
0.00316862403999233,Fear,Pride,0.030387344397320513
0.00316862403999233,Fear,Sadness,0.20447540015656782
0.00316862403999233,Fear,Shame,0.16522705970885151
0.00316862403999233,Happiness,Boredom,0.4299727122276916
0.00316862403999233,Happiness,Fear,0.008180354861063811
0.00316862403999233,Happiness,Happiness,0.35504210235408334
0.00316862403999233,Happiness,Joy,0.03646279211261202
0.00316862403999233,Happiness,Pride,0.08612155959275371
0.00316862403999233,Happiness,Sadness,0.011241327436508394
0.00316862403999233,Happiness,Shame,0.07297915141528727
0.00316862403999233,Joy,Boredom,0.009197770788355899
0.00316862403999233,Joy,Fear,0.05962748158024003
0.00316862403999233,Joy,Happiness,0.06513750410444702
0.00316862403999233,Joy,Joy,0.30987476284845467
0.00316862403999233,Joy,Pride,0.2701098469388184
0.00316862403999233,Joy,Sadness,0.04983504741992579
0.00316862403999233,Joy,Shame,0.2362175863197582
0.00316862403999233,Pride,Boredom,0.046327083392391964
0.00316862403999233,Pride,Fear,0.016399810240286063
0.00316862403999233,Pride,Happiness,0.2701936297026204
0.00316862403999233,Pride,Joy,0.1148633992856812
0.00316862403999233,Pride,Pride,0.2642999613844162
0.00316862403999233,Pride,Sadness,0.04919520084610344
0.00316862403999233,Pride,Shame,0.23872091514850047
0.00316862403999233,Sadness,Boredom,0.04163659413311775
0.00316862403999233,Sadness,Fear,0.46243744470004816
0.00316862403999233,Sadness,Happiness,0.04503704741183844
0.00316862403999233,Sadness,Joy,0.08399015869607779
0.00316862403999233,Sadness,Pride,0.08113838787261676
0.00316862403999233,Sadness,Sadness,0.08321798292916935
0.00316862403999233,Sadness,Shame,0.20254238425713153
0.00316862403999233,Shame,Boredom,0.034131667206858236
0.00316862403999233,Shame,Fear,0.02030513874288326
0.00316862403999233,Shame,Happiness,0.17516094809876043
0.00316862403999233,Shame,Joy,0.20633498568787023
0.00316862403999233,Shame,Pride,0.2536379955160023
0.00316862403999233,Shame,Sadness,0.036238476325259186
0.00316862403999233,Shame,Shame,0.2741907884223664
0.003259133723624889,Boredom,Boredom,0.37848577506770165
0.003259133723624889,Boredom,Fear,0.036089279038763265
0.003259133723624889,Boredom,Happiness,0.16037502598235234
0.003259133723624889,Boredom,Joy,0.16996263844343032
0.003259133723624889,Boredom,Pride,0.09098892716228668
0.003259133723624889,Boredom,Sadness,0.01241364926743635
0.003259133723624889,Boredom,Shame,0.15168470503802975
0.003259133723624889,Fear,Boredom,0.007936508175445322
0.003259133723624889,Fear,Fear,0.514073668915899
0.003259133723624889,Fear,Happiness,0.016702196762705308
0.003259133723624889,Fear,Joy,0.05989934768481306
0.003259133723624889,Fear,Pride,0.030840105745957233
0.003259133723624889,Fear,Sadness,0.20761196939417553
0.003259133723624889,Fear,Shame,0.16293620332100428
0.003259133723624889,Happiness,Boredom,0.4363174015639923
0.003259133723624889,Happiness,Fear,0.00873709051580332
0.003259133723624889,Happiness,Happiness,0.34325529430736484
0.003259133723624889,Happiness,Joy,0.03755552117561192
0.003259133723624889,Happiness,Pride,0.08494700757316441
0.003259133723624889,Happiness,Sadness,0.01235445588010434
0.003259133723624889,Happiness,Shame,0.07683322898395915
0.003259133723624889,Joy,Boredom,0.00892606430962885
0.003259133723624889,Joy,Fear,0.08885524509411016
0.003259133723624889,Joy,Happiness,0.0669971976968417
0.003259133723624889,Joy,Joy,0.30349621693320644
0.003259133723624889,Joy,Pride,0.25709079539793456
0.003259133723624889,Joy,Sadness,0.05178116316953104
0.003259133723624889,Joy,Shame,0.22285331739874717
0.003259133723624889,Pride,Boredom,0.05398630097912552
0.003259133723624889,Pride,Fear,0.017498871696528334
0.003259133723624889,Pride,Happiness,0.2694364091133304
0.003259133723624889,Pride,Joy,0.11735831817847589
0.003259133723624889,Pride,Pride,0.259379152040332
0.003259133723624889,Pride,Sadness,0.05069724665761589
0.003259133723624889,Pride,Shame,0.2316437013345919
0.003259133723624889,Sadness,Boredom,0.05185024972160988
0.003259133723624889,Sadness,Fear,0.4581763518384724
0.003259133723624889,Sadness,Happiness,0.047279217723864814
0.003259133723624889,Sadness,Joy,0.08515463036936609
0.003259133723624889,Sadness,Pride,0.07907049060997381
0.003259133723624889,Sadness,Sadness,0.08174790172078908
0.003259133723624889,Sadness,Shame,0.19672115801592388
0.003259133723624889,Shame,Boredom,0.03636373903564826
0.003259133723624889,Shame,Fear,0.021528489587708054
0.003259133723624889,Shame,Happiness,0.18186300918487752
0.003259133723624889,Shame,Joy,0.21221201594396474
0.003259133723624889,Shame,Pride,0.2509840652580808
0.003259133723624889,Shame,Sadness,0.03883408011883442
0.003259133723624889,Shame,Shame,0.2582146008708861
0.0031390113968873343,Boredom,Boredom,0.4290549290003193
0.0031390113968873343,Boredom,Fear,0.03349093978790065
0.0031390113968873343,Boredom,Happiness,0.1905755925469411
0.0031390113968873343,Boredom,Joy,0.15791420043507068
0.0031390113968873343,Boredom,Pride,0.08059969960985203
0.0031390113968873343,Boredom,Sadness,0.0091496043157645
0.0031390113968873343,Boredom,Shame,0.09921503430415164
0.0031390113968873343,Fear,Boredom,0.005522643040423853
0.0031390113968873343,Fear,Fear,0.6290024057998514
0.0031390113968873343,Fear,Happiness,0.012604644917676044
0.0031390113968873343,Fear,Joy,0.04492480542587886
0.0031390113968873343,Fear,Pride,0.021131816778920506
0.0031390113968873343,Fear,Sadness,0.17380292477231246
0.0031390113968873343,Fear,Shame,0.113010759264937
0.0031390113968873343,Happiness,Boredom,0.46988921947143547
0.0031390113968873343,Happiness,Fear,0.0062700115709051615
0.0031390113968873343,Happiness,Happiness,0.3584306353518983
0.0031390113968873343,Happiness,Joy,0.027859067964397514
0.0031390113968873343,Happiness,Pride,0.07359592157981373
0.0031390113968873343,Happiness,Sadness,0.008837099657175941
0.0031390113968873343,Happiness,Shame,0.05511804440437367
0.0031390113968873343,Joy,Boredom,0.01124577234958112
0.0031390113968873343,Joy,Fear,0.06802753273928733
0.0031390113968873343,Joy,Happiness,0.08340244010458892
0.0031390113968873343,Joy,Joy,0.32779334179322445
0.0031390113968873343,Joy,Pride,0.26266886222051494
0.0031390113968873343,Joy,Sadness,0.05220217816168756
0.0031390113968873343,Joy,Shame,0.19465987263111517
0.0031390113968873343,Pride,Boredom,0.055349354712058575
0.0031390113968873343,Pride,Fear,0.019590264392468037
0.0031390113968873343,Pride,Happiness,0.30458182815568857
0.0031390113968873343,Pride,Joy,0.10729276744570895
0.0031390113968873343,Pride,Pride,0.25975928050224617
0.0031390113968873343,Pride,Sadness,0.052343709576785157
0.0031390113968873343,Pride,Shame,0.201082795215045
0.0031390113968873343,Sadness,Boredom,0.04003919011243232
0.0031390113968873343,Sadness,Fear,0.5711522978975782
0.0031390113968873343,Sadness,Happiness,0.04357602298262424
0.0031390113968873343,Sadness,Joy,0.06653574423509657
0.0031390113968873343,Sadness,Pride,0.061223212628314656
0.0031390113968873343,Sadness,Sadness,0.07157353377659643
0.0031390113968873343,Sadness,Shame,0.14589999836735737
0.0031390113968873343,Shame,Boredom,0.04088352617163345
0.0031390113968873343,Shame,Fear,0.024406432912755845
0.0031390113968873343,Shame,Happiness,0.21895575497485872
0.0031390113968873343,Shame,Joy,0.18948404132551516
0.0031390113968873343,Shame,Pride,0.2486588336535679
0.0031390113968873343,Shame,Sadness,0.038790272022815195
0.0031390113968873343,Shame,Shame,0.23882113893885362
0.003238503474616657,Boredom,Boredom,0.4166089806815886
0.003238503474616657,Boredom,Fear,0.03560088737859439
0.003238503474616657,Boredom,Happiness,0.1944756790847367
0.003238503474616657,Boredom,Joy,0.1623782056195407
0.003238503474616657,Boredom,Pride,0.08359281097182605
0.003238503474616657,Boredom,Sadness,0.010769700791730496
0.003238503474616657,Boredom,Shame,0.0965737354719829
0.003238503474616657,Fear,Boredom,0.006061924681132801
0.003238503474616657,Fear,Fear,0.5960820229995216
0.003238503474616657,Fear,Happiness,0.015534445552680505
0.003238503474616657,Fear,Joy,0.04971804245671507
0.003238503474616657,Fear,Pride,0.023251486777297676
0.003238503474616657,Fear,Sadness,0.18303312011746276
0.003238503474616657,Fear,Shame,0.12631895741518992
0.003238503474616657,Happiness,Boredom,0.4680661266691659
0.003238503474616657,Happiness,Fear,0.00798751128567348
0.003238503474616657,Happiness,Happiness,0.34743175257780207
0.003238503474616657,Happiness,Joy,0.03096478835981632
0.003238503474616657,Happiness,Pride,0.07599024986858265
0.003238503474616657,Happiness,Sadness,0.01053699720534127
0.003238503474616657,Happiness,Shame,0.059022574033618144
0.003238503474616657,Joy,Boredom,0.011751095473521095
0.003238503474616657,Joy,Fear,0.07793579742422545
0.003238503474616657,Joy,Happiness,0.08168376400202508
0.003238503474616657,Joy,Joy,0.32426546903103914
0.003238503474616657,Joy,Pride,0.2610923710191163
0.003238503474616657,Joy,Sadness,0.05355210088429047
0.003238503474616657,Joy,Shame,0.18971940216578254
0.003238503474616657,Pride,Boredom,0.05532284509377604
0.003238503474616657,Pride,Fear,0.022568667047442093
0.003238503474616657,Pride,Happiness,0.2988690796796753
0.003238503474616657,Pride,Joy,0.11252413490751889
0.003238503474616657,Pride,Pride,0.2599786328237927
0.003238503474616657,Pride,Sadness,0.054175258917068564
0.003238503474616657,Pride,Shame,0.19656138153072666
0.003238503474616657,Sadness,Boredom,0.039973769736792585
0.003238503474616657,Sadness,Fear,0.549157859277221
0.003238503474616657,Sadness,Happiness,0.04448329425917492
0.003238503474616657,Sadness,Joy,0.07104421874499389
0.003238503474616657,Sadness,Pride,0.06593695901201382
0.003238503474616657,Sadness,Sadness,0.07586084638409626
0.003238503474616657,Sadness,Shame,0.15354305258570744
0.003238503474616657,Shame,Boredom,0.041133996266978154
0.003238503474616657,Shame,Fear,0.027616109904998916
0.003238503474616657,Shame,Happiness,0.2217815953964008
0.003238503474616657,Shame,Joy,0.19677248477842005
0.003238503474616657,Shame,Pride,0.24851768487745363
0.003238503474616657,Shame,Sadness,0.04239987683440093
0.003238503474616657,Shame,Shame,0.22177825194134757
0.0032080354476855945,Boredom,Boredom,0.38838330414167793
0.0032080354476855945,Boredom,Fear,0.035277722331046084
0.0032080354476855945,Boredom,Happiness,0.16296218603988274
0.0032080354476855945,Boredom,Joy,0.16736256571780028
0.0032080354476855945,Boredom,Pride,0.09034714184616574
0.0032080354476855945,Boredom,Sadness,0.012664702404519218
0.0032080354476855945,Boredom,Shame,0.1430023775189081
0.0032080354476855945,Fear,Boredom,0.007780691412078058
0.0032080354476855945,Fear,Fear,0.5072159352125496
0.0032080354476855945,Fear,Happiness,0.017272554306655027
0.0032080354476855945,Fear,Joy,0.06071887910189017
0.0032080354476855945,Fear,Pride,0.0312232900165367
0.0032080354476855945,Fear,Sadness,0.21183546077416576
0.0032080354476855945,Fear,Shame,0.16395318917612473
0.0032080354476855945,Happiness,Boredom,0.4353910397492839
0.0032080354476855945,Happiness,Fear,0.008941106417790457
0.0032080354476855945,Happiness,Happiness,0.34251051732659793
0.0032080354476855945,Happiness,Joy,0.03931538452964688
0.0032080354476855945,Happiness,Pride,0.08534574465107785
0.0032080354476855945,Happiness,Sadness,0.012544112055226595
0.0032080354476855945,Happiness,Shame,0.07595209527037627
0.0032080354476855945,Joy,Boredom,0.009757928494464933
0.0032080354476855945,Joy,Fear,0.06735673398342078
0.0032080354476855945,Joy,Happiness,0.06818664488605901
0.0032080354476855945,Joy,Joy,0.3117839758321986
0.0032080354476855945,Joy,Pride,0.2664624556141491
0.0032080354476855945,Joy,Sadness,0.052240843252819524
0.0032080354476855945,Joy,Shame,0.2242114179368879
0.0032080354476855945,Pride,Boredom,0.05063832798594678
0.0032080354476855945,Pride,Fear,0.017869494761289104
0.0032080354476855945,Pride,Happiness,0.26828691751787165
0.0032080354476855945,Pride,Joy,0.12069605308157294
0.0032080354476855945,Pride,Pride,0.26107165174418984
0.0032080354476855945,Pride,Sadness,0.051191216124343165
0.0032080354476855945,Pride,Shame,0.23024633878478593
0.0032080354476855945,Sadness,Boredom,0.04825668470669589
0.0032080354476855945,Sadness,Fear,0.4552693531007983
0.0032080354476855945,Sadness,Happiness,0.04694322011441604
0.0032080354476855945,Sadness,Joy,0.08575820709014123
0.0032080354476855945,Sadness,Pride,0.08117628674746767
0.0032080354476855945,Sadness,Sadness,0.08572257005581016
0.0032080354476855945,Sadness,Shame,0.19687367818467044
0.0032080354476855945,Shame,Boredom,0.036004081663198864
0.0032080354476855945,Shame,Fear,0.022011088316767475
0.0032080354476855945,Shame,Happiness,0.18183565303880941
0.0032080354476855945,Shame,Joy,0.21257513684964002
0.0032080354476855945,Shame,Pride,0.2517337033328356
0.0032080354476855945,Shame,Sadness,0.0397867002617944
0.0032080354476855945,Shame,Shame,0.25605363653695373
0.0032600431600202625,Boredom,Boredom,0.4052808891554556
0.0032600431600202625,Boredom,Fear,0.03526839335296212
0.0032600431600202625,Boredom,Happiness,0.15571976560932557
0.0032600431600202625,Boredom,Joy,0.172810164135491
0.0032600431600202625,Boredom,Pride,0.09225297553894882
0.0032600431600202625,Boredom,Sadness,0.011687489509962618
0.0032600431600202625,Boredom,Shame,0.1269803226978543
0.0032600431600202625,Fear,Boredom,0.006676202339462589
0.0032600431600202625,Fear,Fear,0.5400100614379318
0.0032600431600202625,Fear,Happiness,0.013785011146324312
0.0032600431600202625,Fear,Joy,0.055396572283231284
0.0032600431600202625,Fear,Pride,0.02952636693309278
0.0032600431600202625,Fear,Sadness,0.19909096743146196
0.0032600431600202625,Fear,Shame,0.1555148184284953
0.0032600431600202625,Happiness,Boredom,0.43248421626366723
0.0032600431600202625,Happiness,Fear,0.007863886507836086
0.0032600431600202625,Happiness,Happiness,0.357159844705818
0.0032600431600202625,Happiness,Joy,0.03325261591257876
0.0032600431600202625,Happiness,Pride,0.08570639260344146
0.0032600431600202625,Happiness,Sadness,0.011209457280862164
0.0032600431600202625,Happiness,Shame,0.07232358672579609
0.0032600431600202625,Joy,Boredom,0.008778119071584586
0.0032600431600202625,Joy,Fear,0.0705775207937204
0.0032600431600202625,Joy,Happiness,0.06303123424494052
0.0032600431600202625,Joy,Joy,0.30699025241561
0.0032600431600202625,Joy,Pride,0.26567376905867124
0.0032600431600202625,Joy,Sadness,0.05024399024379039
0.0032600431600202625,Joy,Shame,0.23470511417168266
0.0032600431600202625,Pride,Boredom,0.04655087588380323
0.0032600431600202625,Pride,Fear,0.0158896801193975
0.0032600431600202625,Pride,Happiness,0.27608893113500205
0.0032600431600202625,Pride,Joy,0.10586369202224782
0.0032600431600202625,Pride,Pride,0.2654027648758543
0.0032600431600202625,Pride,Sadness,0.04944487955002778
0.0032600431600202625,Pride,Shame,0.24075917641366745
0.0032600431600202625,Sadness,Boredom,0.04118580355681017
0.0032600431600202625,Sadness,Fear,0.4802373023332897
0.0032600431600202625,Sadness,Happiness,0.044085389046134245
0.0032600431600202625,Sadness,Joy,0.08096632643122305
0.0032600431600202625,Sadness,Pride,0.07746500697221362
0.0032600431600202625,Sadness,Sadness,0.07987175744282868
0.0032600431600202625,Sadness,Shame,0.19618841421750036
0.0032600431600202625,Shame,Boredom,0.033645284198952644
0.0032600431600202625,Shame,Fear,0.019323236648356747
0.0032600431600202625,Shame,Happiness,0.17799184716408467
0.0032600431600202625,Shame,Joy,0.2035394656827855
0.0032600431600202625,Shame,Pride,0.2531811466998557
0.0032600431600202625,Shame,Sadness,0.03645683052076657
0.0032600431600202625,Shame,Shame,0.27586218908519833
0.003231811799017517,Boredom,Boredom,0.40022767318785235
0.003231811799017517,Boredom,Fear,0.03493870048374619
0.003231811799017517,Boredom,Happiness,0.15556309282701639
0.003231811799017517,Boredom,Joy,0.170712697293314
0.003231811799017517,Boredom,Pride,0.09221697410870415
0.003231811799017517,Boredom,Sadness,0.011606465692871057
0.003231811799017517,Boredom,Shame,0.1347343964064957
0.003231811799017517,Fear,Boredom,0.006781099469655168
0.003231811799017517,Fear,Fear,0.5387443007245308
0.003231811799017517,Fear,Happiness,0.014150557911042727
0.003231811799017517,Fear,Joy,0.05563456168510163
0.003231811799017517,Fear,Pride,0.029201719601070604
0.003231811799017517,Fear,Sadness,0.19941078781871183
0.003231811799017517,Fear,Shame,0.15607697278988744
0.003231811799017517,Happiness,Boredom,0.4304943052441833
0.003231811799017517,Happiness,Fear,0.00788763715040624
0.003231811799017517,Happiness,Happiness,0.35633612678809606
0.003231811799017517,Happiness,Joy,0.0339395326293788
0.003231811799017517,Happiness,Pride,0.08620994651654092
0.003231811799017517,Happiness,Sadness,0.011383109635299612
0.003231811799017517,Happiness,Shame,0.0737493420360952
0.003231811799017517,Joy,Boredom,0.00873540070264254
0.003231811799017517,Joy,Fear,0.07096015238190861
0.003231811799017517,Joy,Happiness,0.06264322496665863
0.003231811799017517,Joy,Joy,0.30543090523491867
0.003231811799017517,Joy,Pride,0.26646941238718513
0.003231811799017517,Joy,Sadness,0.05036772847129482
0.003231811799017517,Joy,Shame,0.23539317585539177
0.003231811799017517,Pride,Boredom,0.04742435577615102
0.003231811799017517,Pride,Fear,0.015419121349336203
0.003231811799017517,Pride,Happiness,0.27421843842633853
0.003231811799017517,Pride,Joy,0.10698751036768253
0.003231811799017517,Pride,Pride,0.2650120221664753
0.003231811799017517,Pride,Sadness,0.049431560958893575
0.003231811799017517,Pride,Shame,0.24150699095512296
0.003231811799017517,Sadness,Boredom,0.041545101575935696
0.003231811799017517,Sadness,Fear,0.47723965451408956
0.003231811799017517,Sadness,Happiness,0.043755358369997804
0.003231811799017517,Sadness,Joy,0.08109401850896061
0.003231811799017517,Sadness,Pride,0.07837918657885111
0.003231811799017517,Sadness,Sadness,0.0813027439163797
0.003231811799017517,Sadness,Shame,0.19668393653578586
0.003231811799017517,Shame,Boredom,0.03411412075866206
0.003231811799017517,Shame,Fear,0.018949648792249054
0.003231811799017517,Shame,Happiness,0.17771324836091593
0.003231811799017517,Shame,Joy,0.20259032851159942
0.003231811799017517,Shame,Pride,0.25356602195188793
0.003231811799017517,Shame,Sadness,0.03644949417965426
0.003231811799017517,Shame,Shame,0.27661713744503114
0.0034344319272990548,Boredom,Boredom,0.40981659884731836
0.0034344319272990548,Boredom,Fear,0.03711797979598742
0.0034344319272990548,Boredom,Happiness,0.11750334031019063
0.0034344319272990548,Boredom,Joy,0.18188673054746718
0.0034344319272990548,Boredom,Pride,0.1040319571152166
0.0034344319272990548,Boredom,Sadness,0.012805697470731615
0.0034344319272990548,Boredom,Shame,0.13683769591308806
0.0034344319272990548,Fear,Boredom,0.005311470108100761
0.0034344319272990548,Fear,Fear,0.6116959895698125
0.0034344319272990548,Fear,Happiness,0.00744652959377816
0.0034344319272990548,Fear,Joy,0.04350126605569285
0.0034344319272990548,Fear,Pride,0.027668195519846155
0.0034344319272990548,Fear,Sadness,0.15007269075944227
0.0034344319272990548,Fear,Shame,0.15430385839332766
0.0034344319272990548,Happiness,Boredom,0.3821802980703826
0.0034344319272990548,Happiness,Fear,0.007055954609091756
0.0034344319272990548,Happiness,Happiness,0.4035939506280304
0.0034344319272990548,Happiness,Joy,0.030937028007798795
0.0034344319272990548,Happiness,Pride,0.09455917382968085
0.0034344319272990548,Happiness,Sadness,0.010033870710653266
0.0034344319272990548,Happiness,Shame,0.07163972414436227
0.0034344319272990548,Joy,Boredom,0.005911413091934065
0.0034344319272990548,Joy,Fear,0.0696351025970691
0.0034344319272990548,Joy,Happiness,0.044557435329341456
0.0034344319272990548,Joy,Joy,0.28169249161071874
0.0034344319272990548,Joy,Pride,0.27664749366270946
0.0034344319272990548,Joy,Sadness,0.04154254420027202
0.0034344319272990548,Joy,Shame,0.28001351950795506
0.0034344319272990548,Pride,Boredom,0.03919402348814274
0.0034344319272990548,Pride,Fear,0.010494995082992184
0.0034344319272990548,Pride,Happiness,0.2673504575514068
0.0034344319272990548,Pride,Joy,0.0780604631338661
0.0034344319272990548,Pride,Pride,0.2778353356533684
0.0034344319272990548,Pride,Sadness,0.04283725364970644
0.0034344319272990548,Pride,Shame,0.28422747144051724
0.0034344319272990548,Sadness,Boredom,0.03485307172095033
0.0034344319272990548,Sadness,Fear,0.5198077347651554
0.0034344319272990548,Sadness,Happiness,0.03189856410604137
0.0034344319272990548,Sadness,Joy,0.06896855584159348
0.0034344319272990548,Sadness,Pride,0.06960693797136223
0.0034344319272990548,Sadness,Sadness,0.06217694515808942
0.0034344319272990548,Sadness,Shame,0.2126881904368077
0.0034344319272990548,Shame,Boredom,0.02655351889560148
0.0034344319272990548,Shame,Fear,0.013456406622564669
0.0034344319272990548,Shame,Happiness,0.15196412787305136
0.0034344319272990548,Shame,Joy,0.16692853028601312
0.0034344319272990548,Shame,Pride,0.26940537827148353
0.0034344319272990548,Shame,Sadness,0.028524083875871374
0.0034344319272990548,Shame,Shame,0.34316795417541446
0.0031061420301537286,Boredom,Boredom,0.41431429847548834
0.0031061420301537286,Boredom,Fear,0.034236955977260834
0.0031061420301537286,Boredom,Happiness,0.19476889418498847
0.0031061420301537286,Boredom,Joy,0.15500306588130586
0.0031061420301537286,Boredom,Pride,0.08149683718276432
0.0031061420301537286,Boredom,Sadness,0.010099133688217306
0.0031061420301537286,Boredom,Shame,0.1100808146099749
0.0031061420301537286,Fear,Boredom,0.006278318716424521
0.0031061420301537286,Fear,Fear,0.5945388901131152
0.0031061420301537286,Fear,Happiness,0.015874993402454837
0.0031061420301537286,Fear,Joy,0.04969723024118192
0.0031061420301537286,Fear,Pride,0.022921872143251438
0.0031061420301537286,Fear,Sadness,0.18475337965376795
0.0031061420301537286,Fear,Shame,0.12593531572980418
0.0031061420301537286,Happiness,Boredom,0.4677741724896694
0.0031061420301537286,Happiness,Fear,0.007442969067245416
0.0031061420301537286,Happiness,Happiness,0.34782740911233734
0.0031061420301537286,Happiness,Joy,0.03221089588720306
0.0031061420301537286,Happiness,Pride,0.07525208515619537
0.0031061420301537286,Happiness,Sadness,0.01001333275053126
0.0031061420301537286,Happiness,Shame,0.059479135536818176
0.0031061420301537286,Joy,Boredom,0.011467136037076366
0.0031061420301537286,Joy,Fear,0.08499858029311097
0.0031061420301537286,Joy,Happiness,0.08521861037721169
0.0031061420301537286,Joy,Joy,0.31641149087186765
0.0031061420301537286,Joy,Pride,0.25793147555986723
0.0031061420301537286,Joy,Sadness,0.0527937936559344
0.0031061420301537286,Joy,Shame,0.19117891320493166
0.0031061420301537286,Pride,Boredom,0.05798133614969086
0.0031061420301537286,Pride,Fear,0.021146584312459693
0.0031061420301537286,Pride,Happiness,0.29632037063094907
0.0031061420301537286,Pride,Joy,0.11526531989625377
0.0031061420301537286,Pride,Pride,0.25782629142483493
0.0031061420301537286,Pride,Sadness,0.052503283271866055
0.0031061420301537286,Pride,Shame,0.1989568143139461
0.0031061420301537286,Sadness,Boredom,0.04520528034240936
0.0031061420301537286,Sadness,Fear,0.5399121934666047
0.0031061420301537286,Sadness,Happiness,0.04579269162964938
0.0031061420301537286,Sadness,Joy,0.07122228664216597
0.0031061420301537286,Sadness,Pride,0.06626650236462285
0.0031061420301537286,Sadness,Sadness,0.0773671014725645
0.0031061420301537286,Sadness,Shame,0.15423394408198327
0.0031061420301537286,Shame,Boredom,0.04095720578215913
0.0031061420301537286,Shame,Fear,0.02613065370656192
0.0031061420301537286,Shame,Happiness,0.21996560597174197
0.0031061420301537286,Shame,Joy,0.19628600820528444
0.0031061420301537286,Shame,Pride,0.24892058565340655
0.0031061420301537286,Shame,Sadness,0.04027196002411296
0.0031061420301537286,Shame,Shame,0.22746798065673293
0.003369590675343823,Boredom,Boredom,0.42141329706139746
0.003369590675343823,Boredom,Fear,0.03660880340012628
0.003369590675343823,Boredom,Happiness,0.13042906456715328
0.003369590675343823,Boredom,Joy,0.18197044495524053
0.003369590675343823,Boredom,Pride,0.09894924031242042
0.003369590675343823,Boredom,Sadness,0.013009911102756493
0.003369590675343823,Boredom,Shame,0.11761923860090541
0.003369590675343823,Fear,Boredom,0.00602906704663465
0.003369590675343823,Fear,Fear,0.5726747853395948
0.003369590675343823,Fear,Happiness,0.01099917781544455
0.003369590675343823,Fear,Joy,0.05034883752916427
0.003369590675343823,Fear,Pride,0.028096107583584648
0.003369590675343823,Fear,Sadness,0.1858927896185377
0.003369590675343823,Fear,Shame,0.14595923506703928
0.003369590675343823,Happiness,Boredom,0.4294758692487094
0.003369590675343823,Happiness,Fear,0.0071640885455419865
0.003369590675343823,Happiness,Happiness,0.36779120303791824
0.003369590675343823,Happiness,Joy,0.029687945701800923
0.003369590675343823,Happiness,Pride,0.08641089873807407
0.003369590675343823,Happiness,Sadness,0.010393919471750869
0.003369590675343823,Happiness,Shame,0.06907607525620427
0.003369590675343823,Joy,Boredom,0.00845575006366125
0.003369590675343823,Joy,Fear,0.07187378426325954
0.003369590675343823,Joy,Happiness,0.0546887081727361
0.003369590675343823,Joy,Joy,0.30627025945397723
0.003369590675343823,Joy,Pride,0.2692775865307322
0.003369590675343823,Joy,Sadness,0.05007934303725264
0.003369590675343823,Joy,Shame,0.23935456847838085
0.003369590675343823,Pride,Boredom,0.047690038777872756
0.003369590675343823,Pride,Fear,0.01598963557815208
0.003369590675343823,Pride,Happiness,0.2824845834344652
0.003369590675343823,Pride,Joy,0.08467011770797207
0.003369590675343823,Pride,Pride,0.27119914265725686
0.003369590675343823,Pride,Sadness,0.050635017749239696
0.003369590675343823,Pride,Shame,0.2473314640950416
0.003369590675343823,Sadness,Boredom,0.0383403941196507
0.003369590675343823,Sadness,Fear,0.5092103889675763
0.003369590675343823,Sadness,Happiness,0.03882947820232038
0.003369590675343823,Sadness,Joy,0.07433990297055008
0.003369590675343823,Sadness,Pride,0.07285833678248095
0.003369590675343823,Sadness,Sadness,0.07660793121434135
0.003369590675343823,Sadness,Shame,0.18981356774308014
0.003369590675343823,Shame,Boredom,0.0336958148699538
0.003369590675343823,Shame,Fear,0.01960256380501837
0.003369590675343823,Shame,Happiness,0.19093623774599344
0.003369590675343823,Shame,Joy,0.17323635732370557
0.003369590675343823,Shame,Pride,0.2576473712436388
0.003369590675343823,Shame,Sadness,0.03619965128144523
0.003369590675343823,Shame,Shame,0.28868200373024505
0.0031430620046145196,Boredom,Boredom,0.43228970997246136
0.0031430620046145196,Boredom,Fear,0.03307443362709331
0.0031430620046145196,Boredom,Happiness,0.1902913236964831
0.0031430620046145196,Boredom,Joy,0.1580570021556277
0.0031430620046145196,Boredom,Pride,0.08109107626882278
0.0031430620046145196,Boredom,Sadness,0.008720869016817841
0.0031430620046145196,Boredom,Shame,0.0964755852626942
0.0031430620046145196,Fear,Boredom,0.005272916322859837
0.0031430620046145196,Fear,Fear,0.6338539434973409
0.0031430620046145196,Fear,Happiness,0.012336550157992674
0.0031430620046145196,Fear,Joy,0.044369548785566336
0.0031430620046145196,Fear,Pride,0.021269058604991314
0.0031430620046145196,Fear,Sadness,0.17025965241926913
0.0031430620046145196,Fear,Shame,0.11263833021197993
0.0031430620046145196,Happiness,Boredom,0.4703422810058833
0.0031430620046145196,Happiness,Fear,0.0060305094629812175
0.0031430620046145196,Happiness,Happiness,0.36178747102380776
0.0031430620046145196,Happiness,Joy,0.02712015530471013
0.0031430620046145196,Happiness,Pride,0.07328598589667977
0.0031430620046145196,Happiness,Sadness,0.008334180263204195
0.0031430620046145196,Happiness,Shame,0.05309941704273379
0.0031430620046145196,Joy,Boredom,0.011149078131487165
0.0031430620046145196,Joy,Fear,0.06520856645560355
0.0031430620046145196,Joy,Happiness,0.08350077312980127
0.0031430620046145196,Joy,Joy,0.3296823848146174
0.0031430620046145196,Joy,Pride,0.26309384356798426
0.0031430620046145196,Joy,Sadness,0.051220135328997884
0.0031430620046145196,Joy,Shame,0.1961452185715085
0.0031430620046145196,Pride,Boredom,0.05508075987942375
0.0031430620046145196,Pride,Fear,0.019475846669160492
0.0031430620046145196,Pride,Happiness,0.30680184081915995
0.0031430620046145196,Pride,Joy,0.10644145286360704
0.0031430620046145196,Pride,Pride,0.2598920104719676
0.0031430620046145196,Pride,Sadness,0.051591185035205336
0.0031430620046145196,Pride,Shame,0.2007169042614761
0.0031430620046145196,Sadness,Boredom,0.03819584252380365
0.0031430620046145196,Sadness,Fear,0.5774867481391606
0.0031430620046145196,Sadness,Happiness,0.043467402420017016
0.0031430620046145196,Sadness,Joy,0.0659860841701345
0.0031430620046145196,Sadness,Pride,0.06035422778391332
0.0031430620046145196,Sadness,Sadness,0.06822747020794656
0.0031430620046145196,Sadness,Shame,0.14628222475502478
0.0031430620046145196,Shame,Boredom,0.040717778300459265
0.0031430620046145196,Shame,Fear,0.02439153940594038
0.0031430620046145196,Shame,Happiness,0.2177646525138002
0.0031430620046145196,Shame,Joy,0.18834832313655736
0.0031430620046145196,Shame,Pride,0.24874965846556218
0.0031430620046145196,Shame,Sadness,0.03784429260706389
0.0031430620046145196,Shame,Shame,0.24218375557061667
0.0030645287814402822,Boredom,Boredom,0.39062685633163174
0.0030645287814402822,Boredom,Fear,0.034039362698930674
0.0030645287814402822,Boredom,Happiness,0.17661577497892292
0.0030645287814402822,Boredom,Joy,0.1613824907355265
0.0030645287814402822,Boredom,Pride,0.08642489827728948
0.0030645287814402822,Boredom,Sadness,0.010863507733558776
0.0030645287814402822,Boredom,Shame,0.14004710924413988
0.0030645287814402822,Fear,Boredom,0.006824254805785473
0.0030645287814402822,Fear,Fear,0.5719763933171539
0.0030645287814402822,Fear,Happiness,0.01519568171142166
0.0030645287814402822,Fear,Joy,0.05205174516354952
0.0030645287814402822,Fear,Pride,0.024979619184206454
0.0030645287814402822,Fear,Sadness,0.1886869761978955
0.0030645287814402822,Fear,Shame,0.1402853296199874
0.0030645287814402822,Happiness,Boredom,0.44784178716736533
0.0030645287814402822,Happiness,Fear,0.007516613726950783
0.0030645287814402822,Happiness,Happiness,0.3516528905770705
0.0030645287814402822,Happiness,Joy,0.03409904144293872
0.0030645287814402822,Happiness,Pride,0.07969989030040033
0.0030645287814402822,Happiness,Sadness,0.010683272815980154
0.0030645287814402822,Happiness,Shame,0.06850650396929382
0.0030645287814402822,Joy,Boredom,0.010275479053782512
0.0030645287814402822,Joy,Fear,0.07551632086121554
0.0030645287814402822,Joy,Happiness,0.07351146837773634
0.0030645287814402822,Joy,Joy,0.3166003725248036
0.0030645287814402822,Joy,Pride,0.2631997770814068
0.0030645287814402822,Joy,Sadness,0.05140405193935423
0.0030645287814402822,Joy,Shame,0.2094925301617006
0.0030645287814402822,Pride,Boredom,0.05754226984635565
0.0030645287814402822,Pride,Fear,0.018210509239006058
0.0030645287814402822,Pride,Happiness,0.285090679606221
0.0030645287814402822,Pride,Joy,0.11503638091143656
0.0030645287814402822,Pride,Pride,0.2578728005855151
0.0030645287814402822,Pride,Sadness,0.05086042479810521
0.0030645287814402822,Pride,Shame,0.21538693501336045
0.0030645287814402822,Sadness,Boredom,0.04807745246914505
0.0030645287814402822,Sadness,Fear,0.5113398414795642
0.0030645287814402822,Sadness,Happiness,0.04396778719336226
0.0030645287814402822,Sadness,Joy,0.07581712088861209
0.0030645287814402822,Sadness,Pride,0.07084337650340271
0.0030645287814402822,Sadness,Sadness,0.07794149966914388
0.0030645287814402822,Sadness,Shame,0.17201292179677025
0.0030645287814402822,Shame,Boredom,0.03818912436922193
0.0030645287814402822,Shame,Fear,0.02264895261555118
0.0030645287814402822,Shame,Happiness,0.20019033453789895
0.0030645287814402822,Shame,Joy,0.20284455501462342
0.0030645287814402822,Shame,Pride,0.2501854239603898
0.0030645287814402822,Shame,Sadness,0.038722182940954225
0.0030645287814402822,Shame,Shame,0.2472194265613603
0.0033712887645252175,Boredom,Boredom,0.42047686439381854
0.0033712887645252175,Boredom,Fear,0.03639559991244134
0.0033712887645252175,Boredom,Happiness,0.13263233150655895
0.0033712887645252175,Boredom,Joy,0.18214687236692054
0.0033712887645252175,Boredom,Pride,0.09731388191497388
0.0033712887645252175,Boredom,Sadness,0.0130392757309106
0.0033712887645252175,Boredom,Shame,0.11799517417437626
0.0033712887645252175,Fear,Boredom,0.005881860897102939
0.0033712887645252175,Fear,Fear,0.5767953040584737
0.0033712887645252175,Fear,Happiness,0.010965604197883278
0.0033712887645252175,Fear,Joy,0.0498325018796446
0.0033712887645252175,Fear,Pride,0.027933798202410133
0.0033712887645252175,Fear,Sadness,0.1851682702287861
0.0033712887645252175,Fear,Shame,0.1434226605356996
0.0033712887645252175,Happiness,Boredom,0.42948880843725484
0.0033712887645252175,Happiness,Fear,0.007157543315031706
0.0033712887645252175,Happiness,Happiness,0.3672163114299823
0.0033712887645252175,Happiness,Joy,0.02987696021546044
0.0033712887645252175,Happiness,Pride,0.0859906583257054
0.0033712887645252175,Happiness,Sadness,0.010553042556942354
0.0033712887645252175,Happiness,Shame,0.06971667571962278
0.0033712887645252175,Joy,Boredom,0.008470740197389717
0.0033712887645252175,Joy,Fear,0.07156652107399852
0.0033712887645252175,Joy,Happiness,0.055746088954142174
0.0033712887645252175,Joy,Joy,0.30562695220608177
0.0033712887645252175,Joy,Pride,0.2686506489877103
0.0033712887645252175,Joy,Sadness,0.050088507865574
0.0033712887645252175,Joy,Shame,0.23985054071510348
0.0033712887645252175,Pride,Boredom,0.04798918199272071
0.0033712887645252175,Pride,Fear,0.01547838646247587
0.0033712887645252175,Pride,Happiness,0.28268455695181766
0.0033712887645252175,Pride,Joy,0.0848738331023922
0.0033712887645252175,Pride,Pride,0.27110249082522625
0.0033712887645252175,Pride,Sadness,0.050424944416666125
0.0033712887645252175,Pride,Shame,0.24744660624870152
0.0033712887645252175,Sadness,Boredom,0.038111015101368995
0.0033712887645252175,Sadness,Fear,0.5114423502729013
0.0033712887645252175,Sadness,Happiness,0.039457509875150225
0.0033712887645252175,Sadness,Joy,0.07401982919002723
0.0033712887645252175,Sadness,Pride,0.07290277007540197
0.0033712887645252175,Sadness,Sadness,0.07537746504965984
0.0033712887645252175,Sadness,Shame,0.18868906043549055
0.0033712887645252175,Shame,Boredom,0.033741003866298774
0.0033712887645252175,Shame,Fear,0.01878198368216062
0.0033712887645252175,Shame,Happiness,0.19045635351953322
0.0033712887645252175,Shame,Joy,0.17621433544756912
0.0033712887645252175,Shame,Pride,0.25704959687948786
0.0033712887645252175,Shame,Sadness,0.03574834211141455
0.0033712887645252175,Shame,Shame,0.2880083844935359
0.0031378444789801263,Boredom,Boredom,0.36008945424081323
0.0031378444789801263,Boredom,Fear,0.03547213700997061
0.0031378444789801263,Boredom,Happiness,0.17024873112141475
0.0031378444789801263,Boredom,Joy,0.16810609314322011
0.0031378444789801263,Boredom,Pride,0.09197832587789732
0.0031378444789801263,Boredom,Sadness,0.014059336066255118
0.0031378444789801263,Boredom,Shame,0.1600459225404291
0.0031378444789801263,Fear,Boredom,0.00925692251269245
0.0031378444789801263,Fear,Fear,0.47570269420033473
0.0031378444789801263,Fear,Happiness,0.020886282482495605
0.0031378444789801263,Fear,Joy,0.06507566611209897
0.0031378444789801263,Fear,Pride,0.03189512342972854
0.0031378444789801263,Fear,Sadness,0.22698850781337435
0.0031378444789801263,Fear,Shame,0.17019480344927523
0.0031378444789801263,Happiness,Boredom,0.43664592394276924
0.0031378444789801263,Happiness,Fear,0.00999128093585409
0.0031378444789801263,Happiness,Happiness,0.3247470140547435
0.0031378444789801263,Happiness,Joy,0.0465327110069214
0.0031378444789801263,Happiness,Pride,0.08467249615635715
0.0031378444789801263,Happiness,Sadness,0.013582315380579912
0.0031378444789801263,Happiness,Shame,0.08382825852277487
0.0031378444789801263,Joy,Boredom,0.01062192712225347
0.0031378444789801263,Joy,Fear,0.07060925894091691
0.0031378444789801263,Joy,Happiness,0.07313240013144572
0.0031378444789801263,Joy,Joy,0.3125158578692831
0.0031378444789801263,Joy,Pride,0.2640485431149358
0.0031378444789801263,Joy,Sadness,0.05404122145059806
0.0031378444789801263,Joy,Shame,0.21503079137056708
0.0031378444789801263,Pride,Boredom,0.057955839941114
0.0031378444789801263,Pride,Fear,0.019769226837216644
0.0031378444789801263,Pride,Happiness,0.2601007526042055
0.0031378444789801263,Pride,Joy,0.13334691930760745
0.0031378444789801263,Pride,Pride,0.2564757710117543
0.0031378444789801263,Pride,Sadness,0.05282647812935129
0.0031378444789801263,Pride,Shame,0.2195250121687515
0.0031378444789801263,Sadness,Boredom,0.053591453649973766
0.0031378444789801263,Sadness,Fear,0.4273269391410163
0.0031378444789801263,Sadness,Happiness,0.04940536609037537
0.0031378444789801263,Sadness,Joy,0.08968849498497088
0.0031378444789801263,Sadness,Pride,0.0862547869169428
0.0031378444789801263,Sadness,Sadness,0.09842651837420201
0.0031378444789801263,Sadness,Shame,0.19530644084251883
0.0031378444789801263,Shame,Boredom,0.03878920146114766
0.0031378444789801263,Shame,Fear,0.023959092122671836
0.0031378444789801263,Shame,Happiness,0.1867473829070853
0.0031378444789801263,Shame,Joy,0.22148439218547403
0.0031378444789801263,Shame,Pride,0.24993418073287088
0.0031378444789801263,Shame,Sadness,0.041678008623934545
0.0031378444789801263,Shame,Shame,0.23740774196681563
0.003145180009293985,Boredom,Boredom,0.4352319191262219
0.003145180009293985,Boredom,Fear,0.03340025133805151
0.003145180009293985,Boredom,Happiness,0.19032141645686831
0.003145180009293985,Boredom,Joy,0.1587047752962797
0.003145180009293985,Boredom,Pride,0.08090770495943608
0.003145180009293985,Boredom,Sadness,0.008690961162292721
0.003145180009293985,Boredom,Shame,0.09274297166085002
0.003145180009293985,Fear,Boredom,0.0052432795448445315
0.003145180009293985,Fear,Fear,0.6410869020823953
0.003145180009293985,Fear,Happiness,0.01163998333342288
0.003145180009293985,Fear,Joy,0.04340465625709204
0.003145180009293985,Fear,Pride,0.02031609042756912
0.003145180009293985,Fear,Sadness,0.16894901084452346
0.003145180009293985,Fear,Shame,0.10936007751015263
0.003145180009293985,Happiness,Boredom,0.47043664225064274
0.003145180009293985,Happiness,Fear,0.005886045079976517
0.003145180009293985,Happiness,Happiness,0.3634307764282194
0.003145180009293985,Happiness,Joy,0.026310956975387743
0.003145180009293985,Happiness,Pride,0.07282083913225068
0.003145180009293985,Happiness,Sadness,0.008216150251128665
0.003145180009293985,Happiness,Shame,0.05289858988239422
0.003145180009293985,Joy,Boredom,0.010849555204208213
0.003145180009293985,Joy,Fear,0.0713586492328217
0.003145180009293985,Joy,Happiness,0.0830624775714679
0.003145180009293985,Joy,Joy,0.3279217988727656
0.003145180009293985,Joy,Pride,0.26112640169700707
0.003145180009293985,Joy,Sadness,0.051185253691914234
0.003145180009293985,Joy,Shame,0.19449586372981525
0.003145180009293985,Pride,Boredom,0.05437371486099702
0.003145180009293985,Pride,Fear,0.01932788020084259
0.003145180009293985,Pride,Happiness,0.30851923990311747
0.003145180009293985,Pride,Joy,0.10452058998898901
0.003145180009293985,Pride,Pride,0.26031645150298627
0.003145180009293985,Pride,Sadness,0.051764031749646104
0.003145180009293985,Pride,Shame,0.20117809179342147
0.003145180009293985,Sadness,Boredom,0.03794369430582329
0.003145180009293985,Sadness,Fear,0.582134364655798
0.003145180009293985,Sadness,Happiness,0.04319657912399699
0.003145180009293985,Sadness,Joy,0.06464979695022084
0.003145180009293985,Sadness,Pride,0.059395473173563154
0.003145180009293985,Sadness,Sadness,0.06963367570940111
0.003145180009293985,Sadness,Shame,0.14304641608119636
0.003145180009293985,Shame,Boredom,0.04039089722464317
0.003145180009293985,Shame,Fear,0.024126979531285595
0.003145180009293985,Shame,Happiness,0.21885156124790278
0.003145180009293985,Shame,Joy,0.18653639894626586
0.003145180009293985,Shame,Pride,0.24912149159103517
0.003145180009293985,Shame,Sadness,0.03775040285943176
0.003145180009293985,Shame,Shame,0.24322226859943577
0.003003610470200636,Boredom,Boredom,0.40639713324374815
0.003003610470200636,Boredom,Fear,0.03284231482645303
0.003003610470200636,Boredom,Happiness,0.19727756515662687
0.003003610470200636,Boredom,Joy,0.15244991725321388
0.003003610470200636,Boredom,Pride,0.08082570776758514
0.003003610470200636,Boredom,Sadness,0.00985813931680099
0.003003610470200636,Boredom,Shame,0.12034922243557228
0.003003610470200636,Fear,Boredom,0.0067223759158121
0.003003610470200636,Fear,Fear,0.592629054548976
0.003003610470200636,Fear,Happiness,0.01619855789736758
0.003003610470200636,Fear,Joy,0.04913591722073426
0.003003610470200636,Fear,Pride,0.022980769150267973
0.003003610470200636,Fear,Sadness,0.1888749184409203
0.003003610470200636,Fear,Shame,0.12345840682592193
0.003003610470200636,Happiness,Boredom,0.46546016308814914
0.003003610470200636,Happiness,Fear,0.007060451652623731
0.003003610470200636,Happiness,Happiness,0.34736488238743163
0.003003610470200636,Happiness,Joy,0.03419354637393302
0.003003610470200636,Happiness,Pride,0.07466095054731975
0.003003610470200636,Happiness,Sadness,0.009681953474167237
0.003003610470200636,Happiness,Shame,0.06157805247637559
0.003003610470200636,Joy,Boredom,0.01223180842158262
0.003003610470200636,Joy,Fear,0.07093006071095036
0.003003610470200636,Joy,Happiness,0.09401092053967691
0.003003610470200636,Joy,Joy,0.31499942265430164
0.003003610470200636,Joy,Pride,0.26208377517401804
0.003003610470200636,Joy,Sadness,0.05337306401600448
0.003003610470200636,Joy,Shame,0.192370948483466
0.003003610470200636,Pride,Boredom,0.0671322801241883
0.003003610470200636,Pride,Fear,0.02001938542741269
0.003003610470200636,Pride,Happiness,0.2933973923562485
0.003003610470200636,Pride,Joy,0.11848452257111504
0.003003610470200636,Pride,Pride,0.2531174418663127
0.003003610470200636,Pride,Sadness,0.05148126422520318
0.003003610470200636,Pride,Shame,0.1963677134295191
0.003003610470200636,Sadness,Boredom,0.0502178208029629
0.003003610470200636,Sadness,Fear,0.5382109259666139
0.003003610470200636,Sadness,Happiness,0.049446184781146096
0.003003610470200636,Sadness,Joy,0.07206914102331967
0.003003610470200636,Sadness,Pride,0.0659814181162673
0.003003610470200636,Sadness,Sadness,0.07157315353531847
0.003003610470200636,Sadness,Shame,0.15250135577437127
0.003003610470200636,Shame,Boredom,0.04376009638642058
0.003003610470200636,Shame,Fear,0.0250065044863994
0.003003610470200636,Shame,Happiness,0.21962256542803404
0.003003610470200636,Shame,Joy,0.19703682411798518
0.003003610470200636,Shame,Pride,0.24774363015762024
0.003003610470200636,Shame,Sadness,0.03861272471050145
0.003003610470200636,Shame,Shame,0.2282176547130391
