C,Story,Emotion,Val
0.0030601171171505278,Boredom,Boredom,0.40856968636678803
0.0030601171171505278,Boredom,Fear,0.03320208719542077
0.0030601171171505278,Boredom,Happiness,0.17222469983604358
0.0030601171171505278,Boredom,Joy,0.16213598311877592
0.0030601171171505278,Boredom,Pride,0.08510083166886079
0.0030601171171505278,Boredom,Sadness,0.009427203580297151
0.0030601171171505278,Boredom,Shame,0.12933950823381332
0.0030601171171505278,Fear,Boredom,0.005801858812291261
0.0030601171171505278,Fear,Fear,0.5988202822046783
0.0030601171171505278,Fear,Happiness,0.012454821111607468
0.0030601171171505278,Fear,Joy,0.0483996827853266
0.0030601171171505278,Fear,Pride,0.024048394180729498
0.0030601171171505278,Fear,Sadness,0.17695570982644568
0.0030601171171505278,Fear,Shame,0.13351925107892124
0.0030601171171505278,Happiness,Boredom,0.45274832377882845
0.0030601171171505278,Happiness,Fear,0.0061954562194891215
0.0030601171171505278,Happiness,Happiness,0.36835630655418994
0.0030601171171505278,Happiness,Joy,0.028295271830674765
0.0030601171171505278,Happiness,Pride,0.07682098539767847
0.0030601171171505278,Happiness,Sadness,0.008820477095822697
0.0030601171171505278,Happiness,Shame,0.05876317912331692
0.0030601171171505278,Joy,Boredom,0.009708170738236729
0.0030601171171505278,Joy,Fear,0.06598974110985557
0.0030601171171505278,Joy,Happiness,0.07411602714182368
0.0030601171171505278,Joy,Joy,0.3152969440284659
0.0030601171171505278,Joy,Pride,0.2650268191826938
0.0030601171171505278,Joy,Sadness,0.050591457855391236
0.0030601171171505278,Joy,Shame,0.219270839943533
0.0030601171171505278,Pride,Boredom,0.054032939345873
0.0030601171171505278,Pride,Fear,0.01584842104613344
0.0030601171171505278,Pride,Happiness,0.2912783742224819
0.0030601171171505278,Pride,Joy,0.10736670637596317
0.0030601171171505278,Pride,Pride,0.2604196139040763
0.0030601171171505278,Pride,Sadness,0.04813272780586572
0.0030601171171505278,Pride,Shame,0.2229212172996063
0.0030601171171505278,Sadness,Boredom,0.04154993942469092
0.0030601171171505278,Sadness,Fear,0.5325252464625749
0.0030601171171505278,Sadness,Happiness,0.04241768761873882
0.0030601171171505278,Sadness,Joy,0.07215249893053523
0.0030601171171505278,Sadness,Pride,0.06736782033872413
0.0030601171171505278,Sadness,Sadness,0.07205407509963024
0.0030601171171505278,Sadness,Shame,0.1719327321251063
0.0030601171171505278,Shame,Boredom,0.036163210418004035
0.0030601171171505278,Shame,Fear,0.019687956187022945
0.0030601171171505278,Shame,Happiness,0.19590902393693838
0.0030601171171505278,Shame,Joy,0.19681280061756445
0.0030601171171505278,Shame,Pride,0.2519288470964546
0.0030601171171505278,Shame,Sadness,0.03378305173770534
0.0030601171171505278,Shame,Shame,0.2657151100063099
0.0031479871129434333,Boredom,Boredom,0.42222246387075163
0.0031479871129434333,Boredom,Fear,0.034159008418016855
0.0031479871129434333,Boredom,Happiness,0.19511998185223167
0.0031479871129434333,Boredom,Joy,0.15815358039084126
0.0031479871129434333,Boredom,Pride,0.08161412691614749
0.0031479871129434333,Boredom,Sadness,0.009883492476655707
0.0031479871129434333,Boredom,Shame,0.09884734607535549
0.0031479871129434333,Fear,Boredom,0.005884388500281196
0.0031479871129434333,Fear,Fear,0.6089057627536651
0.0031479871129434333,Fear,Happiness,0.014759775386721253
0.0031479871129434333,Fear,Joy,0.04773583499867835
0.0031479871129434333,Fear,Pride,0.021976386277783894
0.0031479871129434333,Fear,Sadness,0.18051866474527506
0.0031479871129434333,Fear,Shame,0.12021918733759464
0.0031479871129434333,Happiness,Boredom,0.4724505610840249
0.0031479871129434333,Happiness,Fear,0.006939350159054958
0.0031479871129434333,Happiness,Happiness,0.3523829437269018
0.0031479871129434333,Happiness,Joy,0.02926091338734523
0.0031479871129434333,Happiness,Pride,0.07350287123892506
0.0031479871129434333,Happiness,Sadness,0.009430087265456103
0.0031479871129434333,Happiness,Shame,0.05603327313829174
0.0031479871129434333,Joy,Boredom,0.012019604798556212
0.0031479871129434333,Joy,Fear,0.06863121629368957
0.0031479871129434333,Joy,Happiness,0.08926797610523246
0.0031479871129434333,Joy,Joy,0.32151399099265854
0.0031479871129434333,Joy,Pride,0.26242258493799425
0.0031479871129434333,Joy,Sadness,0.05423031995961966
0.0031479871129434333,Joy,Shame,0.19191430691224928
0.0031479871129434333,Pride,Boredom,0.05732654732818909
0.0031479871129434333,Pride,Fear,0.020632216432202803
0.0031479871129434333,Pride,Happiness,0.2992323384377522
0.0031479871129434333,Pride,Joy,0.11337039813737905
0.0031479871129434333,Pride,Pride,0.2582608168082663
0.0031479871129434333,Pride,Sadness,0.05208816601573774
0.0031479871129434333,Pride,Shame,0.19908951684047274
0.0031479871129434333,Sadness,Boredom,0.04142080536594693
0.0031479871129434333,Sadness,Fear,0.5558519433097481
0.0031479871129434333,Sadness,Happiness,0.04525890524547575
0.0031479871129434333,Sadness,Joy,0.06923814476410853
0.0031479871129434333,Sadness,Pride,0.06390064065407577
0.0031479871129434333,Sadness,Sadness,0.07425697585948786
0.0031479871129434333,Sadness,Shame,0.15007258480115707
0.0031479871129434333,Shame,Boredom,0.041035576310576395
0.0031479871129434333,Shame,Fear,0.025321374804383328
0.0031479871129434333,Shame,Happiness,0.22105991162466956
0.0031479871129434333,Shame,Joy,0.1963062345031564
0.0031479871129434333,Shame,Pride,0.24868759397418838
0.0031479871129434333,Shame,Sadness,0.038846473202124775
0.0031479871129434333,Shame,Shame,0.22874283558090114
0.003382140137183817,Boredom,Boredom,0.4247415871214631
0.003382140137183817,Boredom,Fear,0.037533744260950734
0.003382140137183817,Boredom,Happiness,0.13675293895546434
0.003382140137183817,Boredom,Joy,0.1826300074186438
0.003382140137183817,Boredom,Pride,0.09719639082215208
0.003382140137183817,Boredom,Sadness,0.013800775082930754
0.003382140137183817,Boredom,Shame,0.10734455633839457
0.003382140137183817,Fear,Boredom,0.006207993523259188
0.003382140137183817,Fear,Fear,0.5642816734453318
0.003382140137183817,Fear,Happiness,0.011660438836056225
0.003382140137183817,Fear,Joy,0.05145789231193916
0.003382140137183817,Fear,Pride,0.02873517165352909
0.003382140137183817,Fear,Sadness,0.19020767056379345
0.003382140137183817,Fear,Shame,0.14744915966609107
0.003382140137183817,Happiness,Boredom,0.43693249071409995
0.003382140137183817,Happiness,Fear,0.0073273621963478785
0.003382140137183817,Happiness,Happiness,0.3652740600102893
0.003382140137183817,Happiness,Joy,0.028872369212918754
0.003382140137183817,Happiness,Pride,0.08332787454236817
0.003382140137183817,Happiness,Sadness,0.010738535602357243
0.003382140137183817,Happiness,Shame,0.06752730772161872
0.003382140137183817,Joy,Boredom,0.009139428394203364
0.003382140137183817,Joy,Fear,0.06966071876976879
0.003382140137183817,Joy,Happiness,0.05912829613698568
0.003382140137183817,Joy,Joy,0.3075030543663379
0.003382140137183817,Joy,Pride,0.2686732005421489
0.003382140137183817,Joy,Sadness,0.05322332392598237
0.003382140137183817,Joy,Shame,0.23267197786457278
0.003382140137183817,Pride,Boredom,0.050090971758362586
0.003382140137183817,Pride,Fear,0.016849900762653504
0.003382140137183817,Pride,Happiness,0.2834898837523462
0.003382140137183817,Pride,Joy,0.08634066677065588
0.003382140137183817,Pride,Pride,0.27049478900534085
0.003382140137183817,Pride,Sadness,0.05055547859662204
0.003382140137183817,Pride,Shame,0.2421783093540188
0.003382140137183817,Sadness,Boredom,0.03924144531638714
0.003382140137183817,Sadness,Fear,0.5057837124043002
0.003382140137183817,Sadness,Happiness,0.040811896417998476
0.003382140137183817,Sadness,Joy,0.07534040519895416
0.003382140137183817,Sadness,Pride,0.07370967230519386
0.003382140137183817,Sadness,Sadness,0.07724339212395324
0.003382140137183817,Sadness,Shame,0.18786947623321268
0.003382140137183817,Shame,Boredom,0.03476746787154728
0.003382140137183817,Shame,Fear,0.020091835708427302
0.003382140137183817,Shame,Happiness,0.1920272444043283
0.003382140137183817,Shame,Joy,0.18425280581128511
0.003382140137183817,Shame,Pride,0.2558898777301073
0.003382140137183817,Shame,Sadness,0.03625438572730326
0.003382140137183817,Shame,Shame,0.2767163827470011
0.0032274321254290783,Boredom,Boredom,0.40105710104573583
0.0032274321254290783,Boredom,Fear,0.0359978120812233
0.0032274321254290783,Boredom,Happiness,0.16349052653602453
0.0032274321254290783,Boredom,Joy,0.17156919468198403
0.0032274321254290783,Boredom,Pride,0.09135578652379008
0.0032274321254290783,Boredom,Sadness,0.012984785416872226
0.0032274321254290783,Boredom,Shame,0.12354479371437016
0.0032274321254290783,Fear,Boredom,0.007469578655841254
0.0032274321254290783,Fear,Fear,0.5057940754817921
0.0032274321254290783,Fear,Happiness,0.016968820647626896
0.0032274321254290783,Fear,Joy,0.0606778062811501
0.0032274321254290783,Fear,Pride,0.030996956698473677
0.0032274321254290783,Fear,Sadness,0.21160621629287793
0.0032274321254290783,Fear,Shame,0.1664865459422378
0.0032274321254290783,Happiness,Boredom,0.44023732557529127
0.0032274321254290783,Happiness,Fear,0.00890130097639316
0.0032274321254290783,Happiness,Happiness,0.3467020840324224
0.0032274321254290783,Happiness,Joy,0.03601554100180864
0.0032274321254290783,Happiness,Pride,0.08385167296956784
0.0032274321254290783,Happiness,Sadness,0.012265785714749698
0.0032274321254290783,Happiness,Shame,0.07202628972976653
0.0032274321254290783,Joy,Boredom,0.00990741707044154
0.0032274321254290783,Joy,Fear,0.06717802740556712
0.0032274321254290783,Joy,Happiness,0.06930841994484836
0.0032274321254290783,Joy,Joy,0.3107011270041643
0.0032274321254290783,Joy,Pride,0.26614461433588155
0.0032274321254290783,Joy,Sadness,0.05423467114438061
0.0032274321254290783,Joy,Shame,0.22252572309471652
0.0032274321254290783,Pride,Boredom,0.049390903681368156
0.0032274321254290783,Pride,Fear,0.01845190172637546
0.0032274321254290783,Pride,Happiness,0.2705873245743203
0.0032274321254290783,Pride,Joy,0.11882106797934966
0.0032274321254290783,Pride,Pride,0.2626153722641741
0.0032274321254290783,Pride,Sadness,0.05119952921469758
0.0032274321254290783,Pride,Shame,0.22893390055971483
0.0032274321254290783,Sadness,Boredom,0.042087311784662816
0.0032274321254290783,Sadness,Fear,0.45832621949037383
0.0032274321254290783,Sadness,Happiness,0.04636724513107897
0.0032274321254290783,Sadness,Joy,0.08558733031396933
0.0032274321254290783,Sadness,Pride,0.0821331213878845
0.0032274321254290783,Sadness,Sadness,0.08773928521420236
0.0032274321254290783,Sadness,Shame,0.19775948667782836
0.0032274321254290783,Shame,Boredom,0.035827695863460095
0.0032274321254290783,Shame,Fear,0.022425990971569953
0.0032274321254290783,Shame,Happiness,0.1825034444128749
0.0032274321254290783,Shame,Joy,0.2138759847951733
0.0032274321254290783,Shame,Pride,0.25232260490850267
0.0032274321254290783,Shame,Sadness,0.03941723097342178
0.0032274321254290783,Shame,Shame,0.25362704807499736
0.003330140301878548,Boredom,Boredom,0.43188990666099203
0.003330140301878548,Boredom,Fear,0.03464657562277714
0.003330140301878548,Boredom,Happiness,0.17805163280319036
0.003330140301878548,Boredom,Joy,0.17208079929317305
0.003330140301878548,Boredom,Pride,0.08431979840880602
0.003330140301878548,Boredom,Sadness,0.009086397588101919
0.003330140301878548,Boredom,Shame,0.08992488962295936
0.003330140301878548,Fear,Boredom,0.004580175005793905
0.003330140301878548,Fear,Fear,0.6743863212880078
0.003330140301878548,Fear,Happiness,0.009332480770149068
0.003330140301878548,Fear,Joy,0.038645001913426354
0.003330140301878548,Fear,Pride,0.018529053927096657
0.003330140301878548,Fear,Sadness,0.1554928109862867
0.003330140301878548,Fear,Shame,0.0990341561092397
0.003330140301878548,Happiness,Boredom,0.47540539681568766
0.003330140301878548,Happiness,Fear,0.005631900767770405
0.003330140301878548,Happiness,Happiness,0.36514178489290816
0.003330140301878548,Happiness,Joy,0.023384586390803028
0.003330140301878548,Happiness,Pride,0.07163401958776708
0.003330140301878548,Happiness,Sadness,0.00800821981224803
0.003330140301878548,Happiness,Shame,0.050794091732815544
0.003330140301878548,Joy,Boredom,0.010718451783291292
0.003330140301878548,Joy,Fear,0.07404005417894921
0.003330140301878548,Joy,Happiness,0.07238409266361126
0.003330140301878548,Joy,Joy,0.333947609779335
0.003330140301878548,Joy,Pride,0.2615372344948054
0.003330140301878548,Joy,Sadness,0.052754429890714306
0.003330140301878548,Joy,Shame,0.1946181272092934
0.003330140301878548,Pride,Boredom,0.05654862507830012
0.003330140301878548,Pride,Fear,0.019175320340274936
0.003330140301878548,Pride,Happiness,0.3110457070149921
0.003330140301878548,Pride,Joy,0.09575321884203354
0.003330140301878548,Pride,Pride,0.2614725169298169
0.003330140301878548,Pride,Sadness,0.05225525391140235
0.003330140301878548,Pride,Shame,0.20374935788317974
0.003330140301878548,Sadness,Boredom,0.03533818531649628
0.003330140301878548,Sadness,Fear,0.614824609726343
0.003330140301878548,Sadness,Happiness,0.03716420505395206
0.003330140301878548,Sadness,Joy,0.05891493653326074
0.003330140301878548,Sadness,Pride,0.054497842283222256
0.003330140301878548,Sadness,Sadness,0.0649941944203859
0.003330140301878548,Sadness,Shame,0.13426602666634002
0.003330140301878548,Shame,Boredom,0.0398594035097196
0.003330140301878548,Shame,Fear,0.023589253187468566
0.003330140301878548,Shame,Happiness,0.22106837407764776
0.003330140301878548,Shame,Joy,0.18462562278299102
0.003330140301878548,Shame,Pride,0.24900581216379364
0.003330140301878548,Shame,Sadness,0.037383183857045504
0.003330140301878548,Shame,Shame,0.24446835042133408
0.003281614800849294,Boredom,Boredom,0.4016760080800567
0.003281614800849294,Boredom,Fear,0.03554497733891927
0.003281614800849294,Boredom,Happiness,0.1566529288222652
0.003281614800849294,Boredom,Joy,0.1737746274594898
0.003281614800849294,Boredom,Pride,0.09213791524873213
0.003281614800849294,Boredom,Sadness,0.012092613003207905
0.003281614800849294,Boredom,Shame,0.12812093004732897
0.003281614800849294,Fear,Boredom,0.007056231814340407
0.003281614800849294,Fear,Fear,0.5320738867358372
0.003281614800849294,Fear,Happiness,0.014515210230579553
0.003281614800849294,Fear,Joy,0.056520338494638674
0.003281614800849294,Fear,Pride,0.02954414582296404
0.003281614800849294,Fear,Sadness,0.20126602280866968
0.003281614800849294,Fear,Shame,0.15902416409296977
0.003281614800849294,Happiness,Boredom,0.43827454448088354
0.003281614800849294,Happiness,Fear,0.007952602355268821
0.003281614800849294,Happiness,Happiness,0.35531420653922735
0.003281614800849294,Happiness,Joy,0.032349369187961996
0.003281614800849294,Happiness,Pride,0.08384719262825609
0.003281614800849294,Happiness,Sadness,0.01134612434684001
0.003281614800849294,Happiness,Shame,0.07091596046156233
0.003281614800849294,Joy,Boredom,0.009074502974915324
0.003281614800849294,Joy,Fear,0.0709610521376353
0.003281614800849294,Joy,Happiness,0.06598863503811572
0.003281614800849294,Joy,Joy,0.30615976963755154
0.003281614800849294,Joy,Pride,0.264464814374798
0.003281614800849294,Joy,Sadness,0.05256296332535146
0.003281614800849294,Joy,Shame,0.2307882625116323
0.003281614800849294,Pride,Boredom,0.049402170762359476
0.003281614800849294,Pride,Fear,0.01637571574383165
0.003281614800849294,Pride,Happiness,0.274543609772827
0.003281614800849294,Pride,Joy,0.10800614203540387
0.003281614800849294,Pride,Pride,0.2638836417435613
0.003281614800849294,Pride,Sadness,0.049357653780700644
0.003281614800849294,Pride,Shame,0.23843106616131582
0.003281614800849294,Sadness,Boredom,0.043253655768075945
0.003281614800849294,Sadness,Fear,0.4734185160479383
0.003281614800849294,Sadness,Happiness,0.044612279714460454
0.003281614800849294,Sadness,Joy,0.08186688112660342
0.003281614800849294,Sadness,Pride,0.07808315550327695
0.003281614800849294,Sadness,Sadness,0.08236054584721561
0.003281614800849294,Sadness,Shame,0.19640496599242951
0.003281614800849294,Shame,Boredom,0.034301164177849744
0.003281614800849294,Shame,Fear,0.019802619480408255
0.003281614800849294,Shame,Happiness,0.17983250549935376
0.003281614800849294,Shame,Joy,0.20758276559858982
0.003281614800849294,Shame,Pride,0.25292108291529214
0.003281614800849294,Shame,Sadness,0.0363118618386178
0.003281614800849294,Shame,Shame,0.2692480004898881
0.0031099904479344725,Boredom,Boredom,0.3409164135120307
0.0031099904479344725,Boredom,Fear,0.036306871860229864
0.0031099904479344725,Boredom,Happiness,0.1742267597087418
0.0031099904479344725,Boredom,Joy,0.16882336504756826
0.0031099904479344725,Boredom,Pride,0.09417162529718359
0.0031099904479344725,Boredom,Sadness,0.015309573673085145
0.0031099904479344725,Boredom,Shame,0.1702453909011609
0.0031099904479344725,Fear,Boredom,0.011446721237860228
0.0031099904479344725,Fear,Fear,0.4594267290535627
0.0031099904479344725,Fear,Happiness,0.022775816753207213
0.0031099904479344725,Fear,Joy,0.06734619651419206
0.0031099904479344725,Fear,Pride,0.03312742468532522
0.0031099904479344725,Fear,Sadness,0.23387269430049454
0.0031099904479344725,Fear,Shame,0.1720044174553578
0.0031099904479344725,Happiness,Boredom,0.4392471170266297
0.0031099904479344725,Happiness,Fear,0.010323818255032242
0.0031099904479344725,Happiness,Happiness,0.31563231795027896
0.0031099904479344725,Happiness,Joy,0.047428718996257634
0.0031099904479344725,Happiness,Pride,0.08312929354826044
0.0031099904479344725,Happiness,Sadness,0.013813064923378502
0.0031099904479344725,Happiness,Shame,0.09042566930016283
0.0031099904479344725,Joy,Boredom,0.011203310912499279
0.0031099904479344725,Joy,Fear,0.09180543013454309
0.0031099904479344725,Joy,Happiness,0.07739117010284781
0.0031099904479344725,Joy,Joy,0.30046195091751815
0.0031099904479344725,Joy,Pride,0.2549463977172468
0.0031099904479344725,Joy,Sadness,0.05565863622548536
0.0031099904479344725,Joy,Shame,0.20853310398985975
0.0031099904479344725,Pride,Boredom,0.06594434716202487
0.0031099904479344725,Pride,Fear,0.020262157080317873
0.0031099904479344725,Pride,Happiness,0.255757025826372
0.0031099904479344725,Pride,Joy,0.13877163617824623
0.0031099904479344725,Pride,Pride,0.25250523212567694
0.0031099904479344725,Pride,Sadness,0.052850737042369325
0.0031099904479344725,Pride,Shame,0.21390886458499223
0.0031099904479344725,Sadness,Boredom,0.061398394726707696
0.0031099904479344725,Sadness,Fear,0.41700118933139035
0.0031099904479344725,Sadness,Happiness,0.052636083275350416
0.0031099904479344725,Sadness,Joy,0.09342339732911388
0.0031099904479344725,Sadness,Pride,0.0882170032582444
0.0031099904479344725,Sadness,Sadness,0.09249585636871736
0.0031099904479344725,Sadness,Shame,0.1948280757104758
0.0031099904479344725,Shame,Boredom,0.042527477565614855
0.0031099904479344725,Shame,Fear,0.023952165160094498
0.0031099904479344725,Shame,Happiness,0.18899999616245536
0.0031099904479344725,Shame,Joy,0.22795730905679487
0.0031099904479344725,Shame,Pride,0.247712864626035
0.0031099904479344725,Shame,Sadness,0.040753809618072845
0.0031099904479344725,Shame,Shame,0.22809637781093237
0.0032766436180262453,Boredom,Boredom,0.43632525049958965
0.0032766436180262453,Boredom,Fear,0.033827904860893786
0.0032766436180262453,Boredom,Happiness,0.17330473465005602
0.0032766436180262453,Boredom,Joy,0.17091919942832873
0.0032766436180262453,Boredom,Pride,0.08325885439206757
0.0032766436180262453,Boredom,Sadness,0.00876196351371784
0.0032766436180262453,Boredom,Shame,0.09360209265534618
0.0032766436180262453,Fear,Boredom,0.004552723424176171
0.0032766436180262453,Fear,Fear,0.675315971003801
0.0032766436180262453,Fear,Happiness,0.00892058405250541
0.0032766436180262453,Fear,Joy,0.03832483329385675
0.0032766436180262453,Fear,Pride,0.019514333626156597
0.0032766436180262453,Fear,Sadness,0.15406462460017348
0.0032766436180262453,Fear,Shame,0.09930692999933075
0.0032766436180262453,Happiness,Boredom,0.4771217490726159
0.0032766436180262453,Happiness,Fear,0.005280268511487328
0.0032766436180262453,Happiness,Happiness,0.3680701031597294
0.0032766436180262453,Happiness,Joy,0.022333659479768987
0.0032766436180262453,Happiness,Pride,0.07060523173015158
0.0032766436180262453,Happiness,Sadness,0.007550945748512227
0.0032766436180262453,Happiness,Shame,0.04903804229773465
0.0032766436180262453,Joy,Boredom,0.0105719832330904
0.0032766436180262453,Joy,Fear,0.07155396343407244
0.0032766436180262453,Joy,Happiness,0.07042865089572392
0.0032766436180262453,Joy,Joy,0.3367124158178434
0.0032766436180262453,Joy,Pride,0.2620853602421456
0.0032766436180262453,Joy,Sadness,0.051997882403314606
0.0032766436180262453,Joy,Shame,0.19664974397380955
0.0032766436180262453,Pride,Boredom,0.056452628753474496
0.0032766436180262453,Pride,Fear,0.018716890607313685
0.0032766436180262453,Pride,Happiness,0.31364691354365676
0.0032766436180262453,Pride,Joy,0.09251475394677416
0.0032766436180262453,Pride,Pride,0.26240008990345265
0.0032766436180262453,Pride,Sadness,0.051447218252080325
0.0032766436180262453,Pride,Shame,0.20482150499324747
0.0032766436180262453,Sadness,Boredom,0.035496065726288425
0.0032766436180262453,Sadness,Fear,0.6158645332348828
0.0032766436180262453,Sadness,Happiness,0.03698425893623061
0.0032766436180262453,Sadness,Joy,0.058906986973490665
0.0032766436180262453,Sadness,Pride,0.05445750875246473
0.0032766436180262453,Sadness,Sadness,0.06311744292940377
0.0032766436180262453,Sadness,Shame,0.13517320344723902
0.0032766436180262453,Shame,Boredom,0.039742788538672226
0.0032766436180262453,Shame,Fear,0.023120743554913004
0.0032766436180262453,Shame,Happiness,0.22147931876208718
0.0032766436180262453,Shame,Joy,0.1800221124991432
0.0032766436180262453,Shame,Pride,0.25002928734817403
0.0032766436180262453,Shame,Sadness,0.03667508020173998
0.0032766436180262453,Shame,Shame,0.2489306690952696
0.0031552266419175674,Boredom,Boredom,0.42892634571245947
0.0031552266419175674,Boredom,Fear,0.03403950978940229
0.0031552266419175674,Boredom,Happiness,0.19267029624318094
0.0031552266419175674,Boredom,Joy,0.15876807580169813
0.0031552266419175674,Boredom,Pride,0.08084525154219359
0.0031552266419175674,Boredom,Sadness,0.009208573069523884
0.0031552266419175674,Boredom,Shame,0.09554194784154132
0.0031552266419175674,Fear,Boredom,0.005532843386094686
0.0031552266419175674,Fear,Fear,0.6291365520630796
0.0031552266419175674,Fear,Happiness,0.012888188361987196
0.0031552266419175674,Fear,Joy,0.04499341924153681
0.0031552266419175674,Fear,Pride,0.021009563176115832
0.0031552266419175674,Fear,Sadness,0.17315994209000085
0.0031552266419175674,Fear,Shame,0.1132794916811849
0.0031552266419175674,Happiness,Boredom,0.4744654709075917
0.0031552266419175674,Happiness,Fear,0.006323304237321493
0.0031552266419175674,Happiness,Happiness,0.35751604802823594
0.0031552266419175674,Happiness,Joy,0.02683260258479066
0.0031552266419175674,Happiness,Pride,0.07233220904458305
0.0031552266419175674,Happiness,Sadness,0.008664736544572917
0.0031552266419175674,Happiness,Shame,0.05386562865290417
0.0031552266419175674,Joy,Boredom,0.011710441432390674
0.0031552266419175674,Joy,Fear,0.06619002496480283
0.0031552266419175674,Joy,Happiness,0.08688387548641126
0.0031552266419175674,Joy,Joy,0.325806894363613
0.0031552266419175674,Joy,Pride,0.26276973632619544
0.0031552266419175674,Joy,Sadness,0.053115422719194234
0.0031552266419175674,Joy,Shame,0.19352360470739252
0.0031552266419175674,Pride,Boredom,0.056957973886081294
0.0031552266419175674,Pride,Fear,0.01986838415294249
0.0031552266419175674,Pride,Happiness,0.3038031458821165
0.0031552266419175674,Pride,Joy,0.10838166423771459
0.0031552266419175674,Pride,Pride,0.25902630459150955
0.0031552266419175674,Pride,Sadness,0.05112921868807193
0.0031552266419175674,Pride,Shame,0.20083330856156362
0.0031552266419175674,Sadness,Boredom,0.038845863137131995
0.0031552266419175674,Sadness,Fear,0.5761249789278098
0.0031552266419175674,Sadness,Happiness,0.04333947794652185
0.0031552266419175674,Sadness,Joy,0.06635607854714796
0.0031552266419175674,Sadness,Pride,0.06070614947382379
0.0031552266419175674,Sadness,Sadness,0.06914474274911721
0.0031552266419175674,Sadness,Shame,0.1454827092184474
0.0031552266419175674,Shame,Boredom,0.04116538299099019
0.0031552266419175674,Shame,Fear,0.024513264514444928
0.0031552266419175674,Shame,Happiness,0.22092308531256039
0.0031552266419175674,Shame,Joy,0.1919570469279604
0.0031552266419175674,Shame,Pride,0.24860613158606404
0.0031552266419175674,Shame,Sadness,0.03702557553426167
0.0031552266419175674,Shame,Shame,0.23580951313371856
0.003154407293956652,Boredom,Boredom,0.3989476167398583
0.003154407293956652,Boredom,Fear,0.03480806212199698
0.003154407293956652,Boredom,Happiness,0.16201026654777517
0.003154407293956652,Boredom,Joy,0.16764376985792095
0.003154407293956652,Boredom,Pride,0.09098826162090727
0.003154407293956652,Boredom,Sadness,0.011923032064058424
0.003154407293956652,Boredom,Shame,0.13367899104748276
0.003154407293956652,Fear,Boredom,0.007518879778694385
0.003154407293956652,Fear,Fear,0.5087371704572966
0.003154407293956652,Fear,Happiness,0.01645129906600097
0.003154407293956652,Fear,Joy,0.060348209122244825
0.003154407293956652,Fear,Pride,0.03125243638516981
0.003154407293956652,Fear,Sadness,0.20858555178432062
0.003154407293956652,Fear,Shame,0.1671064534062727
0.003154407293956652,Happiness,Boredom,0.4353111201116414
0.003154407293956652,Happiness,Fear,0.008311572697567904
0.003154407293956652,Happiness,Happiness,0.3520641147520599
0.003154407293956652,Happiness,Joy,0.03650884042229846
0.003154407293956652,Happiness,Pride,0.08423076835180175
0.003154407293956652,Happiness,Sadness,0.011403715465072697
0.003154407293956652,Happiness,Shame,0.07216986819955801
0.003154407293956652,Joy,Boredom,0.00963618476205524
0.003154407293956652,Joy,Fear,0.05874160879512602
0.003154407293956652,Joy,Happiness,0.06999246473396566
0.003154407293956652,Joy,Joy,0.30889101946108943
0.003154407293956652,Joy,Pride,0.26930320836194505
0.003154407293956652,Joy,Sadness,0.051849062199012884
0.003154407293956652,Joy,Shame,0.23158645168680536
0.003154407293956652,Pride,Boredom,0.04861208429806845
0.003154407293956652,Pride,Fear,0.016773862360927448
0.003154407293956652,Pride,Happiness,0.26796351489614206
0.003154407293956652,Pride,Joy,0.11914941639854716
0.003154407293956652,Pride,Pride,0.26315426285982946
0.003154407293956652,Pride,Sadness,0.04864788459915382
0.003154407293956652,Pride,Shame,0.23569897458733138
0.003154407293956652,Sadness,Boredom,0.0427689093281663
0.003154407293956652,Sadness,Fear,0.4565371449514867
0.003154407293956652,Sadness,Happiness,0.046728309746491344
0.003154407293956652,Sadness,Joy,0.08564732596952916
0.003154407293956652,Sadness,Pride,0.0821597214830722
0.003154407293956652,Sadness,Sadness,0.08374401753447719
0.003154407293956652,Sadness,Shame,0.20241457098677737
0.003154407293956652,Shame,Boredom,0.034990819323382424
0.003154407293956652,Shame,Fear,0.020478474061021917
0.003154407293956652,Shame,Happiness,0.17760777583055803
0.003154407293956652,Shame,Joy,0.21161442044314235
0.003154407293956652,Shame,Pride,0.25376562936770786
0.003154407293956652,Shame,Sadness,0.03536011863900226
0.003154407293956652,Shame,Shame,0.26618276233518484
0.0032137415339883193,Boredom,Boredom,0.4136759279719785
0.0032137415339883193,Boredom,Fear,0.031629200792545775
0.0032137415339883193,Boredom,Happiness,0.12334303200092876
0.0032137415339883193,Boredom,Joy,0.16981859350466608
0.0032137415339883193,Boredom,Pride,0.09860247090723462
0.0032137415339883193,Boredom,Sadness,0.008671522205855748
0.0032137415339883193,Boredom,Shame,0.15425925261679022
0.0032137415339883193,Fear,Boredom,0.004085970398507596
0.0032137415339883193,Fear,Fear,0.6992501962760382
0.0032137415339883193,Fear,Happiness,0.005017625789418336
0.0032137415339883193,Fear,Joy,0.03323330299694994
0.0032137415339883193,Fear,Pride,0.019786324802725554
0.0032137415339883193,Fear,Sadness,0.12116380534804466
0.0032137415339883193,Fear,Shame,0.11746277438831572
0.0032137415339883193,Happiness,Boredom,0.4071809019478948
0.0032137415339883193,Happiness,Fear,0.0048192134247622654
0.0032137415339883193,Happiness,Happiness,0.4257958886722096
0.0032137415339883193,Happiness,Joy,0.022842854336813587
0.0032137415339883193,Happiness,Pride,0.08201508899110888
0.0032137415339883193,Happiness,Sadness,0.006606198166544727
0.0032137415339883193,Happiness,Shame,0.05073985446066625
0.0032137415339883193,Joy,Boredom,0.0059555498815272116
0.0032137415339883193,Joy,Fear,0.05944606817665054
0.0032137415339883193,Joy,Happiness,0.04463396390573387
0.0032137415339883193,Joy,Joy,0.2895510569406814
0.0032137415339883193,Joy,Pride,0.27935151760543525
0.0032137415339883193,Joy,Sadness,0.03783808537965867
0.0032137415339883193,Joy,Shame,0.28322375811031314
0.0032137415339883193,Pride,Boredom,0.04003353674339628
0.0032137415339883193,Pride,Fear,0.008099504529852463
0.0032137415339883193,Pride,Happiness,0.2889881476701968
0.0032137415339883193,Pride,Joy,0.07778999775718949
0.0032137415339883193,Pride,Pride,0.27482227189327196
0.0032137415339883193,Pride,Sadness,0.037518220181169806
0.0032137415339883193,Pride,Shame,0.2727483212249233
0.0032137415339883193,Sadness,Boredom,0.0304875323851834
0.0032137415339883193,Sadness,Fear,0.5894101000170205
0.0032137415339883193,Sadness,Happiness,0.02720979256458751
0.0032137415339883193,Sadness,Joy,0.058002574277465684
0.0032137415339883193,Sadness,Pride,0.05945354659900089
0.0032137415339883193,Sadness,Sadness,0.05231621409180584
0.0032137415339883193,Sadness,Shame,0.1831202400649361
0.0032137415339883193,Shame,Boredom,0.02568740646056048
0.0032137415339883193,Shame,Fear,0.010043811945331667
0.0032137415339883193,Shame,Happiness,0.14758177144791643
0.0032137415339883193,Shame,Joy,0.17442576761065565
0.0032137415339883193,Shame,Pride,0.26852371475029824
0.0032137415339883193,Shame,Sadness,0.022786949756650653
0.0032137415339883193,Shame,Shame,0.3509505780285869
0.002984200852386341,Boredom,Boredom,0.3951374487505846
0.002984200852386341,Boredom,Fear,0.03327728799404753
0.002984200852386341,Boredom,Happiness,0.19870796343187241
0.002984200852386341,Boredom,Joy,0.15413573066189423
0.002984200852386341,Boredom,Pride,0.0832407903585237
0.002984200852386341,Boredom,Sadness,0.010668489486262875
0.002984200852386341,Boredom,Shame,0.12483228931681478
0.002984200852386341,Fear,Boredom,0.008028305332974568
0.002984200852386341,Fear,Fear,0.5681358093279933
0.002984200852386341,Fear,Happiness,0.017931837987625075
0.002984200852386341,Fear,Joy,0.051295191781908576
0.002984200852386341,Fear,Pride,0.023543168137802162
0.002984200852386341,Fear,Sadness,0.20017508062603234
0.002984200852386341,Fear,Shame,0.13089060680566408
0.002984200852386341,Happiness,Boredom,0.4683510720362593
0.002984200852386341,Happiness,Fear,0.007683226984685903
0.002984200852386341,Happiness,Happiness,0.3414109815018058
0.002984200852386341,Happiness,Joy,0.034818540840714805
0.002984200852386341,Happiness,Pride,0.07458515130476658
0.002984200852386341,Happiness,Sadness,0.01018722995899197
0.002984200852386341,Happiness,Shame,0.06296379737277563
0.002984200852386341,Joy,Boredom,0.012868685510149906
0.002984200852386341,Joy,Fear,0.07861102735739925
0.002984200852386341,Joy,Happiness,0.09160528860210589
0.002984200852386341,Joy,Joy,0.30942764166809644
0.002984200852386341,Joy,Pride,0.26099822251282595
0.002984200852386341,Joy,Sadness,0.055112076111535936
0.002984200852386341,Joy,Shame,0.19137705823788684
0.002984200852386341,Pride,Boredom,0.07113331891648257
0.002984200852386341,Pride,Fear,0.02079319346263766
0.002984200852386341,Pride,Happiness,0.2885958971142034
0.002984200852386341,Pride,Joy,0.12229474146843625
0.002984200852386341,Pride,Pride,0.2516181388411212
0.002984200852386341,Pride,Sadness,0.051912734227278344
0.002984200852386341,Pride,Shame,0.19365197596984013
0.002984200852386341,Sadness,Boredom,0.05323599692916312
0.002984200852386341,Sadness,Fear,0.5149804891897268
0.002984200852386341,Sadness,Happiness,0.047845709702332755
0.002984200852386341,Sadness,Joy,0.07458139383286479
0.002984200852386341,Sadness,Pride,0.07026732700273816
0.002984200852386341,Sadness,Sadness,0.08406479253942474
0.002984200852386341,Sadness,Shame,0.15502429080374935
0.002984200852386341,Shame,Boredom,0.04435068915055366
0.002984200852386341,Shame,Fear,0.02545269599333104
0.002984200852386341,Shame,Happiness,0.2205695435563142
0.002984200852386341,Shame,Joy,0.2022160411828759
0.002984200852386341,Shame,Pride,0.24741029056681021
0.002984200852386341,Shame,Sadness,0.039323538311316825
0.002984200852386341,Shame,Shame,0.22067720123879808
0.0033685977473022063,Boredom,Boredom,0.4741734033900284
0.0033685977473022063,Boredom,Fear,0.030813909319644797
0.0033685977473022063,Boredom,Happiness,0.14386002321686261
0.0033685977473022063,Boredom,Joy,0.17923364272810594
0.0033685977473022063,Boredom,Pride,0.07919698880157702
0.0033685977473022063,Boredom,Sadness,0.005506212355044875
0.0033685977473022063,Boredom,Shame,0.0872158201887362
0.0033685977473022063,Fear,Boredom,0.0023531663605103853
0.0033685977473022063,Fear,Fear,0.8832895830092076
0.0033685977473022063,Fear,Happiness,0.0023145134452863952
0.0033685977473022063,Fear,Joy,0.013014719411324474
0.0033685977473022063,Fear,Pride,0.00664358235330257
0.0033685977473022063,Fear,Sadness,0.052857846993594464
0.0033685977473022063,Fear,Shame,0.03952658842677402
0.0033685977473022063,Happiness,Boredom,0.489211080014197
0.0033685977473022063,Happiness,Fear,0.00236559774188617
0.0033685977473022063,Happiness,Happiness,0.40715132976206087
0.0033685977473022063,Happiness,Joy,0.014209282312085889
0.0033685977473022063,Happiness,Pride,0.05810912824991592
0.0033685977473022063,Happiness,Sadness,0.0034090388174425655
0.0033685977473022063,Happiness,Shame,0.025544543102411704
0.0033685977473022063,Joy,Boredom,0.008268905755284453
0.0033685977473022063,Joy,Fear,0.08766307182204955
0.0033685977473022063,Joy,Happiness,0.05545710667640868
0.0033685977473022063,Joy,Joy,0.33891465344430227
0.0033685977473022063,Joy,Pride,0.2633548361522868
0.0033685977473022063,Joy,Sadness,0.04113207945465359
0.0033685977473022063,Joy,Shame,0.2052093466950148
0.0033685977473022063,Pride,Boredom,0.05603423708741264
0.0033685977473022063,Pride,Fear,0.01122299397967466
0.0033685977473022063,Pride,Happiness,0.3566903397720912
0.0033685977473022063,Pride,Joy,0.07904858471979376
0.0033685977473022063,Pride,Pride,0.25700976215349775
0.0033685977473022063,Pride,Sadness,0.045342614724321655
0.0033685977473022063,Pride,Shame,0.1946514675632083
0.0033685977473022063,Sadness,Boredom,0.026253373730385807
0.0033685977473022063,Sadness,Fear,0.7850047312339475
0.0033685977473022063,Sadness,Happiness,0.021420888727281272
0.0033685977473022063,Sadness,Joy,0.029880536231420143
0.0033685977473022063,Sadness,Pride,0.029797777623607514
0.0033685977473022063,Sadness,Sadness,0.02676841039757221
0.0033685977473022063,Sadness,Shame,0.08087428205578555
0.0033685977473022063,Shame,Boredom,0.0361182241274675
0.0033685977473022063,Shame,Fear,0.01602402590687796
0.0033685977473022063,Shame,Happiness,0.21562974430381296
0.0033685977473022063,Shame,Joy,0.15219527541933306
0.0033685977473022063,Shame,Pride,0.2573342860486199
0.0033685977473022063,Shame,Sadness,0.028501686947043522
0.0033685977473022063,Shame,Shame,0.29419675724684535
0.003105093587980022,Boredom,Boredom,0.3905495894933233
0.003105093587980022,Boredom,Fear,0.03390604162199443
0.003105093587980022,Boredom,Happiness,0.16164241602042195
0.003105093587980022,Boredom,Joy,0.16594457023587056
0.003105093587980022,Boredom,Pride,0.09048502078171045
0.003105093587980022,Boredom,Sadness,0.011700928867313685
0.003105093587980022,Boredom,Shame,0.14577143297936557
0.003105093587980022,Fear,Boredom,0.007633997810991453
0.003105093587980022,Fear,Fear,0.5051728478549384
0.003105093587980022,Fear,Happiness,0.0167242191968128
0.003105093587980022,Fear,Joy,0.06053775632180302
0.003105093587980022,Fear,Pride,0.031137315252608287
0.003105093587980022,Fear,Sadness,0.21006393511470664
0.003105093587980022,Fear,Shame,0.16872992844813928
0.003105093587980022,Happiness,Boredom,0.43339341685112254
0.003105093587980022,Happiness,Fear,0.008251188095698482
0.003105093587980022,Happiness,Happiness,0.3514451103989427
0.003105093587980022,Happiness,Joy,0.0375195812375974
0.003105093587980022,Happiness,Pride,0.0847094615663754
0.003105093587980022,Happiness,Sadness,0.011429577244578782
0.003105093587980022,Happiness,Shame,0.07325166460568498
0.003105093587980022,Joy,Boredom,0.009604487046902414
0.003105093587980022,Joy,Fear,0.05675742487518754
0.003105093587980022,Joy,Happiness,0.07205558034660697
0.003105093587980022,Joy,Joy,0.30652371320201566
0.003105093587980022,Joy,Pride,0.26898476869560056
0.003105093587980022,Joy,Sadness,0.05190454439004787
0.003105093587980022,Joy,Shame,0.23416948144363894
0.003105093587980022,Pride,Boredom,0.04964168524560319
0.003105093587980022,Pride,Fear,0.01608848715716698
0.003105093587980022,Pride,Happiness,0.2660400142168307
0.003105093587980022,Pride,Joy,0.12014742132074088
0.003105093587980022,Pride,Pride,0.2622111619213679
0.003105093587980022,Pride,Sadness,0.04814384393798595
0.003105093587980022,Pride,Shame,0.23772738620030423
0.003105093587980022,Sadness,Boredom,0.04496746668631167
0.003105093587980022,Sadness,Fear,0.44906617378829444
0.003105093587980022,Sadness,Happiness,0.04816323690040008
0.003105093587980022,Sadness,Joy,0.08615214389045761
0.003105093587980022,Sadness,Pride,0.0830375992415674
0.003105093587980022,Sadness,Sadness,0.08415278899304497
0.003105093587980022,Sadness,Shame,0.20446059049992396
0.003105093587980022,Shame,Boredom,0.03483162619408665
0.003105093587980022,Shame,Fear,0.019750766029854625
0.003105093587980022,Shame,Happiness,0.17707660262118963
0.003105093587980022,Shame,Joy,0.21031291791181453
0.003105093587980022,Shame,Pride,0.25374034414810714
0.003105093587980022,Shame,Sadness,0.03470769121418503
0.003105093587980022,Shame,Shame,0.2695800518807624
0.0033414594579309473,Boredom,Boredom,0.44088991103049585
0.0033414594579309473,Boredom,Fear,0.03498509804838276
0.0033414594579309473,Boredom,Happiness,0.15658545688537642
0.0033414594579309473,Boredom,Joy,0.17985455934379874
0.0033414594579309473,Boredom,Pride,0.08622838011840099
0.0033414594579309473,Boredom,Sadness,0.009723828593588182
0.0033414594579309473,Boredom,Shame,0.0917327659799567
0.0033414594579309473,Fear,Boredom,0.004214320586518808
0.0033414594579309473,Fear,Fear,0.6910793391585157
0.0033414594579309473,Fear,Happiness,0.007829903777227462
0.0033414594579309473,Fear,Joy,0.03633701225338195
0.0033414594579309473,Fear,Pride,0.017364711527591874
0.0033414594579309473,Fear,Sadness,0.14934760970617775
0.0033414594579309473,Fear,Shame,0.09382710299058644
0.0033414594579309473,Happiness,Boredom,0.47641795239560536
0.0033414594579309473,Happiness,Fear,0.005088957581189964
0.0033414594579309473,Happiness,Happiness,0.37176250025402885
0.0033414594579309473,Happiness,Joy,0.02177778788448448
0.0033414594579309473,Happiness,Pride,0.07051709601484381
0.0033414594579309473,Happiness,Sadness,0.007379337524470865
0.0033414594579309473,Happiness,Shame,0.04705636834537673
0.0033414594579309473,Joy,Boredom,0.010472385646233297
0.0033414594579309473,Joy,Fear,0.07731316588173757
0.0033414594579309473,Joy,Happiness,0.061412456629552706
0.0033414594579309473,Joy,Joy,0.3373435895253131
0.0033414594579309473,Joy,Pride,0.2632653329426384
0.0033414594579309473,Joy,Sadness,0.052776266049473046
0.0033414594579309473,Joy,Shame,0.19741680332505185
0.0033414594579309473,Pride,Boredom,0.057164746192791216
0.0033414594579309473,Pride,Fear,0.018690207754916262
0.0033414594579309473,Pride,Happiness,0.31635470199817745
0.0033414594579309473,Pride,Joy,0.08824018049440588
0.0033414594579309473,Pride,Pride,0.2629958699242595
0.0033414594579309473,Pride,Sadness,0.05225276418645521
0.0033414594579309473,Pride,Shame,0.20430152944899435
0.0033414594579309473,Sadness,Boredom,0.033966917927390754
0.0033414594579309473,Sadness,Fear,0.6314876529055239
0.0033414594579309473,Sadness,Happiness,0.03282168876204425
0.0033414594579309473,Sadness,Joy,0.055481632914332245
0.0033414594579309473,Sadness,Pride,0.052560517447029144
0.0033414594579309473,Sadness,Sadness,0.06357549482912656
0.0033414594579309473,Sadness,Shame,0.1301060952145531
0.0033414594579309473,Shame,Boredom,0.039851565457402996
0.0033414594579309473,Shame,Fear,0.023503568397206447
0.0033414594579309473,Shame,Happiness,0.2236841838106302
0.0033414594579309473,Shame,Joy,0.1719011473270532
0.0033414594579309473,Shame,Pride,0.25100405176779944
0.0033414594579309473,Shame,Sadness,0.03764428199823315
0.0033414594579309473,Shame,Shame,0.25241120124167415
0.0032192787182191017,Boredom,Boredom,0.395604192200165
0.0032192787182191017,Boredom,Fear,0.035602531053658744
0.0032192787182191017,Boredom,Happiness,0.161550420234862
0.0032192787182191017,Boredom,Joy,0.1708333510984279
0.0032192787182191017,Boredom,Pride,0.09155914270493466
0.0032192787182191017,Boredom,Sadness,0.01245205359860998
0.0032192787182191017,Boredom,Shame,0.13239830910934156
0.0032192787182191017,Fear,Boredom,0.007521575423679361
0.0032192787182191017,Fear,Fear,0.5108335174854626
0.0032192787182191017,Fear,Happiness,0.01645436229047617
0.0032192787182191017,Fear,Joy,0.06011071195039409
0.0032192787182191017,Fear,Pride,0.030602849938664373
0.0032192787182191017,Fear,Sadness,0.20958249280582628
0.0032192787182191017,Fear,Shame,0.16489449010549725
0.0032192787182191017,Happiness,Boredom,0.4395104673200306
0.0032192787182191017,Happiness,Fear,0.008590061018962326
0.0032192787182191017,Happiness,Happiness,0.3492207334166595
0.0032192787182191017,Happiness,Joy,0.03526799578620085
0.0032192787182191017,Happiness,Pride,0.08380274819998329
0.0032192787182191017,Happiness,Sadness,0.011903791816437323
0.0032192787182191017,Happiness,Shame,0.07170420244172623
0.0032192787182191017,Joy,Boredom,0.009699854899380014
0.0032192787182191017,Joy,Fear,0.06780739659762756
0.0032192787182191017,Joy,Happiness,0.06763252434312465
0.0032192787182191017,Joy,Joy,0.31019328055550943
0.0032192787182191017,Joy,Pride,0.2662734869714441
0.0032192787182191017,Joy,Sadness,0.053023930078376864
0.0032192787182191017,Joy,Shame,0.22536952655453715
0.0032192787182191017,Pride,Boredom,0.050588347216940985
0.0032192787182191017,Pride,Fear,0.017747545771907174
0.0032192787182191017,Pride,Happiness,0.27113632795661097
0.0032192787182191017,Pride,Joy,0.11721591646214258
0.0032192787182191017,Pride,Pride,0.26204027297203464
0.0032192787182191017,Pride,Sadness,0.050129631085336114
0.0032192787182191017,Pride,Shame,0.23114195853502695
0.0032192787182191017,Sadness,Boredom,0.04422463591369683
0.0032192787182191017,Sadness,Fear,0.4619150981462057
0.0032192787182191017,Sadness,Happiness,0.045594733612712254
0.0032192787182191017,Sadness,Joy,0.08554925557949158
0.0032192787182191017,Sadness,Pride,0.08122531760577253
0.0032192787182191017,Sadness,Sadness,0.08297631640335096
0.0032192787182191017,Sadness,Shame,0.1985146427387705
0.0032192787182191017,Shame,Boredom,0.03586750021791753
0.0032192787182191017,Shame,Fear,0.021576460573320532
0.0032192787182191017,Shame,Happiness,0.18166779837318217
0.0032192787182191017,Shame,Joy,0.21276941681601086
0.0032192787182191017,Shame,Pride,0.25227696595643473
0.0032192787182191017,Shame,Sadness,0.037900727570513146
0.0032192787182191017,Shame,Shame,0.2579411304926211
0.0034166621959215264,Boredom,Boredom,0.4462925616949748
0.0034166621959215264,Boredom,Fear,0.03625432541742013
0.0034166621959215264,Boredom,Happiness,0.1378108111439362
0.0034166621959215264,Boredom,Joy,0.18563892998062853
0.0034166621959215264,Boredom,Pride,0.08852060807824015
0.0034166621959215264,Boredom,Sadness,0.011303766563641687
0.0034166621959215264,Boredom,Shame,0.09417899712115856
0.0034166621959215264,Fear,Boredom,0.004281069640602235
0.0034166621959215264,Fear,Fear,0.6918812190085608
0.0034166621959215264,Fear,Happiness,0.008124015118236795
0.0034166621959215264,Fear,Joy,0.03605138418780181
0.0034166621959215264,Fear,Pride,0.018459111931420972
0.0034166621959215264,Fear,Sadness,0.14475098702545453
0.0034166621959215264,Fear,Shame,0.09645221308792291
0.0034166621959215264,Happiness,Boredom,0.4753155629820687
0.0034166621959215264,Happiness,Fear,0.0053978659871949525
0.0034166621959215264,Happiness,Happiness,0.3694861329160124
0.0034166621959215264,Happiness,Joy,0.02243313964433812
0.0034166621959215264,Happiness,Pride,0.0713164738699836
0.0034166621959215264,Happiness,Sadness,0.007842794632447588
0.0034166621959215264,Happiness,Shame,0.04820802996795442
0.0034166621959215264,Joy,Boredom,0.010814974064692917
0.0034166621959215264,Joy,Fear,0.0770052377647595
0.0034166621959215264,Joy,Happiness,0.062452804146451574
0.0034166621959215264,Joy,Joy,0.33635830774747594
0.0034166621959215264,Joy,Pride,0.2640017342606796
0.0034166621959215264,Joy,Sadness,0.053274021533553345
0.0034166621959215264,Joy,Shame,0.19609292048238694
0.0034166621959215264,Pride,Boredom,0.05903580254891817
0.0034166621959215264,Pride,Fear,0.019463922906173253
0.0034166621959215264,Pride,Happiness,0.31558638299110425
0.0034166621959215264,Pride,Joy,0.08763119933976646
0.0034166621959215264,Pride,Pride,0.263256624403499
0.0034166621959215264,Pride,Sadness,0.052333254669522614
0.0034166621959215264,Pride,Shame,0.2026928131410163
0.0034166621959215264,Sadness,Boredom,0.03405261075601021
0.0034166621959215264,Sadness,Fear,0.6336004192826399
0.0034166621959215264,Sadness,Happiness,0.0337430997746138
0.0034166621959215264,Sadness,Joy,0.055049406751132686
0.0034166621959215264,Sadness,Pride,0.05267029206170339
0.0034166621959215264,Sadness,Sadness,0.05930857031745993
0.0034166621959215264,Sadness,Shame,0.13157560105644023
0.0034166621959215264,Shame,Boredom,0.04154519220488803
0.0034166621959215264,Shame,Fear,0.025420285206400484
0.0034166621959215264,Shame,Happiness,0.2292794655999501
0.0034166621959215264,Shame,Joy,0.16185231717121404
0.0034166621959215264,Shame,Pride,0.2534988852489303
0.0034166621959215264,Shame,Sadness,0.03837488116719776
0.0034166621959215264,Shame,Shame,0.25002897340141894
0.0031066662304264185,Boredom,Boredom,0.40363611406290417
0.0031066662304264185,Boredom,Fear,0.03403728609546641
0.0031066662304264185,Boredom,Happiness,0.17267273798493785
0.0031066662304264185,Boredom,Joy,0.16266071131810902
0.0031066662304264185,Boredom,Pride,0.08545381466442144
0.0031066662304264185,Boredom,Sadness,0.009628466403468082
0.0031066662304264185,Boredom,Shame,0.13191086947069283
0.0031066662304264185,Fear,Boredom,0.006083607245370721
0.0031066662304264185,Fear,Fear,0.5998586999248966
0.0031066662304264185,Fear,Happiness,0.013038846531458946
0.0031066662304264185,Fear,Joy,0.04827938326303219
0.0031066662304264185,Fear,Pride,0.02316834293988607
0.0031066662304264185,Fear,Sadness,0.1773860517533699
0.0031066662304264185,Fear,Shame,0.13218506834198585
0.0031066662304264185,Happiness,Boredom,0.45308685644503827
0.0031066662304264185,Happiness,Fear,0.006568737702169559
0.0031066662304264185,Happiness,Happiness,0.36170837942427964
0.0031066662304264185,Happiness,Joy,0.02965852660297536
0.0031066662304264185,Happiness,Pride,0.07746900221243691
0.0031066662304264185,Happiness,Sadness,0.009384645934260888
0.0031066662304264185,Happiness,Shame,0.062123851678839465
0.0031066662304264185,Joy,Boredom,0.00928849551724471
0.0031066662304264185,Joy,Fear,0.08608525083388814
0.0031066662304264185,Joy,Happiness,0.07177211457758087
0.0031066662304264185,Joy,Joy,0.3097608498071721
0.0031066662304264185,Joy,Pride,0.25823602096937837
0.0031066662304264185,Joy,Sadness,0.050856633898450854
0.0031066662304264185,Joy,Shame,0.21400063439628517
0.0031066662304264185,Pride,Boredom,0.05456735821618213
0.0031066662304264185,Pride,Fear,0.016302520626100634
0.0031066662304264185,Pride,Happiness,0.28861473650631714
0.0031066662304264185,Pride,Joy,0.10928623993534557
0.0031066662304264185,Pride,Pride,0.25924718896276977
0.0031066662304264185,Pride,Sadness,0.049323524434751444
0.0031066662304264185,Pride,Shame,0.22265843131853288
0.0031066662304264185,Sadness,Boredom,0.04436430350959091
0.0031066662304264185,Sadness,Fear,0.5301648928383542
0.0031066662304264185,Sadness,Happiness,0.0413727878333632
0.0031066662304264185,Sadness,Joy,0.07175141305077669
0.0031066662304264185,Sadness,Pride,0.06703062697115024
0.0031066662304264185,Sadness,Sadness,0.07618552036795617
0.0031066662304264185,Sadness,Shame,0.16913045542880867
0.0031066662304264185,Shame,Boredom,0.03611852876250254
0.0031066662304264185,Shame,Fear,0.02005036854288418
0.0031066662304264185,Shame,Happiness,0.19791310656284047
0.0031066662304264185,Shame,Joy,0.20050065187341337
0.0031066662304264185,Shame,Pride,0.25095725742842434
0.0031066662304264185,Shame,Sadness,0.03509336677173309
0.0031066662304264185,Shame,Shame,0.2593667200582019
0.003155905548530207,Boredom,Boredom,0.46604825310993553
0.003155905548530207,Boredom,Fear,0.029917121363041477
0.003155905548530207,Boredom,Happiness,0.16606695506635605
0.003155905548530207,Boredom,Joy,0.1631244449541019
0.003155905548530207,Boredom,Pride,0.07513095033378965
0.003155905548530207,Boredom,Sadness,0.004855330265228024
0.003155905548530207,Boredom,Shame,0.09485694490754738
0.003155905548530207,Fear,Boredom,0.0027258451677559673
0.003155905548530207,Fear,Fear,0.84550443733476
0.003155905548530207,Fear,Happiness,0.003062825108519963
0.003155905548530207,Fear,Joy,0.0176661056706284
0.003155905548530207,Fear,Pride,0.008727673917955142
0.003155905548530207,Fear,Sadness,0.07400941711859672
0.003155905548530207,Fear,Shame,0.04830369568178366
0.003155905548530207,Happiness,Boredom,0.4893974857240917
0.003155905548530207,Happiness,Fear,0.002489761047130015
0.003155905548530207,Happiness,Happiness,0.40527537128566576
0.003155905548530207,Happiness,Joy,0.014436762968395531
0.003155905548530207,Happiness,Pride,0.057948006914739655
0.003155905548530207,Happiness,Sadness,0.003504033256242364
0.003155905548530207,Happiness,Shame,0.02694857880373472
0.003155905548530207,Joy,Boredom,0.008544327995690382
0.003155905548530207,Joy,Fear,0.07788486411256981
0.003155905548530207,Joy,Happiness,0.06314665994254798
0.003155905548530207,Joy,Joy,0.3413334760939232
0.003155905548530207,Joy,Pride,0.2625628470474513
0.003155905548530207,Joy,Sadness,0.04170593232363652
0.003155905548530207,Joy,Shame,0.20482189248418048
0.003155905548530207,Pride,Boredom,0.05758308420918299
0.003155905548530207,Pride,Fear,0.011864926929436305
0.003155905548530207,Pride,Happiness,0.35212324174175974
0.003155905548530207,Pride,Joy,0.0820217601314446
0.003155905548530207,Pride,Pride,0.25650778018014414
0.003155905548530207,Pride,Sadness,0.044975077676722236
0.003155905548530207,Pride,Shame,0.19492412913130985
0.003155905548530207,Sadness,Boredom,0.02960064633611902
0.003155905548530207,Sadness,Fear,0.7539935012504375
0.003155905548530207,Sadness,Happiness,0.02506738968425282
0.003155905548530207,Sadness,Joy,0.034472870072981165
0.003155905548530207,Sadness,Pride,0.032482098682558254
0.003155905548530207,Sadness,Sadness,0.034055284488299246
0.003155905548530207,Sadness,Shame,0.09032820948535225
0.003155905548530207,Shame,Boredom,0.037055568581784486
0.003155905548530207,Shame,Fear,0.01587421502227272
0.003155905548530207,Shame,Happiness,0.21716232179667694
0.003155905548530207,Shame,Joy,0.15862707840629978
0.003155905548530207,Shame,Pride,0.2557634141707148
0.003155905548530207,Shame,Sadness,0.027366926429495165
0.003155905548530207,Shame,Shame,0.28815047559275564
0.0032477677679730406,Boredom,Boredom,0.42286578363248045
0.0032477677679730406,Boredom,Fear,0.03520825516208632
0.0032477677679730406,Boredom,Happiness,0.19018170620668318
0.0032477677679730406,Boredom,Joy,0.16381126919572578
0.0032477677679730406,Boredom,Pride,0.08353366951585674
0.0032477677679730406,Boredom,Sadness,0.009747749590426985
0.0032477677679730406,Boredom,Shame,0.09465156669674024
0.0032477677679730406,Fear,Boredom,0.0053566064558569345
0.0032477677679730406,Fear,Fear,0.631799384112292
0.0032477677679730406,Fear,Happiness,0.012626395444410797
0.0032477677679730406,Fear,Joy,0.04467266456968505
0.0032477677679730406,Fear,Pride,0.020348007698483578
0.0032477677679730406,Fear,Sadness,0.17185236017909233
0.0032477677679730406,Fear,Shame,0.11334458154017955
0.0032477677679730406,Happiness,Boredom,0.47429549056519155
0.0032477677679730406,Happiness,Fear,0.006664907503400682
0.0032477677679730406,Happiness,Happiness,0.35619937229122217
0.0032477677679730406,Happiness,Joy,0.026334678419434047
0.0032477677679730406,Happiness,Pride,0.07302191740179029
0.0032477677679730406,Happiness,Sadness,0.009194793398777091
0.0032477677679730406,Happiness,Shame,0.05428884042018428
0.0032477677679730406,Joy,Boredom,0.011645060620223389
0.0032477677679730406,Joy,Fear,0.07115155156250089
0.0032477677679730406,Joy,Happiness,0.08108061335385061
0.0032477677679730406,Joy,Joy,0.3287694612141419
0.0032477677679730406,Joy,Pride,0.26239766153808697
0.0032477677679730406,Joy,Sadness,0.0543257749977379
0.0032477677679730406,Joy,Shame,0.1906298767134584
0.0032477677679730406,Pride,Boredom,0.05328501238045645
0.0032477677679730406,Pride,Fear,0.02097085603616393
0.0032477677679730406,Pride,Happiness,0.30536282216202176
0.0032477677679730406,Pride,Joy,0.10618394533058953
0.0032477677679730406,Pride,Pride,0.26124300131013295
0.0032477677679730406,Pride,Sadness,0.053140399903846544
0.0032477677679730406,Pride,Shame,0.19981396287678874
0.0032477677679730406,Sadness,Boredom,0.035591783265172816
0.0032477677679730406,Sadness,Fear,0.5763501000651863
0.0032477677679730406,Sadness,Happiness,0.04045171258904251
0.0032477677679730406,Sadness,Joy,0.06510806955389926
0.0032477677679730406,Sadness,Pride,0.061131166695118096
0.0032477677679730406,Sadness,Sadness,0.07792540436045219
0.0032477677679730406,Sadness,Shame,0.14344176347112828
0.0032477677679730406,Shame,Boredom,0.039051784875630144
0.0032477677679730406,Shame,Fear,0.02564327258899663
0.0032477677679730406,Shame,Happiness,0.22290299630790467
0.0032477677679730406,Shame,Joy,0.1922447211485664
0.0032477677679730406,Shame,Pride,0.24919476241184915
0.0032477677679730406,Shame,Sadness,0.040041150903015556
0.0032477677679730406,Shame,Shame,0.23092131176403732
0.002887816443437921,Boredom,Boredom,0.31807225142306156
0.002887816443437921,Boredom,Fear,0.0363035944596126
0.002887816443437921,Boredom,Happiness,0.17144369250772212
0.002887816443437921,Boredom,Joy,0.16690602310870573
0.002887816443437921,Boredom,Pride,0.09803774346430859
0.002887816443437921,Boredom,Sadness,0.014322159874335659
0.002887816443437921,Boredom,Shame,0.19491453516225363
0.002887816443437921,Fear,Boredom,0.011471309399269186
0.002887816443437921,Fear,Fear,0.45611761927690886
0.002887816443437921,Fear,Happiness,0.022068841165897836
0.002887816443437921,Fear,Joy,0.06568899247124833
0.002887816443437921,Fear,Pride,0.03321695288754422
0.002887816443437921,Fear,Sadness,0.23214239924447316
0.002887816443437921,Fear,Shame,0.17929388555465797
0.002887816443437921,Happiness,Boredom,0.4185432242566592
0.002887816443437921,Happiness,Fear,0.008874988344269657
0.002887816443437921,Happiness,Happiness,0.32037659874026786
0.002887816443437921,Happiness,Joy,0.050674641139955755
0.002887816443437921,Happiness,Pride,0.0846817771830434
0.002887816443437921,Happiness,Sadness,0.012636379962195863
0.002887816443437921,Happiness,Shame,0.10421239037360822
0.002887816443437921,Joy,Boredom,0.010278488882905147
0.002887816443437921,Joy,Fear,0.10062707498169747
0.002887816443437921,Joy,Happiness,0.07575728938640845
0.002887816443437921,Joy,Joy,0.28522269380317683
0.002887816443437921,Joy,Pride,0.25371581978350355
0.002887816443437921,Joy,Sadness,0.05302137786309997
0.002887816443437921,Joy,Shame,0.2213772552992085
0.002887816443437921,Pride,Boredom,0.06524353456809355
0.002887816443437921,Pride,Fear,0.017250610129061147
0.002887816443437921,Pride,Happiness,0.24917452249022143
0.002887816443437921,Pride,Joy,0.13857581034140828
0.002887816443437921,Pride,Pride,0.2540074310709356
0.002887816443437921,Pride,Sadness,0.049804006320430236
0.002887816443437921,Pride,Shame,0.22594408507984992
0.002887816443437921,Sadness,Boredom,0.057893227922509324
0.002887816443437921,Sadness,Fear,0.40767283490056005
0.002887816443437921,Sadness,Happiness,0.05263686789051636
0.002887816443437921,Sadness,Joy,0.09695121132693833
0.002887816443437921,Sadness,Pride,0.09009993090515263
0.002887816443437921,Sadness,Sadness,0.08770067612652958
0.002887816443437921,Sadness,Shame,0.20704525092779394
0.002887816443437921,Shame,Boredom,0.04160890456938754
0.002887816443437921,Shame,Fear,0.020967377642903445
0.002887816443437921,Shame,Happiness,0.180672173157438
0.002887816443437921,Shame,Joy,0.22032346295662944
0.002887816443437921,Shame,Pride,0.25015687628377653
0.002887816443437921,Shame,Sadness,0.03598530437024884
0.002887816443437921,Shame,Shame,0.2502859010196159
0.003317085773123185,Boredom,Boredom,0.42788422585526475
0.003317085773123185,Boredom,Fear,0.03583844793198849
0.003317085773123185,Boredom,Happiness,0.1240423853096728
0.003317085773123185,Boredom,Joy,0.1785418396701094
0.003317085773123185,Boredom,Pride,0.10078602747975014
0.003317085773123185,Boredom,Sadness,0.012453791953644149
0.003317085773123185,Boredom,Shame,0.12045328179957
0.003317085773123185,Fear,Boredom,0.005847028574256768
0.003317085773123185,Fear,Fear,0.5856196260242282
0.003317085773123185,Fear,Happiness,0.009589112406845995
0.003317085773123185,Fear,Joy,0.0482875963672427
0.003317085773123185,Fear,Pride,0.02841188803123469
0.003317085773123185,Fear,Sadness,0.1799668712938628
0.003317085773123185,Fear,Shame,0.14227787730232888
0.003317085773123185,Happiness,Boredom,0.42926775757891805
0.003317085773123185,Happiness,Fear,0.006245427342206101
0.003317085773123185,Happiness,Happiness,0.38117574291694967
0.003317085773123185,Happiness,Joy,0.02696067019764494
0.003317085773123185,Happiness,Pride,0.08381859605018098
0.003317085773123185,Happiness,Sadness,0.008862012554646016
0.003317085773123185,Happiness,Shame,0.06366979335945402
0.003317085773123185,Joy,Boredom,0.007841791192282394
0.003317085773123185,Joy,Fear,0.06404547629370155
0.003317085773123185,Joy,Happiness,0.053451913291024875
0.003317085773123185,Joy,Joy,0.29900490838613347
0.003317085773123185,Joy,Pride,0.2708792866553991
0.003317085773123185,Joy,Sadness,0.047147876387959566
0.003317085773123185,Joy,Shame,0.25762874779349865
0.003317085773123185,Pride,Boredom,0.046570600692049394
0.003317085773123185,Pride,Fear,0.012872630570599822
0.003317085773123185,Pride,Happiness,0.2810577711866107
0.003317085773123185,Pride,Joy,0.08138921612469302
0.003317085773123185,Pride,Pride,0.27223252175772944
0.003317085773123185,Pride,Sadness,0.04552831058816974
0.003317085773123185,Pride,Shame,0.2603489490801483
0.003317085773123185,Sadness,Boredom,0.03649185770695615
0.003317085773123185,Sadness,Fear,0.5132166156162398
0.003317085773123185,Sadness,Happiness,0.037145858521506224
0.003317085773123185,Sadness,Joy,0.07309591761639177
0.003317085773123185,Sadness,Pride,0.07366199393744295
0.003317085773123185,Sadness,Sadness,0.07182122864578495
0.003317085773123185,Sadness,Shame,0.19456652795567875
0.003317085773123185,Shame,Boredom,0.03175945133304274
0.003317085773123185,Shame,Fear,0.01608258830367927
0.003317085773123185,Shame,Happiness,0.18456744235314457
0.003317085773123185,Shame,Joy,0.1621949212407063
0.003317085773123185,Shame,Pride,0.2618043087744356
0.003317085773123185,Shame,Sadness,0.03027266724353426
0.003317085773123185,Shame,Shame,0.31331862075145767
0.0034180194612338055,Boredom,Boredom,0.4262251233438518
0.0034180194612338055,Boredom,Fear,0.0371778251969207
0.0034180194612338055,Boredom,Happiness,0.12179173203685154
0.0034180194612338055,Boredom,Joy,0.18350878517608776
0.0034180194612338055,Boredom,Pride,0.10045288326517512
0.0034180194612338055,Boredom,Sadness,0.012907765338686221
0.0034180194612338055,Boredom,Shame,0.11793588564242732
0.0034180194612338055,Fear,Boredom,0.0056479833226322045
0.0034180194612338055,Fear,Fear,0.5908887528898079
0.0034180194612338055,Fear,Happiness,0.009793224438994186
0.0034180194612338055,Fear,Joy,0.04757591648332951
0.0034180194612338055,Fear,Pride,0.02862058246427393
0.0034180194612338055,Fear,Sadness,0.17586066274478274
0.0034180194612338055,Fear,Shame,0.1416128776561791
0.0034180194612338055,Happiness,Boredom,0.4328071753810921
0.0034180194612338055,Happiness,Fear,0.006516641368941832
0.0034180194612338055,Happiness,Happiness,0.3772971714852801
0.0034180194612338055,Happiness,Joy,0.027383054256126377
0.0034180194612338055,Happiness,Pride,0.0833104978809361
0.0034180194612338055,Happiness,Sadness,0.009282933928684425
0.0034180194612338055,Happiness,Shame,0.06340252569893874
0.0034180194612338055,Joy,Boredom,0.008456126416387993
0.0034180194612338055,Joy,Fear,0.0660548487452793
0.0034180194612338055,Joy,Happiness,0.05580470332140378
0.0034180194612338055,Joy,Joy,0.30521180845523205
0.0034180194612338055,Joy,Pride,0.2707882784114457
0.0034180194612338055,Joy,Sadness,0.04950425004927501
0.0034180194612338055,Joy,Shame,0.24417998460097598
0.0034180194612338055,Pride,Boredom,0.048793289931839186
0.0034180194612338055,Pride,Fear,0.014891074137022632
0.0034180194612338055,Pride,Happiness,0.2838458795602587
0.0034180194612338055,Pride,Joy,0.08318414580114837
0.0034180194612338055,Pride,Pride,0.2713323647380916
0.0034180194612338055,Pride,Sadness,0.0477774373341485
0.0034180194612338055,Pride,Shame,0.25017580849749094
0.0034180194612338055,Sadness,Boredom,0.036519639004281304
0.0034180194612338055,Sadness,Fear,0.5249809472120294
0.0034180194612338055,Sadness,Happiness,0.03768631238204561
0.0034180194612338055,Sadness,Joy,0.07171329449637358
0.0034180194612338055,Sadness,Pride,0.07144949697221849
0.0034180194612338055,Sadness,Sadness,0.06996986171354354
0.0034180194612338055,Sadness,Shame,0.1876804482195086
0.0034180194612338055,Shame,Boredom,0.03365384261314862
0.0034180194612338055,Shame,Fear,0.019482351555044682
0.0034180194612338055,Shame,Happiness,0.1927248712382634
0.0034180194612338055,Shame,Joy,0.15877124690581076
0.0034180194612338055,Shame,Pride,0.26199466658978404
0.0034180194612338055,Shame,Sadness,0.03325642968795503
0.0034180194612338055,Shame,Shame,0.30011659140999347
0.0033593545449209536,Boredom,Boredom,0.4454126725457044
0.0033593545449209536,Boredom,Fear,0.035311822582885954
0.0033593545449209536,Boredom,Happiness,0.15483003271990706
0.0033593545449209536,Boredom,Joy,0.17990278500001566
0.0033593545449209536,Boredom,Pride,0.08570839456857675
0.0033593545449209536,Boredom,Sadness,0.009698397324271201
0.0033593545449209536,Boredom,Shame,0.08913589525863855
0.0033593545449209536,Fear,Boredom,0.0043750118732438495
0.0033593545449209536,Fear,Fear,0.6893767260794128
0.0033593545449209536,Fear,Happiness,0.008021840895668726
0.0033593545449209536,Fear,Joy,0.0364956838506267
0.0033593545449209536,Fear,Pride,0.018045622256055705
0.0033593545449209536,Fear,Sadness,0.14705680852678718
0.0033593545449209536,Fear,Shame,0.09662830651820513
0.0033593545449209536,Happiness,Boredom,0.4768031160008839
0.0033593545449209536,Happiness,Fear,0.005154798168958291
0.0033593545449209536,Happiness,Happiness,0.3714329535496976
0.0033593545449209536,Happiness,Joy,0.021782801809503902
0.0033593545449209536,Happiness,Pride,0.07042765670743095
0.0033593545449209536,Happiness,Sadness,0.007275127241576216
0.0033593545449209536,Happiness,Shame,0.04712354652194916
0.0033593545449209536,Joy,Boredom,0.010372252392790856
0.0033593545449209536,Joy,Fear,0.07976118229708971
0.0033593545449209536,Joy,Happiness,0.06242138005200185
0.0033593545449209536,Joy,Joy,0.33562655873669345
0.0033593545449209536,Joy,Pride,0.2621518754170827
0.0033593545449209536,Joy,Sadness,0.05211558611692533
0.0033593545449209536,Joy,Shame,0.19755116498741604
0.0033593545449209536,Pride,Boredom,0.0574628196695166
0.0033593545449209536,Pride,Fear,0.01901414082668666
0.0033593545449209536,Pride,Happiness,0.3163674273271638
0.0033593545449209536,Pride,Joy,0.0876649297217775
0.0033593545449209536,Pride,Pride,0.26315644104165276
0.0033593545449209536,Pride,Sadness,0.05178734492352424
0.0033593545449209536,Pride,Shame,0.20454689648967853
0.0033593545449209536,Sadness,Boredom,0.03473214496674219
0.0033593545449209536,Sadness,Fear,0.628948934786632
0.0033593545449209536,Sadness,Happiness,0.03381241179463918
0.0033593545449209536,Sadness,Joy,0.05585520686410426
0.0033593545449209536,Sadness,Pride,0.052440204500400815
0.0033593545449209536,Sadness,Sadness,0.061661233797450435
0.0033593545449209536,Sadness,Shame,0.13254986329003113
0.0033593545449209536,Shame,Boredom,0.04024727861362609
0.0033593545449209536,Shame,Fear,0.024088658718742655
0.0033593545449209536,Shame,Happiness,0.2242914394082589
0.0033593545449209536,Shame,Joy,0.17010873166340132
0.0033593545449209536,Shame,Pride,0.25162366882940823
0.0033593545449209536,Shame,Sadness,0.03673627690925009
0.0033593545449209536,Shame,Shame,0.2529039458573127
0.00330674054674539,Boredom,Boredom,0.39621355104398137
0.00330674054674539,Boredom,Fear,0.03633600395211269
0.00330674054674539,Boredom,Happiness,0.16463238847333184
0.00330674054674539,Boredom,Joy,0.17409323789753336
0.00330674054674539,Boredom,Pride,0.0905034645165003
0.00330674054674539,Boredom,Sadness,0.013430357104148543
0.00330674054674539,Boredom,Shame,0.1247909970123919
0.00330674054674539,Fear,Boredom,0.007884120005192391
0.00330674054674539,Fear,Fear,0.5023136268932744
0.00330674054674539,Fear,Happiness,0.017840884932146677
0.00330674054674539,Fear,Joy,0.06212039914390372
0.00330674054674539,Fear,Pride,0.03119630136059635
0.00330674054674539,Fear,Sadness,0.2130900673721258
0.00330674054674539,Fear,Shame,0.16555460029276053
0.00330674054674539,Happiness,Boredom,0.4471462467815426
0.00330674054674539,Happiness,Fear,0.009504229124009254
0.00330674054674539,Happiness,Happiness,0.33946580495408135
0.00330674054674539,Happiness,Joy,0.03600866339436884
0.00330674054674539,Happiness,Pride,0.08310521066725929
0.00330674054674539,Happiness,Sadness,0.012806914394043049
0.00330674054674539,Happiness,Shame,0.07196293068469574
0.00330674054674539,Joy,Boredom,0.010034057510167574
0.00330674054674539,Joy,Fear,0.07609728231482113
0.00330674054674539,Joy,Happiness,0.07136336531485708
0.00330674054674539,Joy,Joy,0.31186020499786304
0.00330674054674539,Joy,Pride,0.26069634581460316
0.00330674054674539,Joy,Sadness,0.05531687917761046
0.00330674054674539,Joy,Shame,0.2146318648700777
0.00330674054674539,Pride,Boredom,0.053967139637262476
0.00330674054674539,Pride,Fear,0.01985798751861739
0.00330674054674539,Pride,Happiness,0.27119928331110493
0.00330674054674539,Pride,Joy,0.12018995069356227
0.00330674054674539,Pride,Pride,0.2597477250888315
0.00330674054674539,Pride,Sadness,0.052440906654035564
0.00330674054674539,Pride,Shame,0.222597007096586
0.00330674054674539,Sadness,Boredom,0.046930119308031565
0.00330674054674539,Sadness,Fear,0.455774521756417
0.00330674054674539,Sadness,Happiness,0.04797763090808958
0.00330674054674539,Sadness,Joy,0.08637706675507596
0.00330674054674539,Sadness,Pride,0.0819536890952932
0.00330674054674539,Sadness,Sadness,0.08710872098477826
0.00330674054674539,Sadness,Shame,0.1938782511923144
0.00330674054674539,Shame,Boredom,0.03768313234431138
0.00330674054674539,Shame,Fear,0.023659401865826858
0.00330674054674539,Shame,Happiness,0.1869586784443554
0.00330674054674539,Shame,Joy,0.2201869907183151
0.00330674054674539,Shame,Pride,0.2503709124186488
0.00330674054674539,Shame,Sadness,0.04005022952215044
0.00330674054674539,Shame,Shame,0.24109065468639224
0.0031793556083749798,Boredom,Boredom,0.42202739906324627
0.0031793556083749798,Boredom,Fear,0.03411187385824222
0.0031793556083749798,Boredom,Happiness,0.16598406323617163
0.0031793556083749798,Boredom,Joy,0.1673630629111383
0.0031793556083749798,Boredom,Pride,0.08630354268177542
0.0031793556083749798,Boredom,Sadness,0.009565896926147338
0.0031793556083749798,Boredom,Shame,0.114644161323279
0.0031793556083749798,Fear,Boredom,0.005434576389565016
0.0031793556083749798,Fear,Fear,0.6242288044688941
0.0031793556083749798,Fear,Happiness,0.010725938521496024
0.0031793556083749798,Fear,Joy,0.044931759050263594
0.0031793556083749798,Fear,Pride,0.02313523907675339
0.0031793556083749798,Fear,Sadness,0.1650200950065864
0.0031793556083749798,Fear,Shame,0.12652358748644157
0.0031793556083749798,Happiness,Boredom,0.45305880715158003
0.0031793556083749798,Happiness,Fear,0.005946054202498656
0.0031793556083749798,Happiness,Happiness,0.37310157493375395
0.0031793556083749798,Happiness,Joy,0.025755035260645324
0.0031793556083749798,Happiness,Pride,0.07637025236328847
0.0031793556083749798,Happiness,Sadness,0.008542923592065706
0.0031793556083749798,Happiness,Shame,0.0572253524961677
0.0031793556083749798,Joy,Boredom,0.009288991581775702
0.0031793556083749798,Joy,Fear,0.07212481287049409
0.0031793556083749798,Joy,Happiness,0.06592711753837811
0.0031793556083749798,Joy,Joy,0.31802539877031927
0.0031793556083749798,Joy,Pride,0.26487435959360756
0.0031793556083749798,Joy,Sadness,0.0500697344847841
0.0031793556083749798,Joy,Shame,0.21968958516064105
0.0031793556083749798,Pride,Boredom,0.049642576644331894
0.0031793556083749798,Pride,Fear,0.01593537025023107
0.0031793556083749798,Pride,Happiness,0.2973055198837841
0.0031793556083749798,Pride,Joy,0.09830741484102871
0.0031793556083749798,Pride,Pride,0.2640396420799377
0.0031793556083749798,Pride,Sadness,0.04901783040402023
0.0031793556083749798,Pride,Shame,0.2257516458966663
0.0031793556083749798,Sadness,Boredom,0.03791860823256559
0.0031793556083749798,Sadness,Fear,0.5565978299614729
0.0031793556083749798,Sadness,Happiness,0.03814107351382175
0.0031793556083749798,Sadness,Joy,0.06766019260287694
0.0031793556083749798,Sadness,Pride,0.06302067993554311
0.0031793556083749798,Sadness,Sadness,0.07053617703446899
0.0031793556083749798,Sadness,Shame,0.1661254387192507
0.0031793556083749798,Shame,Boredom,0.03477213726526724
0.0031793556083749798,Shame,Fear,0.019584613591016962
0.0031793556083749798,Shame,Happiness,0.19689328468505482
0.0031793556083749798,Shame,Joy,0.1920419172118524
0.0031793556083749798,Shame,Pride,0.25252811861364166
0.0031793556083749798,Shame,Sadness,0.034810100893713586
0.0031793556083749798,Shame,Shame,0.2693698277394534
0.0033812883515144123,Boredom,Boredom,0.42695762060126186
0.0033812883515144123,Boredom,Fear,0.035768462771006176
0.0033812883515144123,Boredom,Happiness,0.15705117329512408
0.0033812883515144123,Boredom,Joy,0.17906867811771798
0.0033812883515144123,Boredom,Pride,0.08995915165261245
0.0033812883515144123,Boredom,Sadness,0.011073041477993624
0.0033812883515144123,Boredom,Shame,0.10012187208428376
0.0033812883515144123,Fear,Boredom,0.004954114507615971
0.0033812883515144123,Fear,Fear,0.6449659103235075
0.0033812883515144123,Fear,Happiness,0.009878714940116457
0.0033812883515144123,Fear,Joy,0.042198814369095006
0.0033812883515144123,Fear,Pride,0.020810611881859606
0.0033812883515144123,Fear,Sadness,0.155749510268618
0.0033812883515144123,Fear,Shame,0.12144232370918728
0.0033812883515144123,Happiness,Boredom,0.4557505554346363
0.0033812883515144123,Happiness,Fear,0.006212911785891829
0.0033812883515144123,Happiness,Happiness,0.3711092187515063
0.0033812883515144123,Happiness,Joy,0.025213751846272933
0.0033812883515144123,Happiness,Pride,0.0762518011338447
0.0033812883515144123,Happiness,Sadness,0.009137228616674846
0.0033812883515144123,Happiness,Shame,0.05632453243117306
0.0033812883515144123,Joy,Boredom,0.009916466594597866
0.0033812883515144123,Joy,Fear,0.07419447154540952
0.0033812883515144123,Joy,Happiness,0.06193429542850706
0.0033812883515144123,Joy,Joy,0.3229547080925202
0.0033812883515144123,Joy,Pride,0.26575875369245316
0.0033812883515144123,Joy,Sadness,0.0531689433039999
0.0033812883515144123,Joy,Shame,0.21207236134251234
0.0033812883515144123,Pride,Boredom,0.05154087271143848
0.0033812883515144123,Pride,Fear,0.018060374759078845
0.0033812883515144123,Pride,Happiness,0.3023841727592658
0.0033812883515144123,Pride,Joy,0.09096931974540319
0.0033812883515144123,Pride,Pride,0.2649676419196658
0.0033812883515144123,Pride,Sadness,0.05217238822012206
0.0033812883515144123,Pride,Shame,0.2199052298850258
0.0033812883515144123,Sadness,Boredom,0.03436052979080163
0.0033812883515144123,Sadness,Fear,0.5776152856437872
0.0033812883515144123,Sadness,Happiness,0.035863709178582545
0.0033812883515144123,Sadness,Joy,0.06344102300609172
0.0033812883515144123,Sadness,Pride,0.06101697322604836
0.0033812883515144123,Sadness,Sadness,0.06991175068191499
0.0033812883515144123,Sadness,Shame,0.15779072847277337
0.0033812883515144123,Shame,Boredom,0.03611191449922919
0.0033812883515144123,Shame,Fear,0.02223080939524417
0.0033812883515144123,Shame,Happiness,0.20523353563964827
0.0033812883515144123,Shame,Joy,0.18751451466757274
0.0033812883515144123,Shame,Pride,0.25187871836576686
0.0033812883515144123,Shame,Sadness,0.03863811288877185
0.0033812883515144123,Shame,Shame,0.2583923945437671
0.0033518908671996733,Boredom,Boredom,0.4497521889627221
0.0033518908671996733,Boredom,Fear,0.03549252303582513
0.0033518908671996733,Boredom,Happiness,0.13982033853124742
0.0033518908671996733,Boredom,Joy,0.18305388170740403
0.0033518908671996733,Boredom,Pride,0.0872027095259831
0.0033518908671996733,Boredom,Sadness,0.010105501128792693
0.0033518908671996733,Boredom,Shame,0.09457285710802615
0.0033518908671996733,Fear,Boredom,0.004032065132949429
0.0033518908671996733,Fear,Fear,0.6994005814420812
0.0033518908671996733,Fear,Happiness,0.007384750715770341
0.0033518908671996733,Fear,Joy,0.03507863009598038
0.0033518908671996733,Fear,Pride,0.018130027138150748
0.0033518908671996733,Fear,Sadness,0.1443195121776711
0.0033518908671996733,Fear,Shame,0.0916544332973968
0.0033518908671996733,Happiness,Boredom,0.4773599948989291
0.0033518908671996733,Happiness,Fear,0.004922164381004482
0.0033518908671996733,Happiness,Happiness,0.3728241361330427
0.0033518908671996733,Happiness,Joy,0.021493145480839165
0.0033518908671996733,Happiness,Pride,0.07023603543872005
0.0033518908671996733,Happiness,Sadness,0.006995348954528782
0.0033518908671996733,Happiness,Shame,0.04616917471293566
0.0033518908671996733,Joy,Boredom,0.010292506352325016
0.0033518908671996733,Joy,Fear,0.0787817900970782
0.0033518908671996733,Joy,Happiness,0.05999480554774601
0.0033518908671996733,Joy,Joy,0.3364912353326331
0.0033518908671996733,Joy,Pride,0.26258380667891
0.0033518908671996733,Joy,Sadness,0.05163723480262087
0.0033518908671996733,Joy,Shame,0.20021862118868633
0.0033518908671996733,Pride,Boredom,0.057537586411949115
0.0033518908671996733,Pride,Fear,0.018196662392926246
0.0033518908671996733,Pride,Happiness,0.3173489152421537
0.0033518908671996733,Pride,Joy,0.08666478850847457
0.0033518908671996733,Pride,Pride,0.263045393098375
0.0033518908671996733,Pride,Sadness,0.05111248641568807
0.0033518908671996733,Pride,Shame,0.20609416793043364
0.0033518908671996733,Sadness,Boredom,0.033043259304627315
0.0033518908671996733,Sadness,Fear,0.6406257083338083
0.0033518908671996733,Sadness,Happiness,0.03212616823831337
0.0033518908671996733,Sadness,Joy,0.05401672880543207
0.0033518908671996733,Sadness,Pride,0.051462166657699954
0.0033518908671996733,Sadness,Sadness,0.059252869876381405
0.0033518908671996733,Sadness,Shame,0.1294730987837378
0.0033518908671996733,Shame,Boredom,0.04016347529913946
0.0033518908671996733,Shame,Fear,0.02360046542093844
0.0033518908671996733,Shame,Happiness,0.22613983730542328
0.0033518908671996733,Shame,Joy,0.161868636814988
0.0033518908671996733,Shame,Pride,0.25305186479565894
0.0033518908671996733,Shame,Sadness,0.03594618145865937
0.0033518908671996733,Shame,Shame,0.259229538905192
0.003255524972327156,Boredom,Boredom,0.42220869857815907
0.003255524972327156,Boredom,Fear,0.034923039989548016
0.003255524972327156,Boredom,Happiness,0.18846251478875894
0.003255524972327156,Boredom,Joy,0.16341231194924863
0.003255524972327156,Boredom,Pride,0.08315770544130784
0.003255524972327156,Boredom,Sadness,0.009529286977857081
0.003255524972327156,Boredom,Shame,0.0983064422751206
0.003255524972327156,Fear,Boredom,0.005242004292058776
0.003255524972327156,Fear,Fear,0.6374503112542013
0.003255524972327156,Fear,Happiness,0.012019175048181396
0.003255524972327156,Fear,Joy,0.04387427631724322
0.003255524972327156,Fear,Pride,0.020264626290426937
0.003255524972327156,Fear,Sadness,0.17079687122022694
0.003255524972327156,Fear,Shame,0.11035273557766136
0.003255524972327156,Happiness,Boredom,0.4741290023904349
0.003255524972327156,Happiness,Fear,0.006481376228248362
0.003255524972327156,Happiness,Happiness,0.35715705019712785
0.003255524972327156,Happiness,Joy,0.026126245397746713
0.003255524972327156,Happiness,Pride,0.07302413121019818
0.003255524972327156,Happiness,Sadness,0.008992069453291306
0.003255524972327156,Happiness,Shame,0.054090125122952734
0.003255524972327156,Joy,Boredom,0.011424434422350305
0.003255524972327156,Joy,Fear,0.07141587409293526
0.003255524972327156,Joy,Happiness,0.08075748146903192
0.003255524972327156,Joy,Joy,0.32884321329600896
0.003255524972327156,Joy,Pride,0.2616502451274933
0.003255524972327156,Joy,Sadness,0.05382444855919424
0.003255524972327156,Joy,Shame,0.19208430303298601
0.003255524972327156,Pride,Boredom,0.05522990785741156
0.003255524972327156,Pride,Fear,0.020404333379726688
0.003255524972327156,Pride,Happiness,0.30456265037339453
0.003255524972327156,Pride,Joy,0.10533042561956044
0.003255524972327156,Pride,Pride,0.26047258239803023
0.003255524972327156,Pride,Sadness,0.05285165715411102
0.003255524972327156,Pride,Shame,0.20114844321776537
0.003255524972327156,Sadness,Boredom,0.03673522699381978
0.003255524972327156,Sadness,Fear,0.5820637026053833
0.003255524972327156,Sadness,Happiness,0.04069276580530057
0.003255524972327156,Sadness,Joy,0.06461072816371205
0.003255524972327156,Sadness,Pride,0.060126048866278134
0.003255524972327156,Sadness,Sadness,0.07328464689237611
0.003255524972327156,Sadness,Shame,0.14248688067313012
0.003255524972327156,Shame,Boredom,0.03990871521623572
0.003255524972327156,Shame,Fear,0.024964242634940872
0.003255524972327156,Shame,Happiness,0.22096792100846643
0.003255524972327156,Shame,Joy,0.1920063550909251
0.003255524972327156,Shame,Pride,0.24857935565085268
0.003255524972327156,Shame,Sadness,0.03916365457586817
0.003255524972327156,Shame,Shame,0.234409755822711
0.0032007232730564966,Boredom,Boredom,0.40217066554841935
0.0032007232730564966,Boredom,Fear,0.03483583508121096
0.0032007232730564966,Boredom,Happiness,0.1558392166046752
0.0032007232730564966,Boredom,Joy,0.16978098331864205
0.0032007232730564966,Boredom,Pride,0.09231250404521135
0.0032007232730564966,Boredom,Sadness,0.011648728501221908
0.0032007232730564966,Boredom,Shame,0.1334120669006191
0.0032007232730564966,Fear,Boredom,0.007014570513244741
0.0032007232730564966,Fear,Fear,0.5279066671273732
0.0032007232730564966,Fear,Happiness,0.014450950742841064
0.0032007232730564966,Fear,Joy,0.057228376100068125
0.0032007232730564966,Fear,Pride,0.030399972015521536
0.0032007232730564966,Fear,Sadness,0.20139159414756588
0.0032007232730564966,Fear,Shame,0.1616078693533854
0.0032007232730564966,Happiness,Boredom,0.4351059713736368
0.0032007232730564966,Happiness,Fear,0.0077500866678553906
0.0032007232730564966,Happiness,Happiness,0.3585566497070026
0.0032007232730564966,Happiness,Joy,0.032546328230840235
0.0032007232730564966,Happiness,Pride,0.08411718068910408
0.0032007232730564966,Happiness,Sadness,0.010890782449413437
0.0032007232730564966,Happiness,Shame,0.07103300088214747
0.0032007232730564966,Joy,Boredom,0.009123796070144035
0.0032007232730564966,Joy,Fear,0.06078963155248328
0.0032007232730564966,Joy,Happiness,0.0652694987369185
0.0032007232730564966,Joy,Joy,0.30684642252454336
0.0032007232730564966,Joy,Pride,0.26931302777047655
0.0032007232730564966,Joy,Sadness,0.051144316961932904
0.0032007232730564966,Joy,Shame,0.23751330638350135
0.0032007232730564966,Pride,Boredom,0.04677696428143292
0.0032007232730564966,Pride,Fear,0.015623471955463908
0.0032007232730564966,Pride,Happiness,0.27207912477758595
0.0032007232730564966,Pride,Joy,0.10916775940701798
0.0032007232730564966,Pride,Pride,0.26521027541400477
0.0032007232730564966,Pride,Sadness,0.04825952226521092
0.0032007232730564966,Pride,Shame,0.2428828818992835
0.0032007232730564966,Sadness,Boredom,0.0410351621781969
0.0032007232730564966,Sadness,Fear,0.46862307810735954
0.0032007232730564966,Sadness,Happiness,0.044064294602372475
0.0032007232730564966,Sadness,Joy,0.08220110448411119
0.0032007232730564966,Sadness,Pride,0.07954756201490205
0.0032007232730564966,Sadness,Sadness,0.08390970430788079
0.0032007232730564966,Sadness,Shame,0.20061909430517705
0.0032007232730564966,Shame,Boredom,0.03302579954504281
0.0032007232730564966,Shame,Fear,0.018904554923315813
0.0032007232730564966,Shame,Happiness,0.1755591849788695
0.0032007232730564966,Shame,Joy,0.20625956613396895
0.0032007232730564966,Shame,Pride,0.25440829352222044
0.0032007232730564966,Shame,Sadness,0.03480867414533905
0.0032007232730564966,Shame,Shame,0.27703392675124333
0.0031488384382972728,Boredom,Boredom,0.40960969034116795
0.0031488384382972728,Boredom,Fear,0.03413714048464289
0.0031488384382972728,Boredom,Happiness,0.171228228344476
0.0031488384382972728,Boredom,Joy,0.16552601666445624
0.0031488384382972728,Boredom,Pride,0.08562276235780487
0.0031488384382972728,Boredom,Sadness,0.009825018956761944
0.0031488384382972728,Boredom,Shame,0.12405114285068983
0.0031488384382972728,Fear,Boredom,0.005941861896254202
0.0031488384382972728,Fear,Fear,0.6038786042967654
0.0031488384382972728,Fear,Happiness,0.012570709684956362
0.0031488384382972728,Fear,Joy,0.04804103415096731
0.0031488384382972728,Fear,Pride,0.023420607826285918
0.0031488384382972728,Fear,Sadness,0.17379714420076192
0.0031488384382972728,Fear,Shame,0.13235003794400904
0.0031488384382972728,Happiness,Boredom,0.45414178373178105
0.0031488384382972728,Happiness,Fear,0.006580147836665634
0.0031488384382972728,Happiness,Happiness,0.36415424241816025
0.0031488384382972728,Happiness,Joy,0.028264149232298384
0.0031488384382972728,Happiness,Pride,0.07728495601473061
0.0031488384382972728,Happiness,Sadness,0.00931577785698706
0.0031488384382972728,Happiness,Shame,0.06025894290937723
0.0031488384382972728,Joy,Boredom,0.009989164817621693
0.0031488384382972728,Joy,Fear,0.06751525669379553
0.0031488384382972728,Joy,Happiness,0.07097851935299437
0.0031488384382972728,Joy,Joy,0.31939618061282177
0.0031488384382972728,Joy,Pride,0.26545470343846045
0.0031488384382972728,Joy,Sadness,0.051152524354966554
0.0031488384382972728,Joy,Shame,0.21551365072933987
0.0031488384382972728,Pride,Boredom,0.053647106971473374
0.0031488384382972728,Pride,Fear,0.01692202996900748
0.0031488384382972728,Pride,Happiness,0.2920705882204907
0.0031488384382972728,Pride,Joy,0.10591729227760492
0.0031488384382972728,Pride,Pride,0.26081138386780833
0.0031488384382972728,Pride,Sadness,0.0495861132848726
0.0031488384382972728,Pride,Shame,0.22104548540874217
0.0031488384382972728,Sadness,Boredom,0.04214670887433039
0.0031488384382972728,Sadness,Fear,0.538534640723737
0.0031488384382972728,Sadness,Happiness,0.040596144718531534
0.0031488384382972728,Sadness,Joy,0.07094193865462745
0.0031488384382972728,Sadness,Pride,0.06600791708134203
0.0031488384382972728,Sadness,Sadness,0.07310149720240099
0.0031488384382972728,Sadness,Shame,0.16867115274503025
0.0031488384382972728,Shame,Boredom,0.03638463643717841
0.0031488384382972728,Shame,Fear,0.020857172218818387
0.0031488384382972728,Shame,Happiness,0.19893903916063269
0.0031488384382972728,Shame,Joy,0.1987302159302875
0.0031488384382972728,Shame,Pride,0.25102031570604455
0.0031488384382972728,Shame,Sadness,0.035536134451031334
0.0031488384382972728,Shame,Shame,0.25853248609600726
0.0030260188944269384,Boredom,Boredom,0.38823658112749765
0.0030260188944269384,Boredom,Fear,0.03396380328847238
0.0030260188944269384,Boredom,Happiness,0.1778860722302944
0.0030260188944269384,Boredom,Joy,0.1599373519618037
0.0030260188944269384,Boredom,Pride,0.08620813991652243
0.0030260188944269384,Boredom,Sadness,0.01039243650888165
0.0030260188944269384,Boredom,Shame,0.14337561496652762
0.0030260188944269384,Fear,Boredom,0.007070858745829736
0.0030260188944269384,Fear,Fear,0.5651492479378569
0.0030260188944269384,Fear,Happiness,0.015780232637789906
0.0030260188944269384,Fear,Joy,0.05299591729267611
0.0030260188944269384,Fear,Pride,0.025619939903593705
0.0030260188944269384,Fear,Sadness,0.19047403349007908
0.0030260188944269384,Fear,Shame,0.1429097699921745
0.0030260188944269384,Happiness,Boredom,0.4522754069212474
0.0030260188944269384,Happiness,Fear,0.007315930065683555
0.0030260188944269384,Happiness,Happiness,0.35268921500198863
0.0030260188944269384,Happiness,Joy,0.033424471485753296
0.0030260188944269384,Happiness,Pride,0.07826330268536975
0.0030260188944269384,Happiness,Sadness,0.010102832436691182
0.0030260188944269384,Happiness,Shame,0.06592884140326596
0.0030260188944269384,Joy,Boredom,0.010273462021993156
0.0030260188944269384,Joy,Fear,0.07639173603693947
0.0030260188944269384,Joy,Happiness,0.07832860711839454
0.0030260188944269384,Joy,Joy,0.31104114425624474
0.0030260188944269384,Joy,Pride,0.2610991314570641
0.0030260188944269384,Joy,Sadness,0.05206736663747403
0.0030260188944269384,Joy,Shame,0.21079855247188978
0.0030260188944269384,Pride,Boredom,0.06038900482609486
0.0030260188944269384,Pride,Fear,0.017639178116280713
0.0030260188944269384,Pride,Happiness,0.2826681803872758
0.0030260188944269384,Pride,Joy,0.11727737716102639
0.0030260188944269384,Pride,Pride,0.25592784785906497
0.0030260188944269384,Pride,Sadness,0.04959505108164552
0.0030260188944269384,Pride,Shame,0.21650336056861225
0.0030260188944269384,Sadness,Boredom,0.04891936431337127
0.0030260188944269384,Sadness,Fear,0.5047166186223758
0.0030260188944269384,Sadness,Happiness,0.04567141666172287
0.0030260188944269384,Sadness,Joy,0.07709044769707298
0.0030260188944269384,Sadness,Pride,0.07205432256571587
0.0030260188944269384,Sadness,Sadness,0.07634987178914515
0.0030260188944269384,Sadness,Shame,0.17519795835059593
0.0030260188944269384,Shame,Boredom,0.0387787916567859
0.0030260188944269384,Shame,Fear,0.021717186410293524
0.0030260188944269384,Shame,Happiness,0.19996819609310096
0.0030260188944269384,Shame,Joy,0.20539091715710747
0.0030260188944269384,Shame,Pride,0.2499695370120711
0.0030260188944269384,Shame,Sadness,0.03563811398818206
0.0030260188944269384,Shame,Shame,0.24853725768245918
0.0033734150096486845,Boredom,Boredom,0.4516022465169558
0.0033734150096486845,Boredom,Fear,0.03568978696158132
0.0033734150096486845,Boredom,Happiness,0.14003962552934268
0.0033734150096486845,Boredom,Joy,0.182740757909381
0.0033734150096486845,Boredom,Pride,0.08836848421795687
0.0033734150096486845,Boredom,Sadness,0.010465039915815917
0.0033734150096486845,Boredom,Shame,0.09109405894896642
0.0033734150096486845,Fear,Boredom,0.003967779716226602
0.0033734150096486845,Fear,Fear,0.7039213446236714
0.0033734150096486845,Fear,Happiness,0.007260153402180755
0.0033734150096486845,Fear,Joy,0.03451049566663199
0.0033734150096486845,Fear,Pride,0.017422175752878168
0.0033734150096486845,Fear,Sadness,0.14360036157527736
0.0033734150096486845,Fear,Shame,0.08931768926313366
0.0033734150096486845,Happiness,Boredom,0.47661902264285005
0.0033734150096486845,Happiness,Fear,0.004883222699837503
0.0033734150096486845,Happiness,Happiness,0.37403914537749117
0.0033734150096486845,Happiness,Joy,0.02134582149631123
0.0033734150096486845,Happiness,Pride,0.07005990186410929
0.0033734150096486845,Happiness,Sadness,0.00709238353836483
0.0033734150096486845,Happiness,Shame,0.04596050238103588
0.0033734150096486845,Joy,Boredom,0.010542273789202155
0.0033734150096486845,Joy,Fear,0.07725405773011026
0.0033734150096486845,Joy,Happiness,0.06138495231055772
0.0033734150096486845,Joy,Joy,0.33719650845030713
0.0033734150096486845,Joy,Pride,0.26390585110721726
0.0033734150096486845,Joy,Sadness,0.052280298718561664
0.0033734150096486845,Joy,Shame,0.19743605789404392
0.0033734150096486845,Pride,Boredom,0.057319930207787646
0.0033734150096486845,Pride,Fear,0.01845245667380618
0.0033734150096486845,Pride,Happiness,0.3188640097323704
0.0033734150096486845,Pride,Joy,0.08660794145175492
0.0033734150096486845,Pride,Pride,0.263130178972683
0.0033734150096486845,Pride,Sadness,0.0519122657066017
0.0033734150096486845,Pride,Shame,0.20371321725499605
0.0033734150096486845,Sadness,Boredom,0.032894221945048936
0.0033734150096486845,Sadness,Fear,0.6447594548464801
0.0033734150096486845,Sadness,Happiness,0.03249023660129465
0.0033734150096486845,Sadness,Joy,0.05304895293838814
0.0033734150096486845,Sadness,Pride,0.05066554711200065
0.0033734150096486845,Sadness,Sadness,0.059719441241643564
0.0033734150096486845,Sadness,Shame,0.1264221453151438
0.0033734150096486845,Shame,Boredom,0.04028634427070585
0.0033734150096486845,Shame,Fear,0.023907356388187594
0.0033734150096486845,Shame,Happiness,0.22710704668925097
0.0033734150096486845,Shame,Joy,0.1621481992162715
0.0033734150096486845,Shame,Pride,0.25314972884853154
0.0033734150096486845,Shame,Sadness,0.03710574951281115
0.0033734150096486845,Shame,Shame,0.2562955750742418
0.0028928266077380247,Boredom,Boredom,0.3151112917414588
0.0028928266077380247,Boredom,Fear,0.04278527412857046
0.0028928266077380247,Boredom,Happiness,0.1759041817348108
0.0028928266077380247,Boredom,Joy,0.16757728703592345
0.0028928266077380247,Boredom,Pride,0.09697335646598325
0.0028928266077380247,Boredom,Sadness,0.015953490296528164
0.0028928266077380247,Boredom,Shame,0.18569511859672486
0.0028928266077380247,Fear,Boredom,0.012891232052293656
0.0028928266077380247,Fear,Fear,0.43903946522911297
0.0028928266077380247,Fear,Happiness,0.024104314852656024
0.0028928266077380247,Fear,Joy,0.06730305527810651
0.0028928266077380247,Fear,Pride,0.033801665807737996
0.0028928266077380247,Fear,Sadness,0.24407627393105086
0.0028928266077380247,Fear,Shame,0.17878399284904184
0.0028928266077380247,Happiness,Boredom,0.4181104357898546
0.0028928266077380247,Happiness,Fear,0.010343289981480947
0.0028928266077380247,Happiness,Happiness,0.30751688163530394
0.0028928266077380247,Happiness,Joy,0.05519414383618705
0.0028928266077380247,Happiness,Pride,0.08439737776031545
0.0028928266077380247,Happiness,Sadness,0.013888663222371913
0.0028928266077380247,Happiness,Shame,0.11054920777448625
0.0028928266077380247,Joy,Boredom,0.011433304581088112
0.0028928266077380247,Joy,Fear,0.13070370845823992
0.0028928266077380247,Joy,Happiness,0.07768297146781682
0.0028928266077380247,Joy,Joy,0.26831494691691693
0.0028928266077380247,Joy,Pride,0.24599609925565014
0.0028928266077380247,Joy,Sadness,0.05644913115181554
0.0028928266077380247,Joy,Shame,0.20941983816847287
0.0028928266077380247,Pride,Boredom,0.06847761324166925
0.0028928266077380247,Pride,Fear,0.020509812754084346
0.0028928266077380247,Pride,Happiness,0.24721981459692904
0.0028928266077380247,Pride,Joy,0.1443622215758633
0.0028928266077380247,Pride,Pride,0.2525668212049756
0.0028928266077380247,Pride,Sadness,0.05241750496932238
0.0028928266077380247,Pride,Shame,0.21444621165715608
0.0028928266077380247,Sadness,Boredom,0.06002601843375915
0.0028928266077380247,Sadness,Fear,0.39416037115857255
0.0028928266077380247,Sadness,Happiness,0.05314011700125617
0.0028928266077380247,Sadness,Joy,0.11375734407445558
0.0028928266077380247,Sadness,Pride,0.0906334758506235
0.0028928266077380247,Sadness,Sadness,0.09009483870341395
0.0028928266077380247,Sadness,Shame,0.19818783477791904
0.0028928266077380247,Shame,Boredom,0.04494470109124097
0.0028928266077380247,Shame,Fear,0.026332471271087746
0.0028928266077380247,Shame,Happiness,0.18488682295097808
0.0028928266077380247,Shame,Joy,0.22680366264396704
0.0028928266077380247,Shame,Pride,0.24707054601546735
0.0028928266077380247,Shame,Sadness,0.03900602715651636
0.0028928266077380247,Shame,Shame,0.2309557688707423
0.003147653260341925,Boredom,Boredom,0.39240633215485926
0.003147653260341925,Boredom,Fear,0.03458473263994334
0.003147653260341925,Boredom,Happiness,0.16254258739743388
0.003147653260341925,Boredom,Joy,0.1660312858237495
0.003147653260341925,Boredom,Pride,0.09068668135913945
0.003147653260341925,Boredom,Sadness,0.011873465870042637
0.003147653260341925,Boredom,Shame,0.14187491475483152
0.003147653260341925,Fear,Boredom,0.007507807962610407
0.003147653260341925,Fear,Fear,0.510866766483013
0.003147653260341925,Fear,Happiness,0.016757234752805345
0.003147653260341925,Fear,Joy,0.05997725956585426
0.003147653260341925,Fear,Pride,0.031028405288752177
0.003147653260341925,Fear,Sadness,0.20835103189309503
0.003147653260341925,Fear,Shame,0.16551149405387017
0.003147653260341925,Happiness,Boredom,0.43473671610579234
0.003147653260341925,Happiness,Fear,0.008286547200738239
0.003147653260341925,Happiness,Happiness,0.3497733577135416
0.003147653260341925,Happiness,Joy,0.03772420972979413
0.003147653260341925,Happiness,Pride,0.08454183415440879
0.003147653260341925,Happiness,Sadness,0.01162291600119475
0.003147653260341925,Happiness,Shame,0.07331441909452999
0.003147653260341925,Joy,Boredom,0.009697071907537628
0.003147653260341925,Joy,Fear,0.05937714716988089
0.003147653260341925,Joy,Happiness,0.07174811119233841
0.003147653260341925,Joy,Joy,0.3071540025124419
0.003147653260341925,Joy,Pride,0.26862170699942906
0.003147653260341925,Joy,Sadness,0.052088655488426866
0.003147653260341925,Joy,Shame,0.23131330472994557
0.003147653260341925,Pride,Boredom,0.05005184028304861
0.003147653260341925,Pride,Fear,0.016273131282798607
0.003147653260341925,Pride,Happiness,0.26663951829323307
0.003147653260341925,Pride,Joy,0.1204791712343263
0.003147653260341925,Pride,Pride,0.2619615481471562
0.003147653260341925,Pride,Sadness,0.04869224968087012
0.003147653260341925,Pride,Shame,0.23590254107856692
0.003147653260341925,Sadness,Boredom,0.04412836672339228
0.003147653260341925,Sadness,Fear,0.45644314917514084
0.003147653260341925,Sadness,Happiness,0.0476228325045901
0.003147653260341925,Sadness,Joy,0.08547479601160413
0.003147653260341925,Sadness,Pride,0.08214805732753414
0.003147653260341925,Sadness,Sadness,0.08271118739999103
0.003147653260341925,Sadness,Shame,0.20147161085774767
0.003147653260341925,Shame,Boredom,0.035310135271248065
0.003147653260341925,Shame,Fear,0.020081222985174264
0.003147653260341925,Shame,Happiness,0.1787681568071031
0.003147653260341925,Shame,Joy,0.21074306509602178
0.003147653260341925,Shame,Pride,0.253336317451063
0.003147653260341925,Shame,Sadness,0.03567550160637125
0.003147653260341925,Shame,Shame,0.26608560078301835
0.003223246852391775,Boredom,Boredom,0.42803999166586326
0.003223246852391775,Boredom,Fear,0.034279250468601155
0.003223246852391775,Boredom,Happiness,0.18868256930742028
0.003223246852391775,Boredom,Joy,0.16280392669668767
0.003223246852391775,Boredom,Pride,0.08269308648952832
0.003223246852391775,Boredom,Sadness,0.009006418819280038
0.003223246852391775,Boredom,Shame,0.09449475655261938
0.003223246852391775,Fear,Boredom,0.005083612313132598
0.003223246852391775,Fear,Fear,0.6507771783422474
0.003223246852391775,Fear,Happiness,0.011139956381536982
0.003223246852391775,Fear,Joy,0.042112157776756524
0.003223246852391775,Fear,Pride,0.018962479623535033
0.003223246852391775,Fear,Sadness,0.16650572789540724
0.003223246852391775,Fear,Shame,0.10541888766738451
0.003223246852391775,Happiness,Boredom,0.4745970804596401
0.003223246852391775,Happiness,Fear,0.005876815289345276
0.003223246852391775,Happiness,Happiness,0.36220743357397717
0.003223246852391775,Happiness,Joy,0.025011195552531843
0.003223246852391775,Happiness,Pride,0.07182720005604015
0.003223246852391775,Happiness,Sadness,0.00830528543210108
0.003223246852391775,Happiness,Shame,0.05217498963636441
0.003223246852391775,Joy,Boredom,0.01117719447969997
0.003223246852391775,Joy,Fear,0.06997617122946184
0.003223246852391775,Joy,Happiness,0.07997205109808783
0.003223246852391775,Joy,Joy,0.3299246007621936
0.003223246852391775,Joy,Pride,0.26221740363611323
0.003223246852391775,Joy,Sadness,0.052708717931881116
0.003223246852391775,Joy,Shame,0.1940238608625625
0.003223246852391775,Pride,Boredom,0.05552406648641283
0.003223246852391775,Pride,Fear,0.019285220233113087
0.003223246852391775,Pride,Happiness,0.3072822135983808
0.003223246852391775,Pride,Joy,0.10372295120314526
0.003223246852391775,Pride,Pride,0.2599998812154398
0.003223246852391775,Pride,Sadness,0.051916033899749386
0.003223246852391775,Pride,Shame,0.20226963336375878
0.003223246852391775,Sadness,Boredom,0.03715733508826466
0.003223246852391775,Sadness,Fear,0.5922736155818639
0.003223246852391775,Sadness,Happiness,0.03960414234028104
0.003223246852391775,Sadness,Joy,0.06287214081884666
0.003223246852391775,Sadness,Pride,0.05785273930027419
0.003223246852391775,Sadness,Sadness,0.07087509518729497
0.003223246852391775,Sadness,Shame,0.13936493168317443
0.003223246852391775,Shame,Boredom,0.03981919522450387
0.003223246852391775,Shame,Fear,0.02380821837643688
0.003223246852391775,Shame,Happiness,0.22034239230028171
0.003223246852391775,Shame,Joy,0.18907260131167677
0.003223246852391775,Shame,Pride,0.24867839546004966
0.003223246852391775,Shame,Sadness,0.03793598070273829
0.003223246852391775,Shame,Shame,0.24034321662431263
0.0033216055633308776,Boredom,Boredom,0.4475585228155469
0.0033216055633308776,Boredom,Fear,0.035201955980927756
0.0033216055633308776,Boredom,Happiness,0.14934347291440375
0.0033216055633308776,Boredom,Joy,0.17965770285069205
0.0033216055633308776,Boredom,Pride,0.08603487359679352
0.0033216055633308776,Boredom,Sadness,0.009699590892281574
0.0033216055633308776,Boredom,Shame,0.09250388094935441
0.0033216055633308776,Fear,Boredom,0.004159831585244339
0.0033216055633308776,Fear,Fear,0.693200336988215
0.0033216055633308776,Fear,Happiness,0.007686412890299414
0.0033216055633308776,Fear,Joy,0.03595170683254753
0.0033216055633308776,Fear,Pride,0.018187450879643734
0.0033216055633308776,Fear,Sadness,0.1481373668415233
0.0033216055633308776,Fear,Shame,0.09267689398252649
0.0033216055633308776,Happiness,Boredom,0.4778159885405389
0.0033216055633308776,Happiness,Fear,0.005039168448412055
0.0033216055633308776,Happiness,Happiness,0.3705118636300729
0.0033216055633308776,Happiness,Joy,0.021774415061912092
0.0033216055633308776,Happiness,Pride,0.07040740368777307
0.0033216055633308776,Happiness,Sadness,0.007184627697605519
0.0033216055633308776,Happiness,Shame,0.0472665329336854
0.0033216055633308776,Joy,Boredom,0.010505001598996859
0.0033216055633308776,Joy,Fear,0.07519518213297924
0.0033216055633308776,Joy,Happiness,0.06162413359741588
0.0033216055633308776,Joy,Joy,0.3374711579088723
0.0033216055633308776,Joy,Pride,0.2639281138261669
0.0033216055633308776,Joy,Sadness,0.051951434236049664
0.0033216055633308776,Joy,Shame,0.1993249766995194
0.0033216055633308776,Pride,Boredom,0.056648915260438096
0.0033216055633308776,Pride,Fear,0.01847486646722263
0.0033216055633308776,Pride,Happiness,0.3161910665398221
0.0033216055633308776,Pride,Joy,0.08742903652828304
0.0033216055633308776,Pride,Pride,0.26372152157278045
0.0033216055633308776,Pride,Sadness,0.05157554766256651
0.0033216055633308776,Pride,Shame,0.2059590459688874
0.0033216055633308776,Sadness,Boredom,0.03392638881424206
0.0033216055633308776,Sadness,Fear,0.6349854214014009
0.0033216055633308776,Sadness,Happiness,0.03306097870077413
0.0033216055633308776,Sadness,Joy,0.05497733776730944
0.0033216055633308776,Sadness,Pride,0.05177750100839543
0.0033216055633308776,Sadness,Sadness,0.061053962927407654
0.0033216055633308776,Sadness,Shame,0.13021840938047005
0.0033216055633308776,Shame,Boredom,0.039927680726096496
0.0033216055633308776,Shame,Fear,0.023407829467675507
0.0033216055633308776,Shame,Happiness,0.22551436787469537
0.0033216055633308776,Shame,Joy,0.16673255542810417
0.0033216055633308776,Shame,Pride,0.2525178705567799
0.0033216055633308776,Shame,Sadness,0.03609260329782042
0.0033216055633308776,Shame,Shame,0.25580709264882856
0.0034491365212981962,Boredom,Boredom,0.42718241883803454
0.0034491365212981962,Boredom,Fear,0.03794501046806243
0.0034491365212981962,Boredom,Happiness,0.12181131682096472
0.0034491365212981962,Boredom,Joy,0.18539466244571653
0.0034491365212981962,Boredom,Pride,0.10012863034295391
0.0034491365212981962,Boredom,Sadness,0.01371870942688873
0.0034491365212981962,Boredom,Shame,0.1138192516573793
0.0034491365212981962,Fear,Boredom,0.005677316475443594
0.0034491365212981962,Fear,Fear,0.5898220993667539
0.0034491365212981962,Fear,Happiness,0.01032879506337172
0.0034491365212981962,Fear,Joy,0.047941802103124355
0.0034491365212981962,Fear,Pride,0.027095271647525582
0.0034491365212981962,Fear,Sadness,0.17938879223932022
0.0034491365212981962,Fear,Shame,0.13974592310446043
0.0034491365212981962,Happiness,Boredom,0.4340100421558746
0.0034491365212981962,Happiness,Fear,0.006767743332813696
0.0034491365212981962,Happiness,Happiness,0.3733034317512563
0.0034491365212981962,Happiness,Joy,0.027925642173470065
0.0034491365212981962,Happiness,Pride,0.08316492291493514
0.0034491365212981962,Happiness,Sadness,0.009896176963009458
0.0034491365212981962,Happiness,Shame,0.06493204070864084
0.0034491365212981962,Joy,Boredom,0.008724428089301113
0.0034491365212981962,Joy,Fear,0.07181426559801904
0.0034491365212981962,Joy,Happiness,0.05762978541233977
0.0034491365212981962,Joy,Joy,0.30526178126790965
0.0034491365212981962,Joy,Pride,0.268775169477764
0.0034491365212981962,Joy,Sadness,0.051608513586746556
0.0034491365212981962,Joy,Shame,0.23618605656791972
0.0034491365212981962,Pride,Boredom,0.049848632653796854
0.0034491365212981962,Pride,Fear,0.015675369579722247
0.0034491365212981962,Pride,Happiness,0.2860354355536839
0.0034491365212981962,Pride,Joy,0.08411500992071608
0.0034491365212981962,Pride,Pride,0.2705556141127469
0.0034491365212981962,Pride,Sadness,0.0492656228892961
0.0034491365212981962,Pride,Shame,0.24450431529003802
0.0034491365212981962,Sadness,Boredom,0.03710757690776637
0.0034491365212981962,Sadness,Fear,0.5254566848560394
0.0034491365212981962,Sadness,Happiness,0.038711986144732397
0.0034491365212981962,Sadness,Joy,0.07144586933212507
0.0034491365212981962,Sadness,Pride,0.07125066779504506
0.0034491365212981962,Sadness,Sadness,0.07280468293982367
0.0034491365212981962,Sadness,Shame,0.18322253202446773
0.0034491365212981962,Shame,Boredom,0.03473330770833282
0.0034491365212981962,Shame,Fear,0.020563666919785478
0.0034491365212981962,Shame,Happiness,0.19972600805036791
0.0034491365212981962,Shame,Joy,0.15822510169775988
0.0034491365212981962,Shame,Pride,0.2611380168942205
0.0034491365212981962,Shame,Sadness,0.035227987516026196
0.0034491365212981962,Shame,Shame,0.29038591121350743
0.0033404771955778704,Boredom,Boredom,0.4366304104258137
0.0033404771955778704,Boredom,Fear,0.035614699707155195
0.0033404771955778704,Boredom,Happiness,0.16342650498992692
0.0033404771955778704,Boredom,Joy,0.17789700424164046
0.0033404771955778704,Boredom,Pride,0.08532846362254311
0.0033404771955778704,Boredom,Sadness,0.010369889865047431
0.0033404771955778704,Boredom,Shame,0.09073302714787343
0.0033404771955778704,Fear,Boredom,0.0045474957969996845
0.0033404771955778704,Fear,Fear,0.6702461701633469
0.0033404771955778704,Fear,Happiness,0.009050805146998055
0.0033404771955778704,Fear,Joy,0.03916637689870539
0.0033404771955778704,Fear,Pride,0.019145353533223077
0.0033404771955778704,Fear,Sadness,0.15583572168592644
0.0033404771955778704,Fear,Shame,0.10200807677480045
0.0033404771955778704,Happiness,Boredom,0.47568670609836244
0.0033404771955778704,Happiness,Fear,0.005719111398642935
0.0033404771955778704,Happiness,Happiness,0.3664352784572421
0.0033404771955778704,Happiness,Joy,0.02284370724727532
0.0033404771955778704,Happiness,Pride,0.07146862324229773
0.0033404771955778704,Happiness,Sadness,0.008245687262672382
0.0033404771955778704,Happiness,Shame,0.04960088629350705
0.0033404771955778704,Joy,Boredom,0.010954853384554101
0.0033404771955778704,Joy,Fear,0.07534421739648692
0.0033404771955778704,Joy,Happiness,0.06392632860326007
0.0033404771955778704,Joy,Joy,0.3379696576964735
0.0033404771955778704,Joy,Pride,0.26380931068193425
0.0033404771955778704,Joy,Sadness,0.05413712711065546
0.0033404771955778704,Joy,Shame,0.19385850512663555
0.0033404771955778704,Pride,Boredom,0.05783138948008544
0.0033404771955778704,Pride,Fear,0.020179677151869135
0.0033404771955778704,Pride,Happiness,0.31360626325533497
0.0033404771955778704,Pride,Joy,0.09041130291952051
0.0033404771955778704,Pride,Pride,0.2632569327713754
0.0033404771955778704,Pride,Sadness,0.05305305623885339
0.0033404771955778704,Pride,Shame,0.20166137818296126
0.0033404771955778704,Sadness,Boredom,0.034549970219247564
0.0033404771955778704,Sadness,Fear,0.6155910872308745
0.0033404771955778704,Sadness,Happiness,0.03477411433190068
0.0033404771955778704,Sadness,Joy,0.05882152844505873
0.0033404771955778704,Sadness,Pride,0.05544154226198069
0.0033404771955778704,Sadness,Sadness,0.06523792943674715
0.0033404771955778704,Sadness,Shame,0.1355838280741907
0.0033404771955778704,Shame,Boredom,0.041000536970055595
0.0033404771955778704,Shame,Fear,0.02499426742191357
0.0033404771955778704,Shame,Happiness,0.22467260383566595
0.0033404771955778704,Shame,Joy,0.17802354492897607
0.0033404771955778704,Shame,Pride,0.25029074245996963
0.0033404771955778704,Shame,Sadness,0.03917819043885595
0.0033404771955778704,Shame,Shame,0.24184011394456323
0.003158772644548924,Boredom,Boredom,0.42708172363849306
0.003158772644548924,Boredom,Fear,0.033193167490060384
0.003158772644548924,Boredom,Happiness,0.18932965395845092
0.003158772644548924,Boredom,Joy,0.15881748027012374
0.003158772644548924,Boredom,Pride,0.08072699205949856
0.003158772644548924,Boredom,Sadness,0.008698815525178096
0.003158772644548924,Boredom,Shame,0.10215216705819519
0.003158772644548924,Fear,Boredom,0.0049910832991383255
0.003158772644548924,Fear,Fear,0.6499195049122325
0.003158772644548924,Fear,Happiness,0.01139036102795414
0.003158772644548924,Fear,Joy,0.04223985305994214
0.003158772644548924,Fear,Pride,0.019531195535826853
0.003158772644548924,Fear,Sadness,0.1670502251092927
0.003158772644548924,Fear,Shame,0.1048777770556135
0.003158772644548924,Happiness,Boredom,0.47491617743443676
0.003158772644548924,Happiness,Fear,0.005626076471001881
0.003158772644548924,Happiness,Happiness,0.363378532718079
0.003158772644548924,Happiness,Joy,0.025045747318240323
0.003158772644548924,Happiness,Pride,0.07118535380182688
0.003158772644548924,Happiness,Sadness,0.008041076492214902
0.003158772644548924,Happiness,Shame,0.05180703576420052
0.003158772644548924,Joy,Boredom,0.011291942817847747
0.003158772644548924,Joy,Fear,0.0639250633613395
0.003158772644548924,Joy,Happiness,0.08454131515130635
0.003158772644548924,Joy,Joy,0.3289494238893324
0.003158772644548924,Joy,Pride,0.2629283143393438
0.003158772644548924,Joy,Sadness,0.05242103735816056
0.003158772644548924,Joy,Shame,0.19594290308266946
0.003158772644548924,Pride,Boredom,0.05797319297928153
0.003158772644548924,Pride,Fear,0.01838889346037067
0.003158772644548924,Pride,Happiness,0.3064653102600085
0.003158772644548924,Pride,Joy,0.10459864731225056
0.003158772644548924,Pride,Pride,0.25865492005837976
0.003158772644548924,Pride,Sadness,0.050415111781586114
0.003158772644548924,Pride,Shame,0.203503924148123
0.003158772644548924,Sadness,Boredom,0.03796392079081434
0.003158772644548924,Sadness,Fear,0.59074592772161
0.003158772644548924,Sadness,Happiness,0.04157283575618806
0.003158772644548924,Sadness,Joy,0.06340861851784303
0.003158772644548924,Sadness,Pride,0.05852843600061124
0.003158772644548924,Sadness,Sadness,0.06775642810280073
0.003158772644548924,Sadness,Shame,0.14002383311013225
0.003158772644548924,Shame,Boredom,0.04068017597354012
0.003158772644548924,Shame,Fear,0.02282940157308316
0.003158772644548924,Shame,Happiness,0.21946034603311124
0.003158772644548924,Shame,Joy,0.18834544177052573
0.003158772644548924,Shame,Pride,0.24885933688651313
0.003158772644548924,Shame,Sadness,0.03598110970460896
0.003158772644548924,Shame,Shame,0.24384418805861777
0.0033029727867504425,Boredom,Boredom,0.41593702205906763
0.0033029727867504425,Boredom,Fear,0.03614044432926779
0.0033029727867504425,Boredom,Happiness,0.13867828468900578
0.0033029727867504425,Boredom,Joy,0.17788686462250597
0.0033029727867504425,Boredom,Pride,0.09719711329668715
0.0033029727867504425,Boredom,Sadness,0.012233689675950277
0.0033029727867504425,Boredom,Shame,0.12192658132751516
0.0033029727867504425,Fear,Boredom,0.006243578284717123
0.0033029727867504425,Fear,Fear,0.5603571719861346
0.0033029727867504425,Fear,Happiness,0.011406836925730244
0.0033029727867504425,Fear,Joy,0.05198384171284173
0.0033029727867504425,Fear,Pride,0.029176792675478905
0.0033029727867504425,Fear,Sadness,0.18938491028582335
0.0033029727867504425,Fear,Shame,0.1514468681292742
0.0033029727867504425,Happiness,Boredom,0.4330211181702141
0.0033029727867504425,Happiness,Fear,0.006997472730045288
0.0033029727867504425,Happiness,Happiness,0.3702239254110372
0.0033029727867504425,Happiness,Joy,0.028481612096069257
0.0033029727867504425,Happiness,Pride,0.08388377460498075
0.0033029727867504425,Happiness,Sadness,0.010057200343890208
0.0033029727867504425,Happiness,Shame,0.06733489664376331
0.0033029727867504425,Joy,Boredom,0.008467750549435804
0.0033029727867504425,Joy,Fear,0.06841967058922459
0.0033029727867504425,Joy,Happiness,0.05606187639717956
0.0033029727867504425,Joy,Joy,0.3039863147664026
0.0033029727867504425,Joy,Pride,0.2692539637709524
0.0033029727867504425,Joy,Sadness,0.05065410914570662
0.0033029727867504425,Joy,Shame,0.24315631478109842
0.0033029727867504425,Pride,Boredom,0.04789254257418157
0.0033029727867504425,Pride,Fear,0.015261977535793027
0.0033029727867504425,Pride,Happiness,0.2805552851067317
0.0033029727867504425,Pride,Joy,0.08687089528032628
0.0033029727867504425,Pride,Pride,0.2708654425622668
0.0033029727867504425,Pride,Sadness,0.04842528120226688
0.0033029727867504425,Pride,Shame,0.2501285757384341
0.0033029727867504425,Sadness,Boredom,0.03834456118929441
0.0033029727867504425,Sadness,Fear,0.497662119896716
0.0033029727867504425,Sadness,Happiness,0.039332409771810115
0.0033029727867504425,Sadness,Joy,0.0768805905628576
0.0033029727867504425,Sadness,Pride,0.07508846114398839
0.0033029727867504425,Sadness,Sadness,0.07677793453488942
0.0033029727867504425,Sadness,Shame,0.19591392290044427
0.0033029727867504425,Shame,Boredom,0.03286120719520198
0.0033029727867504425,Shame,Fear,0.01795490938848673
0.0033029727867504425,Shame,Happiness,0.18293521308918262
0.0033029727867504425,Shame,Joy,0.18719451359058034
0.0033029727867504425,Shame,Pride,0.2565163888892416
0.0033029727867504425,Shame,Sadness,0.03386867537621102
0.0033029727867504425,Shame,Shame,0.28866909247109557
0.003021582772151797,Boredom,Boredom,0.3120898504393468
0.003021582772151797,Boredom,Fear,0.03691852414928429
0.003021582772151797,Boredom,Happiness,0.13656380380215116
0.003021582772151797,Boredom,Joy,0.16632850234417978
0.003021582772151797,Boredom,Pride,0.10290735794459366
0.003021582772151797,Boredom,Sadness,0.013438002366852369
0.003021582772151797,Boredom,Shame,0.23175395895359213
0.003021582772151797,Fear,Boredom,0.00876356683177745
0.003021582772151797,Fear,Fear,0.4762527630251137
0.003021582772151797,Fear,Happiness,0.015293455414647565
0.003021582772151797,Fear,Joy,0.062414433958297495
0.003021582772151797,Fear,Pride,0.03422456745265439
0.003021582772151797,Fear,Sadness,0.20628552428975777
0.003021582772151797,Fear,Shame,0.19676568902775166
0.003021582772151797,Happiness,Boredom,0.3996542793333265
0.003021582772151797,Happiness,Fear,0.008194873803085208
0.003021582772151797,Happiness,Happiness,0.354829099786421
0.003021582772151797,Happiness,Joy,0.040079791791740725
0.003021582772151797,Happiness,Pride,0.09111808242945259
0.003021582772151797,Happiness,Sadness,0.012038782388085895
0.003021582772151797,Happiness,Shame,0.09408509046788786
0.003021582772151797,Joy,Boredom,0.00699750601653527
0.003021582772151797,Joy,Fear,0.09200825675739656
0.003021582772151797,Joy,Happiness,0.05509407187218641
0.003021582772151797,Joy,Joy,0.2747721396165792
0.003021582772151797,Joy,Pride,0.261858602965113
0.003021582772151797,Joy,Sadness,0.04923492299312248
0.003021582772151797,Joy,Shame,0.2600344997790672
0.003021582772151797,Pride,Boredom,0.04904933505059033
0.003021582772151797,Pride,Fear,0.012517860458959041
0.003021582772151797,Pride,Happiness,0.24446392107989992
0.003021582772151797,Pride,Joy,0.12059547266240757
0.003021582772151797,Pride,Pride,0.2633103063769859
0.003021582772151797,Pride,Sadness,0.0455675932195931
0.003021582772151797,Pride,Shame,0.2644955111515644
0.003021582772151797,Sadness,Boredom,0.04926016116466772
0.003021582772151797,Sadness,Fear,0.4085393222367576
0.003021582772151797,Sadness,Happiness,0.04183402031178262
0.003021582772151797,Sadness,Joy,0.09015038711860965
0.003021582772151797,Sadness,Pride,0.08858773713166299
0.003021582772151797,Sadness,Sadness,0.08650922408455451
0.003021582772151797,Sadness,Shame,0.23511914795196465
0.003021582772151797,Shame,Boredom,0.03158324813301046
0.003021582772151797,Shame,Fear,0.01622358106344678
0.003021582772151797,Shame,Happiness,0.14385597253946897
0.003021582772151797,Shame,Joy,0.21185948084013267
0.003021582772151797,Shame,Pride,0.26016917797556877
0.003021582772151797,Shame,Sadness,0.03263698318100264
0.003021582772151797,Shame,Shame,0.30367155626736947
