C,Story,Emotion,Val
0.0032430935026875438,Boredom,Boredom,0.5175511666203497
0.0032430935026875438,Boredom,Fear,0.007909840471648234
0.0032430935026875438,Boredom,Happiness,0.32361907297700704
0.0032430935026875438,Boredom,Joy,0.01786856273573044
0.0032430935026875438,Boredom,Pride,0.06501449056176657
0.0032430935026875438,Boredom,Sadness,0.01715603124530542
0.0032430935026875438,Boredom,Shame,0.050880835388192214
0.0032430935026875438,Fear,Boredom,0.0028134003774754864
0.0032430935026875438,Fear,Fear,0.5610072301027761
0.0032430935026875438,Fear,Happiness,0.011255271728614779
0.0032430935026875438,Fear,Joy,0.03138952845667756
0.0032430935026875438,Fear,Pride,0.018580098265248545
0.0032430935026875438,Fear,Sadness,0.253542026593728
0.0032430935026875438,Fear,Shame,0.12141244447548001
0.0032430935026875438,Happiness,Boredom,0.16162995431906146
0.0032430935026875438,Happiness,Fear,0.012038638115841134
0.0032430935026875438,Happiness,Happiness,0.32054851526410966
0.0032430935026875438,Happiness,Joy,0.07481126930455616
0.0032430935026875438,Happiness,Pride,0.24235303990334023
0.0032430935026875438,Happiness,Sadness,0.020553804048732693
0.0032430935026875438,Happiness,Shame,0.16806477904435876
0.0032430935026875438,Joy,Boredom,0.010614819934858282
0.0032430935026875438,Joy,Fear,0.04124489953007562
0.0032430935026875438,Joy,Happiness,0.10701074658069776
0.0032430935026875438,Joy,Joy,0.35120504988359325
0.0032430935026875438,Joy,Pride,0.2702738084609287
0.0032430935026875438,Joy,Sadness,0.021314532565218765
0.0032430935026875438,Joy,Shame,0.19833614304462763
0.0032430935026875438,Pride,Boredom,0.13032351172502965
0.0032430935026875438,Pride,Fear,0.03928387070620996
0.0032430935026875438,Pride,Happiness,0.2518858711084994
0.0032430935026875438,Pride,Joy,0.15236688878052382
0.0032430935026875438,Pride,Pride,0.2343484183493891
0.0032430935026875438,Pride,Sadness,0.029150507951374017
0.0032430935026875438,Pride,Shame,0.16264093137897379
0.0032430935026875438,Sadness,Boredom,0.022048560956535
0.0032430935026875438,Sadness,Fear,0.30282112778640424
0.0032430935026875438,Sadness,Happiness,0.03502484529354721
0.0032430935026875438,Sadness,Joy,0.014660087774279356
0.0032430935026875438,Sadness,Pride,0.021017291261377906
0.0032430935026875438,Sadness,Sadness,0.48363440188601997
0.0032430935026875438,Sadness,Shame,0.12079368504183627
0.0032430935026875438,Shame,Boredom,0.006353896889108769
0.0032430935026875438,Shame,Fear,0.4772397885355539
0.0032430935026875438,Shame,Happiness,0.021026341204347845
0.0032430935026875438,Shame,Joy,0.06324669658249192
0.0032430935026875438,Shame,Pride,0.04512961964066784
0.0032430935026875438,Shame,Sadness,0.20895885702076955
0.0032430935026875438,Shame,Shame,0.17804480012706034
0.003052924037230223,Boredom,Boredom,0.47386014104594737
0.003052924037230223,Boredom,Fear,0.011292535709232231
0.003052924037230223,Boredom,Happiness,0.30885104060734025
0.003052924037230223,Boredom,Joy,0.03075530235764296
0.003052924037230223,Boredom,Pride,0.07770924336247591
0.003052924037230223,Boredom,Sadness,0.024035473409015365
0.003052924037230223,Boredom,Shame,0.07349626350834641
0.003052924037230223,Fear,Boredom,0.005230819269878975
0.003052924037230223,Fear,Fear,0.4193186377151579
0.003052924037230223,Fear,Happiness,0.01825876276504006
0.003052924037230223,Fear,Joy,0.04409229935017213
0.003052924037230223,Fear,Pride,0.029137921109066166
0.003052924037230223,Fear,Sadness,0.30566855478601074
0.003052924037230223,Fear,Shame,0.178293005004674
0.003052924037230223,Happiness,Boredom,0.13128535112375986
0.003052924037230223,Happiness,Fear,0.013146727912232611
0.003052924037230223,Happiness,Happiness,0.28345752729143003
0.003052924037230223,Happiness,Joy,0.09892421733356214
0.003052924037230223,Happiness,Pride,0.2495102060907714
0.003052924037230223,Happiness,Sadness,0.021791854214934712
0.003052924037230223,Happiness,Shame,0.20188411603330889
0.003052924037230223,Joy,Boredom,0.010400741371076916
0.003052924037230223,Joy,Fear,0.04017574827837673
0.003052924037230223,Joy,Happiness,0.10866258670670703
0.003052924037230223,Joy,Joy,0.3239185164569931
0.003052924037230223,Joy,Pride,0.27209161162861595
0.003052924037230223,Joy,Sadness,0.022671073723747045
0.003052924037230223,Joy,Shame,0.22207972183448335
0.003052924037230223,Pride,Boredom,0.12223738194375537
0.003052924037230223,Pride,Fear,0.03562620844688268
0.003052924037230223,Pride,Happiness,0.2103208541519078
0.003052924037230223,Pride,Joy,0.1776654323597174
0.003052924037230223,Pride,Pride,0.24081965447567985
0.003052924037230223,Pride,Sadness,0.02916312919085675
0.003052924037230223,Pride,Shame,0.18416733943120028
0.003052924037230223,Sadness,Boredom,0.028920293717042793
0.003052924037230223,Sadness,Fear,0.2437262582293258
0.003052924037230223,Sadness,Happiness,0.04009113608469461
0.003052924037230223,Sadness,Joy,0.022594470180843533
0.003052924037230223,Sadness,Pride,0.029452709712846407
0.003052924037230223,Sadness,Sadness,0.4636443605606781
0.003052924037230223,Sadness,Shame,0.17157077151456876
0.003052924037230223,Shame,Boredom,0.008733016089826066
0.003052924037230223,Shame,Fear,0.3657902268787534
0.003052924037230223,Shame,Happiness,0.027263151742491814
0.003052924037230223,Shame,Joy,0.0785078359602041
0.003052924037230223,Shame,Pride,0.051069650908018106
0.003052924037230223,Shame,Sadness,0.24806301744924045
0.003052924037230223,Shame,Shame,0.22057310097146612
0.0033061298259008604,Boredom,Boredom,0.48660047407390866
0.0033061298259008604,Boredom,Fear,0.008437264598724858
0.0033061298259008604,Boredom,Happiness,0.3289959891662315
0.0033061298259008604,Boredom,Joy,0.01939954018285386
0.0033061298259008604,Boredom,Pride,0.072544635723582
0.0033061298259008604,Boredom,Sadness,0.019783478008355285
0.0033061298259008604,Boredom,Shame,0.06423861824634416
0.0033061298259008604,Fear,Boredom,0.0034073848779406115
0.0033061298259008604,Fear,Fear,0.46944918660188834
0.0033061298259008604,Fear,Happiness,0.01018032357984264
0.0033061298259008604,Fear,Joy,0.03789079322867018
0.0033061298259008604,Fear,Pride,0.025261048009344284
0.0033061298259008604,Fear,Sadness,0.2886673638643573
0.0033061298259008604,Fear,Shame,0.16514389983795658
0.0033061298259008604,Happiness,Boredom,0.12891348566203978
0.0033061298259008604,Happiness,Fear,0.009576561086112727
0.0033061298259008604,Happiness,Happiness,0.306383274630848
0.0033061298259008604,Happiness,Joy,0.06579608318421369
0.0033061298259008604,Happiness,Pride,0.2529483994286227
0.0033061298259008604,Happiness,Sadness,0.018303044635336888
0.0033061298259008604,Happiness,Shame,0.21807915137282638
0.0033061298259008604,Joy,Boredom,0.008275202741783286
0.0033061298259008604,Joy,Fear,0.037855842019184724
0.0033061298259008604,Joy,Happiness,0.07525679882999371
0.0033061298259008604,Joy,Joy,0.3331364933958473
0.0033061298259008604,Joy,Pride,0.2832449312390267
0.0033061298259008604,Joy,Sadness,0.019819683367390532
0.0033061298259008604,Joy,Shame,0.2424110484067738
0.0033061298259008604,Pride,Boredom,0.09244253915761194
0.0033061298259008604,Pride,Fear,0.036996633006798986
0.0033061298259008604,Pride,Happiness,0.23488424700494698
0.0033061298259008604,Pride,Joy,0.1478459217845312
0.0033061298259008604,Pride,Pride,0.247633550108637
0.0033061298259008604,Pride,Sadness,0.03230835446566631
0.0033061298259008604,Pride,Shame,0.2078887544718078
0.0033061298259008604,Sadness,Boredom,0.01732528320006522
0.0033061298259008604,Sadness,Fear,0.21351160895144403
0.0033061298259008604,Sadness,Happiness,0.031022920740025002
0.0033061298259008604,Sadness,Joy,0.015127619013750654
0.0033061298259008604,Sadness,Pride,0.02519778807650576
0.0033061298259008604,Sadness,Sadness,0.539243298140394
0.0033061298259008604,Sadness,Shame,0.15857148187781483
0.0033061298259008604,Shame,Boredom,0.007125544620227561
0.0033061298259008604,Shame,Fear,0.38755814701691077
0.0033061298259008604,Shame,Happiness,0.01859498942105936
0.0033061298259008604,Shame,Joy,0.07180607423148921
0.0033061298259008604,Shame,Pride,0.06282438680906847
0.0033061298259008604,Shame,Sadness,0.21682321197670346
0.0033061298259008604,Shame,Shame,0.23526764592454102
0.0033330159378210057,Boredom,Boredom,0.5316095353583664
0.0033330159378210057,Boredom,Fear,0.005841786242165338
0.0033330159378210057,Boredom,Happiness,0.33001248776643144
0.0033330159378210057,Boredom,Joy,0.014123859545114328
0.0033330159378210057,Boredom,Pride,0.059728817925785965
0.0033330159378210057,Boredom,Sadness,0.01343811056751225
0.0033330159378210057,Boredom,Shame,0.04524540259462422
0.0033330159378210057,Fear,Boredom,0.0017923934042995261
0.0033330159378210057,Fear,Fear,0.6193963877095711
0.0033330159378210057,Fear,Happiness,0.006591100939234637
0.0033330159378210057,Fear,Joy,0.02530967222584158
0.0033330159378210057,Fear,Pride,0.014963022087892658
0.0033330159378210057,Fear,Sadness,0.23352482793169987
0.0033330159378210057,Fear,Shame,0.09842259570146085
0.0033330159378210057,Happiness,Boredom,0.155936490156514
0.0033330159378210057,Happiness,Fear,0.009026514583331681
0.0033330159378210057,Happiness,Happiness,0.3317335925777014
0.0033330159378210057,Happiness,Joy,0.0642205413354254
0.0033330159378210057,Happiness,Pride,0.2406424712248699
0.0033330159378210057,Happiness,Sadness,0.01807447253211656
0.0033330159378210057,Happiness,Shame,0.18036591759004156
0.0033330159378210057,Joy,Boredom,0.009691964509817765
0.0033330159378210057,Joy,Fear,0.03987808384164982
0.0033330159378210057,Joy,Happiness,0.08021773517330896
0.0033330159378210057,Joy,Joy,0.36637631474787014
0.0033330159378210057,Joy,Pride,0.27762509441375544
0.0033330159378210057,Joy,Sadness,0.019394699146267562
0.0033330159378210057,Joy,Shame,0.20681610816733023
0.0033330159378210057,Pride,Boredom,0.10946320752467475
0.0033330159378210057,Pride,Fear,0.04423638773333988
0.0033330159378210057,Pride,Happiness,0.2731229420334899
0.0033330159378210057,Pride,Joy,0.1254643154338833
0.0033330159378210057,Pride,Pride,0.24162945694765764
0.0033330159378210057,Pride,Sadness,0.03202628560545039
0.0033330159378210057,Pride,Shame,0.1740574047215042
0.0033330159378210057,Sadness,Boredom,0.01985789434901181
0.0033330159378210057,Sadness,Fear,0.2970049580467616
0.0033330159378210057,Sadness,Happiness,0.030846456305038468
0.0033330159378210057,Sadness,Joy,0.01068419459412494
0.0033330159378210057,Sadness,Pride,0.019281193044511497
0.0033330159378210057,Sadness,Sadness,0.5174576572039441
0.0033330159378210057,Sadness,Shame,0.10486764645660734
0.0033330159378210057,Shame,Boredom,0.0055154024491380965
0.0033330159378210057,Shame,Fear,0.5117474954926798
0.0033330159378210057,Shame,Happiness,0.015869592847830134
0.0033330159378210057,Shame,Joy,0.05753896510817005
0.0033330159378210057,Shame,Pride,0.05272292017603844
0.0033330159378210057,Shame,Sadness,0.1816615173735499
0.0033330159378210057,Shame,Shame,0.17494410655259354
0.0029240819575538594,Boredom,Boredom,0.4637900451020495
0.0029240819575538594,Boredom,Fear,0.013281418179447724
0.0029240819575538594,Boredom,Happiness,0.29857349009242157
0.0029240819575538594,Boredom,Joy,0.03458097194326353
0.0029240819575538594,Boredom,Pride,0.07604851940240256
0.0029240819575538594,Boredom,Sadness,0.02777170491162778
0.0029240819575538594,Boredom,Shame,0.08595385036878724
0.0029240819575538594,Fear,Boredom,0.0063075526411194936
0.0029240819575538594,Fear,Fear,0.40503581981861736
0.0029240819575538594,Fear,Happiness,0.020194381452255845
0.0029240819575538594,Fear,Joy,0.04373146786089757
0.0029240819575538594,Fear,Pride,0.0303494409847769
0.0029240819575538594,Fear,Sadness,0.3104871306731946
0.0029240819575538594,Fear,Shame,0.1838942065691384
0.0029240819575538594,Happiness,Boredom,0.12679123372081957
0.0029240819575538594,Happiness,Fear,0.01418273180778304
0.0029240819575538594,Happiness,Happiness,0.27622044153447983
0.0029240819575538594,Happiness,Joy,0.10662882510700619
0.0029240819575538594,Happiness,Pride,0.250551865806391
0.0029240819575538594,Happiness,Sadness,0.02276765495253864
0.0029240819575538594,Happiness,Shame,0.20285724707098143
0.0029240819575538594,Joy,Boredom,0.011548420967441426
0.0029240819575538594,Joy,Fear,0.041382136994498164
0.0029240819575538594,Joy,Happiness,0.11624188860806736
0.0029240819575538594,Joy,Joy,0.31958337596880826
0.0029240819575538594,Joy,Pride,0.27049014702834095
0.0029240819575538594,Joy,Sadness,0.02297136681792309
0.0029240819575538594,Joy,Shame,0.2177826636149208
0.0029240819575538594,Pride,Boredom,0.11858333671571752
0.0029240819575538594,Pride,Fear,0.046621178032517474
0.0029240819575538594,Pride,Happiness,0.2056506535264669
0.0029240819575538594,Pride,Joy,0.1795293889760187
0.0029240819575538594,Pride,Pride,0.2381742706162922
0.0029240819575538594,Pride,Sadness,0.02968615444378186
0.0029240819575538594,Pride,Shame,0.18175501768920507
0.0029240819575538594,Sadness,Boredom,0.033584132287200884
0.0029240819575538594,Sadness,Fear,0.24980917333508199
0.0029240819575538594,Sadness,Happiness,0.04226322763880772
0.0029240819575538594,Sadness,Joy,0.024027809831283765
0.0029240819575538594,Sadness,Pride,0.031612556638737875
0.0029240819575538594,Sadness,Sadness,0.44208466577008415
0.0029240819575538594,Sadness,Shame,0.1766184344988038
0.0029240819575538594,Shame,Boredom,0.009708659016564982
0.0029240819575538594,Shame,Fear,0.3586297406384923
0.0029240819575538594,Shame,Happiness,0.028674217020208666
0.0029240819575538594,Shame,Joy,0.07878831058733997
0.0029240819575538594,Shame,Pride,0.04637137102348816
0.0029240819575538594,Shame,Sadness,0.2577596276951206
0.0029240819575538594,Shame,Shame,0.22006807401878561
0.0030158440080750998,Boredom,Boredom,0.5039717434185256
0.0030158440080750998,Boredom,Fear,0.009709628880605163
0.0030158440080750998,Boredom,Happiness,0.31458079362020164
0.0030158440080750998,Boredom,Joy,0.024573162472452215
0.0030158440080750998,Boredom,Pride,0.06937764299961137
0.0030158440080750998,Boredom,Sadness,0.01934417059773742
0.0030158440080750998,Boredom,Shame,0.058442858010866613
0.0030158440080750998,Fear,Boredom,0.004205671493068481
0.0030158440080750998,Fear,Fear,0.5079863114354384
0.0030158440080750998,Fear,Happiness,0.016607822609546737
0.0030158440080750998,Fear,Joy,0.03496870806495277
0.0030158440080750998,Fear,Pride,0.02220764893681697
0.0030158440080750998,Fear,Sadness,0.2754026232530981
0.0030158440080750998,Fear,Shame,0.13862121420707837
0.0030158440080750998,Happiness,Boredom,0.15479405753419392
0.0030158440080750998,Happiness,Fear,0.014709992943266987
0.0030158440080750998,Happiness,Happiness,0.3077314280114977
0.0030158440080750998,Happiness,Joy,0.09136932593953155
0.0030158440080750998,Happiness,Pride,0.24469156432526867
0.0030158440080750998,Happiness,Sadness,0.022478705407034952
0.0030158440080750998,Happiness,Shame,0.16422492583920617
0.0030158440080750998,Joy,Boredom,0.01249264067375262
0.0030158440080750998,Joy,Fear,0.042800587849201224
0.0030158440080750998,Joy,Happiness,0.13839717384778277
0.0030158440080750998,Joy,Joy,0.32938475387480154
0.0030158440080750998,Joy,Pride,0.2647310453004278
0.0030158440080750998,Joy,Sadness,0.021970845029227706
0.0030158440080750998,Joy,Shame,0.19022295342480627
0.0030158440080750998,Pride,Boredom,0.1442789736065744
0.0030158440080750998,Pride,Fear,0.03727248833896559
0.0030158440080750998,Pride,Happiness,0.24435135010270703
0.0030158440080750998,Pride,Joy,0.16429237881504266
0.0030158440080750998,Pride,Pride,0.2343984966014529
0.0030158440080750998,Pride,Sadness,0.026187395286178902
0.0030158440080750998,Pride,Shame,0.1492189172490785
0.0030158440080750998,Sadness,Boredom,0.03378428932715977
0.0030158440080750998,Sadness,Fear,0.31073178446313626
0.0030158440080750998,Sadness,Happiness,0.04075382376287498
0.0030158440080750998,Sadness,Joy,0.018098873098467173
0.0030158440080750998,Sadness,Pride,0.02454889291091771
0.0030158440080750998,Sadness,Sadness,0.43703647954788716
0.0030158440080750998,Sadness,Shame,0.1350458568895572
0.0030158440080750998,Shame,Boredom,0.007712591044498549
0.0030158440080750998,Shame,Fear,0.4465943977345363
0.0030158440080750998,Shame,Happiness,0.02654481689938895
0.0030158440080750998,Shame,Joy,0.06665188748829631
0.0030158440080750998,Shame,Pride,0.03978400540925721
0.0030158440080750998,Shame,Sadness,0.23301141373535383
0.0030158440080750998,Shame,Shame,0.17970088768866846
0.0032180793631978416,Boredom,Boredom,0.637843128447161
0.0032180793631978416,Boredom,Fear,0.0018696214169512991
0.0032180793631978416,Boredom,Happiness,0.30271164328523575
0.0032180793631978416,Boredom,Joy,0.005602128667882653
0.0032180793631978416,Boredom,Pride,0.03359190184538761
0.0032180793631978416,Boredom,Sadness,0.004486214409373244
0.0032180793631978416,Boredom,Shame,0.013895361928008217
0.0032180793631978416,Fear,Boredom,0.0007395191446427017
0.0032180793631978416,Fear,Fear,0.8597039204966422
0.0032180793631978416,Fear,Happiness,0.002354044882592418
0.0032180793631978416,Fear,Joy,0.00882130485777
0.0032180793631978416,Fear,Pride,0.004024989565401089
0.0032180793631978416,Fear,Sadness,0.09589705648640375
0.0032180793631978416,Fear,Shame,0.028459164566547727
0.0032180793631978416,Happiness,Boredom,0.21267964216358123
0.0032180793631978416,Happiness,Fear,0.009271654113246779
0.0032180793631978416,Happiness,Happiness,0.37275708006268876
0.0032180793631978416,Happiness,Joy,0.06296476031069016
0.0032180793631978416,Happiness,Pride,0.21410975249001887
0.0032180793631978416,Happiness,Sadness,0.017129615480367507
0.0032180793631978416,Happiness,Shame,0.11108749537940647
0.0032180793631978416,Joy,Boredom,0.010673065205097271
0.0032180793631978416,Joy,Fear,0.036631190977918095
0.0032180793631978416,Joy,Happiness,0.11253290964579345
0.0032180793631978416,Joy,Joy,0.4242553989665735
0.0032180793631978416,Joy,Pride,0.26154166008585256
0.0032180793631978416,Joy,Sadness,0.014367797754422552
0.0032180793631978416,Joy,Shame,0.1399979773643422
0.0032180793631978416,Pride,Boredom,0.1627233689507649
0.0032180793631978416,Pride,Fear,0.048446954012419205
0.0032180793631978416,Pride,Happiness,0.3052041391983461
0.0032180793631978416,Pride,Joy,0.1279129069523445
0.0032180793631978416,Pride,Pride,0.2155440913334898
0.0032180793631978416,Pride,Sadness,0.02710106076756418
0.0032180793631978416,Pride,Shame,0.11306747878507126
0.0032180793631978416,Sadness,Boredom,0.028448031742290956
0.0032180793631978416,Sadness,Fear,0.4456927967239651
0.0032180793631978416,Sadness,Happiness,0.03524005177263657
0.0032180793631978416,Sadness,Joy,0.00844474348161995
0.0032180793631978416,Sadness,Pride,0.014856285706234396
0.0032180793631978416,Sadness,Sadness,0.4146667629739204
0.0032180793631978416,Sadness,Shame,0.05265132759933293
0.0032180793631978416,Shame,Boredom,0.0033091123232601607
0.0032180793631978416,Shame,Fear,0.7625143870380819
0.0032180793631978416,Shame,Happiness,0.00931139286292307
0.0032180793631978416,Shame,Joy,0.028285810044385417
0.0032180793631978416,Shame,Pride,0.02293344047101713
0.0032180793631978416,Shame,Sadness,0.09037839414933317
0.0032180793631978416,Shame,Shame,0.0832674631109992
0.003155276543690768,Boredom,Boredom,0.49350426906429656
0.003155276543690768,Boredom,Fear,0.0051187149976025595
0.003155276543690768,Boredom,Happiness,0.3482789825670838
0.003155276543690768,Boredom,Joy,0.015144413725930502
0.003155276543690768,Boredom,Pride,0.06543582625861957
0.003155276543690768,Boredom,Sadness,0.016030263192997506
0.003155276543690768,Boredom,Shame,0.056487530193469124
0.003155276543690768,Fear,Boredom,0.002421363781930156
0.003155276543690768,Fear,Fear,0.5367814700505766
0.003155276543690768,Fear,Happiness,0.005586646581043058
0.003155276543690768,Fear,Joy,0.03105156223496569
0.003155276543690768,Fear,Pride,0.02147760967225501
0.003155276543690768,Fear,Sadness,0.2517775642324448
0.003155276543690768,Fear,Shame,0.150903783446785
0.003155276543690768,Happiness,Boredom,0.12229940400004714
0.003155276543690768,Happiness,Fear,0.004803634081089636
0.003155276543690768,Happiness,Happiness,0.32800344025878814
0.003155276543690768,Happiness,Joy,0.06020593880075606
0.003155276543690768,Happiness,Pride,0.2539437751827571
0.003155276543690768,Happiness,Sadness,0.010992616989689192
0.003155276543690768,Happiness,Shame,0.2197511906868728
0.003155276543690768,Joy,Boredom,0.005282467132516032
0.003155276543690768,Joy,Fear,0.029736914662798344
0.003155276543690768,Joy,Happiness,0.062054124786577694
0.003155276543690768,Joy,Joy,0.3327943442391602
0.003155276543690768,Joy,Pride,0.2919140511841517
0.003155276543690768,Joy,Sadness,0.010892547219965168
0.003155276543690768,Joy,Shame,0.2673255507748308
0.003155276543690768,Pride,Boredom,0.09586083970292161
0.003155276543690768,Pride,Fear,0.0313943190482994
0.003155276543690768,Pride,Happiness,0.21314733737415986
0.003155276543690768,Pride,Joy,0.153244349449136
0.003155276543690768,Pride,Pride,0.24247152826760274
0.003155276543690768,Pride,Sadness,0.028911385872050364
0.003155276543690768,Pride,Shame,0.23497024028582988
0.003155276543690768,Sadness,Boredom,0.01201528434218979
0.003155276543690768,Sadness,Fear,0.14790066711781188
0.003155276543690768,Sadness,Happiness,0.02007538793338575
0.003155276543690768,Sadness,Joy,0.011361401011282373
0.003155276543690768,Sadness,Pride,0.019805913387188616
0.003155276543690768,Sadness,Sadness,0.6445760058939274
0.003155276543690768,Sadness,Shame,0.1442653403142142
0.003155276543690768,Shame,Boredom,0.006868184392652461
0.003155276543690768,Shame,Fear,0.4100819830181434
0.003155276543690768,Shame,Happiness,0.014044643898900522
0.003155276543690768,Shame,Joy,0.06685928898176731
0.003155276543690768,Shame,Pride,0.0614273530293895
0.003155276543690768,Shame,Sadness,0.16948699244819262
0.003155276543690768,Shame,Shame,0.2712315542309542
0.003197623957519387,Boredom,Boredom,0.5299512325878849
0.003197623957519387,Boredom,Fear,0.0063556298669062705
0.003197623957519387,Boredom,Happiness,0.32725757718991716
0.003197623957519387,Boredom,Joy,0.015301890179375199
0.003197623957519387,Boredom,Pride,0.060931342698670864
0.003197623957519387,Boredom,Sadness,0.014050721472115384
0.003197623957519387,Boredom,Shame,0.04615160600513
0.003197623957519387,Fear,Boredom,0.0022459690729015134
0.003197623957519387,Fear,Fear,0.5855287976314183
0.003197623957519387,Fear,Happiness,0.008898789130186241
0.003197623957519387,Fear,Joy,0.028643875941718237
0.003197623957519387,Fear,Pride,0.016514032348458663
0.003197623957519387,Fear,Sadness,0.2473625557494844
0.003197623957519387,Fear,Shame,0.11080598012583281
0.003197623957519387,Happiness,Boredom,0.1530211069285425
0.003197623957519387,Happiness,Fear,0.010067837737471018
0.003197623957519387,Happiness,Happiness,0.3290597935633952
0.003197623957519387,Happiness,Joy,0.0709906497902372
0.003197623957519387,Happiness,Pride,0.24169908393442208
0.003197623957519387,Happiness,Sadness,0.018899068217552432
0.003197623957519387,Happiness,Shame,0.1762624598283792
0.003197623957519387,Joy,Boredom,0.009737337340325607
0.003197623957519387,Joy,Fear,0.03927520193943078
0.003197623957519387,Joy,Happiness,0.10007116567572844
0.003197623957519387,Joy,Joy,0.3590885503495026
0.003197623957519387,Joy,Pride,0.27131472919553845
0.003197623957519387,Joy,Sadness,0.019339856676580804
0.003197623957519387,Joy,Shame,0.20117315882289322
0.003197623957519387,Pride,Boredom,0.1114217160726643
0.003197623957519387,Pride,Fear,0.03970843114850685
0.003197623957519387,Pride,Happiness,0.2603989114697818
0.003197623957519387,Pride,Joy,0.15029988391462457
0.003197623957519387,Pride,Pride,0.23819571784324786
0.003197623957519387,Pride,Sadness,0.030285352602461256
0.003197623957519387,Pride,Shame,0.16968998694871298
0.003197623957519387,Sadness,Boredom,0.021162937032877326
0.003197623957519387,Sadness,Fear,0.30331056866323935
0.003197623957519387,Sadness,Happiness,0.03344706594547537
0.003197623957519387,Sadness,Joy,0.013318245531377634
0.003197623957519387,Sadness,Pride,0.02071313371719427
0.003197623957519387,Sadness,Sadness,0.49402853359089133
0.003197623957519387,Sadness,Shame,0.11401951551894492
0.003197623957519387,Shame,Boredom,0.005960393309677707
0.003197623957519387,Shame,Fear,0.48681690435365643
0.003197623957519387,Shame,Happiness,0.0192193899524803
0.003197623957519387,Shame,Joy,0.06182995446300469
0.003197623957519387,Shame,Pride,0.050248714071424054
0.003197623957519387,Shame,Sadness,0.19601327793983742
0.003197623957519387,Shame,Shame,0.17991136590991927
0.003079361370832543,Boredom,Boredom,0.5153005274880461
0.003079361370832543,Boredom,Fear,0.008253366518710118
0.003079361370832543,Boredom,Happiness,0.32134611580162736
0.003079361370832543,Boredom,Joy,0.020329004732086285
0.003079361370832543,Boredom,Pride,0.06574826421544108
0.003079361370832543,Boredom,Sadness,0.01710296494616353
0.003079361370832543,Boredom,Shame,0.05191975629792519
0.003079361370832543,Fear,Boredom,0.003218334244575751
0.003079361370832543,Fear,Fear,0.5365600566331121
0.003079361370832543,Fear,Happiness,0.013520864534022289
0.003079361370832543,Fear,Joy,0.03361712652616658
0.003079361370832543,Fear,Pride,0.02013488977915963
0.003079361370832543,Fear,Sadness,0.26311825040357634
0.003079361370832543,Fear,Shame,0.12983047787938687
0.003079361370832543,Happiness,Boredom,0.1561693790917789
0.003079361370832543,Happiness,Fear,0.012946447713872933
0.003079361370832543,Happiness,Happiness,0.31850872765940197
0.003079361370832543,Happiness,Joy,0.08327516400656286
0.003079361370832543,Happiness,Pride,0.24373420431207152
0.003079361370832543,Happiness,Sadness,0.020817801256129954
0.003079361370832543,Happiness,Shame,0.16454827596018187
0.003079361370832543,Joy,Boredom,0.011019729251688327
0.003079361370832543,Joy,Fear,0.04127370983618851
0.003079361370832543,Joy,Happiness,0.12514936446178188
0.003079361370832543,Joy,Joy,0.34143166379041534
0.003079361370832543,Joy,Pride,0.26658175419829144
0.003079361370832543,Joy,Sadness,0.02061096093950959
0.003079361370832543,Joy,Shame,0.19393281752212488
0.003079361370832543,Pride,Boredom,0.13613835913564928
0.003079361370832543,Pride,Fear,0.03786402358216219
0.003079361370832543,Pride,Happiness,0.24887224165780794
0.003079361370832543,Pride,Joy,0.15804868509520784
0.003079361370832543,Pride,Pride,0.23416247675534296
0.003079361370832543,Pride,Sadness,0.02736929278517042
0.003079361370832543,Pride,Shame,0.15754492098865935
0.003079361370832543,Sadness,Boredom,0.02453214714636215
0.003079361370832543,Sadness,Fear,0.30871598499687863
0.003079361370832543,Sadness,Happiness,0.03750688901597162
0.003079361370832543,Sadness,Joy,0.016177929500025
0.003079361370832543,Sadness,Pride,0.022492367546406482
0.003079361370832543,Sadness,Sadness,0.4626024277745997
0.003079361370832543,Sadness,Shame,0.12797225401975668
0.003079361370832543,Shame,Boredom,0.006787369037993156
0.003079361370832543,Shame,Fear,0.46015015715002494
0.003079361370832543,Shame,Happiness,0.024028130692146096
0.003079361370832543,Shame,Joy,0.06625150501007562
0.003079361370832543,Shame,Pride,0.045825865473099074
0.003079361370832543,Shame,Sadness,0.21532253706807608
0.003079361370832543,Shame,Shame,0.18163443556858533
0.0033243656542774444,Boredom,Boredom,0.5155181601560613
0.0033243656542774444,Boredom,Fear,0.006000226516316285
0.0033243656542774444,Boredom,Happiness,0.3358820599966845
0.0033243656542774444,Boredom,Joy,0.014909848465396131
0.0033243656542774444,Boredom,Pride,0.06262834246231341
0.0033243656542774444,Boredom,Sadness,0.015400016258017573
0.0033243656542774444,Boredom,Shame,0.049661346145210714
0.0033243656542774444,Fear,Boredom,0.002181516974048144
0.0033243656542774444,Fear,Fear,0.5712066931378001
0.0033243656542774444,Fear,Happiness,0.0068911917342214446
0.0033243656542774444,Fear,Joy,0.029202443246801896
0.0033243656542774444,Fear,Pride,0.01818862434267136
0.0033243656542774444,Fear,Sadness,0.24715960336770507
0.0033243656542774444,Fear,Shame,0.12516992719675252
0.0033243656542774444,Happiness,Boredom,0.14025265846301777
0.0033243656542774444,Happiness,Fear,0.008344925759822805
0.0033243656542774444,Happiness,Happiness,0.3314516007556893
0.0033243656542774444,Happiness,Joy,0.06327068589551131
0.0033243656542774444,Happiness,Pride,0.24613181105419188
0.0033243656542774444,Happiness,Sadness,0.016130713741018692
0.0033243656542774444,Happiness,Shame,0.19441760433074812
0.0033243656542774444,Joy,Boredom,0.008330037729321919
0.0033243656542774444,Joy,Fear,0.03802139193266829
0.0033243656542774444,Joy,Happiness,0.07566506459272704
0.0033243656542774444,Joy,Joy,0.3518786601601125
0.0033243656542774444,Joy,Pride,0.28178925364002594
0.0033243656542774444,Joy,Sadness,0.016906971952960932
0.0033243656542774444,Joy,Shame,0.22740861999218312
0.0033243656542774444,Pride,Boredom,0.10236291733940402
0.0033243656542774444,Pride,Fear,0.040650759731204786
0.0033243656542774444,Pride,Happiness,0.25645638948895133
0.0033243656542774444,Pride,Joy,0.1341845654374918
0.0033243656542774444,Pride,Pride,0.24212788311528496
0.0033243656542774444,Pride,Sadness,0.03228793862681168
0.0033243656542774444,Pride,Shame,0.1919295462608517
0.0033243656542774444,Sadness,Boredom,0.01593728952583415
0.0033243656542774444,Sadness,Fear,0.23258275613012946
0.0033243656542774444,Sadness,Happiness,0.02626026887458449
0.0033243656542774444,Sadness,Joy,0.010799860468913828
0.0033243656542774444,Sadness,Pride,0.018889952326629947
0.0033243656542774444,Sadness,Sadness,0.5785562420178606
0.0033243656542774444,Sadness,Shame,0.11697363065604685
0.0033243656542774444,Shame,Boredom,0.006033683992532444
0.0033243656542774444,Shame,Fear,0.4673510415605338
0.0033243656542774444,Shame,Happiness,0.015499514529824208
0.0033243656542774444,Shame,Joy,0.06226272937661905
0.0033243656542774444,Shame,Pride,0.05268926264872278
0.0033243656542774444,Shame,Sadness,0.18662261832112625
0.0033243656542774444,Shame,Shame,0.20954114957064188
0.003309996390378804,Boredom,Boredom,0.5114921830582897
0.003309996390378804,Boredom,Fear,0.006614331214741682
0.003309996390378804,Boredom,Happiness,0.32949227750677096
0.003309996390378804,Boredom,Joy,0.016377447067988667
0.003309996390378804,Boredom,Pride,0.06508720750649491
0.003309996390378804,Boredom,Sadness,0.016903813837382257
0.003309996390378804,Boredom,Shame,0.054032739808331794
0.003309996390378804,Fear,Boredom,0.002334462635603957
0.003309996390378804,Fear,Fear,0.5665454045388665
0.003309996390378804,Fear,Happiness,0.008245701286511151
0.003309996390378804,Fear,Joy,0.029668467927136614
0.003309996390378804,Fear,Pride,0.018411776374033052
0.003309996390378804,Fear,Sadness,0.2504857638109723
0.003309996390378804,Fear,Shame,0.12430842342687644
0.003309996390378804,Happiness,Boredom,0.1501510139447843
0.003309996390378804,Happiness,Fear,0.008406725296419374
0.003309996390378804,Happiness,Happiness,0.3236878441834557
0.003309996390378804,Happiness,Joy,0.06550123409687808
0.003309996390378804,Happiness,Pride,0.24543131689351927
0.003309996390378804,Happiness,Sadness,0.01800776975531056
0.003309996390378804,Happiness,Shame,0.18881409582963304
0.003309996390378804,Joy,Boredom,0.008815570917686248
0.003309996390378804,Joy,Fear,0.03832073815310955
0.003309996390378804,Joy,Happiness,0.08101062319213544
0.003309996390378804,Joy,Joy,0.3500421624992264
0.003309996390378804,Joy,Pride,0.27955596745408784
0.003309996390378804,Joy,Sadness,0.019313819193464178
0.003309996390378804,Joy,Shame,0.22294111859029025
0.003309996390378804,Pride,Boredom,0.1170149742844067
0.003309996390378804,Pride,Fear,0.03835669130731571
0.003309996390378804,Pride,Happiness,0.24658374104737696
0.003309996390378804,Pride,Joy,0.14580878176314982
0.003309996390378804,Pride,Pride,0.23673205103695452
0.003309996390378804,Pride,Sadness,0.030633978711013612
0.003309996390378804,Pride,Shame,0.18486978184978262
0.003309996390378804,Sadness,Boredom,0.017523364730121553
0.003309996390378804,Sadness,Fear,0.23835452179338698
0.003309996390378804,Sadness,Happiness,0.029852689043766225
0.003309996390378804,Sadness,Joy,0.012923503521680224
0.003309996390378804,Sadness,Pride,0.02084518447467807
0.003309996390378804,Sadness,Sadness,0.5509619278405988
0.003309996390378804,Sadness,Shame,0.12953880859576786
0.003309996390378804,Shame,Boredom,0.006160181342871011
0.003309996390378804,Shame,Fear,0.46102468630567234
0.003309996390378804,Shame,Happiness,0.01761307384974281
0.003309996390378804,Shame,Joy,0.06311550306549404
0.003309996390378804,Shame,Pride,0.05282005143438223
0.003309996390378804,Shame,Sadness,0.19641053260759006
0.003309996390378804,Shame,Shame,0.20285597139424763
0.003209338150802403,Boredom,Boredom,0.48338587306055536
0.003209338150802403,Boredom,Fear,0.00891821213124075
0.003209338150802403,Boredom,Happiness,0.3234653149612313
0.003209338150802403,Boredom,Joy,0.021655603320514687
0.003209338150802403,Boredom,Pride,0.07386636875534215
0.003209338150802403,Boredom,Sadness,0.021518695730368503
0.003209338150802403,Boredom,Shame,0.06718993204074722
0.003209338150802403,Fear,Boredom,0.0038173559236182116
0.003209338150802403,Fear,Fear,0.4583470964682975
0.003209338150802403,Fear,Happiness,0.012441801177372223
0.003209338150802403,Fear,Joy,0.03969063246548105
0.003209338150802403,Fear,Pride,0.025924763861167804
0.003209338150802403,Fear,Sadness,0.29266787496717905
0.003209338150802403,Fear,Shame,0.1671104751368839
0.003209338150802403,Happiness,Boredom,0.1294203921191633
0.003209338150802403,Happiness,Fear,0.009193592673617875
0.003209338150802403,Happiness,Happiness,0.3000715033956765
0.003209338150802403,Happiness,Joy,0.0761187601190126
0.003209338150802403,Happiness,Pride,0.25140111340112364
0.003209338150802403,Happiness,Sadness,0.018356648829169094
0.003209338150802403,Happiness,Shame,0.2154379894622367
0.003209338150802403,Joy,Boredom,0.008385452860076305
0.003209338150802403,Joy,Fear,0.03727445306036966
0.003209338150802403,Joy,Happiness,0.08498621751780269
0.003209338150802403,Joy,Joy,0.32962140940745477
0.003209338150802403,Joy,Pride,0.2799718158031547
0.003209338150802403,Joy,Sadness,0.01955979325344677
0.003209338150802403,Joy,Shame,0.24020085809769498
0.003209338150802403,Pride,Boredom,0.09917650477317619
0.003209338150802403,Pride,Fear,0.03466436763486802
0.003209338150802403,Pride,Happiness,0.21766427367952995
0.003209338150802403,Pride,Joy,0.1669501155418956
0.003209338150802403,Pride,Pride,0.2448304364667906
0.003209338150802403,Pride,Sadness,0.03101654372430635
0.003209338150802403,Pride,Shame,0.20569775817943328
0.003209338150802403,Sadness,Boredom,0.01859785954943161
0.003209338150802403,Sadness,Fear,0.2205358924726467
0.003209338150802403,Sadness,Happiness,0.03350276321117428
0.003209338150802403,Sadness,Joy,0.018169874001724085
0.003209338150802403,Sadness,Pride,0.02610754032208687
0.003209338150802403,Sadness,Sadness,0.5199467344028074
0.003209338150802403,Sadness,Shame,0.16313933604012934
0.003209338150802403,Shame,Boredom,0.007725624238430758
0.003209338150802403,Shame,Fear,0.3786630035260729
0.003209338150802403,Shame,Happiness,0.021942350461331223
0.003209338150802403,Shame,Joy,0.07479974401138216
0.003209338150802403,Shame,Pride,0.059280912778671785
0.003209338150802403,Shame,Sadness,0.22268252449404063
0.003209338150802403,Shame,Shame,0.23490584049007004
0.0033594159802960008,Boredom,Boredom,0.5189981463415616
0.0033594159802960008,Boredom,Fear,0.0074751334130189785
0.0033594159802960008,Boredom,Happiness,0.32719186351145696
0.0033594159802960008,Boredom,Joy,0.016295950660012687
0.0033594159802960008,Boredom,Pride,0.0635111394840162
0.0033594159802960008,Boredom,Sadness,0.017652447470259767
0.0033594159802960008,Boredom,Shame,0.04887531911967344
0.0033594159802960008,Fear,Boredom,0.0024534521591817017
0.0033594159802960008,Fear,Fear,0.5832090837850442
0.0033594159802960008,Fear,Happiness,0.009297351521670631
0.0033594159802960008,Fear,Joy,0.029099022389918346
0.0033594159802960008,Fear,Pride,0.01707467090534072
0.0033594159802960008,Fear,Sadness,0.24446909307239284
0.0033594159802960008,Fear,Shame,0.11439732616645135
0.0033594159802960008,Happiness,Boredom,0.14557340494551765
0.0033594159802960008,Happiness,Fear,0.012587754659182767
0.0033594159802960008,Happiness,Happiness,0.330175406011568
0.0033594159802960008,Happiness,Joy,0.0709960075790656
0.0033594159802960008,Happiness,Pride,0.24492529082175996
0.0033594159802960008,Happiness,Sadness,0.022113888441538238
0.0033594159802960008,Happiness,Shame,0.1736282475413673
0.0033594159802960008,Joy,Boredom,0.010646580073780986
0.0033594159802960008,Joy,Fear,0.041775014283908785
0.0033594159802960008,Joy,Happiness,0.09216521478223226
0.0033594159802960008,Joy,Joy,0.358168596614471
0.0033594159802960008,Joy,Pride,0.2742126436641171
0.0033594159802960008,Joy,Sadness,0.022247993327354568
0.0033594159802960008,Joy,Shame,0.20078395725413578
0.0033594159802960008,Pride,Boredom,0.11077895652227142
0.0033594159802960008,Pride,Fear,0.04260232869735293
0.0033594159802960008,Pride,Happiness,0.2623848119476476
0.0033594159802960008,Pride,Joy,0.1461522461953044
0.0033594159802960008,Pride,Pride,0.23981264390704757
0.0033594159802960008,Pride,Sadness,0.03184376515800087
0.0033594159802960008,Pride,Shame,0.1664252475723753
0.0033594159802960008,Sadness,Boredom,0.019839686916293096
0.0033594159802960008,Sadness,Fear,0.29755900529226254
0.0033594159802960008,Sadness,Happiness,0.03372918624183915
0.0033594159802960008,Sadness,Joy,0.013278532261963686
0.0033594159802960008,Sadness,Pride,0.02070562697691082
0.0033594159802960008,Sadness,Sadness,0.498009016205027
0.0033594159802960008,Sadness,Shame,0.11687894610570342
0.0033594159802960008,Shame,Boredom,0.005981765477180793
0.0033594159802960008,Shame,Fear,0.49634954211096566
0.0033594159802960008,Shame,Happiness,0.018024510964911793
0.0033594159802960008,Shame,Joy,0.06006518760471005
0.0033594159802960008,Shame,Pride,0.040343482772072725
0.0033594159802960008,Shame,Sadness,0.20449321432041012
0.0033594159802960008,Shame,Shame,0.17474229674974862
0.0032661158052348965,Boredom,Boredom,0.48360461411765027
0.0032661158052348965,Boredom,Fear,0.009700061444728339
0.0032661158052348965,Boredom,Happiness,0.3204647331291356
0.0032661158052348965,Boredom,Joy,0.022517520944668176
0.0032661158052348965,Boredom,Pride,0.07495149108366808
0.0032661158052348965,Boredom,Sadness,0.021950026220405643
0.0032661158052348965,Boredom,Shame,0.06681155305974415
0.0032661158052348965,Fear,Boredom,0.004028431700714175
0.0032661158052348965,Fear,Fear,0.4528912456719026
0.0032661158052348965,Fear,Happiness,0.013444927740671662
0.0032661158052348965,Fear,Joy,0.04060103229896874
0.0032661158052348965,Fear,Pride,0.02642270035262939
0.0032661158052348965,Fear,Sadness,0.29464208628404287
0.0032661158052348965,Fear,Shame,0.1679695759510702
0.0032661158052348965,Happiness,Boredom,0.13711085364343667
0.0032661158052348965,Happiness,Fear,0.010940056218679908
0.0032661158052348965,Happiness,Happiness,0.29900138273591287
0.0032661158052348965,Happiness,Joy,0.0783732721751094
0.0032661158052348965,Happiness,Pride,0.25017556973916394
0.0032661158052348965,Happiness,Sadness,0.019958336852758315
0.0032661158052348965,Happiness,Shame,0.2044405286349388
0.0032661158052348965,Joy,Boredom,0.009144644885672376
0.0032661158052348965,Joy,Fear,0.03915657523599739
0.0032661158052348965,Joy,Happiness,0.08822270310771092
0.0032661158052348965,Joy,Joy,0.331342344113068
0.0032661158052348965,Joy,Pride,0.27803601003191847
0.0032661158052348965,Joy,Sadness,0.021598934717864754
0.0032661158052348965,Joy,Shame,0.23249878790776812
0.0032661158052348965,Pride,Boredom,0.10838136273129641
0.0032661158052348965,Pride,Fear,0.03558454170746376
0.0032661158052348965,Pride,Happiness,0.21772269732607727
0.0032661158052348965,Pride,Joy,0.1693656087592756
0.0032661158052348965,Pride,Pride,0.24233453101160468
0.0032661158052348965,Pride,Sadness,0.031057923062968843
0.0032661158052348965,Pride,Shame,0.19555333540131342
0.0032661158052348965,Sadness,Boredom,0.019511751845714184
0.0032661158052348965,Sadness,Fear,0.22512918222850012
0.0032661158052348965,Sadness,Happiness,0.03475238110046366
0.0032661158052348965,Sadness,Joy,0.01899577199207201
0.0032661158052348965,Sadness,Pride,0.02649355648986478
0.0032661158052348965,Sadness,Sadness,0.5129990949677947
0.0032661158052348965,Sadness,Shame,0.16211826137559057
0.0032661158052348965,Shame,Boredom,0.007656260678404513
0.0032661158052348965,Shame,Fear,0.3819773762987358
0.0032661158052348965,Shame,Happiness,0.022373151089122082
0.0032661158052348965,Shame,Joy,0.07448693240351768
0.0032661158052348965,Shame,Pride,0.057772345704525246
0.0032661158052348965,Shame,Sadness,0.2306378860405095
0.0032661158052348965,Shame,Shame,0.22509604778518497
0.0030784776944945543,Boredom,Boredom,0.4780552186339944
0.0030784776944945543,Boredom,Fear,0.010791469462715204
0.0030784776944945543,Boredom,Happiness,0.31244018521839617
0.0030784776944945543,Boredom,Joy,0.029049564668261238
0.0030784776944945543,Boredom,Pride,0.07728147564794884
0.0030784776944945543,Boredom,Sadness,0.02234514616334907
0.0030784776944945543,Boredom,Shame,0.07003694020533484
0.0030784776944945543,Fear,Boredom,0.004857677667520686
0.0030784776944945543,Fear,Fear,0.4244701362850169
0.0030784776944945543,Fear,Happiness,0.017115138518602926
0.0030784776944945543,Fear,Joy,0.0438800603760457
0.0030784776944945543,Fear,Pride,0.02873108327676991
0.0030784776944945543,Fear,Sadness,0.30302916707625355
0.0030784776944945543,Fear,Shame,0.17791673679979006
0.0030784776944945543,Happiness,Boredom,0.1328073731038456
0.0030784776944945543,Happiness,Fear,0.012332902077428239
0.0030784776944945543,Happiness,Happiness,0.2864221493675546
0.0030784776944945543,Happiness,Joy,0.09511379258171156
0.0030784776944945543,Happiness,Pride,0.24950958656896097
0.0030784776944945543,Happiness,Sadness,0.020895513373307594
0.0030784776944945543,Happiness,Shame,0.20291868292719137
0.0030784776944945543,Joy,Boredom,0.009830524941902776
0.0030784776944945543,Joy,Fear,0.039607532040938004
0.0030784776944945543,Joy,Happiness,0.10460281688516256
0.0030784776944945543,Joy,Joy,0.3249240328850011
0.0030784776944945543,Joy,Pride,0.2736259066406485
0.0030784776944945543,Joy,Sadness,0.021992910065340824
0.0030784776944945543,Joy,Shame,0.225416276541006
0.0030784776944945543,Pride,Boredom,0.12052390677627585
0.0030784776944945543,Pride,Fear,0.03438026796559514
0.0030784776944945543,Pride,Happiness,0.2108951616085178
0.0030784776944945543,Pride,Joy,0.17517826785983678
0.0030784776944945543,Pride,Pride,0.24195079833906943
0.0030784776944945543,Pride,Sadness,0.028558557602489706
0.0030784776944945543,Pride,Shame,0.18851303984821524
0.0030784776944945543,Sadness,Boredom,0.0253820029286326
0.0030784776944945543,Sadness,Fear,0.23873401405513914
0.0030784776944945543,Sadness,Happiness,0.03871038614886171
0.0030784776944945543,Sadness,Joy,0.021815907104303995
0.0030784776944945543,Sadness,Pride,0.02859771033604088
0.0030784776944945543,Sadness,Sadness,0.47591450743231123
0.0030784776944945543,Sadness,Shame,0.17084547199471056
0.0030784776944945543,Shame,Boredom,0.008335479260593658
0.0030784776944945543,Shame,Fear,0.3653092259720678
0.0030784776944945543,Shame,Happiness,0.0263353470272485
0.0030784776944945543,Shame,Joy,0.07841750098459942
0.0030784776944945543,Shame,Pride,0.056494711585908096
0.0030784776944945543,Shame,Sadness,0.2411971334211638
0.0030784776944945543,Shame,Shame,0.2239106017484187
0.0032521492359985182,Boredom,Boredom,0.6075323060221917
0.0032521492359985182,Boredom,Fear,0.002274757824216038
0.0032521492359985182,Boredom,Happiness,0.3163659666837521
0.0032521492359985182,Boredom,Joy,0.007076715757247403
0.0032521492359985182,Boredom,Pride,0.03976380235431758
0.0032521492359985182,Boredom,Sadness,0.006138461165933276
0.0032521492359985182,Boredom,Shame,0.020847990192341886
0.0032521492359985182,Fear,Boredom,0.0008874021254208045
0.0032521492359985182,Fear,Fear,0.8072428048420695
0.0032521492359985182,Fear,Happiness,0.0024675553261420476
0.0032521492359985182,Fear,Joy,0.012151709935220493
0.0032521492359985182,Fear,Pride,0.006177720243901517
0.0032521492359985182,Fear,Sadness,0.12900793196524576
0.0032521492359985182,Fear,Shame,0.04206487556199996
0.0032521492359985182,Happiness,Boredom,0.18012172912561872
0.0032521492359985182,Happiness,Fear,0.007889914726434447
0.0032521492359985182,Happiness,Happiness,0.37247012258707274
0.0032521492359985182,Happiness,Joy,0.06124724519976245
0.0032521492359985182,Happiness,Pride,0.22538939714911682
0.0032521492359985182,Happiness,Sadness,0.015493636448121871
0.0032521492359985182,Happiness,Shame,0.13738795476387305
0.0032521492359985182,Joy,Boredom,0.009060746651605552
0.0032521492359985182,Joy,Fear,0.036761545148922575
0.0032521492359985182,Joy,Happiness,0.0813357762882168
0.0032521492359985182,Joy,Joy,0.41203729685701257
0.0032521492359985182,Joy,Pride,0.2720919636712845
0.0032521492359985182,Joy,Sadness,0.013876225588659837
0.0032521492359985182,Joy,Shame,0.17483644579429813
0.0032521492359985182,Pride,Boredom,0.12817995805621615
0.0032521492359985182,Pride,Fear,0.04944039183560479
0.0032521492359985182,Pride,Happiness,0.29709942490111096
0.0032521492359985182,Pride,Joy,0.12487722954547463
0.0032521492359985182,Pride,Pride,0.2274879884098263
0.0032521492359985182,Pride,Sadness,0.029643077769436192
0.0032521492359985182,Pride,Shame,0.1432719294823307
0.0032521492359985182,Sadness,Boredom,0.022305882889196774
0.0032521492359985182,Sadness,Fear,0.35473399590344107
0.0032521492359985182,Sadness,Happiness,0.02876639917577444
0.0032521492359985182,Sadness,Joy,0.007888347318032653
0.0032521492359985182,Sadness,Pride,0.014633105618454047
0.0032521492359985182,Sadness,Sadness,0.5088294960212936
0.0032521492359985182,Sadness,Shame,0.06284277307380715
0.0032521492359985182,Shame,Boredom,0.0037465264189275645
0.0032521492359985182,Shame,Fear,0.6846414713665437
0.0032521492359985182,Shame,Happiness,0.009539214920579728
0.0032521492359985182,Shame,Joy,0.03729100163152362
0.0032521492359985182,Shame,Pride,0.03435998267856068
0.0032521492359985182,Shame,Sadness,0.11023591491171905
0.0032521492359985182,Shame,Shame,0.12018588807214563
0.0030643935221184044,Boredom,Boredom,0.45573682478509264
0.0030643935221184044,Boredom,Fear,0.008659049949920648
0.0030643935221184044,Boredom,Happiness,0.32787828080760584
0.0030643935221184044,Boredom,Joy,0.023733182327241524
0.0030643935221184044,Boredom,Pride,0.07938905693021243
0.0030643935221184044,Boredom,Sadness,0.024248074592904074
0.0030643935221184044,Boredom,Shame,0.08035553060702263
0.0030643935221184044,Fear,Boredom,0.00466669733472766
0.0030643935221184044,Fear,Fear,0.4075286012509778
0.0030643935221184044,Fear,Happiness,0.011728288855563491
0.0030643935221184044,Fear,Joy,0.043632725018981404
0.0030643935221184044,Fear,Pride,0.0316317697016026
0.0030643935221184044,Fear,Sadness,0.29544027515621807
0.0030643935221184044,Fear,Shame,0.20537164268192887
0.0030643935221184044,Happiness,Boredom,0.10592012150042918
0.0030643935221184044,Happiness,Fear,0.005904108732854861
0.0030643935221184044,Happiness,Happiness,0.2858863982198471
0.0030643935221184044,Happiness,Joy,0.07684571538936023
0.0030643935221184044,Happiness,Pride,0.2593326010803946
0.0030643935221184044,Happiness,Sadness,0.014529200214917104
0.0030643935221184044,Happiness,Shame,0.2515818548621974
0.0030643935221184044,Joy,Boredom,0.005950801392402278
0.0030643935221184044,Joy,Fear,0.030914267735856055
0.0030643935221184044,Joy,Happiness,0.06960276449099234
0.0030643935221184044,Joy,Joy,0.31005325635239434
0.0030643935221184044,Joy,Pride,0.28947279067770315
0.0030643935221184044,Joy,Sadness,0.015164555403559795
0.0030643935221184044,Joy,Shame,0.2788415639470919
0.0030643935221184044,Pride,Boredom,0.09438616583506788
0.0030643935221184044,Pride,Fear,0.029986858561233752
0.0030643935221184044,Pride,Happiness,0.18031930176840977
0.0030643935221184044,Pride,Joy,0.17071251568485277
0.0030643935221184044,Pride,Pride,0.2508539032935927
0.0030643935221184044,Pride,Sadness,0.029375882111187284
0.0030643935221184044,Pride,Shame,0.24436537274565553
0.0030643935221184044,Sadness,Boredom,0.018169600440199347
0.0030643935221184044,Sadness,Fear,0.14891469985342493
0.0030643935221184044,Sadness,Happiness,0.03062765257782915
0.0030643935221184044,Sadness,Joy,0.020604863971686815
0.0030643935221184044,Sadness,Pride,0.03037212718166224
0.0030643935221184044,Sadness,Sadness,0.5469925805614395
0.0030643935221184044,Sadness,Shame,0.20431847541375836
0.0030643935221184044,Shame,Boredom,0.00881266899655718
0.0030643935221184044,Shame,Fear,0.3233305154927765
0.0030643935221184044,Shame,Happiness,0.02041404677590002
0.0030643935221184044,Shame,Joy,0.07994161648224271
0.0030643935221184044,Shame,Pride,0.06476510007252081
0.0030643935221184044,Shame,Sadness,0.21047576199058812
0.0030643935221184044,Shame,Shame,0.29226029018941474
0.0033242316329979474,Boredom,Boredom,0.6192778220024378
0.0033242316329979474,Boredom,Fear,0.0017825777761816327
0.0033242316329979474,Boredom,Happiness,0.31235880683049344
0.0033242316329979474,Boredom,Joy,0.006182408575224791
0.0033242316329979474,Boredom,Pride,0.03676796668714636
0.0033242316329979474,Boredom,Sadness,0.005422545236580299
0.0033242316329979474,Boredom,Shame,0.0182078728919358
0.0033242316329979474,Fear,Boredom,0.0007132320934088193
0.0033242316329979474,Fear,Fear,0.834474639124017
0.0033242316329979474,Fear,Happiness,0.0017511145483433254
0.0033242316329979474,Fear,Joy,0.009880909561852922
0.0033242316329979474,Fear,Pride,0.004882177319756152
0.0033242316329979474,Fear,Sadness,0.11556973933119136
0.0033242316329979474,Fear,Shame,0.03272818802143052
0.0033242316329979474,Happiness,Boredom,0.17593099511917662
0.0033242316329979474,Happiness,Fear,0.007444879522632795
0.0033242316329979474,Happiness,Happiness,0.37954241043086545
0.0033242316329979474,Happiness,Joy,0.060464570013300946
0.0033242316329979474,Happiness,Pride,0.22434764376045546
0.0033242316329979474,Happiness,Sadness,0.014457684757405172
0.0033242316329979474,Happiness,Shame,0.13781181639616336
0.0033242316329979474,Joy,Boredom,0.008540775116325635
0.0033242316329979474,Joy,Fear,0.035054118235789744
0.0033242316329979474,Joy,Happiness,0.07431927198952476
0.0033242316329979474,Joy,Joy,0.4202994635752929
0.0033242316329979474,Joy,Pride,0.27428546914169805
0.0033242316329979474,Joy,Sadness,0.012010315771853419
0.0033242316329979474,Joy,Shame,0.17549058616951546
0.0033242316329979474,Pride,Boredom,0.12903413829866536
0.0033242316329979474,Pride,Fear,0.04966830913743619
0.0033242316329979474,Pride,Happiness,0.3020353572923984
0.0033242316329979474,Pride,Joy,0.11369481569808325
0.0033242316329979474,Pride,Pride,0.22820584529475724
0.0033242316329979474,Pride,Sadness,0.03036762644260425
0.0033242316329979474,Pride,Shame,0.14699390783605526
0.0033242316329979474,Sadness,Boredom,0.0213781864022336
0.0033242316329979474,Sadness,Fear,0.34714147983939697
0.0033242316329979474,Sadness,Happiness,0.02705676948652416
0.0033242316329979474,Sadness,Joy,0.006985976687372421
0.0033242316329979474,Sadness,Pride,0.014849820870928695
0.0033242316329979474,Sadness,Sadness,0.5257603142972206
0.0033242316329979474,Sadness,Shame,0.05682745241632318
0.0033242316329979474,Shame,Boredom,0.0033845694527814534
0.0033242316329979474,Shame,Fear,0.7107051778627917
0.0033242316329979474,Shame,Happiness,0.007883124194019585
0.0033242316329979474,Shame,Joy,0.03333755435707545
0.0033242316329979474,Shame,Pride,0.03216228040374851
0.0033242316329979474,Shame,Sadness,0.09853460950455477
0.0033242316329979474,Shame,Shame,0.11399268422502815
0.003192939409956941,Boredom,Boredom,0.5238784334496679
0.003192939409956941,Boredom,Fear,0.007004358160298425
0.003192939409956941,Boredom,Happiness,0.32646156668085935
0.003192939409956941,Boredom,Joy,0.01656865302372751
0.003192939409956941,Boredom,Pride,0.06254342431632215
0.003192939409956941,Boredom,Sadness,0.0152318732476877
0.003192939409956941,Boredom,Shame,0.048311691121437
0.003192939409956941,Fear,Boredom,0.0025731369753561302
0.003192939409956941,Fear,Fear,0.5697900105671456
0.003192939409956941,Fear,Happiness,0.01029370873503505
0.003192939409956941,Fear,Joy,0.030552922556764284
0.003192939409956941,Fear,Pride,0.017987916411508965
0.003192939409956941,Fear,Sadness,0.25021450122709976
0.003192939409956941,Fear,Shame,0.11858780352708996
0.003192939409956941,Happiness,Boredom,0.15892840642408665
0.003192939409956941,Happiness,Fear,0.010839731026049555
0.003192939409956941,Happiness,Happiness,0.3252230783144907
0.003192939409956941,Happiness,Joy,0.07324294127585892
0.003192939409956941,Happiness,Pride,0.2413516030093613
0.003192939409956941,Happiness,Sadness,0.019216038775852776
0.003192939409956941,Happiness,Shame,0.17119820117430032
0.003192939409956941,Joy,Boredom,0.010018303103973506
0.003192939409956941,Joy,Fear,0.039938278918453286
0.003192939409956941,Joy,Happiness,0.10560746329255957
0.003192939409956941,Joy,Joy,0.3549076706436457
0.003192939409956941,Joy,Pride,0.27053427781202166
0.003192939409956941,Joy,Sadness,0.019744932852861632
0.003192939409956941,Joy,Shame,0.19924907337648456
0.003192939409956941,Pride,Boredom,0.12626429965140784
0.003192939409956941,Pride,Fear,0.039731495873071385
0.003192939409956941,Pride,Happiness,0.2539484794954647
0.003192939409956941,Pride,Joy,0.1512803694298219
0.003192939409956941,Pride,Pride,0.23428817668569557
0.003192939409956941,Pride,Sadness,0.028887529642134892
0.003192939409956941,Pride,Shame,0.1655996492224042
0.003192939409956941,Sadness,Boredom,0.021969844829532667
0.003192939409956941,Sadness,Fear,0.30329556178062533
0.003192939409956941,Sadness,Happiness,0.034577846303698256
0.003192939409956941,Sadness,Joy,0.01421374337566614
0.003192939409956941,Sadness,Pride,0.020932759287788413
0.003192939409956941,Sadness,Sadness,0.48563812117462624
0.003192939409956941,Sadness,Shame,0.11937212324806351
0.003192939409956941,Shame,Boredom,0.006235755822135131
0.003192939409956941,Shame,Fear,0.4777326378895077
0.003192939409956941,Shame,Happiness,0.020617272005181184
0.003192939409956941,Shame,Joy,0.06341871510678963
0.003192939409956941,Shame,Pride,0.050022607497197634
0.003192939409956941,Shame,Sadness,0.20033776566460473
0.003192939409956941,Shame,Shame,0.1816352460145841
0.0031738565138301946,Boredom,Boredom,0.48069125231825766
0.0031738565138301946,Boredom,Fear,0.01002792401355215
0.0031738565138301946,Boredom,Happiness,0.3163183409947538
0.0031738565138301946,Boredom,Joy,0.025587733233546645
0.0031738565138301946,Boredom,Pride,0.0758211666953165
0.0031738565138301946,Boredom,Sadness,0.02287493731812757
0.0031738565138301946,Boredom,Shame,0.06867864542644547
0.0031738565138301946,Fear,Boredom,0.0043269470213987615
0.0031738565138301946,Fear,Fear,0.44180938294596656
0.0031738565138301946,Fear,Happiness,0.015234463717691623
0.0031738565138301946,Fear,Joy,0.041875797182063405
0.0031738565138301946,Fear,Pride,0.027251199257418545
0.0031738565138301946,Fear,Sadness,0.2982920114467837
0.0031738565138301946,Fear,Shame,0.1712101984286776
0.0031738565138301946,Happiness,Boredom,0.1336456082560395
0.0031738565138301946,Happiness,Fear,0.010789758554192093
0.0031738565138301946,Happiness,Happiness,0.29278916044552855
0.0031738565138301946,Happiness,Joy,0.08753743781991588
0.0031738565138301946,Happiness,Pride,0.2498187233433769
0.0031738565138301946,Happiness,Sadness,0.02024681648732371
0.0031738565138301946,Happiness,Shame,0.20517249509362348
0.0031738565138301946,Joy,Boredom,0.00921547978973133
0.0031738565138301946,Joy,Fear,0.03863984162698117
0.0031738565138301946,Joy,Happiness,0.09725115090844162
0.0031738565138301946,Joy,Joy,0.3276785560566572
0.0031738565138301946,Joy,Pride,0.27586877723048986
0.0031738565138301946,Joy,Sadness,0.021594868924060904
0.0031738565138301946,Joy,Shame,0.22975132546363802
0.0031738565138301946,Pride,Boredom,0.11306663517281561
0.0031738565138301946,Pride,Fear,0.03455176642492424
0.0031738565138301946,Pride,Happiness,0.21332953880619426
0.0031738565138301946,Pride,Joy,0.17226518680808717
0.0031738565138301946,Pride,Pride,0.24214751440548093
0.0031738565138301946,Pride,Sadness,0.03042830741081889
0.0031738565138301946,Pride,Shame,0.19421105097167898
0.0031738565138301946,Sadness,Boredom,0.021347672709093095
0.0031738565138301946,Sadness,Fear,0.2301246239530171
0.0031738565138301946,Sadness,Happiness,0.036646531381841485
0.0031738565138301946,Sadness,Joy,0.02041634724897837
0.0031738565138301946,Sadness,Pride,0.027548363121489342
0.0031738565138301946,Sadness,Sadness,0.4964379977608111
0.0031738565138301946,Sadness,Shame,0.1674784638247691
0.0031738565138301946,Shame,Boredom,0.00797168396362406
0.0031738565138301946,Shame,Fear,0.3725092436937475
0.0031738565138301946,Shame,Happiness,0.024757407713212602
0.0031738565138301946,Shame,Joy,0.0764545931080612
0.0031738565138301946,Shame,Pride,0.05761100351499776
0.0031738565138301946,Shame,Sadness,0.2350081781914094
0.0031738565138301946,Shame,Shame,0.2256878898149473
0.0031037020203283413,Boredom,Boredom,0.5124804825018291
0.0031037020203283413,Boredom,Fear,0.00613937356431902
0.0031037020203283413,Boredom,Happiness,0.33271813486572505
0.0031037020203283413,Boredom,Joy,0.016060724931639576
0.0031037020203283413,Boredom,Pride,0.0640931193294637
0.0031037020203283413,Boredom,Sadness,0.015222952624912411
0.0031037020203283413,Boredom,Shame,0.05328521218211127
0.0031037020203283413,Fear,Boredom,0.0024889900157676103
0.0031037020203283413,Fear,Fear,0.5444690135228641
0.0031037020203283413,Fear,Happiness,0.008377827603142764
0.0031037020203283413,Fear,Joy,0.03162743454970621
0.0031037020203283413,Fear,Pride,0.019641546838482654
0.0031037020203283413,Fear,Sadness,0.260001291078778
0.0031037020203283413,Fear,Shame,0.1333938963912583
0.0031037020203283413,Happiness,Boredom,0.14288770059651446
0.0031037020203283413,Happiness,Fear,0.007646124481763503
0.0031037020203283413,Happiness,Happiness,0.3255197488426709
0.0031037020203283413,Happiness,Joy,0.06793140080652997
0.0031037020203283413,Happiness,Pride,0.24632647809961655
0.0031037020203283413,Happiness,Sadness,0.01557174509351976
0.0031037020203283413,Happiness,Shame,0.19411680207938495
0.0031037020203283413,Joy,Boredom,0.0079823688380063
0.0031037020203283413,Joy,Fear,0.03598971552618258
0.0031037020203283413,Joy,Happiness,0.0841046436962507
0.0031037020203283413,Joy,Joy,0.3473535215303075
0.0031037020203283413,Joy,Pride,0.2783631482225658
0.0031037020203283413,Joy,Sadness,0.016170945252482284
0.0031037020203283413,Joy,Shame,0.23003565693420472
0.0031037020203283413,Pride,Boredom,0.11191565157916346
0.0031037020203283413,Pride,Fear,0.03559195506606859
0.0031037020203283413,Pride,Happiness,0.2401842458704765
0.0031037020203283413,Pride,Joy,0.15171990866450544
0.0031037020203283413,Pride,Pride,0.23757142459057976
0.0031037020203283413,Pride,Sadness,0.02876798221702428
0.0031037020203283413,Pride,Shame,0.19424883201218215
0.0031037020203283413,Sadness,Boredom,0.018183537781096448
0.0031037020203283413,Sadness,Fear,0.2448111817690735
0.0031037020203283413,Sadness,Happiness,0.029902247784705283
0.0031037020203283413,Sadness,Joy,0.01348622834216862
0.0031037020203283413,Sadness,Pride,0.021306382019884097
0.0031037020203283413,Sadness,Sadness,0.5400272687506793
0.0031037020203283413,Sadness,Shame,0.13228315355239278
0.0031037020203283413,Shame,Boredom,0.006634302899036973
0.0031037020203283413,Shame,Fear,0.4374329677361197
0.0031037020203283413,Shame,Happiness,0.01865424593813676
0.0031037020203283413,Shame,Joy,0.06750733702277478
0.0031037020203283413,Shame,Pride,0.058873597669321036
0.0031037020203283413,Shame,Sadness,0.19083341973395482
0.0031037020203283413,Shame,Shame,0.22006412900065625
0.0033728934541714575,Boredom,Boredom,0.5165431592102848
0.0033728934541714575,Boredom,Fear,0.007498679305816271
0.0033728934541714575,Boredom,Happiness,0.329028633540552
0.0033728934541714575,Boredom,Joy,0.01645858369116172
0.0033728934541714575,Boredom,Pride,0.06480278762332324
0.0033728934541714575,Boredom,Sadness,0.01636967751128218
0.0033728934541714575,Boredom,Shame,0.04929847911757954
0.0033728934541714575,Fear,Boredom,0.0024391009729280862
0.0033728934541714575,Fear,Fear,0.5847757536043462
0.0033728934541714575,Fear,Happiness,0.008919714867644944
0.0033728934541714575,Fear,Joy,0.029096373655187826
0.0033728934541714575,Fear,Pride,0.01726253939620807
0.0033728934541714575,Fear,Sadness,0.24382096823975918
0.0033728934541714575,Fear,Shame,0.11368554926392534
0.0033728934541714575,Happiness,Boredom,0.1495755737599697
0.0033728934541714575,Happiness,Fear,0.011897410042269687
0.0033728934541714575,Happiness,Happiness,0.3252187234530402
0.0033728934541714575,Happiness,Joy,0.06835772851143004
0.0033728934541714575,Happiness,Pride,0.24365078502644852
0.0033728934541714575,Happiness,Sadness,0.021139373950501184
0.0033728934541714575,Happiness,Shame,0.18016040525634064
0.0033728934541714575,Joy,Boredom,0.010729445738080986
0.0033728934541714575,Joy,Fear,0.04227292074389111
0.0033728934541714575,Joy,Happiness,0.08726934471207372
0.0033728934541714575,Joy,Joy,0.3578099458072958
0.0033728934541714575,Joy,Pride,0.27528830489335543
0.0033728934541714575,Joy,Sadness,0.022273936821628957
0.0033728934541714575,Joy,Shame,0.20435610128367407
0.0033728934541714575,Pride,Boredom,0.10768892586326753
0.0033728934541714575,Pride,Fear,0.04331502546325366
0.0033728934541714575,Pride,Happiness,0.26521895284282515
0.0033728934541714575,Pride,Joy,0.14192106047315187
0.0033728934541714575,Pride,Pride,0.24187244857887208
0.0033728934541714575,Pride,Sadness,0.031228820018476683
0.0033728934541714575,Pride,Shame,0.1687547667601529
0.0033728934541714575,Sadness,Boredom,0.02030945441929706
0.0033728934541714575,Sadness,Fear,0.29622835728836827
0.0033728934541714575,Sadness,Happiness,0.032946738886764616
0.0033728934541714575,Sadness,Joy,0.012652451271163934
0.0033728934541714575,Sadness,Pride,0.020063356622430792
0.0033728934541714575,Sadness,Sadness,0.5043331852164952
0.0033728934541714575,Sadness,Shame,0.11346645629548015
0.0033728934541714575,Shame,Boredom,0.005961989635223571
0.0033728934541714575,Shame,Fear,0.49277578309449155
0.0033728934541714575,Shame,Happiness,0.017711211608609202
0.0033728934541714575,Shame,Joy,0.06050492092196295
0.0033728934541714575,Shame,Pride,0.047355058271538054
0.0033728934541714575,Shame,Sadness,0.20008581486514793
0.0033728934541714575,Shame,Shame,0.17560522160302608
0.0031781462310671808,Boredom,Boredom,0.5260113327009658
0.0031781462310671808,Boredom,Fear,0.006858104119198856
0.0031781462310671808,Boredom,Happiness,0.3256261151582085
0.0031781462310671808,Boredom,Joy,0.01656429796514592
0.0031781462310671808,Boredom,Pride,0.062270845315698896
0.0031781462310671808,Boredom,Sadness,0.01466581255302995
0.0031781462310671808,Boredom,Shame,0.04800349218775212
0.0031781462310671808,Fear,Boredom,0.0024998450875706084
0.0031781462310671808,Fear,Fear,0.5739325960662595
0.0031781462310671808,Fear,Happiness,0.010187191165603269
0.0031781462310671808,Fear,Joy,0.0300516710600812
0.0031781462310671808,Fear,Pride,0.01772586515094752
0.0031781462310671808,Fear,Sadness,0.24965256910526595
0.0031781462310671808,Fear,Shame,0.11595026236427175
0.0031781462310671808,Happiness,Boredom,0.1573473392018446
0.0031781462310671808,Happiness,Fear,0.010643646113600951
0.0031781462310671808,Happiness,Happiness,0.32526779597791516
0.0031781462310671808,Happiness,Joy,0.07403635117624056
0.0031781462310671808,Happiness,Pride,0.24160122439451157
0.0031781462310671808,Happiness,Sadness,0.01920232698757654
0.0031781462310671808,Happiness,Shame,0.17190131614831036
0.0031781462310671808,Joy,Boredom,0.010105153274205728
0.0031781462310671808,Joy,Fear,0.03982070444161785
0.0031781462310671808,Joy,Happiness,0.10767163213308066
0.0031781462310671808,Joy,Joy,0.35420853243457584
0.0031781462310671808,Joy,Pride,0.27006749202165603
0.0031781462310671808,Joy,Sadness,0.01945340162931056
0.0031781462310671808,Joy,Shame,0.1986730840655531
0.0031781462310671808,Pride,Boredom,0.12001530601267721
0.0031781462310671808,Pride,Fear,0.03861920497514761
0.0031781462310671808,Pride,Happiness,0.2557342903063298
0.0031781462310671808,Pride,Joy,0.15272941488213915
0.0031781462310671808,Pride,Pride,0.23641820180043002
0.0031781462310671808,Pride,Sadness,0.029177299320457272
0.0031781462310671808,Pride,Shame,0.16730628270281875
0.0031781462310671808,Sadness,Boredom,0.021721701698653045
0.0031781462310671808,Sadness,Fear,0.3035776835494535
0.0031781462310671808,Sadness,Happiness,0.0343018545046312
0.0031781462310671808,Sadness,Joy,0.01403681078876736
0.0031781462310671808,Sadness,Pride,0.02080624706470044
0.0031781462310671808,Sadness,Sadness,0.4886902283395495
0.0031781462310671808,Sadness,Shame,0.11686547405424519
0.0031781462310671808,Shame,Boredom,0.0062211810134096945
0.0031781462310671808,Shame,Fear,0.47854186242970637
0.0031781462310671808,Shame,Happiness,0.020974338668105375
0.0031781462310671808,Shame,Joy,0.06330998325066998
0.0031781462310671808,Shame,Pride,0.052931362822950224
0.0031781462310671808,Shame,Sadness,0.1975953569079979
0.0031781462310671808,Shame,Shame,0.1804259149071603
0.0031394252984755203,Boredom,Boredom,0.5272565528954917
0.0031394252984755203,Boredom,Fear,0.006896789946105407
0.0031394252984755203,Boredom,Happiness,0.32452270102564074
0.0031394252984755203,Boredom,Joy,0.016550679567869056
0.0031394252984755203,Boredom,Pride,0.06196475277061495
0.0031394252984755203,Boredom,Sadness,0.014717414995007668
0.0031394252984755203,Boredom,Shame,0.04809110879927021
0.0031394252984755203,Fear,Boredom,0.002593701997716117
0.0031394252984755203,Fear,Fear,0.5664323564059612
0.0031394252984755203,Fear,Happiness,0.010489381612924502
0.0031394252984755203,Fear,Joy,0.03071336865798591
0.0031394252984755203,Fear,Pride,0.01803054524788872
0.0031394252984755203,Fear,Sadness,0.2528181053255335
0.0031394252984755203,Fear,Shame,0.11892254075198971
0.0031394252984755203,Happiness,Boredom,0.1523878048840304
0.0031394252984755203,Happiness,Fear,0.01121692953492273
0.0031394252984755203,Happiness,Happiness,0.32663700159956666
0.0031394252984755203,Happiness,Joy,0.07503198556033978
0.0031394252984755203,Happiness,Pride,0.2425560108820225
0.0031394252984755203,Happiness,Sadness,0.01958345612633166
0.0031394252984755203,Happiness,Shame,0.172586811412786
0.0031394252984755203,Joy,Boredom,0.010085173947538535
0.0031394252984755203,Joy,Fear,0.03984525305089788
0.0031394252984755203,Joy,Happiness,0.10842718572545951
0.0031394252984755203,Joy,Joy,0.3533791888953841
0.0031394252984755203,Joy,Pride,0.26988850137674064
0.0031394252984755203,Joy,Sadness,0.019354609352137297
0.0031394252984755203,Joy,Shame,0.19902008765184215
0.0031394252984755203,Pride,Boredom,0.1215515437068109
0.0031394252984755203,Pride,Fear,0.03842039456148202
0.0031394252984755203,Pride,Happiness,0.25539177051241485
0.0031394252984755203,Pride,Joy,0.1525041613789735
0.0031394252984755203,Pride,Pride,0.23662293291826011
0.0031394252984755203,Pride,Sadness,0.028497524337102266
0.0031394252984755203,Pride,Shame,0.1670116725849563
0.0031394252984755203,Sadness,Boredom,0.02182395150242291
0.0031394252984755203,Sadness,Fear,0.3054569969708978
0.0031394252984755203,Sadness,Happiness,0.03473262714212768
0.0031394252984755203,Sadness,Joy,0.01429568654128796
0.0031394252984755203,Sadness,Pride,0.021299495709187304
0.0031394252984755203,Sadness,Sadness,0.4833786188979368
0.0031394252984755203,Sadness,Shame,0.11901262323613952
0.0031394252984755203,Shame,Boredom,0.006295459078308585
0.0031394252984755203,Shame,Fear,0.47445013649520046
0.0031394252984755203,Shame,Happiness,0.021118994463387487
0.0031394252984755203,Shame,Joy,0.0639671669267227
0.0031394252984755203,Shame,Pride,0.05106375665374925
0.0031394252984755203,Shame,Sadness,0.20078081280741322
0.0031394252984755203,Shame,Shame,0.1823236735752182
0.0031502007957132953,Boredom,Boredom,0.48280693221848014
0.0031502007957132953,Boredom,Fear,0.008515866354085369
0.0031502007957132953,Boredom,Happiness,0.3253232317879742
0.0031502007957132953,Boredom,Joy,0.02170185455683616
0.0031502007957132953,Boredom,Pride,0.07379346460331582
0.0031502007957132953,Boredom,Sadness,0.020552171087316
0.0031502007957132953,Boredom,Shame,0.06730647939199264
0.0031502007957132953,Fear,Boredom,0.003812215391326855
0.0031502007957132953,Fear,Fear,0.45221394210999677
0.0031502007957132953,Fear,Happiness,0.011927919211189464
0.0031502007957132953,Fear,Joy,0.04016047478298621
0.0031502007957132953,Fear,Pride,0.026643405703964132
0.0031502007957132953,Fear,Sadness,0.29130993271246247
0.0031502007957132953,Fear,Shame,0.17393211008807455
0.0031502007957132953,Happiness,Boredom,0.126848823871648
0.0031502007957132953,Happiness,Fear,0.008143537276406779
0.0031502007957132953,Happiness,Happiness,0.29823322264760405
0.0031502007957132953,Happiness,Joy,0.07704018836771484
0.0031502007957132953,Happiness,Pride,0.25121114727292215
0.0031502007957132953,Happiness,Sadness,0.017245514052945256
0.0031502007957132953,Happiness,Shame,0.22127756651075864
0.0031502007957132953,Joy,Boredom,0.007850586761103397
0.0031502007957132953,Joy,Fear,0.035830832454200594
0.0031502007957132953,Joy,Happiness,0.08407012756014097
0.0031502007957132953,Joy,Joy,0.3274215170678719
0.0031502007957132953,Joy,Pride,0.2796062646720403
0.0031502007957132953,Joy,Sadness,0.018711979217232635
0.0031502007957132953,Joy,Shame,0.24650869226741043
0.0031502007957132953,Pride,Boredom,0.09852122336089647
0.0031502007957132953,Pride,Fear,0.03367596184122236
0.0031502007957132953,Pride,Happiness,0.21306758154913064
0.0031502007957132953,Pride,Joy,0.16677226935876258
0.0031502007957132953,Pride,Pride,0.2442996849257719
0.0031502007957132953,Pride,Sadness,0.03089047069755343
0.0031502007957132953,Pride,Shame,0.21277280826666245
0.0031502007957132953,Sadness,Boredom,0.018959596047636293
0.0031502007957132953,Sadness,Fear,0.21776227404103016
0.0031502007957132953,Sadness,Happiness,0.03312848498153836
0.0031502007957132953,Sadness,Joy,0.018445227385548085
0.0031502007957132953,Sadness,Pride,0.02691386240378081
0.0031502007957132953,Sadness,Sadness,0.513786791308698
0.0031502007957132953,Sadness,Shame,0.17100376383176819
0.0031502007957132953,Shame,Boredom,0.007719907451755185
0.0031502007957132953,Shame,Fear,0.3675477731802907
0.0031502007957132953,Shame,Happiness,0.021487438258220137
0.0031502007957132953,Shame,Joy,0.07583710714026586
0.0031502007957132953,Shame,Pride,0.06328270489484959
0.0031502007957132953,Shame,Sadness,0.21752329218906993
0.0031502007957132953,Shame,Shame,0.24660177688554832
0.003275279886958532,Boredom,Boredom,0.48388036073247065
0.003275279886958532,Boredom,Fear,0.008883786719816817
0.003275279886958532,Boredom,Happiness,0.3239001565371143
0.003275279886958532,Boredom,Joy,0.021161674789348137
0.003275279886958532,Boredom,Pride,0.07390850306811095
0.003275279886958532,Boredom,Sadness,0.021539032979873415
0.003275279886958532,Boredom,Shame,0.0667264851732655
0.003275279886958532,Fear,Boredom,0.0036968819932260005
0.003275279886958532,Fear,Fear,0.4650252270789721
0.003275279886958532,Fear,Happiness,0.011908335755785775
0.003275279886958532,Fear,Joy,0.03885943140747336
0.003275279886958532,Fear,Pride,0.02541133558146505
0.003275279886958532,Fear,Sadness,0.2913020214056575
0.003275279886958532,Fear,Shame,0.16379676677742025
0.003275279886958532,Happiness,Boredom,0.1396316958151357
0.003275279886958532,Happiness,Fear,0.009165950766059834
0.003275279886958532,Happiness,Happiness,0.30098968923726904
0.003275279886958532,Happiness,Joy,0.07293915266856643
0.003275279886958532,Happiness,Pride,0.2504319844102857
0.003275279886958532,Happiness,Sadness,0.018236884866421308
0.003275279886958532,Happiness,Shame,0.20860464223626204
0.003275279886958532,Joy,Boredom,0.008492975796316665
0.003275279886958532,Joy,Fear,0.037607841448456136
0.003275279886958532,Joy,Happiness,0.08284929646008153
0.003275279886958532,Joy,Joy,0.3309367404768181
0.003275279886958532,Joy,Pride,0.27954257377691916
0.003275279886958532,Joy,Sadness,0.01970385402164078
0.003275279886958532,Joy,Shame,0.24086671801976783
0.003275279886958532,Pride,Boredom,0.10727296683997922
0.003275279886958532,Pride,Fear,0.03518662850674555
0.003275279886958532,Pride,Happiness,0.21911669191548047
0.003275279886958532,Pride,Joy,0.1638820546218083
0.003275279886958532,Pride,Pride,0.24131639759469556
0.003275279886958532,Pride,Sadness,0.03084547307575287
0.003275279886958532,Pride,Shame,0.20237978744553825
0.003275279886958532,Sadness,Boredom,0.0184362080397812
0.003275279886958532,Sadness,Fear,0.2180460079050895
0.003275279886958532,Sadness,Happiness,0.03275917618995754
0.003275279886958532,Sadness,Joy,0.017524855035244424
0.003275279886958532,Sadness,Pride,0.025352765084947167
0.003275279886958532,Sadness,Sadness,0.5288643370387485
0.003275279886958532,Sadness,Shame,0.1590166507062315
0.003275279886958532,Shame,Boredom,0.007615045815268959
0.003275279886958532,Shame,Fear,0.38386274900254136
0.003275279886958532,Shame,Happiness,0.02126187289110396
0.003275279886958532,Shame,Joy,0.07375760326472261
0.003275279886958532,Shame,Pride,0.05897050954881212
0.003275279886958532,Shame,Sadness,0.22218783970103936
0.003275279886958532,Shame,Shame,0.23234437977651143
0.0032516815952112425,Boredom,Boredom,0.4848503366047446
0.0032516815952112425,Boredom,Fear,0.008919950367585317
0.0032516815952112425,Boredom,Happiness,0.32503098759361565
0.0032516815952112425,Boredom,Joy,0.020972154392133315
0.0032516815952112425,Boredom,Pride,0.07373852398509857
0.0032516815952112425,Boredom,Sadness,0.020654965238108596
0.0032516815952112425,Boredom,Shame,0.06583308181871382
0.0032516815952112425,Fear,Boredom,0.0037157845032327343
0.0032516815952112425,Fear,Fear,0.45821479954389294
0.0032516815952112425,Fear,Happiness,0.011762697750193946
0.0032516815952112425,Fear,Joy,0.03957444051126297
0.0032516815952112425,Fear,Pride,0.02618154554043094
0.0032516815952112425,Fear,Sadness,0.2915836098863809
0.0032516815952112425,Fear,Shame,0.1689671222646055
0.0032516815952112425,Happiness,Boredom,0.13213312954834197
0.0032516815952112425,Happiness,Fear,0.009458967758126123
0.0032516815952112425,Happiness,Happiness,0.30035561361905966
0.0032516815952112425,Happiness,Joy,0.07337812546104579
0.0032516815952112425,Happiness,Pride,0.2505230139359086
0.0032516815952112425,Happiness,Sadness,0.018431660839483995
0.0032516815952112425,Happiness,Shame,0.21571948883803402
0.0032516815952112425,Joy,Boredom,0.008430836986062158
0.0032516815952112425,Joy,Fear,0.03795075927132281
0.0032516815952112425,Joy,Happiness,0.08249732595836595
0.0032516815952112425,Joy,Joy,0.3310473553399648
0.0032516815952112425,Joy,Pride,0.28035646924509916
0.0032516815952112425,Joy,Sadness,0.02018817533529414
0.0032516815952112425,Joy,Shame,0.23952907786389102
0.0032516815952112425,Pride,Boredom,0.09660682773105089
0.0032516815952112425,Pride,Fear,0.03619803016436338
0.0032516815952112425,Pride,Happiness,0.21921694759827542
0.0032516815952112425,Pride,Joy,0.16639509422194124
0.0032516815952112425,Pride,Pride,0.24480848511948464
0.0032516815952112425,Pride,Sadness,0.032002510588950046
0.0032516815952112425,Pride,Shame,0.20477210457593434
0.0032516815952112425,Sadness,Boredom,0.01874088697897765
0.0032516815952112425,Sadness,Fear,0.21799407726000983
0.0032516815952112425,Sadness,Happiness,0.03272184270102012
0.0032516815952112425,Sadness,Joy,0.017816586365306468
0.0032516815952112425,Sadness,Pride,0.026060769977821207
0.0032516815952112425,Sadness,Sadness,0.5235903901513447
0.0032516815952112425,Sadness,Shame,0.16307544656552003
0.0032516815952112425,Shame,Boredom,0.007412842675409177
0.0032516815952112425,Shame,Fear,0.37933628908432315
0.0032516815952112425,Shame,Happiness,0.020725391935001725
0.0032516815952112425,Shame,Joy,0.07385721842028037
0.0032516815952112425,Shame,Pride,0.06270647999534196
0.0032516815952112425,Shame,Sadness,0.22161411769992015
0.0032516815952112425,Shame,Shame,0.23434766018972344
0.0032583692056952713,Boredom,Boredom,0.482057585106995
0.0032583692056952713,Boredom,Fear,0.009818028250607538
0.0032583692056952713,Boredom,Happiness,0.3213341378424075
0.0032583692056952713,Boredom,Joy,0.022375276908258888
0.0032583692056952713,Boredom,Pride,0.07327067142407104
0.0032583692056952713,Boredom,Sadness,0.02487216174358247
0.0032583692056952713,Boredom,Shame,0.06627213872407814
0.0032583692056952713,Fear,Boredom,0.003972479604918151
0.0032583692056952713,Fear,Fear,0.45195445840857257
0.0032583692056952713,Fear,Happiness,0.013207575476973443
0.0032583692056952713,Fear,Joy,0.0403106667232669
0.0032583692056952713,Fear,Pride,0.026083629982828562
0.0032583692056952713,Fear,Sadness,0.29583335535267197
0.0032583692056952713,Fear,Shame,0.1686378344507683
0.0032583692056952713,Happiness,Boredom,0.13174981029076227
0.0032583692056952713,Happiness,Fear,0.011434761193022317
0.0032583692056952713,Happiness,Happiness,0.300357680788232
0.0032583692056952713,Happiness,Joy,0.07897926739256841
0.0032583692056952713,Happiness,Pride,0.2506836958519014
0.0032583692056952713,Happiness,Sadness,0.020748066903757786
0.0032583692056952713,Happiness,Shame,0.20604671757975554
0.0032583692056952713,Joy,Boredom,0.009235266911094558
0.0032583692056952713,Joy,Fear,0.03936796992573223
0.0032583692056952713,Joy,Happiness,0.08865562522465396
0.0032583692056952713,Joy,Joy,0.33165978695856674
0.0032583692056952713,Joy,Pride,0.27749297493613656
0.0032583692056952713,Joy,Sadness,0.02211331481005965
0.0032583692056952713,Joy,Shame,0.2314750612337563
0.0032583692056952713,Pride,Boredom,0.09995384865984544
0.0032583692056952713,Pride,Fear,0.03560937828708229
0.0032583692056952713,Pride,Happiness,0.2198772454370972
0.0032583692056952713,Pride,Joy,0.17002807612223464
0.0032583692056952713,Pride,Pride,0.24458226887886636
0.0032583692056952713,Pride,Sadness,0.03317047276965797
0.0032583692056952713,Pride,Shame,0.19677870984521617
0.0032583692056952713,Sadness,Boredom,0.01918502670707359
0.0032583692056952713,Sadness,Fear,0.2252556935496629
0.0032583692056952713,Sadness,Happiness,0.03466975260625888
0.0032583692056952713,Sadness,Joy,0.018950133418187323
0.0032583692056952713,Sadness,Pride,0.026657864801220475
0.0032583692056952713,Sadness,Sadness,0.5121735401662961
0.0032583692056952713,Sadness,Shame,0.1631079887513007
0.0032583692056952713,Shame,Boredom,0.007644659782075762
0.0032583692056952713,Shame,Fear,0.3869322885523651
0.0032583692056952713,Shame,Happiness,0.021652765845620165
0.0032583692056952713,Shame,Joy,0.07371350063542949
0.0032583692056952713,Shame,Pride,0.04866505630886608
0.0032583692056952713,Shame,Sadness,0.23633436709689404
0.0032583692056952713,Shame,Shame,0.2250573617787494
0.003260927290540893,Boredom,Boredom,0.48259333399291826
0.003260927290540893,Boredom,Fear,0.009541617433227552
0.003260927290540893,Boredom,Happiness,0.32123578317062956
0.003260927290540893,Boredom,Joy,0.022418848616258497
0.003260927290540893,Boredom,Pride,0.07489678860186816
0.003260927290540893,Boredom,Sadness,0.022277920539138078
0.003260927290540893,Boredom,Shame,0.06703570764595981
0.003260927290540893,Fear,Boredom,0.003927034319414195
0.003260927290540893,Fear,Fear,0.45635896267209886
0.003260927290540893,Fear,Happiness,0.013133894030590731
0.003260927290540893,Fear,Joy,0.040121545108581486
0.003260927290540893,Fear,Pride,0.025974844557591886
0.003260927290540893,Fear,Sadness,0.2944602165942824
0.003260927290540893,Fear,Shame,0.16602350271744057
0.003260927290540893,Happiness,Boredom,0.13193168607904082
0.003260927290540893,Happiness,Fear,0.01053616827013627
0.003260927290540893,Happiness,Happiness,0.2991163359655849
0.003260927290540893,Happiness,Joy,0.07814915866495885
0.003260927290540893,Happiness,Pride,0.25078757063935536
0.003260927290540893,Happiness,Sadness,0.01994592112450381
0.003260927290540893,Happiness,Shame,0.20953315925642024
0.003260927290540893,Joy,Boredom,0.0090399507727373
0.003260927290540893,Joy,Fear,0.038911267411157746
0.003260927290540893,Joy,Happiness,0.08773233678861155
0.003260927290540893,Joy,Joy,0.3310846292860345
0.003260927290540893,Joy,Pride,0.27785364154894093
0.003260927290540893,Joy,Sadness,0.021309521271680187
0.003260927290540893,Joy,Shame,0.2340686529208381
0.003260927290540893,Pride,Boredom,0.10213398179337534
0.003260927290540893,Pride,Fear,0.03584103714984638
0.003260927290540893,Pride,Happiness,0.2186758462455072
0.003260927290540893,Pride,Joy,0.1692050729933367
0.003260927290540893,Pride,Pride,0.24390245829578502
0.003260927290540893,Pride,Sadness,0.03168331483462076
0.003260927290540893,Pride,Shame,0.19855828868752887
0.003260927290540893,Sadness,Boredom,0.019095328791770363
0.003260927290540893,Sadness,Fear,0.22358305666731668
0.003260927290540893,Sadness,Happiness,0.034314448355178544
0.003260927290540893,Sadness,Joy,0.018705697961739653
0.003260927290540893,Sadness,Pride,0.026438341872495098
0.003260927290540893,Sadness,Sadness,0.5167341323643642
0.003260927290540893,Sadness,Shame,0.16112899398713484
0.003260927290540893,Shame,Boredom,0.00764205305089218
0.003260927290540893,Shame,Fear,0.38293078905230854
0.003260927290540893,Shame,Happiness,0.022229632335891442
0.003260927290540893,Shame,Joy,0.07435207416562017
0.003260927290540893,Shame,Pride,0.05685087284303706
0.003260927290540893,Shame,Sadness,0.23001850534252452
0.003260927290540893,Shame,Shame,0.22597607320972643
0.003502874708297481,Boredom,Boredom,0.5380775508398838
0.003502874708297481,Boredom,Fear,0.004939256886989317
0.003502874708297481,Boredom,Happiness,0.3342735320433527
0.003502874708297481,Boredom,Joy,0.012723236463306574
0.003502874708297481,Boredom,Pride,0.05711838633548424
0.003502874708297481,Boredom,Sadness,0.012072490602729769
0.003502874708297481,Boredom,Shame,0.04079554682825356
0.003502874708297481,Fear,Boredom,0.0013676456239463224
0.003502874708297481,Fear,Fear,0.6622186916075523
0.003502874708297481,Fear,Happiness,0.004918181238844103
0.003502874708297481,Fear,Joy,0.021569770174123933
0.003502874708297481,Fear,Pride,0.012831664209023742
0.003502874708297481,Fear,Sadness,0.21348871951278833
0.003502874708297481,Fear,Shame,0.0836053276337213
0.003502874708297481,Happiness,Boredom,0.14459808965776005
0.003502874708297481,Happiness,Fear,0.008208052608228985
0.003502874708297481,Happiness,Happiness,0.34123614976775446
0.003502874708297481,Happiness,Joy,0.06399012172115234
0.003502874708297481,Happiness,Pride,0.24108860179726238
0.003502874708297481,Happiness,Sadness,0.01664738091100613
0.003502874708297481,Happiness,Shame,0.1842316035368354
0.003502874708297481,Joy,Boredom,0.009208965971078406
0.003502874708297481,Joy,Fear,0.038918386059619337
0.003502874708297481,Joy,Happiness,0.07829353300617181
0.003502874708297481,Joy,Joy,0.37043572169429884
0.003502874708297481,Joy,Pride,0.27844958906030676
0.003502874708297481,Joy,Sadness,0.016440254211705523
0.003502874708297481,Joy,Shame,0.20825354999681905
0.003502874708297481,Pride,Boredom,0.10656880579694991
0.003502874708297481,Pride,Fear,0.04748377352348242
0.003502874708297481,Pride,Happiness,0.28142170019582263
0.003502874708297481,Pride,Joy,0.10871882678321872
0.003502874708297481,Pride,Pride,0.24521508856804408
0.003502874708297481,Pride,Sadness,0.03356231544429409
0.003502874708297481,Pride,Shame,0.17702948968818835
0.003502874708297481,Sadness,Boredom,0.018026950641817918
0.003502874708297481,Sadness,Fear,0.28294910215165625
0.003502874708297481,Sadness,Happiness,0.027095580049013437
0.003502874708297481,Sadness,Joy,0.008774442176190674
0.003502874708297481,Sadness,Pride,0.01812992900296612
0.003502874708297481,Sadness,Sadness,0.5581694080141464
0.003502874708297481,Sadness,Shame,0.08685458796420908
0.003502874708297481,Shame,Boredom,0.004914870605884164
0.003502874708297481,Shame,Fear,0.5457612885682621
0.003502874708297481,Shame,Happiness,0.013772383505312279
0.003502874708297481,Shame,Joy,0.052059406945800565
0.003502874708297481,Shame,Pride,0.05096662489510892
0.003502874708297481,Shame,Sadness,0.16326890525598153
0.003502874708297481,Shame,Shame,0.16925652022365031
0.003142524237187679,Boredom,Boredom,0.5056783095666136
0.003142524237187679,Boredom,Fear,0.00949062655032666
0.003142524237187679,Boredom,Happiness,0.3185991627527351
0.003142524237187679,Boredom,Joy,0.022071874605717766
0.003142524237187679,Boredom,Pride,0.06780978426984484
0.003142524237187679,Boredom,Sadness,0.021367362209104193
0.003142524237187679,Boredom,Shame,0.05498288004565758
0.003142524237187679,Fear,Boredom,0.003549733788621293
0.003142524237187679,Fear,Fear,0.5237311144167143
0.003142524237187679,Fear,Happiness,0.014826324729955638
0.003142524237187679,Fear,Joy,0.034093253103668716
0.003142524237187679,Fear,Pride,0.0211250049755628
0.003142524237187679,Fear,Sadness,0.2690127157151598
0.003142524237187679,Fear,Shame,0.13366185327031715
0.003142524237187679,Happiness,Boredom,0.15070670290802357
0.003142524237187679,Happiness,Fear,0.014648294735359033
0.003142524237187679,Happiness,Happiness,0.3144035014673469
0.003142524237187679,Happiness,Joy,0.08677529580811293
0.003142524237187679,Happiness,Pride,0.24541929847370977
0.003142524237187679,Happiness,Sadness,0.022929581980930064
0.003142524237187679,Happiness,Shame,0.16511732462651738
0.003142524237187679,Joy,Boredom,0.011637945487398037
0.003142524237187679,Joy,Fear,0.04269637300240601
0.003142524237187679,Joy,Happiness,0.1271883628611172
0.003142524237187679,Joy,Joy,0.33574927006213173
0.003142524237187679,Joy,Pride,0.2661629728652959
0.003142524237187679,Joy,Sadness,0.022169998335635956
0.003142524237187679,Joy,Shame,0.19439507738601583
0.003142524237187679,Pride,Boredom,0.1317018354172972
0.003142524237187679,Pride,Fear,0.0390208786394876
0.003142524237187679,Pride,Happiness,0.24718671813766868
0.003142524237187679,Pride,Joy,0.16125866451474855
0.003142524237187679,Pride,Pride,0.23550182985069296
0.003142524237187679,Pride,Sadness,0.028999340710581332
0.003142524237187679,Pride,Shame,0.1563307327295235
0.003142524237187679,Sadness,Boredom,0.02479437098255246
0.003142524237187679,Sadness,Fear,0.3076314339427258
0.003142524237187679,Sadness,Happiness,0.03834858813789901
0.003142524237187679,Sadness,Joy,0.01694959979710351
0.003142524237187679,Sadness,Pride,0.023336664405450097
0.003142524237187679,Sadness,Sadness,0.45857356281988665
0.003142524237187679,Sadness,Shame,0.13036577991438209
0.003142524237187679,Shame,Boredom,0.0070422817333752686
0.003142524237187679,Shame,Fear,0.4589230585285456
0.003142524237187679,Shame,Happiness,0.024536418244051495
0.003142524237187679,Shame,Joy,0.06537913720124958
0.003142524237187679,Shame,Pride,0.037343772503857474
0.003142524237187679,Shame,Sadness,0.22736323078322718
0.003142524237187679,Shame,Shame,0.1794121010056938
0.0031275579385320025,Boredom,Boredom,0.5093913473179454
0.0031275579385320025,Boredom,Fear,0.006986123817390036
0.0031275579385320025,Boredom,Happiness,0.32961044231457304
0.0031275579385320025,Boredom,Joy,0.017222299109088957
0.0031275579385320025,Boredom,Pride,0.06552265888291017
0.0031275579385320025,Boredom,Sadness,0.01660611064769226
0.0031275579385320025,Boredom,Shame,0.054661017910400504
0.0031275579385320025,Fear,Boredom,0.0028091787001100787
0.0031275579385320025,Fear,Fear,0.5328387352729717
0.0031275579385320025,Fear,Happiness,0.009676590116445578
0.0031275579385320025,Fear,Joy,0.033515966872127156
0.0031275579385320025,Fear,Pride,0.020698711568667857
0.0031275579385320025,Fear,Sadness,0.2609171464999917
0.0031275579385320025,Fear,Shame,0.13954367096968606
0.0031275579385320025,Happiness,Boredom,0.1447367508003486
0.0031275579385320025,Happiness,Fear,0.009258445111736058
0.0031275579385320025,Happiness,Happiness,0.32225100089814057
0.0031275579385320025,Happiness,Joy,0.07116351799222494
0.0031275579385320025,Happiness,Pride,0.24649474166853147
0.0031275579385320025,Happiness,Sadness,0.017143393424509334
0.0031275579385320025,Happiness,Shame,0.18895215010450891
0.0031275579385320025,Joy,Boredom,0.008581866513602406
0.0031275579385320025,Joy,Fear,0.03783498899927071
0.0031275579385320025,Joy,Happiness,0.08790519601127425
0.0031275579385320025,Joy,Joy,0.3457448520097039
0.0031275579385320025,Joy,Pride,0.27753684771153847
0.0031275579385320025,Joy,Sadness,0.01787874499563263
0.0031275579385320025,Joy,Shame,0.2245175037589777
0.0031275579385320025,Pride,Boredom,0.11525031253869969
0.0031275579385320025,Pride,Fear,0.036243623026922404
0.0031275579385320025,Pride,Happiness,0.23874198401438051
0.0031275579385320025,Pride,Joy,0.15611610965695305
0.0031275579385320025,Pride,Pride,0.23780073303478239
0.0031275579385320025,Pride,Sadness,0.02894525252211886
0.0031275579385320025,Pride,Shame,0.18690198520614307
0.0031275579385320025,Sadness,Boredom,0.018669293834032468
0.0031275579385320025,Sadness,Fear,0.24661884669625406
0.0031275579385320025,Sadness,Happiness,0.031049735028751656
0.0031275579385320025,Sadness,Joy,0.014404788327099273
0.0031275579385320025,Sadness,Pride,0.021495623132333327
0.0031275579385320025,Sadness,Sadness,0.5340291703348249
0.0031275579385320025,Sadness,Shame,0.13373254264670464
0.0031275579385320025,Shame,Boredom,0.006772408189970566
0.0031275579385320025,Shame,Fear,0.4388968171180739
0.0031275579385320025,Shame,Happiness,0.019458499198692965
0.0031275579385320025,Shame,Joy,0.06826633619802129
0.0031275579385320025,Shame,Pride,0.05400529078449416
0.0031275579385320025,Shame,Sadness,0.19874870369422964
0.0031275579385320025,Shame,Shame,0.2138519448165174
0.0030849151571022498,Boredom,Boredom,0.5127898748682946
0.0030849151571022498,Boredom,Fear,0.008639637237358607
0.0030849151571022498,Boredom,Happiness,0.3199045166302014
0.0030849151571022498,Boredom,Joy,0.021047468988264553
0.0030849151571022498,Boredom,Pride,0.06660312198442729
0.0030849151571022498,Boredom,Sadness,0.017823390784007624
0.0030849151571022498,Boredom,Shame,0.053191989507445275
0.0030849151571022498,Fear,Boredom,0.003385750083611357
0.0030849151571022498,Fear,Fear,0.531219935154156
0.0030849151571022498,Fear,Happiness,0.014219729253204718
0.0030849151571022498,Fear,Joy,0.034049349604120725
0.0030849151571022498,Fear,Pride,0.020573740735199377
0.0030849151571022498,Fear,Sadness,0.2652393791948841
0.0030849151571022498,Fear,Shame,0.13131211597482376
0.0030849151571022498,Happiness,Boredom,0.15858487104653124
0.0030849151571022498,Happiness,Fear,0.01331416000320348
0.0030849151571022498,Happiness,Happiness,0.3154593506106487
0.0030849151571022498,Happiness,Joy,0.08406863806357535
0.0030849151571022498,Happiness,Pride,0.24348211081795446
0.0030849151571022498,Happiness,Sadness,0.021117281643624128
0.0030849151571022498,Happiness,Shame,0.16397358781446295
0.0030849151571022498,Joy,Boredom,0.011265698826554761
0.0030849151571022498,Joy,Fear,0.04171893701353969
0.0030849151571022498,Joy,Happiness,0.12653903120376186
0.0030849151571022498,Joy,Joy,0.339542947751286
0.0030849151571022498,Joy,Pride,0.26685558364359196
0.0030849151571022498,Joy,Sadness,0.02116378936292394
0.0030849151571022498,Joy,Shame,0.19291401219834145
0.0030849151571022498,Pride,Boredom,0.14137777708709223
0.0030849151571022498,Pride,Fear,0.0371322712525064
0.0030849151571022498,Pride,Happiness,0.2475261061112357
0.0030849151571022498,Pride,Joy,0.15851153675506086
0.0030849151571022498,Pride,Pride,0.23361450176217266
0.0030849151571022498,Pride,Sadness,0.02698345710462775
0.0030849151571022498,Pride,Shame,0.1548543499273041
0.0030849151571022498,Sadness,Boredom,0.02603608332144509
0.0030849151571022498,Sadness,Fear,0.30880849728802295
0.0030849151571022498,Sadness,Happiness,0.0380722576760459
0.0030849151571022498,Sadness,Joy,0.01651372748423132
0.0030849151571022498,Sadness,Pride,0.02259009340449157
0.0030849151571022498,Sadness,Sadness,0.4589601713899319
0.0030849151571022498,Sadness,Shame,0.1290191694358313
0.0030849151571022498,Shame,Boredom,0.006931231139606703
0.0030849151571022498,Shame,Fear,0.4589257722837344
0.0030849151571022498,Shame,Happiness,0.024529335682472887
0.0030849151571022498,Shame,Joy,0.06643169802378084
0.0030849151571022498,Shame,Pride,0.04354545726998707
0.0030849151571022498,Shame,Sadness,0.21946590407434924
0.0030849151571022498,Shame,Shame,0.18017060152606876
0.003287112645354902,Boredom,Boredom,0.4817329615756121
0.003287112645354902,Boredom,Fear,0.010255842986922774
0.003287112645354902,Boredom,Happiness,0.3175553299091424
0.003287112645354902,Boredom,Joy,0.023828354006027248
0.003287112645354902,Boredom,Pride,0.07623808637287811
0.003287112645354902,Boredom,Sadness,0.022538133585258007
0.003287112645354902,Boredom,Shame,0.06785129156415945
0.003287112645354902,Fear,Boredom,0.004293509264253459
0.003287112645354902,Fear,Fear,0.44786592114952395
0.003287112645354902,Fear,Happiness,0.014584024038250317
0.003287112645354902,Fear,Joy,0.041534025781494656
0.003287112645354902,Fear,Pride,0.027075165858804543
0.003287112645354902,Fear,Sadness,0.2949922485080939
0.003287112645354902,Fear,Shame,0.16965510539957934
0.003287112645354902,Happiness,Boredom,0.163264407140633
0.003287112645354902,Happiness,Fear,0.010460761575611436
0.003287112645354902,Happiness,Happiness,0.29107530458018693
0.003287112645354902,Happiness,Joy,0.07854406238261619
0.003287112645354902,Happiness,Pride,0.24414975242542922
0.003287112645354902,Happiness,Sadness,0.01934754640850481
0.003287112645354902,Happiness,Shame,0.1931581654870184
0.003287112645354902,Joy,Boredom,0.009630828107143918
0.003287112645354902,Joy,Fear,0.039929217902352765
0.003287112645354902,Joy,Happiness,0.09179013459534302
0.003287112645354902,Joy,Joy,0.33163217459878824
0.003287112645354902,Joy,Pride,0.2758541102689998
0.003287112645354902,Joy,Sadness,0.02274621754678501
0.003287112645354902,Joy,Shame,0.22841731698058665
0.003287112645354902,Pride,Boredom,0.14245005058134877
0.003287112645354902,Pride,Fear,0.03653867126749405
0.003287112645354902,Pride,Happiness,0.21201713986262222
0.003287112645354902,Pride,Joy,0.1678027328785624
0.003287112645354902,Pride,Pride,0.22937690918637596
0.003287112645354902,Pride,Sadness,0.028702022223875856
0.003287112645354902,Pride,Shame,0.18311247399972058
0.003287112645354902,Sadness,Boredom,0.0236780210570303
0.003287112645354902,Sadness,Fear,0.22920998521221486
0.003287112645354902,Sadness,Happiness,0.036901882350723884
0.003287112645354902,Sadness,Joy,0.020354262828016844
0.003287112645354902,Sadness,Pride,0.026349323691467547
0.003287112645354902,Sadness,Sadness,0.49696795624071766
0.003287112645354902,Sadness,Shame,0.16653856861982858
0.003287112645354902,Shame,Boredom,0.007751484803064613
0.003287112645354902,Shame,Fear,0.37979126535314817
0.003287112645354902,Shame,Happiness,0.02329583684127905
0.003287112645354902,Shame,Joy,0.07511720216596952
0.003287112645354902,Shame,Pride,0.05710432499144158
0.003287112645354902,Shame,Sadness,0.23635215046752878
0.003287112645354902,Shame,Shame,0.22058773537756854
0.003359660792790933,Boredom,Boredom,0.5113423636002994
0.003359660792790933,Boredom,Fear,0.006609296624940074
0.003359660792790933,Boredom,Happiness,0.33338972194694777
0.003359660792790933,Boredom,Joy,0.015930120484998683
0.003359660792790933,Boredom,Pride,0.06473050113943846
0.003359660792790933,Boredom,Sadness,0.016171423238053702
0.003359660792790933,Boredom,Shame,0.05182657296532184
0.003359660792790933,Fear,Boredom,0.0023725237465805566
0.003359660792790933,Fear,Fear,0.5666697487373993
0.003359660792790933,Fear,Happiness,0.007809793674736255
0.003359660792790933,Fear,Joy,0.030021146229186023
0.003359660792790933,Fear,Pride,0.0189548643022247
0.003359660792790933,Fear,Sadness,0.2460373099050589
0.003359660792790933,Fear,Shame,0.12813461340481427
0.003359660792790933,Happiness,Boredom,0.142772952391353
0.003359660792790933,Happiness,Fear,0.009252534817289345
0.003359660792790933,Happiness,Happiness,0.3277807595720865
0.003359660792790933,Happiness,Joy,0.06510429874790674
0.003359660792790933,Happiness,Pride,0.2462788437520458
0.003359660792790933,Happiness,Sadness,0.01805762013590576
0.003359660792790933,Happiness,Shame,0.19075299058341297
0.003359660792790933,Joy,Boredom,0.008845213099129853
0.003359660792790933,Joy,Fear,0.03895413445024994
0.003359660792790933,Joy,Happiness,0.07832700437234325
0.003359660792790933,Joy,Joy,0.3509029784709231
0.003359660792790933,Joy,Pride,0.2803231428671179
0.003359660792790933,Joy,Sadness,0.018840683135225397
0.003359660792790933,Joy,Shame,0.2238068436050106
0.003359660792790933,Pride,Boredom,0.10120696560466916
0.003359660792790933,Pride,Fear,0.04030350673738255
0.003359660792790933,Pride,Happiness,0.25324175194504706
0.003359660792790933,Pride,Joy,0.14313874547776828
0.003359660792790933,Pride,Pride,0.2424547216791166
0.003359660792790933,Pride,Sadness,0.03174892621945752
0.003359660792790933,Pride,Shame,0.18790538233655882
0.003359660792790933,Sadness,Boredom,0.01626583990804595
0.003359660792790933,Sadness,Fear,0.23245153029958324
0.003359660792790933,Sadness,Happiness,0.027994502743645327
0.003359660792790933,Sadness,Joy,0.011977837292626291
0.003359660792790933,Sadness,Pride,0.01988421921209945
0.003359660792790933,Sadness,Sadness,0.5676272037830034
0.003359660792790933,Sadness,Shame,0.12379886676099594
0.003359660792790933,Shame,Boredom,0.006083418786804132
0.003359660792790933,Shame,Fear,0.4650312214580094
0.003359660792790933,Shame,Happiness,0.016448517340760235
0.003359660792790933,Shame,Joy,0.06257529211920226
0.003359660792790933,Shame,Pride,0.05336735205370828
0.003359660792790933,Shame,Sadness,0.19175743064259282
0.003359660792790933,Shame,Shame,0.20473676759892293
0.003183885395998654,Boredom,Boredom,0.508656790409035
0.003183885395998654,Boredom,Fear,0.00690279549303906
0.003183885395998654,Boredom,Happiness,0.3306688118029037
0.003183885395998654,Boredom,Joy,0.016901348293518206
0.003183885395998654,Boredom,Pride,0.06477577350419385
0.003183885395998654,Boredom,Sadness,0.017616702899142148
0.003183885395998654,Boredom,Shame,0.05447777759816801
0.003183885395998654,Fear,Boredom,0.0026433773169606727
0.003183885395998654,Fear,Fear,0.5428919409282762
0.003183885395998654,Fear,Happiness,0.009294908537357927
0.003183885395998654,Fear,Joy,0.03220035633952663
0.003183885395998654,Fear,Pride,0.01984026477414039
0.003183885395998654,Fear,Sadness,0.2588555608400184
0.003183885395998654,Fear,Shame,0.13427359126371954
0.003183885395998654,Happiness,Boredom,0.14264685960592194
0.003183885395998654,Happiness,Fear,0.009098338888718338
0.003183885395998654,Happiness,Happiness,0.3227937465960704
0.003183885395998654,Happiness,Joy,0.06999523066215557
0.003183885395998654,Happiness,Pride,0.24606839366910196
0.003183885395998654,Happiness,Sadness,0.017960858493826278
0.003183885395998654,Happiness,Shame,0.19143657208420534
0.003183885395998654,Joy,Boredom,0.00866110530741712
0.003183885395998654,Joy,Fear,0.0378878076605815
0.003183885395998654,Joy,Happiness,0.08650930636846503
0.003183885395998654,Joy,Joy,0.3475429925008825
0.003183885395998654,Joy,Pride,0.27890746948969974
0.003183885395998654,Joy,Sadness,0.01872910763498872
0.003183885395998654,Joy,Shame,0.22176221103796528
0.003183885395998654,Pride,Boredom,0.11018127193508903
0.003183885395998654,Pride,Fear,0.03687090506680674
0.003183885395998654,Pride,Happiness,0.24105513015175742
0.003183885395998654,Pride,Joy,0.15487149579779738
0.003183885395998654,Pride,Pride,0.23919194640658867
0.003183885395998654,Pride,Sadness,0.030957915542773773
0.003183885395998654,Pride,Shame,0.1868713350991873
0.003183885395998654,Sadness,Boredom,0.01819892931124036
0.003183885395998654,Sadness,Fear,0.24493156625874168
0.003183885395998654,Sadness,Happiness,0.03077100634105031
0.003183885395998654,Sadness,Joy,0.01408291611299354
0.003183885395998654,Sadness,Pride,0.021313703782764627
0.003183885395998654,Sadness,Sadness,0.537425020069057
0.003183885395998654,Sadness,Shame,0.13327685812415271
0.003183885395998654,Shame,Boredom,0.006518653126774485
0.003183885395998654,Shame,Fear,0.4471249053539467
0.003183885395998654,Shame,Happiness,0.01880935336003666
0.003183885395998654,Shame,Joy,0.06624789528557597
0.003183885395998654,Shame,Pride,0.05091548658989362
0.003183885395998654,Shame,Sadness,0.2016195917704099
0.003183885395998654,Shame,Shame,0.20876411451336288
0.0030811839315763993,Boredom,Boredom,0.474856538150849
0.0030811839315763993,Boredom,Fear,0.01135803493862806
0.0030811839315763993,Boredom,Happiness,0.3091584423190499
0.0030811839315763993,Boredom,Joy,0.029723690723818724
0.0030811839315763993,Boredom,Pride,0.07717402581332344
0.0030811839315763993,Boredom,Sadness,0.025103536477655387
0.0030811839315763993,Boredom,Shame,0.07262573157667546
0.0030811839315763993,Fear,Boredom,0.0051004229181686725
0.0030811839315763993,Fear,Fear,0.4220384873785661
0.0030811839315763993,Fear,Happiness,0.018007184565348743
0.0030811839315763993,Fear,Joy,0.04307777319870116
0.0030811839315763993,Fear,Pride,0.028789429666677167
0.0030811839315763993,Fear,Sadness,0.30645306004204004
0.0030811839315763993,Fear,Shame,0.17653364223049808
0.0030811839315763993,Happiness,Boredom,0.13088124560391107
0.0030811839315763993,Happiness,Fear,0.013113451123718426
0.0030811839315763993,Happiness,Happiness,0.2852832829185579
0.0030811839315763993,Happiness,Joy,0.09780576276048063
0.0030811839315763993,Happiness,Pride,0.24954403368517816
0.0030811839315763993,Happiness,Sadness,0.022228363805549795
0.0030811839315763993,Happiness,Shame,0.20114386010260393
0.0030811839315763993,Joy,Boredom,0.010371349005328706
0.0030811839315763993,Joy,Fear,0.040136326710747516
0.0030811839315763993,Joy,Happiness,0.10736366481597587
0.0030811839315763993,Joy,Joy,0.3251518873574761
0.0030811839315763993,Joy,Pride,0.27240089463866746
0.0030811839315763993,Joy,Sadness,0.02288758744555875
0.0030811839315763993,Joy,Shame,0.22168829002624538
0.0030811839315763993,Pride,Boredom,0.12043905388777987
0.0030811839315763993,Pride,Fear,0.037176452323830995
0.0030811839315763993,Pride,Happiness,0.21074406384377656
0.0030811839315763993,Pride,Joy,0.17878424382692035
0.0030811839315763993,Pride,Pride,0.24000680133710614
0.0030811839315763993,Pride,Sadness,0.029625094488558504
0.0030811839315763993,Pride,Shame,0.18322429029202789
0.0030811839315763993,Sadness,Boredom,0.028636109672822815
0.0030811839315763993,Sadness,Fear,0.24359411916700452
0.0030811839315763993,Sadness,Happiness,0.040238380959364856
0.0030811839315763993,Sadness,Joy,0.022546690670461732
0.0030811839315763993,Sadness,Pride,0.02943402212513483
0.0030811839315763993,Sadness,Sadness,0.464383317343824
0.0030811839315763993,Sadness,Shame,0.17116736006138777
0.0030811839315763993,Shame,Boredom,0.0085499945546218
0.0030811839315763993,Shame,Fear,0.36751320456512854
0.0030811839315763993,Shame,Happiness,0.026873200666900254
0.0030811839315763993,Shame,Joy,0.07724828037196842
0.0030811839315763993,Shame,Pride,0.04973763792196479
0.0030811839315763993,Shame,Sadness,0.2509766952501648
0.0030811839315763993,Shame,Shame,0.21910098666925126
0.0030834007482847593,Boredom,Boredom,0.4369860313027845
0.0030834007482847593,Boredom,Fear,0.013023582596747584
0.0030834007482847593,Boredom,Happiness,0.3010241549149458
0.0030834007482847593,Boredom,Joy,0.03459092084738386
0.0030834007482847593,Boredom,Pride,0.08542266808039514
0.0030834007482847593,Boredom,Sadness,0.028162409060064317
0.0030834007482847593,Boredom,Shame,0.10079023319767887
0.0030834007482847593,Fear,Boredom,0.0071145699680484975
0.0030834007482847593,Fear,Fear,0.3407148998639093
0.0030834007482847593,Fear,Happiness,0.01826767822464795
0.0030834007482847593,Fear,Joy,0.053789258329440426
0.0030834007482847593,Fear,Pride,0.03759014580988182
0.0030834007482847593,Fear,Sadness,0.3244990228770509
0.0030834007482847593,Fear,Shame,0.21802442492702145
0.0030834007482847593,Happiness,Boredom,0.12352881433142096
0.0030834007482847593,Happiness,Fear,0.009305485728971703
0.0030834007482847593,Happiness,Happiness,0.257825988537215
0.0030834007482847593,Happiness,Joy,0.09978379924614353
0.0030834007482847593,Happiness,Pride,0.24995115406517954
0.0030834007482847593,Happiness,Sadness,0.018410836726146393
0.0030834007482847593,Happiness,Shame,0.24119392136492257
0.0030834007482847593,Joy,Boredom,0.008156996911152932
0.0030834007482847593,Joy,Fear,0.03758336794037075
0.0030834007482847593,Joy,Happiness,0.08098603891324788
0.0030834007482847593,Joy,Joy,0.3130930780616652
0.0030834007482847593,Joy,Pride,0.27950652899585465
0.0030834007482847593,Joy,Sadness,0.020663146663369308
0.0030834007482847593,Joy,Shame,0.2600108425143396
0.0030834007482847593,Pride,Boredom,0.12063274567208096
0.0030834007482847593,Pride,Fear,0.04373707087990379
0.0030834007482847593,Pride,Happiness,0.16623359178748043
0.0030834007482847593,Pride,Joy,0.17852010693153675
0.0030834007482847593,Pride,Pride,0.24139990488453178
0.0030834007482847593,Pride,Sadness,0.028345769717362048
0.0030834007482847593,Pride,Shame,0.22113081012710437
0.0030834007482847593,Sadness,Boredom,0.02958259861215919
0.0030834007482847593,Sadness,Fear,0.15620127397841704
0.0030834007482847593,Sadness,Happiness,0.03865759186086436
0.0030834007482847593,Sadness,Joy,0.02907931417421811
0.0030834007482847593,Sadness,Pride,0.03623055636027508
0.0030834007482847593,Sadness,Sadness,0.4961455996007055
0.0030834007482847593,Sadness,Shame,0.21410306541336077
0.0030834007482847593,Shame,Boredom,0.01075111331567382
0.0030834007482847593,Shame,Fear,0.29472494318900355
0.0030834007482847593,Shame,Happiness,0.025782747231465966
0.0030834007482847593,Shame,Joy,0.09394479609197263
0.0030834007482847593,Shame,Pride,0.059876720331352676
0.0030834007482847593,Shame,Sadness,0.24937136308756425
0.0030834007482847593,Shame,Shame,0.26554831675296686
0.0032920077144123817,Boredom,Boredom,0.5319610179101051
0.0032920077144123817,Boredom,Fear,0.0060509072585866
0.0032920077144123817,Boredom,Happiness,0.3296645457032404
0.0032920077144123817,Boredom,Joy,0.01424166212167049
0.0032920077144123817,Boredom,Pride,0.05973083803237562
0.0032920077144123817,Boredom,Sadness,0.013614709742395998
0.0032920077144123817,Boredom,Shame,0.044736319231625486
0.0032920077144123817,Fear,Boredom,0.0020385050504240867
0.0032920077144123817,Fear,Fear,0.6034049459399359
0.0032920077144123817,Fear,Happiness,0.007561575520876602
0.0032920077144123817,Fear,Joy,0.027064022169349805
0.0032920077144123817,Fear,Pride,0.015852792557325013
0.0032920077144123817,Fear,Sadness,0.23834474411754797
0.0032920077144123817,Fear,Shame,0.10573341464454082
0.0032920077144123817,Happiness,Boredom,0.14855253719582165
0.0032920077144123817,Happiness,Fear,0.009914405164219478
0.0032920077144123817,Happiness,Happiness,0.3318790133469587
0.0032920077144123817,Happiness,Joy,0.06675956511784303
0.0032920077144123817,Happiness,Pride,0.24175468448735007
0.0032920077144123817,Happiness,Sadness,0.018406225688680233
0.0032920077144123817,Happiness,Shame,0.1827335689991266
0.0032920077144123817,Joy,Boredom,0.0096611744366726
0.0032920077144123817,Joy,Fear,0.039697496877893555
0.0032920077144123817,Joy,Happiness,0.08668809198321904
0.0032920077144123817,Joy,Joy,0.3650136582002206
0.0032920077144123817,Joy,Pride,0.27573531602662926
0.0032920077144123817,Joy,Sadness,0.01897595551418228
0.0032920077144123817,Joy,Shame,0.20422830696118263
0.0032920077144123817,Pride,Boredom,0.10706831457223183
0.0032920077144123817,Pride,Fear,0.042221537552866006
0.0032920077144123817,Pride,Happiness,0.26605626433543483
0.0032920077144123817,Pride,Joy,0.14355388032045083
0.0032920077144123817,Pride,Pride,0.2394284028179707
0.0032920077144123817,Pride,Sadness,0.03124882751496709
0.0032920077144123817,Pride,Shame,0.17042277288607877
0.0032920077144123817,Sadness,Boredom,0.020119279436732005
0.0032920077144123817,Sadness,Fear,0.2984324875405112
0.0032920077144123817,Sadness,Happiness,0.031360452790632314
0.0032920077144123817,Sadness,Joy,0.011826548270799472
0.0032920077144123817,Sadness,Pride,0.0192891801213025
0.0032920077144123817,Sadness,Sadness,0.513080448486036
0.0032920077144123817,Sadness,Shame,0.10589160335398658
0.0032920077144123817,Shame,Boredom,0.005721647996002646
0.0032920077144123817,Shame,Fear,0.5013875428525064
0.0032920077144123817,Shame,Happiness,0.017074791599494623
0.0032920077144123817,Shame,Joy,0.05950828688815945
0.0032920077144123817,Shame,Pride,0.050903508846085306
0.0032920077144123817,Shame,Sadness,0.18685499217474366
0.0032920077144123817,Shame,Shame,0.17854922964300818
0.0033051120129206283,Boredom,Boredom,0.5273543755173359
0.0033051120129206283,Boredom,Fear,0.006728439827676952
0.0033051120129206283,Boredom,Happiness,0.32791058427523817
0.0033051120129206283,Boredom,Joy,0.015155741549361001
0.0033051120129206283,Boredom,Pride,0.06166520394799956
0.0033051120129206283,Boredom,Sadness,0.014793701171597114
0.0033051120129206283,Boredom,Shame,0.046391953710791044
0.0033051120129206283,Fear,Boredom,0.0023145717531893742
0.0033051120129206283,Fear,Fear,0.5874866723924486
0.0033051120129206283,Fear,Happiness,0.008501456456244413
0.0033051120129206283,Fear,Joy,0.028732114992049244
0.0033051120129206283,Fear,Pride,0.01692421531029277
0.0033051120129206283,Fear,Sadness,0.2434601033941634
0.0033051120129206283,Fear,Shame,0.11258086570161198
0.0033051120129206283,Happiness,Boredom,0.14739142958152884
0.0033051120129206283,Happiness,Fear,0.011261839176180897
0.0033051120129206283,Happiness,Happiness,0.329335562658293
0.0033051120129206283,Happiness,Joy,0.06837524177465736
0.0033051120129206283,Happiness,Pride,0.24297935726637918
0.0033051120129206283,Happiness,Sadness,0.020015035327408597
0.0033051120129206283,Happiness,Shame,0.1806415342155524
0.0033051120129206283,Joy,Boredom,0.010133284594664322
0.0033051120129206283,Joy,Fear,0.040817423843620804
0.0033051120129206283,Joy,Happiness,0.08857619173325122
0.0033051120129206283,Joy,Joy,0.36146154522564655
0.0033051120129206283,Joy,Pride,0.275013434822137
0.0033051120129206283,Joy,Sadness,0.020684838782230958
0.0033051120129206283,Joy,Shame,0.2033132809984489
0.0033051120129206283,Pride,Boredom,0.10685475514370474
0.0033051120129206283,Pride,Fear,0.04236427719761256
0.0033051120129206283,Pride,Happiness,0.2643848485440924
0.0033051120129206283,Pride,Joy,0.1453255201038091
0.0033051120129206283,Pride,Pride,0.2408019135235946
0.0033051120129206283,Pride,Sadness,0.031150524801529935
0.0033051120129206283,Pride,Shame,0.16911816068565697
0.0033051120129206283,Sadness,Boredom,0.02018568782668865
0.0033051120129206283,Sadness,Fear,0.2982766491737189
0.0033051120129206283,Sadness,Happiness,0.0324008226815606
0.0033051120129206283,Sadness,Joy,0.01252615741161186
0.0033051120129206283,Sadness,Pride,0.019943297693719532
0.0033051120129206283,Sadness,Sadness,0.5056207774957577
0.0033051120129206283,Sadness,Shame,0.1110466077169425
0.0033051120129206283,Shame,Boredom,0.005870336046204348
0.0033051120129206283,Shame,Fear,0.49253242265208413
0.0033051120129206283,Shame,Happiness,0.017603328193924836
0.0033051120129206283,Shame,Joy,0.06074226321568283
0.0033051120129206283,Shame,Pride,0.048792235761350604
0.0033051120129206283,Shame,Sadness,0.1960291905687361
0.0033051120129206283,Shame,Shame,0.1784302235620175
0.003276813613269804,Boredom,Boredom,0.5121068956133206
0.003276813613269804,Boredom,Fear,0.00833822207093821
0.003276813613269804,Boredom,Happiness,0.32575570212239263
0.003276813613269804,Boredom,Joy,0.018043754162327473
0.003276813613269804,Boredom,Pride,0.0652093712775904
0.003276813613269804,Boredom,Sadness,0.019435559080068162
0.003276813613269804,Boredom,Shame,0.051110495673362434
0.003276813613269804,Fear,Boredom,0.0029891394548558345
0.003276813613269804,Fear,Fear,0.5542809913661949
0.003276813613269804,Fear,Happiness,0.011623764389955977
0.003276813613269804,Fear,Joy,0.03190355156837199
0.003276813613269804,Fear,Pride,0.01916795548676015
0.003276813613269804,Fear,Sadness,0.25519688436726856
0.003276813613269804,Fear,Shame,0.12483771336659284
0.003276813613269804,Happiness,Boredom,0.15204089754069172
0.003276813613269804,Happiness,Fear,0.013471214262757535
0.003276813613269804,Happiness,Happiness,0.323266568779159
0.003276813613269804,Happiness,Joy,0.07578822905946186
0.003276813613269804,Happiness,Pride,0.24419027901462637
0.003276813613269804,Happiness,Sadness,0.02171772823904358
0.003276813613269804,Happiness,Shame,0.16952508310425932
0.003276813613269804,Joy,Boredom,0.010810597583406703
0.003276813613269804,Joy,Fear,0.041895439178179894
0.003276813613269804,Joy,Happiness,0.10572251061576277
0.003276813613269804,Joy,Joy,0.3495755683205736
0.003276813613269804,Joy,Pride,0.2704503507243395
0.003276813613269804,Joy,Sadness,0.021655702731964217
0.003276813613269804,Joy,Shame,0.19988983084577333
0.003276813613269804,Pride,Boredom,0.11972708680913213
0.003276813613269804,Pride,Fear,0.040301275977759135
0.003276813613269804,Pride,Happiness,0.254717653509857
0.003276813613269804,Pride,Joy,0.15274630403608902
0.003276813613269804,Pride,Pride,0.2373011813321471
0.003276813613269804,Pride,Sadness,0.03116591776495159
0.003276813613269804,Pride,Shame,0.16404058057006424
0.003276813613269804,Sadness,Boredom,0.021099355244176787
0.003276813613269804,Sadness,Fear,0.30101115555872066
0.003276813613269804,Sadness,Happiness,0.034847106257785886
0.003276813613269804,Sadness,Joy,0.014542718992904869
0.003276813613269804,Sadness,Pride,0.021154681801769798
0.003276813613269804,Sadness,Sadness,0.48812238771029004
0.003276813613269804,Sadness,Shame,0.1192225944343516
0.003276813613269804,Shame,Boredom,0.006511114891276808
0.003276813613269804,Shame,Fear,0.4784082310227204
0.003276813613269804,Shame,Happiness,0.02081277970565646
0.003276813613269804,Shame,Joy,0.06309427120364339
0.003276813613269804,Shame,Pride,0.039187729594791935
0.003276813613269804,Shame,Sadness,0.21255036353348902
0.003276813613269804,Shame,Shame,0.17943551004842181
