C,Story,Emotion,Val
0.0032001739699561954,Boredom,Boredom,0.5152395083793047
0.0032001739699561954,Boredom,Fear,0.00589910807772891
0.0032001739699561954,Boredom,Happiness,0.3332503531345594
0.0032001739699561954,Boredom,Joy,0.015412446192730129
0.0032001739699561954,Boredom,Pride,0.06338454176938672
0.0032001739699561954,Boredom,Sadness,0.014758128242854681
0.0032001739699561954,Boredom,Shame,0.052055914203435485
0.0032001739699561954,Fear,Boredom,0.002288330777069065
0.0032001739699561954,Fear,Fear,0.5602783453747089
0.0032001739699561954,Fear,Happiness,0.007553662601903011
0.0032001739699561954,Fear,Joy,0.02998426034200664
0.0032001739699561954,Fear,Pride,0.018818875718043505
0.0032001739699561954,Fear,Sadness,0.2541112874345381
0.0032001739699561954,Fear,Shame,0.12696523775173071
0.0032001739699561954,Happiness,Boredom,0.17682951001646816
0.0032001739699561954,Happiness,Fear,0.006648906355148665
0.0032001739699561954,Happiness,Happiness,0.32509503631530673
0.0032001739699561954,Happiness,Joy,0.06006210024036336
0.0032001739699561954,Happiness,Pride,0.23989085879973263
0.0032001739699561954,Happiness,Sadness,0.014470336898111433
0.0032001739699561954,Happiness,Shame,0.17700325137486914
0.0032001739699561954,Joy,Boredom,0.007971885788860034
0.0032001739699561954,Joy,Fear,0.03623680515677146
0.0032001739699561954,Joy,Happiness,0.07893142684840879
0.0032001739699561954,Joy,Joy,0.35025606016920086
0.0032001739699561954,Joy,Pride,0.28041140851967633
0.0032001739699561954,Joy,Sadness,0.016679587071791707
0.0032001739699561954,Joy,Shame,0.22951282644529084
0.0032001739699561954,Pride,Boredom,0.011720589170147856
0.0032001739699561954,Pride,Fear,0.022080912729150783
0.0032001739699561954,Pride,Happiness,0.13888012148992102
0.0032001739699561954,Pride,Joy,0.31077829847802546
0.0032001739699561954,Pride,Pride,0.2680196574588899
0.0032001739699561954,Pride,Sadness,0.019882971392750935
0.0032001739699561954,Pride,Shame,0.22863744928111412
0.0032001739699561954,Sadness,Boredom,0.008191327251604198
0.0032001739699561954,Sadness,Fear,0.25041843815520093
0.0032001739699561954,Sadness,Happiness,0.01872675287313545
0.0032001739699561954,Sadness,Joy,0.011337100024462874
0.0032001739699561954,Sadness,Pride,0.016860936893513347
0.0032001739699561954,Sadness,Sadness,0.5754669961150396
0.0032001739699561954,Sadness,Shame,0.11899844868704368
0.0032001739699561954,Shame,Boredom,0.0044947591638139685
0.0032001739699561954,Shame,Fear,0.4989240029697822
0.0032001739699561954,Shame,Happiness,0.012910556999905358
0.0032001739699561954,Shame,Joy,0.051645208781957164
0.0032001739699561954,Shame,Pride,0.03763090655351652
0.0032001739699561954,Shame,Sadness,0.2125142638688818
0.0032001739699561954,Shame,Shame,0.18188030166214278
0.003242248999084292,Boredom,Boredom,0.5253165127523197
0.003242248999084292,Boredom,Fear,0.006808680210635683
0.003242248999084292,Boredom,Happiness,0.3276285736517284
0.003242248999084292,Boredom,Joy,0.015640298858760334
0.003242248999084292,Boredom,Pride,0.06185469146973455
0.003242248999084292,Boredom,Sadness,0.01551245719431384
0.003242248999084292,Boredom,Shame,0.04723878586250749
0.003242248999084292,Fear,Boredom,0.002325403084916614
0.003242248999084292,Fear,Fear,0.5827037983083452
0.003242248999084292,Fear,Happiness,0.009003393852307449
0.003242248999084292,Fear,Joy,0.028686772397260817
0.003242248999084292,Fear,Pride,0.01660519479750075
0.003242248999084292,Fear,Sadness,0.24931878952684933
0.003242248999084292,Fear,Shame,0.11135664803282021
0.003242248999084292,Happiness,Boredom,0.19143773366032624
0.003242248999084292,Happiness,Fear,0.009538340501429798
0.003242248999084292,Happiness,Happiness,0.3251389670861463
0.003242248999084292,Happiness,Joy,0.06416402504982137
0.003242248999084292,Happiness,Pride,0.2360812251959114
0.003242248999084292,Happiness,Sadness,0.01758583213069901
0.003242248999084292,Happiness,Shame,0.15605387637566615
0.003242248999084292,Joy,Boredom,0.010037329165279019
0.003242248999084292,Joy,Fear,0.0403400867199353
0.003242248999084292,Joy,Happiness,0.09625118194380805
0.003242248999084292,Joy,Joy,0.3590210411262892
0.003242248999084292,Joy,Pride,0.27299680914232377
0.003242248999084292,Joy,Sadness,0.020265466997371726
0.003242248999084292,Joy,Shame,0.20108808490499314
0.003242248999084292,Pride,Boredom,0.014687066957676706
0.003242248999084292,Pride,Fear,0.0261984872310095
0.003242248999084292,Pride,Happiness,0.17714174389485313
0.003242248999084292,Pride,Joy,0.30521466445824547
0.003242248999084292,Pride,Pride,0.2589906765655884
0.003242248999084292,Pride,Sadness,0.021902025899256085
0.003242248999084292,Pride,Shame,0.19586533499337036
0.003242248999084292,Sadness,Boredom,0.009917920025521478
0.003242248999084292,Sadness,Fear,0.3202673980268746
0.003242248999084292,Sadness,Happiness,0.02165176084696973
0.003242248999084292,Sadness,Joy,0.011664203948168325
0.003242248999084292,Sadness,Pride,0.01618551558898508
0.003242248999084292,Sadness,Sadness,0.5146435832933384
0.003242248999084292,Sadness,Shame,0.10566961827014248
0.003242248999084292,Shame,Boredom,0.004307569506408507
0.003242248999084292,Shame,Fear,0.5315659332269984
0.003242248999084292,Shame,Happiness,0.01429475667067672
0.003242248999084292,Shame,Joy,0.048650661171626
0.003242248999084292,Shame,Pride,0.02941884804726996
0.003242248999084292,Shame,Sadness,0.2193259350388101
0.003242248999084292,Shame,Shame,0.15243629633821035
0.003161231052698688,Boredom,Boredom,0.4800275050209751
0.003161231052698688,Boredom,Fear,0.009788816059874533
0.003161231052698688,Boredom,Happiness,0.3191461255048317
0.003161231052698688,Boredom,Joy,0.024499357268214523
0.003161231052698688,Boredom,Pride,0.07563291785417518
0.003161231052698688,Boredom,Sadness,0.022394280116406907
0.003161231052698688,Boredom,Shame,0.06851099817552203
0.003161231052698688,Fear,Boredom,0.004245004627853998
0.003161231052698688,Fear,Fear,0.44177473339005985
0.003161231052698688,Fear,Happiness,0.014370705847725292
0.003161231052698688,Fear,Joy,0.04157883650155702
0.003161231052698688,Fear,Pride,0.027159863109884254
0.003161231052698688,Fear,Sadness,0.2978434672545032
0.003161231052698688,Fear,Shame,0.1730273892684158
0.003161231052698688,Happiness,Boredom,0.16337653508574249
0.003161231052698688,Happiness,Fear,0.009455693921215955
0.003161231052698688,Happiness,Happiness,0.2924980653934241
0.003161231052698688,Happiness,Joy,0.07857025457707258
0.003161231052698688,Happiness,Pride,0.24526404386647058
0.003161231052698688,Happiness,Sadness,0.018134261948223502
0.003161231052698688,Happiness,Shame,0.19270114520785075
0.003161231052698688,Joy,Boredom,0.008933759139229063
0.003161231052698688,Joy,Fear,0.038170344233088065
0.003161231052698688,Joy,Happiness,0.09293707762929618
0.003161231052698688,Joy,Joy,0.32811061766699184
0.003161231052698688,Joy,Pride,0.2763901883065191
0.003161231052698688,Joy,Sadness,0.02087453827207551
0.003161231052698688,Joy,Shame,0.23458347475280036
0.003161231052698688,Pride,Boredom,0.01264507698259386
0.003161231052698688,Pride,Fear,0.02471499497310808
0.003161231052698688,Pride,Happiness,0.14618063903251433
0.003161231052698688,Pride,Joy,0.29682284842340756
0.003161231052698688,Pride,Pride,0.2664758893628056
0.003161231052698688,Pride,Sadness,0.022693121601370037
0.003161231052698688,Pride,Shame,0.23046742962420066
0.003161231052698688,Sadness,Boredom,0.01057551525145312
0.003161231052698688,Sadness,Fear,0.23788016488082317
0.003161231052698688,Sadness,Happiness,0.025989661923781073
0.003161231052698688,Sadness,Joy,0.018965222611928786
0.003161231052698688,Sadness,Pride,0.024636129371300785
0.003161231052698688,Sadness,Sadness,0.5186905977213659
0.003161231052698688,Sadness,Shame,0.16326270823934688
0.003161231052698688,Shame,Boredom,0.006462105655303563
0.003161231052698688,Shame,Fear,0.40260492543750254
0.003161231052698688,Shame,Happiness,0.019791307084671295
0.003161231052698688,Shame,Joy,0.06403539968133219
0.003161231052698688,Shame,Pride,0.04033838353494219
0.003161231052698688,Shame,Sadness,0.2559661055947924
0.003161231052698688,Shame,Shame,0.2108017730114561
0.003074051294309067,Boredom,Boredom,0.5207127430012953
0.003074051294309067,Boredom,Fear,0.007403875229962767
0.003074051294309067,Boredom,Happiness,0.3238065770439763
0.003074051294309067,Boredom,Joy,0.018462108457674917
0.003074051294309067,Boredom,Pride,0.06350606491739211
0.003074051294309067,Boredom,Sadness,0.015995858291112112
0.003074051294309067,Boredom,Shame,0.050112773058586364
0.003074051294309067,Fear,Boredom,0.0028835196522576704
0.003074051294309067,Fear,Fear,0.5501350853297508
0.003074051294309067,Fear,Happiness,0.012032685718093229
0.003074051294309067,Fear,Joy,0.031981068760921216
0.003074051294309067,Fear,Pride,0.018934880979246338
0.003074051294309067,Fear,Sadness,0.25990592523840494
0.003074051294309067,Fear,Shame,0.12412683432132593
0.003074051294309067,Happiness,Boredom,0.18169971489826525
0.003074051294309067,Happiness,Fear,0.010686158302373879
0.003074051294309067,Happiness,Happiness,0.32170231115888964
0.003074051294309067,Happiness,Joy,0.07412307499638997
0.003074051294309067,Happiness,Pride,0.23946865252723162
0.003074051294309067,Happiness,Sadness,0.018506778172560367
0.003074051294309067,Happiness,Shame,0.15381330994428927
0.003074051294309067,Joy,Boredom,0.010409663332567369
0.003074051294309067,Joy,Fear,0.04011220955545521
0.003074051294309067,Joy,Happiness,0.11915215773179728
0.003074051294309067,Joy,Joy,0.34629516494054485
0.003074051294309067,Joy,Pride,0.2674492354904784
0.003074051294309067,Joy,Sadness,0.01945767163888579
0.003074051294309067,Joy,Shame,0.19712389731027133
0.003074051294309067,Pride,Boredom,0.015724515563717255
0.003074051294309067,Pride,Fear,0.02663018859629421
0.003074051294309067,Pride,Happiness,0.19724278870395354
0.003074051294309067,Pride,Joy,0.28604003446459286
0.003074051294309067,Pride,Pride,0.2582552962887064
0.003074051294309067,Pride,Sadness,0.02163069587162328
0.003074051294309067,Pride,Shame,0.1944764805111122
0.003074051294309067,Sadness,Boredom,0.010658758153240978
0.003074051294309067,Sadness,Fear,0.3258668680508631
0.003074051294309067,Sadness,Happiness,0.024498176768944425
0.003074051294309067,Sadness,Joy,0.013788658712589734
0.003074051294309067,Sadness,Pride,0.018300883450381885
0.003074051294309067,Sadness,Sadness,0.4881892137855533
0.003074051294309067,Sadness,Shame,0.11869744107842657
0.003074051294309067,Shame,Boredom,0.0049670824471542445
0.003074051294309067,Shame,Fear,0.5020093023244606
0.003074051294309067,Shame,Happiness,0.01816106172311542
0.003074051294309067,Shame,Joy,0.053060521785890026
0.003074051294309067,Shame,Pride,0.03152692150518155
0.003074051294309067,Shame,Sadness,0.22844859564870013
0.003074051294309067,Shame,Shame,0.16182651456549815
0.003135699840919533,Boredom,Boredom,0.5295116228153945
0.003135699840919533,Boredom,Fear,0.006794141766935569
0.003135699840919533,Boredom,Happiness,0.3242426381436254
0.003135699840919533,Boredom,Joy,0.016182918504885596
0.003135699840919533,Boredom,Pride,0.06145490694893175
0.003135699840919533,Boredom,Sadness,0.014349654017899744
0.003135699840919533,Boredom,Shame,0.04746411780232767
0.003135699840919533,Fear,Boredom,0.002644886502985205
0.003135699840919533,Fear,Fear,0.5651883236028024
0.003135699840919533,Fear,Happiness,0.01056459731401713
0.003135699840919533,Fear,Joy,0.03078941519089514
0.003135699840919533,Fear,Pride,0.018487042971553846
0.003135699840919533,Fear,Sadness,0.25114151925012007
0.003135699840919533,Fear,Shame,0.1211842151676264
0.003135699840919533,Happiness,Boredom,0.1903011358990231
0.003135699840919533,Happiness,Fear,0.00993415848725489
0.003135699840919533,Happiness,Happiness,0.3247338636819798
0.003135699840919533,Happiness,Joy,0.0678596650332584
0.003135699840919533,Happiness,Pride,0.23696634234396766
0.003135699840919533,Happiness,Sadness,0.017452468382935203
0.003135699840919533,Happiness,Shame,0.15275236617158083
0.003135699840919533,Joy,Boredom,0.010028975465673516
0.003135699840919533,Joy,Fear,0.03967326534018424
0.003135699840919533,Joy,Happiness,0.10737563244085689
0.003135699840919533,Joy,Joy,0.35576442568358
0.003135699840919533,Joy,Pride,0.26979584264337114
0.003135699840919533,Joy,Sadness,0.01922659293309046
0.003135699840919533,Joy,Shame,0.198135265493244
0.003135699840919533,Pride,Boredom,0.015234284059709008
0.003135699840919533,Pride,Fear,0.026261916093116424
0.003135699840919533,Pride,Happiness,0.19006828182074903
0.003135699840919533,Pride,Joy,0.29381039367986633
0.003135699840919533,Pride,Pride,0.25849120498147304
0.003135699840919533,Pride,Sadness,0.021252725246033596
0.003135699840919533,Pride,Shame,0.1948811941190528
0.003135699840919533,Sadness,Boredom,0.010401229762809314
0.003135699840919533,Sadness,Fear,0.32187171672079556
0.003135699840919533,Sadness,Happiness,0.023191868811559553
0.003135699840919533,Sadness,Joy,0.01282509123595897
0.003135699840919533,Sadness,Pride,0.017623011340884565
0.003135699840919533,Sadness,Sadness,0.4987194203549357
0.003135699840919533,Sadness,Shame,0.11536766177305645
0.003135699840919533,Shame,Boredom,0.004630598144127461
0.003135699840919533,Shame,Fear,0.5133164504504455
0.003135699840919533,Shame,Happiness,0.016327990764838634
0.003135699840919533,Shame,Joy,0.05143448682220526
0.003135699840919533,Shame,Pride,0.03383702842832866
0.003135699840919533,Shame,Sadness,0.21973682317130527
0.003135699840919533,Shame,Shame,0.1607166222187491
0.0030597599992843445,Boredom,Boredom,0.47508595379209967
0.0030597599992843445,Boredom,Fear,0.01114338444366914
0.0030597599992843445,Boredom,Happiness,0.3101388310532854
0.0030597599992843445,Boredom,Joy,0.029542369133988996
0.0030597599992843445,Boredom,Pride,0.07721820206653059
0.0030597599992843445,Boredom,Sadness,0.023588740421973054
0.0030597599992843445,Boredom,Shame,0.07328251908845304
0.0030597599992843445,Fear,Boredom,0.005064705876888208
0.0030597599992843445,Fear,Fear,0.42164660495153555
0.0030597599992843445,Fear,Happiness,0.017501499773209667
0.0030597599992843445,Fear,Joy,0.04369772283282679
0.0030597599992843445,Fear,Pride,0.029016304189635012
0.0030597599992843445,Fear,Sadness,0.30329678012898115
0.0030597599992843445,Fear,Shame,0.17977638224692355
0.0030597599992843445,Happiness,Boredom,0.15648196625485297
0.0030597599992843445,Happiness,Fear,0.010983653979076167
0.0030597599992843445,Happiness,Happiness,0.28220245642136493
0.0030597599992843445,Happiness,Joy,0.0892955297767196
0.0030597599992843445,Happiness,Pride,0.24449415657603255
0.0030597599992843445,Happiness,Sadness,0.019329594363109263
0.0030597599992843445,Happiness,Shame,0.19721264262884436
0.0030597599992843445,Joy,Boredom,0.00987495261313751
0.0030597599992843445,Joy,Fear,0.03947207021873636
0.0030597599992843445,Joy,Happiness,0.10495240431683155
0.0030597599992843445,Joy,Joy,0.32369119046308115
0.0030597599992843445,Joy,Pride,0.27257480668597484
0.0030597599992843445,Joy,Sadness,0.021607041260776255
0.0030597599992843445,Joy,Shame,0.22782753444146228
0.0030597599992843445,Pride,Boredom,0.014063162897299466
0.0030597599992843445,Pride,Fear,0.025801882793688797
0.0030597599992843445,Pride,Happiness,0.15710554082845088
0.0030597599992843445,Pride,Joy,0.292721637727056
0.0030597599992843445,Pride,Pride,0.26390584491498437
0.0030597599992843445,Pride,Sadness,0.02304304109969217
0.0030597599992843445,Pride,Shame,0.22335888973882792
0.0030597599992843445,Sadness,Boredom,0.013366768616749835
0.0030597599992843445,Sadness,Fear,0.2503939396707749
0.0030597599992843445,Sadness,Happiness,0.028975160022803707
0.0030597599992843445,Sadness,Joy,0.021182721247493135
0.0030597599992843445,Sadness,Pride,0.026705904569438686
0.0030597599992843445,Sadness,Sadness,0.489347656044789
0.0030597599992843445,Sadness,Shame,0.1700278498279506
0.0030597599992843445,Shame,Boredom,0.007221263374142343
0.0030597599992843445,Shame,Fear,0.38888034974672697
0.0030597599992843445,Shame,Happiness,0.022930152212316594
0.0030597599992843445,Shame,Joy,0.06616333147753493
0.0030597599992843445,Shame,Pride,0.03957839903489087
0.0030597599992843445,Shame,Sadness,0.26445269098482044
0.0030597599992843445,Shame,Shame,0.21077381316956806
0.0032085055898483277,Boredom,Boredom,0.5262908356501473
0.0032085055898483277,Boredom,Fear,0.006918802018605932
0.0032085055898483277,Boredom,Happiness,0.32603610556401214
0.0032085055898483277,Boredom,Joy,0.016085520054505087
0.0032085055898483277,Boredom,Pride,0.062120169480099185
0.0032085055898483277,Boredom,Sadness,0.014834240955271232
0.0032085055898483277,Boredom,Shame,0.047714326277359685
0.0032085055898483277,Fear,Boredom,0.002542113494255649
0.0032085055898483277,Fear,Fear,0.5723613378539272
0.0032085055898483277,Fear,Happiness,0.010013250635696748
0.0032085055898483277,Fear,Joy,0.029999433576337286
0.0032085055898483277,Fear,Pride,0.017689530396756428
0.0032085055898483277,Fear,Sadness,0.2500539241944964
0.0032085055898483277,Fear,Shame,0.1173404098485308
0.0032085055898483277,Happiness,Boredom,0.18681569262035108
0.0032085055898483277,Happiness,Fear,0.010073869342172439
0.0032085055898483277,Happiness,Happiness,0.32469958689077955
0.0032085055898483277,Happiness,Joy,0.06679989746070766
0.0032085055898483277,Happiness,Pride,0.23735813485071697
0.0032085055898483277,Happiness,Sadness,0.017717378619543825
0.0032085055898483277,Happiness,Shame,0.15653544021572846
0.0032085055898483277,Joy,Boredom,0.009992265752417313
0.0032085055898483277,Joy,Fear,0.03988283042507246
0.0032085055898483277,Joy,Happiness,0.10283240072140963
0.0032085055898483277,Joy,Joy,0.35670880132204386
0.0032085055898483277,Joy,Pride,0.2711451487571285
0.0032085055898483277,Joy,Sadness,0.019515161396637424
0.0032085055898483277,Joy,Shame,0.19992339162529094
0.0032085055898483277,Pride,Boredom,0.015026797271366372
0.0032085055898483277,Pride,Fear,0.026337491248349013
0.0032085055898483277,Pride,Happiness,0.18501058434039902
0.0032085055898483277,Pride,Joy,0.2982013655239883
0.0032085055898483277,Pride,Pride,0.258469177016316
0.0032085055898483277,Pride,Sadness,0.021431100557189418
0.0032085055898483277,Pride,Shame,0.19552348404239148
0.0032085055898483277,Sadness,Boredom,0.010086810785936323
0.0032085055898483277,Sadness,Fear,0.31969375441609865
0.0032085055898483277,Sadness,Happiness,0.022390157192337005
0.0032085055898483277,Sadness,Joy,0.012224592013393867
0.0032085055898483277,Sadness,Pride,0.016853968050372856
0.0032085055898483277,Sadness,Sadness,0.5095466048057969
0.0032085055898483277,Sadness,Shame,0.10920411273606397
0.0032085055898483277,Shame,Boredom,0.004537420439727253
0.0032085055898483277,Shame,Fear,0.5215888629688232
0.0032085055898483277,Shame,Happiness,0.01557799668664065
0.0032085055898483277,Shame,Joy,0.050210303406443765
0.0032085055898483277,Shame,Pride,0.03132308117804326
0.0032085055898483277,Shame,Sadness,0.21915496915004146
0.0032085055898483277,Shame,Shame,0.15760736617028018
0.003389535057676241,Boredom,Boredom,0.48635269700629624
0.003389535057676241,Boredom,Fear,0.008977007804733352
0.003389535057676241,Boredom,Happiness,0.3245634172211426
0.003389535057676241,Boredom,Joy,0.020348278032379874
0.003389535057676241,Boredom,Pride,0.0735469908358431
0.003389535057676241,Boredom,Sadness,0.02125882312179504
0.003389535057676241,Boredom,Shame,0.06495278597780968
0.003389535057676241,Fear,Boredom,0.003486528362662642
0.003389535057676241,Fear,Fear,0.47466515660157527
0.003389535057676241,Fear,Happiness,0.01122673843147158
0.003389535057676241,Fear,Joy,0.03741616459520137
0.003389535057676241,Fear,Pride,0.024643360023863203
0.003389535057676241,Fear,Sadness,0.29030403853951653
0.003389535057676241,Fear,Shame,0.15825801344570914
0.003389535057676241,Happiness,Boredom,0.17391750335539857
0.003389535057676241,Happiness,Fear,0.009208623830337964
0.003389535057676241,Happiness,Happiness,0.30209953976639936
0.003389535057676241,Happiness,Joy,0.06215858407181985
0.003389535057676241,Happiness,Pride,0.24527050243633453
0.003389535057676241,Happiness,Sadness,0.018451032342279582
0.003389535057676241,Happiness,Shame,0.18889421419742952
0.003389535057676241,Joy,Boredom,0.00906401503662426
0.003389535057676241,Joy,Fear,0.03917993588319212
0.003389535057676241,Joy,Happiness,0.07873510828178826
0.003389535057676241,Joy,Joy,0.33463330270471936
0.003389535057676241,Joy,Pride,0.2817937497508661
0.003389535057676241,Joy,Sadness,0.021940285601477483
0.003389535057676241,Joy,Shame,0.23465360274133265
0.003389535057676241,Pride,Boredom,0.01243913722665835
0.003389535057676241,Pride,Fear,0.02606365112060284
0.003389535057676241,Pride,Happiness,0.11331678943832377
0.003389535057676241,Pride,Joy,0.315200380048769
0.003389535057676241,Pride,Pride,0.2735052381496865
0.003389535057676241,Pride,Sadness,0.025621234768824656
0.003389535057676241,Pride,Shame,0.23385356924713474
0.003389535057676241,Sadness,Boredom,0.00951311247778318
0.003389535057676241,Sadness,Fear,0.22283917258661062
0.003389535057676241,Sadness,Happiness,0.023624140323609877
0.003389535057676241,Sadness,Joy,0.015261595353535743
0.003389535057676241,Sadness,Pride,0.02225696544634374
0.003389535057676241,Sadness,Sadness,0.5566691933339609
0.003389535057676241,Sadness,Shame,0.14983582047815586
0.003389535057676241,Shame,Boredom,0.005561446739209896
0.003389535057676241,Shame,Fear,0.43024134970942535
0.003389535057676241,Shame,Happiness,0.016024571905020785
0.003389535057676241,Shame,Joy,0.05856513797569394
0.003389535057676241,Shame,Pride,0.04037562309302681
0.003389535057676241,Shame,Sadness,0.2503158886767816
0.003389535057676241,Shame,Shame,0.19891598190084123
0.0031303914865976265,Boredom,Boredom,0.5074476774661253
0.0031303914865976265,Boredom,Fear,0.009061146090560586
0.0031303914865976265,Boredom,Happiness,0.3198762290671639
0.0031303914865976265,Boredom,Joy,0.021184104182997706
0.0031303914865976265,Boredom,Pride,0.06750827294430288
0.0031303914865976265,Boredom,Sadness,0.0197691674160102
0.0031303914865976265,Boredom,Shame,0.05515340283283961
0.0031303914865976265,Fear,Boredom,0.003432870511277795
0.0031303914865976265,Fear,Fear,0.5316937387783016
0.0031303914865976265,Fear,Happiness,0.01417350840420709
0.0031303914865976265,Fear,Joy,0.03370909035854524
0.0031303914865976265,Fear,Pride,0.020517890741907387
0.0031303914865976265,Fear,Sadness,0.26522028168921313
0.0031303914865976265,Fear,Shame,0.13125261951654793
0.0031303914865976265,Happiness,Boredom,0.19305161964295947
0.0031303914865976265,Happiness,Fear,0.01159709372207824
0.0031303914865976265,Happiness,Happiness,0.30907184084098266
0.0031303914865976265,Happiness,Joy,0.07565760582188401
0.0031303914865976265,Happiness,Pride,0.23754022917233958
0.0031303914865976265,Happiness,Sadness,0.019372818839538685
0.0031303914865976265,Happiness,Shame,0.15370879196021733
0.0031303914865976265,Joy,Boredom,0.011376755113739432
0.0031303914865976265,Joy,Fear,0.04191653604206776
0.0031303914865976265,Joy,Happiness,0.12354976990182981
0.0031303914865976265,Joy,Joy,0.3397075946200118
0.0031303914865976265,Joy,Pride,0.2668983910405167
0.0031303914865976265,Joy,Sadness,0.02164290355993602
0.0031303914865976265,Joy,Shame,0.19490804972189846
0.0031303914865976265,Pride,Boredom,0.016662157383831772
0.0031303914865976265,Pride,Fear,0.02797290056101941
0.0031303914865976265,Pride,Happiness,0.19735225682548702
0.0031303914865976265,Pride,Joy,0.2861271593979418
0.0031303914865976265,Pride,Pride,0.25768242913785466
0.0031303914865976265,Pride,Sadness,0.023119579376136252
0.0031303914865976265,Pride,Shame,0.1910835173177291
0.0031303914865976265,Sadness,Boredom,0.012588418230802138
0.0031303914865976265,Sadness,Fear,0.32399370942444816
0.0031303914865976265,Sadness,Happiness,0.026779039458337622
0.0031303914865976265,Sadness,Joy,0.015455822697586274
0.0031303914865976265,Sadness,Pride,0.019975998830098263
0.0031303914865976265,Sadness,Sadness,0.4742000935689852
0.0031303914865976265,Sadness,Shame,0.12700691778974205
0.0031303914865976265,Shame,Boredom,0.005466484123570439
0.0031303914865976265,Shame,Fear,0.49109627194635475
0.0031303914865976265,Shame,Happiness,0.019928427793826656
0.0031303914865976265,Shame,Joy,0.05390434532662477
0.0031303914865976265,Shame,Pride,0.0292693216811578
0.0031303914865976265,Shame,Sadness,0.23787236793009084
0.0031303914865976265,Shame,Shame,0.16246278119837457
0.0031122515981562553,Boredom,Boredom,0.5102895670973514
0.0031122515981562553,Boredom,Fear,0.007068467157130736
0.0031122515981562553,Boredom,Happiness,0.32724423838652916
0.0031122515981562553,Boredom,Joy,0.017564889560157122
0.0031122515981562553,Boredom,Pride,0.06527376446593426
0.0031122515981562553,Boredom,Sadness,0.01762389441980761
0.0031122515981562553,Boredom,Shame,0.054935178913089605
0.0031122515981562553,Fear,Boredom,0.0028697371985960682
0.0031122515981562553,Fear,Fear,0.5272779268585754
0.0031122515981562553,Fear,Happiness,0.010050493720152842
0.0031122515981562553,Fear,Joy,0.03344356391880603
0.0031122515981562553,Fear,Pride,0.020748792020332703
0.0031122515981562553,Fear,Sadness,0.2650532414589875
0.0031122515981562553,Fear,Shame,0.14055624482454915
0.0031122515981562553,Happiness,Boredom,0.1760277863711698
0.0031122515981562553,Happiness,Fear,0.008314251263780829
0.0031122515981562553,Happiness,Happiness,0.31841440607160243
0.0031122515981562553,Happiness,Joy,0.06730712367092956
0.0031122515981562553,Happiness,Pride,0.2413415922212901
0.0031122515981562553,Happiness,Sadness,0.016209126684276723
0.0031122515981562553,Happiness,Shame,0.1723857137169502
0.0031122515981562553,Joy,Boredom,0.008617389796873215
0.0031122515981562553,Joy,Fear,0.037690846706004706
0.0031122515981562553,Joy,Happiness,0.09048031886729939
0.0031122515981562553,Joy,Joy,0.3447093554423936
0.0031122515981562553,Joy,Pride,0.2768076570227801
0.0031122515981562553,Joy,Sadness,0.018320974135149326
0.0031122515981562553,Joy,Shame,0.22337345802949968
0.0031122515981562553,Pride,Boredom,0.012725990742780762
0.0031122515981562553,Pride,Fear,0.023869898579780467
0.0031122515981562553,Pride,Happiness,0.1575355529113351
0.0031122515981562553,Pride,Joy,0.3005496819103669
0.0031122515981562553,Pride,Pride,0.2645578931164457
0.0031122515981562553,Pride,Sadness,0.020655205513647894
0.0031122515981562553,Pride,Shame,0.22010577722564334
0.0031122515981562553,Sadness,Boredom,0.009092313254045411
0.0031122515981562553,Sadness,Fear,0.2609820605554375
0.0031122515981562553,Sadness,Happiness,0.021414619210138274
0.0031122515981562553,Sadness,Joy,0.013561957941900333
0.0031122515981562553,Sadness,Pride,0.018649260340063326
0.0031122515981562553,Sadness,Sadness,0.5462878198545674
0.0031122515981562553,Sadness,Shame,0.13001196884384705
0.0031122515981562553,Shame,Boredom,0.005124577870171366
0.0031122515981562553,Shame,Fear,0.4762086881300977
0.0031122515981562553,Shame,Happiness,0.015567754094564703
0.0031122515981562553,Shame,Joy,0.055318419394629254
0.0031122515981562553,Shame,Pride,0.03435941210666165
0.0031122515981562553,Shame,Sadness,0.22635456648011268
0.0031122515981562553,Shame,Shame,0.18706658192376238
0.003269274127079255,Boredom,Boredom,0.4817298376606802
0.003269274127079255,Boredom,Fear,0.010119664194121374
0.003269274127079255,Boredom,Happiness,0.31979358434137767
0.003269274127079255,Boredom,Joy,0.02275701907023305
0.003269274127079255,Boredom,Pride,0.07373516489182064
0.003269274127079255,Boredom,Sadness,0.025044332096964758
0.003269274127079255,Boredom,Shame,0.06682039774480264
0.003269274127079255,Fear,Boredom,0.004170692352642376
0.003269274127079255,Fear,Fear,0.4485075663391231
0.003269274127079255,Fear,Happiness,0.013927349137913792
0.003269274127079255,Fear,Joy,0.04073929816599103
0.003269274127079255,Fear,Pride,0.026452280232564365
0.003269274127079255,Fear,Sadness,0.2974119459028915
0.003269274127079255,Fear,Shame,0.16879086786887393
0.003269274127079255,Happiness,Boredom,0.16737750799765788
0.003269274127079255,Happiness,Fear,0.010958824991689835
0.003269274127079255,Happiness,Happiness,0.29859872632002094
0.003269274127079255,Happiness,Joy,0.07380403087944418
0.003269274127079255,Happiness,Pride,0.24677898377493487
0.003269274127079255,Happiness,Sadness,0.01913900911007223
0.003269274127079255,Happiness,Shame,0.18334291692617985
0.003269274127079255,Joy,Boredom,0.009365711846992768
0.003269274127079255,Joy,Fear,0.03971817137319799
0.003269274127079255,Joy,Happiness,0.08955895930688439
0.003269274127079255,Joy,Joy,0.3316230805575033
0.003269274127079255,Joy,Pride,0.27702993591320035
0.003269274127079255,Joy,Sadness,0.022032210818247668
0.003269274127079255,Joy,Shame,0.23067193018397372
0.003269274127079255,Pride,Boredom,0.012879123766895696
0.003269274127079255,Pride,Fear,0.026005585905095614
0.003269274127079255,Pride,Happiness,0.1429862033532077
0.003269274127079255,Pride,Joy,0.3032185446078729
0.003269274127079255,Pride,Pride,0.2660217411872682
0.003269274127079255,Pride,Sadness,0.02369943890664848
0.003269274127079255,Pride,Shame,0.22518936227301156
0.003269274127079255,Sadness,Boredom,0.010277786016340272
0.003269274127079255,Sadness,Fear,0.2363729043298256
0.003269274127079255,Sadness,Happiness,0.025427430697137605
0.003269274127079255,Sadness,Joy,0.01825661932357082
0.003269274127079255,Sadness,Pride,0.023600649977255972
0.003269274127079255,Sadness,Sadness,0.530521889356542
0.003269274127079255,Sadness,Shame,0.15554272029932792
0.003269274127079255,Shame,Boredom,0.006368825496026582
0.003269274127079255,Shame,Fear,0.41386701505799217
0.003269274127079255,Shame,Happiness,0.018945211043585476
0.003269274127079255,Shame,Joy,0.06227936918119022
0.003269274127079255,Shame,Pride,0.03677364822968905
0.003269274127079255,Shame,Sadness,0.2575068828264333
0.003269274127079255,Shame,Shame,0.20425904816508322
0.003250471444717471,Boredom,Boredom,0.5052836072925827
0.003250471444717471,Boredom,Fear,0.007687198698693671
0.003250471444717471,Boredom,Happiness,0.32758160592898805
0.003250471444717471,Boredom,Joy,0.01809894226823803
0.003250471444717471,Boredom,Pride,0.06728184996555706
0.003250471444717471,Boredom,Sadness,0.018408044201245886
0.003250471444717471,Boredom,Shame,0.05565875164469457
0.003250471444717471,Fear,Boredom,0.0029943527494291646
0.003250471444717471,Fear,Fear,0.5312770014501778
0.003250471444717471,Fear,Happiness,0.010507648738552575
0.003250471444717471,Fear,Joy,0.033562500981155555
0.003250471444717471,Fear,Pride,0.020916525437255955
0.003250471444717471,Fear,Sadness,0.2614609600272159
0.003250471444717471,Fear,Shame,0.1392810106162131
0.003250471444717471,Happiness,Boredom,0.18811884815711077
0.003250471444717471,Happiness,Fear,0.009076944963305794
0.003250471444717471,Happiness,Happiness,0.316991123713709
0.003250471444717471,Happiness,Joy,0.06567452439593417
0.003250471444717471,Happiness,Pride,0.23999835585528306
0.003250471444717471,Happiness,Sadness,0.017208790644408584
0.003250471444717471,Happiness,Shame,0.16293141227024843
0.003250471444717471,Joy,Boredom,0.00932454686538873
0.003250471444717471,Joy,Fear,0.03963657382032039
0.003250471444717471,Joy,Happiness,0.08929366811474314
0.003250471444717471,Joy,Joy,0.34451857997422214
0.003250471444717471,Joy,Pride,0.27644895423095267
0.003250471444717471,Joy,Sadness,0.020180935380031007
0.003250471444717471,Joy,Shame,0.2205967416143418
0.003250471444717471,Pride,Boredom,0.013192186104324747
0.003250471444717471,Pride,Fear,0.025278203097039043
0.003250471444717471,Pride,Happiness,0.15350892242807182
0.003250471444717471,Pride,Joy,0.307065654281401
0.003250471444717471,Pride,Pride,0.2633187513913898
0.003250471444717471,Pride,Sadness,0.02224011456266638
0.003250471444717471,Pride,Shame,0.21539616813510687
0.003250471444717471,Sadness,Boredom,0.009265414349415699
0.003250471444717471,Sadness,Fear,0.2571663932381703
0.003250471444717471,Sadness,Happiness,0.02197649394208533
0.003250471444717471,Sadness,Joy,0.013951429442021086
0.003250471444717471,Sadness,Pride,0.01878926064243388
0.003250471444717471,Sadness,Sadness,0.5497732412997862
0.003250471444717471,Sadness,Shame,0.12907776708608734
0.003250471444717471,Shame,Boredom,0.005152861344631538
0.003250471444717471,Shame,Fear,0.482470956396469
0.003250471444717471,Shame,Happiness,0.015725365923019007
0.003250471444717471,Shame,Joy,0.054450249563619275
0.003250471444717471,Shame,Pride,0.03352594513116996
0.003250471444717471,Shame,Sadness,0.22722736312221664
0.003250471444717471,Shame,Shame,0.1814472585188747
0.0032149078260600207,Boredom,Boredom,0.482423421523844
0.0032149078260600207,Boredom,Fear,0.009756827049945325
0.0032149078260600207,Boredom,Happiness,0.32018468408902084
0.0032149078260600207,Boredom,Joy,0.023647480874783036
0.0032149078260600207,Boredom,Pride,0.0753916648502086
0.0032149078260600207,Boredom,Sadness,0.021514515995760576
0.0032149078260600207,Boredom,Shame,0.06708140561643727
0.0032149078260600207,Fear,Boredom,0.004110518532429663
0.0032149078260600207,Fear,Fear,0.445659513472454
0.0032149078260600207,Fear,Happiness,0.013872469198155562
0.0032149078260600207,Fear,Joy,0.04095258763607171
0.0032149078260600207,Fear,Pride,0.026847546998869754
0.0032149078260600207,Fear,Sadness,0.29804435505135435
0.0032149078260600207,Fear,Shame,0.17051300911066497
0.0032149078260600207,Happiness,Boredom,0.16824704845574018
0.0032149078260600207,Happiness,Fear,0.009795136158598764
0.0032149078260600207,Happiness,Happiness,0.29484643816290274
0.0032149078260600207,Happiness,Joy,0.07635594217168641
0.0032149078260600207,Happiness,Pride,0.2449268252662828
0.0032149078260600207,Happiness,Sadness,0.018440779959747255
0.0032149078260600207,Happiness,Shame,0.18738782982504165
0.0032149078260600207,Joy,Boredom,0.009102415186691155
0.0032149078260600207,Joy,Fear,0.038891957341474395
0.0032149078260600207,Joy,Happiness,0.09157344111741725
0.0032149078260600207,Joy,Joy,0.32994562510303754
0.0032149078260600207,Joy,Pride,0.27717300930414934
0.0032149078260600207,Joy,Sadness,0.021617300715251187
0.0032149078260600207,Joy,Shame,0.23169625123197837
0.0032149078260600207,Pride,Boredom,0.012822507965528432
0.0032149078260600207,Pride,Fear,0.02538436090810704
0.0032149078260600207,Pride,Happiness,0.14508512867823484
0.0032149078260600207,Pride,Joy,0.2991710738594212
0.0032149078260600207,Pride,Pride,0.2669966936351489
0.0032149078260600207,Pride,Sadness,0.023410949924802724
0.0032149078260600207,Pride,Shame,0.2271292850287569
0.0032149078260600207,Sadness,Boredom,0.010394860138485935
0.0032149078260600207,Sadness,Fear,0.23638124987539547
0.0032149078260600207,Sadness,Happiness,0.02550503380537621
0.0032149078260600207,Sadness,Joy,0.018635581569756053
0.0032149078260600207,Sadness,Pride,0.0242126124622939
0.0032149078260600207,Sadness,Sadness,0.5243034735067946
0.0032149078260600207,Sadness,Shame,0.16056718864189756
0.0032149078260600207,Shame,Boredom,0.0061832471963999625
0.0032149078260600207,Shame,Fear,0.406420201927887
0.0032149078260600207,Shame,Happiness,0.01903225871743913
0.0032149078260600207,Shame,Joy,0.06283628042154545
0.0032149078260600207,Shame,Pride,0.041463027991700735
0.0032149078260600207,Shame,Sadness,0.2573370495833514
0.0032149078260600207,Shame,Shame,0.20672793416167612
0.003068411947181888,Boredom,Boredom,0.42852670010870775
0.003068411947181888,Boredom,Fear,0.010102220556682284
0.003068411947181888,Boredom,Happiness,0.3174237321772035
0.003068411947181888,Boredom,Joy,0.03025809390282232
0.003068411947181888,Boredom,Pride,0.08870581626982356
0.003068411947181888,Boredom,Sadness,0.027161927391878227
0.003068411947181888,Boredom,Shame,0.09782150959288238
0.003068411947181888,Fear,Boredom,0.006418747225559493
0.003068411947181888,Fear,Fear,0.33457739318120416
0.003068411947181888,Fear,Happiness,0.014109822522059374
0.003068411947181888,Fear,Joy,0.05023596626021161
0.003068411947181888,Fear,Pride,0.03931102488069076
0.003068411947181888,Fear,Sadness,0.31166455485151195
0.003068411947181888,Fear,Shame,0.24368249107876286
0.003068411947181888,Happiness,Boredom,0.11100568842872707
0.003068411947181888,Happiness,Fear,0.005259137848031459
0.003068411947181888,Happiness,Happiness,0.25947833329802683
0.003068411947181888,Happiness,Joy,0.0836820144437053
0.003068411947181888,Happiness,Pride,0.25900407962162614
0.003068411947181888,Happiness,Sadness,0.014178506975670394
0.003068411947181888,Happiness,Shame,0.26739223938421214
0.003068411947181888,Joy,Boredom,0.005333982023536294
0.003068411947181888,Joy,Fear,0.029007266514422606
0.003068411947181888,Joy,Happiness,0.06538156433706206
0.003068411947181888,Joy,Joy,0.29431727343689557
0.003068411947181888,Joy,Pride,0.29128667312115214
0.003068411947181888,Joy,Sadness,0.015129295909871616
0.003068411947181888,Joy,Shame,0.29954394465705947
0.003068411947181888,Pride,Boredom,0.008306434884670593
0.003068411947181888,Pride,Fear,0.017729496276011156
0.003068411947181888,Pride,Happiness,0.09623284496313789
0.003068411947181888,Pride,Joy,0.270532772834003
0.003068411947181888,Pride,Pride,0.2854347089890734
0.003068411947181888,Pride,Sadness,0.018625649730228025
0.003068411947181888,Pride,Shame,0.30313809232287553
0.003068411947181888,Sadness,Boredom,0.011425828580557433
0.003068411947181888,Sadness,Fear,0.12447525250477548
0.003068411947181888,Sadness,Happiness,0.023760407047869504
0.003068411947181888,Sadness,Joy,0.024201401101506106
0.003068411947181888,Sadness,Pride,0.0350442708838157
0.003068411947181888,Sadness,Sadness,0.5457141647060746
0.003068411947181888,Sadness,Shame,0.23537867517540084
0.003068411947181888,Shame,Boredom,0.008707227788013626
0.003068411947181888,Shame,Fear,0.29905832590444337
0.003068411947181888,Shame,Happiness,0.01860880270634391
0.003068411947181888,Shame,Joy,0.07321567430147857
0.003068411947181888,Shame,Pride,0.05439477233125486
0.003068411947181888,Shame,Sadness,0.2501429971243104
0.003068411947181888,Shame,Shame,0.29587219984415536
0.0031958631675948306,Boredom,Boredom,0.5280164982270193
0.0031958631675948306,Boredom,Fear,0.006590764751696491
0.0031958631675948306,Boredom,Happiness,0.32745109128813443
0.0031958631675948306,Boredom,Joy,0.015348934168994115
0.0031958631675948306,Boredom,Pride,0.06092445726338337
0.0031958631675948306,Boredom,Sadness,0.01505273615673618
0.0031958631675948306,Boredom,Shame,0.04661551814403629
0.0031958631675948306,Fear,Boredom,0.00240149266584068
0.0031958631675948306,Fear,Fear,0.5791648019571157
0.0031958631675948306,Fear,Happiness,0.009254892496324574
0.0031958631675948306,Fear,Joy,0.02932403435227455
0.0031958631675948306,Fear,Pride,0.01721025060739502
0.0031958631675948306,Fear,Sadness,0.2479299429341765
0.0031958631675948306,Fear,Shame,0.11471458498687295
0.0031958631675948306,Happiness,Boredom,0.20457806218813673
0.0031958631675948306,Happiness,Fear,0.008930253906350402
0.0031958631675948306,Happiness,Happiness,0.32561083179045974
0.0031958631675948306,Happiness,Joy,0.06289914540302226
0.0031958631675948306,Happiness,Pride,0.23357743660479688
0.0031958631675948306,Happiness,Sadness,0.016291548393517624
0.0031958631675948306,Happiness,Shame,0.14811272171371606
0.0031958631675948306,Joy,Boredom,0.009820345654721795
0.0031958631675948306,Joy,Fear,0.039635287924755284
0.0031958631675948306,Joy,Happiness,0.09784142209408477
0.0031958631675948306,Joy,Joy,0.3595592360643394
0.0031958631675948306,Joy,Pride,0.2723224903154307
0.0031958631675948306,Joy,Sadness,0.01950357695658397
0.0031958631675948306,Joy,Shame,0.2013176409900839
0.0031958631675948306,Pride,Boredom,0.014717830504840023
0.0031958631675948306,Pride,Fear,0.025832849941768748
0.0031958631675948306,Pride,Happiness,0.18043296146485613
0.0031958631675948306,Pride,Joy,0.3022037041492396
0.0031958631675948306,Pride,Pride,0.25889442212991026
0.0031958631675948306,Pride,Sadness,0.021314506155719476
0.0031958631675948306,Pride,Shame,0.19660372565366543
0.0031958631675948306,Sadness,Boredom,0.01021136923909188
0.0031958631675948306,Sadness,Fear,0.3200374846696029
0.0031958631675948306,Sadness,Happiness,0.02206969917003177
0.0031958631675948306,Sadness,Joy,0.011918478177299957
0.0031958631675948306,Sadness,Pride,0.016709697582268694
0.0031958631675948306,Sadness,Sadness,0.5107256168926453
0.0031958631675948306,Sadness,Shame,0.10832765426905888
0.0031958631675948306,Shame,Boredom,0.004410323702678442
0.0031958631675948306,Shame,Fear,0.5266305767286085
0.0031958631675948306,Shame,Happiness,0.01469986523288283
0.0031958631675948306,Shame,Joy,0.04970386175582313
0.0031958631675948306,Shame,Pride,0.0311090804659701
0.0031958631675948306,Shame,Sadness,0.21695133423728571
0.0031958631675948306,Shame,Shame,0.15649495787675144
0.0032983307207564245,Boredom,Boredom,0.5290842395550812
0.0032983307207564245,Boredom,Fear,0.00615623302172529
0.0032983307207564245,Boredom,Happiness,0.3301259491569072
0.0032983307207564245,Boredom,Joy,0.01447184030002527
0.0032983307207564245,Boredom,Pride,0.060499508929924964
0.0032983307207564245,Boredom,Sadness,0.014131718200897994
0.0032983307207564245,Boredom,Shame,0.045530510835437465
0.0032983307207564245,Fear,Boredom,0.0020511849253907555
0.0032983307207564245,Fear,Fear,0.6008631392149358
0.0032983307207564245,Fear,Happiness,0.007445339738001246
0.0032983307207564245,Fear,Joy,0.026909391292381516
0.0032983307207564245,Fear,Pride,0.01574686021214089
0.0032983307207564245,Fear,Sadness,0.2405583278627531
0.0032983307207564245,Fear,Shame,0.10642575675439647
0.0032983307207564245,Happiness,Boredom,0.20464403078048798
0.0032983307207564245,Happiness,Fear,0.008178598574730826
0.0032983307207564245,Happiness,Happiness,0.3277283595273992
0.0032983307207564245,Happiness,Joy,0.05855886029876434
0.0032983307207564245,Happiness,Pride,0.23250615420842377
0.0032983307207564245,Happiness,Sadness,0.01598257209411542
0.0032983307207564245,Happiness,Shame,0.15240142451607838
0.0032983307207564245,Joy,Boredom,0.009818048483161706
0.0032983307207564245,Joy,Fear,0.0401168935308558
0.0032983307207564245,Joy,Happiness,0.08351551965220896
0.0032983307207564245,Joy,Joy,0.3645169007398115
0.0032983307207564245,Joy,Pride,0.27617270505362296
0.0032983307207564245,Joy,Sadness,0.019903242081152607
0.0032983307207564245,Joy,Shame,0.20595669045918633
0.0032983307207564245,Pride,Boredom,0.013799823329437721
0.0032983307207564245,Pride,Fear,0.025705874220770582
0.0032983307207564245,Pride,Happiness,0.14737459944945946
0.0032983307207564245,Pride,Joy,0.3260153295485399
0.0032983307207564245,Pride,Pride,0.2623788119354482
0.0032983307207564245,Pride,Sadness,0.022450066018667465
0.0032983307207564245,Pride,Shame,0.2022754954976767
0.0032983307207564245,Sadness,Boredom,0.009756133934945586
0.0032983307207564245,Sadness,Fear,0.314930270975819
0.0032983307207564245,Sadness,Happiness,0.020696998578590527
0.0032983307207564245,Sadness,Joy,0.010551469586678188
0.0032983307207564245,Sadness,Pride,0.01564927811020813
0.0032983307207564245,Sadness,Sadness,0.5260696634436178
0.0032983307207564245,Sadness,Shame,0.10234618537014076
0.0032983307207564245,Shame,Boredom,0.004014513835194332
0.0032983307207564245,Shame,Fear,0.5449817395467323
0.0032983307207564245,Shame,Happiness,0.012379592780134235
0.0032983307207564245,Shame,Joy,0.046655681757808425
0.0032983307207564245,Shame,Pride,0.03048833881802059
0.0032983307207564245,Shame,Sadness,0.21024194180068315
0.0032983307207564245,Shame,Shame,0.15123819146142695
0.0030098993556490227,Boredom,Boredom,0.5042686080008496
0.0030098993556490227,Boredom,Fear,0.009885670559884867
0.0030098993556490227,Boredom,Happiness,0.3139731078823487
0.0030098993556490227,Boredom,Joy,0.02434662154522277
0.0030098993556490227,Boredom,Pride,0.06818966260926891
0.0030098993556490227,Boredom,Sadness,0.021696114151513964
0.0030098993556490227,Boredom,Shame,0.05764021525091131
0.0030098993556490227,Fear,Boredom,0.004104837483406735
0.0030098993556490227,Fear,Fear,0.5059515403654496
0.0030098993556490227,Fear,Happiness,0.0166541551675633
0.0030098993556490227,Fear,Joy,0.034480896877912566
0.0030098993556490227,Fear,Pride,0.022183597102071934
0.0030098993556490227,Fear,Sadness,0.27807215937486557
0.0030098993556490227,Fear,Shame,0.1385528136287304
0.0030098993556490227,Happiness,Boredom,0.17458682605275308
0.0030098993556490227,Happiness,Fear,0.013904592229662453
0.0030098993556490227,Happiness,Happiness,0.30629589626568593
0.0030098993556490227,Happiness,Joy,0.08568916651433506
0.0030098993556490227,Happiness,Pride,0.24226407253734047
0.0030098993556490227,Happiness,Sadness,0.02137388985022436
0.0030098993556490227,Happiness,Shame,0.15588555654999867
0.0030098993556490227,Joy,Boredom,0.012323536946872597
0.0030098993556490227,Joy,Fear,0.042799534501808914
0.0030098993556490227,Joy,Happiness,0.13840251162402964
0.0030098993556490227,Joy,Joy,0.32912891408861966
0.0030098993556490227,Joy,Pride,0.2647577316856029
0.0030098993556490227,Joy,Sadness,0.021966677904380495
0.0030098993556490227,Joy,Shame,0.19062109324868576
0.0030098993556490227,Pride,Boredom,0.0181550861464908
0.0030098993556490227,Pride,Fear,0.02888054845655486
0.0030098993556490227,Pride,Happiness,0.2053769928244548
0.0030098993556490227,Pride,Joy,0.27884311889219254
0.0030098993556490227,Pride,Pride,0.25787752490730614
0.0030098993556490227,Pride,Sadness,0.023593614469682795
0.0030098993556490227,Pride,Shame,0.1872731143033187
0.0030098993556490227,Sadness,Boredom,0.014444993074088645
0.0030098993556490227,Sadness,Fear,0.3294664992312588
0.0030098993556490227,Sadness,Happiness,0.028602643154119162
0.0030098993556490227,Sadness,Joy,0.016797510407351293
0.0030098993556490227,Sadness,Pride,0.021198428832002774
0.0030098993556490227,Sadness,Sadness,0.4577334929695253
0.0030098993556490227,Sadness,Shame,0.13175643233165396
0.0030098993556490227,Shame,Boredom,0.006029665624084222
0.0030098993556490227,Shame,Fear,0.47125506445809145
0.0030098993556490227,Shame,Happiness,0.02232535664871387
0.0030098993556490227,Shame,Joy,0.05442249196015331
0.0030098993556490227,Shame,Pride,0.029661879390881298
0.0030098993556490227,Shame,Sadness,0.251351592287972
0.0030098993556490227,Shame,Shame,0.16495394963010387
0.003135283358438124,Boredom,Boredom,0.47956113301002595
0.003135283358438124,Boredom,Fear,0.010425781092560923
0.003135283358438124,Boredom,Happiness,0.3154858165795298
0.003135283358438124,Boredom,Joy,0.02620588268007325
0.003135283358438124,Boredom,Pride,0.0759691277993457
0.003135283358438124,Boredom,Sadness,0.023754876175050975
0.003135283358438124,Boredom,Shame,0.06859738266341374
0.003135283358438124,Fear,Boredom,0.004525260292819784
0.003135283358438124,Fear,Fear,0.43231214557936415
0.003135283358438124,Fear,Happiness,0.015770490310281732
0.003135283358438124,Fear,Joy,0.04258031705188164
0.003135283358438124,Fear,Pride,0.02771638443846121
0.003135283358438124,Fear,Sadness,0.30310080103480763
0.003135283358438124,Fear,Shame,0.17399460129238378
0.003135283358438124,Happiness,Boredom,0.15840873115805595
0.003135283358438124,Happiness,Fear,0.010948173672540995
0.003135283358438124,Happiness,Happiness,0.2909021173069314
0.003135283358438124,Happiness,Joy,0.08373172708860299
0.003135283358438124,Happiness,Pride,0.24670062699409098
0.003135283358438124,Happiness,Sadness,0.019715145872613846
0.003135283358438124,Happiness,Shame,0.18959347790716383
0.003135283358438124,Joy,Boredom,0.009443195419227092
0.003135283358438124,Joy,Fear,0.0391245960777662
0.003135283358438124,Joy,Happiness,0.09842217257847907
0.003135283358438124,Joy,Joy,0.32762896162340877
0.003135283358438124,Joy,Pride,0.2753010752154695
0.003135283358438124,Joy,Sadness,0.022225001865923147
0.003135283358438124,Joy,Shame,0.22785499721972627
0.003135283358438124,Pride,Boredom,0.013263413602059522
0.003135283358438124,Pride,Fear,0.025703173481533243
0.003135283358438124,Pride,Happiness,0.1521672958938963
0.003135283358438124,Pride,Joy,0.2965904223822371
0.003135283358438124,Pride,Pride,0.26565930341924693
0.003135283358438124,Pride,Sadness,0.023641717267112238
0.003135283358438124,Pride,Shame,0.2229746739539145
0.003135283358438124,Sadness,Boredom,0.011167104802285362
0.003135283358438124,Sadness,Fear,0.2455921552445005
0.003135283358438124,Sadness,Happiness,0.02743493055986891
0.003135283358438124,Sadness,Joy,0.019973602569157374
0.003135283358438124,Sadness,Pride,0.025423783394435837
0.003135283358438124,Sadness,Sadness,0.5058008052423645
0.003135283358438124,Sadness,Shame,0.1646076181873876
0.003135283358438124,Shame,Boredom,0.006656591185496084
0.003135283358438124,Shame,Fear,0.3976684357820676
0.003135283358438124,Shame,Happiness,0.021035634002783472
0.003135283358438124,Shame,Joy,0.06479681582831866
0.003135283358438124,Shame,Pride,0.03884592567617786
0.003135283358438124,Shame,Sadness,0.26412216026779267
0.003135283358438124,Shame,Shame,0.20687443725736335
0.0029311265016281514,Boredom,Boredom,0.5067168278174365
0.0029311265016281514,Boredom,Fear,0.009507405191517097
0.0029311265016281514,Boredom,Happiness,0.31468222319964434
0.0029311265016281514,Boredom,Joy,0.02463823263071794
0.0029311265016281514,Boredom,Pride,0.06801318144150394
0.0029311265016281514,Boredom,Sadness,0.01818850375269139
0.0029311265016281514,Boredom,Shame,0.05825362596648833
0.0029311265016281514,Fear,Boredom,0.004319731441455758
0.0029311265016281514,Fear,Fear,0.5059750777278773
0.0029311265016281514,Fear,Happiness,0.01648304952894488
0.0029311265016281514,Fear,Joy,0.03424031199721023
0.0029311265016281514,Fear,Pride,0.022145561421095483
0.0029311265016281514,Fear,Sadness,0.2771210487356115
0.0029311265016281514,Fear,Shame,0.13971521914780471
0.0029311265016281514,Happiness,Boredom,0.17647878961742525
0.0029311265016281514,Happiness,Fear,0.013183813609136442
0.0029311265016281514,Happiness,Happiness,0.3060588941414683
0.0029311265016281514,Happiness,Joy,0.08596825676335142
0.0029311265016281514,Happiness,Pride,0.2408571566674465
0.0029311265016281514,Happiness,Sadness,0.020528359282888303
0.0029311265016281514,Happiness,Shame,0.15692472991828366
0.0029311265016281514,Joy,Boredom,0.012460598031171846
0.0029311265016281514,Joy,Fear,0.0422195451547746
0.0029311265016281514,Joy,Happiness,0.14053234232584455
0.0029311265016281514,Joy,Joy,0.32818515224354133
0.0029311265016281514,Joy,Pride,0.26456911007981365
0.0029311265016281514,Joy,Sadness,0.021181464087281037
0.0029311265016281514,Joy,Shame,0.19085178807757322
0.0029311265016281514,Pride,Boredom,0.01897918918726126
0.0029311265016281514,Pride,Fear,0.028450374549099995
0.0029311265016281514,Pride,Happiness,0.2059198305485953
0.0029311265016281514,Pride,Joy,0.277095332714395
0.0029311265016281514,Pride,Pride,0.25818341364099306
0.0029311265016281514,Pride,Sadness,0.023140815810347833
0.0029311265016281514,Pride,Shame,0.18823104354930711
0.0029311265016281514,Sadness,Boredom,0.015833890842970787
0.0029311265016281514,Sadness,Fear,0.3304947690011508
0.0029311265016281514,Sadness,Happiness,0.028576829929009867
0.0029311265016281514,Sadness,Joy,0.016747851709739563
0.0029311265016281514,Sadness,Pride,0.021316464512187917
0.0029311265016281514,Sadness,Sadness,0.4540846663637857
0.0029311265016281514,Sadness,Shame,0.13294552764115553
0.0029311265016281514,Shame,Boredom,0.0063274413784084335
0.0029311265016281514,Shame,Fear,0.4693794320979089
0.0029311265016281514,Shame,Happiness,0.022324870990632132
0.0029311265016281514,Shame,Joy,0.054549389622548176
0.0029311265016281514,Shame,Pride,0.03070847045146104
0.0029311265016281514,Shame,Sadness,0.2494105147019919
0.0029311265016281514,Shame,Shame,0.16729988075704944
0.003017631823920414,Boredom,Boredom,0.5180488463249335
0.003017631823920414,Boredom,Fear,0.007863463715336435
0.003017631823920414,Boredom,Happiness,0.3211450258021279
0.003017631823920414,Boredom,Joy,0.020355839504179137
0.003017631823920414,Boredom,Pride,0.06502873484913035
0.003017631823920414,Boredom,Sadness,0.015353276142033807
0.003017631823920414,Boredom,Shame,0.052204813662258764
0.003017631823920414,Fear,Boredom,0.003186124301819509
0.003017631823920414,Fear,Fear,0.5359848292824849
0.003017631823920414,Fear,Happiness,0.013478157967677824
0.003017631823920414,Fear,Joy,0.03311884697677465
0.003017631823920414,Fear,Pride,0.01999593756208955
0.003017631823920414,Fear,Sadness,0.26470604339883347
0.003017631823920414,Fear,Shame,0.12953006051032026
0.003017631823920414,Happiness,Boredom,0.19015525091520602
0.003017631823920414,Happiness,Fear,0.010594396424372638
0.003017631823920414,Happiness,Happiness,0.3135153660138032
0.003017631823920414,Happiness,Joy,0.07657115387838787
0.003017631823920414,Happiness,Pride,0.2370184752409984
0.003017631823920414,Happiness,Sadness,0.017991303899796997
0.003017631823920414,Happiness,Shame,0.15415405362743478
0.003017631823920414,Joy,Boredom,0.01076548260127795
0.003017631823920414,Joy,Fear,0.04044081561780714
0.003017631823920414,Joy,Happiness,0.12679089340740396
0.003017631823920414,Joy,Joy,0.3409629979807495
0.003017631823920414,Joy,Pride,0.2661801614462307
0.003017631823920414,Joy,Sadness,0.019623241369977538
0.003017631823920414,Joy,Shame,0.19523640757655303
0.003017631823920414,Pride,Boredom,0.016254296480463767
0.003017631823920414,Pride,Fear,0.02706916211139883
0.003017631823920414,Pride,Happiness,0.20037578700896805
0.003017631823920414,Pride,Joy,0.2827822134851747
0.003017631823920414,Pride,Pride,0.2583603678946446
0.003017631823920414,Pride,Sadness,0.021857154301994537
0.003017631823920414,Pride,Shame,0.19330101871735503
0.003017631823920414,Sadness,Boredom,0.01183856285361795
0.003017631823920414,Sadness,Fear,0.3276138675162427
0.003017631823920414,Sadness,Happiness,0.025781014859323517
0.003017631823920414,Sadness,Joy,0.01468879853763305
0.003017631823920414,Sadness,Pride,0.019213217099067103
0.003017631823920414,Sadness,Sadness,0.47723841069114914
0.003017631823920414,Sadness,Shame,0.12362612844296648
0.003017631823920414,Shame,Boredom,0.005251944893469458
0.003017631823920414,Shame,Fear,0.4899807707209951
0.003017631823920414,Shame,Happiness,0.019770085439877114
0.003017631823920414,Shame,Joy,0.054354876769095055
0.003017631823920414,Shame,Pride,0.03278884832351013
0.003017631823920414,Shame,Sadness,0.23315004186806926
0.003017631823920414,Shame,Shame,0.16470343198498402
0.0029395393331257207,Boredom,Boredom,0.5030278237479965
0.0029395393331257207,Boredom,Fear,0.010012035850314717
0.0029395393331257207,Boredom,Happiness,0.31196473637510597
0.0029395393331257207,Boredom,Joy,0.025241573167812642
0.0029395393331257207,Boredom,Pride,0.06861739142726854
0.0029395393331257207,Boredom,Sadness,0.02031219884021905
0.0029395393331257207,Boredom,Shame,0.06082424059128244
0.0029395393331257207,Fear,Boredom,0.004783309872127745
0.0029395393331257207,Fear,Fear,0.49980146242313284
0.0029395393331257207,Fear,Happiness,0.017332549974635025
0.0029395393331257207,Fear,Joy,0.03527326525656783
0.0029395393331257207,Fear,Pride,0.022874451583559934
0.0029395393331257207,Fear,Sadness,0.2773822022071347
0.0029395393331257207,Fear,Shame,0.14255275868284153
0.0029395393331257207,Happiness,Boredom,0.17557582037753564
0.0029395393331257207,Happiness,Fear,0.013686142928684043
0.0029395393331257207,Happiness,Happiness,0.30378615915113444
0.0029395393331257207,Happiness,Joy,0.08675341815175859
0.0029395393331257207,Happiness,Pride,0.2415987589245535
0.0029395393331257207,Happiness,Sadness,0.020972300773674367
0.0029395393331257207,Happiness,Shame,0.15762739969265893
0.0029395393331257207,Joy,Boredom,0.013032305301576829
0.0029395393331257207,Joy,Fear,0.04255951547850142
0.0029395393331257207,Joy,Happiness,0.14150690199456264
0.0029395393331257207,Joy,Joy,0.3275785695544019
0.0029395393331257207,Joy,Pride,0.2640904428698013
0.0029395393331257207,Joy,Sadness,0.021704378669086307
0.0029395393331257207,Joy,Shame,0.18952788613206994
0.0029395393331257207,Pride,Boredom,0.019821416911963756
0.0029395393331257207,Pride,Fear,0.02872489885509706
0.0029395393331257207,Pride,Happiness,0.20643194417645655
0.0029395393331257207,Pride,Joy,0.27711319361963666
0.0029395393331257207,Pride,Pride,0.257793832543384
0.0029395393331257207,Pride,Sadness,0.02340178687485663
0.0029395393331257207,Pride,Shame,0.18671292701860523
0.0029395393331257207,Sadness,Boredom,0.017046211816011164
0.0029395393331257207,Sadness,Fear,0.3295503118188025
0.0029395393331257207,Sadness,Happiness,0.029667638869750657
0.0029395393331257207,Sadness,Joy,0.01754062983309833
0.0029395393331257207,Sadness,Pride,0.022178465281179085
0.0029395393331257207,Sadness,Sadness,0.4471736592795435
0.0029395393331257207,Sadness,Shame,0.136843083101615
0.0029395393331257207,Shame,Boredom,0.006798850721764253
0.0029395393331257207,Shame,Fear,0.4650740092848092
0.0029395393331257207,Shame,Happiness,0.02301712944963122
0.0029395393331257207,Shame,Joy,0.055520851232213266
0.0029395393331257207,Shame,Pride,0.030576958294078204
0.0029395393331257207,Shame,Sadness,0.2509597324937065
0.0029395393331257207,Shame,Shame,0.16805246852379735
0.0031667530934040558,Boredom,Boredom,0.5167552572265274
0.0031667530934040558,Boredom,Fear,0.007920652710563747
0.0031667530934040558,Boredom,Happiness,0.3220476737415379
0.0031667530934040558,Boredom,Joy,0.01874590948044645
0.0031667530934040558,Boredom,Pride,0.06491375982181016
0.0031667530934040558,Boredom,Sadness,0.017515423707232573
0.0031667530934040558,Boredom,Shame,0.05210132331188167
0.0031667530934040558,Fear,Boredom,0.002818871716606516
0.0031667530934040558,Fear,Fear,0.5586022077525428
0.0031667530934040558,Fear,Happiness,0.011882135140767185
0.0031667530934040558,Fear,Joy,0.03129771251710962
0.0031667530934040558,Fear,Pride,0.018273939284053277
0.0031667530934040558,Fear,Sadness,0.2578456382742475
0.0031667530934040558,Fear,Shame,0.11927949531467333
0.0031667530934040558,Happiness,Boredom,0.19131807100458745
0.0031667530934040558,Happiness,Fear,0.010422942252572912
0.0031667530934040558,Happiness,Happiness,0.31614598818023393
0.0031667530934040558,Happiness,Joy,0.0715856126465759
0.0031667530934040558,Happiness,Pride,0.23748170399514973
0.0031667530934040558,Happiness,Sadness,0.01853096300074867
0.0031667530934040558,Happiness,Shame,0.15451471892013166
0.0031667530934040558,Joy,Boredom,0.010718567908457153
0.0031667530934040558,Joy,Fear,0.04088498456482919
0.0031667530934040558,Joy,Happiness,0.11513015533140039
0.0031667530934040558,Joy,Joy,0.34770889714501296
0.0031667530934040558,Joy,Pride,0.2687795486604352
0.0031667530934040558,Joy,Sadness,0.020633980409779026
0.0031667530934040558,Joy,Shame,0.1961438659800866
0.0031667530934040558,Pride,Boredom,0.015802642453298682
0.0031667530934040558,Pride,Fear,0.026988085585011878
0.0031667530934040558,Pride,Happiness,0.19355996915608675
0.0031667530934040558,Pride,Joy,0.2904143058703013
0.0031667530934040558,Pride,Pride,0.2580545436034024
0.0031667530934040558,Pride,Sadness,0.022287585210707582
0.0031667530934040558,Pride,Shame,0.19289286812119139
0.0031667530934040558,Sadness,Boredom,0.010797188053749792
0.0031667530934040558,Sadness,Fear,0.32413662795994597
0.0031667530934040558,Sadness,Happiness,0.024418526464688287
0.0031667530934040558,Sadness,Joy,0.01357759437407415
0.0031667530934040558,Sadness,Pride,0.0179720717896023
0.0031667530934040558,Sadness,Sadness,0.49302017001737475
0.0031667530934040558,Sadness,Shame,0.11607782134056466
0.0031667530934040558,Shame,Boredom,0.004892308312321344
0.0031667530934040558,Shame,Fear,0.511895586464867
0.0031667530934040558,Shame,Happiness,0.01784051593994207
0.0031667530934040558,Shame,Joy,0.05178994246186505
0.0031667530934040558,Shame,Pride,0.029597995094522805
0.0031667530934040558,Shame,Sadness,0.22831965285216912
0.0031667530934040558,Shame,Shame,0.1556639988743131
0.003020755999636026,Boredom,Boredom,0.5138958514517115
0.003020755999636026,Boredom,Fear,0.008601890750609307
0.003020755999636026,Boredom,Happiness,0.31822258553065264
0.003020755999636026,Boredom,Joy,0.021617241405360234
0.003020755999636026,Boredom,Pride,0.06644028326969427
0.003020755999636026,Boredom,Sadness,0.01730399689424661
0.003020755999636026,Boredom,Shame,0.05391815069772573
0.003020755999636026,Fear,Boredom,0.0035673984105638037
0.003020755999636026,Fear,Fear,0.5238710205262511
0.003020755999636026,Fear,Happiness,0.014725719926371032
0.003020755999636026,Fear,Joy,0.033766591349415113
0.003020755999636026,Fear,Pride,0.0209311441764093
0.003020755999636026,Fear,Sadness,0.2690818823354298
0.003020755999636026,Fear,Shame,0.1340562432755599
0.003020755999636026,Happiness,Boredom,0.1816992674287648
0.003020755999636026,Happiness,Fear,0.012243107941508308
0.003020755999636026,Happiness,Happiness,0.31190147224981746
0.003020755999636026,Happiness,Joy,0.08026451499418959
0.003020755999636026,Happiness,Pride,0.23991474755643502
0.003020755999636026,Happiness,Sadness,0.01978467771391596
0.003020755999636026,Happiness,Shame,0.15419221211536904
0.003020755999636026,Joy,Boredom,0.011428483588114442
0.003020755999636026,Joy,Fear,0.04152857498866894
0.003020755999636026,Joy,Happiness,0.1309116385207179
0.003020755999636026,Joy,Joy,0.3371005729139469
0.003020755999636026,Joy,Pride,0.26577006590750296
0.003020755999636026,Joy,Sadness,0.020880133150393578
0.003020755999636026,Joy,Shame,0.1923805309306554
0.003020755999636026,Pride,Boredom,0.017114485762076654
0.003020755999636026,Pride,Fear,0.028002509711946334
0.003020755999636026,Pride,Happiness,0.20251052645762546
0.003020755999636026,Pride,Joy,0.28182586216507455
0.003020755999636026,Pride,Pride,0.25820962398009206
0.003020755999636026,Pride,Sadness,0.022762606067050443
0.003020755999636026,Pride,Shame,0.18957438585613456
0.003020755999636026,Sadness,Boredom,0.01307797885344748
0.003020755999636026,Sadness,Fear,0.3278184947433824
0.003020755999636026,Sadness,Happiness,0.027034776610626518
0.003020755999636026,Sadness,Joy,0.015668285653031706
0.003020755999636026,Sadness,Pride,0.020168756500610004
0.003020755999636026,Sadness,Sadness,0.46775813551024736
0.003020755999636026,Sadness,Shame,0.1284735721286542
0.003020755999636026,Shame,Boredom,0.005565494560616601
0.003020755999636026,Shame,Fear,0.4834735411133514
0.003020755999636026,Shame,Happiness,0.020625294807549516
0.003020755999636026,Shame,Joy,0.05431864040835013
0.003020755999636026,Shame,Pride,0.03059937190369899
0.003020755999636026,Shame,Sadness,0.24065950346364012
0.003020755999636026,Shame,Shame,0.1647581537427932
0.003238362573523409,Boredom,Boredom,0.4852510271701931
0.003238362573523409,Boredom,Fear,0.008348385584611423
0.003238362573523409,Boredom,Happiness,0.32751562105319504
0.003238362573523409,Boredom,Joy,0.01984376876548465
0.003238362573523409,Boredom,Pride,0.0727248465413663
0.003238362573523409,Boredom,Sadness,0.02069363335132124
0.003238362573523409,Boredom,Shame,0.06562271753382798
0.003238362573523409,Fear,Boredom,0.003530281699072051
0.003238362573523409,Fear,Fear,0.4630562775524992
0.003238362573523409,Fear,Happiness,0.010684112742462056
0.003238362573523409,Fear,Joy,0.03838248635269875
0.003238362573523409,Fear,Pride,0.0257299630336292
0.003238362573523409,Fear,Sadness,0.29090486045514113
0.003238362573523409,Fear,Shame,0.16771201816449774
0.003238362573523409,Happiness,Boredom,0.156570944314367
0.003238362573523409,Happiness,Fear,0.008014728297965594
0.003238362573523409,Happiness,Happiness,0.3029994320170578
0.003238362573523409,Happiness,Joy,0.06429661056579469
0.003238362573523409,Happiness,Pride,0.2476951536402227
0.003238362573523409,Happiness,Sadness,0.01660394136519174
0.003238362573523409,Happiness,Shame,0.20381918979940075
0.003238362573523409,Joy,Boredom,0.007975960341211431
0.003238362573523409,Joy,Fear,0.03672641765347641
0.003238362573523409,Joy,Happiness,0.0775511766831696
0.003238362573523409,Joy,Joy,0.330485777841648
0.003238362573523409,Joy,Pride,0.2821150828366398
0.003238362573523409,Joy,Sadness,0.01914818374454957
0.003238362573523409,Joy,Shame,0.24599740089930577
0.003238362573523409,Pride,Boredom,0.011446849719317764
0.003238362573523409,Pride,Fear,0.023421415922769456
0.003238362573523409,Pride,Happiness,0.12466475315878099
0.003238362573523409,Pride,Joy,0.3016892791293492
0.003238362573523409,Pride,Pride,0.2722371460707864
0.003238362573523409,Pride,Sadness,0.02215312319685429
0.003238362573523409,Pride,Shame,0.2443874328021421
0.003238362573523409,Sadness,Boredom,0.009020503683559509
0.003238362573523409,Sadness,Fear,0.22254140623904192
0.003238362573523409,Sadness,Happiness,0.02207831627827233
0.003238362573523409,Sadness,Joy,0.015642589199703412
0.003238362573523409,Sadness,Pride,0.022406686799302186
0.003238362573523409,Sadness,Sadness,0.552534389769809
0.003238362573523409,Sadness,Shame,0.15577610803031156
0.003238362573523409,Shame,Boredom,0.0057751273501743935
0.003238362573523409,Shame,Fear,0.41572029713167996
0.003238362573523409,Shame,Happiness,0.015794715510411863
0.003238362573523409,Shame,Joy,0.0606265459187838
0.003238362573523409,Shame,Pride,0.043130881801266105
0.003238362573523409,Shame,Sadness,0.24382041879658065
0.003238362573523409,Shame,Shame,0.21513201349110336
0.0032221679512620697,Boredom,Boredom,0.514236156574598
0.0032221679512620697,Boredom,Fear,0.008417249099990962
0.0032221679512620697,Boredom,Happiness,0.32243447839759243
0.0032221679512620697,Boredom,Joy,0.019108491867577942
0.0032221679512620697,Boredom,Pride,0.06637322305834051
0.0032221679512620697,Boredom,Sadness,0.017608438557645135
0.0032221679512620697,Boredom,Shame,0.05182196244425546
0.0032221679512620697,Fear,Boredom,0.0031378975148942693
0.0032221679512620697,Fear,Fear,0.5442096437539059
0.0032221679512620697,Fear,Happiness,0.012625322930339597
0.0032221679512620697,Fear,Joy,0.03302848086744072
0.0032221679512620697,Fear,Pride,0.019705200595070367
0.0032221679512620697,Fear,Sadness,0.260519289023033
0.0032221679512620697,Fear,Shame,0.12677416531531635
0.0032221679512620697,Happiness,Boredom,0.2127830851814733
0.0032221679512620697,Happiness,Fear,0.010553187410409268
0.0032221679512620697,Happiness,Happiness,0.3118080957867941
0.0032221679512620697,Happiness,Joy,0.06930361031806682
0.0032221679512620697,Happiness,Pride,0.23279965514194711
0.0032221679512620697,Happiness,Sadness,0.017706301731907348
0.0032221679512620697,Happiness,Shame,0.145046064429402
0.0032221679512620697,Joy,Boredom,0.011074920089569071
0.0032221679512620697,Joy,Fear,0.04204337507853809
0.0032221679512620697,Joy,Happiness,0.11358149815811104
0.0032221679512620697,Joy,Joy,0.3460040575994572
0.0032221679512620697,Joy,Pride,0.26900466066406287
0.0032221679512620697,Joy,Sadness,0.021715448330639615
0.0032221679512620697,Joy,Shame,0.19657604007962173
0.0032221679512620697,Pride,Boredom,0.01596539065069441
0.0032221679512620697,Pride,Fear,0.027999475658478927
0.0032221679512620697,Pride,Happiness,0.1914619732158099
0.0032221679512620697,Pride,Joy,0.29278953966204324
0.0032221679512620697,Pride,Pride,0.25786228990570453
0.0032221679512620697,Pride,Sadness,0.02295858224000552
0.0032221679512620697,Pride,Shame,0.19096274866726387
0.0032221679512620697,Sadness,Boredom,0.011127348351255818
0.0032221679512620697,Sadness,Fear,0.3208426629443763
0.0032221679512620697,Sadness,Happiness,0.02470179570986761
0.0032221679512620697,Sadness,Joy,0.014172615471303902
0.0032221679512620697,Sadness,Pride,0.018546498671733646
0.0032221679512620697,Sadness,Sadness,0.49151928358584795
0.0032221679512620697,Sadness,Shame,0.11908979526561476
0.0032221679512620697,Shame,Boredom,0.005106196281563623
0.0032221679512620697,Shame,Fear,0.5013071430406715
0.0032221679512620697,Shame,Happiness,0.018123568155943067
0.0032221679512620697,Shame,Joy,0.05305186656567334
0.0032221679512620697,Shame,Pride,0.030285963043261543
0.0032221679512620697,Shame,Sadness,0.2323410614552662
0.0032221679512620697,Shame,Shame,0.15978420145762065
0.0031735639722877103,Boredom,Boredom,0.5759473974829452
0.0031735639722877103,Boredom,Fear,0.002771460994602149
0.0031735639722877103,Boredom,Happiness,0.32999312418331256
0.0031735639722877103,Boredom,Joy,0.008654848531641812
0.0031735639722877103,Boredom,Pride,0.045061732194291854
0.0031735639722877103,Boredom,Sadness,0.008813049701837421
0.0031735639722877103,Boredom,Shame,0.02875838691136885
0.0031735639722877103,Fear,Boredom,0.0011031705910683677
0.0031735639722877103,Fear,Fear,0.7288632774202299
0.0031735639722877103,Fear,Happiness,0.003451297514692201
0.0031735639722877103,Fear,Joy,0.017408107191488307
0.0031735639722877103,Fear,Pride,0.009776431511887108
0.0031735639722877103,Fear,Sadness,0.16833975017699768
0.0031735639722877103,Fear,Shame,0.07105796559363652
0.0031735639722877103,Happiness,Boredom,0.19915366454814099
0.0031735639722877103,Happiness,Fear,0.0061157562634766615
0.0031735639722877103,Happiness,Happiness,0.36932415198150437
0.0031735639722877103,Happiness,Joy,0.054924169996223945
0.0031735639722877103,Happiness,Pride,0.22654789806930134
0.0031735639722877103,Happiness,Sadness,0.01259904067252317
0.0031735639722877103,Happiness,Shame,0.13133531846882962
0.0031735639722877103,Joy,Boredom,0.00774677734086673
0.0031735639722877103,Joy,Fear,0.03504615684325483
0.0031735639722877103,Joy,Happiness,0.07834217847346063
0.0031735639722877103,Joy,Joy,0.3851152746457218
0.0031735639722877103,Joy,Pride,0.2796336958792571
0.0031735639722877103,Joy,Sadness,0.012973432555017463
0.0031735639722877103,Joy,Shame,0.20114248426242112
0.0031735639722877103,Pride,Boredom,0.012377885312517468
0.0031735639722877103,Pride,Fear,0.020731337795670563
0.0031735639722877103,Pride,Happiness,0.16501019479870202
0.0031735639722877103,Pride,Joy,0.32093408748246083
0.0031735639722877103,Pride,Pride,0.2622089472971193
0.0031735639722877103,Pride,Sadness,0.01670284356716204
0.0031735639722877103,Pride,Shame,0.2020347037463677
0.0031735639722877103,Sadness,Boredom,0.007804858993583116
0.0031735639722877103,Sadness,Fear,0.28600538606235243
0.0031735639722877103,Sadness,Happiness,0.014472183435514754
0.0031735639722877103,Sadness,Joy,0.00678546249171827
0.0031735639722877103,Sadness,Pride,0.010698062257440417
0.0031735639722877103,Sadness,Sadness,0.6003999101707247
0.0031735639722877103,Sadness,Shame,0.07383413658866632
0.0031735639722877103,Shame,Boredom,0.002824000538652586
0.0031735639722877103,Shame,Fear,0.6577825601724997
0.0031735639722877103,Shame,Happiness,0.0074834674153539905
0.0031735639722877103,Shame,Joy,0.034724355417404124
0.0031735639722877103,Shame,Pride,0.023038469156303285
0.0031735639722877103,Shame,Sadness,0.14686371013544688
0.0031735639722877103,Shame,Shame,0.12728343716433946
0.002844076428372344,Boredom,Boredom,0.45822842570665506
0.002844076428372344,Boredom,Fear,0.013895169826213251
0.002844076428372344,Boredom,Happiness,0.29479351983196295
0.002844076428372344,Boredom,Joy,0.03687308365783441
0.002844076428372344,Boredom,Pride,0.07814560473741891
0.002844076428372344,Boredom,Sadness,0.024947492369087335
0.002844076428372344,Boredom,Shame,0.09311670387082802
0.002844076428372344,Fear,Boredom,0.006879667232290898
0.002844076428372344,Fear,Fear,0.3991766007099452
0.002844076428372344,Fear,Happiness,0.02112074053869368
0.002844076428372344,Fear,Joy,0.04334133783465501
0.002844076428372344,Fear,Pride,0.030819649473848857
0.002844076428372344,Fear,Sadness,0.31240391693807634
0.002844076428372344,Fear,Shame,0.18625808727249002
0.002844076428372344,Happiness,Boredom,0.14650611307310243
0.002844076428372344,Happiness,Fear,0.01333150897452339
0.002844076428372344,Happiness,Happiness,0.2700343325539496
0.002844076428372344,Happiness,Joy,0.1027978147292671
0.002844076428372344,Happiness,Pride,0.24723527245712462
0.002844076428372344,Happiness,Sadness,0.02163941950302831
0.002844076428372344,Happiness,Shame,0.19845553870900462
0.002844076428372344,Joy,Boredom,0.01200272378829818
0.002844076428372344,Joy,Fear,0.042998113876778474
0.002844076428372344,Joy,Happiness,0.12084699257354588
0.002844076428372344,Joy,Joy,0.31565433193946707
0.002844076428372344,Joy,Pride,0.26864009813858303
0.002844076428372344,Joy,Sadness,0.022640328844454438
0.002844076428372344,Joy,Shame,0.21721741083887278
0.002844076428372344,Pride,Boredom,0.017440933535111013
0.002844076428372344,Pride,Fear,0.028285146430790244
0.002844076428372344,Pride,Happiness,0.168369028651879
0.002844076428372344,Pride,Joy,0.2859855454876037
0.002844076428372344,Pride,Pride,0.26268450009025296
0.002844076428372344,Pride,Sadness,0.02389471912379502
0.002844076428372344,Pride,Shame,0.21334012668056757
0.002844076428372344,Sadness,Boredom,0.01890750601831834
0.002844076428372344,Sadness,Fear,0.2635310991519444
0.002844076428372344,Sadness,Happiness,0.03282530363434018
0.002844076428372344,Sadness,Joy,0.023997978218124667
0.002844076428372344,Sadness,Pride,0.029577289513342774
0.002844076428372344,Sadness,Sadness,0.4524952406207195
0.002844076428372344,Sadness,Shame,0.17866558284320977
0.002844076428372344,Shame,Boredom,0.008712040649021218
0.002844076428372344,Shame,Fear,0.37211804909254076
0.002844076428372344,Shame,Happiness,0.025955442766835875
0.002844076428372344,Shame,Joy,0.06620044768012857
0.002844076428372344,Shame,Pride,0.038219959620705624
0.002844076428372344,Shame,Sadness,0.2800728254520547
0.002844076428372344,Shame,Shame,0.20872123473871346
0.003123817320073965,Boredom,Boredom,0.519782922639964
0.003123817320073965,Boredom,Fear,0.007713174943546725
0.003123817320073965,Boredom,Happiness,0.3222026564453776
0.003123817320073965,Boredom,Joy,0.018838721407198732
0.003123817320073965,Boredom,Pride,0.06431055996997648
0.003123817320073965,Boredom,Sadness,0.016535175822314736
0.003123817320073965,Boredom,Shame,0.05061678877162141
0.003123817320073965,Fear,Boredom,0.0029363367426748993
0.003123817320073965,Fear,Fear,0.5480926140289806
0.003123817320073965,Fear,Happiness,0.012252347682057699
0.003123817320073965,Fear,Joy,0.03216855130210497
0.003123817320073965,Fear,Pride,0.01912019032252085
0.003123817320073965,Fear,Sadness,0.2608489419630057
0.003123817320073965,Fear,Shame,0.12458101795865546
0.003123817320073965,Happiness,Boredom,0.1800770141477445
0.003123817320073965,Happiness,Fear,0.011194720412976512
0.003123817320073965,Happiness,Happiness,0.319952804142081
0.003123817320073965,Happiness,Joy,0.07493982083141595
0.003123817320073965,Happiness,Pride,0.24011285420170814
0.003123817320073965,Happiness,Sadness,0.019163591039833474
0.003123817320073965,Happiness,Shame,0.1545591952242403
0.003123817320073965,Joy,Boredom,0.010651517711239964
0.003123817320073965,Joy,Fear,0.040567095319594515
0.003123817320073965,Joy,Happiness,0.11908652090579416
0.003123817320073965,Joy,Joy,0.3462966179161623
0.003123817320073965,Joy,Pride,0.2675654881297595
0.003123817320073965,Joy,Sadness,0.02020904225246205
0.003123817320073965,Joy,Shame,0.19562371776498746
0.003123817320073965,Pride,Boredom,0.01588019425568133
0.003123817320073965,Pride,Fear,0.027033169952443165
0.003123817320073965,Pride,Happiness,0.1963936226070728
0.003123817320073965,Pride,Joy,0.2878055731930357
0.003123817320073965,Pride,Pride,0.2581660230129863
0.003123817320073965,Pride,Sadness,0.02213898382238308
0.003123817320073965,Pride,Shame,0.1925824331563977
0.003123817320073965,Sadness,Boredom,0.010759067534398795
0.003123817320073965,Sadness,Fear,0.3249724112957832
0.003123817320073965,Sadness,Happiness,0.02470225662764425
0.003123817320073965,Sadness,Joy,0.013975366185463172
0.003123817320073965,Sadness,Pride,0.01847587807214776
0.003123817320073965,Sadness,Sadness,0.4875335560887917
0.003123817320073965,Sadness,Shame,0.11958146419577087
0.003123817320073965,Shame,Boredom,0.004960068928313182
0.003123817320073965,Shame,Fear,0.5016414218375469
0.003123817320073965,Shame,Happiness,0.018199927012361186
0.003123817320073965,Shame,Joy,0.052817682967793406
0.003123817320073965,Shame,Pride,0.031399616413088305
0.003123817320073965,Shame,Sadness,0.23053560304539802
0.003123817320073965,Shame,Shame,0.160445679795499
0.003193140930522589,Boredom,Boredom,0.46131648700642547
0.003193140930522589,Boredom,Fear,0.009850214595729734
0.003193140930522589,Boredom,Happiness,0.32232242727191124
0.003193140930522589,Boredom,Joy,0.02482889267677786
0.003193140930522589,Boredom,Pride,0.07958489274672562
0.003193140930522589,Boredom,Sadness,0.024561695358297407
0.003193140930522589,Boredom,Shame,0.07753539034413306
0.003193140930522589,Fear,Boredom,0.0047113125320567655
0.003193140930522589,Fear,Fear,0.4112808544256357
0.003193140930522589,Fear,Happiness,0.013041856764666838
0.003193140930522589,Fear,Joy,0.044010041260058225
0.003193140930522589,Fear,Pride,0.03043139249550545
0.003193140930522589,Fear,Sadness,0.30270775848308434
0.003193140930522589,Fear,Shame,0.19381678403899286
0.003193140930522589,Happiness,Boredom,0.16078718507295534
0.003193140930522589,Happiness,Fear,0.007220455272383667
0.003193140930522589,Happiness,Happiness,0.28398701044377606
0.003193140930522589,Happiness,Joy,0.07308264481868884
0.003193140930522589,Happiness,Pride,0.24240205632349274
0.003193140930522589,Happiness,Sadness,0.016050873523275937
0.003193140930522589,Happiness,Shame,0.21646977454542757
0.003193140930522589,Joy,Boredom,0.00758533828932414
0.003193140930522589,Joy,Fear,0.035850043757888736
0.003193140930522589,Joy,Happiness,0.07753270093620211
0.003193140930522589,Joy,Joy,0.3191722385905818
0.003193140930522589,Joy,Pride,0.28280804714776514
0.003193140930522589,Joy,Sadness,0.0196230384467317
0.003193140930522589,Joy,Shame,0.25742859283150615
0.003193140930522589,Pride,Boredom,0.011036237897107596
0.003193140930522589,Pride,Fear,0.022836264720766962
0.003193140930522589,Pride,Happiness,0.11705590811161952
0.003193140930522589,Pride,Joy,0.29658411725178113
0.003193140930522589,Pride,Pride,0.2738457944739566
0.003193140930522589,Pride,Sadness,0.022544811459052662
0.003193140930522589,Pride,Shame,0.25609686608571514
0.003193140930522589,Sadness,Boredom,0.011559087185299908
0.003193140930522589,Sadness,Fear,0.16440086364123602
0.003193140930522589,Sadness,Happiness,0.02479996560044966
0.003193140930522589,Sadness,Joy,0.02126477350858318
0.003193140930522589,Sadness,Pride,0.028278103890496526
0.003193140930522589,Sadness,Sadness,0.5653084102983238
0.003193140930522589,Sadness,Shame,0.18438879587561108
0.003193140930522589,Shame,Boredom,0.00705354849000657
0.003193140930522589,Shame,Fear,0.3740495312350376
0.003193140930522589,Shame,Happiness,0.017896307409269528
0.003193140930522589,Shame,Joy,0.0666628281745173
0.003193140930522589,Shame,Pride,0.0432682009045267
0.003193140930522589,Shame,Sadness,0.2550508735281574
0.003193140930522589,Shame,Shame,0.2360187102584851
0.003216024310474462,Boredom,Boredom,0.5006587828232633
0.003216024310474462,Boredom,Fear,0.008144775452791912
0.003216024310474462,Boredom,Happiness,0.3274103231277379
0.003216024310474462,Boredom,Joy,0.01914029782946373
0.003216024310474462,Boredom,Pride,0.06831582070635317
0.003216024310474462,Boredom,Sadness,0.019064383970150558
0.003216024310474462,Boredom,Shame,0.05726561609023929
0.003216024310474462,Fear,Boredom,0.003153664493202468
0.003216024310474462,Fear,Fear,0.5211895861902169
0.003216024310474462,Fear,Happiness,0.011417491255112785
0.003216024310474462,Fear,Joy,0.03447432812584374
0.003216024310474462,Fear,Pride,0.021479621354290265
0.003216024310474462,Fear,Sadness,0.26652594807341323
0.003216024310474462,Fear,Shame,0.1417593605079206
0.003216024310474462,Happiness,Boredom,0.17382576783433232
0.003216024310474462,Happiness,Fear,0.010171462836842747
0.003216024310474462,Happiness,Happiness,0.3153536931073379
0.003216024310474462,Happiness,Joy,0.07026296480654767
0.003216024310474462,Happiness,Pride,0.24270463588876195
0.003216024310474462,Happiness,Sadness,0.018630906339000407
0.003216024310474462,Happiness,Shame,0.16905056918717712
0.003216024310474462,Joy,Boredom,0.009491277315733057
0.003216024310474462,Joy,Fear,0.039685866140416165
0.003216024310474462,Joy,Happiness,0.0937981471807033
0.003216024310474462,Joy,Joy,0.34308176612474517
0.003216024310474462,Joy,Pride,0.2757981229008202
0.003216024310474462,Joy,Sadness,0.020688823527120488
0.003216024310474462,Joy,Shame,0.2174559968104619
0.003216024310474462,Pride,Boredom,0.013547281950592526
0.003216024310474462,Pride,Fear,0.02567820004198672
0.003216024310474462,Pride,Happiness,0.15974399533154895
0.003216024310474462,Pride,Joy,0.30306454711806535
0.003216024310474462,Pride,Pride,0.26294448384867997
0.003216024310474462,Pride,Sadness,0.022535995681293778
0.003216024310474462,Pride,Shame,0.21248549602783226
0.003216024310474462,Sadness,Boredom,0.009422129793396945
0.003216024310474462,Sadness,Fear,0.26195292111905827
0.003216024310474462,Sadness,Happiness,0.022850120792459738
0.003216024310474462,Sadness,Joy,0.014559783715958343
0.003216024310474462,Sadness,Pride,0.019330549984192393
0.003216024310474462,Sadness,Sadness,0.5401573054018662
0.003216024310474462,Sadness,Shame,0.13172718919306847
0.003216024310474462,Shame,Boredom,0.005285954962876009
0.003216024310474462,Shame,Fear,0.4751716217919436
0.003216024310474462,Shame,Happiness,0.016723110990562107
0.003216024310474462,Shame,Joy,0.055422636522161395
0.003216024310474462,Shame,Pride,0.03343583533038533
0.003216024310474462,Shame,Sadness,0.23244993541160971
0.003216024310474462,Shame,Shame,0.18151090499046174
0.0029836061248150136,Boredom,Boredom,0.4678155673314699
0.0029836061248150136,Boredom,Fear,0.01243792724832637
0.0029836061248150136,Boredom,Happiness,0.3015177158763357
0.0029836061248150136,Boredom,Joy,0.033381320709515466
0.0029836061248150136,Boredom,Pride,0.07637376447656383
0.0029836061248150136,Boredom,Sadness,0.027354227076860502
0.0029836061248150136,Boredom,Shame,0.08111947728092812
0.0029836061248150136,Fear,Boredom,0.0059372235508745735
0.0029836061248150136,Fear,Fear,0.4107000987055818
0.0029836061248150136,Fear,Happiness,0.01963800867887764
0.0029836061248150136,Fear,Joy,0.044468504706408736
0.0029836061248150136,Fear,Pride,0.02996820439225464
0.0029836061248150136,Fear,Sadness,0.30818655071191586
0.0029836061248150136,Fear,Shame,0.1811014092540865
0.0029836061248150136,Happiness,Boredom,0.1520878078377516
0.0029836061248150136,Happiness,Fear,0.01241131160588266
0.0029836061248150136,Happiness,Happiness,0.2759746752990956
0.0029836061248150136,Happiness,Joy,0.09709690009813196
0.0029836061248150136,Happiness,Pride,0.24554492672108538
0.0029836061248150136,Happiness,Sadness,0.02082704423481098
0.0029836061248150136,Happiness,Shame,0.19605733420324237
0.0029836061248150136,Joy,Boredom,0.011056750395335506
0.0029836061248150136,Joy,Fear,0.04037272176299011
0.0029836061248150136,Joy,Happiness,0.11364768993653217
0.0029836061248150136,Joy,Joy,0.3209995794890122
0.0029836061248150136,Joy,Pride,0.27047006467396706
0.0029836061248150136,Joy,Sadness,0.02258506045101659
0.0029836061248150136,Joy,Shame,0.22086813329114643
0.0029836061248150136,Pride,Boredom,0.015912007580014098
0.0029836061248150136,Pride,Fear,0.02651452773070968
0.0029836061248150136,Pride,Happiness,0.16383350282547066
0.0029836061248150136,Pride,Joy,0.2912697103843909
0.0029836061248150136,Pride,Pride,0.2626601388932356
0.0029836061248150136,Pride,Sadness,0.0236448829971245
0.0029836061248150136,Pride,Shame,0.21616522958905465
0.0029836061248150136,Sadness,Boredom,0.016568793519694355
0.0029836061248150136,Sadness,Fear,0.2582063492779684
0.0029836061248150136,Sadness,Happiness,0.03142861316360076
0.0029836061248150136,Sadness,Joy,0.023033532423872995
0.0029836061248150136,Sadness,Pride,0.028375401192692273
0.0029836061248150136,Sadness,Sadness,0.46908321061628566
0.0029836061248150136,Sadness,Shame,0.17330409980588551
0.0029836061248150136,Shame,Boredom,0.008011732372896395
0.0029836061248150136,Shame,Fear,0.38179300257382714
0.0029836061248150136,Shame,Happiness,0.02486030068883861
0.0029836061248150136,Shame,Joy,0.06691945542314708
0.0029836061248150136,Shame,Pride,0.03831513357592983
0.0029836061248150136,Shame,Sadness,0.2732264764982638
0.0029836061248150136,Shame,Shame,0.20687389886709714
0.003132435483756464,Boredom,Boredom,0.505511813863326
0.003132435483756464,Boredom,Fear,0.007763122934943029
0.003132435483756464,Boredom,Happiness,0.32689567555978233
0.003132435483756464,Boredom,Joy,0.01851620600537477
0.003132435483756464,Boredom,Pride,0.06643187815795572
0.003132435483756464,Boredom,Sadness,0.019240951325990463
0.003132435483756464,Boredom,Shame,0.055640352152627595
0.003132435483756464,Fear,Boredom,0.0031167125932520284
0.003132435483756464,Fear,Fear,0.5168160108131514
0.003132435483756464,Fear,Happiness,0.011154243314531614
0.003132435483756464,Fear,Joy,0.034664584743393435
0.003132435483756464,Fear,Pride,0.02164271489776599
0.003132435483756464,Fear,Sadness,0.2685646729984287
0.003132435483756464,Fear,Shame,0.14404106063947691
0.003132435483756464,Happiness,Boredom,0.1836210150736996
0.003132435483756464,Happiness,Fear,0.009101157696535021
0.003132435483756464,Happiness,Happiness,0.3148707295020903
0.003132435483756464,Happiness,Joy,0.06823704531761589
0.003132435483756464,Happiness,Pride,0.23971759031406378
0.003132435483756464,Happiness,Sadness,0.016990928531031527
0.003132435483756464,Happiness,Shame,0.1674615335649635
0.003132435483756464,Joy,Boredom,0.009190310871531378
0.003132435483756464,Joy,Fear,0.03892135652235189
0.003132435483756464,Joy,Happiness,0.09428232526836959
0.003132435483756464,Joy,Joy,0.3438088786146433
0.003132435483756464,Joy,Pride,0.276006170919915
0.003132435483756464,Joy,Sadness,0.01998225813243999
0.003132435483756464,Joy,Shame,0.2178086996707488
0.003132435483756464,Pride,Boredom,0.013430725834795957
0.003132435483756464,Pride,Fear,0.025151566044754114
0.003132435483756464,Pride,Happiness,0.16156682075456558
0.003132435483756464,Pride,Joy,0.30068273225588055
0.003132435483756464,Pride,Pride,0.2639349747388266
0.003132435483756464,Pride,Sadness,0.02195726396343782
0.003132435483756464,Pride,Shame,0.21327591640773966
0.003132435483756464,Sadness,Boredom,0.009577369964982096
0.003132435483756464,Sadness,Fear,0.26364228579897997
0.003132435483756464,Sadness,Happiness,0.022652402483403687
0.003132435483756464,Sadness,Joy,0.014359557579756793
0.003132435483756464,Sadness,Pride,0.019369846917602487
0.003132435483756464,Sadness,Sadness,0.5372711490961285
0.003132435483756464,Sadness,Shame,0.13312738815914607
0.003132435483756464,Shame,Boredom,0.0052599496840024206
0.003132435483756464,Shame,Fear,0.4700347024249798
0.003132435483756464,Shame,Happiness,0.016494736086141402
0.003132435483756464,Shame,Joy,0.05607233898353128
0.003132435483756464,Shame,Pride,0.03419900605785085
0.003132435483756464,Shame,Sadness,0.23281338513218533
0.003132435483756464,Shame,Shame,0.1851258816313087
0.003061616504877148,Boredom,Boredom,0.4987172708700242
0.003061616504877148,Boredom,Fear,0.008956486342359137
0.003061616504877148,Boredom,Happiness,0.32177495585673677
0.003061616504877148,Boredom,Joy,0.021160576115024123
0.003061616504877148,Boredom,Pride,0.06756181554453765
0.003061616504877148,Boredom,Sadness,0.02242552433925089
0.003061616504877148,Boredom,Shame,0.05940337093206716
0.003061616504877148,Fear,Boredom,0.0037119521653364443
0.003061616504877148,Fear,Fear,0.4938360814517821
0.003061616504877148,Fear,Happiness,0.013802600683587607
0.003061616504877148,Fear,Joy,0.0362766333156286
0.003061616504877148,Fear,Pride,0.02345082128420558
0.003061616504877148,Fear,Sadness,0.2762280544265393
0.003061616504877148,Fear,Shame,0.15269385667292026
0.003061616504877148,Happiness,Boredom,0.17458717515458907
0.003061616504877148,Happiness,Fear,0.010762122972933722
0.003061616504877148,Happiness,Happiness,0.30764411583206147
0.003061616504877148,Happiness,Joy,0.07587407122274023
0.003061616504877148,Happiness,Pride,0.24107446988685585
0.003061616504877148,Happiness,Sadness,0.018822486503381804
0.003061616504877148,Happiness,Shame,0.17123555842743776
0.003061616504877148,Joy,Boredom,0.009950958475419427
0.003061616504877148,Joy,Fear,0.04002974745686414
0.003061616504877148,Joy,Happiness,0.10454431264521989
0.003061616504877148,Joy,Joy,0.33814026422624355
0.003061616504877148,Joy,Pride,0.2732022817413283
0.003061616504877148,Joy,Sadness,0.020977841498441844
0.003061616504877148,Joy,Shame,0.2131545939564829
0.003061616504877148,Pride,Boredom,0.014263525773895485
0.003061616504877148,Pride,Fear,0.026119215442636196
0.003061616504877148,Pride,Happiness,0.17098990342563797
0.003061616504877148,Pride,Joy,0.295563182545994
0.003061616504877148,Pride,Pride,0.2622409938743509
0.003061616504877148,Pride,Sadness,0.022552566089608147
0.003061616504877148,Pride,Shame,0.2082706128478772
0.003061616504877148,Sadness,Boredom,0.011342365810428627
0.003061616504877148,Sadness,Fear,0.27186869253601975
0.003061616504877148,Sadness,Happiness,0.025757812894626315
0.003061616504877148,Sadness,Joy,0.016676538691722136
0.003061616504877148,Sadness,Pride,0.021704390881610733
0.003061616504877148,Sadness,Sadness,0.5090418076422485
0.003061616504877148,Sadness,Shame,0.14360839154334404
0.003061616504877148,Shame,Boredom,0.005812305532042521
0.003061616504877148,Shame,Fear,0.4542797785243457
0.003061616504877148,Shame,Happiness,0.019151121022008877
0.003061616504877148,Shame,Joy,0.05745450432824438
0.003061616504877148,Shame,Pride,0.032443418527608556
0.003061616504877148,Shame,Sadness,0.24357054050625931
0.003061616504877148,Shame,Shame,0.18728833155949076
0.0030856131406251904,Boredom,Boredom,0.4752615501002886
0.0030856131406251904,Boredom,Fear,0.010910318240692104
0.0030856131406251904,Boredom,Happiness,0.31074518921969196
0.0030856131406251904,Boredom,Joy,0.02912011195338108
0.0030856131406251904,Boredom,Pride,0.0765483707962593
0.0030856131406251904,Boredom,Sadness,0.02516997512746318
0.0030856131406251904,Boredom,Shame,0.0722444845622241
0.0030856131406251904,Fear,Boredom,0.004966680464428237
0.0030856131406251904,Fear,Fear,0.4256572089740801
0.0030856131406251904,Fear,Happiness,0.01726487277866709
0.0030856131406251904,Fear,Joy,0.04366582648092701
0.0030856131406251904,Fear,Pride,0.028617404880657654
0.0030856131406251904,Fear,Sadness,0.3030788870818935
0.0030856131406251904,Fear,Shame,0.17674911933934653
0.0030856131406251904,Happiness,Boredom,0.16454442349931983
0.0030856131406251904,Happiness,Fear,0.010626772248673533
0.0030856131406251904,Happiness,Happiness,0.28165336417278997
0.0030856131406251904,Happiness,Joy,0.08752658913502162
0.0030856131406251904,Happiness,Pride,0.24261488689022315
0.0030856131406251904,Happiness,Sadness,0.019044941381463103
0.0030856131406251904,Happiness,Shame,0.1939890226725085
0.0030856131406251904,Joy,Boredom,0.009900695684901255
0.0030856131406251904,Joy,Fear,0.03939529382243403
0.0030856131406251904,Joy,Happiness,0.1043358792032769
0.0030856131406251904,Joy,Joy,0.32486350746684706
0.0030856131406251904,Joy,Pride,0.27311984184536253
0.0030856131406251904,Joy,Sadness,0.021928424193220095
0.0030856131406251904,Joy,Shame,0.2264563577839581
0.0030856131406251904,Pride,Boredom,0.014026549252307754
0.0030856131406251904,Pride,Fear,0.025718924397114644
0.0030856131406251904,Pride,Happiness,0.15656100584720462
0.0030856131406251904,Pride,Joy,0.29437640088817285
0.0030856131406251904,Pride,Pride,0.2641756270356649
0.0030856131406251904,Pride,Sadness,0.023286005678734373
0.0030856131406251904,Pride,Shame,0.22185548690080048
0.0030856131406251904,Sadness,Boredom,0.013256078661228207
0.0030856131406251904,Sadness,Fear,0.24954700733504617
0.0030856131406251904,Sadness,Happiness,0.028954752514304745
0.0030856131406251904,Sadness,Joy,0.021113854179406935
0.0030856131406251904,Sadness,Pride,0.026549790658562333
0.0030856131406251904,Sadness,Sadness,0.4925357991859681
0.0030856131406251904,Sadness,Shame,0.16804271746548324
0.0030856131406251904,Shame,Boredom,0.007136466444329712
0.0030856131406251904,Shame,Fear,0.39261637145402667
0.0030856131406251904,Shame,Happiness,0.022690655034493745
0.0030856131406251904,Shame,Joy,0.06616846188799476
0.0030856131406251904,Shame,Pride,0.03891397278453442
0.0030856131406251904,Shame,Sadness,0.26473962060247386
0.0030856131406251904,Shame,Shame,0.20773445179214714
0.0033500337221495542,Boredom,Boredom,0.5238131133093075
0.0033500337221495542,Boredom,Fear,0.00684657984235238
0.0033500337221495542,Boredom,Happiness,0.3287313120390342
0.0033500337221495542,Boredom,Joy,0.01550524896160702
0.0033500337221495542,Boredom,Pride,0.06270424077871666
0.0033500337221495542,Boredom,Sadness,0.01505294110845596
0.0033500337221495542,Boredom,Shame,0.04734656396052598
0.0033500337221495542,Fear,Boredom,0.0022241318069448767
0.0033500337221495542,Fear,Fear,0.594574962340924
0.0033500337221495542,Fear,Happiness,0.008182285903518723
0.0033500337221495542,Fear,Joy,0.02769158346028989
0.0033500337221495542,Fear,Pride,0.016277206164942083
0.0033500337221495542,Fear,Sadness,0.24288415006057137
0.0033500337221495542,Fear,Shame,0.10816568026280902
0.0033500337221495542,Happiness,Boredom,0.1775635351429668
0.0033500337221495542,Happiness,Fear,0.010179180440403428
0.0033500337221495542,Happiness,Happiness,0.3272218045885413
0.0033500337221495542,Happiness,Joy,0.06303218216678838
0.0033500337221495542,Happiness,Pride,0.2390616027273334
0.0033500337221495542,Happiness,Sadness,0.018689433033346255
0.0033500337221495542,Happiness,Shame,0.1642522619006202
0.0033500337221495542,Joy,Boredom,0.010296890275170563
0.0033500337221495542,Joy,Fear,0.041311467456638676
0.0033500337221495542,Joy,Happiness,0.08642501977806703
0.0033500337221495542,Joy,Joy,0.3602979537483227
0.0033500337221495542,Joy,Pride,0.27562589745276356
0.0033500337221495542,Joy,Sadness,0.020986775577993253
0.0033500337221495542,Joy,Shame,0.20505599571104424
0.0033500337221495542,Pride,Boredom,0.014193543139946101
0.0033500337221495542,Pride,Fear,0.02664436037504872
0.0033500337221495542,Pride,Happiness,0.15356377730029402
0.0033500337221495542,Pride,Joy,0.322179085909068
0.0033500337221495542,Pride,Pride,0.2610646543632855
0.0033500337221495542,Pride,Sadness,0.023012672827808403
0.0033500337221495542,Pride,Shame,0.19934190608454924
0.0033500337221495542,Sadness,Boredom,0.009420552641485353
0.0033500337221495542,Sadness,Fear,0.31289868805068716
0.0033500337221495542,Sadness,Happiness,0.020775552667038597
0.0033500337221495542,Sadness,Joy,0.010721144321111977
0.0033500337221495542,Sadness,Pride,0.015389354843509848
0.0033500337221495542,Sadness,Sadness,0.530514680375101
0.0033500337221495542,Sadness,Shame,0.10028002710106584
0.0033500337221495542,Shame,Boredom,0.004161620314711911
0.0033500337221495542,Shame,Fear,0.5409839049606693
0.0033500337221495542,Shame,Happiness,0.013146566617409369
0.0033500337221495542,Shame,Joy,0.047235689171835064
0.0033500337221495542,Shame,Pride,0.030475906403013755
0.0033500337221495542,Shame,Sadness,0.2138679400010705
0.0033500337221495542,Shame,Shame,0.15012837253128994
0.003085797351005908,Boredom,Boredom,0.4788390462999114
0.003085797351005908,Boredom,Fear,0.009969883346365756
0.003085797351005908,Boredom,Happiness,0.31593293668017824
0.003085797351005908,Boredom,Joy,0.026771035939237214
0.003085797351005908,Boredom,Pride,0.07620471825386865
0.003085797351005908,Boredom,Sadness,0.022247634499586198
0.003085797351005908,Boredom,Shame,0.07003474498085266
0.003085797351005908,Fear,Boredom,0.004530157998805101
0.003085797351005908,Fear,Fear,0.4331876815990917
0.003085797351005908,Fear,Happiness,0.015715723018228104
0.003085797351005908,Fear,Joy,0.04272536322264662
0.003085797351005908,Fear,Pride,0.02808979744323069
0.003085797351005908,Fear,Sadness,0.29927760631195344
0.003085797351005908,Fear,Shame,0.1764736704060443
0.003085797351005908,Happiness,Boredom,0.15990658539912989
0.003085797351005908,Happiness,Fear,0.009337606522860881
0.003085797351005908,Happiness,Happiness,0.28710629857067366
0.003085797351005908,Happiness,Joy,0.08356745358505922
0.003085797351005908,Happiness,Pride,0.24460993044098728
0.003085797351005908,Happiness,Sadness,0.01787464260776726
0.003085797351005908,Happiness,Shame,0.19759748287352183
0.003085797351005908,Joy,Boredom,0.008913107105596979
0.003085797351005908,Joy,Fear,0.03776748065206688
0.003085797351005908,Joy,Happiness,0.09813927378662929
0.003085797351005908,Joy,Joy,0.3254647473156365
0.003085797351005908,Joy,Pride,0.2758032359535261
0.003085797351005908,Joy,Sadness,0.020373018315392535
0.003085797351005908,Joy,Shame,0.23353913687115158
0.003085797351005908,Pride,Boredom,0.012753675073867324
0.003085797351005908,Pride,Fear,0.02446289193732604
0.003085797351005908,Pride,Happiness,0.15114814027319826
0.003085797351005908,Pride,Joy,0.29316771129159336
0.003085797351005908,Pride,Pride,0.26649891896525824
0.003085797351005908,Pride,Sadness,0.022163540255762636
0.003085797351005908,Pride,Shame,0.22980512220299443
0.003085797351005908,Sadness,Boredom,0.01127192597775353
0.003085797351005908,Sadness,Fear,0.2409223550639332
0.003085797351005908,Sadness,Happiness,0.027012871263203415
0.003085797351005908,Sadness,Joy,0.019752250262853877
0.003085797351005908,Sadness,Pride,0.025406155232603787
0.003085797351005908,Sadness,Sadness,0.5091814890833227
0.003085797351005908,Sadness,Shame,0.16645295311632907
0.003085797351005908,Shame,Boredom,0.006774927844926291
0.003085797351005908,Shame,Fear,0.39450394512792736
0.003085797351005908,Shame,Happiness,0.021424767722067275
0.003085797351005908,Shame,Joy,0.06570998942853827
0.003085797351005908,Shame,Pride,0.041715133044159504
0.003085797351005908,Shame,Sadness,0.25672640035463834
0.003085797351005908,Shame,Shame,0.2131448364777434
0.003195400736379455,Boredom,Boredom,0.48130978942244257
0.003195400736379455,Boredom,Fear,0.010017942717681349
0.003195400736379455,Boredom,Happiness,0.3177826038787302
0.003195400736379455,Boredom,Joy,0.02484002492393801
0.003195400736379455,Boredom,Pride,0.07578137109803454
0.003195400736379455,Boredom,Sadness,0.02234809377114533
0.003195400736379455,Boredom,Shame,0.0679201741880282
0.003195400736379455,Fear,Boredom,0.004294699223757732
0.003195400736379455,Fear,Fear,0.4425893653974825
0.003195400736379455,Fear,Happiness,0.014781197594931367
0.003195400736379455,Fear,Joy,0.04170087131131934
0.003195400736379455,Fear,Pride,0.02703555175089709
0.003195400736379455,Fear,Sadness,0.29930501693130707
0.003195400736379455,Fear,Shame,0.17029329779030486
0.003195400736379455,Happiness,Boredom,0.16723031861040624
0.003195400736379455,Happiness,Fear,0.009998637662499817
0.003195400736379455,Happiness,Happiness,0.2922605126858917
0.003195400736379455,Happiness,Joy,0.07926922100640381
0.003195400736379455,Happiness,Pride,0.24489670419684417
0.003195400736379455,Happiness,Sadness,0.01846837515448705
0.003195400736379455,Happiness,Shame,0.1878762306834671
0.003195400736379455,Joy,Boredom,0.009224840119843467
0.003195400736379455,Joy,Fear,0.038959575210819615
0.003195400736379455,Joy,Happiness,0.09477302623432916
0.003195400736379455,Joy,Joy,0.32869830952722223
0.003195400736379455,Joy,Pride,0.2763381928126293
0.003195400736379455,Joy,Sadness,0.021453735966332398
0.003195400736379455,Joy,Shame,0.2305523201288235
0.003195400736379455,Pride,Boredom,0.012966268585596045
0.003195400736379455,Pride,Fear,0.0253769525620426
0.003195400736379455,Pride,Happiness,0.1484786640474015
0.003195400736379455,Pride,Joy,0.2981302161009751
0.003195400736379455,Pride,Pride,0.2661970659998315
0.003195400736379455,Pride,Sadness,0.02309865095720319
0.003195400736379455,Pride,Shame,0.2257521817469495
0.003195400736379455,Sadness,Boredom,0.010623534747243823
0.003195400736379455,Sadness,Fear,0.23883780754319964
0.003195400736379455,Sadness,Happiness,0.026049885752891088
0.003195400736379455,Sadness,Joy,0.01895206226979432
0.003195400736379455,Sadness,Pride,0.024285610468832625
0.003195400736379455,Sadness,Sadness,0.5222512202918512
0.003195400736379455,Sadness,Shame,0.15899987892618728
0.003195400736379455,Shame,Boredom,0.006471536828497115
0.003195400736379455,Shame,Fear,0.4051026373354556
0.003195400736379455,Shame,Happiness,0.020165569487132474
0.003195400736379455,Shame,Joy,0.06395909242942328
0.003195400736379455,Shame,Pride,0.04014064994087652
0.003195400736379455,Shame,Sadness,0.258297277192104
0.003195400736379455,Shame,Shame,0.20586323678651078
0.003325071614487863,Boredom,Boredom,0.5241600801143644
0.003325071614487863,Boredom,Fear,0.004692612298576419
0.003325071614487863,Boredom,Happiness,0.34008124757826586
0.003325071614487863,Boredom,Joy,0.013192518680543908
0.003325071614487863,Boredom,Pride,0.05968049830798654
0.003325071614487863,Boredom,Sadness,0.012759195142439249
0.003325071614487863,Boredom,Shame,0.04543384787782325
0.003325071614487863,Fear,Boredom,0.0017370900830107788
0.003325071614487863,Fear,Fear,0.5958823038906113
0.003325071614487863,Fear,Happiness,0.005044326413927615
0.003325071614487863,Fear,Joy,0.02616885483916216
0.003325071614487863,Fear,Pride,0.016682872915565035
0.003325071614487863,Fear,Sadness,0.24157054069398987
0.003325071614487863,Fear,Shame,0.1129140111637332
0.003325071614487863,Happiness,Boredom,0.1746743123164925
0.003325071614487863,Happiness,Fear,0.0055238348808629425
0.003325071614487863,Happiness,Happiness,0.33805537591861434
0.003325071614487863,Happiness,Joy,0.05565926922116272
0.003325071614487863,Happiness,Pride,0.23803627285662635
0.003325071614487863,Happiness,Sadness,0.012071159481618398
0.003325071614487863,Happiness,Shame,0.17597977532462275
0.003325071614487863,Joy,Boredom,0.007247284216513013
0.003325071614487863,Joy,Fear,0.03493323796007903
0.003325071614487863,Joy,Happiness,0.07084757982212703
0.003325071614487863,Joy,Joy,0.3543855788541153
0.003325071614487863,Joy,Pride,0.28287122989830094
0.003325071614487863,Joy,Sadness,0.013561446756639336
0.003325071614487863,Joy,Shame,0.2361536424922252
0.003325071614487863,Pride,Boredom,0.011189029181238793
0.003325071614487863,Pride,Fear,0.0225359783938798
0.003325071614487863,Pride,Happiness,0.09554354411069305
0.003325071614487863,Pride,Joy,0.326531169651253
0.003325071614487863,Pride,Pride,0.2786348999368586
0.003325071614487863,Pride,Sadness,0.020351349684064664
0.003325071614487863,Pride,Shame,0.24521402904201212
0.003325071614487863,Sadness,Boredom,0.007083303619612207
0.003325071614487863,Sadness,Fear,0.2350311456730766
0.003325071614487863,Sadness,Happiness,0.014232101690945784
0.003325071614487863,Sadness,Joy,0.007705036925091106
0.003325071614487863,Sadness,Pride,0.013929179522160058
0.003325071614487863,Sadness,Sadness,0.6249694616188579
0.003325071614487863,Sadness,Shame,0.0970497709502561
0.003325071614487863,Shame,Boredom,0.003918753025764884
0.003325071614487863,Shame,Fear,0.5285016126355289
0.003325071614487863,Shame,Happiness,0.009870507981268447
0.003325071614487863,Shame,Joy,0.04711151961540993
0.003325071614487863,Shame,Pride,0.037370123569031466
0.003325071614487863,Shame,Sadness,0.1960462080404868
0.003325071614487863,Shame,Shame,0.1771812751325094
0.0031174664353007613,Boredom,Boredom,0.4800210148800199
0.0031174664353007613,Boredom,Fear,0.009544241754541279
0.0031174664353007613,Boredom,Happiness,0.3186760274091218
0.0031174664353007613,Boredom,Joy,0.025177469459187755
0.0031174664353007613,Boredom,Pride,0.07544536688631541
0.0031174664353007613,Boredom,Sadness,0.0220280920561213
0.0031174664353007613,Boredom,Shame,0.06910778755469212
0.0031174664353007613,Fear,Boredom,0.004294490280189582
0.0031174664353007613,Fear,Fear,0.43912760621610647
0.0031174664353007613,Fear,Happiness,0.014486078736819933
0.0031174664353007613,Fear,Joy,0.04167571276631608
0.0031174664353007613,Fear,Pride,0.027595334655652035
0.0031174664353007613,Fear,Sadness,0.2969923782916461
0.0031174664353007613,Fear,Shame,0.17582839905326972
0.0031174664353007613,Happiness,Boredom,0.1566639726944204
0.0031174664353007613,Happiness,Fear,0.00891107322405731
0.0031174664353007613,Happiness,Happiness,0.291001806164998
0.0031174664353007613,Happiness,Joy,0.08084817980642921
0.0031174664353007613,Happiness,Pride,0.2458712723513708
0.0031174664353007613,Happiness,Sadness,0.017655779485570237
0.0031174664353007613,Happiness,Shame,0.19904791627315366
0.0031174664353007613,Joy,Boredom,0.00859303286217616
0.0031174664353007613,Joy,Fear,0.03734095125638755
0.0031174664353007613,Joy,Happiness,0.09386154486030499
0.0031174664353007613,Joy,Joy,0.32586598839540626
0.0031174664353007613,Joy,Pride,0.2767395695903743
0.0031174664353007613,Joy,Sadness,0.019927524211855268
0.0031174664353007613,Joy,Shame,0.2376713888234954
0.0031174664353007613,Pride,Boredom,0.012362369899137502
0.0031174664353007613,Pride,Fear,0.023963279396428484
0.0031174664353007613,Pride,Happiness,0.1468291395664023
0.0031174664353007613,Pride,Joy,0.2934259223786781
0.0031174664353007613,Pride,Pride,0.2672209146669993
0.0031174664353007613,Pride,Sadness,0.021973552001813036
0.0031174664353007613,Pride,Shame,0.23422482209054168
0.0031174664353007613,Sadness,Boredom,0.010565396924248127
0.0031174664353007613,Sadness,Fear,0.2370799479432749
0.0031174664353007613,Sadness,Happiness,0.025853626503293377
0.0031174664353007613,Sadness,Joy,0.01899209969168769
0.0031174664353007613,Sadness,Pride,0.024837580829625196
0.0031174664353007613,Sadness,Sadness,0.5168957530895505
0.0031174664353007613,Sadness,Shame,0.16577559501832093
0.0031174664353007613,Shame,Boredom,0.00655462351387463
0.0031174664353007613,Shame,Fear,0.39803520292402833
0.0031174664353007613,Shame,Happiness,0.020117451579824638
0.0031174664353007613,Shame,Joy,0.06443671479760542
0.0031174664353007613,Shame,Pride,0.04196646976049236
0.0031174664353007613,Shame,Sadness,0.2534202161351971
0.0031174664353007613,Shame,Shame,0.2154693212889776
0.003184202958795457,Boredom,Boredom,0.4813706930661618
0.003184202958795457,Boredom,Fear,0.009964544968938475
0.003184202958795457,Boredom,Happiness,0.3180879232319802
0.003184202958795457,Boredom,Joy,0.024713843109937926
0.003184202958795457,Boredom,Pride,0.0752345276180817
0.003184202958795457,Boredom,Sadness,0.023005335702422226
0.003184202958795457,Boredom,Shame,0.06762313230247743
0.003184202958795457,Fear,Boredom,0.004252080311934137
0.003184202958795457,Fear,Fear,0.44146490303291597
0.003184202958795457,Fear,Happiness,0.014584767564750524
0.003184202958795457,Fear,Joy,0.04157713944514104
0.003184202958795457,Fear,Pride,0.027126464013910234
0.003184202958795457,Fear,Sadness,0.2993690629901566
0.003184202958795457,Fear,Shame,0.17162558264119132
0.003184202958795457,Happiness,Boredom,0.16628832825942994
0.003184202958795457,Happiness,Fear,0.01002080069741503
0.003184202958795457,Happiness,Happiness,0.29313032604967487
0.003184202958795457,Happiness,Joy,0.07953404725442428
0.003184202958795457,Happiness,Pride,0.24517008378132318
0.003184202958795457,Happiness,Sadness,0.018539667843839338
0.003184202958795457,Happiness,Shame,0.18731674611389335
0.003184202958795457,Joy,Boredom,0.00915649815752868
0.003184202958795457,Joy,Fear,0.038864096661297115
0.003184202958795457,Joy,Happiness,0.09455625555931087
0.003184202958795457,Joy,Joy,0.3286014701888188
0.003184202958795457,Joy,Pride,0.27657534660043
0.003184202958795457,Joy,Sadness,0.02152762076607084
0.003184202958795457,Joy,Shame,0.2307187120665436
0.003184202958795457,Pride,Boredom,0.012897335486504222
0.003184202958795457,Pride,Fear,0.025397791715198
0.003184202958795457,Pride,Happiness,0.1482932829386897
0.003184202958795457,Pride,Joy,0.2975358967298562
0.003184202958795457,Pride,Pride,0.2665790498998298
0.003184202958795457,Pride,Sadness,0.02324113006718812
0.003184202958795457,Pride,Shame,0.22605551316273328
0.003184202958795457,Sadness,Boredom,0.010635283578666022
0.003184202958795457,Sadness,Fear,0.2385046766849652
0.003184202958795457,Sadness,Happiness,0.025995000225958315
0.003184202958795457,Sadness,Joy,0.01901438435746094
0.003184202958795457,Sadness,Pride,0.02444894346182454
0.003184202958795457,Sadness,Sadness,0.5205976058638904
0.003184202958795457,Sadness,Shame,0.16080410582723464
0.003184202958795457,Shame,Boredom,0.0063837250978652435
0.003184202958795457,Shame,Fear,0.4040726230175734
0.003184202958795457,Shame,Happiness,0.0198656497778747
0.003184202958795457,Shame,Joy,0.06367358836412079
0.003184202958795457,Shame,Pride,0.04023804855187652
0.003184202958795457,Shame,Sadness,0.2586571070630295
0.003184202958795457,Shame,Shame,0.20710925812765996
0.0032156219889539336,Boredom,Boredom,0.5192316058629173
0.0032156219889539336,Boredom,Fear,0.007488950041035917
0.0032156219889539336,Boredom,Happiness,0.3266943961738064
0.0032156219889539336,Boredom,Joy,0.01710703022271012
0.0032156219889539336,Boredom,Pride,0.06376154422825264
0.0032156219889539336,Boredom,Sadness,0.016413168634242664
0.0032156219889539336,Boredom,Shame,0.049303304837034795
0.0032156219889539336,Fear,Boredom,0.0026643156974260544
0.0032156219889539336,Fear,Fear,0.56461184855505
0.0032156219889539336,Fear,Happiness,0.010777565027616854
0.0032156219889539336,Fear,Joy,0.030625514613831912
0.0032156219889539336,Fear,Pride,0.01794965051141298
0.0032156219889539336,Fear,Sadness,0.25468535694088884
0.0032156219889539336,Fear,Shame,0.11868574865377352
0.0032156219889539336,Happiness,Boredom,0.19025382354599993
0.0032156219889539336,Happiness,Fear,0.010701516826455836
0.0032156219889539336,Happiness,Happiness,0.322888488099266
0.0032156219889539336,Happiness,Joy,0.06850019628545675
0.0032156219889539336,Happiness,Pride,0.2381187200119252
0.0032156219889539336,Happiness,Sadness,0.01871693199486914
0.0032156219889539336,Happiness,Shame,0.15082032323602731
0.0032156219889539336,Joy,Boredom,0.010432984203513412
0.0032156219889539336,Joy,Fear,0.04061501258464724
0.0032156219889539336,Joy,Happiness,0.10695716873177037
0.0032156219889539336,Joy,Joy,0.3538497039329338
0.0032156219889539336,Joy,Pride,0.27063997756244385
0.0032156219889539336,Joy,Sadness,0.02095028111927059
0.0032156219889539336,Joy,Shame,0.19655487186542084
0.0032156219889539336,Pride,Boredom,0.015476444732826654
0.0032156219889539336,Pride,Fear,0.026973450727445974
0.0032156219889539336,Pride,Happiness,0.18853510440956203
0.0032156219889539336,Pride,Joy,0.29623985003699643
0.0032156219889539336,Pride,Pride,0.25841457808897006
0.0032156219889539336,Pride,Sadness,0.022465719457157977
0.0032156219889539336,Pride,Shame,0.19189485254704047
0.0032156219889539336,Sadness,Boredom,0.010344468664731103
0.0032156219889539336,Sadness,Fear,0.32173872912706514
0.0032156219889539336,Sadness,Happiness,0.023463335830628755
0.0032156219889539336,Sadness,Joy,0.012935644089420778
0.0032156219889539336,Sadness,Pride,0.017434680817031385
0.0032156219889539336,Sadness,Sadness,0.5002050011205296
0.0032156219889539336,Sadness,Shame,0.11387814035059297
0.0032156219889539336,Shame,Boredom,0.004639134970225445
0.0032156219889539336,Shame,Fear,0.5174605032338049
0.0032156219889539336,Shame,Happiness,0.01625963002696677
0.0032156219889539336,Shame,Joy,0.05060678566455857
0.0032156219889539336,Shame,Pride,0.029474733475785
0.0032156219889539336,Shame,Sadness,0.2259557981210899
0.0032156219889539336,Shame,Shame,0.1556034145075696
0.003209020105018373,Boredom,Boredom,0.5283500406372069
0.003209020105018373,Boredom,Fear,0.0061575794302125035
0.003209020105018373,Boredom,Happiness,0.32925825628030003
0.003209020105018373,Boredom,Joy,0.01504323862202067
0.003209020105018373,Boredom,Pride,0.0606524820571146
0.003209020105018373,Boredom,Sadness,0.01420646516236108
0.003209020105018373,Boredom,Shame,0.046331937810784304
0.003209020105018373,Fear,Boredom,0.0021044952449975228
0.003209020105018373,Fear,Fear,0.593633695737395
0.003209020105018373,Fear,Happiness,0.008290739147003864
0.003209020105018373,Fear,Joy,0.027608437245968256
0.003209020105018373,Fear,Pride,0.016144956118561038
0.003209020105018373,Fear,Sadness,0.2458301598380056
0.003209020105018373,Fear,Shame,0.10638751666806863
0.003209020105018373,Happiness,Boredom,0.18749075221973638
0.003209020105018373,Happiness,Fear,0.008407916328649583
0.003209020105018373,Happiness,Happiness,0.32738797324804214
0.003209020105018373,Happiness,Joy,0.06385252908363247
0.003209020105018373,Happiness,Pride,0.2358071675693564
0.003209020105018373,Happiness,Sadness,0.016127147861167836
0.003209020105018373,Happiness,Shame,0.1609265136894153
0.003209020105018373,Joy,Boredom,0.009467768973809793
0.003209020105018373,Joy,Fear,0.03879459314558036
0.003209020105018373,Joy,Happiness,0.09630188919173083
0.003209020105018373,Joy,Joy,0.36035511917823115
0.003209020105018373,Joy,Pride,0.2723471136092705
0.003209020105018373,Joy,Sadness,0.017884747071916767
0.003209020105018373,Joy,Shame,0.20484876882946054
0.003209020105018373,Pride,Boredom,0.014324194395991023
0.003209020105018373,Pride,Fear,0.02477870049389908
0.003209020105018373,Pride,Happiness,0.17900897115057826
0.003209020105018373,Pride,Joy,0.3018719096703515
0.003209020105018373,Pride,Pride,0.2586068763632858
0.003209020105018373,Pride,Sadness,0.020142836224767337
0.003209020105018373,Pride,Shame,0.20126651170112672
0.003209020105018373,Sadness,Boredom,0.00981918610102534
0.003209020105018373,Sadness,Fear,0.32077310555817257
0.003209020105018373,Sadness,Happiness,0.020962235874729906
0.003209020105018373,Sadness,Joy,0.011093083689528677
0.003209020105018373,Sadness,Pride,0.015683454709355903
0.003209020105018373,Sadness,Sadness,0.5212319882183196
0.003209020105018373,Sadness,Shame,0.10043694584886768
0.003209020105018373,Shame,Boredom,0.00415497768679627
0.003209020105018373,Shame,Fear,0.5365235176599791
0.003209020105018373,Shame,Happiness,0.014062148567896768
0.003209020105018373,Shame,Joy,0.048237629932345885
0.003209020105018373,Shame,Pride,0.03279675137128012
0.003209020105018373,Shame,Sadness,0.21149802863307207
0.003209020105018373,Shame,Shame,0.15272694614862997
