C,Story,Emotion,Val
0.014000920562479377,Boredom,Boredom,0.9991400872665618
0.014000920562479377,Boredom,Fear,0.000134763866347387
0.014000920562479377,Boredom,Happiness,2.5138754629047175e-06
0.014000920562479377,Boredom,Joy,0.00018910536207827756
0.014000920562479377,Boredom,Pride,0.0001471523578548223
0.014000920562479377,Boredom,Sadness,9.506936447151203e-05
0.014000920562479377,Boredom,Shame,0.00029130790722297706
0.014000920562479377,Fear,Boredom,0.00043956334478802936
0.014000920562479377,Fear,Fear,0.9796508801827953
0.014000920562479377,Fear,Happiness,0.00052975862841203
0.014000920562479377,Fear,Joy,0.0006327324069506304
0.014000920562479377,Fear,Pride,0.000754178554962053
0.014000920562479377,Fear,Sadness,0.005367194401941685
0.014000920562479377,Fear,Shame,0.012625692480150205
0.014000920562479377,Happiness,Boredom,0.003660081745407641
0.014000920562479377,Happiness,Fear,0.0003963989588227471
0.014000920562479377,Happiness,Happiness,0.9496434473487361
0.014000920562479377,Happiness,Joy,0.0006470525468439236
0.014000920562479377,Happiness,Pride,0.018399681976805814
0.014000920562479377,Happiness,Sadness,0.0007671377622224201
0.014000920562479377,Happiness,Shame,0.02648619966116146
0.014000920562479377,Joy,Boredom,0.0005179086082823184
0.014000920562479377,Joy,Fear,0.0014349514339629737
0.014000920562479377,Joy,Happiness,0.001389416268174189
0.014000920562479377,Joy,Joy,0.6604011415087973
0.014000920562479377,Joy,Pride,0.29806855073042243
0.014000920562479377,Joy,Sadness,0.001124983047066384
0.014000920562479377,Joy,Shame,0.037063048403294295
0.014000920562479377,Pride,Boredom,0.0006957270748254359
0.014000920562479377,Pride,Fear,0.0011168227553195625
0.014000920562479377,Pride,Happiness,0.0026231169380061467
0.014000920562479377,Pride,Joy,0.03561600917517885
0.014000920562479377,Pride,Pride,0.9142307126230222
0.014000920562479377,Pride,Sadness,0.001331670879638256
0.014000920562479377,Pride,Shame,0.0443859405540094
0.014000920562479377,Sadness,Boredom,0.00017395169673330922
0.014000920562479377,Sadness,Fear,0.004886466346940837
0.014000920562479377,Sadness,Happiness,0.0003352436951422925
0.014000920562479377,Sadness,Joy,0.0006426472013506729
0.014000920562479377,Sadness,Pride,0.0007251600103704131
0.014000920562479377,Sadness,Sadness,0.9807575076422335
0.014000920562479377,Sadness,Shame,0.012479023407229011
0.014000920562479377,Shame,Boredom,0.0004640406003313659
0.014000920562479377,Shame,Fear,0.34951212098314227
0.014000920562479377,Shame,Happiness,0.00032305822364877597
0.014000920562479377,Shame,Joy,0.000609020651574631
0.014000920562479377,Shame,Pride,0.0008636471504067761
0.014000920562479377,Shame,Sadness,0.001689873060420469
0.014000920562479377,Shame,Shame,0.6465382393304758
0.014223560689436863,Boredom,Boredom,0.9991494233538163
0.014223560689436863,Boredom,Fear,0.000134191084883827
0.014223560689436863,Boredom,Happiness,2.4855360373955855e-06
0.014223560689436863,Boredom,Joy,0.0001868896432077204
0.014223560689436863,Boredom,Pride,0.0001468059072928232
0.014223560689436863,Boredom,Sadness,9.441560924684633e-05
0.014223560689436863,Boredom,Shame,0.0002857888655149286
0.014223560689436863,Fear,Boredom,0.0004372307683729558
0.014223560689436863,Fear,Fear,0.9789231857046865
0.014223560689436863,Fear,Happiness,0.0005295182681423596
0.014223560689436863,Fear,Joy,0.000619230969109456
0.014223560689436863,Fear,Pride,0.0007538019475609687
0.014223560689436863,Fear,Sadness,0.0053769782526324654
0.014223560689436863,Fear,Shame,0.013360054089494944
0.014223560689436863,Happiness,Boredom,0.0039000830375051777
0.014223560689436863,Happiness,Fear,0.0003970831493590595
0.014223560689436863,Happiness,Happiness,0.9466003260859015
0.014223560689436863,Happiness,Joy,0.0006554810015589002
0.014223560689436863,Happiness,Pride,0.02002961577892673
0.014223560689436863,Happiness,Sadness,0.0007841834502128753
0.014223560689436863,Happiness,Shame,0.027633227496535566
0.014223560689436863,Joy,Boredom,0.0005124638429821613
0.014223560689436863,Joy,Fear,0.001472138142244415
0.014223560689436863,Joy,Happiness,0.0013584523655986776
0.014223560689436863,Joy,Joy,0.6351647775936589
0.014223560689436863,Joy,Pride,0.3235996182315374
0.014223560689436863,Joy,Sadness,0.0010893251373114787
0.014223560689436863,Joy,Shame,0.036803224686666705
0.014223560689436863,Pride,Boredom,0.0004460131266335895
0.014223560689436863,Pride,Fear,0.0007836283660157177
0.014223560689436863,Pride,Happiness,0.0017373184263333875
0.014223560689436863,Pride,Joy,0.026202875841163424
0.014223560689436863,Pride,Pride,0.9291539380822672
0.014223560689436863,Pride,Sadness,0.0009566444657885383
0.014223560689436863,Pride,Shame,0.040719581691797645
0.014223560689436863,Sadness,Boredom,0.00017172312401631678
0.014223560689436863,Sadness,Fear,0.004909839723457584
0.014223560689436863,Sadness,Happiness,0.00033626362124524503
0.014223560689436863,Sadness,Joy,0.0006424920204331796
0.014223560689436863,Sadness,Pride,0.000725915468937637
0.014223560689436863,Sadness,Sadness,0.980772098737385
0.014223560689436863,Sadness,Shame,0.012441667304524763
0.014223560689436863,Shame,Boredom,0.00045126084463634707
0.014223560689436863,Shame,Fear,0.34164472531217943
0.014223560689436863,Shame,Happiness,0.0003162276482400655
0.014223560689436863,Shame,Joy,0.0005693440721975675
0.014223560689436863,Shame,Pride,0.0008321495373647362
0.014223560689436863,Shame,Sadness,0.0016531228014347846
0.014223560689436863,Shame,Shame,0.654533169783947
0.013794854013697918,Boredom,Boredom,0.9991476352209496
0.013794854013697918,Boredom,Fear,0.00013448782076101522
0.013794854013697918,Boredom,Happiness,2.4327708176011043e-06
0.013794854013697918,Boredom,Joy,0.00018382957131218882
0.013794854013697918,Boredom,Pride,0.00014813750649593418
0.013794854013697918,Boredom,Sadness,9.4114940660843e-05
0.013794854013697918,Boredom,Shame,0.0002893621690027935
0.013794854013697918,Fear,Boredom,0.00044202529712386986
0.013794854013697918,Fear,Fear,0.9800109713336479
0.013794854013697918,Fear,Happiness,0.0005287852472089274
0.013794854013697918,Fear,Joy,0.0006309357852945826
0.013794854013697918,Fear,Pride,0.0007523195565047679
0.013794854013697918,Fear,Sadness,0.005291365727007039
0.013794854013697918,Fear,Shame,0.012343597053212745
0.013794854013697918,Happiness,Boredom,0.0038073039563414667
0.013794854013697918,Happiness,Fear,0.0003890814157555108
0.013794854013697918,Happiness,Happiness,0.9473496495622102
0.013794854013697918,Happiness,Joy,0.0006382983984996363
0.013794854013697918,Happiness,Pride,0.01951201008689151
0.013794854013697918,Happiness,Sadness,0.0007610694647106725
0.013794854013697918,Happiness,Shame,0.027542587115591075
0.013794854013697918,Joy,Boredom,0.000485180481102248
0.013794854013697918,Joy,Fear,0.0013937928352728108
0.013794854013697918,Joy,Happiness,0.0013336719208533927
0.013794854013697918,Joy,Joy,0.6638272260155914
0.013794854013697918,Joy,Pride,0.2930963762337264
0.013794854013697918,Joy,Sadness,0.0010913669387521393
0.013794854013697918,Joy,Shame,0.03877238557470124
0.013794854013697918,Pride,Boredom,0.0006549938748429828
0.013794854013697918,Pride,Fear,0.0010755314589502001
0.013794854013697918,Pride,Happiness,0.0025064566393016023
0.013794854013697918,Pride,Joy,0.034543107591193827
0.013794854013697918,Pride,Pride,0.9040407848001256
0.013794854013697918,Pride,Sadness,0.0012758680520152887
0.013794854013697918,Pride,Shame,0.055903257583570745
0.013794854013697918,Sadness,Boredom,0.00017751984515649045
0.013794854013697918,Sadness,Fear,0.004940750061899125
0.013794854013697918,Sadness,Happiness,0.0003329313872802019
0.013794854013697918,Sadness,Joy,0.0006462481661575495
0.013794854013697918,Sadness,Pride,0.0007280417203982712
0.013794854013697918,Sadness,Sadness,0.9805577539325048
0.013794854013697918,Sadness,Shame,0.012616754886603736
0.013794854013697918,Shame,Boredom,0.00046970308573862277
0.013794854013697918,Shame,Fear,0.3502698844892943
0.013794854013697918,Shame,Happiness,0.0003245170436664523
0.013794854013697918,Shame,Joy,0.0006137118800651224
0.013794854013697918,Shame,Pride,0.0008673628137881888
0.013794854013697918,Shame,Sadness,0.0016712901545951535
0.013794854013697918,Shame,Shame,0.6457835305328518
0.01333354209358265,Boredom,Boredom,0.9991465776004836
0.01333354209358265,Boredom,Fear,0.0001324438244823504
0.01333354209358265,Boredom,Happiness,2.4020639842877325e-06
0.01333354209358265,Boredom,Joy,0.0001853481349608927
0.01333354209358265,Boredom,Pride,0.00014722035575759186
0.01333354209358265,Boredom,Sadness,9.162858256624859e-05
0.01333354209358265,Boredom,Shame,0.0002943794377650378
0.01333354209358265,Fear,Boredom,0.0004521381919098866
0.01333354209358265,Fear,Fear,0.9798403444013242
0.01333354209358265,Fear,Happiness,0.0005296359053718934
0.01333354209358265,Fear,Joy,0.0006244119862668384
0.01333354209358265,Fear,Pride,0.0007582544333735298
0.01333354209358265,Fear,Sadness,0.005237267599488303
0.01333354209358265,Fear,Shame,0.01255794748226579
0.01333354209358265,Happiness,Boredom,0.0036423371748690483
0.01333354209358265,Happiness,Fear,0.0003881242559145025
0.01333354209358265,Happiness,Happiness,0.9509088762193786
0.01333354209358265,Happiness,Joy,0.0006358334744280277
0.01333354209358265,Happiness,Pride,0.017371160033985374
0.01333354209358265,Happiness,Sadness,0.0007609095555328913
0.01333354209358265,Happiness,Shame,0.026292759285891757
0.01333354209358265,Joy,Boredom,0.0004974651711263162
0.01333354209358265,Joy,Fear,0.0014337543044219856
0.01333354209358265,Joy,Happiness,0.001359156567450715
0.01333354209358265,Joy,Joy,0.6680352729529916
0.01333354209358265,Joy,Pride,0.28855790920767566
0.01333354209358265,Joy,Sadness,0.0011134846684380934
0.01333354209358265,Joy,Shame,0.03900295712789528
0.01333354209358265,Pride,Boredom,0.0005861421391813828
0.01333354209358265,Pride,Fear,0.0009779874823186555
0.01333354209358265,Pride,Happiness,0.0022489883346595452
0.01333354209358265,Pride,Joy,0.031986999984891684
0.01333354209358265,Pride,Pride,0.9099595191266836
0.01333354209358265,Pride,Sadness,0.0011841269767698958
0.01333354209358265,Pride,Shame,0.0530562359554948
0.01333354209358265,Sadness,Boredom,0.00018195073229308566
0.01333354209358265,Sadness,Fear,0.00493159990090397
0.01333354209358265,Sadness,Happiness,0.0003261263321013727
0.01333354209358265,Sadness,Joy,0.000642587801846824
0.01333354209358265,Sadness,Pride,0.0007319997682539879
0.01333354209358265,Sadness,Sadness,0.9800437798991438
0.01333354209358265,Sadness,Shame,0.013141955565456973
0.01333354209358265,Shame,Boredom,0.00047279988546103613
0.01333354209358265,Shame,Fear,0.34169759856684745
0.01333354209358265,Shame,Happiness,0.0003200885727743092
0.01333354209358265,Shame,Joy,0.0006003806351980173
0.01333354209358265,Shame,Pride,0.0008554598023051003
0.01333354209358265,Shame,Sadness,0.001612764939110039
0.01333354209358265,Shame,Shame,0.6544409075983042
0.013659755539622384,Boredom,Boredom,0.9991336482925484
0.013659755539622384,Boredom,Fear,0.00013365029385357507
0.013659755539622384,Boredom,Happiness,2.4482164721278835e-06
0.013659755539622384,Boredom,Joy,0.00018685606780290332
0.013659755539622384,Boredom,Pride,0.00015250011403126674
0.013659755539622384,Boredom,Sadness,9.439539873504117e-05
0.013659755539622384,Boredom,Shame,0.0002965016165568589
0.013659755539622384,Fear,Boredom,0.0004465599332187478
0.013659755539622384,Fear,Fear,0.980110810123469
0.013659755539622384,Fear,Happiness,0.0005321981987439905
0.013659755539622384,Fear,Joy,0.0006387726448160468
0.013659755539622384,Fear,Pride,0.0007502348227434407
0.013659755539622384,Fear,Sadness,0.0052638360246561955
0.013659755539622384,Fear,Shame,0.01225758825235299
0.013659755539622384,Happiness,Boredom,0.003797580775951736
0.013659755539622384,Happiness,Fear,0.0003849480071392205
0.013659755539622384,Happiness,Happiness,0.9471007215543763
0.013659755539622384,Happiness,Joy,0.0006354705513776626
0.013659755539622384,Happiness,Pride,0.018901712645802853
0.013659755539622384,Happiness,Sadness,0.0007515436099039255
0.013659755539622384,Happiness,Shame,0.028428022855448546
0.013659755539622384,Joy,Boredom,0.0003748454106557856
0.013659755539622384,Joy,Fear,0.001207299461721463
0.013659755539622384,Joy,Happiness,0.0011001838396868947
0.013659755539622384,Joy,Joy,0.6452878009981446
0.013659755539622384,Joy,Pride,0.30620669179355475
0.013659755539622384,Joy,Sadness,0.000946738874748494
0.013659755539622384,Joy,Shame,0.04487643962148798
0.013659755539622384,Pride,Boredom,0.0014901115016882395
0.013659755539622384,Pride,Fear,0.0022383757714954577
0.013659755539622384,Pride,Happiness,0.00504443756668287
0.013659755539622384,Pride,Joy,0.05699891250509744
0.013659755539622384,Pride,Pride,0.83772238829961
0.013659755539622384,Pride,Sadness,0.0024963230125536633
0.013659755539622384,Pride,Shame,0.0940094513428724
0.013659755539622384,Sadness,Boredom,0.00017710373864767315
0.013659755539622384,Sadness,Fear,0.004886571483668289
0.013659755539622384,Sadness,Happiness,0.0003304443583281234
0.013659755539622384,Sadness,Joy,0.0006440743389580255
0.013659755539622384,Sadness,Pride,0.0007376485260829035
0.013659755539622384,Sadness,Sadness,0.9807862150748989
0.013659755539622384,Sadness,Shame,0.01243794247941619
0.013659755539622384,Shame,Boredom,0.0004592564579274001
0.013659755539622384,Shame,Fear,0.3382314010537531
0.013659755539622384,Shame,Happiness,0.0003154460314382227
0.013659755539622384,Shame,Joy,0.0006233768863419588
0.013659755539622384,Shame,Pride,0.0011138109802017702
0.013659755539622384,Shame,Sadness,0.0016129998591216358
0.013659755539622384,Shame,Shame,0.657643708731216
0.013257919668485713,Boredom,Boredom,0.99914031776638
0.013257919668485713,Boredom,Fear,0.00013309637608166662
0.013257919668485713,Boredom,Happiness,2.4171867152157237e-06
0.013257919668485713,Boredom,Joy,0.00018491276758277026
0.013257919668485713,Boredom,Pride,0.00014853827076281682
0.013257919668485713,Boredom,Sadness,9.279747919408807e-05
0.013257919668485713,Boredom,Shame,0.0002979201532834275
0.013257919668485713,Fear,Boredom,0.0004529603306075787
0.013257919668485713,Fear,Fear,0.9796844244297719
0.013257919668485713,Fear,Happiness,0.0005347456464769307
0.013257919668485713,Fear,Joy,0.0006480694320986925
0.013257919668485713,Fear,Pride,0.0007409019836973078
0.013257919668485713,Fear,Sadness,0.005212331675037727
0.013257919668485713,Fear,Shame,0.01272656650230985
0.013257919668485713,Happiness,Boredom,0.0036451909305580082
0.013257919668485713,Happiness,Fear,0.00037683467367304307
0.013257919668485713,Happiness,Happiness,0.9498440547603327
0.013257919668485713,Happiness,Joy,0.0006323302436673735
0.013257919668485713,Happiness,Pride,0.01764484497534121
0.013257919668485713,Happiness,Sadness,0.0007306655334103517
0.013257919668485713,Happiness,Shame,0.027126078883017317
0.013257919668485713,Joy,Boredom,0.00039321175926602096
0.013257919668485713,Joy,Fear,0.0012440057194907151
0.013257919668485713,Joy,Happiness,0.001150473866355254
0.013257919668485713,Joy,Joy,0.6543669980899428
0.013257919668485713,Joy,Pride,0.29754855938969793
0.013257919668485713,Joy,Sadness,0.0009791224452420462
0.013257919668485713,Joy,Shame,0.04431762873000523
0.013257919668485713,Pride,Boredom,0.0031901622042321345
0.013257919668485713,Pride,Fear,0.004715591286347256
0.013257919668485713,Pride,Happiness,0.009694440428946483
0.013257919668485713,Pride,Joy,0.08596548711192147
0.013257919668485713,Pride,Pride,0.7953367337375565
0.013257919668485713,Pride,Sadness,0.004957868689395883
0.013257919668485713,Pride,Shame,0.09613971654160006
0.013257919668485713,Sadness,Boredom,0.00018097718780952534
0.013257919668485713,Sadness,Fear,0.004942620406731698
0.013257919668485713,Sadness,Happiness,0.0003267560214337734
0.013257919668485713,Sadness,Joy,0.0006447010882384841
0.013257919668485713,Sadness,Pride,0.0007375424788881287
0.013257919668485713,Sadness,Sadness,0.9803397494064843
0.013257919668485713,Sadness,Shame,0.012827653410414102
0.013257919668485713,Shame,Boredom,0.0004658533098383733
0.013257919668485713,Shame,Fear,0.335180435616917
0.013257919668485713,Shame,Happiness,0.0003166647537943771
0.013257919668485713,Shame,Joy,0.0006268582855487515
0.013257919668485713,Shame,Pride,0.0009505157801810071
0.013257919668485713,Shame,Sadness,0.001582318234908373
0.013257919668485713,Shame,Shame,0.660877354018812
0.014045007350985178,Boredom,Boredom,0.9991460056601988
0.014045007350985178,Boredom,Fear,0.0001348010718167665
0.014045007350985178,Boredom,Happiness,2.500054987668955e-06
0.014045007350985178,Boredom,Joy,0.00018907509775892398
0.014045007350985178,Boredom,Pride,0.00014482486562627028
0.014045007350985178,Boredom,Sadness,9.466192827781466e-05
0.014045007350985178,Boredom,Shame,0.0002881313213335344
0.014045007350985178,Fear,Boredom,0.0004411853868980637
0.014045007350985178,Fear,Fear,0.9798989914374179
0.014045007350985178,Fear,Happiness,0.0005294820514169047
0.014045007350985178,Fear,Joy,0.0006206386608896922
0.014045007350985178,Fear,Pride,0.0007572971560552366
0.014045007350985178,Fear,Sadness,0.005343480500336817
0.014045007350985178,Fear,Shame,0.012408924806985407
0.014045007350985178,Happiness,Boredom,0.003842872529547976
0.014045007350985178,Happiness,Fear,0.0003757853057018588
0.014045007350985178,Happiness,Happiness,0.9453319680014178
0.014045007350985178,Happiness,Joy,0.0006186731959978199
0.014045007350985178,Happiness,Pride,0.020240343524200177
0.014045007350985178,Happiness,Sadness,0.0007317330401306439
0.014045007350985178,Happiness,Shame,0.02885862440300375
0.014045007350985178,Joy,Boredom,0.00042415421573130797
0.014045007350985178,Joy,Fear,0.0013755576390992712
0.014045007350985178,Joy,Happiness,0.0011728068318931399
0.014045007350985178,Joy,Joy,0.6112934672078031
0.014045007350985178,Joy,Pride,0.3443358872028076
0.014045007350985178,Joy,Sadness,0.000976977575092285
0.014045007350985178,Joy,Shame,0.04042114932757364
0.014045007350985178,Pride,Boredom,0.0006383644008432056
0.014045007350985178,Pride,Fear,0.0010491009295066163
0.014045007350985178,Pride,Happiness,0.0024181883815168966
0.014045007350985178,Pride,Joy,0.03392532654472164
0.014045007350985178,Pride,Pride,0.8978702686520438
0.014045007350985178,Pride,Sadness,0.001242681739781745
0.014045007350985178,Pride,Shame,0.06285606935158622
0.014045007350985178,Sadness,Boredom,0.00017514734325731594
0.014045007350985178,Sadness,Fear,0.004900391852433659
0.014045007350985178,Sadness,Happiness,0.0003328504221715986
0.014045007350985178,Sadness,Joy,0.0006389535871642806
0.014045007350985178,Sadness,Pride,0.0007294731828945143
0.014045007350985178,Sadness,Sadness,0.98060323091047
0.014045007350985178,Sadness,Shame,0.012619952701608483
0.014045007350985178,Shame,Boredom,0.0004631853450069465
0.014045007350985178,Shame,Fear,0.34748137893793885
0.014045007350985178,Shame,Happiness,0.0003212587605151665
0.014045007350985178,Shame,Joy,0.0005869289426520809
0.014045007350985178,Shame,Pride,0.0008521166425062811
0.014045007350985178,Shame,Sadness,0.0016715874612571438
0.014045007350985178,Shame,Shame,0.6486235439101236
0.015002925254679235,Boredom,Boredom,0.9991468588837991
0.015002925254679235,Boredom,Fear,0.0001344236072141036
0.015002925254679235,Boredom,Happiness,2.5007784702304526e-06
0.015002925254679235,Boredom,Joy,0.00018829061233248588
0.015002925254679235,Boredom,Pride,0.00015142151180943698
0.015002925254679235,Boredom,Sadness,9.977473131752226e-05
0.015002925254679235,Boredom,Shame,0.0002767298750573288
0.015002925254679235,Fear,Boredom,0.00042596443715371853
0.015002925254679235,Fear,Fear,0.9800416877903487
0.015002925254679235,Fear,Happiness,0.0005326206690848185
0.015002925254679235,Fear,Joy,0.000589129511864052
0.015002925254679235,Fear,Pride,0.0007530787489888523
0.015002925254679235,Fear,Sadness,0.005398374892957469
0.015002925254679235,Fear,Shame,0.012259143949602185
0.015002925254679235,Happiness,Boredom,0.0037373245715608817
0.015002925254679235,Happiness,Fear,0.00036650028627370257
0.015002925254679235,Happiness,Happiness,0.9465051551334623
0.015002925254679235,Happiness,Joy,0.0005888516391405152
0.015002925254679235,Happiness,Pride,0.02150984063005624
0.015002925254679235,Happiness,Sadness,0.0007211310993339064
0.015002925254679235,Happiness,Shame,0.026571196640172195
0.015002925254679235,Joy,Boredom,0.0003908963728533134
0.015002925254679235,Joy,Fear,0.0011932224457697643
0.015002925254679235,Joy,Happiness,0.0010663853623244406
0.015002925254679235,Joy,Joy,0.579413707380191
0.015002925254679235,Joy,Pride,0.38213677629922044
0.015002925254679235,Joy,Sadness,0.0009123614432630898
0.015002925254679235,Joy,Shame,0.03488665069637783
0.015002925254679235,Pride,Boredom,0.0002243266926603952
0.015002925254679235,Pride,Fear,0.0005064681262646021
0.015002925254679235,Pride,Happiness,0.0008123280128251118
0.015002925254679235,Pride,Joy,0.014385514020529023
0.015002925254679235,Pride,Pride,0.9358212970129611
0.015002925254679235,Pride,Sadness,0.0006179983897905828
0.015002925254679235,Pride,Shame,0.04763206774496918
0.015002925254679235,Sadness,Boredom,0.0001673092618637365
0.015002925254679235,Sadness,Fear,0.004849767051061035
0.015002925254679235,Sadness,Happiness,0.0003346366144595813
0.015002925254679235,Sadness,Joy,0.000641105499631699
0.015002925254679235,Sadness,Pride,0.0007174274413390095
0.015002925254679235,Sadness,Sadness,0.9814528207777593
0.015002925254679235,Sadness,Shame,0.01183693335388561
0.015002925254679235,Shame,Boredom,0.00045065307301461234
0.015002925254679235,Shame,Fear,0.355525936720252
0.015002925254679235,Shame,Happiness,0.0003264806893452498
0.015002925254679235,Shame,Joy,0.0005386250248803113
0.015002925254679235,Shame,Pride,0.0008500982182420401
0.015002925254679235,Shame,Sadness,0.0017177646191889
0.015002925254679235,Shame,Shame,0.640590441655077
0.013631666368808826,Boredom,Boredom,0.9991294927612299
0.013631666368808826,Boredom,Fear,0.00013395109778939997
0.013631666368808826,Boredom,Happiness,2.461994009983328e-06
0.013631666368808826,Boredom,Joy,0.00018517469391268477
0.013631666368808826,Boredom,Pride,0.00015761396824302511
0.013631666368808826,Boredom,Sadness,9.50219170863091e-05
0.013631666368808826,Boredom,Shame,0.00029628356772853795
0.013631666368808826,Fear,Boredom,0.0004463112753887407
0.013631666368808826,Fear,Fear,0.9799190690719751
0.013631666368808826,Fear,Happiness,0.0005314228077614939
0.013631666368808826,Fear,Joy,0.0006464130602740265
0.013631666368808826,Fear,Pride,0.0007452766629969215
0.013631666368808826,Fear,Sadness,0.0052810713012160825
0.013631666368808826,Fear,Shame,0.012430435820387524
0.013631666368808826,Happiness,Boredom,0.0037184949674954736
0.013631666368808826,Happiness,Fear,0.0003955161907088544
0.013631666368808826,Happiness,Happiness,0.9483294654382809
0.013631666368808826,Happiness,Joy,0.0006547795606536054
0.013631666368808826,Happiness,Pride,0.018098190434000266
0.013631666368808826,Happiness,Sadness,0.0007713376136351961
0.013631666368808826,Happiness,Shame,0.028032215795225895
0.013631666368808826,Joy,Boredom,0.0004190069728370527
0.013631666368808826,Joy,Fear,0.0012563406284175186
0.013631666368808826,Joy,Happiness,0.0012095832355899885
0.013631666368808826,Joy,Joy,0.668646494806875
0.013631666368808826,Joy,Pride,0.28773622031336865
0.013631666368808826,Joy,Sadness,0.0010141658390594808
0.013631666368808826,Joy,Shame,0.03971818820385225
0.013631666368808826,Pride,Boredom,0.0016663771574289173
0.013631666368808826,Pride,Fear,0.0024937770927363945
0.013631666368808826,Pride,Happiness,0.005575932798223609
0.013631666368808826,Pride,Joy,0.06043688390864756
0.013631666368808826,Pride,Pride,0.8521570286679347
0.013631666368808826,Pride,Sadness,0.002750055370935977
0.013631666368808826,Pride,Shame,0.07491994500409313
0.013631666368808826,Sadness,Boredom,0.000177373315368768
0.013631666368808826,Sadness,Fear,0.004821305003909546
0.013631666368808826,Sadness,Happiness,0.00032931929712335826
0.013631666368808826,Sadness,Joy,0.0006443043898797343
0.013631666368808826,Sadness,Pride,0.0007326626707301879
0.013631666368808826,Sadness,Sadness,0.9807456080738213
0.013631666368808826,Sadness,Shame,0.012549427249167178
0.013631666368808826,Shame,Boredom,0.0004682700344427108
0.013631666368808826,Shame,Fear,0.3457889635974577
0.013631666368808826,Shame,Happiness,0.0003228141353051234
0.013631666368808826,Shame,Joy,0.0006356877007114993
0.013631666368808826,Shame,Pride,0.0009689489786902828
0.013631666368808826,Shame,Sadness,0.001650541281233828
0.013631666368808826,Shame,Shame,0.6501647742721587
0.01353567910155618,Boredom,Boredom,0.9991429287659974
0.01353567910155618,Boredom,Fear,0.0001335407681379274
0.01353567910155618,Boredom,Happiness,2.443888033148663e-06
0.01353567910155618,Boredom,Joy,0.00018467588496005473
0.01353567910155618,Boredom,Pride,0.00014785976070196604
0.01353567910155618,Boredom,Sadness,9.316953646227914e-05
0.01353567910155618,Boredom,Shame,0.00029538139570717297
0.01353567910155618,Fear,Boredom,0.00044997453456929075
0.01353567910155618,Fear,Fear,0.9798892544772789
0.01353567910155618,Fear,Happiness,0.0005319254479417984
0.01353567910155618,Fear,Joy,0.0006368030901832922
0.01353567910155618,Fear,Pride,0.0007500225891550311
0.01353567910155618,Fear,Sadness,0.005248836023638801
0.01353567910155618,Fear,Shame,0.012493183837233048
0.01353567910155618,Happiness,Boredom,0.0038599639849086218
0.01353567910155618,Happiness,Fear,0.00037921837097105884
0.01353567910155618,Happiness,Happiness,0.9463559212419834
0.01353567910155618,Happiness,Joy,0.0006287019669256152
0.01353567910155618,Happiness,Pride,0.019304526614863145
0.01353567910155618,Happiness,Sadness,0.0007259365750744141
0.01353567910155618,Happiness,Shame,0.028745731245273964
0.01353567910155618,Joy,Boredom,0.00035813983772385317
0.01353567910155618,Joy,Fear,0.0012410118892556405
0.01353567910155618,Joy,Happiness,0.0010621549061634148
0.01353567910155618,Joy,Joy,0.6266751397963947
0.01353567910155618,Joy,Pride,0.32817443372629235
0.01353567910155618,Joy,Sadness,0.0009108244425990722
0.01353567910155618,Joy,Shame,0.04157829540157125
0.01353567910155618,Pride,Boredom,0.0015375320293574955
0.01353567910155618,Pride,Fear,0.002315418570199852
0.01353567910155618,Pride,Happiness,0.005197906196586556
0.01353567910155618,Pride,Joy,0.058017908999272144
0.01353567910155618,Pride,Pride,0.8462352360675541
0.01353567910155618,Pride,Sadness,0.00256415579892854
0.01353567910155618,Pride,Shame,0.08413184233810152
0.01353567910155618,Sadness,Boredom,0.0001787758595177106
0.01353567910155618,Sadness,Fear,0.00488599244080838
0.01353567910155618,Sadness,Happiness,0.00033029289648279294
0.01353567910155618,Sadness,Joy,0.0006419626821486512
0.01353567910155618,Sadness,Pride,0.0007327035340155117
0.01353567910155618,Sadness,Sadness,0.9806528842927891
0.01353567910155618,Sadness,Shame,0.012577388294237666
0.01353567910155618,Shame,Boredom,0.0004604946939488485
0.01353567910155618,Shame,Fear,0.3367134751760339
0.01353567910155618,Shame,Happiness,0.00031560299099038654
0.01353567910155618,Shame,Joy,0.0006026647885939361
0.01353567910155618,Shame,Pride,0.0008715230219434162
0.01353567910155618,Shame,Sadness,0.0015944391374842627
0.01353567910155618,Shame,Shame,0.6594418001910052
0.014366564225085587,Boredom,Boredom,0.9991497283985945
0.014366564225085587,Boredom,Fear,0.00013506158098445733
0.014366564225085587,Boredom,Happiness,2.4842767787876304e-06
0.014366564225085587,Boredom,Joy,0.00018660851101275173
0.014366564225085587,Boredom,Pride,0.00015017524056626098
0.014366564225085587,Boredom,Sadness,9.646107741071213e-05
0.014366564225085587,Boredom,Shame,0.0002794809146526991
0.014366564225085587,Fear,Boredom,0.0004385143842766209
0.014366564225085587,Fear,Fear,0.9798012169756569
0.014366564225085587,Fear,Happiness,0.0005275815385666247
0.014366564225085587,Fear,Joy,0.0006255180738265464
0.014366564225085587,Fear,Pride,0.0007520280194969974
0.014366564225085587,Fear,Sadness,0.00530736103633949
0.014366564225085587,Fear,Shame,0.01254777997183674
0.014366564225085587,Happiness,Boredom,0.0036554566639733577
0.014366564225085587,Happiness,Fear,0.000387637052143987
0.014366564225085587,Happiness,Happiness,0.9491090392159379
0.014366564225085587,Happiness,Joy,0.0006325544960317634
0.014366564225085587,Happiness,Pride,0.019711487313001885
0.014366564225085587,Happiness,Sadness,0.0007745058962851407
0.014366564225085587,Happiness,Shame,0.02572931936262605
0.014366564225085587,Joy,Boredom,0.0005292981851044963
0.014366564225085587,Joy,Fear,0.0014829363213746585
0.014366564225085587,Joy,Happiness,0.0013906520575856967
0.014366564225085587,Joy,Joy,0.6481082017334571
0.014366564225085587,Joy,Pride,0.31160714492425245
0.014366564225085587,Joy,Sadness,0.0011234874001560707
0.014366564225085587,Joy,Shame,0.03575827937806956
0.014366564225085587,Pride,Boredom,0.0006260634013051234
0.014366564225085587,Pride,Fear,0.0010289406297178017
0.014366564225085587,Pride,Happiness,0.002366755447014298
0.014366564225085587,Pride,Joy,0.03317039374213386
0.014366564225085587,Pride,Pride,0.9243587635233476
0.014366564225085587,Pride,Sadness,0.0012259381979178132
0.014366564225085587,Pride,Shame,0.03722314505856332
0.014366564225085587,Sadness,Boredom,0.00017189451803883526
0.014366564225085587,Sadness,Fear,0.004922493826821346
0.014366564225085587,Sadness,Happiness,0.0003352143172716814
0.014366564225085587,Sadness,Joy,0.0006375366730308104
0.014366564225085587,Sadness,Pride,0.0007244970657817824
0.014366564225085587,Sadness,Sadness,0.9808594271884559
0.014366564225085587,Sadness,Shame,0.01234893641059987
0.014366564225085587,Shame,Boredom,0.00046249311975318655
0.014366564225085587,Shame,Fear,0.3506513709886226
0.014366564225085587,Shame,Happiness,0.0003228538479517552
0.014366564225085587,Shame,Joy,0.0005957134115911276
0.014366564225085587,Shame,Pride,0.0008455581528838958
0.014366564225085587,Shame,Sadness,0.001671310252008258
0.014366564225085587,Shame,Shame,0.6454507002271891
0.014267069782065149,Boredom,Boredom,0.9991374550822358
0.014267069782065149,Boredom,Fear,0.00013456037186492287
0.014267069782065149,Boredom,Happiness,2.4693322615119703e-06
0.014267069782065149,Boredom,Joy,0.0001880037451503645
0.014267069782065149,Boredom,Pride,0.00015519564596030535
0.014267069782065149,Boredom,Sadness,9.607536575825497e-05
0.014267069782065149,Boredom,Shame,0.00028624045676849466
0.014267069782065149,Fear,Boredom,0.00043871440960308473
0.014267069782065149,Fear,Fear,0.9792929559299766
0.014267069782065149,Fear,Happiness,0.0005287780488722782
0.014267069782065149,Fear,Joy,0.0006284018312558692
0.014267069782065149,Fear,Pride,0.0007502810059785898
0.014267069782065149,Fear,Sadness,0.005303917331357175
0.014267069782065149,Fear,Shame,0.01305695144295652
0.014267069782065149,Happiness,Boredom,0.003960009864182115
0.014267069782065149,Happiness,Fear,0.00038808485127597936
0.014267069782065149,Happiness,Happiness,0.9447193814003981
0.014267069782065149,Happiness,Joy,0.0006449382123309964
0.014267069782065149,Happiness,Pride,0.02041116938809832
0.014267069782065149,Happiness,Sadness,0.0007702534896629074
0.014267069782065149,Happiness,Shame,0.029106162794051364
0.014267069782065149,Joy,Boredom,0.0004039633467326135
0.014267069782065149,Joy,Fear,0.001274894577133029
0.014267069782065149,Joy,Happiness,0.00112653950096428
0.014267069782065149,Joy,Joy,0.6255894862382564
0.014267069782065149,Joy,Pride,0.3270528920512496
0.014267069782065149,Joy,Sadness,0.0009542962652694123
0.014267069782065149,Joy,Shame,0.04359792802039452
0.014267069782065149,Pride,Boredom,0.0009065006130609519
0.014267069782065149,Pride,Fear,0.001402638984724419
0.014267069782065149,Pride,Happiness,0.003268906579437224
0.014267069782065149,Pride,Joy,0.042568581165811206
0.014267069782065149,Pride,Pride,0.8700629892592174
0.014267069782065149,Pride,Sadness,0.0016289533818733878
0.014267069782065149,Pride,Shame,0.08016143001587567
0.014267069782065149,Sadness,Boredom,0.00017220235006281529
0.014267069782065149,Sadness,Fear,0.004886438969798853
0.014267069782065149,Sadness,Happiness,0.00033502404963045996
0.014267069782065149,Sadness,Joy,0.0006456824914618198
0.014267069782065149,Sadness,Pride,0.0007274866408177821
0.014267069782065149,Sadness,Sadness,0.9810990682281903
0.014267069782065149,Sadness,Shame,0.012134097270038061
0.014267069782065149,Shame,Boredom,0.0004558644368995258
0.014267069782065149,Shame,Fear,0.3437543890354033
0.014267069782065149,Shame,Happiness,0.00031875339240932494
0.014267069782065149,Shame,Joy,0.0005987713482266774
0.014267069782065149,Shame,Pride,0.000960533714423489
0.014267069782065149,Shame,Sadness,0.0016439447881615517
0.014267069782065149,Shame,Shame,0.6522677432844763
0.014078884800686841,Boredom,Boredom,0.9991416300146576
0.014078884800686841,Boredom,Fear,0.0001352433755073242
0.014078884800686841,Boredom,Happiness,2.509206578377223e-06
0.014078884800686841,Boredom,Joy,0.00018868509624141622
0.014078884800686841,Boredom,Pride,0.00014667761083447104
0.014078884800686841,Boredom,Sadness,9.439915392968455e-05
0.014078884800686841,Boredom,Shame,0.0002908555422510832
0.014078884800686841,Fear,Boredom,0.00043849437028790607
0.014078884800686841,Fear,Fear,0.9795120948832277
0.014078884800686841,Fear,Happiness,0.0005278235924318775
0.014078884800686841,Fear,Joy,0.000613941662455828
0.014078884800686841,Fear,Pride,0.0007560777137719251
0.014078884800686841,Fear,Sadness,0.0053175210489956526
0.014078884800686841,Fear,Shame,0.012834046728829703
0.014078884800686841,Happiness,Boredom,0.0037636977446128443
0.014078884800686841,Happiness,Fear,0.0003874353229137561
0.014078884800686841,Happiness,Happiness,0.9471448768386237
0.014078884800686841,Happiness,Joy,0.0006292914972035919
0.014078884800686841,Happiness,Pride,0.019032913328781518
0.014078884800686841,Happiness,Sadness,0.0007530967009090386
0.014078884800686841,Happiness,Shame,0.028288688566955766
0.014078884800686841,Joy,Boredom,0.000421988899702981
0.014078884800686841,Joy,Fear,0.0013610782932921251
0.014078884800686841,Joy,Happiness,0.0011587262513035764
0.014078884800686841,Joy,Joy,0.6121556952940903
0.014078884800686841,Joy,Pride,0.34482639586275304
0.014078884800686841,Joy,Sadness,0.0009696996769554213
0.014078884800686841,Joy,Shame,0.03910641572190239
0.014078884800686841,Pride,Boredom,0.00045316510242877965
0.014078884800686841,Pride,Fear,0.0007931480756032339
0.014078884800686841,Pride,Happiness,0.0017671034727750833
0.014078884800686841,Pride,Joy,0.02686284377902488
0.014078884800686841,Pride,Pride,0.9096654706564457
0.014078884800686841,Pride,Sadness,0.0009663579946938944
0.014078884800686841,Pride,Shame,0.0594919109190284
0.014078884800686841,Sadness,Boredom,0.0001748108741992227
0.014078884800686841,Sadness,Fear,0.004863187260907399
0.014078884800686841,Sadness,Happiness,0.0003328950767554305
0.014078884800686841,Sadness,Joy,0.0006412740123279715
0.014078884800686841,Sadness,Pride,0.000726474426799678
0.014078884800686841,Sadness,Sadness,0.9808013145178149
0.014078884800686841,Sadness,Shame,0.012460043831195153
0.014078884800686841,Shame,Boredom,0.0004482829295840096
0.014078884800686841,Shame,Fear,0.33845071895117856
0.014078884800686841,Shame,Happiness,0.00031103282876582695
0.014078884800686841,Shame,Joy,0.0005608426054116124
0.014078884800686841,Shame,Pride,0.0008378428075299512
0.014078884800686841,Shame,Sadness,0.0016199149535825492
0.014078884800686841,Shame,Shame,0.6577713649239474
0.013303701473472089,Boredom,Boredom,0.9991340769234304
0.013303701473472089,Boredom,Fear,0.00013237753884032957
0.013303701473472089,Boredom,Happiness,2.4070752628853646e-06
0.013303701473472089,Boredom,Joy,0.0001847735750457676
0.013303701473472089,Boredom,Pride,0.0001553088871883409
0.013303701473472089,Boredom,Sadness,9.362441674243144e-05
0.013303701473472089,Boredom,Shame,0.0002974315834897421
0.013303701473472089,Fear,Boredom,0.00045339750906813207
0.013303701473472089,Fear,Fear,0.9796848007851092
0.013303701473472089,Fear,Happiness,0.00053054131911609
0.013303701473472089,Fear,Joy,0.0006567016107765732
0.013303701473472089,Fear,Pride,0.0007407228553146488
0.013303701473472089,Fear,Sadness,0.005281516660811921
0.013303701473472089,Fear,Shame,0.012652319259803393
0.013303701473472089,Happiness,Boredom,0.0036496005397108487
0.013303701473472089,Happiness,Fear,0.00039505733758920484
0.013303701473472089,Happiness,Happiness,0.9508194764821225
0.013303701473472089,Happiness,Joy,0.0006534280927477408
0.013303701473472089,Happiness,Pride,0.01715056432563977
0.013303701473472089,Happiness,Sadness,0.0007695295903039724
0.013303701473472089,Happiness,Shame,0.026562343631886094
0.013303701473472089,Joy,Boredom,0.0004941996517031358
0.013303701473472089,Joy,Fear,0.0013666966674271217
0.013303701473472089,Joy,Happiness,0.0013726795552411936
0.013303701473472089,Joy,Joy,0.6990313651934006
0.013303701473472089,Joy,Pride,0.25515696296494206
0.013303701473472089,Joy,Sadness,0.0011333974281029953
0.013303701473472089,Joy,Shame,0.04144469853918277
0.013303701473472089,Pride,Boredom,0.002333598020896263
0.013303701473472089,Pride,Fear,0.0034706783058498602
0.013303701473472089,Pride,Happiness,0.00741378742933295
0.013303701473472089,Pride,Joy,0.07271516926875508
0.013303701473472089,Pride,Pride,0.8363179715613351
0.013303701473472089,Pride,Sadness,0.003725874261036038
0.013303701473472089,Pride,Shame,0.07402292115279487
0.013303701473472089,Sadness,Boredom,0.00018200562036591758
0.013303701473472089,Sadness,Fear,0.004873585934875613
0.013303701473472089,Sadness,Happiness,0.00032580486912307186
0.013303701473472089,Sadness,Joy,0.0006428574989613896
0.013303701473472089,Sadness,Pride,0.0007359397376846865
0.013303701473472089,Sadness,Sadness,0.9799317017648261
0.013303701473472089,Sadness,Shame,0.01330810457416337
0.013303701473472089,Shame,Boredom,0.0004730605732543426
0.013303701473472089,Shame,Fear,0.33982812157226633
0.013303701473472089,Shame,Happiness,0.0003191289271733617
0.013303701473472089,Shame,Joy,0.0006441018614873397
0.013303701473472089,Shame,Pride,0.001011844077583303
0.013303701473472089,Shame,Sadness,0.0016243307052178446
0.013303701473472089,Shame,Shame,0.6560994122830176
0.013978109940480737,Boredom,Boredom,0.9991452266409139
0.013978109940480737,Boredom,Fear,0.0001357165596610991
0.013978109940480737,Boredom,Happiness,2.4977336391462385e-06
0.013978109940480737,Boredom,Joy,0.00018830692503886165
0.013978109940480737,Boredom,Pride,0.0001441945296945796
0.013978109940480737,Boredom,Sadness,9.426869510477951e-05
0.013978109940480737,Boredom,Shame,0.00028978891594781165
0.013978109940480737,Fear,Boredom,0.00044122402426697454
0.013978109940480737,Fear,Fear,0.9796569488575142
0.013978109940480737,Fear,Happiness,0.0005266008278671617
0.013978109940480737,Fear,Joy,0.0006386293686911417
0.013978109940480737,Fear,Pride,0.0007464714760567621
0.013978109940480737,Fear,Sadness,0.005324088622011915
0.013978109940480737,Fear,Shame,0.012666036823591784
0.013978109940480737,Happiness,Boredom,0.003580764513090855
0.013978109940480737,Happiness,Fear,0.00039640170672622567
0.013978109940480737,Happiness,Happiness,0.9509295014399051
0.013978109940480737,Happiness,Joy,0.0006515829486076755
0.013978109940480737,Happiness,Pride,0.01741521019530246
0.013978109940480737,Happiness,Sadness,0.000771657842934825
0.013978109940480737,Happiness,Shame,0.02625488135343246
0.013978109940480737,Joy,Boredom,0.0005249297212915134
0.013978109940480737,Joy,Fear,0.001439371068286137
0.013978109940480737,Joy,Happiness,0.0014046434785569906
0.013978109940480737,Joy,Joy,0.6731944290748496
0.013978109940480737,Joy,Pride,0.28622332581936927
0.013978109940480737,Joy,Sadness,0.0011422513690328559
0.013978109940480737,Joy,Shame,0.03607104946861389
0.013978109940480737,Pride,Boredom,0.0010373780731518048
0.013978109940480737,Pride,Fear,0.0016023066384333769
0.013978109940480737,Pride,Happiness,0.00369939781285181
0.013978109940480737,Pride,Joy,0.04560615035589314
0.013978109940480737,Pride,Pride,0.9030965959949441
0.013978109940480737,Pride,Sadness,0.0018313145588569702
0.013978109940480737,Pride,Shame,0.04312685656586849
0.013978109940480737,Sadness,Boredom,0.00017518972257579883
0.013978109940480737,Sadness,Fear,0.004887325002598588
0.013978109940480737,Sadness,Happiness,0.0003335734833302938
0.013978109940480737,Sadness,Joy,0.0006403111404664916
0.013978109940480737,Sadness,Pride,0.000727104273683758
0.013978109940480737,Sadness,Sadness,0.980585045691923
0.013978109940480737,Sadness,Shame,0.012651450685422155
0.013978109940480737,Shame,Boredom,0.00045429374977421617
0.013978109940480737,Shame,Fear,0.34002432034839597
0.013978109940480737,Shame,Happiness,0.0003129125297886264
0.013978109940480737,Shame,Joy,0.0006021062922956133
0.013978109940480737,Shame,Pride,0.0008278237285972856
0.013978109940480737,Shame,Sadness,0.0016319237523083902
0.013978109940480737,Shame,Shame,0.6561466195988401
0.014520317266718473,Boredom,Boredom,0.9991406686783886
0.014520317266718473,Boredom,Fear,0.00013287691929905488
0.014520317266718473,Boredom,Happiness,2.5022030457715063e-06
0.014520317266718473,Boredom,Joy,0.0001882500228099023
0.014520317266718473,Boredom,Pride,0.0001571406711473126
0.014520317266718473,Boredom,Sadness,9.6142195812105e-05
0.014520317266718473,Boredom,Shame,0.0002824193094972218
0.014520317266718473,Fear,Boredom,0.00042949134490513104
0.014520317266718473,Fear,Fear,0.9800002746568304
0.014520317266718473,Fear,Happiness,0.0005309462126710578
0.014520317266718473,Fear,Joy,0.0006211521772683097
0.014520317266718473,Fear,Pride,0.0007473136262689968
0.014520317266718473,Fear,Sadness,0.0052795701589813376
0.014520317266718473,Fear,Shame,0.01239125182307469
0.014520317266718473,Happiness,Boredom,0.0037768898498900224
0.014520317266718473,Happiness,Fear,0.0003857909586200456
0.014520317266718473,Happiness,Happiness,0.9463022500816924
0.014520317266718473,Happiness,Joy,0.0006259238327472054
0.014520317266718473,Happiness,Pride,0.020271024704378783
0.014520317266718473,Happiness,Sadness,0.0007763548471527459
0.014520317266718473,Happiness,Shame,0.027861765725518742
0.014520317266718473,Joy,Boredom,0.00042730173147930507
0.014520317266718473,Joy,Fear,0.001310465570227028
0.014520317266718473,Joy,Happiness,0.0011589490437811673
0.014520317266718473,Joy,Joy,0.6360903962230924
0.014520317266718473,Joy,Pride,0.3208643498275976
0.014520317266718473,Joy,Sadness,0.000987067029241723
0.014520317266718473,Joy,Shame,0.03916147057458123
0.014520317266718473,Pride,Boredom,0.0005479756851948255
0.014520317266718473,Pride,Fear,0.0009165470558876085
0.014520317266718473,Pride,Happiness,0.0020674423385249802
0.014520317266718473,Pride,Joy,0.030595602948419617
0.014520317266718473,Pride,Pride,0.900152742832309
0.014520317266718473,Pride,Sadness,0.001092171727905955
0.014520317266718473,Pride,Shame,0.06462751741175794
0.014520317266718473,Sadness,Boredom,0.0001698736181989919
0.014520317266718473,Sadness,Fear,0.004939869280327635
0.014520317266718473,Sadness,Happiness,0.00033705808932685055
0.014520317266718473,Sadness,Joy,0.0006395841722702553
0.014520317266718473,Sadness,Pride,0.0007256473774972267
0.014520317266718473,Sadness,Sadness,0.9810156011249546
0.014520317266718473,Sadness,Shame,0.012172366337424701
0.014520317266718473,Shame,Boredom,0.0004557730949466638
0.014520317266718473,Shame,Fear,0.3524634258100387
0.014520317266718473,Shame,Happiness,0.00032595125436724254
0.014520317266718473,Shame,Joy,0.0005946942705981766
0.014520317266718473,Shame,Pride,0.0008858243368262816
0.014520317266718473,Shame,Sadness,0.0016691036921387334
0.014520317266718473,Shame,Shame,0.6436052275410844
0.012994081941948357,Boredom,Boredom,0.9991465324722284
0.012994081941948357,Boredom,Fear,0.00013383788621541292
0.012994081941948357,Boredom,Happiness,2.3892481769613563e-06
0.012994081941948357,Boredom,Joy,0.00018278213492713095
0.012994081941948357,Boredom,Pride,0.00014403096212824233
0.012994081941948357,Boredom,Sadness,9.391358069814532e-05
0.012994081941948357,Boredom,Shame,0.00029651371562576024
0.012994081941948357,Fear,Boredom,0.00045511958747214377
0.012994081941948357,Fear,Fear,0.9798731015271132
0.012994081941948357,Fear,Happiness,0.0005419420999770142
0.012994081941948357,Fear,Joy,0.0006294339277625732
0.012994081941948357,Fear,Pride,0.0007772767080231715
0.012994081941948357,Fear,Sadness,0.005312758678530824
0.012994081941948357,Fear,Shame,0.01241036747112115
0.012994081941948357,Happiness,Boredom,0.0037113421621408336
0.012994081941948357,Happiness,Fear,0.0003791018302714764
0.012994081941948357,Happiness,Happiness,0.9490541223708681
0.012994081941948357,Happiness,Joy,0.0006194708111892908
0.012994081941948357,Happiness,Pride,0.0170258955447931
0.012994081941948357,Happiness,Sadness,0.0007333282346353199
0.012994081941948357,Happiness,Shame,0.02847673904610182
0.012994081941948357,Joy,Boredom,0.00034471041330660544
0.012994081941948357,Joy,Fear,0.001213429310514089
0.012994081941948357,Joy,Happiness,0.0010263153012621893
0.012994081941948357,Joy,Joy,0.6240754369156286
0.012994081941948357,Joy,Pride,0.3258161694341252
0.012994081941948357,Joy,Sadness,0.0009195138704587133
0.012994081941948357,Joy,Shame,0.046604424754704124
0.012994081941948357,Pride,Boredom,0.0009498363725055142
0.012994081941948357,Pride,Fear,0.0014615297622821574
0.012994081941948357,Pride,Happiness,0.003414428438145062
0.012994081941948357,Pride,Joy,0.04413185881807365
0.012994081941948357,Pride,Pride,0.8500873345302439
0.012994081941948357,Pride,Sadness,0.0017226955114687749
0.012994081941948357,Pride,Shame,0.09823231656728047
0.012994081941948357,Sadness,Boredom,0.00018385074146894792
0.012994081941948357,Sadness,Fear,0.004956487180553225
0.012994081941948357,Sadness,Happiness,0.0003263916820939681
0.012994081941948357,Sadness,Joy,0.0006422030892452112
0.012994081941948357,Sadness,Pride,0.0007438885192366099
0.012994081941948357,Sadness,Sadness,0.9800470994352334
0.012994081941948357,Sadness,Shame,0.013100079352168718
0.012994081941948357,Shame,Boredom,0.00045817022061054447
0.012994081941948357,Shame,Fear,0.32852867783696843
0.012994081941948357,Shame,Happiness,0.00031379409746810124
0.012994081941948357,Shame,Joy,0.0005904909862430758
0.012994081941948357,Shame,Pride,0.0009540157161033267
0.012994081941948357,Shame,Sadness,0.0015806712238406865
0.012994081941948357,Shame,Shame,0.6675741799187658
0.013657551721479939,Boredom,Boredom,0.999140676444347
0.013657551721479939,Boredom,Fear,0.00013476873891415063
0.013657551721479939,Boredom,Happiness,2.4489574471604866e-06
0.013657551721479939,Boredom,Joy,0.0001858008187067592
0.013657551721479939,Boredom,Pride,0.0001491413329679036
0.013657551721479939,Boredom,Sadness,9.417429932029188e-05
0.013657551721479939,Boredom,Shame,0.00029298940829670657
0.013657551721479939,Fear,Boredom,0.0004473604185573815
0.013657551721479939,Fear,Fear,0.9798568426004552
0.013657551721479939,Fear,Happiness,0.0005318753990151061
0.013657551721479939,Fear,Joy,0.0006407591848405503
0.013657551721479939,Fear,Pride,0.0007446347027629261
0.013657551721479939,Fear,Sadness,0.005261859427188358
0.013657551721479939,Fear,Shame,0.012516668267180524
0.013657551721479939,Happiness,Boredom,0.0037552275255403134
0.013657551721479939,Happiness,Fear,0.0003918628920259666
0.013657551721479939,Happiness,Happiness,0.9486818687359577
0.013657551721479939,Happiness,Joy,0.0006473646055983268
0.013657551721479939,Happiness,Pride,0.018773845297251786
0.013657551721479939,Happiness,Sadness,0.000767057512438743
0.013657551721479939,Happiness,Shame,0.026982773431187487
0.013657551721479939,Joy,Boredom,0.0004870150945013407
0.013657551721479939,Joy,Fear,0.0013843330075543746
0.013657551721479939,Joy,Happiness,0.0013460712424796302
0.013657551721479939,Joy,Joy,0.6716310027175144
0.013657551721479939,Joy,Pride,0.28603739066561845
0.013657551721479939,Joy,Sadness,0.0011027039106188594
0.013657551721479939,Joy,Shame,0.038011483361712735
0.013657551721479939,Pride,Boredom,0.001338520293395701
0.013657551721479939,Pride,Fear,0.002030181717498811
0.013657551721479939,Pride,Happiness,0.004633415025483553
0.013657551721479939,Pride,Joy,0.05326404572986184
0.013657551721479939,Pride,Pride,0.8815204759881611
0.013657551721479939,Pride,Sadness,0.0022799680233092723
0.013657551721479939,Pride,Shame,0.054933393222289975
0.013657551721479939,Sadness,Boredom,0.0001780800957822623
0.013657551721479939,Sadness,Fear,0.00491563286251053
0.013657551721479939,Sadness,Happiness,0.0003315746055597778
0.013657551721479939,Sadness,Joy,0.0006426872191175274
0.013657551721479939,Sadness,Pride,0.0007317617087997235
0.013657551721479939,Sadness,Sadness,0.980670813296
0.013657551721479939,Sadness,Shame,0.01252945021223044
0.013657551721479939,Shame,Boredom,0.00046629386538435625
0.013657551721479939,Shame,Fear,0.34259008141254627
0.013657551721479939,Shame,Happiness,0.00032007207784414234
0.013657551721479939,Shame,Joy,0.000616163900382279
0.013657551721479939,Shame,Pride,0.0008484351947961782
0.013657551721479939,Shame,Sadness,0.0016268056486614313
0.013657551721479939,Shame,Shame,0.6535321479003852
0.012577255178344316,Boredom,Boredom,0.9991436003299158
0.012577255178344316,Boredom,Fear,0.0001334227400585975
0.012577255178344316,Boredom,Happiness,2.3642993834085053e-06
0.012577255178344316,Boredom,Joy,0.0001813980709734611
0.012577255178344316,Boredom,Pride,0.00015021754965529715
0.012577255178344316,Boredom,Sadness,9.269991268263486e-05
0.012577255178344316,Boredom,Shame,0.0002962970973310946
0.012577255178344316,Fear,Boredom,0.00046631826542872177
0.012577255178344316,Fear,Fear,0.9795736578349963
0.012577255178344316,Fear,Happiness,0.0005409732731212194
0.012577255178344316,Fear,Joy,0.0006436579817865379
0.012577255178344316,Fear,Pride,0.0007673940310162805
0.012577255178344316,Fear,Sadness,0.005268319893907635
0.012577255178344316,Fear,Shame,0.012739678719743325
0.012577255178344316,Happiness,Boredom,0.0034976769266108765
0.012577255178344316,Happiness,Fear,0.00036189807093678925
0.012577255178344316,Happiness,Happiness,0.9515331486898508
0.012577255178344316,Happiness,Joy,0.0005964745400658749
0.012577255178344316,Happiness,Pride,0.0160381931179697
0.012577255178344316,Happiness,Sadness,0.0006931353071478593
0.012577255178344316,Happiness,Shame,0.027279473347418058
0.012577255178344316,Joy,Boredom,0.00029861234726519665
0.012577255178344316,Joy,Fear,0.001131538308397795
0.012577255178344316,Joy,Happiness,0.0009619259303082067
0.012577255178344316,Joy,Joy,0.6279425476991132
0.012577255178344316,Joy,Pride,0.31519133185548714
0.012577255178344316,Joy,Sadness,0.0008809525036452968
0.012577255178344316,Joy,Shame,0.05359309135578303
0.012577255178344316,Pride,Boredom,0.003105428149850485
0.012577255178344316,Pride,Fear,0.004593834951603046
0.012577255178344316,Pride,Happiness,0.00943326970344319
0.012577255178344316,Pride,Joy,0.08502823507804422
0.012577255178344316,Pride,Pride,0.7481291006788702
0.012577255178344316,Pride,Sadness,0.004879690684439514
0.012577255178344316,Pride,Shame,0.1448304407537491
0.012577255178344316,Sadness,Boredom,0.0001841673252681244
0.012577255178344316,Sadness,Fear,0.004801022645865757
0.012577255178344316,Sadness,Happiness,0.0003167705243185855
0.012577255178344316,Sadness,Joy,0.0006400795947821837
0.012577255178344316,Sadness,Pride,0.000764682612849986
0.012577255178344316,Sadness,Sadness,0.980159540144011
0.012577255178344316,Sadness,Shame,0.01313373715290442
0.012577255178344316,Shame,Boredom,0.00047280344353025576
0.012577255178344316,Shame,Fear,0.3278463189136345
0.012577255178344316,Shame,Happiness,0.0003133338022995293
0.012577255178344316,Shame,Joy,0.0006845422071079487
0.012577255178344316,Shame,Pride,0.0019032776650624288
0.012577255178344316,Shame,Sadness,0.0015957862284123275
0.012577255178344316,Shame,Shame,0.6671839377399532
0.013034998318081956,Boredom,Boredom,0.9991411297958205
0.013034998318081956,Boredom,Fear,0.00013337968046136432
0.013034998318081956,Boredom,Happiness,2.4019974672658945e-06
0.013034998318081956,Boredom,Joy,0.00018360598233023025
0.013034998318081956,Boredom,Pride,0.00014929265008879088
0.013034998318081956,Boredom,Sadness,9.387117969414055e-05
0.013034998318081956,Boredom,Shame,0.0002963187141375974
0.013034998318081956,Fear,Boredom,0.00045604708101165225
0.013034998318081956,Fear,Fear,0.9798305954148022
0.013034998318081956,Fear,Happiness,0.0005432448500880646
0.013034998318081956,Fear,Joy,0.0006315654474624486
0.013034998318081956,Fear,Pride,0.0007677593743605109
0.013034998318081956,Fear,Sadness,0.005314940794752708
0.013034998318081956,Fear,Shame,0.012455847037522477
0.013034998318081956,Happiness,Boredom,0.003630932257292878
0.013034998318081956,Happiness,Fear,0.00038219199961316014
0.013034998318081956,Happiness,Happiness,0.9505574073004915
0.013034998318081956,Happiness,Joy,0.0006255657715715426
0.013034998318081956,Happiness,Pride,0.01718050795853138
0.013034998318081956,Happiness,Sadness,0.000753042274909671
0.013034998318081956,Happiness,Shame,0.026870352437589923
0.013034998318081956,Joy,Boredom,0.0004214240115814648
0.013034998318081956,Joy,Fear,0.0013131474886388366
0.013034998318081956,Joy,Happiness,0.0011988892115480719
0.013034998318081956,Joy,Joy,0.6552036040906578
0.013034998318081956,Joy,Pride,0.3003970064619725
0.013034998318081956,Joy,Sadness,0.0010309933398037433
0.013034998318081956,Joy,Shame,0.04043493539579757
0.013034998318081956,Pride,Boredom,0.0007813838125206579
0.013034998318081956,Pride,Fear,0.0012321921646678159
0.013034998318081956,Pride,Happiness,0.0029025981958663814
0.013034998318081956,Pride,Joy,0.038947101381097686
0.013034998318081956,Pride,Pride,0.8849343583386287
0.013034998318081956,Pride,Sadness,0.0014770821263646661
0.013034998318081956,Pride,Shame,0.0697252839808542
0.013034998318081956,Sadness,Boredom,0.0001843128247806818
0.013034998318081956,Sadness,Fear,0.004956794997486954
0.013034998318081956,Sadness,Happiness,0.00032732878264202047
0.013034998318081956,Sadness,Joy,0.000641475333376873
0.013034998318081956,Sadness,Pride,0.0007416519524955296
0.013034998318081956,Sadness,Sadness,0.979914207652536
0.013034998318081956,Sadness,Shame,0.013234228456681983
0.013034998318081956,Shame,Boredom,0.0004540000007559975
0.013034998318081956,Shame,Fear,0.32530823217839316
0.013034998318081956,Shame,Happiness,0.0003111708896483782
0.013034998318081956,Shame,Joy,0.0005812884912289114
0.013034998318081956,Shame,Pride,0.0008688724732534435
0.013034998318081956,Shame,Sadness,0.0015643925821918583
0.013034998318081956,Shame,Shame,0.6709120433845288
0.012621771698273235,Boredom,Boredom,0.9991437917601926
0.012621771698273235,Boredom,Fear,0.00013411827961914283
0.012621771698273235,Boredom,Happiness,2.364572306156722e-06
0.012621771698273235,Boredom,Joy,0.00017982275266135813
0.012621771698273235,Boredom,Pride,0.00015158550603471932
0.012621771698273235,Boredom,Sadness,9.16597805743144e-05
0.012621771698273235,Boredom,Shame,0.00029665734861139705
0.012621771698273235,Fear,Boredom,0.0004628022763602516
0.012621771698273235,Fear,Fear,0.9798435138495197
0.012621771698273235,Fear,Happiness,0.0005430300651694201
0.012621771698273235,Fear,Joy,0.0006519061183455307
0.012621771698273235,Fear,Pride,0.000763047874804281
0.012621771698273235,Fear,Sadness,0.005254130934869487
0.012621771698273235,Fear,Shame,0.012481568880931212
0.012621771698273235,Happiness,Boredom,0.0034935143249036306
0.012621771698273235,Happiness,Fear,0.000370666486585864
0.012621771698273235,Happiness,Happiness,0.9525816419209997
0.012621771698273235,Happiness,Joy,0.0006248700174246767
0.012621771698273235,Happiness,Pride,0.015997778175209244
0.012621771698273235,Happiness,Sadness,0.0007119851224789016
0.012621771698273235,Happiness,Shame,0.026219543952397905
0.012621771698273235,Joy,Boredom,0.00034748756324200854
0.012621771698273235,Joy,Fear,0.0011567449961376833
0.012621771698273235,Joy,Happiness,0.001066595530858446
0.012621771698273235,Joy,Joy,0.6617374276405591
0.012621771698273235,Joy,Pride,0.2864497777031605
0.012621771698273235,Joy,Sadness,0.0009572291981919396
0.012621771698273235,Joy,Shame,0.048284737367850404
0.012621771698273235,Pride,Boredom,0.004940486469326504
0.012621771698273235,Pride,Fear,0.00730574706863766
0.012621771698273235,Pride,Happiness,0.014152839331865513
0.012621771698273235,Pride,Joy,0.10757840630562092
0.012621771698273235,Pride,Pride,0.7294651162997547
0.012621771698273235,Pride,Sadness,0.007534211512714026
0.012621771698273235,Pride,Shame,0.1290231930120809
0.012621771698273235,Sadness,Boredom,0.00018219127509183465
0.012621771698273235,Sadness,Fear,0.004835322244287647
0.012621771698273235,Sadness,Happiness,0.0003200484642414368
0.012621771698273235,Sadness,Joy,0.0006429004164108961
0.012621771698273235,Sadness,Pride,0.0007733199093619914
0.012621771698273235,Sadness,Sadness,0.9803572873846554
0.012621771698273235,Sadness,Shame,0.012888930305950883
0.012621771698273235,Shame,Boredom,0.0004708736395667174
0.012621771698273235,Shame,Fear,0.32963204652553746
0.012621771698273235,Shame,Happiness,0.00031647147822539014
0.012621771698273235,Shame,Joy,0.0007092045450955358
0.012621771698273235,Shame,Pride,0.002079423229241856
0.012621771698273235,Shame,Sadness,0.0016053837784233533
0.012621771698273235,Shame,Shame,0.6651865968039097
0.013824073906569876,Boredom,Boredom,0.9991381422707617
0.013824073906569876,Boredom,Fear,0.00013546112957548573
0.013824073906569876,Boredom,Happiness,2.4615244210677644e-06
0.013824073906569876,Boredom,Joy,0.0001871343008022765
0.013824073906569876,Boredom,Pride,0.00015052405027671573
0.013824073906569876,Boredom,Sadness,9.371089089512049e-05
0.013824073906569876,Boredom,Shame,0.0002925658332677172
0.013824073906569876,Fear,Boredom,0.00044370598546094106
0.013824073906569876,Fear,Fear,0.9798112827873374
0.013824073906569876,Fear,Happiness,0.000529785414817921
0.013824073906569876,Fear,Joy,0.0006359247059088338
0.013824073906569876,Fear,Pride,0.0007474239797217334
0.013824073906569876,Fear,Sadness,0.00530134499865681
0.013824073906569876,Fear,Shame,0.01253053212809621
0.013824073906569876,Happiness,Boredom,0.0038270841311533036
0.013824073906569876,Happiness,Fear,0.0003853116688459592
0.013824073906569876,Happiness,Happiness,0.946974787359733
0.013824073906569876,Happiness,Joy,0.0006345751111724075
0.013824073906569876,Happiness,Pride,0.019244327604757333
0.013824073906569876,Happiness,Sadness,0.0007532020999847795
0.013824073906569876,Happiness,Shame,0.028180712024353582
0.013824073906569876,Joy,Boredom,0.00042195785060435517
0.013824073906569876,Joy,Fear,0.0013003747600074213
0.013824073906569876,Joy,Happiness,0.001207179823453007
0.013824073906569876,Joy,Joy,0.6469278537874322
0.013824073906569876,Joy,Pride,0.30670861575946456
0.013824073906569876,Joy,Sadness,0.0010048170462747192
0.013824073906569876,Joy,Shame,0.04242920097276377
0.013824073906569876,Pride,Boredom,0.0013189048230505469
0.013824073906569876,Pride,Fear,0.0019967567464962716
0.013824073906569876,Pride,Happiness,0.004581135766665938
0.013824073906569876,Pride,Joy,0.05292966141069855
0.013824073906569876,Pride,Pride,0.8602298540409252
0.013824073906569876,Pride,Sadness,0.002236537031491729
0.013824073906569876,Pride,Shame,0.07670715018067217
0.013824073906569876,Sadness,Boredom,0.00017601707680880445
0.013824073906569876,Sadness,Fear,0.004850250757640153
0.013824073906569876,Sadness,Happiness,0.0003311503674550806
0.013824073906569876,Sadness,Joy,0.0006399703884672663
0.013824073906569876,Sadness,Pride,0.0007315247027860303
0.013824073906569876,Sadness,Sadness,0.9806731245211956
0.013824073906569876,Sadness,Shame,0.01259796218564743
0.013824073906569876,Shame,Boredom,0.00047327127245289384
0.013824073906569876,Shame,Fear,0.3517865511855168
0.013824073906569876,Shame,Happiness,0.00032694524723032777
0.013824073906569876,Shame,Joy,0.0006297247730626259
0.013824073906569876,Shame,Pride,0.0009231072808093815
0.013824073906569876,Shame,Sadness,0.0016841261158414451
0.013824073906569876,Shame,Shame,0.6441762741250867
0.013051529902073105,Boredom,Boredom,0.9991388674928255
0.013051529902073105,Boredom,Fear,0.00013286316983352405
0.013051529902073105,Boredom,Happiness,2.3851207526809253e-06
0.013051529902073105,Boredom,Joy,0.0001842731884195977
0.013051529902073105,Boredom,Pride,0.00015269705586408645
0.013051529902073105,Boredom,Sadness,9.256675516257899e-05
0.013051529902073105,Boredom,Shame,0.0002963472171419581
0.013051529902073105,Fear,Boredom,0.00045440959278145724
0.013051529902073105,Fear,Fear,0.9799827585214088
0.013051529902073105,Fear,Happiness,0.0005424865601592121
0.013051529902073105,Fear,Joy,0.0006588760526942359
0.013051529902073105,Fear,Pride,0.0007572102247841706
0.013051529902073105,Fear,Sadness,0.005310568208591124
0.013051529902073105,Fear,Shame,0.012293690839580828
0.013051529902073105,Happiness,Boredom,0.0035468727117575153
0.013051529902073105,Happiness,Fear,0.00038502758000003696
0.013051529902073105,Happiness,Happiness,0.9514338522121717
0.013051529902073105,Happiness,Joy,0.0006365781862851535
0.013051529902073105,Happiness,Pride,0.016973247331241514
0.013051529902073105,Happiness,Sadness,0.0007584604185053965
0.013051529902073105,Happiness,Shame,0.026265961560038426
0.013051529902073105,Joy,Boredom,0.00044531969710322384
0.013051529902073105,Joy,Fear,0.0012476155777923327
0.013051529902073105,Joy,Happiness,0.0012833505586502792
0.013051529902073105,Joy,Joy,0.7078801776655218
0.013051529902073105,Joy,Pride,0.24535946747725282
0.013051529902073105,Joy,Sadness,0.0010967994949947157
0.013051529902073105,Joy,Shame,0.042687269528684575
0.013051529902073105,Pride,Boredom,0.003028101415217526
0.013051529902073105,Pride,Fear,0.004476036317158554
0.013051529902073105,Pride,Happiness,0.009285154971271439
0.013051529902073105,Pride,Joy,0.08403974308813453
0.013051529902073105,Pride,Pride,0.8011430443087605
0.013051529902073105,Pride,Sadness,0.004746453801038601
0.013051529902073105,Pride,Shame,0.09328146609841863
0.013051529902073105,Sadness,Boredom,0.00018264031190446062
0.013051529902073105,Sadness,Fear,0.004897654172888882
0.013051529902073105,Sadness,Happiness,0.00032689944281009704
0.013051529902073105,Sadness,Joy,0.0006414056223146124
0.013051529902073105,Sadness,Pride,0.0007611689710303736
0.013051529902073105,Sadness,Sadness,0.9802371274700652
0.013051529902073105,Sadness,Shame,0.012953104008986431
0.013051529902073105,Shame,Boredom,0.0004607078984782823
0.013051529902073105,Shame,Fear,0.33155132087252676
0.013051529902073105,Shame,Happiness,0.00031688492861555226
0.013051529902073105,Shame,Joy,0.0006733838405704635
0.013051529902073105,Shame,Pride,0.0015889875513542685
0.013051529902073105,Shame,Sadness,0.0016142741337320102
0.013051529902073105,Shame,Shame,0.6637944407747228
0.014202995658390742,Boredom,Boredom,0.9991454782666119
0.014202995658390742,Boredom,Fear,0.00013449455959933074
0.014202995658390742,Boredom,Happiness,2.4824533942213425e-06
0.014202995658390742,Boredom,Joy,0.00018683833016469974
0.014202995658390742,Boredom,Pride,0.0001491553982412503
0.014202995658390742,Boredom,Sadness,9.559016782200515e-05
0.014202995658390742,Boredom,Shame,0.0002859608241664687
0.014202995658390742,Fear,Boredom,0.00043999053323638107
0.014202995658390742,Fear,Fear,0.9795336040115171
0.014202995658390742,Fear,Happiness,0.0005263653344126793
0.014202995658390742,Fear,Joy,0.0006224525549646248
0.014202995658390742,Fear,Pride,0.000755218128860854
0.014202995658390742,Fear,Sadness,0.005378992528601008
0.014202995658390742,Fear,Shame,0.012743376908407182
0.014202995658390742,Happiness,Boredom,0.003923270727268312
0.014202995658390742,Happiness,Fear,0.0003864300256672256
0.014202995658390742,Happiness,Happiness,0.9450275866771924
0.014202995658390742,Happiness,Joy,0.0006350984127015148
0.014202995658390742,Happiness,Pride,0.01996047085762302
0.014202995658390742,Happiness,Sadness,0.0007605589339611431
0.014202995658390742,Happiness,Shame,0.029306584365585996
0.014202995658390742,Joy,Boredom,0.00043565227539572795
0.014202995658390742,Joy,Fear,0.0013340250115809818
0.014202995658390742,Joy,Happiness,0.0012066982169002597
0.014202995658390742,Joy,Joy,0.6335876652449984
0.014202995658390742,Joy,Pride,0.32088645963146284
0.014202995658390742,Joy,Sadness,0.0010015385662328494
0.014202995658390742,Joy,Shame,0.041547961053428756
0.014202995658390742,Pride,Boredom,0.0005062337114227751
0.014202995658390742,Pride,Fear,0.0008639421332310826
0.014202995658390742,Pride,Happiness,0.0019485328645955555
0.014202995658390742,Pride,Joy,0.02899247405138304
0.014202995658390742,Pride,Pride,0.8987016747670286
0.014202995658390742,Pride,Sadness,0.001042583663251457
0.014202995658390742,Pride,Shame,0.06794455880908755
0.014202995658390742,Sadness,Boredom,0.00017381060955767562
0.014202995658390742,Sadness,Fear,0.004863311805372408
0.014202995658390742,Sadness,Happiness,0.0003351221409651039
0.014202995658390742,Sadness,Joy,0.0006418439582480276
0.014202995658390742,Sadness,Pride,0.000725045835536191
0.014202995658390742,Sadness,Sadness,0.9809997705092383
0.014202995658390742,Sadness,Shame,0.01226109514108201
0.014202995658390742,Shame,Boredom,0.0004588569890988518
0.014202995658390742,Shame,Fear,0.3457692675953302
0.014202995658390742,Shame,Happiness,0.00031817352559425377
0.014202995658390742,Shame,Joy,0.000583461352716142
0.014202995658390742,Shame,Pride,0.000859769816359712
0.014202995658390742,Shame,Sadness,0.0016734352248085095
0.014202995658390742,Shame,Shame,0.6503370354960921
0.014117301772230473,Boredom,Boredom,0.9991475532352828
0.014117301772230473,Boredom,Fear,0.00013342261871544857
0.014117301772230473,Boredom,Happiness,2.395992703922829e-06
0.014117301772230473,Boredom,Joy,0.00018567346963935
0.014117301772230473,Boredom,Pride,0.00014430611446118792
0.014117301772230473,Boredom,Sadness,9.556824430788117e-05
0.014117301772230473,Boredom,Shame,0.00029108032488934864
0.014117301772230473,Fear,Boredom,0.0004385133053028404
0.014117301772230473,Fear,Fear,0.979578385780392
0.014117301772230473,Fear,Happiness,0.000527256209279271
0.014117301772230473,Fear,Joy,0.0006504399916100297
0.014117301772230473,Fear,Pride,0.0007370395089991463
0.014117301772230473,Fear,Sadness,0.005315465463118566
0.014117301772230473,Fear,Shame,0.012752899741297936
0.014117301772230473,Happiness,Boredom,0.003788371113812058
0.014117301772230473,Happiness,Fear,0.000393663668696339
0.014117301772230473,Happiness,Happiness,0.9477007726215517
0.014117301772230473,Happiness,Joy,0.0006617429660115281
0.014117301772230473,Happiness,Pride,0.018967796725156597
0.014117301772230473,Happiness,Sadness,0.0007758158022704345
0.014117301772230473,Happiness,Shame,0.027711837102501514
0.014117301772230473,Joy,Boredom,0.0004708786554742916
0.014117301772230473,Joy,Fear,0.0013136886538776444
0.014117301772230473,Joy,Happiness,0.0012957970980328627
0.014117301772230473,Joy,Joy,0.6715447330143656
0.014117301772230473,Joy,Pride,0.2825729880395826
0.014117301772230473,Joy,Sadness,0.001075872903422509
0.014117301772230473,Joy,Shame,0.041726041635245
0.014117301772230473,Pride,Boredom,0.0024499700295280485
0.014117301772230473,Pride,Fear,0.0036241465084682167
0.014117301772230473,Pride,Happiness,0.007699185747613523
0.014117301772230473,Pride,Joy,0.07449382861420367
0.014117301772230473,Pride,Pride,0.8325724231403803
0.014117301772230473,Pride,Sadness,0.0038804158067068306
0.014117301772230473,Pride,Shame,0.07528003015309902
0.014117301772230473,Sadness,Boredom,0.00017584887110294465
0.014117301772230473,Sadness,Fear,0.004863941926546156
0.014117301772230473,Sadness,Happiness,0.0003321423323963327
0.014117301772230473,Sadness,Joy,0.0006430718251348242
0.014117301772230473,Sadness,Pride,0.0007309812051864992
0.014117301772230473,Sadness,Sadness,0.9809768643161951
0.014117301772230473,Sadness,Shame,0.012277149523437931
0.014117301772230473,Shame,Boredom,0.0004575655540573662
0.014117301772230473,Shame,Fear,0.343382838090768
0.014117301772230473,Shame,Happiness,0.00031686410427301734
0.014117301772230473,Shame,Joy,0.0006287970291560062
0.014117301772230473,Shame,Pride,0.0009809902491803458
0.014117301772230473,Shame,Sadness,0.0016481495671677076
0.014117301772230473,Shame,Shame,0.6525847954053976
0.01386011369004174,Boredom,Boredom,0.9991490336392166
0.01386011369004174,Boredom,Fear,0.00013288670432939044
0.01386011369004174,Boredom,Happiness,2.420796150056137e-06
0.01386011369004174,Boredom,Joy,0.00018492207246032324
0.01386011369004174,Boredom,Pride,0.00014715235535764796
0.01386011369004174,Boredom,Sadness,9.476118095621523e-05
0.01386011369004174,Boredom,Shame,0.00028882325152960943
0.01386011369004174,Fear,Boredom,0.0004426817446478598
0.01386011369004174,Fear,Fear,0.9797104880847755
0.01386011369004174,Fear,Happiness,0.0005282300929294282
0.01386011369004174,Fear,Joy,0.0006417694166802172
0.01386011369004174,Fear,Pride,0.0007454009855051759
0.01386011369004174,Fear,Sadness,0.005312546168922396
0.01386011369004174,Fear,Shame,0.012618883506539448
0.01386011369004174,Happiness,Boredom,0.003735010394923004
0.01386011369004174,Happiness,Fear,0.00038736233010664507
0.01386011369004174,Happiness,Happiness,0.9484442319932035
0.01386011369004174,Happiness,Joy,0.0006330772570101558
0.01386011369004174,Happiness,Pride,0.018438778463752418
0.01386011369004174,Happiness,Sadness,0.0007550422335789838
0.01386011369004174,Happiness,Shame,0.027606497327425376
0.01386011369004174,Joy,Boredom,0.0004682263844220778
0.01386011369004174,Joy,Fear,0.0013433563525672878
0.01386011369004174,Joy,Happiness,0.0012967851354014582
0.01386011369004174,Joy,Joy,0.6627564441928114
0.01386011369004174,Joy,Pride,0.29193274689625864
0.01386011369004174,Joy,Sadness,0.0010660435416926417
0.01386011369004174,Joy,Shame,0.04113639749684657
0.01386011369004174,Pride,Boredom,0.0015281096053002309
0.01386011369004174,Pride,Fear,0.00228940134236457
0.01386011369004174,Pride,Happiness,0.0051836472089211065
0.01386011369004174,Pride,Joy,0.05740043714328112
0.01386011369004174,Pride,Pride,0.8619121831671225
0.01386011369004174,Pride,Sadness,0.0025429032742654055
0.01386011369004174,Pride,Shame,0.06914331825874537
0.01386011369004174,Sadness,Boredom,0.00017696581309232048
0.01386011369004174,Sadness,Fear,0.004890391022514522
0.01386011369004174,Sadness,Happiness,0.0003322636564152489
0.01386011369004174,Sadness,Joy,0.0006419047228939035
0.01386011369004174,Sadness,Pride,0.0007269537053766985
0.01386011369004174,Sadness,Sadness,0.9807656622569825
0.01386011369004174,Sadness,Shame,0.012465858822725275
0.01386011369004174,Shame,Boredom,0.0004741159621587692
0.01386011369004174,Shame,Fear,0.35282443823498705
0.01386011369004174,Shame,Happiness,0.00032640838062351235
0.01386011369004174,Shame,Joy,0.0006355641258867391
0.01386011369004174,Shame,Pride,0.0008952975536853997
0.01386011369004174,Shame,Sadness,0.0016917426936107725
0.01386011369004174,Shame,Shame,0.6431524330490477
0.012116629487454676,Boredom,Boredom,0.9991444224941609
0.012116629487454676,Boredom,Fear,0.00013338364859907383
0.012116629487454676,Boredom,Happiness,2.3116550539755305e-06
0.012116629487454676,Boredom,Joy,0.0001795467302313826
0.012116629487454676,Boredom,Pride,0.0001539602520216624
0.012116629487454676,Boredom,Sadness,8.995014943501268e-05
0.012116629487454676,Boredom,Shame,0.00029642507049816103
0.012116629487454676,Fear,Boredom,0.0004704903399064321
0.012116629487454676,Fear,Fear,0.9805629334654049
0.012116629487454676,Fear,Happiness,0.0005363583420274962
0.012116629487454676,Fear,Joy,0.0006581358970163372
0.012116629487454676,Fear,Pride,0.0007778748171872353
0.012116629487454676,Fear,Sadness,0.005271865309728593
0.012116629487454676,Fear,Shame,0.011722341828729006
0.012116629487454676,Happiness,Boredom,0.00321742235542278
0.012116629487454676,Happiness,Fear,0.0003663238579717396
0.012116629487454676,Happiness,Happiness,0.9561433971792256
0.012116629487454676,Happiness,Joy,0.000636310917299965
0.012116629487454676,Happiness,Pride,0.014484940644848902
0.012116629487454676,Happiness,Sadness,0.0006923799669461823
0.012116629487454676,Happiness,Shame,0.02445922507828483
0.012116629487454676,Joy,Boredom,0.0003996314700898049
0.012116629487454676,Joy,Fear,0.0011808513823599062
0.012116629487454676,Joy,Happiness,0.0011806121837182615
0.012116629487454676,Joy,Joy,0.7096700457575421
0.012116629487454676,Joy,Pride,0.24057121809921994
0.012116629487454676,Joy,Sadness,0.0010404878851612072
0.012116629487454676,Joy,Shame,0.045957153221908485
0.012116629487454676,Pride,Boredom,0.008030321775050192
0.012116629487454676,Pride,Fear,0.011901518695928093
0.012116629487454676,Pride,Happiness,0.021617648333732444
0.012116629487454676,Pride,Joy,0.13560111373946904
0.012116629487454676,Pride,Pride,0.6713802274031972
0.012116629487454676,Pride,Sadness,0.011982724281800708
0.012116629487454676,Pride,Shame,0.13948644577082187
0.012116629487454676,Sadness,Boredom,0.00018803994407821223
0.012116629487454676,Sadness,Fear,0.004788991353983055
0.012116629487454676,Sadness,Happiness,0.00030848660848174883
0.012116629487454676,Sadness,Joy,0.0006515647762031497
0.012116629487454676,Sadness,Pride,0.0008271605281023496
0.012116629487454676,Sadness,Sadness,0.9802687220893144
0.012116629487454676,Sadness,Shame,0.01296703469983725
0.012116629487454676,Shame,Boredom,0.0005120386663517173
0.012116629487454676,Shame,Fear,0.34525533567269107
0.012116629487454676,Shame,Happiness,0.0003420500370624593
0.012116629487454676,Shame,Joy,0.0009160496879122035
0.012116629487454676,Shame,Pride,0.004210766646388566
0.012116629487454676,Shame,Sadness,0.0017760391783989175
0.012116629487454676,Shame,Shame,0.6469877201111949
0.013596879149410558,Boredom,Boredom,0.9991448768344297
0.013596879149410558,Boredom,Fear,0.00013377045190565075
0.013596879149410558,Boredom,Happiness,2.398197784387725e-06
0.013596879149410558,Boredom,Joy,0.00018313897938827166
0.013596879149410558,Boredom,Pride,0.00014806534383000815
0.013596879149410558,Boredom,Sadness,9.445862965111641e-05
0.013596879149410558,Boredom,Shame,0.0002932915630110093
0.013596879149410558,Fear,Boredom,0.00044855292204026663
0.013596879149410558,Fear,Fear,0.9800206906509444
0.013596879149410558,Fear,Happiness,0.0005334031944158328
0.013596879149410558,Fear,Joy,0.0006369512294044426
0.013596879149410558,Fear,Pride,0.000755373626151756
0.013596879149410558,Fear,Sadness,0.005298202610169225
0.013596879149410558,Fear,Shame,0.012306825766873933
0.013596879149410558,Happiness,Boredom,0.0038005456281874675
0.013596879149410558,Happiness,Fear,0.0003795928272490995
0.013596879149410558,Happiness,Happiness,0.9470393499746627
0.013596879149410558,Happiness,Joy,0.000622321652971156
0.013596879149410558,Happiness,Pride,0.01904293226474983
0.013596879149410558,Happiness,Sadness,0.0007327447385141844
0.013596879149410558,Happiness,Shame,0.02838251291366544
0.013596879149410558,Joy,Boredom,0.0003793488438466495
0.013596879149410558,Joy,Fear,0.0012186294728947014
0.013596879149410558,Joy,Happiness,0.0011255240480630593
0.013596879149410558,Joy,Joy,0.6592605518977994
0.013596879149410558,Joy,Pride,0.2944531524737014
0.013596879149410558,Joy,Sadness,0.0009590872166731879
0.013596879149410558,Joy,Shame,0.04260370604702176
0.013596879149410558,Pride,Boredom,0.0008649469837865219
0.013596879149410558,Pride,Fear,0.0013579235032315344
0.013596879149410558,Pride,Happiness,0.003174803518130214
0.013596879149410558,Pride,Joy,0.0417131558533886
0.013596879149410558,Pride,Pride,0.862971207272282
0.013596879149410558,Pride,Sadness,0.0015777827254870307
0.013596879149410558,Pride,Shame,0.0883401801436934
0.013596879149410558,Sadness,Boredom,0.00017870718582230466
0.013596879149410558,Sadness,Fear,0.004879307675633187
0.013596879149410558,Sadness,Happiness,0.0003294823599795811
0.013596879149410558,Sadness,Joy,0.0006454006609302622
0.013596879149410558,Sadness,Pride,0.0007354044173118167
0.013596879149410558,Sadness,Sadness,0.9806825560164071
0.013596879149410558,Sadness,Shame,0.012549141683916075
0.013596879149410558,Shame,Boredom,0.0004597030475143114
0.013596879149410558,Shame,Fear,0.3372783970756114
0.013596879149410558,Shame,Happiness,0.0003160057298036813
0.013596879149410558,Shame,Joy,0.0006055110973251395
0.013596879149410558,Shame,Pride,0.0009323473513746728
0.013596879149410558,Shame,Sadness,0.0016134083260461484
0.013596879149410558,Shame,Shame,0.6587946273723246
0.013963705215874913,Boredom,Boredom,0.9991419593211708
0.013963705215874913,Boredom,Fear,0.0001342367410200267
0.013963705215874913,Boredom,Happiness,2.4816737953701735e-06
0.013963705215874913,Boredom,Joy,0.00018810358477449032
0.013963705215874913,Boredom,Pride,0.0001477071218447757
0.013963705215874913,Boredom,Sadness,9.558326938526478e-05
0.013963705215874913,Boredom,Shame,0.00028992828800919934
0.013963705215874913,Fear,Boredom,0.0004402005858862276
0.013963705215874913,Fear,Fear,0.9796361329518797
0.013963705215874913,Fear,Happiness,0.0005270943654529039
0.013963705215874913,Fear,Joy,0.000630043314432428
0.013963705215874913,Fear,Pride,0.0007508310879478738
0.013963705215874913,Fear,Sadness,0.005359341113858283
0.013963705215874913,Fear,Shame,0.012656356580542925
0.013963705215874913,Happiness,Boredom,0.0038316970560610367
0.013963705215874913,Happiness,Fear,0.0003885467813610207
0.013963705215874913,Happiness,Happiness,0.9467778572548526
0.013963705215874913,Happiness,Joy,0.0006375855017104133
0.013963705215874913,Happiness,Pride,0.019914264030871445
0.013963705215874913,Happiness,Sadness,0.0007560695124559222
0.013963705215874913,Happiness,Shame,0.0276939798626876
0.013963705215874913,Joy,Boredom,0.0004485317300332288
0.013963705215874913,Joy,Fear,0.0013642287392986615
0.013963705215874913,Joy,Happiness,0.0012389466373472614
0.013963705215874913,Joy,Joy,0.6395118543749286
0.013963705215874913,Joy,Pride,0.3171737582294338
0.013963705215874913,Joy,Sadness,0.0010271058443962228
0.013963705215874913,Joy,Shame,0.039235574444562146
0.013963705215874913,Pride,Boredom,0.000835923981391175
0.013963705215874913,Pride,Fear,0.0013186985919694215
0.013963705215874913,Pride,Happiness,0.00308564297377781
0.013963705215874913,Pride,Joy,0.040307796056547655
0.013963705215874913,Pride,Pride,0.8926842449530981
0.013963705215874913,Pride,Sadness,0.0015379637375722258
0.013963705215874913,Pride,Shame,0.06022972970564375
0.013963705215874913,Sadness,Boredom,0.00017639763681853634
0.013963705215874913,Sadness,Fear,0.004897180079751617
0.013963705215874913,Sadness,Happiness,0.00033329682074925536
0.013963705215874913,Sadness,Joy,0.0006424288955348816
0.013963705215874913,Sadness,Pride,0.0007272469247172331
0.013963705215874913,Sadness,Sadness,0.9808685368828876
0.013963705215874913,Sadness,Shame,0.012354912759540712
0.013963705215874913,Shame,Boredom,0.00045527453576147417
0.013963705215874913,Shame,Fear,0.3411687927095728
0.013963705215874913,Shame,Happiness,0.00031413063458326986
0.013963705215874913,Shame,Joy,0.000593974395874301
0.013963705215874913,Shame,Pride,0.0008575510659206847
0.013963705215874913,Shame,Sadness,0.0016470846133935515
0.013963705215874913,Shame,Shame,0.654963192044894
0.014084792680893429,Boredom,Boredom,0.9991473593573278
0.014084792680893429,Boredom,Fear,0.00013511801042144782
0.014084792680893429,Boredom,Happiness,2.514952395159775e-06
0.014084792680893429,Boredom,Joy,0.0001879924551960765
0.014084792680893429,Boredom,Pride,0.00014550104444819594
0.014084792680893429,Boredom,Sadness,9.439460185388274e-05
0.014084792680893429,Boredom,Shame,0.00028711957835735795
0.014084792680893429,Fear,Boredom,0.00044187589301933014
0.014084792680893429,Fear,Fear,0.979780735108938
0.014084792680893429,Fear,Happiness,0.0005300344392682942
0.014084792680893429,Fear,Joy,0.0006002049987812707
0.014084792680893429,Fear,Pride,0.000758485305137592
0.014084792680893429,Fear,Sadness,0.005300115429999029
0.014084792680893429,Fear,Shame,0.012588548824856518
0.014084792680893429,Happiness,Boredom,0.003952219637844069
0.014084792680893429,Happiness,Fear,0.00039782239053157294
0.014084792680893429,Happiness,Happiness,0.9450744103148337
0.014084792680893429,Happiness,Joy,0.0006544895141261442
0.014084792680893429,Happiness,Pride,0.02034371694462524
0.014084792680893429,Happiness,Sadness,0.0007672200534774832
0.014084792680893429,Happiness,Shame,0.028810121144562086
0.014084792680893429,Joy,Boredom,0.0004759972540541778
0.014084792680893429,Joy,Fear,0.0014635118083239109
0.014084792680893429,Joy,Happiness,0.0012755248689778388
0.014084792680893429,Joy,Joy,0.6160481385825206
0.014084792680893429,Joy,Pride,0.343051484161599
0.014084792680893429,Joy,Sadness,0.001038519489237536
0.014084792680893429,Joy,Shame,0.03664682383528706
0.014084792680893429,Pride,Boredom,0.00027507797713622424
0.014084792680893429,Pride,Fear,0.000571558073334052
0.014084792680893429,Pride,Happiness,0.0010730356479210733
0.014084792680893429,Pride,Joy,0.017925022863253672
0.014084792680893429,Pride,Pride,0.9365717546468978
0.014084792680893429,Pride,Sadness,0.0007071282521246544
0.014084792680893429,Pride,Shame,0.042876422539333006
0.014084792680893429,Sadness,Boredom,0.00017487103954049235
0.014084792680893429,Sadness,Fear,0.004891915582407595
0.014084792680893429,Sadness,Happiness,0.0003345201719893187
0.014084792680893429,Sadness,Joy,0.0006432350334223084
0.014084792680893429,Sadness,Pride,0.0007272971450282469
0.014084792680893429,Sadness,Sadness,0.9807581672308124
0.014084792680893429,Sadness,Shame,0.012469993796799769
0.014084792680893429,Shame,Boredom,0.00046572657789377143
0.014084792680893429,Shame,Fear,0.34997966188293084
0.014084792680893429,Shame,Happiness,0.0003228162988285012
0.014084792680893429,Shame,Joy,0.0005610839940167647
0.014084792680893429,Shame,Pride,0.0008577872576551607
0.014084792680893429,Shame,Sadness,0.0016679049680706716
0.014084792680893429,Shame,Shame,0.6461450190206041
0.01422802938246787,Boredom,Boredom,0.9991465261559453
0.01422802938246787,Boredom,Fear,0.00013407515828489907
0.01422802938246787,Boredom,Happiness,2.4573748129962794e-06
0.01422802938246787,Boredom,Joy,0.00018675201944526906
0.01422802938246787,Boredom,Pride,0.00014890229110055964
0.01422802938246787,Boredom,Sadness,9.523955908924727e-05
0.01422802938246787,Boredom,Shame,0.0002860474413218037
0.01422802938246787,Fear,Boredom,0.0004297106522734612
0.01422802938246787,Fear,Fear,0.980213589618296
0.01422802938246787,Fear,Happiness,0.0005194419743336156
0.01422802938246787,Fear,Joy,0.0006256481742598618
0.01422802938246787,Fear,Pride,0.0007390233212301065
0.01422802938246787,Fear,Sadness,0.005134935545927686
0.01422802938246787,Fear,Shame,0.01233765071367938
0.01422802938246787,Happiness,Boredom,0.00430628743259231
0.01422802938246787,Happiness,Fear,0.00042431727823769987
0.01422802938246787,Happiness,Happiness,0.9228955281794167
0.01422802938246787,Happiness,Joy,0.0008024635814886612
0.01422802938246787,Happiness,Pride,0.034191708572397186
0.01422802938246787,Happiness,Sadness,0.0008210406336700287
0.01422802938246787,Happiness,Shame,0.03655865432219767
0.01422802938246787,Joy,Boredom,0.00042886320932061057
0.01422802938246787,Joy,Fear,0.0013173369357584819
0.01422802938246787,Joy,Happiness,0.0011849570250278
0.01422802938246787,Joy,Joy,0.6321453317891225
0.01422802938246787,Joy,Pride,0.3224966569296051
0.01422802938246787,Joy,Sadness,0.0009883959975248385
0.01422802938246787,Joy,Shame,0.04143845811364126
0.01422802938246787,Pride,Boredom,0.10490254595621165
0.01422802938246787,Pride,Fear,0.01862893149936588
0.01422802938246787,Pride,Happiness,0.07809432861238048
0.01422802938246787,Pride,Joy,0.026755061919087438
0.01422802938246787,Pride,Pride,0.2862292686991877
0.01422802938246787,Pride,Sadness,0.01716695293280017
0.01422802938246787,Pride,Shame,0.4682229103809665
0.01422802938246787,Sadness,Boredom,0.0011854006306697053
0.01422802938246787,Sadness,Fear,0.005249801380141871
0.01422802938246787,Sadness,Happiness,0.0010159632465497606
0.01422802938246787,Sadness,Joy,0.001030151556939054
0.01422802938246787,Sadness,Pride,0.0015950756894373469
0.01422802938246787,Sadness,Sadness,0.9444562397961248
0.01422802938246787,Sadness,Shame,0.04546736770013769
0.01422802938246787,Shame,Boredom,0.00015790290503091522
0.01422802938246787,Shame,Fear,0.02989193812070439
0.01422802938246787,Shame,Happiness,3.975731749017817e-05
0.01422802938246787,Shame,Joy,8.443392344856696e-05
0.01422802938246787,Shame,Pride,0.00020649278408131064
0.01422802938246787,Shame,Sadness,0.00016528491422749004
0.01422802938246787,Shame,Shame,0.969454190035017
0.01322174715735155,Boredom,Boredom,0.9991403471065993
0.01322174715735155,Boredom,Fear,0.00013269676159459337
0.01322174715735155,Boredom,Happiness,2.424961996075917e-06
0.01322174715735155,Boredom,Joy,0.0001842499784740098
0.01322174715735155,Boredom,Pride,0.0001513320875251788
0.01322174715735155,Boredom,Sadness,9.26234720416443e-05
0.01322174715735155,Boredom,Shame,0.0002963256317693051
0.01322174715735155,Fear,Boredom,0.0004441070106167426
0.01322174715735155,Fear,Fear,0.9804255203661651
0.01322174715735155,Fear,Happiness,0.0005225211940871675
0.01322174715735155,Fear,Joy,0.0006413840524739545
0.01322174715735155,Fear,Pride,0.0007404835186711299
0.01322174715735155,Fear,Sadness,0.005001979440996959
0.01322174715735155,Fear,Shame,0.012224004416988947
0.01322174715735155,Happiness,Boredom,0.004041797980092604
0.01322174715735155,Happiness,Fear,0.00043633129650232506
0.01322174715735155,Happiness,Happiness,0.9309972793106336
0.01322174715735155,Happiness,Joy,0.0008237462289377712
0.01322174715735155,Happiness,Pride,0.02985610469920635
0.01322174715735155,Happiness,Sadness,0.0008265177786005948
0.01322174715735155,Happiness,Shame,0.033018222706026626
0.01322174715735155,Joy,Boredom,0.0005154882337856387
0.01322174715735155,Joy,Fear,0.0013885201839290576
0.01322174715735155,Joy,Happiness,0.0014148730254229004
0.01322174715735155,Joy,Joy,0.7015320424299735
0.01322174715735155,Joy,Pride,0.25333452522633965
0.01322174715735155,Joy,Sadness,0.001159510933835336
0.01322174715735155,Joy,Shame,0.04065503996671401
0.01322174715735155,Pride,Boredom,0.10438197912554985
0.01322174715735155,Pride,Fear,0.018892793309448288
0.01322174715735155,Pride,Happiness,0.06849927092588264
0.01322174715735155,Pride,Joy,0.03143510143257943
0.01322174715735155,Pride,Pride,0.341740769131668
0.01322174715735155,Pride,Sadness,0.0177515326335466
0.01322174715735155,Pride,Shame,0.41729855344132566
0.01322174715735155,Sadness,Boredom,0.0010062066736384071
0.01322174715735155,Sadness,Fear,0.005040853388878186
0.01322174715735155,Sadness,Happiness,0.0009210867875705054
0.01322174715735155,Sadness,Joy,0.0009744303979185686
0.01322174715735155,Sadness,Pride,0.0015532234731674963
0.01322174715735155,Sadness,Sadness,0.9407697995509536
0.01322174715735155,Sadness,Shame,0.0497343997278733
0.01322174715735155,Shame,Boredom,0.00014140203822187797
0.01322174715735155,Shame,Fear,0.02757498760927925
0.01322174715735155,Shame,Happiness,3.784897217027009e-05
0.01322174715735155,Shame,Joy,8.154971589324326e-05
0.01322174715735155,Shame,Pride,0.0003077930135285106
0.01322174715735155,Shame,Sadness,0.00015428533129157164
0.01322174715735155,Shame,Shame,0.971702133319615
0.014561586252040513,Boredom,Boredom,0.9991446963700307
0.014561586252040513,Boredom,Fear,0.0001333928991339717
0.014561586252040513,Boredom,Happiness,2.4778780056561424e-06
0.014561586252040513,Boredom,Joy,0.00018854917913074546
0.014561586252040513,Boredom,Pride,0.00015476534943282714
0.014561586252040513,Boredom,Sadness,9.640163496418705e-05
0.014561586252040513,Boredom,Shame,0.0002797166893019505
0.014561586252040513,Fear,Boredom,0.0004245284017713138
0.014561586252040513,Fear,Fear,0.9804486129629977
0.014561586252040513,Fear,Happiness,0.000521698565688825
0.014561586252040513,Fear,Joy,0.0006075036787905966
0.014561586252040513,Fear,Pride,0.0007448547340417003
0.014561586252040513,Fear,Sadness,0.0051076645170992216
0.014561586252040513,Fear,Shame,0.012145137139610993
0.014561586252040513,Happiness,Boredom,0.004395984493627931
0.014561586252040513,Happiness,Fear,0.00041933357624093434
0.014561586252040513,Happiness,Happiness,0.9194774320854644
0.014561586252040513,Happiness,Joy,0.0007970824119562824
0.014561586252040513,Happiness,Pride,0.037176307887967566
0.014561586252040513,Happiness,Sadness,0.0008247799321842559
0.014561586252040513,Happiness,Shame,0.036909079612558675
0.014561586252040513,Joy,Boredom,0.0004132850676032172
0.014561586252040513,Joy,Fear,0.0013335912288024519
0.014561586252040513,Joy,Happiness,0.001134077315731213
0.014561586252040513,Joy,Joy,0.6170107458097974
0.014561586252040513,Joy,Pride,0.3410765918527604
0.014561586252040513,Joy,Sadness,0.000955754657831257
0.014561586252040513,Joy,Shame,0.038075954067473924
0.014561586252040513,Pride,Boredom,0.10784933609009055
0.014561586252040513,Pride,Fear,0.018780509524243743
0.014561586252040513,Pride,Happiness,0.07799073688743124
0.014561586252040513,Pride,Joy,0.024260409474757653
0.014561586252040513,Pride,Pride,0.26220103520058907
0.014561586252040513,Pride,Sadness,0.0172219696568555
0.014561586252040513,Pride,Shame,0.49169600316603246
0.014561586252040513,Sadness,Boredom,0.001183579083761949
0.014561586252040513,Sadness,Fear,0.005225365468664389
0.014561586252040513,Sadness,Happiness,0.001003076298717721
0.014561586252040513,Sadness,Joy,0.0010285933832542326
0.014561586252040513,Sadness,Pride,0.0015914639995876132
0.014561586252040513,Sadness,Sadness,0.9442464772407326
0.014561586252040513,Sadness,Shame,0.04572144452528122
0.014561586252040513,Shame,Boredom,0.000175383747708115
0.014561586252040513,Shame,Fear,0.031797810836505874
0.014561586252040513,Shame,Happiness,4.229160742879828e-05
0.014561586252040513,Shame,Joy,8.770986713650985e-05
0.014561586252040513,Shame,Pride,0.00017419640380614032
0.014561586252040513,Shame,Sadness,0.00017220294243973903
0.014561586252040513,Shame,Shame,0.9675504045949749
0.014703854183764823,Boredom,Boredom,0.999148125799018
0.014703854183764823,Boredom,Fear,0.0001333523308028762
0.014703854183764823,Boredom,Happiness,2.4836625620541737e-06
0.014703854183764823,Boredom,Joy,0.00018804679591231428
0.014703854183764823,Boredom,Pride,0.00015318226042513117
0.014703854183764823,Boredom,Sadness,9.65039803794931e-05
0.014703854183764823,Boredom,Shame,0.00027830517090027084
0.014703854183764823,Fear,Boredom,0.000418846798744905
0.014703854183764823,Fear,Fear,0.9804585609588529
0.014703854183764823,Fear,Happiness,0.000523398247898261
0.014703854183764823,Fear,Joy,0.000595710426486312
0.014703854183764823,Fear,Pride,0.0007485585268597964
0.014703854183764823,Fear,Sadness,0.005130335317692384
0.014703854183764823,Fear,Shame,0.012124589723465907
0.014703854183764823,Happiness,Boredom,0.004224496748300245
0.014703854183764823,Happiness,Fear,0.00039473697184292457
0.014703854183764823,Happiness,Happiness,0.9221694959992239
0.014703854183764823,Happiness,Joy,0.0007432372809558091
0.014703854183764823,Happiness,Pride,0.03631404663764189
0.014703854183764823,Happiness,Sadness,0.0007877791541967883
0.014703854183764823,Happiness,Shame,0.03536620720783831
0.014703854183764823,Joy,Boredom,0.0003958331631943493
0.014703854183764823,Joy,Fear,0.0013661428233504114
0.014703854183764823,Joy,Happiness,0.0010761896475022389
0.014703854183764823,Joy,Joy,0.5861251948772037
0.014703854183764823,Joy,Pride,0.37425459082278995
0.014703854183764823,Joy,Sadness,0.0009050188091521946
0.014703854183764823,Joy,Shame,0.03587702985680724
0.014703854183764823,Pride,Boredom,0.10789788370343635
0.014703854183764823,Pride,Fear,0.01854184248215242
0.014703854183764823,Pride,Happiness,0.07973978047554375
0.014703854183764823,Pride,Joy,0.02345847844453959
0.014703854183764823,Pride,Pride,0.22328040476150013
0.014703854183764823,Pride,Sadness,0.01691978616383195
0.014703854183764823,Pride,Shame,0.5301618239689962
0.014703854183764823,Sadness,Boredom,0.0011843882789791347
0.014703854183764823,Sadness,Fear,0.00518324927453838
0.014703854183764823,Sadness,Happiness,0.0010025633498146834
0.014703854183764823,Sadness,Joy,0.0010314665413274496
0.014703854183764823,Sadness,Pride,0.001598921177506963
0.014703854183764823,Sadness,Sadness,0.9438855553151552
0.014703854183764823,Sadness,Shame,0.04611385606267845
0.014703854183764823,Shame,Boredom,0.0001854785632308859
0.014703854183764823,Shame,Fear,0.032860309548902414
0.014703854183764823,Shame,Happiness,4.3635831510143114e-05
0.014703854183764823,Shame,Joy,8.859752814517017e-05
0.014703854183764823,Shame,Pride,0.00016331760772741086
0.014703854183764823,Shame,Sadness,0.00017812140841066496
0.014703854183764823,Shame,Shame,0.9664805395120735
0.012539978954903497,Boredom,Boredom,0.9991431322654858
0.012539978954903497,Boredom,Fear,0.00013308752679383685
0.012539978954903497,Boredom,Happiness,2.3734641751642884e-06
0.012539978954903497,Boredom,Joy,0.00018220317747172233
0.012539978954903497,Boredom,Pride,0.0001501873522876867
0.012539978954903497,Boredom,Sadness,9.111012819673365e-05
0.012539978954903497,Boredom,Shame,0.00029790608558909117
0.012539978954903497,Fear,Boredom,0.00045773758042692907
0.012539978954903497,Fear,Fear,0.9807752942646154
0.012539978954903497,Fear,Happiness,0.0005332885109723854
0.012539978954903497,Fear,Joy,0.0006413444284245038
0.012539978954903497,Fear,Pride,0.0007449279814043011
0.012539978954903497,Fear,Sadness,0.005034486125022097
0.012539978954903497,Fear,Shame,0.01181292110913484
0.012539978954903497,Happiness,Boredom,0.0039002911583447203
0.012539978954903497,Happiness,Fear,0.0004027860932587707
0.012539978954903497,Happiness,Happiness,0.9325237030169249
0.012539978954903497,Happiness,Joy,0.0007557261514742712
0.012539978954903497,Happiness,Pride,0.028261645147567228
0.012539978954903497,Happiness,Sadness,0.0007584338966720897
0.012539978954903497,Happiness,Shame,0.03339741453575806
0.012539978954903497,Joy,Boredom,0.0003953611667251248
0.012539978954903497,Joy,Fear,0.0012438612611632375
0.012539978954903497,Joy,Happiness,0.0011831675041290674
0.012539978954903497,Joy,Joy,0.6757048806842538
0.012539978954903497,Joy,Pride,0.27593713349260857
0.012539978954903497,Joy,Sadness,0.0010267601223848844
0.012539978954903497,Joy,Shame,0.04450883576873566
0.012539978954903497,Pride,Boredom,0.10307396328099115
0.012539978954903497,Pride,Fear,0.018116090315380303
0.012539978954903497,Pride,Happiness,0.062399747503520085
0.012539978954903497,Pride,Joy,0.03365303440186925
0.012539978954903497,Pride,Pride,0.33193718041883963
0.012539978954903497,Pride,Sadness,0.017034206181458907
0.012539978954903497,Pride,Shame,0.43378577789794076
0.012539978954903497,Sadness,Boredom,0.0009991999244218222
0.012539978954903497,Sadness,Fear,0.004940957202389933
0.012539978954903497,Sadness,Happiness,0.0009077032908669999
0.012539978954903497,Sadness,Joy,0.000968518627168051
0.012539978954903497,Sadness,Pride,0.001587606832637228
0.012539978954903497,Sadness,Sadness,0.9416140276643574
0.012539978954903497,Sadness,Shame,0.048981986458158634
0.012539978954903497,Shame,Boredom,0.00012601818605260508
0.012539978954903497,Shame,Fear,0.025347204053631844
0.012539978954903497,Shame,Happiness,3.5934338934907435e-05
0.012539978954903497,Shame,Joy,7.393982299767957e-05
0.012539978954903497,Shame,Pride,0.0005710520362449021
0.012539978954903497,Shame,Sadness,0.0001551595640645579
0.012539978954903497,Shame,Shame,0.9736906919980736
0.013025538085848592,Boredom,Boredom,0.9991428559070612
0.013025538085848592,Boredom,Fear,0.00013167702494805213
0.013025538085848592,Boredom,Happiness,2.3775065477949894e-06
0.013025538085848592,Boredom,Joy,0.00018267528062885466
0.013025538085848592,Boredom,Pride,0.00015093354708406348
0.013025538085848592,Boredom,Sadness,9.209347843810691e-05
0.013025538085848592,Boredom,Shame,0.00029738725529176844
0.013025538085848592,Fear,Boredom,0.0004484582579448151
0.013025538085848592,Fear,Fear,0.9806587332789392
0.013025538085848592,Fear,Happiness,0.0005338083958251955
0.013025538085848592,Fear,Joy,0.0006325358374204488
0.013025538085848592,Fear,Pride,0.0007615082472775055
0.013025538085848592,Fear,Sadness,0.0050731418260757215
0.013025538085848592,Fear,Shame,0.011891814156517138
0.013025538085848592,Happiness,Boredom,0.004230191043262655
0.013025538085848592,Happiness,Fear,0.00039197821710313573
0.013025538085848592,Happiness,Happiness,0.9250397494493348
0.013025538085848592,Happiness,Joy,0.0007635757431928326
0.013025538085848592,Happiness,Pride,0.03129285153119865
0.013025538085848592,Happiness,Sadness,0.0007535969321809681
0.013025538085848592,Happiness,Shame,0.037528057083726966
0.013025538085848592,Joy,Boredom,0.0002917959071757308
0.013025538085848592,Joy,Fear,0.0011307847566754505
0.013025538085848592,Joy,Happiness,0.0009081324390296155
0.013025538085848592,Joy,Joy,0.6076555944117823
0.013025538085848592,Joy,Pride,0.33525584914418777
0.013025538085848592,Joy,Sadness,0.0008336034660404035
0.013025538085848592,Joy,Shame,0.0539242398751084
0.013025538085848592,Pride,Boredom,0.10285422000445361
0.013025538085848592,Pride,Fear,0.017779527206728568
0.013025538085848592,Pride,Happiness,0.06653665579102779
0.013025538085848592,Pride,Joy,0.03231040905827856
0.013025538085848592,Pride,Pride,0.31027020114864245
0.013025538085848592,Pride,Sadness,0.016696958145196936
0.013025538085848592,Pride,Shame,0.4535520286456722
0.013025538085848592,Sadness,Boredom,0.0011975550195368933
0.013025538085848592,Sadness,Fear,0.005266787709100532
0.013025538085848592,Sadness,Happiness,0.0009688931239190906
0.013025538085848592,Sadness,Joy,0.0010321448634878607
0.013025538085848592,Sadness,Pride,0.0017072149362488353
0.013025538085848592,Sadness,Sadness,0.940612383212692
0.013025538085848592,Sadness,Shame,0.04921502113501472
0.013025538085848592,Shame,Boredom,0.00013074585858489349
0.013025538085848592,Shame,Fear,0.026152436557789423
0.013025538085848592,Shame,Happiness,3.766147390033501e-05
0.013025538085848592,Shame,Joy,7.61764131872524e-05
0.013025538085848592,Shame,Pride,0.0009896379957318048
0.013025538085848592,Shame,Sadness,0.00017792234985897776
0.013025538085848592,Shame,Shame,0.9724354193509473
0.014095666997767807,Boredom,Boredom,0.9991465220848402
0.014095666997767807,Boredom,Fear,0.00013374806948978886
0.014095666997767807,Boredom,Happiness,2.5083860705540206e-06
0.014095666997767807,Boredom,Joy,0.00018940216141563902
0.014095666997767807,Boredom,Pride,0.0001451064467989885
0.014095666997767807,Boredom,Sadness,9.395044204204753e-05
0.014095666997767807,Boredom,Shame,0.0002887624093427228
0.014095666997767807,Fear,Boredom,0.00043128518264646295
0.014095666997767807,Fear,Fear,0.9803075191263146
0.014095666997767807,Fear,Happiness,0.0005207413094868257
0.014095666997767807,Fear,Joy,0.0005720975946085512
0.014095666997767807,Fear,Pride,0.0007494508809632908
0.014095666997767807,Fear,Sadness,0.005080496161518877
0.014095666997767807,Fear,Shame,0.012338409744461354
0.014095666997767807,Happiness,Boredom,0.004351015644076043
0.014095666997767807,Happiness,Fear,0.00042571467043164975
0.014095666997767807,Happiness,Happiness,0.9224069608472378
0.014095666997767807,Happiness,Joy,0.0008056742596374238
0.014095666997767807,Happiness,Pride,0.034322380863567876
0.014095666997767807,Happiness,Sadness,0.0008145941186068086
0.014095666997767807,Happiness,Shame,0.0368736595964426
0.014095666997767807,Joy,Boredom,0.00037542565570771467
0.014095666997767807,Joy,Fear,0.0011993206069822765
0.014095666997767807,Joy,Happiness,0.0010658233229053485
0.014095666997767807,Joy,Joy,0.5681401785221865
0.014095666997767807,Joy,Pride,0.3917243763421147
0.014095666997767807,Joy,Sadness,0.0009066692994371843
0.014095666997767807,Joy,Shame,0.036588206250666465
0.014095666997767807,Pride,Boredom,0.10446161217200658
0.014095666997767807,Pride,Fear,0.017832503667941816
0.014095666997767807,Pride,Happiness,0.07309613709776641
0.014095666997767807,Pride,Joy,0.021289724794454155
0.014095666997767807,Pride,Pride,0.22243884897420846
0.014095666997767807,Pride,Sadness,0.01615427523239723
0.014095666997767807,Pride,Shame,0.5447268980612251
0.014095666997767807,Sadness,Boredom,0.001194301629822981
0.014095666997767807,Sadness,Fear,0.005229197774173789
0.014095666997767807,Sadness,Happiness,0.0010026896033194727
0.014095666997767807,Sadness,Joy,0.001026476811352524
0.014095666997767807,Sadness,Pride,0.001596136858991642
0.014095666997767807,Sadness,Sadness,0.9425493925191898
0.014095666997767807,Sadness,Shame,0.04740180480315007
0.014095666997767807,Shame,Boredom,0.0001749753492847712
0.014095666997767807,Shame,Fear,0.031633749936827056
0.014095666997767807,Shame,Happiness,4.238919742406361e-05
0.014095666997767807,Shame,Joy,7.867626646722791e-05
0.014095666997767807,Shame,Pride,0.00015831152240715552
0.014095666997767807,Shame,Sadness,0.00017050446096193847
0.014095666997767807,Shame,Shame,0.9677413932666278
0.01376334571366902,Boredom,Boredom,0.9991400745162998
0.01376334571366902,Boredom,Fear,0.00013473198610806757
0.01376334571366902,Boredom,Happiness,2.4632837650393143e-06
0.01376334571366902,Boredom,Joy,0.00018515761733793707
0.01376334571366902,Boredom,Pride,0.00015003358545149958
0.01376334571366902,Boredom,Sadness,9.4026732728611e-05
0.01376334571366902,Boredom,Shame,0.0002935122783090813
0.01376334571366902,Fear,Boredom,0.0004324015452043018
0.01376334571366902,Fear,Fear,0.9805900482119914
0.01376334571366902,Fear,Happiness,0.0005244534613595317
0.01376334571366902,Fear,Joy,0.000616670687202361
0.01376334571366902,Fear,Pride,0.0007486854940422816
0.01376334571366902,Fear,Sadness,0.005038791543783262
0.01376334571366902,Fear,Shame,0.012048949056417051
0.01376334571366902,Happiness,Boredom,0.00420365788914659
0.01376334571366902,Happiness,Fear,0.0004267536964069971
0.01376334571366902,Happiness,Happiness,0.9253102572918868
0.01376334571366902,Happiness,Joy,0.0008039296802323084
0.01376334571366902,Happiness,Pride,0.03370130024741682
0.01376334571366902,Happiness,Sadness,0.0008153672182871411
0.01376334571366902,Happiness,Shame,0.034738733976623436
0.01376334571366902,Joy,Boredom,0.0004255504324311146
0.01376334571366902,Joy,Fear,0.0013438023153874413
0.01376334571366902,Joy,Happiness,0.0012000404070541689
0.01376334571366902,Joy,Joy,0.631963159064542
0.01376334571366902,Joy,Pride,0.325080574111802
0.01376334571366902,Joy,Sadness,0.0009997878101321365
0.01376334571366902,Joy,Shame,0.03898708585865062
0.01376334571366902,Pride,Boredom,0.103791884249492
0.01376334571366902,Pride,Fear,0.018378644543482914
0.01376334571366902,Pride,Happiness,0.07229276739538708
0.01376334571366902,Pride,Joy,0.025112555514666093
0.01376334571366902,Pride,Pride,0.30741178577652917
0.01376334571366902,Pride,Sadness,0.017015908294541693
0.01376334571366902,Pride,Shame,0.4559964542259011
0.01376334571366902,Sadness,Boredom,0.0011903726497561168
0.01376334571366902,Sadness,Fear,0.005256763185042735
0.01376334571366902,Sadness,Happiness,0.000996218334038662
0.01376334571366902,Sadness,Joy,0.0010281883549326503
0.01376334571366902,Sadness,Pride,0.0016083510755543014
0.01376334571366902,Sadness,Sadness,0.9421671287304849
0.01376334571366902,Sadness,Shame,0.047752977670190544
0.01376334571366902,Shame,Boredom,0.00016229721487972292
0.01376334571366902,Shame,Fear,0.03016999616011972
0.01376334571366902,Shame,Happiness,4.088272752949352e-05
0.01376334571366902,Shame,Joy,8.544144185514042e-05
0.01376334571366902,Shame,Pride,0.00021063271196548005
0.01376334571366902,Shame,Sadness,0.00016430165729312834
0.01376334571366902,Shame,Shame,0.9691664480863572
0.013987427164983546,Boredom,Boredom,0.9991453230449245
0.013987427164983546,Boredom,Fear,0.00013465565007219333
0.013987427164983546,Boredom,Happiness,2.4773730922347044e-06
0.013987427164983546,Boredom,Joy,0.00018752603136089728
0.013987427164983546,Boredom,Pride,0.00014680853093351922
0.013987427164983546,Boredom,Sadness,9.381108409131738e-05
0.013987427164983546,Boredom,Shame,0.00028939828552498154
0.013987427164983546,Fear,Boredom,0.00043206963032812556
0.013987427164983546,Fear,Fear,0.9804797169229694
0.013987427164983546,Fear,Happiness,0.0005194056044117445
0.013987427164983546,Fear,Joy,0.0006079482136031846
0.013987427164983546,Fear,Pride,0.0007477909735462797
0.013987427164983546,Fear,Sadness,0.005096797406754381
0.013987427164983546,Fear,Shame,0.012116271248386861
0.013987427164983546,Happiness,Boredom,0.0041945429820213565
0.013987427164983546,Happiness,Fear,0.00043255945388522753
0.013987427164983546,Happiness,Happiness,0.9258623951019967
0.013987427164983546,Happiness,Joy,0.0008126577297714866
0.013987427164983546,Happiness,Pride,0.03426935357903357
0.013987427164983546,Happiness,Sadness,0.000823750255222728
0.013987427164983546,Happiness,Shame,0.033604740898069044
0.013987427164983546,Joy,Boredom,0.0004803265298536329
0.013987427164983546,Joy,Fear,0.0014390852179052807
0.013987427164983546,Joy,Happiness,0.0012928420699405093
0.013987427164983546,Joy,Joy,0.6334691021996586
0.013987427164983546,Joy,Pride,0.32537476828573647
0.013987427164983546,Joy,Sadness,0.0010599379388846891
0.013987427164983546,Joy,Shame,0.03688393775802079
0.013987427164983546,Pride,Boredom,0.10419874700600255
0.013987427164983546,Pride,Fear,0.018352921871159947
0.013987427164983546,Pride,Happiness,0.07417812578232465
0.013987427164983546,Pride,Joy,0.023358814275423096
0.013987427164983546,Pride,Pride,0.29046697546329564
0.013987427164983546,Pride,Sadness,0.016818304777870764
0.013987427164983546,Pride,Shame,0.4726261108239234
0.013987427164983546,Sadness,Boredom,0.001190986160178133
0.013987427164983546,Sadness,Fear,0.005209133840622789
0.013987427164983546,Sadness,Happiness,0.0010012709104203544
0.013987427164983546,Sadness,Joy,0.0010251164936361781
0.013987427164983546,Sadness,Pride,0.0015909167615327743
0.013987427164983546,Sadness,Sadness,0.943241676099031
0.013987427164983546,Sadness,Shame,0.04674089973457898
0.013987427164983546,Shame,Boredom,0.00014197597974213851
0.013987427164983546,Shame,Fear,0.02796721733435077
0.013987427164983546,Shame,Happiness,3.701611081564523e-05
0.013987427164983546,Shame,Joy,7.357066340062904e-05
0.013987427164983546,Shame,Pride,0.00015437734900286781
0.013987427164983546,Shame,Sadness,0.00015183799445538416
0.013987427164983546,Shame,Shame,0.9714740045682323
0.013361640377430331,Boredom,Boredom,0.999147939015467
0.013361640377430331,Boredom,Fear,0.0001329924824539954
0.013361640377430331,Boredom,Happiness,2.417558362167621e-06
0.013361640377430331,Boredom,Joy,0.0001852339857426823
0.013361640377430331,Boredom,Pride,0.00014695837850543846
0.013361640377430331,Boredom,Sadness,9.210512887762003e-05
0.013361640377430331,Boredom,Shame,0.00029235345059077414
0.013361640377430331,Fear,Boredom,0.00044382597864857745
0.013361640377430331,Fear,Fear,0.9804898157097535
0.013361640377430331,Fear,Happiness,0.0005236736695288761
0.013361640377430331,Fear,Joy,0.0006325386165058771
0.013361640377430331,Fear,Pride,0.0007404559193676551
0.013361640377430331,Fear,Sadness,0.005001830322339142
0.013361640377430331,Fear,Shame,0.012167859783856377
0.013361640377430331,Happiness,Boredom,0.004194748913670743
0.013361640377430331,Happiness,Fear,0.0004467202700952811
0.013361640377430331,Happiness,Happiness,0.9291836193972665
0.013361640377430331,Happiness,Joy,0.0008444017688105478
0.013361640377430331,Happiness,Pride,0.03187598020352893
0.013361640377430331,Happiness,Sadness,0.0008479466533636137
0.013361640377430331,Happiness,Shame,0.03260658279326416
0.013361640377430331,Joy,Boredom,0.0005542083815380775
0.013361640377430331,Joy,Fear,0.0015096060448104183
0.013361640377430331,Joy,Happiness,0.0014924324710299732
0.013361640377430331,Joy,Joy,0.6902693881881219
0.013361640377430331,Joy,Pride,0.26752280817960045
0.013361640377430331,Joy,Sadness,0.0012068944124733719
0.013361640377430331,Joy,Shame,0.03744466232242579
0.013361640377430331,Pride,Boredom,0.10459628291654458
0.013361640377430331,Pride,Fear,0.018128449057376764
0.013361640377430331,Pride,Happiness,0.06695507311602195
0.013361640377430331,Pride,Joy,0.026850862600319842
0.013361640377430331,Pride,Pride,0.3053005032059026
0.013361640377430331,Pride,Sadness,0.016709186573414653
0.013361640377430331,Pride,Shame,0.4614596425304196
0.013361640377430331,Sadness,Boredom,0.001198471852861188
0.013361640377430331,Sadness,Fear,0.0053031123393330465
0.013361640377430331,Sadness,Happiness,0.0009709985545603854
0.013361640377430331,Sadness,Joy,0.001022940955364899
0.013361640377430331,Sadness,Pride,0.0016085017002079943
0.013361640377430331,Sadness,Sadness,0.9412522526935897
0.013361640377430331,Sadness,Shame,0.048643721904082546
0.013361640377430331,Shame,Boredom,0.0001426887486451152
0.013361640377430331,Shame,Fear,0.02772007608712948
0.013361640377430331,Shame,Happiness,3.815995652620886e-05
0.013361640377430331,Shame,Joy,8.007329974613906e-05
0.013361640377430331,Shame,Pride,0.00015287836511701722
0.013361640377430331,Shame,Sadness,0.00014830309179583728
0.013361640377430331,Shame,Shame,0.9717178204510403
0.014658081185711911,Boredom,Boredom,0.9991426973372831
0.014658081185711911,Boredom,Fear,0.00013325645541243045
0.014658081185711911,Boredom,Happiness,2.4804458415986204e-06
0.014658081185711911,Boredom,Joy,0.00018929624506527413
0.014658081185711911,Boredom,Pride,0.00015432705523214294
0.014658081185711911,Boredom,Sadness,9.611444771999375e-05
0.014658081185711911,Boredom,Shame,0.0002818280134457441
0.014658081185711911,Fear,Boredom,0.00042323861003954914
0.014658081185711911,Fear,Fear,0.9805639408426008
0.014658081185711911,Fear,Happiness,0.0005230889296076142
0.014658081185711911,Fear,Joy,0.0006181871702882678
0.014658081185711911,Fear,Pride,0.0007415691920219519
0.014658081185711911,Fear,Sadness,0.005104441261353616
0.014658081185711911,Fear,Shame,0.012025533994088315
0.014658081185711911,Happiness,Boredom,0.004111372977089121
0.014658081185711911,Happiness,Fear,0.0004123567813145507
0.014658081185711911,Happiness,Happiness,0.9250696142277024
0.014658081185711911,Happiness,Joy,0.0007692965838237587
0.014658081185711911,Happiness,Pride,0.034028285333059786
0.014658081185711911,Happiness,Sadness,0.0008148255697339044
0.014658081185711911,Happiness,Shame,0.03479424852727649
0.014658081185711911,Joy,Boredom,0.0004347501041074133
0.014658081185711911,Joy,Fear,0.0013397871952408559
0.014658081185711911,Joy,Happiness,0.001178958800804542
0.014658081185711911,Joy,Joy,0.6289394192553163
0.014658081185711911,Joy,Pride,0.32967334337859894
0.014658081185711911,Joy,Sadness,0.0009850872552256045
0.014658081185711911,Joy,Shame,0.037448654010705934
0.014658081185711911,Pride,Boredom,0.10812762720485435
0.014658081185711911,Pride,Fear,0.01896746494716238
0.014658081185711911,Pride,Happiness,0.08124466492860898
0.014658081185711911,Pride,Joy,0.025779011572877694
0.014658081185711911,Pride,Pride,0.2661668068282795
0.014658081185711911,Pride,Sadness,0.017369883767766447
0.014658081185711911,Pride,Shame,0.48234454075045097
0.014658081185711911,Sadness,Boredom,0.0011883509131946988
0.014658081185711911,Sadness,Fear,0.005285710506249414
0.014658081185711911,Sadness,Happiness,0.001010570370750631
0.014658081185711911,Sadness,Joy,0.0010293956890520903
0.014658081185711911,Sadness,Pride,0.001594200266014061
0.014658081185711911,Sadness,Sadness,0.9445556512818313
0.014658081185711911,Sadness,Shame,0.04533612097290799
0.014658081185711911,Shame,Boredom,0.00016851240399583792
0.014658081185711911,Shame,Fear,0.031067216492242845
0.014658081185711911,Shame,Happiness,4.092291118741479e-05
0.014658081185711911,Shame,Joy,8.72412868304942e-05
0.014658081185711911,Shame,Pride,0.00016992751435820504
0.014658081185711911,Shame,Sadness,0.0001682654333894995
0.014658081185711911,Shame,Shame,0.9682979139579957
0.014582046188114185,Boredom,Boredom,0.9991526862567767
0.014582046188114185,Boredom,Fear,0.00013327980609596568
0.014582046188114185,Boredom,Happiness,2.4454268352442656e-06
0.014582046188114185,Boredom,Joy,0.0001880361823301262
0.014582046188114185,Boredom,Pride,0.0001499361495039068
0.014582046188114185,Boredom,Sadness,9.67431656577391e-05
0.014582046188114185,Boredom,Shame,0.0002768730128005316
0.014582046188114185,Fear,Boredom,0.0004251463642337212
0.014582046188114185,Fear,Fear,0.9804099655378614
0.014582046188114185,Fear,Happiness,0.000522772050130732
0.014582046188114185,Fear,Joy,0.0005848138509416829
0.014582046188114185,Fear,Pride,0.0007465861970745244
0.014582046188114185,Fear,Sadness,0.005105956092779988
0.014582046188114185,Fear,Shame,0.012204759906977874
0.014582046188114185,Happiness,Boredom,0.004350183987839384
0.014582046188114185,Happiness,Fear,0.0004109627860201113
0.014582046188114185,Happiness,Happiness,0.9204155938329558
0.014582046188114185,Happiness,Joy,0.0007833036200251089
0.014582046188114185,Happiness,Pride,0.03749536220226993
0.014582046188114185,Happiness,Sadness,0.0008154146276558602
0.014582046188114185,Happiness,Shame,0.0357291789432336
0.014582046188114185,Joy,Boredom,0.00038128477087621347
0.014582046188114185,Joy,Fear,0.0011833592672048396
0.014582046188114185,Joy,Happiness,0.0010576540407012062
0.014582046188114185,Joy,Joy,0.5771032631778419
0.014582046188114185,Joy,Pride,0.383259968864355
0.014582046188114185,Joy,Sadness,0.0009100554408330471
0.014582046188114185,Joy,Shame,0.0361044144381877
0.014582046188114185,Pride,Boredom,0.10887321003950154
0.014582046188114185,Pride,Fear,0.01871530628682359
0.014582046188114185,Pride,Happiness,0.07777854463349251
0.014582046188114185,Pride,Joy,0.022762149992677845
0.014582046188114185,Pride,Pride,0.24587001559594324
0.014582046188114185,Pride,Sadness,0.017101174912542757
0.014582046188114185,Pride,Shame,0.5088995985390187
0.014582046188114185,Sadness,Boredom,0.0011861898713341895
0.014582046188114185,Sadness,Fear,0.005264812500030018
0.014582046188114185,Sadness,Happiness,0.0010057201465694283
0.014582046188114185,Sadness,Joy,0.0010307463549714003
0.014582046188114185,Sadness,Pride,0.0015860168603980785
0.014582046188114185,Sadness,Sadness,0.9442100635924492
0.014582046188114185,Sadness,Shame,0.045716450674247885
0.014582046188114185,Shame,Boredom,0.00017954694046408193
0.014582046188114185,Shame,Fear,0.032197445411086996
0.014582046188114185,Shame,Happiness,4.2963132784774944e-05
0.014582046188114185,Shame,Joy,8.296725303234724e-05
0.014582046188114185,Shame,Pride,0.00016355093573726113
0.014582046188114185,Shame,Sadness,0.00017347921940345275
0.014582046188114185,Shame,Shame,0.967160047107491
0.014049412849456752,Boredom,Boredom,0.9991447891691416
0.014049412849456752,Boredom,Fear,0.00013542483835854378
0.014049412849456752,Boredom,Happiness,2.50625136870684e-06
0.014049412849456752,Boredom,Joy,0.00018809273999091577
0.014049412849456752,Boredom,Pride,0.00014537639532361977
0.014049412849456752,Boredom,Sadness,9.45778123141195e-05
0.014049412849456752,Boredom,Shame,0.0002892327935027055
0.014049412849456752,Fear,Boredom,0.00043117387481078384
0.014049412849456752,Fear,Fear,0.9805373700317107
0.014049412849456752,Fear,Happiness,0.0005192245031405235
0.014049412849456752,Fear,Joy,0.0006226944251168652
0.014049412849456752,Fear,Pride,0.0007464068560636461
0.014049412849456752,Fear,Sadness,0.005127193859046951
0.014049412849456752,Fear,Shame,0.012015936450110386
0.014049412849456752,Happiness,Boredom,0.004247981045138091
0.014049412849456752,Happiness,Fear,0.00044479984861152877
0.014049412849456752,Happiness,Happiness,0.9246833610472937
0.014049412849456752,Happiness,Joy,0.0008403172540630708
0.014049412849456752,Happiness,Pride,0.03471055162305192
0.014049412849456752,Happiness,Sadness,0.0008452321720198179
0.014049412849456752,Happiness,Shame,0.034227757009822356
0.014049412849456752,Joy,Boredom,0.0005188046019390287
0.014049412849456752,Joy,Fear,0.0014896933919866541
0.014049412849456752,Joy,Happiness,0.0013839820467843793
0.014049412849456752,Joy,Joy,0.6397409061368549
0.014049412849456752,Joy,Pride,0.3197473786502404
0.014049412849456752,Joy,Sadness,0.0011128156513881336
0.014049412849456752,Joy,Shame,0.036006419520806236
0.014049412849456752,Pride,Boredom,0.10301977747768906
0.014049412849456752,Pride,Fear,0.017842074839023826
0.014049412849456752,Pride,Happiness,0.07345072072973427
0.014049412849456752,Pride,Joy,0.02445926381796522
0.014049412849456752,Pride,Pride,0.26531396899055215
0.014049412849456752,Pride,Sadness,0.016336603797950516
0.014049412849456752,Pride,Shame,0.49957759034708527
0.014049412849456752,Sadness,Boredom,0.0011921356756401519
0.014049412849456752,Sadness,Fear,0.0052398030030857785
0.014049412849456752,Sadness,Happiness,0.0010012657231949374
0.014049412849456752,Sadness,Joy,0.0010270446604033281
0.014049412849456752,Sadness,Pride,0.0015936439785450365
0.014049412849456752,Sadness,Sadness,0.9423360969865098
0.014049412849456752,Sadness,Shame,0.047610009972621256
0.014049412849456752,Shame,Boredom,0.00016194195765138823
0.014049412849456752,Shame,Fear,0.030306991194937884
0.014049412849456752,Shame,Happiness,4.036456680080779e-05
0.014049412849456752,Shame,Joy,8.583829739719305e-05
0.014049412849456752,Shame,Pride,0.00015240221666186883
0.014049412849456752,Shame,Sadness,0.00016539411149675077
0.014049412849456752,Shame,Shame,0.9690870676550539
0.014843550077745581,Boredom,Boredom,0.9991488328725714
0.014843550077745581,Boredom,Fear,0.00013383727199395057
0.014843550077745581,Boredom,Happiness,2.4737799219712197e-06
0.014843550077745581,Boredom,Joy,0.00018754160631921277
0.014843550077745581,Boredom,Pride,0.00015247833162897824
0.014843550077745581,Boredom,Sadness,9.819862349958193e-05
0.014843550077745581,Boredom,Shame,0.00027663751406502236
0.014843550077745581,Fear,Boredom,0.00041709858028473744
0.014843550077745581,Fear,Fear,0.9807308820333246
0.014843550077745581,Fear,Happiness,0.0005231853760870945
0.014843550077745581,Fear,Joy,0.0005645640126695057
0.014843550077745581,Fear,Pride,0.0007477178009836818
0.014843550077745581,Fear,Sadness,0.0051242564251177
0.014843550077745581,Fear,Shame,0.011892295771532644
0.014843550077745581,Happiness,Boredom,0.004133820087092737
0.014843550077745581,Happiness,Fear,0.0003904013138211084
0.014843550077745581,Happiness,Happiness,0.923475986334245
0.014843550077745581,Happiness,Joy,0.000732071489129665
0.014843550077745581,Happiness,Pride,0.03615524374538434
0.014843550077745581,Happiness,Sadness,0.0007671372564865409
0.014843550077745581,Happiness,Shame,0.03434533977384062
0.014843550077745581,Joy,Boredom,0.0003240775571438402
0.014843550077745581,Joy,Fear,0.001149125872422513
0.014843550077745581,Joy,Happiness,0.0009177013007332437
0.014843550077745581,Joy,Joy,0.5232542403311741
0.014843550077745581,Joy,Pride,0.44108223310197975
0.014843550077745581,Joy,Sadness,0.0008062870858350353
0.014843550077745581,Joy,Shame,0.032466334750711645
0.014843550077745581,Pride,Boredom,0.1081442286371806
0.014843550077745581,Pride,Fear,0.018859217990333597
0.014843550077745581,Pride,Happiness,0.08139255451462765
0.014843550077745581,Pride,Joy,0.02281171826321348
0.014843550077745581,Pride,Pride,0.19715951478989563
0.014843550077745581,Pride,Sadness,0.017189655618783616
0.014843550077745581,Pride,Shame,0.5544431101859656
0.014843550077745581,Sadness,Boredom,0.0011769109101508776
0.014843550077745581,Sadness,Fear,0.005200298429131729
0.014843550077745581,Sadness,Happiness,0.0010098308573827212
0.014843550077745581,Sadness,Joy,0.001028839204081377
0.014843550077745581,Sadness,Pride,0.001588849424171915
0.014843550077745581,Sadness,Sadness,0.9444085875064929
0.014843550077745581,Sadness,Shame,0.045586683668588764
0.014843550077745581,Shame,Boredom,0.00018411297905834883
0.014843550077745581,Shame,Fear,0.03279158335233672
0.014843550077745581,Shame,Happiness,4.3410197986415646e-05
0.014843550077745581,Shame,Joy,7.909023345060403e-05
0.014843550077745581,Shame,Pride,0.0001576171392977216
0.014843550077745581,Shame,Sadness,0.00017632663288904814
0.014843550077745581,Shame,Shame,0.9665678594649814
0.014349851956764638,Boredom,Boredom,0.9991496498938569
0.014349851956764638,Boredom,Fear,0.00013491021118839733
0.014349851956764638,Boredom,Happiness,2.49641762729022e-06
0.014349851956764638,Boredom,Joy,0.000187697560034485
0.014349851956764638,Boredom,Pride,0.00015051116562366025
0.014349851956764638,Boredom,Sadness,9.580535694760836e-05
0.014349851956764638,Boredom,Shame,0.0002789293947219651
0.014349851956764638,Fear,Boredom,0.00043011557530941015
0.014349851956764638,Fear,Fear,0.9802755931016194
0.014349851956764638,Fear,Happiness,0.0005190395880096568
0.014349851956764638,Fear,Joy,0.0005787920013585713
0.014349851956764638,Fear,Pride,0.000750350530162055
0.014349851956764638,Fear,Sadness,0.005074243701194291
0.014349851956764638,Fear,Shame,0.01237186550234632
0.014349851956764638,Happiness,Boredom,0.004351843921758645
0.014349851956764638,Happiness,Fear,0.00042542697036204393
0.014349851956764638,Happiness,Happiness,0.922510761335502
0.014349851956764638,Happiness,Joy,0.0008100753382538966
0.014349851956764638,Happiness,Pride,0.03680873542401813
0.014349851956764638,Happiness,Sadness,0.0008342365618133163
0.014349851956764638,Happiness,Shame,0.03425892044829179
0.014349851956764638,Joy,Boredom,0.00043417781377748875
0.014349851956764638,Joy,Fear,0.0014597803648176602
0.014349851956764638,Joy,Happiness,0.0011509931737002685
0.014349851956764638,Joy,Joy,0.583539537737631
0.014349851956764638,Joy,Pride,0.3795802884126163
0.014349851956764638,Joy,Sadness,0.0009594599030757824
0.014349851956764638,Joy,Shame,0.03287576259438134
0.014349851956764638,Pride,Boredom,0.10666990939634195
0.014349851956764638,Pride,Fear,0.018444249514020093
0.014349851956764638,Pride,Happiness,0.07740526821401258
0.014349851956764638,Pride,Joy,0.02219601611141593
0.014349851956764638,Pride,Pride,0.24360622072127683
0.014349851956764638,Pride,Sadness,0.016842391204411566
0.014349851956764638,Pride,Shame,0.5148359448385212
0.014349851956764638,Sadness,Boredom,0.0011850017925249755
0.014349851956764638,Sadness,Fear,0.00524496538862091
0.014349851956764638,Sadness,Happiness,0.0010093446673380244
0.014349851956764638,Sadness,Joy,0.0010220407565379895
0.014349851956764638,Sadness,Pride,0.0015891673285138982
0.014349851956764638,Sadness,Sadness,0.9444575865005781
0.014349851956764638,Sadness,Shame,0.04549189356588594
0.014349851956764638,Shame,Boredom,0.00016899341644158918
0.014349851956764638,Shame,Fear,0.031055859952734688
0.014349851956764638,Shame,Happiness,4.125460079206082e-05
0.014349851956764638,Shame,Joy,7.769238751377637e-05
0.014349851956764638,Shame,Pride,0.0001526321098946192
0.014349851956764638,Shame,Sadness,0.00016661198188674283
0.014349851956764638,Shame,Shame,0.9683369555507365
0.013356964401770751,Boredom,Boredom,0.9991371407298743
0.013356964401770751,Boredom,Fear,0.00013288923240039973
0.013356964401770751,Boredom,Happiness,2.4429644483413085e-06
0.013356964401770751,Boredom,Joy,0.00018594486897003344
0.013356964401770751,Boredom,Pride,0.00015082551640599172
0.013356964401770751,Boredom,Sadness,9.320034593573213e-05
0.013356964401770751,Boredom,Shame,0.0002975563419652125
0.013356964401770751,Fear,Boredom,0.0004423091686431117
0.013356964401770751,Fear,Fear,0.9805020788637578
0.013356964401770751,Fear,Happiness,0.0005237885822768006
0.013356964401770751,Fear,Joy,0.0006425959472797042
0.013356964401770751,Fear,Pride,0.0007355165429765798
0.013356964401770751,Fear,Sadness,0.005019155787988571
0.013356964401770751,Fear,Shame,0.012134555107077416
0.013356964401770751,Happiness,Boredom,0.004103076109834783
0.013356964401770751,Happiness,Fear,0.0004217547020334899
0.013356964401770751,Happiness,Happiness,0.9290642730052452
0.013356964401770751,Happiness,Joy,0.0008128432093738477
0.013356964401770751,Happiness,Pride,0.030042854205500746
0.013356964401770751,Happiness,Sadness,0.0008119201104939083
0.013356964401770751,Happiness,Shame,0.03474327865751824
0.013356964401770751,Joy,Boredom,0.00041978845906386156
0.013356964401770751,Joy,Fear,0.0012893773028051345
0.013356964401770751,Joy,Happiness,0.0012029952167035328
0.013356964401770751,Joy,Joy,0.6600449299818446
0.013356964401770751,Joy,Pride,0.29368371950460936
0.013356964401770751,Joy,Sadness,0.0010244864909302064
0.013356964401770751,Joy,Shame,0.04233470304404312
0.013356964401770751,Pride,Boredom,0.10384278519809108
0.013356964401770751,Pride,Fear,0.018246636449454796
0.013356964401770751,Pride,Happiness,0.06943695899249196
0.013356964401770751,Pride,Joy,0.03456117795126152
0.013356964401770751,Pride,Pride,0.30584266251524683
0.013356964401770751,Pride,Sadness,0.017155076454240293
0.013356964401770751,Pride,Shame,0.4509147024392136
0.013356964401770751,Sadness,Boredom,0.0010019048639992932
0.013356964401770751,Sadness,Fear,0.005026242547150477
0.013356964401770751,Sadness,Happiness,0.0009275117687993482
0.013356964401770751,Sadness,Joy,0.0009775742280535918
0.013356964401770751,Sadness,Pride,0.0015471466559737503
0.013356964401770751,Sadness,Sadness,0.9408198937653209
0.013356964401770751,Sadness,Shame,0.0496997261707025
0.013356964401770751,Shame,Boredom,0.00013738976981946693
0.013356964401770751,Shame,Fear,0.027168222987784138
0.013356964401770751,Shame,Happiness,3.728343633633576e-05
0.013356964401770751,Shame,Joy,7.975070747829718e-05
0.013356964401770751,Shame,Pride,0.0002757655198987792
0.013356964401770751,Shame,Sadness,0.00015078983683271464
0.013356964401770751,Shame,Shame,0.9721507977418505
0.014275947819028193,Boredom,Boredom,0.9991461868664523
0.014275947819028193,Boredom,Fear,0.00013529806634346922
0.014275947819028193,Boredom,Happiness,2.524652168286888e-06
0.014275947819028193,Boredom,Joy,0.00018834903197214394
0.014275947819028193,Boredom,Pride,0.00014938521901132045
0.014275947819028193,Boredom,Sadness,9.436314126358418e-05
0.014275947819028193,Boredom,Shame,0.00028389302278901846
0.014275947819028193,Fear,Boredom,0.00042716871011762894
0.014275947819028193,Fear,Fear,0.98051530664483
0.014275947819028193,Fear,Happiness,0.0005176349727585626
0.014275947819028193,Fear,Joy,0.0006057284090432859
0.014275947819028193,Fear,Pride,0.0007423162550398753
0.014275947819028193,Fear,Sadness,0.005058362024594084
0.014275947819028193,Fear,Shame,0.012133482983616484
0.014275947819028193,Happiness,Boredom,0.004318759048880394
0.014275947819028193,Happiness,Fear,0.00041536092886104893
0.014275947819028193,Happiness,Happiness,0.9230829920406917
0.014275947819028193,Happiness,Joy,0.0007928160632002306
0.014275947819028193,Happiness,Pride,0.03509848241643472
0.014275947819028193,Happiness,Sadness,0.0008074417279877399
0.014275947819028193,Happiness,Shame,0.035484147773944305
0.014275947819028193,Joy,Boredom,0.0004385030132129876
0.014275947819028193,Joy,Fear,0.001395856340202068
0.014275947819028193,Joy,Happiness,0.0011881160592344877
0.014275947819028193,Joy,Joy,0.6123125956069612
0.014275947819028193,Joy,Pride,0.3456512168968479
0.014275947819028193,Joy,Sadness,0.0009940376954145932
0.014275947819028193,Joy,Shame,0.03801967438812697
0.014275947819028193,Pride,Boredom,0.10591547494726257
0.014275947819028193,Pride,Fear,0.01845377245226627
0.014275947819028193,Pride,Happiness,0.07707363360415459
0.014275947819028193,Pride,Joy,0.02451016319561025
0.014275947819028193,Pride,Pride,0.2556252870865122
0.014275947819028193,Pride,Sadness,0.016860623686649156
0.014275947819028193,Pride,Shame,0.5015610450275448
0.014275947819028193,Sadness,Boredom,0.001185346559496724
0.014275947819028193,Sadness,Fear,0.005255395957815487
0.014275947819028193,Sadness,Happiness,0.0010146341342062912
0.014275947819028193,Sadness,Joy,0.0010277510684442127
0.014275947819028193,Sadness,Pride,0.0015897254760727966
0.014275947819028193,Sadness,Sadness,0.9436135292937669
0.014275947819028193,Sadness,Shame,0.046313617510197594
0.014275947819028193,Shame,Boredom,0.00017029298564288608
0.014275947819028193,Shame,Fear,0.031208089325651053
0.014275947819028193,Shame,Happiness,4.1648195737335864e-05
0.014275947819028193,Shame,Joy,8.671545307368196e-05
0.014275947819028193,Shame,Pride,0.00016281807098354528
0.014275947819028193,Shame,Sadness,0.00016823817722338733
0.014275947819028193,Shame,Shame,0.9681621977916881
0.013282437966711833,Boredom,Boredom,0.9991328884514314
0.013282437966711833,Boredom,Fear,0.00013266500778229815
0.013282437966711833,Boredom,Happiness,2.376108770545067e-06
0.013282437966711833,Boredom,Joy,0.00018304949698812878
0.013282437966711833,Boredom,Pride,0.0001589572407030612
0.013282437966711833,Boredom,Sadness,9.225206672561105e-05
0.013282437966711833,Boredom,Shame,0.0002978116275991665
0.013282437966711833,Fear,Boredom,0.0004447549224242638
0.013282437966711833,Fear,Fear,0.9807883621139253
0.013282437966711833,Fear,Happiness,0.0005260614355862681
0.013282437966711833,Fear,Joy,0.0006466002663041557
0.013282437966711833,Fear,Pride,0.0007453775262098141
0.013282437966711833,Fear,Sadness,0.005004460268181232
0.013282437966711833,Fear,Shame,0.011844383467369263
0.013282437966711833,Happiness,Boredom,0.00406071817259301
0.013282437966711833,Happiness,Fear,0.00041769424615765364
0.013282437966711833,Happiness,Happiness,0.9290136188631194
0.013282437966711833,Happiness,Joy,0.0008280230396082095
0.013282437966711833,Happiness,Pride,0.028625724989970174
0.013282437966711833,Happiness,Sadness,0.0007940595639928316
0.013282437966711833,Happiness,Shame,0.036260161124558786
0.013282437966711833,Joy,Boredom,0.00033859365063700406
0.013282437966711833,Joy,Fear,0.0011304072261510386
0.013282437966711833,Joy,Happiness,0.001032149917373482
0.013282437966711833,Joy,Joy,0.6544559799467792
0.013282437966711833,Joy,Pride,0.2928168051204175
0.013282437966711833,Joy,Sadness,0.0009100226759183114
0.013282437966711833,Joy,Shame,0.04931604146272339
0.013282437966711833,Pride,Boredom,0.10664632203581313
0.013282437966711833,Pride,Fear,0.019910183969207452
0.013282437966711833,Pride,Happiness,0.07358110400143364
0.013282437966711833,Pride,Joy,0.0423047189749119
0.013282437966711833,Pride,Pride,0.3404630611231893
0.013282437966711833,Pride,Sadness,0.018839571993009216
0.013282437966711833,Pride,Shame,0.39825503790243516
0.013282437966711833,Sadness,Boredom,0.0010021824431632482
0.013282437966711833,Sadness,Fear,0.005020997188256858
0.013282437966711833,Sadness,Happiness,0.0009168669707670546
0.013282437966711833,Sadness,Joy,0.0009832566300828948
0.013282437966711833,Sadness,Pride,0.0016758926068111463
0.013282437966711833,Sadness,Sadness,0.9409731784581333
0.013282437966711833,Sadness,Shame,0.04942762570278531
0.013282437966711833,Shame,Boredom,0.00017219745758106393
0.013282437966711833,Shame,Fear,0.030362717796370665
0.013282437966711833,Shame,Happiness,4.7791426895856396e-05
0.013282437966711833,Shame,Joy,0.00010582401320194767
0.013282437966711833,Shame,Pride,0.00187616787253729
0.013282437966711833,Shame,Sadness,0.00023866871572111607
0.013282437966711833,Shame,Shame,0.9671966327176922
0.014657372011760029,Boredom,Boredom,0.9991479851810309
0.014657372011760029,Boredom,Fear,0.00013367766517168275
0.014657372011760029,Boredom,Happiness,2.4492116617373698e-06
0.014657372011760029,Boredom,Joy,0.00018810609635585171
0.014657372011760029,Boredom,Pride,0.0001505483066803084
0.014657372011760029,Boredom,Sadness,9.711434784684068e-05
0.014657372011760029,Boredom,Shame,0.0002801191912524436
0.014657372011760029,Fear,Boredom,0.00042124069849825763
0.014657372011760029,Fear,Fear,0.9807493241272894
0.014657372011760029,Fear,Happiness,0.0005238118583716393
0.014657372011760029,Fear,Joy,0.0006134912459541715
0.014657372011760029,Fear,Pride,0.0007395392664760275
0.014657372011760029,Fear,Sadness,0.005101014037001739
0.014657372011760029,Fear,Shame,0.011851578766409064
0.014657372011760029,Happiness,Boredom,0.004276839932978309
0.014657372011760029,Happiness,Fear,0.0004296703450333286
0.014657372011760029,Happiness,Happiness,0.9220440915316908
0.014657372011760029,Happiness,Joy,0.000806854792678061
0.014657372011760029,Happiness,Pride,0.0349476475829939
0.014657372011760029,Happiness,Sadness,0.0008429607744333078
0.014657372011760029,Happiness,Shame,0.03665193504019199
0.014657372011760029,Joy,Boredom,0.0004098567614923013
0.014657372011760029,Joy,Fear,0.0013452722131926502
0.014657372011760029,Joy,Happiness,0.0011324838090735543
0.014657372011760029,Joy,Joy,0.6073096645434614
0.014657372011760029,Joy,Pride,0.3524173799304984
0.014657372011760029,Joy,Sadness,0.0009428543656938908
0.014657372011760029,Joy,Shame,0.03644248837658782
0.014657372011760029,Pride,Boredom,0.10774129239535982
0.014657372011760029,Pride,Fear,0.018780194543027318
0.014657372011760029,Pride,Happiness,0.07705516371773047
0.014657372011760029,Pride,Joy,0.02561493439892574
0.014657372011760029,Pride,Pride,0.2643374260366402
0.014657372011760029,Pride,Sadness,0.017325878677589664
0.014657372011760029,Pride,Shame,0.48914511023072677
0.014657372011760029,Sadness,Boredom,0.0011890847349987133
0.014657372011760029,Sadness,Fear,0.005292600820697508
0.014657372011760029,Sadness,Happiness,0.0010070429492502505
0.014657372011760029,Sadness,Joy,0.0010297436080793144
0.014657372011760029,Sadness,Pride,0.0015866199409353158
0.014657372011760029,Sadness,Sadness,0.9444964033770286
0.014657372011760029,Sadness,Shame,0.045398504569010366
0.014657372011760029,Shame,Boredom,0.00018742422806911744
0.014657372011760029,Shame,Fear,0.03312072017593855
0.014657372011760029,Shame,Happiness,4.398626640482923e-05
0.014657372011760029,Shame,Joy,9.516300252601851e-05
0.014657372011760029,Shame,Pride,0.00017695092446052727
0.014657372011760029,Shame,Sadness,0.00017935257820294903
0.014657372011760029,Shame,Shame,0.9661964028243979
0.013962638869273375,Boredom,Boredom,0.9991467985800879
0.013962638869273375,Boredom,Fear,0.00013469088435948126
0.013962638869273375,Boredom,Happiness,2.489126532230452e-06
0.013962638869273375,Boredom,Joy,0.00018793241683771056
0.013962638869273375,Boredom,Pride,0.00014366622152583623
0.013962638869273375,Boredom,Sadness,9.4434563190319e-05
0.013962638869273375,Boredom,Shame,0.00028998820746672704
0.013962638869273375,Fear,Boredom,0.0004338288358950116
0.013962638869273375,Fear,Fear,0.980537699366751
0.013962638869273375,Fear,Happiness,0.0005186918263443732
0.013962638869273375,Fear,Joy,0.0005874523620752979
0.013962638869273375,Fear,Pride,0.000753935094244526
0.013962638869273375,Fear,Sadness,0.005076383621557489
0.013962638869273375,Fear,Shame,0.012092008893132073
0.013962638869273375,Happiness,Boredom,0.004391124016975378
0.013962638869273375,Happiness,Fear,0.00042029578046704977
0.013962638869273375,Happiness,Happiness,0.9222388232371452
0.013962638869273375,Happiness,Joy,0.0007931088440930389
0.013962638869273375,Happiness,Pride,0.03553226984806534
0.013962638869273375,Happiness,Sadness,0.0008028776600993394
0.013962638869273375,Happiness,Shame,0.03582150061315451
0.013962638869273375,Joy,Boredom,0.00043085560423687533
0.013962638869273375,Joy,Fear,0.0014171840745173497
0.013962638869273375,Joy,Happiness,0.0011761617979541034
0.013962638869273375,Joy,Joy,0.6001265205424818
0.013962638869273375,Joy,Pride,0.3581536044521018
0.013962638869273375,Joy,Sadness,0.0009727146646447202
0.013962638869273375,Joy,Shame,0.03772295886406334
0.013962638869273375,Pride,Boredom,0.10463355459572321
0.013962638869273375,Pride,Fear,0.017841048067633272
0.013962638869273375,Pride,Happiness,0.07183657379120917
0.013962638869273375,Pride,Joy,0.021580054821082623
0.013962638869273375,Pride,Pride,0.24590558855805317
0.013962638869273375,Pride,Sadness,0.016284463475029275
0.013962638869273375,Pride,Shame,0.5219187166912692
0.013962638869273375,Sadness,Boredom,0.0012008569577649669
0.013962638869273375,Sadness,Fear,0.005245383512918172
0.013962638869273375,Sadness,Happiness,0.0009964968851322478
0.013962638869273375,Sadness,Joy,0.0010257774137721093
0.013962638869273375,Sadness,Pride,0.0015932768517603676
0.013962638869273375,Sadness,Sadness,0.9425791168106664
0.013962638869273375,Sadness,Shame,0.04735909156798609
0.013962638869273375,Shame,Boredom,0.0001604820366158216
0.013962638869273375,Shame,Fear,0.02994685190406167
0.013962638869273375,Shame,Happiness,4.0001076729086564e-05
0.013962638869273375,Shame,Joy,7.670024477462213e-05
0.013962638869273375,Shame,Pride,0.00015476688158277892
0.013962638869273375,Shame,Sadness,0.0001615646379169935
0.013962638869273375,Shame,Shame,0.9694596332183189
0.013861661674380878,Boredom,Boredom,0.9991414238092521
0.013861661674380878,Boredom,Fear,0.00013530186425544252
0.013861661674380878,Boredom,Happiness,2.4651323447097847e-06
0.013861661674380878,Boredom,Joy,0.00018678262481658836
0.013861661674380878,Boredom,Pride,0.00014839588680866042
0.013861661674380878,Boredom,Sadness,9.447623015999262e-05
0.013861661674380878,Boredom,Shame,0.000291154452362619
0.013861661674380878,Fear,Boredom,0.0004332029869428416
0.013861661674380878,Fear,Fear,0.9808719385175171
0.013861661674380878,Fear,Happiness,0.0005195041763411517
0.013861661674380878,Fear,Joy,0.0006203735655114385
0.013861661674380878,Fear,Pride,0.0007436500714624273
0.013861661674380878,Fear,Sadness,0.005037231140938849
0.013861661674380878,Fear,Shame,0.011774099541286095
0.013861661674380878,Happiness,Boredom,0.004370329650287909
0.013861661674380878,Happiness,Fear,0.00043723852323007906
0.013861661674380878,Happiness,Happiness,0.9235234471825825
0.013861661674380878,Happiness,Joy,0.0008277381239864011
0.013861661674380878,Happiness,Pride,0.03424396657605057
0.013861661674380878,Happiness,Sadness,0.0008276187914874093
0.013861661674380878,Happiness,Shame,0.03576966115237516
0.013861661674380878,Joy,Boredom,0.0004913165847717685
0.013861661674380878,Joy,Fear,0.0014090066473745764
0.013861661674380878,Joy,Happiness,0.0013428600399641806
0.013861661674380878,Joy,Joy,0.6566311932057418
0.013861661674380878,Joy,Pride,0.2990365948927399
0.013861661674380878,Joy,Sadness,0.001091008085074794
0.013861661674380878,Joy,Shame,0.039998020544333074
0.013861661674380878,Pride,Boredom,0.10415361797681018
0.013861661674380878,Pride,Fear,0.018283561917129692
0.013861661674380878,Pride,Happiness,0.07308506945916304
0.013861661674380878,Pride,Joy,0.025248237324477098
0.013861661674380878,Pride,Pride,0.2937224415807227
0.013861661674380878,Pride,Sadness,0.016868178665670284
0.013861661674380878,Pride,Shame,0.4686388930760268
0.013861661674380878,Sadness,Boredom,0.0011901330490393356
0.013861661674380878,Sadness,Fear,0.0052205559801455845
0.013861661674380878,Sadness,Happiness,0.0009896393882233066
0.013861661674380878,Sadness,Joy,0.0010234900161291995
0.013861661674380878,Sadness,Pride,0.0015884786589295944
0.013861661674380878,Sadness,Sadness,0.941946950712713
0.013861661674380878,Sadness,Shame,0.04804075219482
0.013861661674380878,Shame,Boredom,0.00016568188560807685
0.013861661674380878,Shame,Fear,0.03051897258156384
0.013861661674380878,Shame,Happiness,4.094439218769817e-05
0.013861661674380878,Shame,Joy,8.829365881226474e-05
0.013861661674380878,Shame,Pride,0.0001851329398566942
0.013861661674380878,Shame,Sadness,0.00016530773184181727
0.013861661674380878,Shame,Shame,0.9688356668101294
0.013490438988061675,Boredom,Boredom,0.9991405353443147
0.013490438988061675,Boredom,Fear,0.0001325382393941771
0.013490438988061675,Boredom,Happiness,2.414546017591677e-06
0.013490438988061675,Boredom,Joy,0.00018477113188054907
0.013490438988061675,Boredom,Pride,0.00015235222549775222
0.013490438988061675,Boredom,Sadness,9.383711545791609e-05
0.013490438988061675,Boredom,Shame,0.0002935513974376816
0.013490438988061675,Fear,Boredom,0.00044366177355564286
0.013490438988061675,Fear,Fear,0.9808162815113443
0.013490438988061675,Fear,Happiness,0.0005238524093907208
0.013490438988061675,Fear,Joy,0.0006430195622855926
0.013490438988061675,Fear,Pride,0.0007274495866589474
0.013490438988061675,Fear,Sadness,0.005066170427979498
0.013490438988061675,Fear,Shame,0.011779564728784995
0.013490438988061675,Happiness,Boredom,0.004109656024801695
0.013490438988061675,Happiness,Fear,0.00043422593550443585
0.013490438988061675,Happiness,Happiness,0.9294077283885496
0.013490438988061675,Happiness,Joy,0.0008145404458235914
0.013490438988061675,Happiness,Pride,0.03237104078500899
0.013490438988061675,Happiness,Sadness,0.0008149807565514145
0.013490438988061675,Happiness,Shame,0.03204782766376019
0.013490438988061675,Joy,Boredom,0.0005175852104788916
0.013490438988061675,Joy,Fear,0.001406430599692939
0.013490438988061675,Joy,Happiness,0.001414121616452344
0.013490438988061675,Joy,Joy,0.6942164063736259
0.013490438988061675,Joy,Pride,0.2627128056930172
0.013490438988061675,Joy,Sadness,0.0011580670479849576
0.013490438988061675,Joy,Shame,0.03857458345874775
0.013490438988061675,Pride,Boredom,0.10647185885447395
0.013490438988061675,Pride,Fear,0.019406378683852723
0.013490438988061675,Pride,Happiness,0.0726808322624741
0.013490438988061675,Pride,Joy,0.03279361625736532
0.013490438988061675,Pride,Pride,0.3466872423388643
0.013490438988061675,Pride,Sadness,0.018156080387194486
0.013490438988061675,Pride,Shame,0.40380399121577537
0.013490438988061675,Sadness,Boredom,0.001194176807425338
0.013490438988061675,Sadness,Fear,0.005187123791160086
0.013490438988061675,Sadness,Happiness,0.0009699259168369137
0.013490438988061675,Sadness,Joy,0.0010306883160788813
0.013490438988061675,Sadness,Pride,0.0016126432196059413
0.013490438988061675,Sadness,Sadness,0.9424094718754519
0.013490438988061675,Sadness,Shame,0.04759597007344112
0.013490438988061675,Shame,Boredom,0.00015847525538334882
0.013490438988061675,Shame,Fear,0.029483062879754954
0.013490438988061675,Shame,Happiness,4.070011034540058e-05
0.013490438988061675,Shame,Joy,8.90852757050718e-05
0.013490438988061675,Shame,Pride,0.0002722573846942561
0.013490438988061675,Shame,Sadness,0.0001641441996364084
0.013490438988061675,Shame,Shame,0.9697922748944805
0.014914866166097237,Boredom,Boredom,0.999151403345093
0.014914866166097237,Boredom,Fear,0.00013413258842305033
0.014914866166097237,Boredom,Happiness,2.447924284854508e-06
0.014914866166097237,Boredom,Joy,0.0001855907325906936
0.014914866166097237,Boredom,Pride,0.00015386582799101935
0.014914866166097237,Boredom,Sadness,9.868338601657023e-05
0.014914866166097237,Boredom,Shame,0.0002738761956009223
0.014914866166097237,Fear,Boredom,0.00041577928151676847
0.014914866166097237,Fear,Fear,0.9807388538168659
0.014914866166097237,Fear,Happiness,0.0005220257743491851
0.014914866166097237,Fear,Joy,0.0005997377520551284
0.014914866166097237,Fear,Pride,0.0007428837691339543
0.014914866166097237,Fear,Sadness,0.005151847500152816
0.014914866166097237,Fear,Shame,0.011828872105926405
0.014914866166097237,Happiness,Boredom,0.004039391293456192
0.014914866166097237,Happiness,Fear,0.0003947583006371078
0.014914866166097237,Happiness,Happiness,0.9255396541303279
0.014914866166097237,Happiness,Joy,0.0007368506501111675
0.014914866166097237,Happiness,Pride,0.034571184541070804
0.014914866166097237,Happiness,Sadness,0.0007687436773710423
0.014914866166097237,Happiness,Shame,0.03394941740702574
0.014914866166097237,Joy,Boredom,0.00038966917559162445
0.014914866166097237,Joy,Fear,0.001362886165321798
0.014914866166097237,Joy,Happiness,0.0010517962685949681
0.014914866166097237,Joy,Joy,0.5820941109739249
0.014914866166097237,Joy,Pride,0.3763069652187613
0.014914866166097237,Joy,Sadness,0.0008913995850346853
0.014914866166097237,Joy,Shame,0.03790317261277075
0.014914866166097237,Pride,Boredom,0.10846523057305318
0.014914866166097237,Pride,Fear,0.01898427219875711
0.014914866166097237,Pride,Happiness,0.08382668314913927
0.014914866166097237,Pride,Joy,0.024427246689869345
0.014914866166097237,Pride,Pride,0.24579766659871707
0.014914866166097237,Pride,Sadness,0.017322455719847307
0.014914866166097237,Pride,Shame,0.5011764450706166
0.014914866166097237,Sadness,Boredom,0.001180248715323734
0.014914866166097237,Sadness,Fear,0.005202237970212826
0.014914866166097237,Sadness,Happiness,0.0010189516479202996
0.014914866166097237,Sadness,Joy,0.001033396801732794
0.014914866166097237,Sadness,Pride,0.00159268203155563
0.014914866166097237,Sadness,Sadness,0.9458878971852419
0.014914866166097237,Sadness,Shame,0.04408458564801257
0.014914866166097237,Shame,Boredom,0.00018219145273192455
0.014914866166097237,Shame,Fear,0.03263684282139847
0.014914866166097237,Shame,Happiness,4.301407947663235e-05
0.014914866166097237,Shame,Joy,8.832083653005965e-05
0.014914866166097237,Shame,Pride,0.0001681461099101597
0.014914866166097237,Shame,Sadness,0.00017765797093136803
0.014914866166097237,Shame,Shame,0.9667038267290213
0.013884360724388582,Boredom,Boredom,0.9991345245495598
0.013884360724388582,Boredom,Fear,0.0001346043807125011
0.013884360724388582,Boredom,Happiness,2.471498579528326e-06
0.013884360724388582,Boredom,Joy,0.00018659444974437352
0.013884360724388582,Boredom,Pride,0.00015292597887552512
0.013884360724388582,Boredom,Sadness,9.409740134922811e-05
0.013884360724388582,Boredom,Shame,0.0002947817411792655
0.013884360724388582,Fear,Boredom,0.00043303883227013926
0.013884360724388582,Fear,Fear,0.9806905745927792
0.013884360724388582,Fear,Happiness,0.0005206129565231787
0.013884360724388582,Fear,Joy,0.0006355117155195013
0.013884360724388582,Fear,Pride,0.000734483138004173
0.013884360724388582,Fear,Sadness,0.005062733496224166
0.013884360724388582,Fear,Shame,0.01192304526867985
0.013884360724388582,Happiness,Boredom,0.004147748373737141
0.013884360724388582,Happiness,Fear,0.00042444743218287255
0.013884360724388582,Happiness,Happiness,0.9263809170255038
0.013884360724388582,Happiness,Joy,0.0007948775823949744
0.013884360724388582,Happiness,Pride,0.031880308719456324
0.013884360724388582,Happiness,Sadness,0.0007995780947690617
0.013884360724388582,Happiness,Shame,0.0355721227719555
0.013884360724388582,Joy,Boredom,0.000439905319118279
0.013884360724388582,Joy,Fear,0.0012860784196839288
0.013884360724388582,Joy,Happiness,0.0012445238260595834
0.013884360724388582,Joy,Joy,0.6672145165563039
0.013884360724388582,Joy,Pride,0.2840091744089084
0.013884360724388582,Joy,Sadness,0.0010410140953764364
0.013884360724388582,Joy,Shame,0.044764787374549364
0.013884360724388582,Pride,Boredom,0.10400388420483339
0.013884360724388582,Pride,Fear,0.019240835770119223
0.013884360724388582,Pride,Happiness,0.07894148207531197
0.013884360724388582,Pride,Joy,0.030647545284283057
0.013884360724388582,Pride,Pride,0.3267968385602402
0.013884360724388582,Pride,Sadness,0.017818327858901032
0.013884360724388582,Pride,Shame,0.4225510862463112
0.013884360724388582,Sadness,Boredom,0.001191081824762666
0.013884360724388582,Sadness,Fear,0.005225505687301666
0.013884360724388582,Sadness,Happiness,0.0009951425158283176
0.013884360724388582,Sadness,Joy,0.0010221270722259167
0.013884360724388582,Sadness,Pride,0.0016171909977176027
0.013884360724388582,Sadness,Sadness,0.9415091007192552
0.013884360724388582,Sadness,Shame,0.048439851182908944
0.013884360724388582,Shame,Boredom,0.00017183081520660593
0.013884360724388582,Shame,Fear,0.03125850391285322
0.013884360724388582,Shame,Happiness,4.2085007683544184e-05
0.013884360724388582,Shame,Joy,9.540142087311201e-05
0.013884360724388582,Shame,Pride,0.00048283338496914977
0.013884360724388582,Shame,Sadness,0.00018167979081305
0.013884360724388582,Shame,Shame,0.9677676656676012
0.013679468808048522,Boredom,Boredom,0.999132675552093
0.013679468808048522,Boredom,Fear,0.0001340190162274799
0.013679468808048522,Boredom,Happiness,2.4397104010284405e-06
0.013679468808048522,Boredom,Joy,0.0001848995239217903
0.013679468808048522,Boredom,Pride,0.00015587099468525897
0.013679468808048522,Boredom,Sadness,9.380635213642281e-05
0.013679468808048522,Boredom,Shame,0.0002962888505350109
0.013679468808048522,Fear,Boredom,0.00043618872526005785
0.013679468808048522,Fear,Fear,0.9806175820635276
0.013679468808048522,Fear,Happiness,0.0005199080976175084
0.013679468808048522,Fear,Joy,0.0006404390912317018
0.013679468808048522,Fear,Pride,0.0007336249889486142
0.013679468808048522,Fear,Sadness,0.005033856140709421
0.013679468808048522,Fear,Shame,0.012018400892705547
0.013679468808048522,Happiness,Boredom,0.004097981002467564
0.013679468808048522,Happiness,Fear,0.00042455435614044765
0.013679468808048522,Happiness,Happiness,0.9274417991586624
0.013679468808048522,Happiness,Joy,0.0008081182945938388
0.013679468808048522,Happiness,Pride,0.030924768618178576
0.013679468808048522,Happiness,Sadness,0.0008090249631169804
0.013679468808048522,Happiness,Shame,0.035493753606840366
0.013679468808048522,Joy,Boredom,0.0004043343986355909
0.013679468808048522,Joy,Fear,0.0012226484342445327
0.013679468808048522,Joy,Happiness,0.0011702180915533589
0.013679468808048522,Joy,Joy,0.6626136324844037
0.013679468808048522,Joy,Pride,0.29039727197712234
0.013679468808048522,Joy,Sadness,0.0009929421113250494
0.013679468808048522,Joy,Shame,0.043198952502715396
0.013679468808048522,Pride,Boredom,0.10483793736674618
0.013679468808048522,Pride,Fear,0.01918651904024842
0.013679468808048522,Pride,Happiness,0.07588028809659354
0.013679468808048522,Pride,Joy,0.03346218171426487
0.013679468808048522,Pride,Pride,0.3315896896805234
0.013679468808048522,Pride,Sadness,0.01807894186524143
0.013679468808048522,Pride,Shame,0.4169644422363816
0.013679468808048522,Sadness,Boredom,0.0011928440245520637
0.013679468808048522,Sadness,Fear,0.005192431895005156
0.013679468808048522,Sadness,Happiness,0.0009897909683188315
0.013679468808048522,Sadness,Joy,0.001032888728708609
0.013679468808048522,Sadness,Pride,0.0016330758613954045
0.013679468808048522,Sadness,Sadness,0.9421117305315719
0.013679468808048522,Sadness,Shame,0.04784723799044772
0.013679468808048522,Shame,Boredom,0.0001490474006909083
0.013679468808048522,Shame,Fear,0.028612414428810413
0.013679468808048522,Shame,Happiness,3.8682843289107963e-05
0.013679468808048522,Shame,Joy,8.467343257078516e-05
0.013679468808048522,Shame,Pride,0.0005219126837747508
0.013679468808048522,Shame,Sadness,0.00016845985477475207
0.013679468808048522,Shame,Shame,0.9704248093560894
0.013736487379936957,Boredom,Boredom,0.9991361019694328
0.013736487379936957,Boredom,Fear,0.00013509191837881023
0.013736487379936957,Boredom,Happiness,2.452586546069603e-06
0.013736487379936957,Boredom,Joy,0.00018648612817714295
0.013736487379936957,Boredom,Pride,0.00015117178661321526
0.013736487379936957,Boredom,Sadness,9.468023225362148e-05
0.013736487379936957,Boredom,Shame,0.000294015378598092
0.013736487379936957,Fear,Boredom,0.000438465073136845
0.013736487379936957,Fear,Fear,0.9806688952249879
0.013736487379936957,Fear,Happiness,0.0005245534319643694
0.013736487379936957,Fear,Joy,0.0006453375640611817
0.013736487379936957,Fear,Pride,0.0007262147608793565
0.013736487379936957,Fear,Sadness,0.005039748639643566
0.013736487379936957,Fear,Shame,0.011956785305327088
0.013736487379936957,Happiness,Boredom,0.004067624844950078
0.013736487379936957,Happiness,Fear,0.00043733968688922185
0.013736487379936957,Happiness,Happiness,0.9293918726800406
0.013736487379936957,Happiness,Joy,0.0008238112882601584
0.013736487379936957,Happiness,Pride,0.03185124446662851
0.013736487379936957,Happiness,Sadness,0.0008237977692240393
0.013736487379936957,Happiness,Shame,0.032604309264007376
0.013736487379936957,Joy,Boredom,0.0004954780989005275
0.013736487379936957,Joy,Fear,0.0013528053505645226
0.013736487379936957,Joy,Happiness,0.001366991225904062
0.013736487379936957,Joy,Joy,0.6865569648217329
0.013736487379936957,Joy,Pride,0.27209950097498714
0.013736487379936957,Joy,Sadness,0.0011230934818842833
0.013736487379936957,Joy,Shame,0.037005166046026786
0.013736487379936957,Pride,Boredom,0.10674177171242068
0.013736487379936957,Pride,Fear,0.019602742693572813
0.013736487379936957,Pride,Happiness,0.07596505624666704
0.013736487379936957,Pride,Joy,0.03674947526943342
0.013736487379936957,Pride,Pride,0.33620937942185514
0.013736487379936957,Pride,Sadness,0.018575375601465948
0.013736487379936957,Pride,Shame,0.4061561990545847
0.013736487379936957,Sadness,Boredom,0.0011932434843978336
0.013736487379936957,Sadness,Fear,0.005235993939739428
0.013736487379936957,Sadness,Happiness,0.0009801708767298968
0.013736487379936957,Sadness,Joy,0.0010314389617524975
0.013736487379936957,Sadness,Pride,0.0016119057172922595
0.013736487379936957,Sadness,Sadness,0.9427307367312401
0.013736487379936957,Sadness,Shame,0.04721651028884779
0.013736487379936957,Shame,Boredom,0.00017673696413565712
0.013736487379936957,Shame,Fear,0.03157805099283869
0.013736487379936957,Shame,Happiness,4.326379264892883e-05
0.013736487379936957,Shame,Joy,9.916155637312638e-05
0.013736487379936957,Shame,Pride,0.0002564695303355277
0.013736487379936957,Shame,Sadness,0.00017403013834044068
0.013736487379936957,Shame,Shame,0.9676722870253275
0.014398343719234662,Boredom,Boredom,0.9991456285595636
0.014398343719234662,Boredom,Fear,0.00013405959690837533
0.014398343719234662,Boredom,Happiness,2.4914229746385753e-06
0.014398343719234662,Boredom,Joy,0.00018774687702770412
0.014398343719234662,Boredom,Pride,0.00015369727222903213
0.014398343719234662,Boredom,Sadness,9.69276702783912e-05
0.014398343719234662,Boredom,Shame,0.00027944860101825026
0.014398343719234662,Fear,Boredom,0.0004283945662272988
0.014398343719234662,Fear,Fear,0.9803943489268153
0.014398343719234662,Fear,Happiness,0.0005206343833690812
0.014398343719234662,Fear,Joy,0.0006228452369736126
0.014398343719234662,Fear,Pride,0.0007428227866061347
0.014398343719234662,Fear,Sadness,0.005075997437241714
0.014398343719234662,Fear,Shame,0.012214956662766901
0.014398343719234662,Happiness,Boredom,0.00442929517065799
0.014398343719234662,Happiness,Fear,0.0003983946401719751
0.014398343719234662,Happiness,Happiness,0.919171150580547
0.014398343719234662,Happiness,Joy,0.0007674446320305295
0.014398343719234662,Happiness,Pride,0.0376684554591754
0.014398343719234662,Happiness,Sadness,0.0007902201182448563
0.014398343719234662,Happiness,Shame,0.03677503939917247
0.014398343719234662,Joy,Boredom,0.00037911889464910297
0.014398343719234662,Joy,Fear,0.001247802436678121
0.014398343719234662,Joy,Happiness,0.0010689121422059011
0.014398343719234662,Joy,Joy,0.6177666988969156
0.014398343719234662,Joy,Pride,0.33630347835262275
0.014398343719234662,Joy,Sadness,0.00091691661137488
0.014398343719234662,Joy,Shame,0.04231707266555352
0.014398343719234662,Pride,Boredom,0.10768148750882796
0.014398343719234662,Pride,Fear,0.018913147108446833
0.014398343719234662,Pride,Happiness,0.07760671452960591
0.014398343719234662,Pride,Joy,0.027758076279811087
0.014398343719234662,Pride,Pride,0.27906396222718083
0.014398343719234662,Pride,Sadness,0.017523166178655812
0.014398343719234662,Pride,Shame,0.4714534461674716
0.014398343719234662,Sadness,Boredom,0.0011843389921233317
0.014398343719234662,Sadness,Fear,0.005239251676206351
0.014398343719234662,Sadness,Happiness,0.0010073275716704045
0.014398343719234662,Sadness,Joy,0.0010205934277955004
0.014398343719234662,Sadness,Pride,0.001601506968175779
0.014398343719234662,Sadness,Sadness,0.9435214229985448
0.014398343719234662,Sadness,Shame,0.04642555836548359
0.014398343719234662,Shame,Boredom,0.00017673731894854355
0.014398343719234662,Shame,Fear,0.03187691969563624
0.014398343719234662,Shame,Happiness,4.2667937465883516e-05
0.014398343719234662,Shame,Joy,9.280514546146411e-05
0.014398343719234662,Shame,Pride,0.0002349720183199374
0.014398343719234662,Shame,Sadness,0.00017443095171829537
0.014398343719234662,Shame,Shame,0.9674014669324497
0.014273473296576107,Boredom,Boredom,0.9991465099787316
0.014273473296576107,Boredom,Fear,0.00013485420364971458
0.014273473296576107,Boredom,Happiness,2.5192720226437545e-06
0.014273473296576107,Boredom,Joy,0.00018914429732329929
0.014273473296576107,Boredom,Pride,0.00014971635481606438
0.014273473296576107,Boredom,Sadness,9.41089011927e-05
0.014273473296576107,Boredom,Shame,0.00028314699226433934
0.014273473296576107,Fear,Boredom,0.0004289577883902553
0.014273473296576107,Fear,Fear,0.9806815816503079
0.014273473296576107,Fear,Happiness,0.0005189073793822287
0.014273473296576107,Fear,Joy,0.0005926799961116141
0.014273473296576107,Fear,Pride,0.0007464438776640783
0.014273473296576107,Fear,Sadness,0.005096438656239534
0.014273473296576107,Fear,Shame,0.011934990651904325
0.014273473296576107,Happiness,Boredom,0.004258949565340298
0.014273473296576107,Happiness,Fear,0.00042150718347483255
0.014273473296576107,Happiness,Happiness,0.9243432233217495
0.014273473296576107,Happiness,Joy,0.0007986166337606924
0.014273473296576107,Happiness,Pride,0.03488387175006213
0.014273473296576107,Happiness,Sadness,0.000814116993038057
0.014273473296576107,Happiness,Shame,0.034479714552574744
0.014273473296576107,Joy,Boredom,0.00045278880939228434
0.014273473296576107,Joy,Fear,0.0014262745279624343
0.014273473296576107,Joy,Happiness,0.0012204713491814753
0.014273473296576107,Joy,Joy,0.615734581882077
0.014273473296576107,Joy,Pride,0.344040058910663
0.014273473296576107,Joy,Sadness,0.001010440308097591
0.014273473296576107,Joy,Shame,0.036115384212625966
0.014273473296576107,Pride,Boredom,0.10566782634866177
0.014273473296576107,Pride,Fear,0.018464168790732722
0.014273473296576107,Pride,Happiness,0.07693999727023935
0.014273473296576107,Pride,Joy,0.022605925158482584
0.014273473296576107,Pride,Pride,0.25774835384068523
0.014273473296576107,Pride,Sadness,0.0168281865254316
0.014273473296576107,Pride,Shame,0.5017455420657663
0.014273473296576107,Sadness,Boredom,0.0011864300167850972
0.014273473296576107,Sadness,Fear,0.005225698298548598
0.014273473296576107,Sadness,Happiness,0.0010182053852800593
0.014273473296576107,Sadness,Joy,0.0010325771677933537
0.014273473296576107,Sadness,Pride,0.0015851672410459139
0.014273473296576107,Sadness,Sadness,0.9443273041399353
0.014273473296576107,Sadness,Shame,0.04562461775061184
0.014273473296576107,Shame,Boredom,0.0001659894883334646
0.014273473296576107,Shame,Fear,0.03077538421444722
0.014273473296576107,Shame,Happiness,4.101916462645267e-05
0.014273473296576107,Shame,Joy,8.07349809732996e-05
0.014273473296576107,Shame,Pride,0.00015694230441672198
0.014273473296576107,Shame,Sadness,0.00016652474058538214
0.014273473296576107,Shame,Shame,0.9686134051066176
0.014308860804988126,Boredom,Boredom,0.9991436987947697
0.014308860804988126,Boredom,Fear,0.00013467686196020977
0.014308860804988126,Boredom,Happiness,2.5190047032501167e-06
0.014308860804988126,Boredom,Joy,0.00018956527424920315
0.014308860804988126,Boredom,Pride,0.0001499612304209998
0.014308860804988126,Boredom,Sadness,9.536504721941438e-05
0.014308860804988126,Boredom,Shame,0.00028421378667741273
0.014308860804988126,Fear,Boredom,0.00042716165011533327
0.014308860804988126,Fear,Fear,0.9802362057119993
0.014308860804988126,Fear,Happiness,0.0005190611689912465
0.014308860804988126,Fear,Joy,0.0005994235451799776
0.014308860804988126,Fear,Pride,0.0007476094091266734
0.014308860804988126,Fear,Sadness,0.005108268084282218
0.014308860804988126,Fear,Shame,0.012362270430305182
0.014308860804988126,Happiness,Boredom,0.00433638101936655
0.014308860804988126,Happiness,Fear,0.0004055014279280707
0.014308860804988126,Happiness,Happiness,0.9214955126280049
0.014308860804988126,Happiness,Joy,0.0007719036944542101
0.014308860804988126,Happiness,Pride,0.036794298757055394
0.014308860804988126,Happiness,Sadness,0.0007943835677819113
0.014308860804988126,Happiness,Shame,0.035402018905408984
0.014308860804988126,Joy,Boredom,0.0004415549891568318
0.014308860804988126,Joy,Fear,0.0013875464918691575
0.014308860804988126,Joy,Happiness,0.0011864182028011162
0.014308860804988126,Joy,Joy,0.6171346195359536
0.014308860804988126,Joy,Pride,0.3403352350927411
0.014308860804988126,Joy,Sadness,0.000998749305495284
0.014308860804988126,Joy,Shame,0.03851587638198291
0.014308860804988126,Pride,Boredom,0.1055727454381964
0.014308860804988126,Pride,Fear,0.01836961033703271
0.014308860804988126,Pride,Happiness,0.07768774142540291
0.014308860804988126,Pride,Joy,0.02299043565998268
0.014308860804988126,Pride,Pride,0.24747978924032077
0.014308860804988126,Pride,Sadness,0.01676236075003908
0.014308860804988126,Pride,Shame,0.5111373171490252
0.014308860804988126,Sadness,Boredom,0.0011892035403457256
0.014308860804988126,Sadness,Fear,0.005247409793863597
0.014308860804988126,Sadness,Happiness,0.0010122582209349151
0.014308860804988126,Sadness,Joy,0.0010209860423029016
0.014308860804988126,Sadness,Pride,0.0015850294600161829
0.014308860804988126,Sadness,Sadness,0.9435413224913171
0.014308860804988126,Sadness,Shame,0.04640379045121945
0.014308860804988126,Shame,Boredom,0.00015636673885336465
0.014308860804988126,Shame,Fear,0.02973622161739759
0.014308860804988126,Shame,Happiness,3.934727771487239e-05
0.014308860804988126,Shame,Joy,7.788998586942508e-05
0.014308860804988126,Shame,Pride,0.00015397823322476324
0.014308860804988126,Shame,Sadness,0.0001612691016362213
0.014308860804988126,Shame,Shame,0.9696749270453038
0.01432239691765636,Boredom,Boredom,0.9991349356845108
0.01432239691765636,Boredom,Fear,0.00013493789903641732
0.01432239691765636,Boredom,Happiness,2.5172727984087063e-06
0.01432239691765636,Boredom,Joy,0.00018929186459977615
0.01432239691765636,Boredom,Pride,0.00015604934545779156
0.01432239691765636,Boredom,Sadness,9.542645092341505e-05
0.01432239691765636,Boredom,Shame,0.00028684148267345386
0.01432239691765636,Fear,Boredom,0.0004280147355068704
0.01432239691765636,Fear,Fear,0.9803568786929892
0.01432239691765636,Fear,Happiness,0.0005188941143236197
0.01432239691765636,Fear,Joy,0.0006384248402977085
0.01432239691765636,Fear,Pride,0.0007344342343125714
0.01432239691765636,Fear,Sadness,0.005068567093614745
0.01432239691765636,Fear,Shame,0.012254786288955235
0.01432239691765636,Happiness,Boredom,0.0043725076295300985
0.01432239691765636,Happiness,Fear,0.0004146014340293907
0.01432239691765636,Happiness,Happiness,0.920510435433657
0.01432239691765636,Happiness,Joy,0.0008024210801341538
0.01432239691765636,Happiness,Pride,0.036713909765160486
0.01432239691765636,Happiness,Sadness,0.0008151736848465617
0.01432239691765636,Happiness,Shame,0.03637095097264254
0.01432239691765636,Joy,Boredom,0.00041572780076983647
0.01432239691765636,Joy,Fear,0.0012463020579797017
0.01432239691765636,Joy,Happiness,0.0011636573331465846
0.01432239691765636,Joy,Joy,0.655932535578369
0.01432239691765636,Joy,Pride,0.2979512124478551
0.01432239691765636,Joy,Sadness,0.0009992754561714173
0.01432239691765636,Joy,Shame,0.04229128932570865
0.01432239691765636,Pride,Boredom,0.10637191941362928
0.01432239691765636,Pride,Fear,0.01954887451384143
0.01432239691765636,Pride,Happiness,0.07876463757600832
0.01432239691765636,Pride,Joy,0.03263442835028062
0.01432239691765636,Pride,Pride,0.3129396641250478
0.01432239691765636,Pride,Sadness,0.018221806849333708
0.01432239691765636,Pride,Shame,0.43151866917185877
0.01432239691765636,Sadness,Boredom,0.0011886950775832352
0.01432239691765636,Sadness,Fear,0.005232893077166021
0.01432239691765636,Sadness,Happiness,0.0010173193367813225
0.01432239691765636,Sadness,Joy,0.0010266235603476833
0.01432239691765636,Sadness,Pride,0.001604217472739489
0.01432239691765636,Sadness,Sadness,0.943456546386131
0.01432239691765636,Sadness,Shame,0.04647370508925123
0.01432239691765636,Shame,Boredom,0.0001579762717399067
0.01432239691765636,Shame,Fear,0.029973997246727637
0.01432239691765636,Shame,Happiness,3.966157592708339e-05
0.01432239691765636,Shame,Joy,8.833915516160405e-05
0.01432239691765636,Shame,Pride,0.00036438467779286663
0.01432239691765636,Shame,Sadness,0.00016975025288419018
0.01432239691765636,Shame,Shame,0.9692058908197668
0.01325980935861103,Boredom,Boredom,0.9991454767195859
0.01325980935861103,Boredom,Fear,0.00013274170768903828
0.01325980935861103,Boredom,Happiness,2.405890016294896e-06
0.01325980935861103,Boredom,Joy,0.00018441156789653242
0.01325980935861103,Boredom,Pride,0.00014556429717252982
0.01325980935861103,Boredom,Sadness,9.336842315014768e-05
0.01325980935861103,Boredom,Shame,0.0002960313944895132
0.01325980935861103,Fear,Boredom,0.00043765899726130387
0.01325980935861103,Fear,Fear,0.9812574434205973
0.01325980935861103,Fear,Happiness,0.0005145840149704882
0.01325980935861103,Fear,Joy,0.0006199074169506608
0.01325980935861103,Fear,Pride,0.0007337388395024808
0.01325980935861103,Fear,Sadness,0.004746387315943247
0.01325980935861103,Fear,Shame,0.01169027999477474
0.01325980935861103,Happiness,Boredom,0.003354160056560131
0.01325980935861103,Happiness,Fear,0.0003492882742529805
0.01325980935861103,Happiness,Happiness,0.9676863730794002
0.01325980935861103,Happiness,Joy,0.0004724167093750309
0.01325980935861103,Happiness,Pride,0.008578675098309145
0.01325980935861103,Happiness,Sadness,0.0007079136391808829
0.01325980935861103,Happiness,Shame,0.018851173142921358
0.01325980935861103,Joy,Boredom,0.00048754876965443624
0.01325980935861103,Joy,Fear,0.0013956871650750446
0.01325980935861103,Joy,Happiness,0.001339138090846798
0.01325980935861103,Joy,Joy,0.6869755300890773
0.01325980935861103,Joy,Pride,0.2724100545014287
0.01325980935861103,Joy,Sadness,0.0011152933849331965
0.01325980935861103,Joy,Shame,0.03627674799898423
0.01325980935861103,Pride,Boredom,0.0004578468580490301
0.01325980935861103,Pride,Fear,0.0006127010015451912
0.01325980935861103,Pride,Happiness,0.001875018521048491
0.01325980935861103,Pride,Joy,0.02794577684073107
0.01325980935861103,Pride,Pride,0.9308012199785527
0.01325980935861103,Pride,Sadness,0.0007821343535934461
0.01325980935861103,Pride,Shame,0.03752530244648019
0.01325980935861103,Sadness,Boredom,0.00018807890112676823
0.01325980935861103,Sadness,Fear,0.005439161039318697
0.01325980935861103,Sadness,Happiness,0.00033583430501589587
0.01325980935861103,Sadness,Joy,0.0006688180271236916
0.01325980935861103,Sadness,Pride,0.0007455226701219308
0.01325980935861103,Sadness,Sadness,0.977702865672239
0.01325980935861103,Sadness,Shame,0.014919719385054044
0.01325980935861103,Shame,Boredom,0.0006535015148183813
0.01325980935861103,Shame,Fear,0.8034736567876113
0.01325980935861103,Shame,Happiness,0.0005776062552034358
0.01325980935861103,Shame,Joy,0.0007931567783532493
0.01325980935861103,Shame,Pride,0.0011731036997258202
0.01325980935861103,Shame,Sadness,0.003690603572124566
0.01325980935861103,Shame,Shame,0.18963837139216355
0.013724773671755668,Boredom,Boredom,0.9991412029527126
0.013724773671755668,Boredom,Fear,0.00013451390347955154
0.013724773671755668,Boredom,Happiness,2.4570151606009295e-06
0.013724773671755668,Boredom,Joy,0.0001854647358003477
0.013724773671755668,Boredom,Pride,0.00014953252291770224
0.013724773671755668,Boredom,Sadness,9.449877482582023e-05
0.013724773671755668,Boredom,Shame,0.0002923300951035225
0.013724773671755668,Fear,Boredom,0.0004291867447523665
0.013724773671755668,Fear,Fear,0.9815896178728595
0.013724773671755668,Fear,Happiness,0.0005124797048800149
0.013724773671755668,Fear,Joy,0.0006208703062518253
0.013724773671755668,Fear,Pride,0.000734575846494855
0.013724773671755668,Fear,Sadness,0.004788160506570632
0.013724773671755668,Fear,Shame,0.011325109018190652
0.013724773671755668,Happiness,Boredom,0.00335660484875325
0.013724773671755668,Happiness,Fear,0.0003512760680130213
0.013724773671755668,Happiness,Happiness,0.9671506739457175
0.013724773671755668,Happiness,Joy,0.0004569880821374933
0.013724773671755668,Happiness,Pride,0.008990333115266657
0.013724773671755668,Happiness,Sadness,0.0006943219972069913
0.013724773671755668,Happiness,Shame,0.018999801942905133
0.013724773671755668,Joy,Boredom,0.0004415745277395946
0.013724773671755668,Joy,Fear,0.0013279927545614043
0.013724773671755668,Joy,Happiness,0.001225457820065109
0.013724773671755668,Joy,Joy,0.6641436683793639
0.013724773671755668,Joy,Pride,0.2962375570870656
0.013724773671755668,Joy,Sadness,0.0010321975990850386
0.013724773671755668,Joy,Shame,0.035591551832119046
0.013724773671755668,Pride,Boredom,0.0005829202094068921
0.013724773671755668,Pride,Fear,0.0007740256300370191
0.013724773671755668,Pride,Happiness,0.002309196017299594
0.013724773671755668,Pride,Joy,0.03262196000457658
0.013724773671755668,Pride,Pride,0.9207686620775297
0.013724773671755668,Pride,Sadness,0.0009581199030198823
0.013724773671755668,Pride,Shame,0.04198511615813022
0.013724773671755668,Sadness,Boredom,0.00018233635056466848
0.013724773671755668,Sadness,Fear,0.0054087752403770275
0.013724773671755668,Sadness,Happiness,0.000339355044987379
0.013724773671755668,Sadness,Joy,0.0006707490966280379
0.013724773671755668,Sadness,Pride,0.0007501106040765985
0.013724773671755668,Sadness,Sadness,0.9785791058587443
0.013724773671755668,Sadness,Shame,0.014069567804621909
0.013724773671755668,Shame,Boredom,0.0006460961519277356
0.013724773671755668,Shame,Fear,0.8114673022953331
0.013724773671755668,Shame,Happiness,0.0005775534626733159
0.013724773671755668,Shame,Joy,0.0007909592427713446
0.013724773671755668,Shame,Pride,0.0011812231867197628
0.013724773671755668,Shame,Sadness,0.0037536386934812435
0.013724773671755668,Shame,Shame,0.18158322696709311
0.014963795013503136,Boredom,Boredom,0.9991536359508493
0.014963795013503136,Boredom,Fear,0.00013369589179500037
0.014963795013503136,Boredom,Happiness,2.451871332309423e-06
0.014963795013503136,Boredom,Joy,0.0001861259089990741
0.014963795013503136,Boredom,Pride,0.000150338436593435
0.014963795013503136,Boredom,Sadness,9.802199366388055e-05
0.014963795013503136,Boredom,Shame,0.0002757299467669344
0.014963795013503136,Fear,Boredom,0.0004092205168167265
0.014963795013503136,Fear,Fear,0.9815726317222888
0.014963795013503136,Fear,Happiness,0.000514085706241087
0.014963795013503136,Fear,Joy,0.0005662242337759099
0.014963795013503136,Fear,Pride,0.0007363485377877801
0.014963795013503136,Fear,Sadness,0.004930514752361331
0.014963795013503136,Fear,Shame,0.011270974530728726
0.014963795013503136,Happiness,Boredom,0.0034335320202070795
0.014963795013503136,Happiness,Fear,0.0003418760094328009
0.014963795013503136,Happiness,Happiness,0.9654255038018933
0.014963795013503136,Happiness,Joy,0.0004473265562489655
0.014963795013503136,Happiness,Pride,0.0101082242226983
0.014963795013503136,Happiness,Sadness,0.0006899014205924259
0.014963795013503136,Happiness,Shame,0.019553635968927355
0.014963795013503136,Joy,Boredom,0.00033135759842369873
0.014963795013503136,Joy,Fear,0.0011418597475660725
0.014963795013503136,Joy,Happiness,0.000921536309011647
0.014963795013503136,Joy,Joy,0.5467971822204858
0.014963795013503136,Joy,Pride,0.4186888311662368
0.014963795013503136,Joy,Sadness,0.000821635029851911
0.014963795013503136,Joy,Shame,0.03129759792842434
0.014963795013503136,Pride,Boredom,0.00012334199731234546
0.014963795013503136,Pride,Fear,0.00022391940319096274
0.014963795013503136,Pride,Happiness,0.0004369705435676129
0.014963795013503136,Pride,Joy,0.00841524042088578
0.014963795013503136,Pride,Pride,0.9577801851646234
0.014963795013503136,Pride,Sadness,0.0002971381017075795
0.014963795013503136,Pride,Shame,0.032723204368712254
0.014963795013503136,Sadness,Boredom,0.00017466173107690626
0.014963795013503136,Sadness,Fear,0.005405892928217418
0.014963795013503136,Sadness,Happiness,0.00034197894938303724
0.014963795013503136,Sadness,Joy,0.000669884478117161
0.014963795013503136,Sadness,Pride,0.0007348214338405383
0.014963795013503136,Sadness,Sadness,0.979264156054946
0.014963795013503136,Sadness,Shame,0.013408604424419076
0.014963795013503136,Shame,Boredom,0.0006177695239868656
0.014963795013503136,Shame,Fear,0.8154939556810586
0.014963795013503136,Shame,Happiness,0.0005794135365578641
0.014963795013503136,Shame,Joy,0.0006982529817754877
0.014963795013503136,Shame,Pride,0.001177851949806754
0.014963795013503136,Shame,Sadness,0.0038735978261102955
0.014963795013503136,Shame,Shame,0.17755915850070408
0.014145157163638547,Boredom,Boredom,0.9991368184259661
0.014145157163638547,Boredom,Fear,0.00013444344571988983
0.014145157163638547,Boredom,Happiness,2.516967207910821e-06
0.014145157163638547,Boredom,Joy,0.0001886123496827296
0.014145157163638547,Boredom,Pride,0.00015056772652800854
0.014145157163638547,Boredom,Sadness,9.550221069072133e-05
0.014145157163638547,Boredom,Shame,0.0002915388742049264
0.014145157163638547,Fear,Boredom,0.00041934618859226173
0.014145157163638547,Fear,Fear,0.9809616566537562
0.014145157163638547,Fear,Happiness,0.0005071582336101269
0.014145157163638547,Fear,Joy,0.0006154370805684936
0.014145157163638547,Fear,Pride,0.0007327401837497834
0.014145157163638547,Fear,Sadness,0.004837112231092471
0.014145157163638547,Fear,Shame,0.01192654942863058
0.014145157163638547,Happiness,Boredom,0.003502448434767658
0.014145157163638547,Happiness,Fear,0.00034861595044272385
0.014145157163638547,Happiness,Happiness,0.9647946071433573
0.014145157163638547,Happiness,Joy,0.00046379409607388405
0.014145157163638547,Happiness,Pride,0.009787204561863756
0.014145157163638547,Happiness,Sadness,0.0007123756789976975
0.014145157163638547,Happiness,Shame,0.020390954134497038
0.014145157163638547,Joy,Boredom,0.0003882127388925262
0.014145157163638547,Joy,Fear,0.0012687413002765583
0.014145157163638547,Joy,Happiness,0.0010837159461542492
0.014145157163638547,Joy,Joy,0.6300460061641167
0.014145157163638547,Joy,Pride,0.32528320236514024
0.014145157163638547,Joy,Sadness,0.0009291750025562128
0.014145157163638547,Joy,Shame,0.04100094648286356
0.014145157163638547,Pride,Boredom,0.000530440648633346
0.014145157163638547,Pride,Fear,0.0007049459490370211
0.014145157163638547,Pride,Happiness,0.002096031513933355
0.014145157163638547,Pride,Joy,0.03088813717608493
0.014145157163638547,Pride,Pride,0.9036976930783195
0.014145157163638547,Pride,Sadness,0.0008772612882391919
0.014145157163638547,Pride,Shame,0.06120549034575226
0.014145157163638547,Sadness,Boredom,0.00017867639928038952
0.014145157163638547,Sadness,Fear,0.005403432172328122
0.014145157163638547,Sadness,Happiness,0.00034432149973849443
0.014145157163638547,Sadness,Joy,0.0006698621150046546
0.014145157163638547,Sadness,Pride,0.0007418594509530185
0.014145157163638547,Sadness,Sadness,0.9789310759054611
0.014145157163638547,Sadness,Shame,0.013730772457234787
0.014145157163638547,Shame,Boredom,0.000629343691642346
0.014145157163638547,Shame,Fear,0.8064376748146037
0.014145157163638547,Shame,Happiness,0.0005683124429192133
0.014145157163638547,Shame,Joy,0.0007736121122699746
0.014145157163638547,Shame,Pride,0.0011767949437830468
0.014145157163638547,Shame,Sadness,0.0037681793268690197
0.014145157163638547,Shame,Shame,0.18664608266791333
0.01468863774863502,Boredom,Boredom,0.9991458957978763
0.01468863774863502,Boredom,Fear,0.00013358359326128528
0.01468863774863502,Boredom,Happiness,2.441273380095523e-06
0.01468863774863502,Boredom,Joy,0.00018750343207811585
0.01468863774863502,Boredom,Pride,0.00015694278709986651
0.01468863774863502,Boredom,Sadness,9.744435040173823e-05
0.01468863774863502,Boredom,Shame,0.000276188765902674
0.01468863774863502,Fear,Boredom,0.0004131583946801227
0.01468863774863502,Fear,Fear,0.9815226952801102
0.01468863774863502,Fear,Happiness,0.0005139731872211136
0.01468863774863502,Fear,Joy,0.0006190260908367565
0.01468863774863502,Fear,Pride,0.0007288435787056231
0.01468863774863502,Fear,Sadness,0.004881955420957428
0.01468863774863502,Fear,Shame,0.011320348047489121
0.01468863774863502,Happiness,Boredom,0.003333317977430452
0.01468863774863502,Happiness,Fear,0.000346962748549199
0.01468863774863502,Happiness,Happiness,0.9667618370859937
0.01468863774863502,Happiness,Joy,0.0004515304407899157
0.01468863774863502,Happiness,Pride,0.009634210301479089
0.01468863774863502,Happiness,Sadness,0.0007237039237395251
0.01468863774863502,Happiness,Shame,0.018748437522018133
0.01468863774863502,Joy,Boredom,0.00040692290989870547
0.01468863774863502,Joy,Fear,0.0012750712830206018
0.01468863774863502,Joy,Happiness,0.0011153829447450997
0.01468863774863502,Joy,Joy,0.6374234709297524
0.01468863774863502,Joy,Pride,0.3213485478167593
0.01468863774863502,Joy,Sadness,0.0009513785314525972
0.01468863774863502,Joy,Shame,0.03747922558437155
0.01468863774863502,Pride,Boredom,0.0006385145808061536
0.01468863774863502,Pride,Fear,0.0008372548542561452
0.01468863774863502,Pride,Happiness,0.0024585680404914916
0.01468863774863502,Pride,Joy,0.034535123505913375
0.01468863774863502,Pride,Pride,0.9077458637013641
0.01468863774863502,Pride,Sadness,0.0010219944499638932
0.01468863774863502,Pride,Shame,0.05276268086720483
0.01468863774863502,Sadness,Boredom,0.0001764068353588686
0.01468863774863502,Sadness,Fear,0.005393118909657993
0.01468863774863502,Sadness,Happiness,0.0003391916138558295
0.01468863774863502,Sadness,Joy,0.0006680051535947638
0.01468863774863502,Sadness,Pride,0.0007394230357781462
0.01468863774863502,Sadness,Sadness,0.9791873500336286
0.01468863774863502,Sadness,Shame,0.01349650441812582
0.01468863774863502,Shame,Boredom,0.000625256502811208
0.01468863774863502,Shame,Fear,0.8167993453371992
0.01468863774863502,Shame,Happiness,0.0005799144418782146
0.01468863774863502,Shame,Joy,0.0007793647941636305
0.01468863774863502,Shame,Pride,0.0011800331141502477
0.01468863774863502,Shame,Sadness,0.0038419875532491564
0.01468863774863502,Shame,Shame,0.17619409825654828
0.014431864932698588,Boredom,Boredom,0.9991424598908286
0.014431864932698588,Boredom,Fear,0.0001348096656122843
0.014431864932698588,Boredom,Happiness,2.469248031474486e-06
0.014431864932698588,Boredom,Joy,0.000188505053596801
0.014431864932698588,Boredom,Pride,0.00015238154601815963
0.014431864932698588,Boredom,Sadness,9.66334797580253e-05
0.014431864932698588,Boredom,Shame,0.00028274111615500373
0.014431864932698588,Fear,Boredom,0.0004190338137984795
0.014431864932698588,Fear,Fear,0.9814257384364345
0.014431864932698588,Fear,Happiness,0.0005101921983467393
0.014431864932698588,Fear,Joy,0.0006310329101603939
0.014431864932698588,Fear,Pride,0.0007269643481407209
0.014431864932698588,Fear,Sadness,0.004856709081311811
0.014431864932698588,Fear,Shame,0.011430329211807363
0.014431864932698588,Happiness,Boredom,0.003369379801837848
0.014431864932698588,Happiness,Fear,0.0003503890924536774
0.014431864932698588,Happiness,Happiness,0.9661106581742289
0.014431864932698588,Happiness,Joy,0.00046359046198557317
0.014431864932698588,Happiness,Pride,0.009590215737278241
0.014431864932698588,Happiness,Sadness,0.0007254848411738603
0.014431864932698588,Happiness,Shame,0.019390281891042277
0.014431864932698588,Joy,Boredom,0.0004009832295291035
0.014431864932698588,Joy,Fear,0.0012580758066986343
0.014431864932698588,Joy,Happiness,0.0011034376246603908
0.014431864932698588,Joy,Joy,0.6494031322281594
0.014431864932698588,Joy,Pride,0.3102082863691239
0.014431864932698588,Joy,Sadness,0.0009579398908208575
0.014431864932698588,Joy,Shame,0.03666814485100766
0.014431864932698588,Pride,Boredom,0.0010926065265936178
0.014431864932698588,Pride,Fear,0.00144072717518702
0.014431864932698588,Pride,Happiness,0.0038418367457364595
0.014431864932698588,Pride,Joy,0.047660030182156594
0.014431864932698588,Pride,Pride,0.8891494239071271
0.014431864932698588,Pride,Sadness,0.0016542824829473518
0.014431864932698588,Pride,Shame,0.05516109298025169
0.014431864932698588,Sadness,Boredom,0.0001748631771859047
0.014431864932698588,Sadness,Fear,0.0053897126390156916
0.014431864932698588,Sadness,Happiness,0.00034137133115121987
0.014431864932698588,Sadness,Joy,0.0006653617136867155
0.014431864932698588,Sadness,Pride,0.000743552749606375
0.014431864932698588,Sadness,Sadness,0.9791281566674426
0.014431864932698588,Sadness,Shame,0.013556981721911289
0.014431864932698588,Shame,Boredom,0.0006309667203964121
0.014431864932698588,Shame,Fear,0.8108471324538701
0.014431864932698588,Shame,Happiness,0.0005739173582784855
0.014431864932698588,Shame,Joy,0.0007942195551916046
0.014431864932698588,Shame,Pride,0.0011674888147579171
0.014431864932698588,Shame,Sadness,0.003794990035259978
0.014431864932698588,Shame,Shame,0.1821912850622451
0.01352371421922859,Boredom,Boredom,0.9991389482548421
0.01352371421922859,Boredom,Fear,0.00013304733101088438
0.01352371421922859,Boredom,Happiness,2.408714614081992e-06
0.01352371421922859,Boredom,Joy,0.00018455020294554382
0.01352371421922859,Boredom,Pride,0.00015286654198551803
0.01352371421922859,Boredom,Sadness,9.421536551475946e-05
0.01352371421922859,Boredom,Shame,0.00029396358908754264
0.01352371421922859,Fear,Boredom,0.00043400460306263026
0.01352371421922859,Fear,Fear,0.9818076402516048
0.01352371421922859,Fear,Happiness,0.0005127664330116231
0.01352371421922859,Fear,Joy,0.0006356930147083509
0.01352371421922859,Fear,Pride,0.0007292077808372528
0.01352371421922859,Fear,Sadness,0.004833033439790204
0.01352371421922859,Fear,Shame,0.011047654476985119
0.01352371421922859,Happiness,Boredom,0.003351388579692463
0.01352371421922859,Happiness,Fear,0.0003486573428996011
0.01352371421922859,Happiness,Happiness,0.9674237406429208
0.01352371421922859,Happiness,Joy,0.00046202298105870295
0.01352371421922859,Happiness,Pride,0.008591741088287043
0.01352371421922859,Happiness,Sadness,0.0006857184578414993
0.01352371421922859,Happiness,Shame,0.019136730907299695
0.01352371421922859,Joy,Boredom,0.00041699880687526606
0.01352371421922859,Joy,Fear,0.001247729620897393
0.01352371421922859,Joy,Happiness,0.001179408580013863
0.01352371421922859,Joy,Joy,0.6821057790636408
0.01352371421922859,Joy,Pride,0.27529080458083904
0.01352371421922859,Joy,Sadness,0.0010103514617240308
0.01352371421922859,Joy,Shame,0.03874892788600947
0.01352371421922859,Pride,Boredom,0.001077770382147877
0.01352371421922859,Pride,Fear,0.0014179832146885725
0.01352371421922859,Pride,Happiness,0.003837921067672908
0.01352371421922859,Pride,Joy,0.0474474371784278
0.01352371421922859,Pride,Pride,0.8841726562138559
0.01352371421922859,Pride,Sadness,0.0016443144187956536
0.01352371421922859,Pride,Shame,0.060401917524411326
0.01352371421922859,Sadness,Boredom,0.00018455132634057455
0.01352371421922859,Sadness,Fear,0.005324051036880454
0.01352371421922859,Sadness,Happiness,0.0003344496496405488
0.01352371421922859,Sadness,Joy,0.0006693694071199699
0.01352371421922859,Sadness,Pride,0.0007483384191305111
0.01352371421922859,Sadness,Sadness,0.9787479328766002
0.01352371421922859,Sadness,Shame,0.013991307284287715
0.01352371421922859,Shame,Boredom,0.0006527633069439666
0.01352371421922859,Shame,Fear,0.8120898363079107
0.01352371421922859,Shame,Happiness,0.0005811374210327225
0.01352371421922859,Shame,Joy,0.0008154168607094235
0.01352371421922859,Shame,Pride,0.0011940314501683094
0.01352371421922859,Shame,Sadness,0.0037912034541281846
0.01352371421922859,Shame,Shame,0.18087561119910658
0.014405559905755342,Boredom,Boredom,0.9991505356165392
0.014405559905755342,Boredom,Fear,0.00013417510757950438
0.014405559905755342,Boredom,Happiness,2.4978555855022405e-06
0.014405559905755342,Boredom,Joy,0.00018838038659570815
0.014405559905755342,Boredom,Pride,0.0001499770890363258
0.014405559905755342,Boredom,Sadness,9.578519639872684e-05
0.014405559905755342,Boredom,Shame,0.00027864874826512867
0.014405559905755342,Fear,Boredom,0.0004175570524032286
0.014405559905755342,Fear,Fear,0.9812180416671166
0.014405559905755342,Fear,Happiness,0.000509645848911525
0.014405559905755342,Fear,Joy,0.0005793531262870872
0.014405559905755342,Fear,Pride,0.0007416132935625789
0.014405559905755342,Fear,Sadness,0.004845169859343859
0.014405559905755342,Fear,Shame,0.011688619152375433
0.014405559905755342,Happiness,Boredom,0.0035233907196954876
0.014405559905755342,Happiness,Fear,0.00034952195424558873
0.014405559905755342,Happiness,Happiness,0.9648695410223773
0.014405559905755342,Happiness,Joy,0.0004629872412401913
0.014405559905755342,Happiness,Pride,0.010162049166603253
0.014405559905755342,Happiness,Sadness,0.0007193827077853104
0.014405559905755342,Happiness,Shame,0.019913127188053145
0.014405559905755342,Joy,Boredom,0.0004020860153979288
0.014405559905755342,Joy,Fear,0.0014105797404922234
0.014405559905755342,Joy,Happiness,0.0010811830239297405
0.014405559905755342,Joy,Joy,0.588886690540767
0.014405559905755342,Joy,Pride,0.3756074991795007
0.014405559905755342,Joy,Sadness,0.000916706825791473
0.014405559905755342,Joy,Shame,0.03169525467412041
0.014405559905755342,Pride,Boredom,0.0001484986904909567
0.014405559905755342,Pride,Fear,0.00024879282964219475
0.014405559905755342,Pride,Happiness,0.0005895084068911395
0.014405559905755342,Pride,Joy,0.010942784093411881
0.014405559905755342,Pride,Pride,0.9580620849256772
0.014405559905755342,Pride,Sadness,0.0003338652517692052
0.014405559905755342,Pride,Shame,0.029674465802117477
0.014405559905755342,Sadness,Boredom,0.00017702438235464715
0.014405559905755342,Sadness,Fear,0.005448265044457059
0.014405559905755342,Sadness,Happiness,0.00034404164477243727
0.014405559905755342,Sadness,Joy,0.0006654926789266666
0.014405559905755342,Sadness,Pride,0.0007412245583571195
0.014405559905755342,Sadness,Sadness,0.9788289114930447
0.014405559905755342,Sadness,Shame,0.013795040198087484
0.014405559905755342,Shame,Boredom,0.0006287390287645722
0.014405559905755342,Shame,Fear,0.8106765910442238
0.014405559905755342,Shame,Happiness,0.0005732521656212764
0.014405559905755342,Shame,Joy,0.0007195563507582879
0.014405559905755342,Shame,Pride,0.0011814420452967887
0.014405559905755342,Shame,Sadness,0.003784230014794919
0.014405559905755342,Shame,Shame,0.18243618935054037
0.013763081658305278,Boredom,Boredom,0.999135340525808
0.013763081658305278,Boredom,Fear,0.00013433327876238065
0.013763081658305278,Boredom,Happiness,2.428213171909546e-06
0.013763081658305278,Boredom,Joy,0.00018499732616689712
0.013763081658305278,Boredom,Pride,0.000153725092469686
0.013763081658305278,Boredom,Sadness,9.451267471167723e-05
0.013763081658305278,Boredom,Shame,0.0002946628889098871
0.013763081658305278,Fear,Boredom,0.0004254510463444581
0.013763081658305278,Fear,Fear,0.9813946051298611
0.013763081658305278,Fear,Happiness,0.0005155081434119422
0.013763081658305278,Fear,Joy,0.0006313788176580498
0.013763081658305278,Fear,Pride,0.0007287631191470897
0.013763081658305278,Fear,Sadness,0.004805144831363906
0.013763081658305278,Fear,Shame,0.011499148912213706
0.013763081658305278,Happiness,Boredom,0.0033894281120600785
0.013763081658305278,Happiness,Fear,0.00034772876272260963
0.013763081658305278,Happiness,Happiness,0.9665524385158911
0.013763081658305278,Happiness,Joy,0.0004620709812674541
0.013763081658305278,Happiness,Pride,0.009254963501915068
0.013763081658305278,Happiness,Sadness,0.0006988490468351637
0.013763081658305278,Happiness,Shame,0.019294521079308652
0.013763081658305278,Joy,Boredom,0.0004099192017324489
0.013763081658305278,Joy,Fear,0.0012186273102310315
0.013763081658305278,Joy,Happiness,0.0011710053846385423
0.013763081658305278,Joy,Joy,0.6781331948346428
0.013763081658305278,Joy,Pride,0.2769533150530396
0.013763081658305278,Joy,Sadness,0.001001185373782911
0.013763081658305278,Joy,Shame,0.04111275284193233
0.013763081658305278,Pride,Boredom,0.0009958649883566658
0.013763081658305278,Pride,Fear,0.0013116824755673938
0.013763081658305278,Pride,Happiness,0.0036025045409647603
0.013763081658305278,Pride,Joy,0.04527452861855752
0.013763081658305278,Pride,Pride,0.8776835511974875
0.013763081658305278,Pride,Sadness,0.0015329370577696585
0.013763081658305278,Pride,Shame,0.0695989311212963
0.013763081658305278,Sadness,Boredom,0.00018314653797204866
0.013763081658305278,Sadness,Fear,0.005377499917863588
0.013763081658305278,Sadness,Happiness,0.00033814600681031826
0.013763081658305278,Sadness,Joy,0.0006696487272286365
0.013763081658305278,Sadness,Pride,0.0007540569934443264
0.013763081658305278,Sadness,Sadness,0.9785376060887134
0.013763081658305278,Sadness,Shame,0.014139895727967559
0.013763081658305278,Shame,Boredom,0.0006402233034717896
0.013763081658305278,Shame,Fear,0.8107936290628226
0.013763081658305278,Shame,Happiness,0.0005814186381849815
0.013763081658305278,Shame,Joy,0.0008099078553460919
0.013763081658305278,Shame,Pride,0.0012240960131310714
0.013763081658305278,Shame,Sadness,0.0037668645697660464
0.013763081658305278,Shame,Shame,0.18218386055727726
0.013758746076421661,Boredom,Boredom,0.9991415476467657
0.013758746076421661,Boredom,Fear,0.00013386058764395403
0.013758746076421661,Boredom,Happiness,2.4608950253372564e-06
0.013758746076421661,Boredom,Joy,0.0001849381053183921
0.013758746076421661,Boredom,Pride,0.0001492717365322713
0.013758746076421661,Boredom,Sadness,9.456831162511617e-05
0.013758746076421661,Boredom,Shame,0.0002933527170895576
0.013758746076421661,Fear,Boredom,0.0004237351259637637
0.013758746076421661,Fear,Fear,0.9815424643823686
0.013758746076421661,Fear,Happiness,0.0005110722237937277
0.013758746076421661,Fear,Joy,0.0006214866801935127
0.013758746076421661,Fear,Pride,0.000730482423343038
0.013758746076421661,Fear,Sadness,0.004804231006132422
0.013758746076421661,Fear,Shame,0.011366528158205146
0.013758746076421661,Happiness,Boredom,0.0035503791257771853
0.013758746076421661,Happiness,Fear,0.0003476885094809322
0.013758746076421661,Happiness,Happiness,0.9649003226393991
0.013758746076421661,Happiness,Joy,0.0004682822911951108
0.013758746076421661,Happiness,Pride,0.00945493032425083
0.013758746076421661,Happiness,Sadness,0.0006978026315142704
0.013758746076421661,Happiness,Shame,0.020580594478382376
0.013758746076421661,Joy,Boredom,0.00038471166416042797
0.013758746076421661,Joy,Fear,0.0012410468173583804
0.013758746076421661,Joy,Happiness,0.0011058116161286296
0.013758746076421661,Joy,Joy,0.6505345349221476
0.013758746076421661,Joy,Pride,0.30588110341549285
0.013758746076421661,Joy,Sadness,0.0009584412476573148
0.013758746076421661,Joy,Shame,0.03989435031705495
0.013758746076421661,Pride,Boredom,0.0007739419682181997
0.013758746076421661,Pride,Fear,0.0010206169945569052
0.013758746076421661,Pride,Happiness,0.0029088587866160217
0.013758746076421661,Pride,Joy,0.038983821030376654
0.013758746076421661,Pride,Pride,0.8921112632435365
0.013758746076421661,Pride,Sadness,0.0012242891872787614
0.013758746076421661,Pride,Shame,0.06297720878941665
0.013758746076421661,Sadness,Boredom,0.0001821003522614645
0.013758746076421661,Sadness,Fear,0.005435977145823144
0.013758746076421661,Sadness,Happiness,0.0003399699330715224
0.013758746076421661,Sadness,Joy,0.0006691542804791174
0.013758746076421661,Sadness,Pride,0.000749053627211408
0.013758746076421661,Sadness,Sadness,0.9786899283090907
0.013758746076421661,Sadness,Shame,0.01393381635206284
0.013758746076421661,Shame,Boredom,0.0006400574887553174
0.013758746076421661,Shame,Fear,0.8140514692079247
0.013758746076421661,Shame,Happiness,0.0005786494962605482
0.013758746076421661,Shame,Joy,0.0007943692024936604
0.013758746076421661,Shame,Pride,0.001185504615702773
0.013758746076421661,Shame,Sadness,0.00377906271102456
0.013758746076421661,Shame,Shame,0.17897088727783791
0.014072713363131265,Boredom,Boredom,0.9991420124604447
0.014072713363131265,Boredom,Fear,0.00013510298127455923
0.014072713363131265,Boredom,Happiness,2.5211472440403626e-06
0.014072713363131265,Boredom,Joy,0.00018865618686517345
0.014072713363131265,Boredom,Pride,0.00014702515665261613
0.014072713363131265,Boredom,Sadness,9.546657557502194e-05
0.014072713363131265,Boredom,Shame,0.00028921549194414953
0.014072713363131265,Fear,Boredom,0.0004240562873951005
0.014072713363131265,Fear,Fear,0.9813849423368245
0.014072713363131265,Fear,Happiness,0.000509865212126166
0.014072713363131265,Fear,Joy,0.0006149523546279708
0.014072713363131265,Fear,Pride,0.0007331788534361163
0.014072713363131265,Fear,Sadness,0.004864520074861859
0.014072713363131265,Fear,Shame,0.011468484880728099
0.014072713363131265,Happiness,Boredom,0.003477457275461933
0.014072713363131265,Happiness,Fear,0.00035414933375455963
0.014072713363131265,Happiness,Happiness,0.9653511431905668
0.014072713363131265,Happiness,Joy,0.00046672273829338935
0.014072713363131265,Happiness,Pride,0.009678866793066081
0.014072713363131265,Happiness,Sadness,0.0007041465424984084
0.014072713363131265,Happiness,Shame,0.0199675141263587
0.014072713363131265,Joy,Boredom,0.00045100861884172366
0.014072713363131265,Joy,Fear,0.0013643344282203826
0.014072713363131265,Joy,Happiness,0.0012193708158748868
0.014072713363131265,Joy,Joy,0.6415735499375698
0.014072713363131265,Joy,Pride,0.31826149606860504
0.014072713363131265,Joy,Sadness,0.0010240153166948221
0.014072713363131265,Joy,Shame,0.03610622481419395
0.014072713363131265,Pride,Boredom,0.0004441096634210299
0.014072713363131265,Pride,Fear,0.0005934809612172429
0.014072713363131265,Pride,Happiness,0.0018117463108127973
0.014072713363131265,Pride,Joy,0.02732671040104959
0.014072713363131265,Pride,Pride,0.9305088763510736
0.014072713363131265,Pride,Sadness,0.0007591259463511034
0.014072713363131265,Pride,Shame,0.03855595036607492
0.014072713363131265,Sadness,Boredom,0.00017969060124684515
0.014072713363131265,Sadness,Fear,0.005367059515478082
0.014072713363131265,Sadness,Happiness,0.00034121741605466625
0.014072713363131265,Sadness,Joy,0.000665850310667727
0.014072713363131265,Sadness,Pride,0.0007428621927682575
0.014072713363131265,Sadness,Sadness,0.9788384741970259
0.014072713363131265,Sadness,Shame,0.013864845766758553
0.014072713363131265,Shame,Boredom,0.0006393162076614086
0.014072713363131265,Shame,Fear,0.8121894521314816
0.014072713363131265,Shame,Happiness,0.000574788331851025
0.014072713363131265,Shame,Joy,0.0007766187083416958
0.014072713363131265,Shame,Pride,0.0011787446726178304
0.014072713363131265,Shame,Sadness,0.0038156952722797205
0.014072713363131265,Shame,Shame,0.18082538467576664
0.01285809824454908,Boredom,Boredom,0.9991433069491639
0.01285809824454908,Boredom,Fear,0.00013294061085926935
0.01285809824454908,Boredom,Happiness,2.3683442024827528e-06
0.01285809824454908,Boredom,Joy,0.00018278272349869768
0.01285809824454908,Boredom,Pride,0.00015273156795876872
0.01285809824454908,Boredom,Sadness,9.361056014560585e-05
0.01285809824454908,Boredom,Shame,0.0002922592441715451
0.01285809824454908,Fear,Boredom,0.0004432171923652227
0.01285809824454908,Fear,Fear,0.9813027878464597
0.01285809824454908,Fear,Happiness,0.0005217120461272808
0.01285809824454908,Fear,Joy,0.0006425446372933395
0.01285809824454908,Fear,Pride,0.000728711871960156
0.01285809824454908,Fear,Sadness,0.004823789308697389
0.01285809824454908,Fear,Shame,0.011537237097096793
0.01285809824454908,Happiness,Boredom,0.0033357029055288176
0.01285809824454908,Happiness,Fear,0.0003485184539238967
0.01285809824454908,Happiness,Happiness,0.9689729783639185
0.01285809824454908,Happiness,Joy,0.00047008333716834564
0.01285809824454908,Happiness,Pride,0.008195530502036625
0.01285809824454908,Happiness,Sadness,0.0006995033320396955
0.01285809824454908,Happiness,Shame,0.01797768310538409
0.01285809824454908,Joy,Boredom,0.00047830947210234426
0.01285809824454908,Joy,Fear,0.0013276977850127157
0.01285809824454908,Joy,Happiness,0.0013377016964371028
0.01285809824454908,Joy,Joy,0.7179487666036216
0.01285809824454908,Joy,Pride,0.23843734992659724
0.01285809824454908,Joy,Sadness,0.001133292267032335
0.01285809824454908,Joy,Shame,0.039336882249196715
0.01285809824454908,Pride,Boredom,0.001936311053475504
0.01285809824454908,Pride,Fear,0.002577945506091942
0.01285809824454908,Pride,Happiness,0.006259972409370483
0.01285809824454908,Pride,Joy,0.06548431912806785
0.01285809824454908,Pride,Pride,0.8601436130555989
0.01285809824454908,Pride,Sadness,0.002851737459658436
0.01285809824454908,Pride,Shame,0.06074610138773687
0.01285809824454908,Sadness,Boredom,0.0001899945310582165
0.01285809824454908,Sadness,Fear,0.005368966254644722
0.01285809824454908,Sadness,Happiness,0.00032907200012506166
0.01285809824454908,Sadness,Joy,0.0006685697435981049
0.01285809824454908,Sadness,Pride,0.0007634088756522043
0.01285809824454908,Sadness,Sadness,0.9780017504345935
0.01285809824454908,Sadness,Shame,0.014678238160328583
0.01285809824454908,Shame,Boredom,0.0006566910937912139
0.01285809824454908,Shame,Fear,0.7982399866030709
0.01285809824454908,Shame,Happiness,0.0005816055134229452
0.01285809824454908,Shame,Joy,0.0008315708374052865
0.01285809824454908,Shame,Pride,0.0012400450906337097
0.01285809824454908,Shame,Sadness,0.0037292314737963693
0.01285809824454908,Shame,Shame,0.19472086938787952
0.014892135421934696,Boredom,Boredom,0.9991434016667158
0.014892135421934696,Boredom,Fear,0.00013489922058014986
0.014892135421934696,Boredom,Happiness,2.481696486263813e-06
0.014892135421934696,Boredom,Joy,0.000185902189435105
0.014892135421934696,Boredom,Pride,0.00015483471723467743
0.014892135421934696,Boredom,Sadness,9.817469272440734e-05
0.014892135421934696,Boredom,Shame,0.00028030581682366666
0.014892135421934696,Fear,Boredom,0.00040981428463968426
0.014892135421934696,Fear,Fear,0.9814380270490143
0.014892135421934696,Fear,Happiness,0.0005146494990261852
0.014892135421934696,Fear,Joy,0.0005926154007961598
0.014892135421934696,Fear,Pride,0.0007365467545463586
0.014892135421934696,Fear,Sadness,0.0048926895713356485
0.014892135421934696,Fear,Shame,0.011415657440641522
0.014892135421934696,Happiness,Boredom,0.003375198423507538
0.014892135421934696,Happiness,Fear,0.00034462747731103804
0.014892135421934696,Happiness,Happiness,0.9662084727108953
0.014892135421934696,Happiness,Joy,0.0004454205444875256
0.014892135421934696,Happiness,Pride,0.009867390478921795
0.014892135421934696,Happiness,Sadness,0.0006891800273287681
0.014892135421934696,Happiness,Shame,0.01906971033754805
0.014892135421934696,Joy,Boredom,0.0003529957364459346
0.014892135421934696,Joy,Fear,0.0012984408324061558
0.014892135421934696,Joy,Happiness,0.0009630079285398085
0.014892135421934696,Joy,Joy,0.5860450365460006
0.014892135421934696,Joy,Pride,0.3740259369821182
0.014892135421934696,Joy,Sadness,0.0008431161949041825
0.014892135421934696,Joy,Shame,0.03647146577958565
0.014892135421934696,Pride,Boredom,0.00024757297063227935
0.014892135421934696,Pride,Fear,0.00035415064271699417
0.014892135421934696,Pride,Happiness,0.0010319198291900715
0.014892135421934696,Pride,Joy,0.01781784283934101
0.014892135421934696,Pride,Pride,0.9284787431749602
0.014892135421934696,Pride,Sadness,0.00046732060308847984
0.014892135421934696,Pride,Shame,0.05160244994007116
0.014892135421934696,Sadness,Boredom,0.0001726278590599337
0.014892135421934696,Sadness,Fear,0.00535461463131734
0.014892135421934696,Sadness,Happiness,0.00034022821336236893
0.014892135421934696,Sadness,Joy,0.0006665153129308101
0.014892135421934696,Sadness,Pride,0.0007441592684453874
0.014892135421934696,Sadness,Sadness,0.9795531459678226
0.014892135421934696,Sadness,Shame,0.0131687087470617
0.014892135421934696,Shame,Boredom,0.0006196337699103136
0.014892135421934696,Shame,Fear,0.8165395437923265
0.014892135421934696,Shame,Happiness,0.0005810265088328259
0.014892135421934696,Shame,Joy,0.0007389469130520579
0.014892135421934696,Shame,Pride,0.0011834054262988504
0.014892135421934696,Shame,Sadness,0.0038452794194496964
0.014892135421934696,Shame,Shame,0.17649216417012972
0.013497802471939414,Boredom,Boredom,0.999135531899955
0.013497802471939414,Boredom,Fear,0.00013302263776608913
0.013497802471939414,Boredom,Happiness,2.4296652867363485e-06
0.013497802471939414,Boredom,Joy,0.00018443061621923945
0.013497802471939414,Boredom,Pride,0.00015305920231790796
0.013497802471939414,Boredom,Sadness,9.375205536935903e-05
0.013497802471939414,Boredom,Shame,0.0002977739230857539
0.013497802471939414,Fear,Boredom,0.00043248740690091304
0.013497802471939414,Fear,Fear,0.981376280099173
0.013497802471939414,Fear,Happiness,0.0005099636559919879
0.013497802471939414,Fear,Joy,0.0006245186484988559
0.013497802471939414,Fear,Pride,0.0007269488820855914
0.013497802471939414,Fear,Sadness,0.004792661805246193
0.013497802471939414,Fear,Shame,0.01153713950210335
0.013497802471939414,Happiness,Boredom,0.003434994632636682
0.013497802471939414,Happiness,Fear,0.000353615933818583
0.013497802471939414,Happiness,Happiness,0.9666116825175247
0.013497802471939414,Happiness,Joy,0.00047238787525484283
0.013497802471939414,Happiness,Pride,0.009078376762804612
0.013497802471939414,Happiness,Sadness,0.0007021228156478974
0.013497802471939414,Happiness,Shame,0.019346819462312433
0.013497802471939414,Joy,Boredom,0.0004435265004551799
0.013497802471939414,Joy,Fear,0.0013042293832274657
0.013497802471939414,Joy,Happiness,0.0012439624273148547
0.013497802471939414,Joy,Joy,0.6852697028935388
0.013497802471939414,Joy,Pride,0.2737093891582478
0.013497802471939414,Joy,Sadness,0.001050530822805942
0.013497802471939414,Joy,Shame,0.0369786588144102
0.013497802471939414,Pride,Boredom,0.0005834455681911871
0.013497802471939414,Pride,Fear,0.0007751067777518635
0.013497802471939414,Pride,Happiness,0.002310731679105958
0.013497802471939414,Pride,Joy,0.03291374513681598
0.013497802471939414,Pride,Pride,0.9139420867536652
0.013497802471939414,Pride,Sadness,0.000957463968103669
0.013497802471939414,Pride,Shame,0.04851742011636598
0.013497802471939414,Sadness,Boredom,0.00018474593927363746
0.013497802471939414,Sadness,Fear,0.005348920313168389
0.013497802471939414,Sadness,Happiness,0.0003351487369290422
0.013497802471939414,Sadness,Joy,0.0006683899853643071
0.013497802471939414,Sadness,Pride,0.0007473867831572822
0.013497802471939414,Sadness,Sadness,0.9787172726121299
0.013497802471939414,Sadness,Shame,0.01399813562997731
0.013497802471939414,Shame,Boredom,0.0006476578805790129
0.013497802471939414,Shame,Fear,0.8070822483070513
0.013497802471939414,Shame,Happiness,0.0005751286038860974
0.013497802471939414,Shame,Joy,0.0007973592206741903
0.013497802471939414,Shame,Pride,0.0011784704939666881
0.013497802471939414,Shame,Sadness,0.0037368323462824587
0.013497802471939414,Shame,Shame,0.18598230314756026
0.01474853309256658,Boredom,Boredom,0.9991436739086356
0.01474853309256658,Boredom,Fear,0.0001332464213643357
0.01474853309256658,Boredom,Happiness,2.4679754806485917e-06
0.01474853309256658,Boredom,Joy,0.0001895589322584153
0.01474853309256658,Boredom,Pride,0.00015462659013079663
0.01474853309256658,Boredom,Sadness,9.76929154486995e-05
0.01474853309256658,Boredom,Shame,0.00027873325668174067
0.01474853309256658,Fear,Boredom,0.000411110591125486
0.01474853309256658,Fear,Fear,0.9815680708599037
0.01474853309256658,Fear,Happiness,0.0005121509179868367
0.01474853309256658,Fear,Joy,0.0006040092605255663
0.01474853309256658,Fear,Pride,0.0007359737010752034
0.01474853309256658,Fear,Sadness,0.004836993944281138
0.01474853309256658,Fear,Shame,0.011331690725101826
0.01474853309256658,Happiness,Boredom,0.003390015618553737
0.01474853309256658,Happiness,Fear,0.00034284266063263843
0.01474853309256658,Happiness,Happiness,0.9658232557854223
0.01474853309256658,Happiness,Joy,0.00044095171068122104
0.01474853309256658,Happiness,Pride,0.009969362773667338
0.01474853309256658,Happiness,Sadness,0.0007150583853199875
0.01474853309256658,Happiness,Shame,0.019318513065722975
0.01474853309256658,Joy,Boredom,0.0003455699301904936
0.01474853309256658,Joy,Fear,0.0012025740652035185
0.01474853309256658,Joy,Happiness,0.0009598033259898722
0.01474853309256658,Joy,Joy,0.6146854652051367
0.01474853309256658,Joy,Pride,0.34122506524263285
0.01474853309256658,Joy,Sadness,0.0008522682006622533
0.01474853309256658,Joy,Shame,0.04072925403018474
0.01474853309256658,Pride,Boredom,0.0003112915019457992
0.01474853309256658,Pride,Fear,0.00042611600670425687
0.01474853309256658,Pride,Happiness,0.0012870935781129098
0.01474853309256658,Pride,Joy,0.021594623293860526
0.01474853309256658,Pride,Pride,0.9061685607326563
0.01474853309256658,Pride,Sadness,0.0005542360199595733
0.01474853309256658,Pride,Shame,0.06965807886676034
0.01474853309256658,Sadness,Boredom,0.00017399532492714924
0.01474853309256658,Sadness,Fear,0.0053724608167906715
0.01474853309256658,Sadness,Happiness,0.00034019411116091374
0.01474853309256658,Sadness,Joy,0.0006698698521881604
0.01474853309256658,Sadness,Pride,0.0007418948755634998
0.01474853309256658,Sadness,Sadness,0.9791827218772862
0.01474853309256658,Sadness,Shame,0.01351886314208361
0.01474853309256658,Shame,Boredom,0.0006220453399170877
0.01474853309256658,Shame,Fear,0.8164770032131671
0.01474853309256658,Shame,Happiness,0.0005778925638272786
0.01474853309256658,Shame,Joy,0.0007581093694232389
0.01474853309256658,Shame,Pride,0.001195116968547248
0.01474853309256658,Shame,Sadness,0.003804404578682371
0.01474853309256658,Shame,Shame,0.17656542796643526
0.014102013388007668,Boredom,Boredom,0.9991384001551743
0.014102013388007668,Boredom,Fear,0.0001332034432397143
0.014102013388007668,Boredom,Happiness,2.4918698830249196e-06
0.014102013388007668,Boredom,Joy,0.0001884266187274507
0.014102013388007668,Boredom,Pride,0.0001502693880625987
0.014102013388007668,Boredom,Sadness,9.521859504604696e-05
0.014102013388007668,Boredom,Shame,0.00029198992986689777
0.014102013388007668,Fear,Boredom,0.0004218771472051213
0.014102013388007668,Fear,Fear,0.9816037471494872
0.014102013388007668,Fear,Happiness,0.0005094644815271918
0.014102013388007668,Fear,Joy,0.0006268103847726299
0.014102013388007668,Fear,Pride,0.0007283796031493177
0.014102013388007668,Fear,Sadness,0.004848571823724442
0.014102013388007668,Fear,Shame,0.011261149410133961
0.014102013388007668,Happiness,Boredom,0.0034334767674175756
0.014102013388007668,Happiness,Fear,0.0003492557249809953
0.014102013388007668,Happiness,Happiness,0.9655078998323908
0.014102013388007668,Happiness,Joy,0.00045960603432158945
0.014102013388007668,Happiness,Pride,0.009552645570878088
0.014102013388007668,Happiness,Sadness,0.0007025228852883243
0.014102013388007668,Happiness,Shame,0.01999459318472276
0.014102013388007668,Joy,Boredom,0.0003891584870210375
0.014102013388007668,Joy,Fear,0.0012456781949368035
0.014102013388007668,Joy,Happiness,0.0010954986814065639
0.014102013388007668,Joy,Joy,0.6418085042760603
0.014102013388007668,Joy,Pride,0.3132782061525563
0.014102013388007668,Joy,Sadness,0.0009439587365004774
0.014102013388007668,Joy,Shame,0.04123899547151809
0.014102013388007668,Pride,Boredom,0.0009177160133708492
0.014102013388007668,Pride,Fear,0.0012088805874528753
0.014102013388007668,Pride,Happiness,0.0033370017076127995
0.014102013388007668,Pride,Joy,0.04320061534858055
0.014102013388007668,Pride,Pride,0.8848775294472128
0.014102013388007668,Pride,Sadness,0.0014182207059541426
0.014102013388007668,Pride,Shame,0.0650400361898158
0.014102013388007668,Sadness,Boredom,0.00018017642719331855
0.014102013388007668,Sadness,Fear,0.005368191134164564
0.014102013388007668,Sadness,Happiness,0.00034119445660154765
0.014102013388007668,Sadness,Joy,0.0006692173729113687
0.014102013388007668,Sadness,Pride,0.0007427172972674973
0.014102013388007668,Sadness,Sadness,0.9789110266774884
0.014102013388007668,Sadness,Shame,0.013787476634373286
0.014102013388007668,Shame,Boredom,0.0006351844316701717
0.014102013388007668,Shame,Fear,0.8104168771507535
0.014102013388007668,Shame,Happiness,0.000572936679125507
0.014102013388007668,Shame,Joy,0.0007938895995601234
0.014102013388007668,Shame,Pride,0.0011767527565801747
0.014102013388007668,Shame,Sadness,0.003795419506588518
0.014102013388007668,Shame,Shame,0.18260893987572227
0.015146468577835023,Boredom,Boredom,0.9991379947171961
0.015146468577835023,Boredom,Fear,0.0001341107555015963
0.015146468577835023,Boredom,Happiness,2.499193883490128e-06
0.015146468577835023,Boredom,Joy,0.0001886227333764732
0.015146468577835023,Boredom,Pride,0.00015699328200878543
0.015146468577835023,Boredom,Sadness,9.816028158817065e-05
0.015146468577835023,Boredom,Shame,0.0002816190364457017
0.015146468577835023,Fear,Boredom,0.00040241272442174465
0.015146468577835023,Fear,Fear,0.9818042478715575
0.015146468577835023,Fear,Happiness,0.0005130632657895038
0.015146468577835023,Fear,Joy,0.0006065961973331266
0.015146468577835023,Fear,Pride,0.0007254692421020173
0.015146468577835023,Fear,Sadness,0.004937576670674237
0.015146468577835023,Fear,Shame,0.01101063402812197
0.015146468577835023,Happiness,Boredom,0.0033286743492022364
0.015146468577835023,Happiness,Fear,0.00033783139152946485
0.015146468577835023,Happiness,Happiness,0.9662220585620205
0.015146468577835023,Happiness,Joy,0.00044711213193078146
0.015146468577835023,Happiness,Pride,0.01006256572221575
0.015146468577835023,Happiness,Sadness,0.0007005947601075187
0.015146468577835023,Happiness,Shame,0.018901163082993496
0.015146468577835023,Joy,Boredom,0.00040168277638812425
0.015146468577835023,Joy,Fear,0.0013071639286233018
0.015146468577835023,Joy,Happiness,0.0010743187193490772
0.015146468577835023,Joy,Joy,0.619541262055281
0.015146468577835023,Joy,Pride,0.3410082191086335
0.015146468577835023,Joy,Sadness,0.0009211751433113302
0.015146468577835023,Joy,Shame,0.0357461782684137
0.015146468577835023,Pride,Boredom,0.0003266314672436462
0.015146468577835023,Pride,Fear,0.0004497497047249727
0.015146468577835023,Pride,Happiness,0.0013422242761578053
0.015146468577835023,Pride,Joy,0.02193746946518775
0.015146468577835023,Pride,Pride,0.9301019728735543
0.015146468577835023,Pride,Sadness,0.0005784712612942188
0.015146468577835023,Pride,Shame,0.04526348095183772
0.015146468577835023,Sadness,Boredom,0.0001686676230690588
0.015146468577835023,Sadness,Fear,0.005391765041971479
0.015146468577835023,Sadness,Happiness,0.0003411628172516783
0.015146468577835023,Sadness,Joy,0.0006728008861923477
0.015146468577835023,Sadness,Pride,0.0007333106148857637
0.015146468577835023,Sadness,Sadness,0.9794446369030375
0.015146468577835023,Sadness,Shame,0.013247656113592451
0.015146468577835023,Shame,Boredom,0.0006117366282636519
0.015146468577835023,Shame,Fear,0.8209305252479144
0.015146468577835023,Shame,Happiness,0.0005833213931109348
0.015146468577835023,Shame,Joy,0.0007588629800440393
0.015146468577835023,Shame,Pride,0.0011657330239808552
0.015146468577835023,Shame,Sadness,0.003899063583599113
0.015146468577835023,Shame,Shame,0.17205075714308674
0.013506124113568194,Boredom,Boredom,0.9991452292900707
0.013506124113568194,Boredom,Fear,0.0001329251506938893
0.013506124113568194,Boredom,Happiness,2.408922581565792e-06
0.013506124113568194,Boredom,Joy,0.0001840704773791168
0.013506124113568194,Boredom,Pride,0.00015020800185697875
0.013506124113568194,Boredom,Sadness,9.194776903605372e-05
0.013506124113568194,Boredom,Shame,0.0002932103883816638
0.013506124113568194,Fear,Boredom,0.00043319178206592556
0.013506124113568194,Fear,Fear,0.9814994062352179
0.013506124113568194,Fear,Happiness,0.0005153692861343998
0.013506124113568194,Fear,Joy,0.0006276099521143119
0.013506124113568194,Fear,Pride,0.0007296135581001757
0.013506124113568194,Fear,Sadness,0.004785991510601654
0.013506124113568194,Fear,Shame,0.01140881767576572
0.013506124113568194,Happiness,Boredom,0.003395194556742929
0.013506124113568194,Happiness,Fear,0.0003478937589835166
0.013506124113568194,Happiness,Happiness,0.9675074040299453
0.013506124113568194,Happiness,Joy,0.0004658124754990102
0.013506124113568194,Happiness,Pride,0.009091461778619532
0.013506124113568194,Happiness,Sadness,0.0006903778770944815
0.013506124113568194,Happiness,Shame,0.0185018555231152
0.013506124113568194,Joy,Boredom,0.0004533515856676294
0.013506124113568194,Joy,Fear,0.001334280739573217
0.013506124113568194,Joy,Happiness,0.0012620113882140253
0.013506124113568194,Joy,Joy,0.6793668511555578
0.013506124113568194,Joy,Pride,0.28151860723646377
0.013506124113568194,Joy,Sadness,0.0010609253568067978
0.013506124113568194,Joy,Shame,0.0350039725377169
0.013506124113568194,Pride,Boredom,0.0007200071629652863
0.013506124113568194,Pride,Fear,0.00095073708472688
0.013506124113568194,Pride,Happiness,0.0027534923505944824
0.013506124113568194,Pride,Joy,0.03719189976654494
0.013506124113568194,Pride,Pride,0.9170489983202363
0.013506124113568194,Pride,Sadness,0.0011471275636992318
0.013506124113568194,Pride,Shame,0.04018773775123291
0.013506124113568194,Sadness,Boredom,0.00018538405775796304
0.013506124113568194,Sadness,Fear,0.005398525440277421
0.013506124113568194,Sadness,Happiness,0.0003360799420497019
0.013506124113568194,Sadness,Joy,0.0006702690887914251
0.013506124113568194,Sadness,Pride,0.0007515506361070298
0.013506124113568194,Sadness,Sadness,0.9787132304043111
0.013506124113568194,Sadness,Shame,0.013944960430705769
0.013506124113568194,Shame,Boredom,0.000651011512267731
0.013506124113568194,Shame,Fear,0.8105577159608058
0.013506124113568194,Shame,Happiness,0.0005835165079841872
0.013506124113568194,Shame,Joy,0.0008025801071838007
0.013506124113568194,Shame,Pride,0.0011778707553692313
0.013506124113568194,Shame,Sadness,0.0037475026166773943
0.013506124113568194,Shame,Shame,0.18247980253971202
0.01376667409442624,Boredom,Boredom,0.9991334425247017
0.01376667409442624,Boredom,Fear,0.00013448915413839997
0.01376667409442624,Boredom,Happiness,2.4622608834122334e-06
0.01376667409442624,Boredom,Joy,0.0001862137613853441
0.01376667409442624,Boredom,Pride,0.00015344680919412561
0.01376667409442624,Boredom,Sadness,9.367003870574688e-05
0.01376667409442624,Boredom,Shame,0.0002962754509910495
0.01376667409442624,Fear,Boredom,0.00042321443590887317
0.01376667409442624,Fear,Fear,0.9817605863287583
0.01376667409442624,Fear,Happiness,0.0005096738669835872
0.01376667409442624,Fear,Joy,0.0006289095965271741
0.01376667409442624,Fear,Pride,0.0007296075473066491
0.01376667409442624,Fear,Sadness,0.004809510680704941
0.01376667409442624,Fear,Shame,0.011138497543810313
0.01376667409442624,Happiness,Boredom,0.003277778711000388
0.01376667409442624,Happiness,Fear,0.0003520646838587631
0.01376667409442624,Happiness,Happiness,0.9679888063954718
0.01376667409442624,Happiness,Joy,0.00046347060917673185
0.01376667409442624,Happiness,Pride,0.008632861759278378
0.01376667409442624,Happiness,Sadness,0.0007005663157454876
0.01376667409442624,Happiness,Shame,0.018584451525467904
0.01376667409442624,Joy,Boredom,0.0004684887948619199
0.01376667409442624,Joy,Fear,0.0013305815171003848
0.01376667409442624,Joy,Happiness,0.0012856502210722694
0.01376667409442624,Joy,Joy,0.6845783225615008
0.01376667409442624,Joy,Pride,0.2731723843259421
0.01376667409442624,Joy,Sadness,0.0010776832272966544
0.01376667409442624,Joy,Shame,0.0380868893522259
0.01376667409442624,Pride,Boredom,0.000829733568478651
0.01376667409442624,Pride,Fear,0.001096384264989552
0.01376667409442624,Pride,Happiness,0.0030988765165821035
0.01376667409442624,Pride,Joy,0.04051393316253471
0.01376667409442624,Pride,Pride,0.9034072591465077
0.01376667409442624,Pride,Sadness,0.0013001198429522035
0.01376667409442624,Pride,Shame,0.0497536934979549
0.01376667409442624,Sadness,Boredom,0.00018254279586162357
0.01376667409442624,Sadness,Fear,0.005431333216024503
0.01376667409442624,Sadness,Happiness,0.0003396762218418764
0.01376667409442624,Sadness,Joy,0.0006683735235161146
0.01376667409442624,Sadness,Pride,0.000750703949445295
0.01376667409442624,Sadness,Sadness,0.9785818321345764
0.01376667409442624,Sadness,Shame,0.014045538158734274
0.01376667409442624,Shame,Boredom,0.0006386111359835654
0.01376667409442624,Shame,Fear,0.8136406762689468
0.01376667409442624,Shame,Happiness,0.0005765353934394064
0.01376667409442624,Shame,Joy,0.0008054267365413045
0.01376667409442624,Shame,Pride,0.0011933182900724067
0.01376667409442624,Shame,Sadness,0.0037816763387233054
0.01376667409442624,Shame,Shame,0.1793637558362934
0.014252763269482603,Boredom,Boredom,0.9991405086774163
0.014252763269482603,Boredom,Fear,0.00013417165584074728
0.014252763269482603,Boredom,Happiness,2.497125979742125e-06
0.014252763269482603,Boredom,Joy,0.00018816636805184798
0.014252763269482603,Boredom,Pride,0.00015181439674437933
0.014252763269482603,Boredom,Sadness,9.452796949296105e-05
0.014252763269482603,Boredom,Shame,0.00028831380647465225
0.014252763269482603,Fear,Boredom,0.0004183948568839068
0.014252763269482603,Fear,Fear,0.9812188533428011
0.014252763269482603,Fear,Happiness,0.0005095246613931244
0.014252763269482603,Fear,Joy,0.0006206197487279354
0.014252763269482603,Fear,Pride,0.0007318574523612787
0.014252763269482603,Fear,Sadness,0.004852999268584282
0.014252763269482603,Fear,Shame,0.011647750669248315
0.014252763269482603,Happiness,Boredom,0.003524463904201772
0.014252763269482603,Happiness,Fear,0.000349192056954289
0.014252763269482603,Happiness,Happiness,0.9648313582679453
0.014252763269482603,Happiness,Joy,0.0004668781460127841
0.014252763269482603,Happiness,Pride,0.00983701089715483
0.014252763269482603,Happiness,Sadness,0.0007170784640296812
0.014252763269482603,Happiness,Shame,0.020274018263701375
0.014252763269482603,Joy,Boredom,0.00040121774896710854
0.014252763269482603,Joy,Fear,0.0012507115876075456
0.014252763269482603,Joy,Happiness,0.0011146889234635625
0.014252763269482603,Joy,Joy,0.6453083116771583
0.014252763269482603,Joy,Pride,0.31070593727743545
0.014252763269482603,Joy,Sadness,0.0009578241116279947
0.014252763269482603,Joy,Shame,0.04026130867373997
0.014252763269482603,Pride,Boredom,0.0006237317320322035
0.014252763269482603,Pride,Fear,0.0008224451772598584
0.014252763269482603,Pride,Happiness,0.002411514491869546
0.014252763269482603,Pride,Joy,0.034240516628707675
0.014252763269482603,Pride,Pride,0.8993996265928029
0.014252763269482603,Pride,Sadness,0.001003950160363277
0.014252763269482603,Pride,Shame,0.0614982152169643
0.014252763269482603,Sadness,Boredom,0.00017619224620282558
0.014252763269482603,Sadness,Fear,0.005374632455766713
0.014252763269482603,Sadness,Happiness,0.00034410013962216833
0.014252763269482603,Sadness,Joy,0.0006702902258605706
0.014252763269482603,Sadness,Pride,0.0007431180125964137
0.014252763269482603,Sadness,Sadness,0.9791765646091789
0.014252763269482603,Sadness,Shame,0.01351510231077237
0.014252763269482603,Shame,Boredom,0.0006294088902055699
0.014252763269482603,Shame,Fear,0.8091614586485057
0.014252763269482603,Shame,Happiness,0.0005736990160278162
0.014252763269482603,Shame,Joy,0.0007824973840608776
0.014252763269482603,Shame,Pride,0.0011829074245631548
0.014252763269482603,Shame,Sadness,0.003793605258890492
0.014252763269482603,Shame,Shame,0.18387642337774657
0.012348079891866143,Boredom,Boredom,0.9991483887627303
0.012348079891866143,Boredom,Fear,0.00013238719105439686
0.012348079891866143,Boredom,Happiness,2.333358637254493e-06
0.012348079891866143,Boredom,Joy,0.00018064008895528558
0.012348079891866143,Boredom,Pride,0.00014732289013900696
0.012348079891866143,Boredom,Sadness,9.017516376289216e-05
0.012348079891866143,Boredom,Shame,0.0002987525447213727
0.012348079891866143,Fear,Boredom,0.0004506474617978835
0.012348079891866143,Fear,Fear,0.9811973919101358
0.012348079891866143,Fear,Happiness,0.0005198453424090485
0.012348079891866143,Fear,Joy,0.0006340407822657843
0.012348079891866143,Fear,Pride,0.000728169254510623
0.012348079891866143,Fear,Sadness,0.004757588951428856
0.012348079891866143,Fear,Shame,0.011712316297452228
0.012348079891866143,Happiness,Boredom,0.0031170159629449585
0.012348079891866143,Happiness,Fear,0.00034079610603546744
0.012348079891866143,Happiness,Happiness,0.9709166232501814
0.012348079891866143,Happiness,Joy,0.0004435469972306315
0.012348079891866143,Happiness,Pride,0.007461038225543765
0.012348079891866143,Happiness,Sadness,0.0006656111212604507
0.012348079891866143,Happiness,Shame,0.017055368336803593
0.012348079891866143,Joy,Boredom,0.00048818430428472157
0.012348079891866143,Joy,Fear,0.001330883616488955
0.012348079891866143,Joy,Happiness,0.0013475579312797407
0.012348079891866143,Joy,Joy,0.7355157754059829
0.012348079891866143,Joy,Pride,0.22365884337521308
0.012348079891866143,Joy,Sadness,0.0011633614954648403
0.012348079891866143,Joy,Shame,0.03649539387128559
0.012348079891866143,Pride,Boredom,0.0011955176584149047
0.012348079891866143,Pride,Fear,0.001563787330237171
0.012348079891866143,Pride,Happiness,0.0042098745644605215
0.012348079891866143,Pride,Joy,0.0501030182848165
0.012348079891866143,Pride,Pride,0.886643729297022
0.012348079891866143,Pride,Sadness,0.0018128848747272239
0.012348079891866143,Pride,Shame,0.054471187990321836
0.012348079891866143,Sadness,Boredom,0.0001937291601310843
0.012348079891866143,Sadness,Fear,0.005284383238101585
0.012348079891866143,Sadness,Happiness,0.00032065275469680895
0.012348079891866143,Sadness,Joy,0.000664769461330256
0.012348079891866143,Sadness,Pride,0.0007706970517495396
0.012348079891866143,Sadness,Sadness,0.9782351853270345
0.012348079891866143,Sadness,Shame,0.014530583006956137
0.012348079891866143,Shame,Boredom,0.0006688366888396812
0.012348079891866143,Shame,Fear,0.8012423203546071
0.012348079891866143,Shame,Happiness,0.0005840290284917771
0.012348079891866143,Shame,Joy,0.0008328908344265283
0.012348079891866143,Shame,Pride,0.0012633192485240923
0.012348079891866143,Shame,Sadness,0.0037011553305978653
0.012348079891866143,Shame,Shame,0.19170744851451263
0.014619559675495355,Boredom,Boredom,0.9991482524024546
0.014619559675495355,Boredom,Fear,0.00013344880807282167
0.014619559675495355,Boredom,Happiness,2.4706717670969265e-06
0.014619559675495355,Boredom,Joy,0.00018800462120583888
0.014619559675495355,Boredom,Pride,0.00015068247991199105
0.014619559675495355,Boredom,Sadness,9.578593455757605e-05
0.014619559675495355,Boredom,Shame,0.0002813550820300528
0.014619559675495355,Fear,Boredom,0.00041491864741777755
0.014619559675495355,Fear,Fear,0.9811411671467469
0.014619559675495355,Fear,Happiness,0.0005148562225638992
0.014619559675495355,Fear,Joy,0.000602614945422543
0.014619559675495355,Fear,Pride,0.000735756990543964
0.014619559675495355,Fear,Sadness,0.004868663959833082
0.014619559675495355,Fear,Shame,0.01172202208747191
0.014619559675495355,Happiness,Boredom,0.0034555290805500013
0.014619559675495355,Happiness,Fear,0.00035186290759042825
0.014619559675495355,Happiness,Happiness,0.9651228547743199
0.014619559675495355,Happiness,Joy,0.00045518532115214897
0.014619559675495355,Happiness,Pride,0.010076163459501977
0.014619559675495355,Happiness,Sadness,0.0007282430711158271
0.014619559675495355,Happiness,Shame,0.01981016138576993
0.014619559675495355,Joy,Boredom,0.00041328646700141786
0.014619559675495355,Joy,Fear,0.0013630387261624967
0.014619559675495355,Joy,Happiness,0.0011102270964642095
0.014619559675495355,Joy,Joy,0.6113024818983607
0.014619559675495355,Joy,Pride,0.35331973491756435
0.014619559675495355,Joy,Sadness,0.0009424527343086246
0.014619559675495355,Joy,Shame,0.03154877816013825
0.014619559675495355,Pride,Boredom,0.0003191886005059252
0.014619559675495355,Pride,Fear,0.00043769049626389843
0.014619559675495355,Pride,Happiness,0.0013298076894588057
0.014619559675495355,Pride,Joy,0.02150304439105185
0.014619559675495355,Pride,Pride,0.9448428947184587
0.014619559675495355,Pride,Sadness,0.0005774064769024603
0.014619559675495355,Pride,Shame,0.030989967627358377
0.014619559675495355,Sadness,Boredom,0.00017594712467471142
0.014619559675495355,Sadness,Fear,0.005446361134209936
0.014619559675495355,Sadness,Happiness,0.00034206723519609203
0.014619559675495355,Sadness,Joy,0.0006727406233596418
0.014619559675495355,Sadness,Pride,0.0007368618360448625
0.014619559675495355,Sadness,Sadness,0.979098972578892
0.014619559675495355,Sadness,Shame,0.013527049467622926
0.014619559675495355,Shame,Boredom,0.0006235971712928103
0.014619559675495355,Shame,Fear,0.8098998821521847
0.014619559675495355,Shame,Happiness,0.0005762188403629452
0.014619559675495355,Shame,Joy,0.0007509033634105289
0.014619559675495355,Shame,Pride,0.0011735457673639612
0.014619559675495355,Shame,Sadness,0.0037991743890864464
0.014619559675495355,Shame,Shame,0.1831766783162985
0.015153650550793875,Boredom,Boredom,0.9991353182522478
0.015153650550793875,Boredom,Fear,0.00013485084635594727
0.015153650550793875,Boredom,Happiness,2.478361776468681e-06
0.015153650550793875,Boredom,Joy,0.00018821967296205037
0.015153650550793875,Boredom,Pride,0.00015766857199932418
0.015153650550793875,Boredom,Sadness,9.77639786385564e-05
0.015153650550793875,Boredom,Shame,0.00028370031602007904
0.015153650550793875,Fear,Boredom,0.000404930083461078
0.015153650550793875,Fear,Fear,0.9816707692651981
0.015153650550793875,Fear,Happiness,0.000512531250561132
0.015153650550793875,Fear,Joy,0.0006261822455080575
0.015153650550793875,Fear,Pride,0.000723215904585727
0.015153650550793875,Fear,Sadness,0.00490918880691247
0.015153650550793875,Fear,Shame,0.011153182443773568
0.015153650550793875,Happiness,Boredom,0.0032588414579661096
0.015153650550793875,Happiness,Fear,0.00033651216948149944
0.015153650550793875,Happiness,Happiness,0.967471885859044
0.015153650550793875,Happiness,Joy,0.00044406678257753567
0.015153650550793875,Happiness,Pride,0.009770280582635406
0.015153650550793875,Happiness,Sadness,0.0007035896644176471
0.015153650550793875,Happiness,Shame,0.01801482348387788
0.015153650550793875,Joy,Boredom,0.00038928045240048517
0.015153650550793875,Joy,Fear,0.001246237393836902
0.015153650550793875,Joy,Happiness,0.0010580384070448627
0.015153650550793875,Joy,Joy,0.6333602000823795
0.015153650550793875,Joy,Pride,0.32394831425613113
0.015153650550793875,Joy,Sadness,0.0009181485219125594
0.015153650550793875,Joy,Shame,0.03907978088629422
0.015153650550793875,Pride,Boredom,0.0008719401356695333
0.015153650550793875,Pride,Fear,0.0011426270935592988
0.015153650550793875,Pride,Happiness,0.0031657833048396593
0.015153650550793875,Pride,Joy,0.04169103455038097
0.015153650550793875,Pride,Pride,0.890906402973945
0.015153650550793875,Pride,Sadness,0.0013398731941992364
0.015153650550793875,Pride,Shame,0.06088233874740625
0.015153650550793875,Sadness,Boredom,0.00016981577722678247
0.015153650550793875,Sadness,Fear,0.005339866317392231
0.015153650550793875,Sadness,Happiness,0.00034148543413844247
0.015153650550793875,Sadness,Joy,0.0006717979946909457
0.015153650550793875,Sadness,Pride,0.0007368092589174607
0.015153650550793875,Sadness,Sadness,0.9797664940181898
0.015153650550793875,Sadness,Shame,0.012973731199444033
0.015153650550793875,Shame,Boredom,0.0006116248798009827
0.015153650550793875,Shame,Fear,0.8151159201031593
0.015153650550793875,Shame,Happiness,0.0005791793491870191
0.015153650550793875,Shame,Joy,0.0007846524501687602
0.015153650550793875,Shame,Pride,0.0011676595881931332
0.015153650550793875,Shame,Sadness,0.003850534199603532
0.015153650550793875,Shame,Shame,0.17789042942988736
0.01484322499229743,Boredom,Boredom,0.9991391144080426
0.01484322499229743,Boredom,Fear,0.00013397419783170805
0.01484322499229743,Boredom,Happiness,2.512871060023639e-06
0.01484322499229743,Boredom,Joy,0.00019012270743925646
0.01484322499229743,Boredom,Pride,0.00015679344188024828
0.01484322499229743,Boredom,Sadness,9.868559977915949e-05
0.01484322499229743,Boredom,Shame,0.00027879677396703054
0.01484322499229743,Fear,Boredom,0.00040755353966951687
0.01484322499229743,Fear,Fear,0.9815904367488398
0.01484322499229743,Fear,Happiness,0.0005117125849167534
0.01484322499229743,Fear,Joy,0.0005945816883763224
0.01484322499229743,Fear,Pride,0.0007393661486481555
0.01484322499229743,Fear,Sadness,0.004888373925744973
0.01484322499229743,Fear,Shame,0.011267975363804989
0.01484322499229743,Happiness,Boredom,0.003325427289933933
0.01484322499229743,Happiness,Fear,0.0003450149208200263
0.01484322499229743,Happiness,Happiness,0.9663544006929072
0.01484322499229743,Happiness,Joy,0.0004466120135985996
0.01484322499229743,Happiness,Pride,0.00990501426374049
0.01484322499229743,Happiness,Sadness,0.0007010431020228178
0.01484322499229743,Happiness,Shame,0.018922487716976796
0.01484322499229743,Joy,Boredom,0.00038278667710211003
0.01484322499229743,Joy,Fear,0.0013041639153871106
0.01484322499229743,Joy,Happiness,0.00103495862776879
0.01484322499229743,Joy,Joy,0.6074652270778735
0.01484322499229743,Joy,Pride,0.3530592850225665
0.01484322499229743,Joy,Sadness,0.0008933828068995586
0.01484322499229743,Joy,Shame,0.035860195872402904
0.01484322499229743,Pride,Boredom,0.00022810295941726256
0.01484322499229743,Pride,Fear,0.00033025018515728575
0.01484322499229743,Pride,Happiness,0.0009501821904487944
0.01484322499229743,Pride,Joy,0.016616100882754673
0.01484322499229743,Pride,Pride,0.9346919327519226
0.01484322499229743,Pride,Sadness,0.0004399368682390661
0.01484322499229743,Pride,Shame,0.04674349416206069
0.01484322499229743,Sadness,Boredom,0.000171907873150744
0.01484322499229743,Sadness,Fear,0.0053674307937429016
0.01484322499229743,Sadness,Happiness,0.00034016228709482776
0.01484322499229743,Sadness,Joy,0.0006676737468234685
0.01484322499229743,Sadness,Pride,0.00074269572556288
0.01484322499229743,Sadness,Sadness,0.9792110851722152
0.01484322499229743,Sadness,Shame,0.013499044401409938
0.01484322499229743,Shame,Boredom,0.0006172308750548106
0.01484322499229743,Shame,Fear,0.8173648611279307
0.01484322499229743,Shame,Happiness,0.0005780185041308603
0.01484322499229743,Shame,Joy,0.0007427604215293296
0.01484322499229743,Shame,Pride,0.0011892132714110268
0.01484322499229743,Shame,Sadness,0.0038453638121071845
0.01484322499229743,Shame,Shame,0.17566255198783606
0.014564817882990735,Boredom,Boredom,0.9991482249995315
0.014564817882990735,Boredom,Fear,0.00013350302005653324
0.014564817882990735,Boredom,Happiness,2.480049331753904e-06
0.014564817882990735,Boredom,Joy,0.00018875969762463334
0.014564817882990735,Boredom,Pride,0.0001514078412174076
0.014564817882990735,Boredom,Sadness,9.647658855959534e-05
0.014564817882990735,Boredom,Shame,0.0002791478036787389
0.014564817882990735,Fear,Boredom,0.0004157646683796012
0.014564817882990735,Fear,Fear,0.9813622769818291
0.014564817882990735,Fear,Happiness,0.0005153400399148124
0.014564817882990735,Fear,Joy,0.000587538837355898
0.014564817882990735,Fear,Pride,0.0007387446129953611
0.014564817882990735,Fear,Sadness,0.004856750208855175
0.014564817882990735,Fear,Shame,0.011523584650670398
0.014564817882990735,Happiness,Boredom,0.003535905747999576
0.014564817882990735,Happiness,Fear,0.00034370384480169583
0.014564817882990735,Happiness,Happiness,0.9643011145253466
0.014564817882990735,Happiness,Joy,0.0004510018448713677
0.014564817882990735,Happiness,Pride,0.01047834145840477
0.014564817882990735,Happiness,Sadness,0.0007148355942499364
0.014564817882990735,Happiness,Shame,0.02017509698432605
0.014564817882990735,Joy,Boredom,0.0003792020474232358
0.014564817882990735,Joy,Fear,0.001331349192424886
0.014564817882990735,Joy,Happiness,0.0010323936723085508
0.014564817882990735,Joy,Joy,0.5969725025680377
0.014564817882990735,Joy,Pride,0.36436312548595146
0.014564817882990735,Joy,Sadness,0.0008899504892813684
0.014564817882990735,Joy,Shame,0.035031476544572906
0.014564817882990735,Pride,Boredom,0.00018110842092885704
0.014564817882990735,Pride,Fear,0.0002797411051664735
0.014564817882990735,Pride,Happiness,0.0007381530152956212
0.014564817882990735,Pride,Joy,0.013426048459156969
0.014564817882990735,Pride,Pride,0.9421689761642293
0.014564817882990735,Pride,Sadness,0.0003755587292284448
0.014564817882990735,Pride,Shame,0.04283041410599472
0.014564817882990735,Sadness,Boredom,0.0001774640099662512
0.014564817882990735,Sadness,Fear,0.005433899935436894
0.014564817882990735,Sadness,Happiness,0.0003415828440617151
0.014564817882990735,Sadness,Joy,0.000668583429914419
0.014564817882990735,Sadness,Pride,0.0007387959223540794
0.014564817882990735,Sadness,Sadness,0.9789398194907087
0.014564817882990735,Sadness,Shame,0.013699854367557713
0.014564817882990735,Shame,Boredom,0.0006276524343456746
0.014564817882990735,Shame,Fear,0.8140946273307125
0.014564817882990735,Shame,Happiness,0.0005809540639933307
0.014564817882990735,Shame,Joy,0.0007320243472431086
0.014564817882990735,Shame,Pride,0.001183477421870708
0.014564817882990735,Shame,Sadness,0.003808705764345145
0.014564817882990735,Shame,Shame,0.17897255863748965
0.013890760147583944,Boredom,Boredom,0.9991443102659981
0.013890760147583944,Boredom,Fear,0.00013547331509868008
0.013890760147583944,Boredom,Happiness,2.4642569600679774e-06
0.013890760147583944,Boredom,Joy,0.00018697913660031904
0.013890760147583944,Boredom,Pride,0.0001459215235278143
0.013890760147583944,Boredom,Sadness,9.456767445623922e-05
0.013890760147583944,Boredom,Shame,0.0002902838273588549
0.013890760147583944,Fear,Boredom,0.0004240652685579621
0.013890760147583944,Fear,Fear,0.9812776345050431
0.013890760147583944,Fear,Happiness,0.0005107066261755829
0.013890760147583944,Fear,Joy,0.0006266737760027207
0.013890760147583944,Fear,Pride,0.0007272850144733808
0.013890760147583944,Fear,Sadness,0.004840153947731485
0.013890760147583944,Fear,Shame,0.011593480862015896
0.013890760147583944,Happiness,Boredom,0.0034961221203857816
0.013890760147583944,Happiness,Fear,0.0003538653168410301
0.013890760147583944,Happiness,Happiness,0.9656280302780293
0.013890760147583944,Happiness,Joy,0.00047159837816776885
0.013890760147583944,Happiness,Pride,0.009595809785090451
0.013890760147583944,Happiness,Sadness,0.0007076277251517162
0.013890760147583944,Happiness,Shame,0.019746946396334054
0.013890760147583944,Joy,Boredom,0.00045888791708545564
0.013890760147583944,Joy,Fear,0.0013441059316555224
0.013890760147583944,Joy,Happiness,0.001264706772080755
0.013890760147583944,Joy,Joy,0.6742274124125381
0.013890760147583944,Joy,Pride,0.28423481284581714
0.013890760147583944,Joy,Sadness,0.0010619378234473992
0.013890760147583944,Joy,Shame,0.037408136297375695
0.013890760147583944,Pride,Boredom,0.0007591020668424813
0.013890760147583944,Pride,Fear,0.0010061330466484674
0.013890760147583944,Pride,Happiness,0.0028731270551909474
0.013890760147583944,Pride,Joy,0.038367521249175314
0.013890760147583944,Pride,Pride,0.9087551140414923
0.013890760147583944,Pride,Sadness,0.0012002668227315656
0.013890760147583944,Pride,Shame,0.04703873571791861
0.013890760147583944,Sadness,Boredom,0.0001802418221869046
0.013890760147583944,Sadness,Fear,0.005389570488862425
0.013890760147583944,Sadness,Happiness,0.0003407591853191295
0.013890760147583944,Sadness,Joy,0.0006671768580485476
0.013890760147583944,Sadness,Pride,0.0007436816883858034
0.013890760147583944,Sadness,Sadness,0.9789409515541857
0.013890760147583944,Sadness,Shame,0.013737618403011694
0.013890760147583944,Shame,Boredom,0.0006369200508496124
0.013890760147583944,Shame,Fear,0.8084193688074712
0.013890760147583944,Shame,Happiness,0.0005734057434281524
0.013890760147583944,Shame,Joy,0.0007966948539472603
0.013890760147583944,Shame,Pride,0.0011679710743444423
0.013890760147583944,Shame,Sadness,0.0037822753584316263
0.013890760147583944,Shame,Shame,0.18462336411152752
0.014959287787399987,Boredom,Boredom,0.9991448057120798
0.014959287787399987,Boredom,Fear,0.00013384237170569724
0.014959287787399987,Boredom,Happiness,2.520053294033015e-06
0.014959287787399987,Boredom,Joy,0.0001885397096694079
0.014959287787399987,Boredom,Pride,0.00015333610164698552
0.014959287787399987,Boredom,Sadness,9.766752956028959e-05
0.014959287787399987,Boredom,Shame,0.0002792885220439978
0.014959287787399987,Fear,Boredom,0.00040919475029597085
0.014959287787399987,Fear,Fear,0.9814647387451069
0.014959287787399987,Fear,Happiness,0.0005125969023820719
0.014959287787399987,Fear,Joy,0.0005842986899796999
0.014959287787399987,Fear,Pride,0.0007369266970702789
0.014959287787399987,Fear,Sadness,0.004922099394802299
0.014959287787399987,Fear,Shame,0.011370144820363004
0.014959287787399987,Happiness,Boredom,0.003362448122672687
0.014959287787399987,Happiness,Fear,0.0003392087272239108
0.014959287787399987,Happiness,Happiness,0.9657096771208468
0.014959287787399987,Happiness,Joy,0.0004380688731955376
0.014959287787399987,Happiness,Pride,0.01000997475224968
0.014959287787399987,Happiness,Sadness,0.0006857028454668951
0.014959287787399987,Happiness,Shame,0.019454919558345007
0.014959287787399987,Joy,Boredom,0.00034200868702741335
0.014959287787399987,Joy,Fear,0.0011255503681238757
0.014959287787399987,Joy,Happiness,0.00095082360665286
0.014959287787399987,Joy,Joy,0.5750506922253414
0.014959287787399987,Joy,Pride,0.3869589216684786
0.014959287787399987,Joy,Sadness,0.0008495246977140269
0.014959287787399987,Joy,Shame,0.03472247874666216
0.014959287787399987,Pride,Boredom,0.0001873620350670017
0.014959287787399987,Pride,Fear,0.00028892364805625104
0.014959287787399987,Pride,Happiness,0.0007628619404232375
0.014959287787399987,Pride,Joy,0.013818879538995079
0.014959287787399987,Pride,Pride,0.9418910679378117
0.014959287787399987,Pride,Sadness,0.0003829590195203565
0.014959287787399987,Pride,Shame,0.042667945880126394
0.014959287787399987,Sadness,Boredom,0.00017293745712754124
0.014959287787399987,Sadness,Fear,0.005388378684910725
0.014959287787399987,Sadness,Happiness,0.00034192950415187453
0.014959287787399987,Sadness,Joy,0.0006674509566081097
0.014959287787399987,Sadness,Pride,0.0007375010287273092
0.014959287787399987,Sadness,Sadness,0.9793803892210518
0.014959287787399987,Sadness,Shame,0.013311413147422681
0.014959287787399987,Shame,Boredom,0.0006171363942410282
0.014959287787399987,Shame,Fear,0.8140968441247546
0.014959287787399987,Shame,Happiness,0.0005768562775910694
0.014959287787399987,Shame,Joy,0.000724504288106367
0.014959287787399987,Shame,Pride,0.0011754247528024493
0.014959287787399987,Shame,Sadness,0.003860848175941965
0.014959287787399987,Shame,Shame,0.17894838598656243
0.014803730922064546,Boredom,Boredom,0.9991467884558828
0.014803730922064546,Boredom,Fear,0.0001337190998091718
0.014803730922064546,Boredom,Happiness,2.488661096932495e-06
0.014803730922064546,Boredom,Joy,0.0001872300599237879
0.014803730922064546,Boredom,Pride,0.00015702769759981443
0.014803730922064546,Boredom,Sadness,9.669883625127352e-05
0.014803730922064546,Boredom,Shame,0.00027604718943644225
0.014803730922064546,Fear,Boredom,0.00041239996755522467
0.014803730922064546,Fear,Fear,0.9814959153050161
0.014803730922064546,Fear,Happiness,0.0005147672435969971
0.014803730922064546,Fear,Joy,0.0006234478893415847
0.014803730922064546,Fear,Pride,0.0007300204987616037
0.014803730922064546,Fear,Sadness,0.004911904888649477
0.014803730922064546,Fear,Shame,0.01131154420707858
0.014803730922064546,Happiness,Boredom,0.0033151350448040644
0.014803730922064546,Happiness,Fear,0.00034272073920927964
0.014803730922064546,Happiness,Happiness,0.9665478724654498
0.014803730922064546,Happiness,Joy,0.0004438525536625699
0.014803730922064546,Happiness,Pride,0.009827060702062542
0.014803730922064546,Happiness,Sadness,0.0007081604700963516
0.014803730922064546,Happiness,Shame,0.018815198024714777
0.014803730922064546,Joy,Boredom,0.00039062982561276926
0.014803730922064546,Joy,Fear,0.001251114106738002
0.014803730922064546,Joy,Happiness,0.0010593901042389826
0.014803730922064546,Joy,Joy,0.6361517008083819
0.014803730922064546,Joy,Pride,0.32276953882398846
0.014803730922064546,Joy,Sadness,0.0009239734127557613
0.014803730922064546,Joy,Shame,0.037453652918284064
0.014803730922064546,Pride,Boredom,0.000791728398286029
0.014803730922064546,Pride,Fear,0.0010373194345193772
0.014803730922064546,Pride,Happiness,0.0029145748001174867
0.014803730922064546,Pride,Joy,0.03927967163995675
0.014803730922064546,Pride,Pride,0.8986997662805051
0.014803730922064546,Pride,Sadness,0.0012306747157408416
0.014803730922064546,Pride,Shame,0.05604626473087462
0.014803730922064546,Sadness,Boredom,0.0001731581594593566
0.014803730922064546,Sadness,Fear,0.005323300907302168
0.014803730922064546,Sadness,Happiness,0.00033941090797801873
0.014803730922064546,Sadness,Joy,0.0006656674971630774
0.014803730922064546,Sadness,Pride,0.000740335464865347
0.014803730922064546,Sadness,Sadness,0.9792635577972095
0.014803730922064546,Sadness,Shame,0.013494569266022428
0.014803730922064546,Shame,Boredom,0.0006236817593547736
0.014803730922064546,Shame,Fear,0.816139903886588
0.014803730922064546,Shame,Happiness,0.0005806822598049374
0.014803730922064546,Shame,Joy,0.0007837293820854224
0.014803730922064546,Shame,Pride,0.00117277923197328
0.014803730922064546,Shame,Sadness,0.0038619686147343237
0.014803730922064546,Shame,Shame,0.1768372548654597
0.014293810536662795,Boredom,Boredom,0.9991402544646841
0.014293810536662795,Boredom,Fear,0.00013469810054381285
0.014293810536662795,Boredom,Happiness,2.5048677351326376e-06
0.014293810536662795,Boredom,Joy,0.00018775671470871752
0.014293810536662795,Boredom,Pride,0.0001516509967563934
0.014293810536662795,Boredom,Sadness,9.549993286592672e-05
0.014293810536662795,Boredom,Shame,0.0002876349227056261
0.014293810536662795,Fear,Boredom,0.00041830452195207166
0.014293810536662795,Fear,Fear,0.9813274095966049
0.014293810536662795,Fear,Happiness,0.0005081791128969906
0.014293810536662795,Fear,Joy,0.0006231148378847125
0.014293810536662795,Fear,Pride,0.0007288559971535898
0.014293810536662795,Fear,Sadness,0.004854453924107555
0.014293810536662795,Fear,Shame,0.011539682009400472
0.014293810536662795,Happiness,Boredom,0.003293916216200264
0.014293810536662795,Happiness,Fear,0.0003441244838447167
0.014293810536662795,Happiness,Happiness,0.9669525886798381
0.014293810536662795,Happiness,Joy,0.0004511474491554843
0.014293810536662795,Happiness,Pride,0.00952918020504218
0.014293810536662795,Happiness,Sadness,0.0007027922174585248
0.014293810536662795,Happiness,Shame,0.018726250748460547
0.014293810536662795,Joy,Boredom,0.0004371274273669707
0.014293810536662795,Joy,Fear,0.0013092497898610732
0.014293810536662795,Joy,Happiness,0.0011847009388862408
0.014293810536662795,Joy,Joy,0.6555938561925271
0.014293810536662795,Joy,Pride,0.302567072698493
0.014293810536662795,Joy,Sadness,0.001011723182995074
0.014293810536662795,Joy,Shame,0.03789626976987052
0.014293810536662795,Pride,Boredom,0.0008224499973254568
0.014293810536662795,Pride,Fear,0.0010845993421722603
0.014293810536662795,Pride,Happiness,0.00304221002225624
0.014293810536662795,Pride,Joy,0.04036309314589111
0.014293810536662795,Pride,Pride,0.9030300100452169
0.014293810536662795,Pride,Sadness,0.0012823035027284032
0.014293810536662795,Pride,Shame,0.05037533394440969
0.014293810536662795,Sadness,Boredom,0.00017501104076816888
0.014293810536662795,Sadness,Fear,0.0053763777801422935
0.014293810536662795,Sadness,Happiness,0.00034117110370778203
0.014293810536662795,Sadness,Joy,0.0006659264945408676
0.014293810536662795,Sadness,Pride,0.0007383098603001127
0.014293810536662795,Sadness,Sadness,0.9791661171662501
0.014293810536662795,Sadness,Shame,0.013537086554290687
0.014293810536662795,Shame,Boredom,0.0006275137143474346
0.014293810536662795,Shame,Fear,0.807020813210983
0.014293810536662795,Shame,Happiness,0.0005702549532599667
0.014293810536662795,Shame,Joy,0.0007849886006826825
0.014293810536662795,Shame,Pride,0.0011630779102625945
0.014293810536662795,Shame,Sadness,0.003784980918464786
0.014293810536662795,Shame,Shame,0.1860483706919992
0.014003827201274967,Boredom,Boredom,0.9991386803768763
0.014003827201274967,Boredom,Fear,0.00013411673108076723
0.014003827201274967,Boredom,Happiness,2.477858053318991e-06
0.014003827201274967,Boredom,Joy,0.00018853423686833841
0.014003827201274967,Boredom,Pride,0.00014849434258049662
0.014003827201274967,Boredom,Sadness,9.392610318863692e-05
0.014003827201274967,Boredom,Shame,0.0002937703513525203
0.014003827201274967,Fear,Boredom,0.0004252573771860235
0.014003827201274967,Fear,Fear,0.9815548714776908
0.014003827201274967,Fear,Happiness,0.0005083881767635067
0.014003827201274967,Fear,Joy,0.0006323723753719338
0.014003827201274967,Fear,Pride,0.0007240511190822016
0.014003827201274967,Fear,Sadness,0.004874336281644197
0.014003827201274967,Fear,Shame,0.01128072319226105
0.014003827201274967,Happiness,Boredom,0.003439495646330914
0.014003827201274967,Happiness,Fear,0.0003528850535752256
0.014003827201274967,Happiness,Happiness,0.9665720787251502
0.014003827201274967,Happiness,Joy,0.0004712345396736816
0.014003827201274967,Happiness,Pride,0.009404799397010907
0.014003827201274967,Happiness,Sadness,0.000702576899970274
0.014003827201274967,Happiness,Shame,0.019056929738288722
0.014003827201274967,Joy,Boredom,0.0005266992960684346
0.014003827201274967,Joy,Fear,0.0013913849812975945
0.014003827201274967,Joy,Happiness,0.0014102536152441748
0.014003827201274967,Joy,Joy,0.7040878433359281
0.014003827201274967,Joy,Pride,0.25310550243344276
0.014003827201274967,Joy,Sadness,0.0011536620352958025
0.014003827201274967,Joy,Shame,0.03832465430272346
0.014003827201274967,Pride,Boredom,0.0006383788190301331
0.014003827201274967,Pride,Fear,0.0008438347276905482
0.014003827201274967,Pride,Happiness,0.002474011818277794
0.014003827201274967,Pride,Joy,0.03450521634710647
0.014003827201274967,Pride,Pride,0.9172898152574704
0.014003827201274967,Pride,Sadness,0.001026799949776207
0.014003827201274967,Pride,Shame,0.04322194308064841
0.014003827201274967,Sadness,Boredom,0.0001802560476282928
0.014003827201274967,Sadness,Fear,0.005374987533007033
0.014003827201274967,Sadness,Happiness,0.00033869773688185095
0.014003827201274967,Sadness,Joy,0.0006659561786482974
0.014003827201274967,Sadness,Pride,0.0007434396891955806
0.014003827201274967,Sadness,Sadness,0.978738628785946
0.014003827201274967,Sadness,Shame,0.013958034028692955
0.014003827201274967,Shame,Boredom,0.0006410668267521732
0.014003827201274967,Shame,Fear,0.8117752283755255
0.014003827201274967,Shame,Happiness,0.0005732109551611572
0.014003827201274967,Shame,Joy,0.0008032201482211032
0.014003827201274967,Shame,Pride,0.0011694879264451763
0.014003827201274967,Shame,Sadness,0.0038232555282546573
0.014003827201274967,Shame,Shame,0.18121453023964046
0.01457295917441019,Boredom,Boredom,0.9991398109084055
0.01457295917441019,Boredom,Fear,0.00013450096291405921
0.01457295917441019,Boredom,Happiness,2.4525797529271155e-06
0.01457295917441019,Boredom,Joy,0.00018829035170399685
0.01457295917441019,Boredom,Pride,0.00015665956213378144
0.01457295917441019,Boredom,Sadness,9.721426193461852e-05
0.01457295917441019,Boredom,Shame,0.0002810713731551491
0.01457295917441019,Fear,Boredom,0.00042430115115726474
0.01457295917441019,Fear,Fear,0.9803816446438155
0.01457295917441019,Fear,Happiness,0.0005216602463792649
0.01457295917441019,Fear,Joy,0.0006247921845634373
0.01457295917441019,Fear,Pride,0.0007459257097979109
0.01457295917441019,Fear,Sadness,0.005112120437566777
0.01457295917441019,Fear,Shame,0.01218955562671994
0.01457295917441019,Happiness,Boredom,0.7017394130806173
0.01457295917441019,Happiness,Fear,0.0011919045970270458
0.01457295917441019,Happiness,Happiness,0.21694846630336942
0.01457295917441019,Happiness,Joy,0.003841653734226272
0.01457295917441019,Happiness,Pride,0.0381199248753709
0.01457295917441019,Happiness,Sadness,0.0020255737692155694
0.01457295917441019,Happiness,Shame,0.03613306364017348
0.01457295917441019,Joy,Boredom,0.00038555164953851914
0.01457295917441019,Joy,Fear,0.0012527787098182076
0.01457295917441019,Joy,Happiness,0.001077838902059768
0.01457295917441019,Joy,Joy,0.6067873507610513
0.01457295917441019,Joy,Pride,0.3469259071739733
0.01457295917441019,Joy,Sadness,0.0009141431903175711
0.01457295917441019,Joy,Shame,0.04265642961324116
0.01457295917441019,Pride,Boredom,0.0006799806909284301
0.01457295917441019,Pride,Fear,0.000836460339734494
0.01457295917441019,Pride,Happiness,0.0025838561390957734
0.01457295917441019,Pride,Joy,0.03558709287223599
0.01457295917441019,Pride,Pride,0.8945415675466617
0.01457295917441019,Pride,Sadness,0.0010249121201597934
0.01457295917441019,Pride,Shame,0.06474613029118409
0.01457295917441019,Sadness,Boredom,0.00016986753907304988
0.01457295917441019,Sadness,Fear,0.0048622515069728384
0.01457295917441019,Sadness,Happiness,0.00033234697415424915
0.01457295917441019,Sadness,Joy,0.0006356997058303447
0.01457295917441019,Sadness,Pride,0.0007219982942514213
0.01457295917441019,Sadness,Sadness,0.9811124218539609
0.01457295917441019,Sadness,Shame,0.012165414125757147
0.01457295917441019,Shame,Boredom,0.0001309469495377997
0.01457295917441019,Shame,Fear,0.026844315179445136
0.01457295917441019,Shame,Happiness,3.490605133706684e-05
0.01457295917441019,Shame,Joy,7.447712666432345e-05
0.01457295917441019,Shame,Pride,0.0002939800788180849
0.01457295917441019,Shame,Sadness,0.00013921327257383968
0.01457295917441019,Shame,Shame,0.9724821613416238
0.013628353133890426,Boredom,Boredom,0.9991244050908419
0.013628353133890426,Boredom,Fear,0.0001343026058878756
0.013628353133890426,Boredom,Happiness,2.434746802326369e-06
0.013628353133890426,Boredom,Joy,0.00018539533558569317
0.013628353133890426,Boredom,Pride,0.00016212642211099507
0.013628353133890426,Boredom,Sadness,9.463075612712176e-05
0.013628353133890426,Boredom,Shame,0.00029670504264445836
0.013628353133890426,Fear,Boredom,0.000435632632090473
0.013628353133890426,Fear,Fear,0.980763186885324
0.013628353133890426,Fear,Happiness,0.000522702074931838
0.013628353133890426,Fear,Joy,0.0006504502235168932
0.013628353133890426,Fear,Pride,0.000733793153445875
0.013628353133890426,Fear,Sadness,0.005054670706798366
0.013628353133890426,Fear,Shame,0.011839564323892625
0.013628353133890426,Happiness,Boredom,0.709183246412439
0.013628353133890426,Happiness,Fear,0.0011719335984103879
0.013628353133890426,Happiness,Happiness,0.20977673525195228
0.013628353133890426,Happiness,Joy,0.003849420740967216
0.013628353133890426,Happiness,Pride,0.03866907273482499
0.013628353133890426,Happiness,Sadness,0.001981896056723274
0.013628353133890426,Happiness,Shame,0.035367695204683094
0.013628353133890426,Joy,Boredom,0.0004457091087755931
0.013628353133890426,Joy,Fear,0.0012376334748729545
0.013628353133890426,Joy,Happiness,0.001283267436836446
0.013628353133890426,Joy,Joy,0.6946156926954641
0.013628353133890426,Joy,Pride,0.25754681881737534
0.013628353133890426,Joy,Sadness,0.0010667911079547928
0.013628353133890426,Joy,Shame,0.043804087358720684
0.013628353133890426,Pride,Boredom,0.0021449908125293687
0.013628353133890426,Pride,Fear,0.0027629114680557568
0.013628353133890426,Pride,Happiness,0.006803218431431702
0.013628353133890426,Pride,Joy,0.06838783798419909
0.013628353133890426,Pride,Pride,0.8378253076382381
0.013628353133890426,Pride,Sadness,0.0030398650917957165
0.013628353133890426,Pride,Shame,0.0790358685737498
0.013628353133890426,Sadness,Boredom,0.00017692681031195438
0.013628353133890426,Sadness,Fear,0.004809832343046493
0.013628353133890426,Sadness,Happiness,0.00032856633524724026
0.013628353133890426,Sadness,Joy,0.0006395718702530627
0.013628353133890426,Sadness,Pride,0.0007430602405379965
0.013628353133890426,Sadness,Sadness,0.9807533438182581
0.013628353133890426,Sadness,Shame,0.012548698582345435
0.013628353133890426,Shame,Boredom,0.0001153112926000802
0.013628353133890426,Shame,Fear,0.02446163310920306
0.013628353133890426,Shame,Happiness,3.451755047813015e-05
0.013628353133890426,Shame,Joy,7.507364658778915e-05
0.013628353133890426,Shame,Pride,0.0011995193968150752
0.013628353133890426,Shame,Sadness,0.0001687634653503497
0.013628353133890426,Shame,Shame,0.9739451815389653
0.012465379360118344,Boredom,Boredom,0.9991406652171798
0.012465379360118344,Boredom,Fear,0.00013386362029782744
0.012465379360118344,Boredom,Happiness,2.387791581224776e-06
0.012465379360118344,Boredom,Joy,0.00018254226325230136
0.012465379360118344,Boredom,Pride,0.00014989096000686037
0.012465379360118344,Boredom,Sadness,9.056329620933872e-05
0.012465379360118344,Boredom,Shame,0.00030008685147309497
0.012465379360118344,Fear,Boredom,0.0004584816127936432
0.012465379360118344,Fear,Fear,0.9808059636677211
0.012465379360118344,Fear,Happiness,0.0005313439827307394
0.012465379360118344,Fear,Joy,0.0006398905252834657
0.012465379360118344,Fear,Pride,0.0007527843030419555
0.012465379360118344,Fear,Sadness,0.005025074366974334
0.012465379360118344,Fear,Shame,0.011786461541454478
0.012465379360118344,Happiness,Boredom,0.7165604108745337
0.012465379360118344,Happiness,Fear,0.0011075976288485263
0.012465379360118344,Happiness,Happiness,0.20503781175454888
0.012465379360118344,Happiness,Joy,0.003779949019226143
0.012465379360118344,Happiness,Pride,0.035414743917841204
0.012465379360118344,Happiness,Sadness,0.0018529649225387317
0.012465379360118344,Happiness,Shame,0.03624652188246322
0.012465379360118344,Joy,Boredom,0.00038664100318449966
0.012465379360118344,Joy,Fear,0.0012477592171070172
0.012465379360118344,Joy,Happiness,0.0011664949855141758
0.012465379360118344,Joy,Joy,0.6603311230351175
0.012465379360118344,Joy,Pride,0.2867039575462438
0.012465379360118344,Joy,Sadness,0.0010156095639298121
0.012465379360118344,Joy,Shame,0.04914841464890327
0.012465379360118344,Pride,Boredom,0.0019924574000456706
0.012465379360118344,Pride,Fear,0.0025549762137446006
0.012465379360118344,Pride,Happiness,0.006410648205904917
0.012465379360118344,Pride,Joy,0.06571639979680433
0.012465379360118344,Pride,Pride,0.8274511984154953
0.012465379360118344,Pride,Sadness,0.002840104597380713
0.012465379360118344,Pride,Shame,0.09303421537062433
0.012465379360118344,Sadness,Boredom,0.00018674451521778573
0.012465379360118344,Sadness,Fear,0.004811263043096073
0.012465379360118344,Sadness,Happiness,0.00031521942414282784
0.012465379360118344,Sadness,Joy,0.000640731786235513
0.012465379360118344,Sadness,Pride,0.0007552666100263098
0.012465379360118344,Sadness,Sadness,0.9800032606941426
0.012465379360118344,Sadness,Shame,0.013287513927139378
0.012465379360118344,Shame,Boredom,8.263271457357257e-05
0.012465379360118344,Shame,Fear,0.019582146688428025
0.012465379360118344,Shame,Happiness,2.7922718839735744e-05
0.012465379360118344,Shame,Joy,5.525238273990943e-05
0.012465379360118344,Shame,Pride,0.0009261649920741533
0.012465379360118344,Shame,Sadness,0.00013502250152105344
0.012465379360118344,Shame,Shame,0.9791908580018236
0.013995337452070968,Boredom,Boredom,0.9991355802419072
0.013995337452070968,Boredom,Fear,0.000134451541598981
0.013995337452070968,Boredom,Happiness,2.498213474052709e-06
0.013995337452070968,Boredom,Joy,0.00018772389467121154
0.013995337452070968,Boredom,Pride,0.00015224528701627684
0.013995337452070968,Boredom,Sadness,9.5694992089192e-05
0.013995337452070968,Boredom,Shame,0.00029180582924328354
0.013995337452070968,Fear,Boredom,0.0004332522868838895
0.013995337452070968,Fear,Fear,0.9803779853783842
0.013995337452070968,Fear,Happiness,0.000515496492955886
0.013995337452070968,Fear,Joy,0.0006317308646087843
0.013995337452070968,Fear,Pride,0.0007394273612052565
0.013995337452070968,Fear,Sadness,0.0050901745993810425
0.013995337452070968,Fear,Shame,0.012211933016581054
0.013995337452070968,Happiness,Boredom,0.7016547368505075
0.013995337452070968,Happiness,Fear,0.0011636720210340945
0.013995337452070968,Happiness,Happiness,0.2178295369468076
0.013995337452070968,Happiness,Joy,0.003825631139168038
0.013995337452070968,Happiness,Pride,0.03726923180304488
0.013995337452070968,Happiness,Sadness,0.0019702584480462376
0.013995337452070968,Happiness,Shame,0.036286932791391856
0.013995337452070968,Joy,Boredom,0.0004635471843843901
0.013995337452070968,Joy,Fear,0.0013245262353605357
0.013995337452070968,Joy,Happiness,0.0012853449321985355
0.013995337452070968,Joy,Joy,0.6516711128353176
0.013995337452070968,Joy,Pride,0.30179069737406716
0.013995337452070968,Joy,Sadness,0.0010507277628236018
0.013995337452070968,Joy,Shame,0.04241404367584795
0.013995337452070968,Pride,Boredom,0.0008024720638659856
0.013995337452070968,Pride,Fear,0.000997932202973558
0.013995337452070968,Pride,Happiness,0.0030139644923660234
0.013995337452070968,Pride,Joy,0.03922229332188496
0.013995337452070968,Pride,Pride,0.8975411554136349
0.013995337452070968,Pride,Sadness,0.0011998169397830646
0.013995337452070968,Pride,Shame,0.057222365565491484
0.013995337452070968,Sadness,Boredom,0.00017495603244420735
0.013995337452070968,Sadness,Fear,0.0048240885460823476
0.013995337452070968,Sadness,Happiness,0.00033201620382229425
0.013995337452070968,Sadness,Joy,0.0006365569876589129
0.013995337452070968,Sadness,Pride,0.0007275612327964359
0.013995337452070968,Sadness,Sadness,0.980891567304966
0.013995337452070968,Sadness,Shame,0.012413253692229934
0.013995337452070968,Shame,Boredom,0.00011887599675484891
0.013995337452070968,Shame,Fear,0.025195060070469667
0.013995337452070968,Shame,Happiness,3.2725839141850965e-05
0.013995337452070968,Shame,Joy,7.054567036272136e-05
0.013995337452070968,Shame,Pride,0.0002509380331518471
0.013995337452070968,Shame,Sadness,0.000130195832854418
0.013995337452070968,Shame,Shame,0.9742016585572645
0.014394136251740982,Boredom,Boredom,0.9991463884392664
0.014394136251740982,Boredom,Fear,0.00013544743684035208
0.014394136251740982,Boredom,Happiness,2.5105400207513066e-06
0.014394136251740982,Boredom,Joy,0.000187714257266347
0.014394136251740982,Boredom,Pride,0.00015065473609960126
0.014394136251740982,Boredom,Sadness,9.595744924600618e-05
0.014394136251740982,Boredom,Shame,0.0002813271412605044
0.014394136251740982,Fear,Boredom,0.00042918329767814556
0.014394136251740982,Fear,Fear,0.9803247427691257
0.014394136251740982,Fear,Happiness,0.0005196167957793613
0.014394136251740982,Fear,Joy,0.0005913919382072107
0.014394136251740982,Fear,Pride,0.0007498842480668114
0.014394136251740982,Fear,Sadness,0.005080309776533497
0.014394136251740982,Fear,Shame,0.012304871174609268
0.014394136251740982,Happiness,Boredom,0.698666832312978
0.014394136251740982,Happiness,Fear,0.0012059011818686177
0.014394136251740982,Happiness,Happiness,0.22271446334556422
0.014394136251740982,Happiness,Joy,0.003849606344383815
0.014394136251740982,Happiness,Pride,0.03446388157139852
0.014394136251740982,Happiness,Sadness,0.002031879023329167
0.014394136251740982,Happiness,Shame,0.03706743622047779
0.014394136251740982,Joy,Boredom,0.0004313540019743194
0.014394136251740982,Joy,Fear,0.001425072380637056
0.014394136251740982,Joy,Happiness,0.001156542065294788
0.014394136251740982,Joy,Joy,0.5871261195742857
0.014394136251740982,Joy,Pride,0.37175047312318443
0.014394136251740982,Joy,Sadness,0.0009666424426996037
0.014394136251740982,Joy,Shame,0.037143796411924064
0.014394136251740982,Pride,Boredom,0.00017366208351664685
0.014394136251740982,Pride,Fear,0.0002416008917184783
0.014394136251740982,Pride,Happiness,0.0007115297297434343
0.014394136251740982,Pride,Joy,0.012709569500754327
0.014394136251740982,Pride,Pride,0.9484562572148532
0.014394136251740982,Pride,Sadness,0.000334451828161761
0.014394136251740982,Pride,Shame,0.03737292875125185
0.014394136251740982,Sadness,Boredom,0.00017085693637816925
0.014394136251740982,Sadness,Fear,0.0048633735950631436
0.014394136251740982,Sadness,Happiness,0.00033465422896483373
0.014394136251740982,Sadness,Joy,0.0006363596603410223
0.014394136251740982,Sadness,Pride,0.000723734070873601
0.014394136251740982,Sadness,Sadness,0.9810709552953182
0.014394136251740982,Sadness,Shame,0.01220006621306122
0.014394136251740982,Shame,Boredom,0.00012168673204847827
0.014394136251740982,Shame,Fear,0.0256507773251558
0.014394136251740982,Shame,Happiness,3.3391843559205275e-05
0.014394136251740982,Shame,Joy,6.395313443696459e-05
0.014394136251740982,Shame,Pride,0.00013173217236931597
0.014394136251740982,Shame,Sadness,0.00012606485391065177
0.014394136251740982,Shame,Shame,0.9738723939385193
0.013616240004364831,Boredom,Boredom,0.9991289153490467
0.013616240004364831,Boredom,Fear,0.00013350896177210058
0.013616240004364831,Boredom,Happiness,2.4376637753765247e-06
0.013616240004364831,Boredom,Joy,0.00018449614502788977
0.013616240004364831,Boredom,Pride,0.00015931846628060512
0.013616240004364831,Boredom,Sadness,9.498112049812311e-05
0.013616240004364831,Boredom,Shame,0.0002963422935991308
0.013616240004364831,Fear,Boredom,0.0004360081988093582
0.013616240004364831,Fear,Fear,0.9808978758685448
0.013616240004364831,Fear,Happiness,0.0005156345570265914
0.013616240004364831,Fear,Joy,0.0006450489552295063
0.013616240004364831,Fear,Pride,0.000727806457469822
0.013616240004364831,Fear,Sadness,0.005027922230906076
0.013616240004364831,Fear,Shame,0.011749703732013771
0.013616240004364831,Happiness,Boredom,0.6951571875661312
0.013616240004364831,Happiness,Fear,0.0011227999084422408
0.013616240004364831,Happiness,Happiness,0.2261085894163932
0.013616240004364831,Happiness,Joy,0.0037273866350312013
0.013616240004364831,Happiness,Pride,0.037697215641695356
0.013616240004364831,Happiness,Sadness,0.0019062226160361361
0.013616240004364831,Happiness,Shame,0.03428059821627077
0.013616240004364831,Joy,Boredom,0.00047364270320054324
0.013616240004364831,Joy,Fear,0.0013205341172089278
0.013616240004364831,Joy,Happiness,0.001346380204642002
0.013616240004364831,Joy,Joy,0.6832293635472815
0.013616240004364831,Joy,Pride,0.2703434585818699
0.013616240004364831,Joy,Sadness,0.001101233042492791
0.013616240004364831,Joy,Shame,0.04218538780330436
0.013616240004364831,Pride,Boredom,0.0020064472957212883
0.013616240004364831,Pride,Fear,0.0025797278656219352
0.013616240004364831,Pride,Happiness,0.006458150881045269
0.013616240004364831,Pride,Joy,0.06581057180171347
0.013616240004364831,Pride,Pride,0.856672759681217
0.013616240004364831,Pride,Sadness,0.002852298473509815
0.013616240004364831,Pride,Shame,0.06362004400117122
0.013616240004364831,Sadness,Boredom,0.0001755740041122703
0.013616240004364831,Sadness,Fear,0.004813837533800625
0.013616240004364831,Sadness,Happiness,0.000329373714577389
0.013616240004364831,Sadness,Joy,0.00063919738343314
0.013616240004364831,Sadness,Pride,0.0007354534348907252
0.013616240004364831,Sadness,Sadness,0.9809549824153161
0.013616240004364831,Sadness,Shame,0.012351581513870117
0.013616240004364831,Shame,Boredom,0.00011439718542224533
0.013616240004364831,Shame,Fear,0.024494182918136844
0.013616240004364831,Shame,Happiness,3.239720374265824e-05
0.013616240004364831,Shame,Joy,7.143623426615297e-05
0.013616240004364831,Shame,Pride,0.0005896619565613618
0.013616240004364831,Shame,Sadness,0.0001401276511056129
0.013616240004364831,Shame,Shame,0.9745577968507653
0.01378009134106254,Boredom,Boredom,0.9991304374737598
0.01378009134106254,Boredom,Fear,0.00013450625929693088
0.01378009134106254,Boredom,Happiness,2.4675853414006165e-06
0.01378009134106254,Boredom,Joy,0.00018623929313413862
0.01378009134106254,Boredom,Pride,0.00015680087918079204
0.01378009134106254,Boredom,Sadness,9.551276752341826e-05
0.01378009134106254,Boredom,Shame,0.00029403574176347963
0.01378009134106254,Fear,Boredom,0.0004304734612436906
0.01378009134106254,Fear,Fear,0.9808596775644776
0.01378009134106254,Fear,Happiness,0.0005183328730274543
0.01378009134106254,Fear,Joy,0.0006436584620851157
0.01378009134106254,Fear,Pride,0.0007396515891325915
0.01378009134106254,Fear,Sadness,0.005064168086910505
0.01378009134106254,Fear,Shame,0.01174403796312302
0.01378009134106254,Happiness,Boredom,0.6935870910388039
0.01378009134106254,Happiness,Fear,0.0011122962907146607
0.01378009134106254,Happiness,Happiness,0.2280939448700403
0.01378009134106254,Happiness,Joy,0.0037322627400694307
0.01378009134106254,Happiness,Pride,0.03666699716757784
0.01378009134106254,Happiness,Sadness,0.0018921930509486352
0.01378009134106254,Happiness,Shame,0.034915214841845385
0.01378009134106254,Joy,Boredom,0.00042341228460648103
0.01378009134106254,Joy,Fear,0.0012417584485989704
0.01378009134106254,Joy,Happiness,0.0012257936828150976
0.01378009134106254,Joy,Joy,0.6641374113766161
0.01378009134106254,Joy,Pride,0.286695295545087
0.01378009134106254,Joy,Sadness,0.001023963899432602
0.01378009134106254,Joy,Shame,0.04525236476284416
0.01378009134106254,Pride,Boredom,0.001422189564471838
0.01378009134106254,Pride,Fear,0.001807034764399352
0.01378009134106254,Pride,Happiness,0.004836425172379575
0.01378009134106254,Pride,Joy,0.054573319974273324
0.01378009134106254,Pride,Pride,0.8583824579123195
0.01378009134106254,Pride,Sadness,0.0020544927887011827
0.01378009134106254,Pride,Shame,0.0769240798234552
0.01378009134106254,Sadness,Boredom,0.00017524701530434913
0.01378009134106254,Sadness,Fear,0.004869771000622397
0.01378009134106254,Sadness,Happiness,0.0003323919939877449
0.01378009134106254,Sadness,Joy,0.0006419684983529131
0.01378009134106254,Sadness,Pride,0.0007390941716093319
0.01378009134106254,Sadness,Sadness,0.9809257749384951
0.01378009134106254,Sadness,Shame,0.012315752381628286
0.01378009134106254,Shame,Boredom,0.00011825165065857215
0.01378009134106254,Shame,Fear,0.025068609579727917
0.01378009134106254,Shame,Happiness,3.313363926860542e-05
0.01378009134106254,Shame,Joy,7.31553892236482e-05
0.01378009134106254,Shame,Pride,0.0006739934555886884
0.01378009134106254,Shame,Sadness,0.00014717789182868018
0.01378009134106254,Shame,Shame,0.9738856783937041
0.01347886641748778,Boredom,Boredom,0.9991342549478155
0.01347886641748778,Boredom,Fear,0.00013390618985462672
0.01347886641748778,Boredom,Happiness,2.4316078631635735e-06
0.01347886641748778,Boredom,Joy,0.000185753948551136
0.01347886641748778,Boredom,Pride,0.00015439289137535425
0.01347886641748778,Boredom,Sadness,9.377675359975694e-05
0.01347886641748778,Boredom,Shame,0.00029548366094062924
0.01347886641748778,Fear,Boredom,0.00044422862905217603
0.01347886641748778,Fear,Fear,0.9807701113003423
0.01347886641748778,Fear,Happiness,0.0005219150087686995
0.01347886641748778,Fear,Joy,0.0006393385042128758
0.01347886641748778,Fear,Pride,0.0007428876107683344
0.01347886641748778,Fear,Sadness,0.005042683432763958
0.01347886641748778,Fear,Shame,0.011838835514091496
0.01347886641748778,Happiness,Boredom,0.7107322794289442
0.01347886641748778,Happiness,Fear,0.0011291827654973795
0.01347886641748778,Happiness,Happiness,0.2099652633577103
0.01347886641748778,Happiness,Joy,0.0038031102458810505
0.01347886641748778,Happiness,Pride,0.03747227807571462
0.01347886641748778,Happiness,Sadness,0.001913478320374498
0.01347886641748778,Happiness,Shame,0.034984407805877915
0.01347886641748778,Joy,Boredom,0.0005237444214686509
0.01347886641748778,Joy,Fear,0.001413231556490956
0.01347886641748778,Joy,Happiness,0.0014437048395014513
0.01347886641748778,Joy,Joy,0.6928335123683297
0.01347886641748778,Joy,Pride,0.26171602426240415
0.01347886641748778,Joy,Sadness,0.0011704784093989249
0.01347886641748778,Joy,Shame,0.0408993041424059
0.01347886641748778,Pride,Boredom,0.000724593135518218
0.01347886641748778,Pride,Fear,0.0009052732966163125
0.01347886641748778,Pride,Happiness,0.00277125925017013
0.01347886641748778,Pride,Joy,0.036828724836843095
0.01347886641748778,Pride,Pride,0.9090816887704211
0.01347886641748778,Pride,Sadness,0.0010965166888657774
0.01347886641748778,Pride,Shame,0.04859194402156535
0.01347886641748778,Sadness,Boredom,0.0001795452686823672
0.01347886641748778,Sadness,Fear,0.004867246319021476
0.01347886641748778,Sadness,Happiness,0.00032694646826386946
0.01347886641748778,Sadness,Joy,0.0006400046618665108
0.01347886641748778,Sadness,Pride,0.0007279137497412889
0.01347886641748778,Sadness,Sadness,0.980827265458462
0.01347886641748778,Sadness,Shame,0.012431078073962494
0.01347886641748778,Shame,Boredom,0.0001010505357464389
0.01347886641748778,Shame,Fear,0.022636246054105573
0.01347886641748778,Shame,Happiness,3.0246001895204013e-05
0.01347886641748778,Shame,Joy,6.219922965912652e-05
0.01347886641748778,Shame,Pride,0.0003322230892467369
0.01347886641748778,Shame,Sadness,0.00012031261762360323
0.01347886641748778,Shame,Shame,0.9767177224717234
0.014349584139582027,Boredom,Boredom,0.9991441975324461
0.014349584139582027,Boredom,Fear,0.0001356356822940396
0.014349584139582027,Boredom,Happiness,2.4858312470951594e-06
0.014349584139582027,Boredom,Joy,0.00018786041622643524
0.014349584139582027,Boredom,Pride,0.00015225643359984884
0.014349584139582027,Boredom,Sadness,9.629154513540233e-05
0.014349584139582027,Boredom,Shame,0.0002812725590507971
0.014349584139582027,Fear,Boredom,0.0004287869842252853
0.014349584139582027,Fear,Fear,0.9805496274156406
0.014349584139582027,Fear,Happiness,0.0005195532966928002
0.014349584139582027,Fear,Joy,0.0006016195512276115
0.014349584139582027,Fear,Pride,0.00074485256176912
0.014349584139582027,Fear,Sadness,0.0050447754584478565
0.014349584139582027,Fear,Shame,0.012110784731996779
0.014349584139582027,Happiness,Boredom,0.6953590334625174
0.014349584139582027,Happiness,Fear,0.0011563050584676624
0.014349584139582027,Happiness,Happiness,0.22536357461283177
0.014349584139582027,Happiness,Joy,0.0037747965559131714
0.014349584139582027,Happiness,Pride,0.036578849682228236
0.014349584139582027,Happiness,Sadness,0.001957403706998796
0.014349584139582027,Happiness,Shame,0.03581003692104284
0.014349584139582027,Joy,Boredom,0.0004073664266140784
0.014349584139582027,Joy,Fear,0.0013619399944236367
0.014349584139582027,Joy,Happiness,0.001122094196676805
0.014349584139582027,Joy,Joy,0.5935425034515414
0.014349584139582027,Joy,Pride,0.36189424462164194
0.014349584139582027,Joy,Sadness,0.0009423201239703826
0.014349584139582027,Joy,Shame,0.04072953118513188
0.014349584139582027,Pride,Boredom,0.0002985445636074449
0.014349584139582027,Pride,Fear,0.00038301435611678655
0.014349584139582027,Pride,Happiness,0.0012541851890568911
0.014349584139582027,Pride,Joy,0.02038660848290425
0.014349584139582027,Pride,Pride,0.9261362424631301
0.014349584139582027,Pride,Sadness,0.0005059345580227509
0.014349584139582027,Pride,Shame,0.05103547038716196
0.014349584139582027,Sadness,Boredom,0.0001713632726640913
0.014349584139582027,Sadness,Fear,0.004873018920914283
0.014349584139582027,Sadness,Happiness,0.00033604171038903224
0.014349584139582027,Sadness,Joy,0.0006335212204571279
0.014349584139582027,Sadness,Pride,0.0007242890829633602
0.014349584139582027,Sadness,Sadness,0.9808165034822706
0.014349584139582027,Sadness,Shame,0.012445262310341253
0.014349584139582027,Shame,Boredom,0.00011934664793946646
0.014349584139582027,Shame,Fear,0.02539418933877471
0.014349584139582027,Shame,Happiness,3.292912609723368e-05
0.014349584139582027,Shame,Joy,6.550710833228673e-05
0.014349584139582027,Shame,Pride,0.00018555375296436203
0.014349584139582027,Shame,Sadness,0.00012669768653526977
0.014349584139582027,Shame,Shame,0.9740757763393567
0.013142496732368227,Boredom,Boredom,0.999147089567126
0.013142496732368227,Boredom,Fear,0.00013148398485305512
0.013142496732368227,Boredom,Happiness,2.3792135630947955e-06
0.013142496732368227,Boredom,Joy,0.00018339567001086478
0.013142496732368227,Boredom,Pride,0.0001451977131961806
0.013142496732368227,Boredom,Sadness,9.352741339451061e-05
0.013142496732368227,Boredom,Shame,0.00029692643785633597
0.013142496732368227,Fear,Boredom,0.0004461287217328942
0.013142496732368227,Fear,Fear,0.9806497901933616
0.013142496732368227,Fear,Happiness,0.000524078754233336
0.013142496732368227,Fear,Joy,0.0006282243631238548
0.013142496732368227,Fear,Pride,0.0007511322580768095
0.013142496732368227,Fear,Sadness,0.00504076644072572
0.013142496732368227,Fear,Shame,0.011959879268745739
0.013142496732368227,Happiness,Boredom,0.7174930199552408
0.013142496732368227,Happiness,Fear,0.001111976333658183
0.013142496732368227,Happiness,Happiness,0.2037128162982121
0.013142496732368227,Happiness,Joy,0.003797415413022633
0.013142496732368227,Happiness,Pride,0.03546812865390199
0.013142496732368227,Happiness,Sadness,0.0018867553148638515
0.013142496732368227,Happiness,Shame,0.03652988803110071
0.013142496732368227,Joy,Boredom,0.0004208323405815461
0.013142496732368227,Joy,Fear,0.0013088708882298711
0.013142496732368227,Joy,Happiness,0.0012171932642107057
0.013142496732368227,Joy,Joy,0.6533275138483213
0.013142496732368227,Joy,Pride,0.29881539104995236
0.013142496732368227,Joy,Sadness,0.0010322585005229437
0.013142496732368227,Joy,Shame,0.043877940108180975
0.013142496732368227,Pride,Boredom,0.0006534181263611342
0.013142496732368227,Pride,Fear,0.0008112718479185547
0.013142496732368227,Pride,Happiness,0.002532101508706267
0.013142496732368227,Pride,Joy,0.03481132002436864
0.013142496732368227,Pride,Pride,0.8956012649711754
0.013142496732368227,Pride,Sadness,0.0010032623196099908
0.013142496732368227,Pride,Shame,0.06458736120186012
0.013142496732368227,Sadness,Boredom,0.00018358232866963402
0.013142496732368227,Sadness,Fear,0.004897270663151117
0.013142496732368227,Sadness,Happiness,0.00032529191907935506
0.013142496732368227,Sadness,Joy,0.000638588100525334
0.013142496732368227,Sadness,Pride,0.0007392166441706187
0.013142496732368227,Sadness,Sadness,0.979953175644558
0.013142496732368227,Sadness,Shame,0.013262874699846352
0.013142496732368227,Shame,Boredom,9.452505390357387e-05
0.013142496732368227,Shame,Fear,0.02169035767433844
0.013142496732368227,Shame,Happiness,2.907518864840636e-05
0.013142496732368227,Shame,Joy,5.791605922169519e-05
0.013142496732368227,Shame,Pride,0.00029150961371066585
0.013142496732368227,Shame,Sadness,0.00011478276128085663
0.013142496732368227,Shame,Shame,0.9777218336488964
0.015081719357696215,Boredom,Boredom,0.9991419463900976
0.015081719357696215,Boredom,Fear,0.00013525161492810922
0.015081719357696215,Boredom,Happiness,2.4853848770491606e-06
0.015081719357696215,Boredom,Joy,0.00018761304749826034
0.015081719357696215,Boredom,Pride,0.00015433972120941654
0.015081719357696215,Boredom,Sadness,9.975177077634549e-05
0.015081719357696215,Boredom,Shame,0.0002786120706137291
0.015081719357696215,Fear,Boredom,0.00041191603923380524
0.015081719357696215,Fear,Fear,0.9810285835114911
0.015081719357696215,Fear,Happiness,0.0005216351624026241
0.015081719357696215,Fear,Joy,0.0005948270521647263
0.015081719357696215,Fear,Pride,0.0007345626774847443
0.015081719357696215,Fear,Sadness,0.005183043994950033
0.015081719357696215,Fear,Shame,0.01152543156227301
0.015081719357696215,Happiness,Boredom,0.7020427053168481
0.015081719357696215,Happiness,Fear,0.0012072077930228734
0.015081719357696215,Happiness,Happiness,0.21853250159921078
0.015081719357696215,Happiness,Joy,0.0038339396127519145
0.015081719357696215,Happiness,Pride,0.03538605603647022
0.015081719357696215,Happiness,Sadness,0.0020388747660650517
0.015081719357696215,Happiness,Shame,0.03695871487563079
0.015081719357696215,Joy,Boredom,0.0003652217289675105
0.015081719357696215,Joy,Fear,0.0011382891054060604
0.015081719357696215,Joy,Happiness,0.0010231465080650457
0.015081719357696215,Joy,Joy,0.5708577204032588
0.015081719357696215,Joy,Pride,0.3852226607965795
0.015081719357696215,Joy,Sadness,0.0008750835157794672
0.015081719357696215,Joy,Shame,0.0405178779419437
0.015081719357696215,Pride,Boredom,0.00021899083064296233
0.015081719357696215,Pride,Fear,0.00028872515533007366
0.015081719357696215,Pride,Happiness,0.0009066097249557427
0.015081719357696215,Pride,Joy,0.015658018593862694
0.015081719357696215,Pride,Pride,0.9310054846492163
0.015081719357696215,Pride,Sadness,0.00039058621137328986
0.015081719357696215,Pride,Shame,0.051531584834619316
0.015081719357696215,Sadness,Boredom,0.00016720509961691644
0.015081719357696215,Sadness,Fear,0.0048037923654901515
0.015081719357696215,Sadness,Happiness,0.00033068352735611783
0.015081719357696215,Sadness,Joy,0.0006392915244718356
0.015081719357696215,Sadness,Pride,0.0007185042613594223
0.015081719357696215,Sadness,Sadness,0.9815639098132256
0.015081719357696215,Sadness,Shame,0.01177661340847973
0.015081719357696215,Shame,Boredom,0.00012967703464545247
0.015081719357696215,Shame,Fear,0.026692418119041807
0.015081719357696215,Shame,Happiness,3.455429020744508e-05
0.015081719357696215,Shame,Joy,6.750827236498071e-05
0.015081719357696215,Shame,Pride,0.00014458912253823036
0.015081719357696215,Shame,Sadness,0.00013404185945346583
0.015081719357696215,Shame,Shame,0.9727972113017486
0.014424048566775505,Boredom,Boredom,0.99915232012559
0.014424048566775505,Boredom,Fear,0.0001347377808956717
0.014424048566775505,Boredom,Happiness,2.474717649221443e-06
0.014424048566775505,Boredom,Joy,0.00018679175814179628
0.014424048566775505,Boredom,Pride,0.0001511863612563138
0.014424048566775505,Boredom,Sadness,9.56965949974573e-05
0.014424048566775505,Boredom,Shame,0.00027679266146989225
0.014424048566775505,Fear,Boredom,0.000427529924466773
0.014424048566775505,Fear,Fear,0.9805032668098668
0.014424048566775505,Fear,Happiness,0.0005197641381122104
0.014424048566775505,Fear,Joy,0.0006169438741343929
0.014424048566775505,Fear,Pride,0.0007450404680220296
0.014424048566775505,Fear,Sadness,0.005090167314199612
0.014424048566775505,Fear,Shame,0.012097287471198098
0.014424048566775505,Happiness,Boredom,0.6928110919699552
0.014424048566775505,Happiness,Fear,0.0011476585497265628
0.014424048566775505,Happiness,Happiness,0.22870528338585447
0.014424048566775505,Happiness,Joy,0.0037237700552427188
0.014424048566775505,Happiness,Pride,0.036233449614606776
0.014424048566775505,Happiness,Sadness,0.001948237202886253
0.014424048566775505,Happiness,Shame,0.03543050922172779
0.014424048566775505,Joy,Boredom,0.0005007748749362815
0.014424048566775505,Joy,Fear,0.0014381850909544452
0.014424048566775505,Joy,Happiness,0.0013148838321783715
0.014424048566775505,Joy,Joy,0.6330552346400371
0.014424048566775505,Joy,Pride,0.32578710646090514
0.014424048566775505,Joy,Sadness,0.0010763681505765723
0.014424048566775505,Joy,Shame,0.03682744695041245
0.014424048566775505,Pride,Boredom,0.0003651707258246217
0.014424048566775505,Pride,Fear,0.00045718197223658066
0.014424048566775505,Pride,Happiness,0.001500154003053968
0.014424048566775505,Pride,Joy,0.02330152465546289
0.014424048566775505,Pride,Pride,0.939802830860976
0.014424048566775505,Pride,Sadness,0.000596804748920051
0.014424048566775505,Pride,Shame,0.033976333033526034
0.014424048566775505,Sadness,Boredom,0.00017010966763731636
0.014424048566775505,Sadness,Fear,0.004878324712471644
0.014424048566775505,Sadness,Happiness,0.00033393130714779487
0.014424048566775505,Sadness,Joy,0.0006343318540235822
0.014424048566775505,Sadness,Pride,0.0007245940611207471
0.014424048566775505,Sadness,Sadness,0.9809487876509834
0.014424048566775505,Sadness,Shame,0.01230992074661586
0.014424048566775505,Shame,Boredom,0.00011998575242310281
0.014424048566775505,Shame,Fear,0.025442455666166916
0.014424048566775505,Shame,Happiness,3.2994789354117487e-05
0.014424048566775505,Shame,Joy,6.773839349128251e-05
0.014424048566775505,Shame,Pride,0.000141145124868586
0.014424048566775505,Shame,Sadness,0.0001258534328452976
0.014424048566775505,Shame,Shame,0.9740698268408511
0.014096428359091064,Boredom,Boredom,0.9991399905850867
0.014096428359091064,Boredom,Fear,0.0001344201239231793
0.014096428359091064,Boredom,Happiness,2.4773221152117534e-06
0.014096428359091064,Boredom,Joy,0.0001879948056012134
0.014096428359091064,Boredom,Pride,0.0001499509968650084
0.014096428359091064,Boredom,Sadness,9.583646004730436e-05
0.014096428359091064,Boredom,Shame,0.0002893297063614952
0.014096428359091064,Fear,Boredom,0.0004319985702215888
0.014096428359091064,Fear,Fear,0.9804691469659583
0.014096428359091064,Fear,Happiness,0.0005206732939436492
0.014096428359091064,Fear,Joy,0.0006236943928288457
0.014096428359091064,Fear,Pride,0.0007428251730200776
0.014096428359091064,Fear,Sadness,0.005073289538624893
0.014096428359091064,Fear,Shame,0.012138372065402874
0.014096428359091064,Happiness,Boredom,0.7023055711405903
0.014096428359091064,Happiness,Fear,0.0011456493866333023
0.014096428359091064,Happiness,Happiness,0.21838666711393112
0.014096428359091064,Happiness,Joy,0.0038068979600495065
0.014096428359091064,Happiness,Pride,0.03588217714639351
0.014096428359091064,Happiness,Sadness,0.001940362239263873
0.014096428359091064,Happiness,Shame,0.036532675013138734
0.014096428359091064,Joy,Boredom,0.0004755305502602203
0.014096428359091064,Joy,Fear,0.0013803156402907688
0.014096428359091064,Joy,Happiness,0.0012988087236359234
0.014096428359091064,Joy,Joy,0.6390003578794641
0.014096428359091064,Joy,Pride,0.3150084404745278
0.014096428359091064,Joy,Sadness,0.0010605286715025639
0.014096428359091064,Joy,Shame,0.041776018060319046
0.014096428359091064,Pride,Boredom,0.0004898463581648046
0.014096428359091064,Pride,Fear,0.0006059699165414851
0.014096428359091064,Pride,Happiness,0.0019633493601755665
0.014096428359091064,Pride,Joy,0.028722270290601617
0.014096428359091064,Pride,Pride,0.9180966882382235
0.014096428359091064,Pride,Sadness,0.0007679650136034365
0.014096428359091064,Pride,Shame,0.04935391082268942
0.014096428359091064,Sadness,Boredom,0.00017491192405092007
0.014096428359091064,Sadness,Fear,0.004849806545101646
0.014096428359091064,Sadness,Happiness,0.00033370235740899174
0.014096428359091064,Sadness,Joy,0.0006400978730164953
0.014096428359091064,Sadness,Pride,0.0007273290149029078
0.014096428359091064,Sadness,Sadness,0.9808924671872796
0.014096428359091064,Sadness,Shame,0.01238168509823932
0.014096428359091064,Shame,Boredom,0.00011863460347092602
0.014096428359091064,Shame,Fear,0.02518110605872684
0.014096428359091064,Shame,Happiness,3.2889531359031946e-05
0.014096428359091064,Shame,Joy,6.851838616732542e-05
0.014096428359091064,Shame,Pride,0.00017944015635340454
0.014096428359091064,Shame,Sadness,0.0001266701429346685
0.014096428359091064,Shame,Shame,0.9742927411209876
0.013911038244873651,Boredom,Boredom,0.9991433962945392
0.013911038244873651,Boredom,Fear,0.00013444937755304254
0.013911038244873651,Boredom,Happiness,2.4699973807787425e-06
0.013911038244873651,Boredom,Joy,0.00018835620553181245
0.013911038244873651,Boredom,Pride,0.00014663456706400933
0.013911038244873651,Boredom,Sadness,9.504922845633855e-05
0.013911038244873651,Boredom,Shame,0.00028964432947490676
0.013911038244873651,Fear,Boredom,0.000431446587113565
0.013911038244873651,Fear,Fear,0.9806437430530913
0.013911038244873651,Fear,Happiness,0.0005217131478869509
0.013911038244873651,Fear,Joy,0.000628196234760825
0.013911038244873651,Fear,Pride,0.0007452812659858425
0.013911038244873651,Fear,Sadness,0.00510394016722593
0.013911038244873651,Fear,Shame,0.011925679543935221
0.013911038244873651,Happiness,Boredom,0.6995191218989667
0.013911038244873651,Happiness,Fear,0.0010989303648281901
0.013911038244873651,Happiness,Happiness,0.22289277801666307
0.013911038244873651,Happiness,Joy,0.0037512999859784122
0.013911038244873651,Happiness,Pride,0.03558797258332095
0.013911038244873651,Happiness,Sadness,0.0018704232157803757
0.013911038244873651,Happiness,Shame,0.03527947393446236
0.013911038244873651,Joy,Boredom,0.000421572723814605
0.013911038244873651,Joy,Fear,0.0013460769276666027
0.013911038244873651,Joy,Happiness,0.0011996162251697105
0.013911038244873651,Joy,Joy,0.6213942748515348
0.013911038244873651,Joy,Pride,0.33080538913049057
0.013911038244873651,Joy,Sadness,0.0009895933171565577
0.013911038244873651,Joy,Shame,0.043843476824166686
0.013911038244873651,Pride,Boredom,0.0007150398877313082
0.013911038244873651,Pride,Fear,0.0008955620813651396
0.013911038244873651,Pride,Happiness,0.002736300936683304
0.013911038244873651,Pride,Joy,0.03656541709493427
0.013911038244873651,Pride,Pride,0.8974501065305336
0.013911038244873651,Pride,Sadness,0.0010836637127944236
0.013911038244873651,Pride,Shame,0.06055390975595754
0.013911038244873651,Sadness,Boredom,0.000175096013458805
0.013911038244873651,Sadness,Fear,0.0048167998877070885
0.013911038244873651,Sadness,Happiness,0.00033166245089799167
0.013911038244873651,Sadness,Joy,0.0006410678819850773
0.013911038244873651,Sadness,Pride,0.0007256015258267159
0.013911038244873651,Sadness,Sadness,0.9807290777012194
0.013911038244873651,Sadness,Shame,0.012580694538905169
0.013911038244873651,Shame,Boredom,0.00011700705429078895
0.013911038244873651,Shame,Fear,0.024947342391868133
0.013911038244873651,Shame,Happiness,3.271007618599822e-05
0.013911038244873651,Shame,Joy,6.908966324309834e-05
0.013911038244873651,Shame,Pride,0.0002940523782876266
0.013911038244873651,Shame,Sadness,0.0001310465602812497
0.013911038244873651,Shame,Shame,0.974408751875843
0.015257012765304114,Boredom,Boredom,0.9991415229978294
0.015257012765304114,Boredom,Fear,0.00013407020955477186
0.015257012765304114,Boredom,Happiness,2.480656835492477e-06
0.015257012765304114,Boredom,Joy,0.0001865856027725772
0.015257012765304114,Boredom,Pride,0.0001567028510762745
0.015257012765304114,Boredom,Sadness,9.790202546178243e-05
0.015257012765304114,Boredom,Shame,0.000280735656469822
0.015257012765304114,Fear,Boredom,0.00040984025624128505
0.015257012765304114,Fear,Fear,0.9809343818731052
0.015257012765304114,Fear,Happiness,0.0005248111476993457
0.015257012765304114,Fear,Joy,0.0005744590592240287
0.015257012765304114,Fear,Pride,0.0007428763545920391
0.015257012765304114,Fear,Sadness,0.005185912973391143
0.015257012765304114,Fear,Shame,0.011627718335746842
0.015257012765304114,Happiness,Boredom,0.6803069531020342
0.015257012765304114,Happiness,Fear,0.0011637653074680933
0.015257012765304114,Happiness,Happiness,0.2424891873399993
0.015257012765304114,Happiness,Joy,0.0036957594677999835
0.015257012765304114,Happiness,Pride,0.03448052370668124
0.015257012765304114,Happiness,Sadness,0.001978004047348779
0.015257012765304114,Happiness,Shame,0.035885807028668754
0.015257012765304114,Joy,Boredom,0.00035836060849318477
0.015257012765304114,Joy,Fear,0.0011592859399223103
0.015257012765304114,Joy,Happiness,0.0009973213634128116
0.015257012765304114,Joy,Joy,0.5404185766234058
0.015257012765304114,Joy,Pride,0.41919554971558926
0.015257012765304114,Joy,Sadness,0.0008556748864088752
0.015257012765304114,Joy,Shame,0.037015230862767715
0.015257012765304114,Pride,Boredom,0.00013198984060061892
0.015257012765304114,Pride,Fear,0.0001995537323441665
0.015257012765304114,Pride,Happiness,0.00048467410465261973
0.015257012765304114,Pride,Joy,0.009011826812372205
0.015257012765304114,Pride,Pride,0.9500745810958374
0.015257012765304114,Pride,Sadness,0.0002706075648961626
0.015257012765304114,Pride,Shame,0.03982676684929725
0.015257012765304114,Sadness,Boredom,0.000164144400578583
0.015257012765304114,Sadness,Fear,0.004831345264039952
0.015257012765304114,Sadness,Happiness,0.00033473053101750166
0.015257012765304114,Sadness,Joy,0.0006421950000026497
0.015257012765304114,Sadness,Pride,0.0007177051039015029
0.015257012765304114,Sadness,Sadness,0.9816948474354676
0.015257012765304114,Sadness,Shame,0.011615032264992052
0.015257012765304114,Shame,Boredom,0.00013095717658209336
0.015257012765304114,Shame,Fear,0.02695315545827401
0.015257012765304114,Shame,Happiness,3.502037098490469e-05
0.015257012765304114,Shame,Joy,6.342424179062017e-05
0.015257012765304114,Shame,Pride,0.00013840806747016796
0.015257012765304114,Shame,Sadness,0.00013449085045144166
0.015257012765304114,Shame,Shame,0.9725445438344468
0.014348839956578922,Boredom,Boredom,0.9991511268622371
0.014348839956578922,Boredom,Fear,0.00013436170593570634
0.014348839956578922,Boredom,Happiness,2.445974117038468e-06
0.014348839956578922,Boredom,Joy,0.0001878985704450534
0.014348839956578922,Boredom,Pride,0.0001506140345308859
0.014348839956578922,Boredom,Sadness,9.612253633158872e-05
0.014348839956578922,Boredom,Shame,0.00027743031640263
0.014348839956578922,Fear,Boredom,0.00043018418598177475
0.014348839956578922,Fear,Fear,0.9805637678040653
0.014348839956578922,Fear,Happiness,0.0005190905237927122
0.014348839956578922,Fear,Joy,0.0006307781382047311
0.014348839956578922,Fear,Pride,0.0007378279707156116
0.014348839956578922,Fear,Sadness,0.005048585030121629
0.014348839956578922,Fear,Shame,0.012069766347118066
0.014348839956578922,Happiness,Boredom,0.7042339404242399
0.014348839956578922,Happiness,Fear,0.0011461029157147254
0.014348839956578922,Happiness,Happiness,0.21660250903942432
0.014348839956578922,Happiness,Joy,0.003790126272616099
0.014348839956578922,Happiness,Pride,0.03661870864473327
0.014348839956578922,Happiness,Sadness,0.0019442462778505615
0.014348839956578922,Happiness,Shame,0.03566436642542098
0.014348839956578922,Joy,Boredom,0.0004718680710302662
0.014348839956578922,Joy,Fear,0.0013382477277698575
0.014348839956578922,Joy,Happiness,0.001271514605699427
0.014348839956578922,Joy,Joy,0.6469919576885205
0.014348839956578922,Joy,Pride,0.3057354889599333
0.014348839956578922,Joy,Sadness,0.001057369466208705
0.014348839956578922,Joy,Shame,0.043133553480837895
0.014348839956578922,Pride,Boredom,0.0007644223849829015
0.014348839956578922,Pride,Fear,0.000948221579621628
0.014348839956578922,Pride,Happiness,0.0028423934821493854
0.014348839956578922,Pride,Joy,0.037930227277207906
0.014348839956578922,Pride,Pride,0.8988480882382825
0.014348839956578922,Pride,Sadness,0.0011405820921194557
0.014348839956578922,Pride,Shame,0.05752606494563578
0.014348839956578922,Sadness,Boredom,0.00017184073462756923
0.014348839956578922,Sadness,Fear,0.004865715920129363
0.014348839956578922,Sadness,Happiness,0.0003339110835489934
0.014348839956578922,Sadness,Joy,0.0006376512883252448
0.014348839956578922,Sadness,Pride,0.0007225003607335705
0.014348839956578922,Sadness,Sadness,0.9809963395209593
0.014348839956578922,Sadness,Shame,0.012272041091676024
0.014348839956578922,Shame,Boredom,0.00011859175776162666
0.014348839956578922,Shame,Fear,0.02525102529226704
0.014348839956578922,Shame,Happiness,3.27905191960947e-05
0.014348839956578922,Shame,Joy,6.970206049849806e-05
0.014348839956578922,Shame,Pride,0.00021717906883129726
0.014348839956578922,Shame,Sadness,0.00012766452489927323
0.014348839956578922,Shame,Shame,0.974183046776546
0.01353972517410478,Boredom,Boredom,0.9991308086479421
0.01353972517410478,Boredom,Fear,0.00013353625093761855
0.01353972517410478,Boredom,Happiness,2.41926572110949e-06
0.01353972517410478,Boredom,Joy,0.00018541835347519146
0.01353972517410478,Boredom,Pride,0.00015841453954101655
0.01353972517410478,Boredom,Sadness,9.422510014142579e-05
0.01353972517410478,Boredom,Shame,0.00029517784224170084
0.01353972517410478,Fear,Boredom,0.00044188647585396843
0.01353972517410478,Fear,Fear,0.9806722997637546
0.01353972517410478,Fear,Happiness,0.0005233483797283028
0.01353972517410478,Fear,Joy,0.0006522760154039837
0.01353972517410478,Fear,Pride,0.0007316941105432709
0.01353972517410478,Fear,Sadness,0.005040960376628049
0.01353972517410478,Fear,Shame,0.011937534878087776
0.01353972517410478,Happiness,Boredom,0.7103266810876544
0.01353972517410478,Happiness,Fear,0.0011404144959880579
0.01353972517410478,Happiness,Happiness,0.20979611641312584
0.01353972517410478,Happiness,Joy,0.003845993942995335
0.01353972517410478,Happiness,Pride,0.0377029632737775
0.01353972517410478,Happiness,Sadness,0.0019327791238945677
0.01353972517410478,Happiness,Shame,0.03525505166256404
0.01353972517410478,Joy,Boredom,0.00040953032305069244
0.01353972517410478,Joy,Fear,0.001241967058471307
0.01353972517410478,Joy,Happiness,0.0012046537051557807
0.01353972517410478,Joy,Joy,0.6656982380861021
0.01353972517410478,Joy,Pride,0.28877813253738605
0.01353972517410478,Joy,Sadness,0.0010065582119138082
0.01353972517410478,Joy,Shame,0.04166092007791995
0.01353972517410478,Pride,Boredom,0.0031671536076731802
0.01353972517410478,Pride,Fear,0.004133986298250339
0.01353972517410478,Pride,Happiness,0.009474227217648845
0.01353972517410478,Pride,Joy,0.08418238258053988
0.01353972517410478,Pride,Pride,0.81925621980534
0.01353972517410478,Pride,Sadness,0.004431262465109835
0.01353972517410478,Pride,Shame,0.07535476802543767
0.01353972517410478,Sadness,Boredom,0.00017876964478062848
0.01353972517410478,Sadness,Fear,0.00481731379891839
0.01353972517410478,Sadness,Happiness,0.00032891287676807595
0.01353972517410478,Sadness,Joy,0.0006438962449149103
0.01353972517410478,Sadness,Pride,0.0007381704267878313
0.01353972517410478,Sadness,Sadness,0.9807577155078882
0.01353972517410478,Sadness,Shame,0.012535221499942115
0.01353972517410478,Shame,Boredom,0.00010510851744244857
0.01353972517410478,Shame,Fear,0.023220576561923455
0.01353972517410478,Shame,Happiness,3.138176386185803e-05
0.01353972517410478,Shame,Joy,6.678218403875089e-05
0.01353972517410478,Shame,Pride,0.0006199396285481893
0.01353972517410478,Shame,Sadness,0.00013579835416184337
0.01353972517410478,Shame,Shame,0.9758204129900233
0.014106252272672946,Boredom,Boredom,0.9991431224326098
0.014106252272672946,Boredom,Fear,0.00013442437719902222
0.014106252272672946,Boredom,Happiness,2.5274546648527595e-06
0.014106252272672946,Boredom,Joy,0.00018944352902139258
0.014106252272672946,Boredom,Pride,0.00014520146751708008
0.014106252272672946,Boredom,Sadness,9.584691440346403e-05
0.014106252272672946,Boredom,Shame,0.0002894338245845484
0.014106252272672946,Fear,Boredom,0.0004302411413402333
0.014106252272672946,Fear,Fear,0.9804043509554763
0.014106252272672946,Fear,Happiness,0.0005197034226333756
0.014106252272672946,Fear,Joy,0.000581991766842123
0.014106252272672946,Fear,Pride,0.0007535367025686999
0.014106252272672946,Fear,Sadness,0.005094405941073551
0.014106252272672946,Fear,Shame,0.012215770070065482
0.014106252272672946,Happiness,Boredom,0.6951051026821028
0.014106252272672946,Happiness,Fear,0.0011752653826200942
0.014106252272672946,Happiness,Happiness,0.22875656972880515
0.014106252272672946,Happiness,Joy,0.0038357027981655084
0.014106252272672946,Happiness,Pride,0.03171947951003617
0.014106252272672946,Happiness,Sadness,0.001981964891878129
0.014106252272672946,Happiness,Shame,0.0374259150063923
0.014106252272672946,Joy,Boredom,0.0003628173754235286
0.014106252272672946,Joy,Fear,0.0011693973960081765
0.014106252272672946,Joy,Happiness,0.00104792798309537
0.014106252272672946,Joy,Joy,0.5631229299644094
0.014106252272672946,Joy,Pride,0.39492997578489086
0.014106252272672946,Joy,Sadness,0.0008958712621165833
0.014106252272672946,Joy,Shame,0.03847108023405622
0.014106252272672946,Pride,Boredom,0.00013683112845672978
0.014106252272672946,Pride,Fear,0.0002038601147749978
0.014106252272672946,Pride,Happiness,0.0005334733126580568
0.014106252272672946,Pride,Joy,0.009839086941640185
0.014106252272672946,Pride,Pride,0.94644405382375
0.014106252272672946,Pride,Sadness,0.0002849706178871836
0.014106252272672946,Pride,Shame,0.042557724060833
0.014106252272672946,Sadness,Boredom,0.00017438250315849582
0.014106252272672946,Sadness,Fear,0.004824874485182514
0.014106252272672946,Sadness,Happiness,0.000334054407081886
0.014106252272672946,Sadness,Joy,0.0006418485055959963
0.014106252272672946,Sadness,Pride,0.0007250289433879893
0.014106252272672946,Sadness,Sadness,0.9810331745272058
0.014106252272672946,Sadness,Shame,0.01226663662838734
0.014106252272672946,Shame,Boredom,0.00011470563690509258
0.014106252272672946,Shame,Fear,0.024707362535460003
0.014106252272672946,Shame,Happiness,3.2112680032420105e-05
0.014106252272672946,Shame,Joy,5.916346866634716e-05
0.014106252272672946,Shame,Pride,0.00012740605882861016
0.014106252272672946,Shame,Sadness,0.00012219404625611027
0.014106252272672946,Shame,Shame,0.9748370555738517
0.014506693887229182,Boredom,Boredom,0.999147016670891
0.014506693887229182,Boredom,Fear,0.0001337914999275101
0.014506693887229182,Boredom,Happiness,2.456791148658058e-06
0.014506693887229182,Boredom,Joy,0.00018868121582342847
0.014506693887229182,Boredom,Pride,0.00015143993982141664
0.014506693887229182,Boredom,Sadness,9.483784403836784e-05
0.014506693887229182,Boredom,Shame,0.0002817760383496189
0.014506693887229182,Fear,Boredom,0.0004231222774334063
0.014506693887229182,Fear,Fear,0.9807516996810952
0.014506693887229182,Fear,Happiness,0.0005210556239436763
0.014506693887229182,Fear,Joy,0.0006198966181584357
0.014506693887229182,Fear,Pride,0.0007406501973457014
0.014506693887229182,Fear,Sadness,0.005085000047865478
0.014506693887229182,Fear,Shame,0.0118585755541579
0.014506693887229182,Happiness,Boredom,0.7102672807337587
0.014506693887229182,Happiness,Fear,0.0011930133227273005
0.014506693887229182,Happiness,Happiness,0.20859502391255946
0.014506693887229182,Happiness,Joy,0.0038860433461166185
0.014506693887229182,Happiness,Pride,0.03736240639152831
0.014506693887229182,Happiness,Sadness,0.0020155699239278644
0.014506693887229182,Happiness,Shame,0.03668066236938187
0.014506693887229182,Joy,Boredom,0.0004801054128785219
0.014506693887229182,Joy,Fear,0.00139491093623357
0.014506693887229182,Joy,Happiness,0.0012948696435511105
0.014506693887229182,Joy,Joy,0.6388124360893493
0.014506693887229182,Joy,Pride,0.3181940314625452
0.014506693887229182,Joy,Sadness,0.0010622876793422035
0.014506693887229182,Joy,Shame,0.038761358776100166
0.014506693887229182,Pride,Boredom,0.0004622356721845901
0.014506693887229182,Pride,Fear,0.0005737639706858049
0.014506693887229182,Pride,Happiness,0.0018587518224264694
0.014506693887229182,Pride,Joy,0.027543142366985806
0.014506693887229182,Pride,Pride,0.9269784378327596
0.014506693887229182,Pride,Sadness,0.0007263875670407078
0.014506693887229182,Pride,Shame,0.04185728076791735
0.014506693887229182,Sadness,Boredom,0.00016993283521045489
0.014506693887229182,Sadness,Fear,0.004866159979086744
0.014506693887229182,Sadness,Happiness,0.00033469800423786285
0.014506693887229182,Sadness,Joy,0.0006378103414855102
0.014506693887229182,Sadness,Pride,0.0007244642448269466
0.014506693887229182,Sadness,Sadness,0.9811302655135375
0.014506693887229182,Sadness,Shame,0.012136669081615042
0.014506693887229182,Shame,Boredom,0.00013505952193415275
0.014506693887229182,Shame,Fear,0.02727734718346243
0.014506693887229182,Shame,Happiness,3.586835651708184e-05
0.014506693887229182,Shame,Joy,7.59431969664236e-05
0.014506693887229182,Shame,Pride,0.00016743853781433352
0.014506693887229182,Shame,Sadness,0.00013576510511102808
0.014506693887229182,Shame,Shame,0.9721725780981946
0.013329092132421167,Boredom,Boredom,0.9991408024353383
0.013329092132421167,Boredom,Fear,0.00013297168264874413
0.013329092132421167,Boredom,Happiness,2.430255357816728e-06
0.013329092132421167,Boredom,Joy,0.0001849622277407989
0.013329092132421167,Boredom,Pride,0.0001502011141683242
0.013329092132421167,Boredom,Sadness,9.220268784935395e-05
0.013329092132421167,Boredom,Shame,0.0002964295968968731
0.013329092132421167,Fear,Boredom,0.00044303826986656153
0.013329092132421167,Fear,Fear,0.9805151116119929
0.013329092132421167,Fear,Happiness,0.0005236437597176245
0.013329092132421167,Fear,Joy,0.0006357996077316513
0.013329092132421167,Fear,Pride,0.0007382465566962059
0.013329092132421167,Fear,Sadness,0.004995567271992916
0.013329092132421167,Fear,Shame,0.012148592922002108
0.013329092132421167,Happiness,Boredom,0.711036151872647
0.013329092132421167,Happiness,Fear,0.0011150152772299818
0.013329092132421167,Happiness,Happiness,0.21009314180277366
0.013329092132421167,Happiness,Joy,0.003789630524782752
0.013329092132421167,Happiness,Pride,0.03620872944168342
0.013329092132421167,Happiness,Sadness,0.001888258826796493
0.013329092132421167,Happiness,Shame,0.03586907225408661
0.013329092132421167,Joy,Boredom,0.000585961008009164
0.013329092132421167,Joy,Fear,0.0015329964593689526
0.013329092132421167,Joy,Happiness,0.0015700662332008564
0.013329092132421167,Joy,Joy,0.6940022320141762
0.013329092132421167,Joy,Pride,0.26049743524665175
0.013329092132421167,Joy,Sadness,0.001245034539690766
0.013329092132421167,Joy,Shame,0.04056627449890228
0.013329092132421167,Pride,Boredom,0.0007292893803255611
0.013329092132421167,Pride,Fear,0.0009071546803920752
0.013329092132421167,Pride,Happiness,0.002783358469787567
0.013329092132421167,Pride,Joy,0.03675878842061947
0.013329092132421167,Pride,Pride,0.9200164121796748
0.013329092132421167,Pride,Sadness,0.0010999534601238861
0.013329092132421167,Pride,Shame,0.037705043409076267
0.013329092132421167,Sadness,Boredom,0.00018093576061206556
0.013329092132421167,Sadness,Fear,0.004852674052457923
0.013329092132421167,Sadness,Happiness,0.0003266466029131819
0.013329092132421167,Sadness,Joy,0.0006384107395994564
0.013329092132421167,Sadness,Pride,0.000734409852079652
0.013329092132421167,Sadness,Sadness,0.9801974121848401
0.013329092132421167,Sadness,Shame,0.013069510807497535
0.013329092132421167,Shame,Boredom,0.00010646753466494122
0.013329092132421167,Shame,Fear,0.02330228709086343
0.013329092132421167,Shame,Happiness,3.141696076197541e-05
0.013329092132421167,Shame,Joy,6.526725747113677e-05
0.013329092132421167,Shame,Pride,0.00016001665418891684
0.013329092132421167,Shame,Sadness,0.00011552571846767678
0.013329092132421167,Shame,Shame,0.976219018783582
0.014645173279188694,Boredom,Boredom,0.9991451210168913
0.014645173279188694,Boredom,Fear,0.00013424283907542618
0.014645173279188694,Boredom,Happiness,2.496946177212493e-06
0.014645173279188694,Boredom,Joy,0.00018718225669888216
0.014645173279188694,Boredom,Pride,0.00015314338247539972
0.014645173279188694,Boredom,Sadness,9.746355713487714e-05
0.014645173279188694,Boredom,Shame,0.00028035000154692953
0.014645173279188694,Fear,Boredom,0.0004247577301167403
0.014645173279188694,Fear,Fear,0.9805183304604097
0.014645173279188694,Fear,Happiness,0.0005237121490248456
0.014645173279188694,Fear,Joy,0.0005778158732433168
0.014645173279188694,Fear,Pride,0.0007475364107624228
0.014645173279188694,Fear,Sadness,0.00510188259174582
0.014645173279188694,Fear,Shame,0.012105964784697072
0.014645173279188694,Happiness,Boredom,0.6998401056069383
0.014645173279188694,Happiness,Fear,0.0012266618160618442
0.014645173279188694,Happiness,Happiness,0.22054309880474623
0.014645173279188694,Happiness,Joy,0.003867098024834526
0.014645173279188694,Happiness,Pride,0.03503053339700596
0.014645173279188694,Happiness,Sadness,0.0020721181556994043
0.014645173279188694,Happiness,Shame,0.037420384194714044
0.014645173279188694,Joy,Boredom,0.00033789869642796754
0.014645173279188694,Joy,Fear,0.0011331313661217832
0.014645173279188694,Joy,Happiness,0.000968153318734013
0.014645173279188694,Joy,Joy,0.5443437538042666
0.014645173279188694,Joy,Pride,0.41697043042183896
0.014645173279188694,Joy,Sadness,0.0008450332482954783
0.014645173279188694,Joy,Shame,0.03540159914431496
0.014645173279188694,Pride,Boredom,0.00013971461837398874
0.014645173279188694,Pride,Fear,0.00020578718329884287
0.014645173279188694,Pride,Happiness,0.0005316670684174631
0.014645173279188694,Pride,Joy,0.009823252893213707
0.014645173279188694,Pride,Pride,0.9489892268130555
0.014645173279188694,Pride,Sadness,0.0002822406491828256
0.014645173279188694,Pride,Shame,0.04002811077445782
0.014645173279188694,Sadness,Boredom,0.00017069395332565396
0.014645173279188694,Sadness,Fear,0.004900546868562315
0.014645173279188694,Sadness,Happiness,0.00033376002535271353
0.014645173279188694,Sadness,Joy,0.0006406249530241333
0.014645173279188694,Sadness,Pride,0.0007226141001141093
0.014645173279188694,Sadness,Sadness,0.9809099549593315
0.014645173279188694,Sadness,Shame,0.01232180514028943
0.014645173279188694,Shame,Boredom,0.0001271129809995606
0.014645173279188694,Shame,Fear,0.02635354879938401
0.014645173279188694,Shame,Happiness,3.40895116165752e-05
0.014645173279188694,Shame,Joy,6.343814755417329e-05
0.014645173279188694,Shame,Pride,0.00013741406407594893
0.014645173279188694,Shame,Sadness,0.00012983739046610893
0.014645173279188694,Shame,Shame,0.9731545591059038
0.013837919096545009,Boredom,Boredom,0.9991444636065799
0.013837919096545009,Boredom,Fear,0.0001351386018662606
0.013837919096545009,Boredom,Happiness,2.4894288955563987e-06
0.013837919096545009,Boredom,Joy,0.00018839439775285782
0.013837919096545009,Boredom,Pride,0.00014482244457356393
0.013837919096545009,Boredom,Sadness,9.46915513650869e-05
0.013837919096545009,Boredom,Shame,0.00028999996896688247
0.013837919096545009,Fear,Boredom,0.00043319707165073745
0.013837919096545009,Fear,Fear,0.9806411711427
0.013837919096545009,Fear,Happiness,0.0005193458013091304
0.013837919096545009,Fear,Joy,0.0005906893165485145
0.013837919096545009,Fear,Pride,0.0007479175119549996
0.013837919096545009,Fear,Sadness,0.005059371282684939
0.013837919096545009,Fear,Shame,0.012008307873151852
0.013837919096545009,Happiness,Boredom,0.7046355994963345
0.013837919096545009,Happiness,Fear,0.0011455075958051726
0.013837919096545009,Happiness,Happiness,0.2187199648024252
0.013837919096545009,Happiness,Joy,0.0038297673440031263
0.013837919096545009,Happiness,Pride,0.032551197308242526
0.013837919096545009,Happiness,Sadness,0.0019332065810772651
0.013837919096545009,Happiness,Shame,0.03718475687211264
0.013837919096545009,Joy,Boredom,0.0004399026203874333
0.013837919096545009,Joy,Fear,0.0014396230488785996
0.013837919096545009,Joy,Happiness,0.0012201762500509891
0.013837919096545009,Joy,Joy,0.5991080243140862
0.013837919096545009,Joy,Pride,0.3583230997840994
0.013837919096545009,Joy,Sadness,0.000991656009329401
0.013837919096545009,Joy,Shame,0.03847751797316827
0.013837919096545009,Pride,Boredom,0.0001809119688954314
0.013837919096545009,Pride,Fear,0.00025093449383296705
0.013837919096545009,Pride,Happiness,0.0007625954924229258
0.013837919096545009,Pride,Joy,0.013217105269355347
0.013837919096545009,Pride,Pride,0.9460347552376879
0.013837919096545009,Pride,Sadness,0.0003441672492434403
0.013837919096545009,Pride,Shame,0.03920953028856214
0.013837919096545009,Sadness,Boredom,0.00017676654960571225
0.013837919096545009,Sadness,Fear,0.004866262814372721
0.013837919096545009,Sadness,Happiness,0.00033125226518896923
0.013837919096545009,Sadness,Joy,0.0006373227051724713
0.013837919096545009,Sadness,Pride,0.0007215160687553217
0.013837919096545009,Sadness,Sadness,0.9805585927026461
0.013837919096545009,Sadness,Shame,0.012708286894258533
0.013837919096545009,Shame,Boredom,0.00012173663172978665
0.013837919096545009,Shame,Fear,0.02548623804616767
0.013837919096545009,Shame,Happiness,3.34360273687464e-05
0.013837919096545009,Shame,Joy,6.505920566390129e-05
0.013837919096545009,Shame,Pride,0.00013198599739788476
0.013837919096545009,Shame,Sadness,0.00012581002695161468
0.013837919096545009,Shame,Shame,0.9740357340647203
0.014255185428351849,Boredom,Boredom,0.9991448932326393
0.014255185428351849,Boredom,Fear,0.00013428312593686504
0.014255185428351849,Boredom,Happiness,2.4744897615280588e-06
0.014255185428351849,Boredom,Joy,0.00018796435959319356
0.014255185428351849,Boredom,Pride,0.00014903205184797712
0.014255185428351849,Boredom,Sadness,9.515007311848633e-05
0.014255185428351849,Boredom,Shame,0.0002862026671026233
0.014255185428351849,Fear,Boredom,0.0004267648518804897
0.014255185428351849,Fear,Fear,0.9803900627836245
0.014255185428351849,Fear,Happiness,0.0005178672580673835
0.014255185428351849,Fear,Joy,0.0006274169171988133
0.014255185428351849,Fear,Pride,0.0007390374757679863
0.014255185428351849,Fear,Sadness,0.00505261172983813
0.014255185428351849,Fear,Shame,0.01224623898362308
0.014255185428351849,Happiness,Boredom,0.6938674287470249
0.014255185428351849,Happiness,Fear,0.0011232147589951803
0.014255185428351849,Happiness,Happiness,0.2279629880695215
0.014255185428351849,Happiness,Joy,0.0037339369977209087
0.014255185428351849,Happiness,Pride,0.03602710570939913
0.014255185428351849,Happiness,Sadness,0.0019063066891819136
0.014255185428351849,Happiness,Shame,0.035379019028156565
0.014255185428351849,Joy,Boredom,0.0005446141725233311
0.014255185428351849,Joy,Fear,0.0014523008235154088
0.014255185428351849,Joy,Happiness,0.0014451440710975827
0.014255185428351849,Joy,Joy,0.6668794775461715
0.014255185428351849,Joy,Pride,0.2896625666665371
0.014255185428351849,Joy,Sadness,0.001159437764512215
0.014255185428351849,Joy,Shame,0.03885645895564248
0.014255185428351849,Pride,Boredom,0.0006237217989266482
0.014255185428351849,Pride,Fear,0.0007747578967600306
0.014255185428351849,Pride,Happiness,0.002422744229919879
0.014255185428351849,Pride,Joy,0.033395821100394574
0.014255185428351849,Pride,Pride,0.9245148289488243
0.014255185428351849,Pride,Sadness,0.0009493859089527106
0.014255185428351849,Pride,Shame,0.037318740116222
0.014255185428351849,Sadness,Boredom,0.00016967783666796434
0.014255185428351849,Sadness,Fear,0.004828805430267976
0.014255185428351849,Sadness,Happiness,0.0003362010304600639
0.014255185428351849,Sadness,Joy,0.0006372819417885708
0.014255185428351849,Sadness,Pride,0.0007243256694427268
0.014255185428351849,Sadness,Sadness,0.9813694803430609
0.014255185428351849,Sadness,Shame,0.01193422774831207
0.014255185428351849,Shame,Boredom,0.00010158034489092718
0.014255185428351849,Shame,Fear,0.023038415745054275
0.014255185428351849,Shame,Happiness,2.9785295544056422e-05
0.014255185428351849,Shame,Joy,6.0796839608458224e-05
0.014255185428351849,Shame,Pride,0.0001422440442185769
0.014255185428351849,Shame,Sadness,0.00011437532062372144
0.014255185428351849,Shame,Shame,0.9765128024100601
0.014112556060678284,Boredom,Boredom,0.9991386884141202
0.014112556060678284,Boredom,Fear,0.00013307457788980573
0.014112556060678284,Boredom,Happiness,2.5098207616819872e-06
0.014112556060678284,Boredom,Joy,0.0001883873965479447
0.014112556060678284,Boredom,Pride,0.00015001170428880647
0.014112556060678284,Boredom,Sadness,9.482610230605465e-05
0.014112556060678284,Boredom,Shame,0.00029250198408577746
0.014112556060678284,Fear,Boredom,0.0004315235301237039
0.014112556060678284,Fear,Fear,0.980329992745674
0.014112556060678284,Fear,Happiness,0.0005180611513533372
0.014112556060678284,Fear,Joy,0.0006266797001557568
0.014112556060678284,Fear,Pride,0.0007437276593692169
0.014112556060678284,Fear,Sadness,0.005093411029072285
0.014112556060678284,Fear,Shame,0.012256604184251216
0.014112556060678284,Happiness,Boredom,0.695675584462477
0.014112556060678284,Happiness,Fear,0.001139329301715154
0.014112556060678284,Happiness,Happiness,0.2255207849090615
0.014112556060678284,Happiness,Joy,0.003779356554223831
0.014112556060678284,Happiness,Pride,0.03546097373702901
0.014112556060678284,Happiness,Sadness,0.0019311092389426069
0.014112556060678284,Happiness,Shame,0.036492861796551125
0.014112556060678284,Joy,Boredom,0.0004553747639410874
0.014112556060678284,Joy,Fear,0.001330952626266297
0.014112556060678284,Joy,Happiness,0.0012541249283637274
0.014112556060678284,Joy,Joy,0.6370317148172011
0.014112556060678284,Joy,Pride,0.31660190858016246
0.014112556060678284,Joy,Sadness,0.001029223962650735
0.014112556060678284,Joy,Shame,0.042296700321414554
0.014112556060678284,Pride,Boredom,0.0005838117083246078
0.014112556060678284,Pride,Fear,0.0007190415435054659
0.014112556060678284,Pride,Happiness,0.0022870965059157314
0.014112556060678284,Pride,Joy,0.03221579735260507
0.014112556060678284,Pride,Pride,0.9092853361017244
0.014112556060678284,Pride,Sadness,0.0008969101624074419
0.014112556060678284,Pride,Shame,0.054012006625517604
0.014112556060678284,Sadness,Boredom,0.0001747221469372516
0.014112556060678284,Sadness,Fear,0.004830049062620607
0.014112556060678284,Sadness,Happiness,0.00033406003360853117
0.014112556060678284,Sadness,Joy,0.0006398821512398912
0.014112556060678284,Sadness,Pride,0.0007267284998670092
0.014112556060678284,Sadness,Sadness,0.981021389146296
0.014112556060678284,Sadness,Shame,0.01227316895943084
0.014112556060678284,Shame,Boredom,0.00012452167542240764
0.014112556060678284,Shame,Fear,0.025883614913910075
0.014112556060678284,Shame,Happiness,3.378272971557403e-05
0.014112556060678284,Shame,Joy,7.185987775183576e-05
0.014112556060678284,Shame,Pride,0.0001842154202751443
0.014112556060678284,Shame,Sadness,0.00013076585084622217
0.014112556060678284,Shame,Shame,0.9735712395320786
0.012671474057139594,Boredom,Boredom,0.9991425086083139
0.012671474057139594,Boredom,Fear,0.0001327938897545003
0.012671474057139594,Boredom,Happiness,2.366797203722155e-06
0.012671474057139594,Boredom,Joy,0.0001808534135944569
0.012671474057139594,Boredom,Pride,0.00015068815699915343
0.012671474057139594,Boredom,Sadness,9.267431974713869e-05
0.012671474057139594,Boredom,Shame,0.00029811481438707024
0.012671474057139594,Fear,Boredom,0.00045978309824225365
0.012671474057139594,Fear,Fear,0.9804970347742458
0.012671474057139594,Fear,Happiness,0.0005328362414456273
0.012671474057139594,Fear,Joy,0.0006418889301658091
0.012671474057139594,Fear,Pride,0.0007418881350793462
0.012671474057139594,Fear,Sadness,0.005052554494629882
0.012671474057139594,Fear,Shame,0.012074014326191134
0.012671474057139594,Happiness,Boredom,0.7189982396138884
0.012671474057139594,Happiness,Fear,0.001110139182935361
0.012671474057139594,Happiness,Happiness,0.2023951491381459
0.012671474057139594,Happiness,Joy,0.0037885973409995033
0.012671474057139594,Happiness,Pride,0.036015730283469306
0.012671474057139594,Happiness,Sadness,0.0018732544315580954
0.012671474057139594,Happiness,Shame,0.03581889000900326
0.012671474057139594,Joy,Boredom,0.0004902274404147212
0.012671474057139594,Joy,Fear,0.00137627204031512
0.012671474057139594,Joy,Happiness,0.0013871106966912004
0.012671474057139594,Joy,Joy,0.6892861156179141
0.012671474057139594,Joy,Pride,0.2651802476988815
0.012671474057139594,Joy,Sadness,0.0011644848668281957
0.012671474057139594,Joy,Shame,0.041115541638955554
0.012671474057139594,Pride,Boredom,0.0015124617733915928
0.012671474057139594,Pride,Fear,0.00191825160650923
0.012671474057139594,Pride,Happiness,0.005134794826593436
0.012671474057139594,Pride,Joy,0.05643450546638713
0.012671474057139594,Pride,Pride,0.876941517489887
0.012671474057139594,Pride,Sadness,0.002185330953174006
0.012671474057139594,Pride,Shame,0.0558731378840576
0.012671474057139594,Sadness,Boredom,0.00018460688815154724
0.012671474057139594,Sadness,Fear,0.004801493879992451
0.012671474057139594,Sadness,Happiness,0.00031857134790110866
0.012671474057139594,Sadness,Joy,0.0006367258447285293
0.012671474057139594,Sadness,Pride,0.0007404033801206737
0.012671474057139594,Sadness,Sadness,0.9804234407856349
0.012671474057139594,Sadness,Shame,0.012894757873470804
0.012671474057139594,Shame,Boredom,8.182784838678862e-05
0.012671474057139594,Shame,Fear,0.019725319994864668
0.012671474057139594,Shame,Happiness,2.6949028334206792e-05
0.012671474057139594,Shame,Joy,5.310812655490074e-05
0.012671474057139594,Shame,Pride,0.00028784166293171457
0.012671474057139594,Shame,Sadness,0.00010570093382915992
0.012671474057139594,Shame,Shame,0.9797192524050989
0.013607842159891978,Boredom,Boredom,0.9991468516508125
0.013607842159891978,Boredom,Fear,0.00013421764692553268
0.013607842159891978,Boredom,Happiness,2.453013195526365e-06
0.013607842159891978,Boredom,Joy,0.0001850363302755301
0.013607842159891978,Boredom,Pride,0.00014559997108552802
0.013607842159891978,Boredom,Sadness,9.400914904179697e-05
0.013607842159891978,Boredom,Shame,0.00029183223866359394
0.013607842159891978,Fear,Boredom,0.0004391970827726114
0.013607842159891978,Fear,Fear,0.9807622965107992
0.013607842159891978,Fear,Happiness,0.0005217476873965826
0.013607842159891978,Fear,Joy,0.0006069772787228503
0.013607842159891978,Fear,Pride,0.0007519595104791514
0.013607842159891978,Fear,Sadness,0.005052740588780176
0.013607842159891978,Fear,Shame,0.011865081341049247
0.013607842159891978,Happiness,Boredom,0.7068088579879162
0.013607842159891978,Happiness,Fear,0.0011464418130832336
0.013607842159891978,Happiness,Happiness,0.21429132581996416
0.013607842159891978,Happiness,Joy,0.003780967070386952
0.013607842159891978,Happiness,Pride,0.034879072514884646
0.013607842159891978,Happiness,Sadness,0.0019355428487815426
0.013607842159891978,Happiness,Shame,0.037157791944982956
0.013607842159891978,Joy,Boredom,0.0005016959927683956
0.013607842159891978,Joy,Fear,0.0014544499893026103
0.013607842159891978,Joy,Happiness,0.0013628762664678888
0.013607842159891978,Joy,Joy,0.6463248964237936
0.013607842159891978,Joy,Pride,0.31266049178621996
0.013607842159891978,Joy,Sadness,0.001106073636120694
0.013607842159891978,Joy,Shame,0.036589515905326435
0.013607842159891978,Pride,Boredom,0.0001987584168772385
0.013607842159891978,Pride,Fear,0.000267071629408597
0.013607842159891978,Pride,Happiness,0.0008504151642777526
0.013607842159891978,Pride,Joy,0.014516665897738243
0.013607842159891978,Pride,Pride,0.9531612544781561
0.013607842159891978,Pride,Sadness,0.00037597210537784905
0.013607842159891978,Pride,Shame,0.030629862308164498
0.013607842159891978,Sadness,Boredom,0.00017850946017303217
0.013607842159891978,Sadness,Fear,0.004845953693311013
0.013607842159891978,Sadness,Happiness,0.00032971564859210066
0.013607842159891978,Sadness,Joy,0.0006404809577355618
0.013607842159891978,Sadness,Pride,0.0007306262807870677
0.013607842159891978,Sadness,Sadness,0.9807143678129933
0.013607842159891978,Sadness,Shame,0.01256034614640828
0.013607842159891978,Shame,Boredom,0.00011637020244085488
0.013607842159891978,Shame,Fear,0.024683945188193956
0.013607842159891978,Shame,Happiness,3.2825176152963525e-05
0.013607842159891978,Shame,Joy,6.482406309689651e-05
0.013607842159891978,Shame,Pride,0.00013127559077906622
0.013607842159891978,Shame,Sadness,0.00012187363063076938
0.013607842159891978,Shame,Shame,0.9748488861487051
0.014487685830262605,Boredom,Boredom,0.9991331498524083
0.014487685830262605,Boredom,Fear,0.00013335264677085974
0.014487685830262605,Boredom,Happiness,2.463000509002012e-06
0.014487685830262605,Boredom,Joy,0.00018779654811711704
0.014487685830262605,Boredom,Pride,0.00016196352904487087
0.014487685830262605,Boredom,Sadness,9.679236310485948e-05
0.014487685830262605,Boredom,Shame,0.0002844820600451274
0.014487685830262605,Fear,Boredom,0.00042373097998826684
0.014487685830262605,Fear,Fear,0.981051725377842
0.014487685830262605,Fear,Happiness,0.0005211911402962168
0.014487685830262605,Fear,Joy,0.0006397488508435582
0.014487685830262605,Fear,Pride,0.0007403750768492552
0.014487685830262605,Fear,Sadness,0.005090584705205533
0.014487685830262605,Fear,Shame,0.011532643868974835
0.014487685830262605,Happiness,Boredom,0.6981806830470482
0.014487685830262605,Happiness,Fear,0.0011664723912900735
0.014487685830262605,Happiness,Happiness,0.22125840685680973
0.014487685830262605,Happiness,Joy,0.0038006766682930904
0.014487685830262605,Happiness,Pride,0.0386407858583601
0.014487685830262605,Happiness,Sadness,0.0019863330404807874
0.014487685830262605,Happiness,Shame,0.0349666421377184
0.014487685830262605,Joy,Boredom,0.00037981063556049113
0.014487685830262605,Joy,Fear,0.0012067836481715402
0.014487685830262605,Joy,Happiness,0.0010728092342953371
0.014487685830262605,Joy,Joy,0.6273054002027778
0.014487685830262605,Joy,Pride,0.3230448000147298
0.014487685830262605,Joy,Sadness,0.00092361832196494
0.014487685830262605,Joy,Shame,0.04606677794249979
0.014487685830262605,Pride,Boredom,0.0014254613809527362
0.014487685830262605,Pride,Fear,0.0018079019348043713
0.014487685830262605,Pride,Happiness,0.004777801689426514
0.014487685830262605,Pride,Joy,0.05502769111585386
0.014487685830262605,Pride,Pride,0.8539536274547638
0.014487685830262605,Pride,Sadness,0.002046359964742439
0.014487685830262605,Pride,Shame,0.08096115645945619
0.014487685830262605,Sadness,Boredom,0.0001705176419260182
0.014487685830262605,Sadness,Fear,0.004901994803731167
0.014487685830262605,Sadness,Happiness,0.00033652331940719793
0.014487685830262605,Sadness,Joy,0.0006394993309243598
0.014487685830262605,Sadness,Pride,0.0007304378498173499
0.014487685830262605,Sadness,Sadness,0.9808697929155318
0.014487685830262605,Sadness,Shame,0.012351234138662188
0.014487685830262605,Shame,Boredom,0.00012196769446192294
0.014487685830262605,Shame,Fear,0.02565370381151011
0.014487685830262605,Shame,Happiness,3.38289546635615e-05
0.014487685830262605,Shame,Joy,7.31182370443889e-05
0.014487685830262605,Shame,Pride,0.0007024699039465312
0.014487685830262605,Shame,Sadness,0.00015021184546059414
0.014487685830262605,Shame,Shame,0.973264699552913
0.012510103528984285,Boredom,Boredom,0.9991366090842416
0.012510103528984285,Boredom,Fear,0.00013353549033681038
0.012510103528984285,Boredom,Happiness,2.360395214635444e-06
0.012510103528984285,Boredom,Joy,0.0001815080606706202
0.012510103528984285,Boredom,Pride,0.00015535811691272974
0.012510103528984285,Boredom,Sadness,9.149813390032516e-05
0.012510103528984285,Boredom,Shame,0.00029913071872354036
0.012510103528984285,Fear,Boredom,0.00045733798451785135
0.012510103528984285,Fear,Fear,0.9806240077800984
0.012510103528984285,Fear,Happiness,0.0005324279014530407
0.012510103528984285,Fear,Joy,0.0006465327833275357
0.012510103528984285,Fear,Pride,0.0007525240589750988
0.012510103528984285,Fear,Sadness,0.005029422003342755
0.012510103528984285,Fear,Shame,0.01195774748828554
0.012510103528984285,Happiness,Boredom,0.720356521009571
0.012510103528984285,Happiness,Fear,0.0011114559627127191
0.012510103528984285,Happiness,Happiness,0.20103700428792676
0.012510103528984285,Happiness,Joy,0.0038533388591852524
0.012510103528984285,Happiness,Pride,0.03593714889199131
0.012510103528984285,Happiness,Sadness,0.001866248286909125
0.012510103528984285,Happiness,Shame,0.035838282701703784
0.012510103528984285,Joy,Boredom,0.0003308217856386242
0.012510103528984285,Joy,Fear,0.0011398657213090254
0.012510103528984285,Joy,Happiness,0.001050015779132233
0.012510103528984285,Joy,Joy,0.6540211976277813
0.012510103528984285,Joy,Pride,0.29203058138480364
0.012510103528984285,Joy,Sadness,0.0009405273157642161
0.012510103528984285,Joy,Shame,0.050486990385570855
0.012510103528984285,Pride,Boredom,0.004051397465701707
0.012510103528984285,Pride,Fear,0.005323218765422551
0.012510103528984285,Pride,Happiness,0.011621924271103395
0.012510103528984285,Pride,Joy,0.09502430645506829
0.012510103528984285,Pride,Pride,0.7580390883220716
0.012510103528984285,Pride,Sadness,0.005672968705749892
0.012510103528984285,Pride,Shame,0.12026709601488249
0.012510103528984285,Sadness,Boredom,0.00018445032930212293
0.012510103528984285,Sadness,Fear,0.004811061062755817
0.012510103528984285,Sadness,Happiness,0.00031647061652282396
0.012510103528984285,Sadness,Joy,0.0006440582207133835
0.012510103528984285,Sadness,Pride,0.0007715607004286044
0.012510103528984285,Sadness,Sadness,0.9803249341291657
0.012510103528984285,Sadness,Shame,0.012947464941111578
0.012510103528984285,Shame,Boredom,9.336080330271559e-05
0.012510103528984285,Shame,Fear,0.020213449597506112
0.012510103528984285,Shame,Happiness,3.633514729080076e-05
0.012510103528984285,Shame,Joy,7.331069685293645e-05
0.012510103528984285,Shame,Pride,0.002264861251027687
0.012510103528984285,Shame,Sadness,0.00020863679237228362
0.012510103528984285,Shame,Shame,0.9771100457116475
0.013000397077465019,Boredom,Boredom,0.9991451754761509
0.013000397077465019,Boredom,Fear,0.00013218503345581065
0.013000397077465019,Boredom,Happiness,2.39066348692062e-06
0.013000397077465019,Boredom,Joy,0.00018319392508991643
0.013000397077465019,Boredom,Pride,0.00014852027287236378
0.013000397077465019,Boredom,Sadness,9.367905090264821e-05
0.013000397077465019,Boredom,Shame,0.0002948555780417815
0.013000397077465019,Fear,Boredom,0.00044780829343056593
0.013000397077465019,Fear,Fear,0.980542843177214
0.013000397077465019,Fear,Happiness,0.0005332440464917054
0.013000397077465019,Fear,Joy,0.0006431933080927407
0.013000397077465019,Fear,Pride,0.0007519458141601881
0.013000397077465019,Fear,Sadness,0.005083522852857913
0.013000397077465019,Fear,Shame,0.011997442507753133
0.013000397077465019,Happiness,Boredom,0.7104437472055826
0.013000397077465019,Happiness,Fear,0.0010878684277632682
0.013000397077465019,Happiness,Happiness,0.21234903770857053
0.013000397077465019,Happiness,Joy,0.0037290461230923377
0.013000397077465019,Happiness,Pride,0.03617496425805319
0.013000397077465019,Happiness,Sadness,0.0018480539120234033
0.013000397077465019,Happiness,Shame,0.03436728236491484
0.013000397077465019,Joy,Boredom,0.0006068600617942456
0.013000397077465019,Joy,Fear,0.001547121601286396
0.013000397077465019,Joy,Happiness,0.001623749877903597
0.013000397077465019,Joy,Joy,0.712194601031604
0.013000397077465019,Joy,Pride,0.24264672097386702
0.013000397077465019,Joy,Sadness,0.0013114612029159315
0.013000397077465019,Joy,Shame,0.04006948525062859
0.013000397077465019,Pride,Boredom,0.0008360623227535574
0.013000397077465019,Pride,Fear,0.0010402693751026813
0.013000397077465019,Pride,Happiness,0.0031253451183780962
0.013000397077465019,Pride,Joy,0.04005466137204633
0.013000397077465019,Pride,Pride,0.9180124068060912
0.013000397077465019,Pride,Sadness,0.0012568452358029767
0.013000397077465019,Pride,Shame,0.035674409769824736
0.013000397077465019,Sadness,Boredom,0.00018330882802965878
0.013000397077465019,Sadness,Fear,0.004877738476516065
0.013000397077465019,Sadness,Happiness,0.0003252522584400486
0.013000397077465019,Sadness,Joy,0.0006385394841489949
0.013000397077465019,Sadness,Pride,0.0007391077335568249
0.013000397077465019,Sadness,Sadness,0.9798994820638662
0.013000397077465019,Sadness,Shame,0.013336571155442218
0.013000397077465019,Shame,Boredom,9.21735436107944e-05
0.013000397077465019,Shame,Fear,0.021350889235093654
0.013000397077465019,Shame,Happiness,2.908854026909207e-05
0.013000397077465019,Shame,Joy,5.8384974254988155e-05
0.013000397077465019,Shame,Pride,0.00019966835113606975
0.013000397077465019,Shame,Sadness,0.00011011516042896375
0.013000397077465019,Shame,Shame,0.9781596801952062
0.01438535907027005,Boredom,Boredom,0.9991524858136509
0.01438535907027005,Boredom,Fear,0.0001350409450250714
0.01438535907027005,Boredom,Happiness,2.4704662495680954e-06
0.01438535907027005,Boredom,Joy,0.00018788083074560476
0.01438535907027005,Boredom,Pride,0.000146545187029808
0.01438535907027005,Boredom,Sadness,9.617814867193572e-05
0.01438535907027005,Boredom,Shame,0.00027939860862705255
0.01438535907027005,Fear,Boredom,0.00043008885461451947
0.01438535907027005,Fear,Fear,0.9804695113209076
0.01438535907027005,Fear,Happiness,0.0005189127803843283
0.01438535907027005,Fear,Joy,0.0005672327052815934
0.01438535907027005,Fear,Pride,0.0007540769229200057
0.01438535907027005,Fear,Sadness,0.005057966982880276
0.01438535907027005,Fear,Shame,0.012202210433012124
0.01438535907027005,Happiness,Boredom,0.703248901254785
0.01438535907027005,Happiness,Fear,0.0011986228077912476
0.01438535907027005,Happiness,Happiness,0.21926852177396858
0.01438535907027005,Happiness,Joy,0.003856224042002477
0.01438535907027005,Happiness,Pride,0.03330748680287412
0.01438535907027005,Happiness,Sadness,0.0020208642326225413
0.01438535907027005,Happiness,Shame,0.03709937908595606
0.01438535907027005,Joy,Boredom,0.00035092404665492945
0.01438535907027005,Joy,Fear,0.001168585911275435
0.01438535907027005,Joy,Happiness,0.0010017704987025197
0.01438535907027005,Joy,Joy,0.538972511156717
0.01438535907027005,Joy,Pride,0.4219671938505939
0.01438535907027005,Joy,Sadness,0.0008688467270781354
0.01438535907027005,Joy,Shame,0.035670167808978484
0.01438535907027005,Pride,Boredom,0.00011209666227800169
0.01438535907027005,Pride,Fear,0.00018060949694278158
0.01438535907027005,Pride,Happiness,0.0003836143237304367
0.01438535907027005,Pride,Joy,0.007307530050090471
0.01438535907027005,Pride,Pride,0.9555471101469418
0.01438535907027005,Pride,Sadness,0.00024810462560098787
0.01438535907027005,Pride,Shame,0.03622093469441575
0.01438535907027005,Sadness,Boredom,0.00017171531070207712
0.01438535907027005,Sadness,Fear,0.004881908723107155
0.01438535907027005,Sadness,Happiness,0.0003341787691309324
0.01438535907027005,Sadness,Joy,0.0006356802688819592
0.01438535907027005,Sadness,Pride,0.0007225937133928215
0.01438535907027005,Sadness,Sadness,0.9807843329326205
0.01438535907027005,Sadness,Shame,0.012469590282164471
0.01438535907027005,Shame,Boredom,0.00012452255782025717
0.01438535907027005,Shame,Fear,0.02599620582463223
0.01438535907027005,Shame,Happiness,3.383762926103347e-05
0.01438535907027005,Shame,Joy,6.067805904460094e-05
0.01438535907027005,Shame,Pride,0.00013270442476037093
0.01438535907027005,Shame,Sadness,0.0001270193098981678
0.01438535907027005,Shame,Shame,0.9735250321945834
0.014769925984471055,Boredom,Boredom,0.9991500209145577
0.014769925984471055,Boredom,Fear,0.00013369662556808056
0.014769925984471055,Boredom,Happiness,2.4644297004971124e-06
0.014769925984471055,Boredom,Joy,0.0001882455707913586
0.014769925984471055,Boredom,Pride,0.0001524207181900589
0.014769925984471055,Boredom,Sadness,9.77119281801785e-05
0.014769925984471055,Boredom,Shame,0.0002754398130124384
0.014769925984471055,Fear,Boredom,0.0004094338119593611
0.014769925984471055,Fear,Fear,0.9817786507616381
0.014769925984471055,Fear,Happiness,0.0005110354108806548
0.014769925984471055,Fear,Joy,0.0005917708262686701
0.014769925984471055,Fear,Pride,0.0007362137059332846
0.014769925984471055,Fear,Sadness,0.004785598401046372
0.014769925984471055,Fear,Shame,0.011187297082273975
0.014769925984471055,Happiness,Boredom,0.0040484859720102935
0.014769925984471055,Happiness,Fear,0.0003822277599253566
0.014769925984471055,Happiness,Happiness,0.9323820930239084
0.014769925984471055,Happiness,Joy,0.0006894257439960822
0.014769925984471055,Happiness,Pride,0.029075087819306903
0.014769925984471055,Happiness,Sadness,0.0007594111362146273
0.014769925984471055,Happiness,Shame,0.032663268544638475
0.014769925984471055,Joy,Boredom,0.0003592534082519065
0.014769925984471055,Joy,Fear,0.0012987054201197058
0.014769925984471055,Joy,Happiness,0.0009669472909374678
0.014769925984471055,Joy,Joy,0.6004991853310337
0.014769925984471055,Joy,Pride,0.3627002003323749
0.014769925984471055,Joy,Sadness,0.0008544881415352358
0.014769925984471055,Joy,Shame,0.03332122007574742
0.014769925984471055,Pride,Boredom,0.00024503068860574337
0.014769925984471055,Pride,Fear,0.0005586297791615768
0.014769925984471055,Pride,Happiness,0.0010239567698010056
0.014769925984471055,Pride,Joy,0.018785743013780148
0.014769925984471055,Pride,Pride,0.9311960136317997
0.014769925984471055,Pride,Sadness,0.000707250110293526
0.014769925984471055,Pride,Shame,0.04748337600655852
0.014769925984471055,Sadness,Boredom,0.00017088504746274133
0.014769925984471055,Sadness,Fear,0.005113014218751862
0.014769925984471055,Sadness,Happiness,0.000336028010094493
0.014769925984471055,Sadness,Joy,0.0006579644670651066
0.014769925984471055,Sadness,Pride,0.0007294960258047604
0.014769925984471055,Sadness,Sadness,0.9799870017701745
0.014769925984471055,Sadness,Shame,0.013005610460646355
0.014769925984471055,Shame,Boredom,0.0004908831198554367
0.014769925984471055,Shame,Fear,0.38301074713279665
0.014769925984471055,Shame,Happiness,0.0003598366229727527
0.014769925984471055,Shame,Joy,0.0005776631297161469
0.014769925984471055,Shame,Pride,0.0009015608304036497
0.014769925984471055,Shame,Sadness,0.002043352463201648
0.014769925984471055,Shame,Shame,0.6126159567010533
0.015228700449733876,Boredom,Boredom,0.9991445434058449
0.015228700449733876,Boredom,Fear,0.00013441178633501663
0.015228700449733876,Boredom,Happiness,2.5127138175094295e-06
0.015228700449733876,Boredom,Joy,0.00018726313490529403
0.015228700449733876,Boredom,Pride,0.00015283482710765151
0.015228700449733876,Boredom,Sadness,9.93623196113944e-05
0.015228700449733876,Boredom,Shame,0.00027907181237803874
0.015228700449733876,Fear,Boredom,0.00039979891094482926
0.015228700449733876,Fear,Fear,0.9818887342888545
0.015228700449733876,Fear,Happiness,0.0005114280536409815
0.015228700449733876,Fear,Joy,0.0005565750403053894
0.015228700449733876,Fear,Pride,0.0007272881283781145
0.015228700449733876,Fear,Sadness,0.004847936065677623
0.015228700449733876,Fear,Shame,0.011068239512198617
0.015228700449733876,Happiness,Boredom,0.004234500135697081
0.015228700449733876,Happiness,Fear,0.0003546613343584145
0.015228700449733876,Happiness,Happiness,0.9289696125465853
0.015228700449733876,Happiness,Joy,0.0006555556350023795
0.015228700449733876,Happiness,Pride,0.03109505909743887
0.015228700449733876,Happiness,Sadness,0.0007017192037439193
0.015228700449733876,Happiness,Shame,0.033988892047174334
0.015228700449733876,Joy,Boredom,0.00030309549712140315
0.015228700449733876,Joy,Fear,0.0011009389031987097
0.015228700449733876,Joy,Happiness,0.0008404534410791454
0.015228700449733876,Joy,Joy,0.53453067599303
0.015228700449733876,Joy,Pride,0.4295817546168338
0.015228700449733876,Joy,Sadness,0.0007692982479240771
0.015228700449733876,Joy,Shame,0.03287378330081254
0.015228700449733876,Pride,Boredom,0.00010556579103130313
0.015228700449733876,Pride,Fear,0.0004478596440636823
0.015228700449733876,Pride,Happiness,0.00014983275391863198
0.015228700449733876,Pride,Joy,0.007953338902671213
0.015228700449733876,Pride,Pride,0.9477173736075661
0.015228700449733876,Pride,Sadness,0.0004987453574251385
0.015228700449733876,Pride,Shame,0.04312728394332394
0.015228700449733876,Sadness,Boredom,0.0001673400075900001
0.015228700449733876,Sadness,Fear,0.005128069376934624
0.015228700449733876,Sadness,Happiness,0.00033955056080230015
0.015228700449733876,Sadness,Joy,0.0006567379746407114
0.015228700449733876,Sadness,Pride,0.0007243307761239863
0.015228700449733876,Sadness,Sadness,0.9805363826802285
0.015228700449733876,Sadness,Shame,0.012447588623680027
0.015228700449733876,Shame,Boredom,0.00048007234265147914
0.015228700449733876,Shame,Fear,0.38788414285078016
0.015228700449733876,Shame,Happiness,0.000364535501152181
0.015228700449733876,Shame,Joy,0.0005133723664120013
0.015228700449733876,Shame,Pride,0.0008911581001501681
0.015228700449733876,Shame,Sadness,0.002089778366789041
0.015228700449733876,Shame,Shame,0.6077769404720647
0.014858126319694622,Boredom,Boredom,0.9991425243863589
0.014858126319694622,Boredom,Fear,0.00013364854820726796
0.014858126319694622,Boredom,Happiness,2.5033381599438533e-06
0.014858126319694622,Boredom,Joy,0.00018779159327653028
0.014858126319694622,Boredom,Pride,0.00015430126459626368
0.014858126319694622,Boredom,Sadness,9.799672241526728e-05
0.014858126319694622,Boredom,Shame,0.0002812341469859487
0.014858126319694622,Fear,Boredom,0.00040733782810070944
0.014858126319694622,Fear,Fear,0.9818536846734067
0.014858126319694622,Fear,Happiness,0.0005063231863504279
0.014858126319694622,Fear,Joy,0.000569829961776856
0.014858126319694622,Fear,Pride,0.0007363001659032883
0.014858126319694622,Fear,Sadness,0.004789805860157609
0.014858126319694622,Fear,Shame,0.011136718324304112
0.014858126319694622,Happiness,Boredom,0.003907005866015211
0.014858126319694622,Happiness,Fear,0.00036836884904469956
0.014858126319694622,Happiness,Happiness,0.9340433208904758
0.014858126319694622,Happiness,Joy,0.0006646656267299606
0.014858126319694622,Happiness,Pride,0.029099382307493794
0.014858126319694622,Happiness,Sadness,0.0007108269416163429
0.014858126319694622,Happiness,Shame,0.031206429518623974
0.014858126319694622,Joy,Boredom,0.0003212845957487227
0.014858126319694622,Joy,Fear,0.0011030744726452711
0.014858126319694622,Joy,Happiness,0.0009040045670480382
0.014858126319694622,Joy,Joy,0.5610673815748879
0.014858126319694622,Joy,Pride,0.4027383363024213
0.014858126319694622,Joy,Sadness,0.00081227393243167
0.014858126319694622,Joy,Shame,0.03305364455481675
0.014858126319694622,Pride,Boredom,0.0001409992567661686
0.014858126319694622,Pride,Fear,0.00042024625736801903
0.014858126319694622,Pride,Happiness,0.0005542607850768055
0.014858126319694622,Pride,Joy,0.01112421498446146
0.014858126319694622,Pride,Pride,0.9442595727464251
0.014858126319694622,Pride,Sadness,0.0005326280979063956
0.014858126319694622,Pride,Shame,0.04296807787199591
0.014858126319694622,Sadness,Boredom,0.00017040809395755887
0.014858126319694622,Sadness,Fear,0.005133294209528511
0.014858126319694622,Sadness,Happiness,0.00033733896796449546
0.014858126319694622,Sadness,Joy,0.0006540117789238572
0.014858126319694622,Sadness,Pride,0.0007325519147482625
0.014858126319694622,Sadness,Sadness,0.9801409104241803
0.014858126319694622,Sadness,Shame,0.012831484610697413
0.014858126319694622,Shame,Boredom,0.0004947408441778163
0.014858126319694622,Shame,Fear,0.3905863322560028
0.014858126319694622,Shame,Happiness,0.00036284786538040136
0.014858126319694622,Shame,Joy,0.0005464297076367769
0.014858126319694622,Shame,Pride,0.0009168062066302646
0.014858126319694622,Shame,Sadness,0.0020820670671263183
0.014858126319694622,Shame,Shame,0.6050107760530452
0.0132717391354535,Boredom,Boredom,0.9991426675225991
0.0132717391354535,Boredom,Fear,0.00013373237778080527
0.0132717391354535,Boredom,Happiness,2.396869790308378e-06
0.0132717391354535,Boredom,Joy,0.00018328055581098664
0.0132717391354535,Boredom,Pride,0.0001498622698880164
0.0132717391354535,Boredom,Sadness,9.235338822072248e-05
0.0132717391354535,Boredom,Shame,0.0002957070159101132
0.0132717391354535,Fear,Boredom,0.0004342803282853815
0.0132717391354535,Fear,Fear,0.9817854641001493
0.0132717391354535,Fear,Happiness,0.0005120360163250838
0.0132717391354535,Fear,Joy,0.0006217647001998569
0.0132717391354535,Fear,Pride,0.0007283780826178944
0.0132717391354535,Fear,Sadness,0.0046519662283208765
0.0132717391354535,Fear,Shame,0.01126611054410141
0.0132717391354535,Happiness,Boredom,0.003983636701387527
0.0132717391354535,Happiness,Fear,0.00039611883578953696
0.0132717391354535,Happiness,Happiness,0.9369996678057949
0.0132717391354535,Happiness,Joy,0.0007234672002481185
0.0132717391354535,Happiness,Pride,0.025507268746690327
0.0132717391354535,Happiness,Sadness,0.0007581114942808331
0.0132717391354535,Happiness,Shame,0.03163172921580858
0.0132717391354535,Joy,Boredom,0.00038774587944990374
0.0132717391354535,Joy,Fear,0.00122569301327227
0.0132717391354535,Joy,Happiness,0.001107551256113203
0.0132717391354535,Joy,Joy,0.6737507615230166
0.0132717391354535,Joy,Pride,0.2822660685591402
0.0132717391354535,Joy,Sadness,0.0009737074776205775
0.0132717391354535,Joy,Shame,0.0402884722913871
0.0132717391354535,Pride,Boredom,0.0008437133746211957
0.0132717391354535,Pride,Fear,0.0013812098674423894
0.0132717391354535,Pride,Happiness,0.003130872096342811
0.0132717391354535,Pride,Joy,0.04320461295802811
0.0132717391354535,Pride,Pride,0.8773632708389487
0.0132717391354535,Pride,Sadness,0.0016526915428171347
0.0132717391354535,Pride,Shame,0.07242362932179988
0.0132717391354535,Sadness,Boredom,0.00018637260545024183
0.0132717391354535,Sadness,Fear,0.00518672564864765
0.0132717391354535,Sadness,Happiness,0.0003315679894872524
0.0132717391354535,Sadness,Joy,0.0006549116649684989
0.0132717391354535,Sadness,Pride,0.0007427989201547253
0.0132717391354535,Sadness,Sadness,0.9786928194592265
0.0132717391354535,Sadness,Shame,0.014204803712065278
0.0132717391354535,Shame,Boredom,0.0004996019720537709
0.0132717391354535,Shame,Fear,0.3576770935556862
0.0132717391354535,Shame,Happiness,0.0003442849213664851
0.0132717391354535,Shame,Joy,0.0006264198003233147
0.0132717391354535,Shame,Pride,0.0009557300874754796
0.0132717391354535,Shame,Sadness,0.0018736751544839762
0.0132717391354535,Shame,Shame,0.6380231945086107
0.012957723846218405,Boredom,Boredom,0.9991429429315276
0.012957723846218405,Boredom,Fear,0.00013459877702774316
0.012957723846218405,Boredom,Happiness,2.4429977072554185e-06
0.012957723846218405,Boredom,Joy,0.00018371202441756068
0.012957723846218405,Boredom,Pride,0.0001483984740765877
0.012957723846218405,Boredom,Sadness,9.430083508359277e-05
0.012957723846218405,Boredom,Shame,0.0002936039601598076
0.012957723846218405,Fear,Boredom,0.0004365405328849983
0.012957723846218405,Fear,Fear,0.9818778883822336
0.012957723846218405,Fear,Happiness,0.0005172680129213202
0.012957723846218405,Fear,Joy,0.0006285859577504917
0.012957723846218405,Fear,Pride,0.0007427156852406912
0.012957723846218405,Fear,Sadness,0.004724402517661841
0.012957723846218405,Fear,Shame,0.011072598911307215
0.012957723846218405,Happiness,Boredom,0.0037408648110781074
0.012957723846218405,Happiness,Fear,0.0004029236692968453
0.012957723846218405,Happiness,Happiness,0.9422409173575366
0.012957723846218405,Happiness,Joy,0.0007248601122841421
0.012957723846218405,Happiness,Pride,0.022834117671615698
0.012957723846218405,Happiness,Sadness,0.0007665172300742574
0.012957723846218405,Happiness,Shame,0.029289799148114845
0.012957723846218405,Joy,Boredom,0.00043273267358480877
0.012957723846218405,Joy,Fear,0.0013260885014677267
0.012957723846218405,Joy,Happiness,0.0011994400598509657
0.012957723846218405,Joy,Joy,0.6764778234245469
0.012957723846218405,Joy,Pride,0.28376775082439565
0.012957723846218405,Joy,Sadness,0.001045819124439461
0.012957723846218405,Joy,Shame,0.035750345391714566
0.012957723846218405,Pride,Boredom,0.0011900971520314653
0.012957723846218405,Pride,Fear,0.0018887869277054966
0.012957723846218405,Pride,Happiness,0.004191297796625857
0.012957723846218405,Pride,Joy,0.05216725329381932
0.012957723846218405,Pride,Pride,0.888798145381053
0.012957723846218405,Pride,Sadness,0.0021841445977355354
0.012957723846218405,Pride,Shame,0.04958027485102934
0.012957723846218405,Sadness,Boredom,0.0001868971741130868
0.012957723846218405,Sadness,Fear,0.0052257035942083205
0.012957723846218405,Sadness,Happiness,0.0003295956042552964
0.012957723846218405,Sadness,Joy,0.0006543690843524916
0.012957723846218405,Sadness,Pride,0.0007491481698526218
0.012957723846218405,Sadness,Sadness,0.9786908845918638
0.012957723846218405,Sadness,Shame,0.014163401781354543
0.012957723846218405,Shame,Boredom,0.0005035366124140864
0.012957723846218405,Shame,Fear,0.35846043377586057
0.012957723846218405,Shame,Happiness,0.00034892338403882245
0.012957723846218405,Shame,Joy,0.000634739973472935
0.012957723846218405,Shame,Pride,0.000901283149965187
0.012957723846218405,Shame,Sadness,0.0019065213037034773
0.012957723846218405,Shame,Shame,0.6372445618005446
0.014050285147663212,Boredom,Boredom,0.9991403996533768
0.014050285147663212,Boredom,Fear,0.0001344330677347332
0.014050285147663212,Boredom,Happiness,2.494275714609763e-06
0.014050285147663212,Boredom,Joy,0.00018764767311953221
0.014050285147663212,Boredom,Pride,0.0001494152779197833
0.014050285147663212,Boredom,Sadness,9.469868186002499e-05
0.014050285147663212,Boredom,Shame,0.0002909113702747317
0.014050285147663212,Fear,Boredom,0.00041854486578712756
0.014050285147663212,Fear,Fear,0.981727687158972
0.014050285147663212,Fear,Happiness,0.0005045723016829885
0.014050285147663212,Fear,Joy,0.0006093846803366722
0.014050285147663212,Fear,Pride,0.000737685341522669
0.014050285147663212,Fear,Sadness,0.0047686025204146274
0.014050285147663212,Fear,Shame,0.011233523131284158
0.014050285147663212,Happiness,Boredom,0.003951451482324141
0.014050285147663212,Happiness,Fear,0.00041700273891879413
0.014050285147663212,Happiness,Happiness,0.9368696541426326
0.014050285147663212,Happiness,Joy,0.000753733370137282
0.014050285147663212,Happiness,Pride,0.025734541083860314
0.014050285147663212,Happiness,Sadness,0.0007853740869449989
0.014050285147663212,Happiness,Shame,0.03148824309518176
0.014050285147663212,Joy,Boredom,0.0004539231551772331
0.014050285147663212,Joy,Fear,0.0013421280329688169
0.014050285147663212,Joy,Happiness,0.0012267392882411448
0.014050285147663212,Joy,Joy,0.6598590694180504
0.014050285147663212,Joy,Pride,0.29960705145715405
0.014050285147663212,Joy,Sadness,0.0010346112583018681
0.014050285147663212,Joy,Shame,0.03647647739010648
0.014050285147663212,Pride,Boredom,0.0003805897405690305
0.014050285147663212,Pride,Fear,0.0007305063236045486
0.014050285147663212,Pride,Happiness,0.0015821386334316093
0.014050285147663212,Pride,Joy,0.025961883159526158
0.014050285147663212,Pride,Pride,0.9261495517583046
0.014050285147663212,Pride,Sadness,0.0009258964255923016
0.014050285147663212,Pride,Shame,0.044269433958971975
0.014050285147663212,Sadness,Boredom,0.00017755174326652287
0.014050285147663212,Sadness,Fear,0.005157680511393735
0.014050285147663212,Sadness,Happiness,0.0003388321652799885
0.014050285147663212,Sadness,Joy,0.00065436484222308
0.014050285147663212,Sadness,Pride,0.0007382907829645962
0.014050285147663212,Sadness,Sadness,0.9799460107607797
0.014050285147663212,Sadness,Shame,0.012987269194092939
0.014050285147663212,Shame,Boredom,0.0004930619361589846
0.014050285147663212,Shame,Fear,0.37240019203374036
0.014050285147663212,Shame,Happiness,0.0003491634679266892
0.014050285147663212,Shame,Joy,0.0006058340501380992
0.014050285147663212,Shame,Pride,0.0009163613642863905
0.014050285147663212,Shame,Sadness,0.0019912665347090763
0.014050285147663212,Shame,Shame,0.6232441206130402
0.014644576004943264,Boredom,Boredom,0.9991450158956112
0.014644576004943264,Boredom,Fear,0.00013479210370710443
0.014644576004943264,Boredom,Happiness,2.502139602083554e-06
0.014644576004943264,Boredom,Joy,0.000188546509940865
0.014644576004943264,Boredom,Pride,0.00015346877010715272
0.014644576004943264,Boredom,Sadness,9.654755567291046e-05
0.014644576004943264,Boredom,Shame,0.0002791270253585651
0.014644576004943264,Fear,Boredom,0.00041155742828652414
0.014644576004943264,Fear,Fear,0.9819560935196949
0.014644576004943264,Fear,Happiness,0.0005091406452726791
0.014644576004943264,Fear,Joy,0.0005869215308443533
0.014644576004943264,Fear,Pride,0.0007323827469201068
0.014644576004943264,Fear,Sadness,0.004787776451076832
0.014644576004943264,Fear,Shame,0.011016127677904435
0.014644576004943264,Happiness,Boredom,0.003975480433252788
0.014644576004943264,Happiness,Fear,0.0003918085216857444
0.014644576004943264,Happiness,Happiness,0.9338782438587255
0.014644576004943264,Happiness,Joy,0.0007029709840030216
0.014644576004943264,Happiness,Pride,0.027968131381453945
0.014644576004943264,Happiness,Sadness,0.00076946511009988
0.014644576004943264,Happiness,Shame,0.03231389971077926
0.014644576004943264,Joy,Boredom,0.00039916697908274056
0.014644576004943264,Joy,Fear,0.0013503319012242024
0.014644576004943264,Joy,Happiness,0.0010668373090218003
0.014644576004943264,Joy,Joy,0.6124169158189238
0.014644576004943264,Joy,Pride,0.35260396743122596
0.014644576004943264,Joy,Sadness,0.0009188829008640007
0.014644576004943264,Joy,Shame,0.0312438976596573
0.014644576004943264,Pride,Boredom,0.00018338464682412706
0.014644576004943264,Pride,Fear,0.00048155991342808724
0.014644576004943264,Pride,Happiness,0.0007587019924547103
0.014644576004943264,Pride,Joy,0.014477003845415448
0.014644576004943264,Pride,Pride,0.9483453042329796
0.014644576004943264,Pride,Sadness,0.0006112968054970762
0.014644576004943264,Pride,Shame,0.03514274856340106
0.014644576004943264,Sadness,Boredom,0.0001733755509390157
0.014644576004943264,Sadness,Fear,0.00517395620679431
0.014644576004943264,Sadness,Happiness,0.0003371994806115089
0.014644576004943264,Sadness,Joy,0.0006535497099550174
0.014644576004943264,Sadness,Pride,0.0007322828108855358
0.014644576004943264,Sadness,Sadness,0.9798831415902789
0.014644576004943264,Sadness,Shame,0.01304649465053553
0.014644576004943264,Shame,Boredom,0.0004915687768136132
0.014644576004943264,Shame,Fear,0.3818795202306586
0.014644576004943264,Shame,Happiness,0.0003564746189904923
0.014644576004943264,Shame,Joy,0.0005669644044266635
0.014644576004943264,Shame,Pride,0.0008960244717023919
0.014644576004943264,Shame,Sadness,0.0020379737288627646
0.014644576004943264,Shame,Shame,0.6137714737685456
0.01438104050942975,Boredom,Boredom,0.9991535983801118
0.01438104050942975,Boredom,Fear,0.0001349116197269191
0.01438104050942975,Boredom,Happiness,2.484490887120483e-06
0.01438104050942975,Boredom,Joy,0.00018729339612601973
0.01438104050942975,Boredom,Pride,0.0001476144942476942
0.01438104050942975,Boredom,Sadness,9.573085032020035e-05
0.01438104050942975,Boredom,Shame,0.0002783667685800858
0.01438104050942975,Fear,Boredom,0.0004153518861229043
0.01438104050942975,Fear,Fear,0.981501216050287
0.01438104050942975,Fear,Happiness,0.0005047253230032477
0.01438104050942975,Fear,Joy,0.0005753042105046803
0.01438104050942975,Fear,Pride,0.0007407587993477339
0.01438104050942975,Fear,Sadness,0.0047517407499076385
0.01438104050942975,Fear,Shame,0.011510902980826647
0.01438104050942975,Happiness,Boredom,0.004193853116695379
0.01438104050942975,Happiness,Fear,0.0003916307155020818
0.01438104050942975,Happiness,Happiness,0.9310514179177981
0.01438104050942975,Happiness,Joy,0.0007177272477963672
0.01438104050942975,Happiness,Pride,0.029479009335975893
0.01438104050942975,Happiness,Sadness,0.0007644490325766353
0.01438104050942975,Happiness,Shame,0.033401912633655426
0.01438104050942975,Joy,Boredom,0.000375080182800105
0.01438104050942975,Joy,Fear,0.0013686985662789202
0.01438104050942975,Joy,Happiness,0.0010253096408681605
0.01438104050942975,Joy,Joy,0.5901815541255613
0.01438104050942975,Joy,Pride,0.3745578827809241
0.01438104050942975,Joy,Sadness,0.0008839980171599364
0.01438104050942975,Joy,Shame,0.03160747668640773
0.01438104050942975,Pride,Boredom,0.00014324675218746382
0.01438104050942975,Pride,Fear,0.00043487118810228785
0.01438104050942975,Pride,Happiness,0.0005811367595694462
0.01438104050942975,Pride,Joy,0.011477353329409204
0.01438104050942975,Pride,Pride,0.9499049819055367
0.01438104050942975,Pride,Sadness,0.0005549224655222966
0.01438104050942975,Pride,Shame,0.03690348759967244
0.01438104050942975,Sadness,Boredom,0.0001735635194186851
0.01438104050942975,Sadness,Fear,0.005173724017301383
0.01438104050942975,Sadness,Happiness,0.0003380567316890614
0.01438104050942975,Sadness,Joy,0.0006507828805364653
0.01438104050942975,Sadness,Pride,0.0007345982121107696
0.01438104050942975,Sadness,Sadness,0.9798191886762715
0.01438104050942975,Sadness,Shame,0.01311008596267216
0.01438104050942975,Shame,Boredom,0.0004911273686902853
0.01438104050942975,Shame,Fear,0.3767067085580543
0.01438104050942975,Shame,Happiness,0.0003513241898212944
0.01438104050942975,Shame,Joy,0.0005413970999060903
0.01438104050942975,Shame,Pride,0.000889958769251409
0.01438104050942975,Shame,Sadness,0.0019977930132939574
0.01438104050942975,Shame,Shame,0.6190216910009826
0.015354693678246451,Boredom,Boredom,0.999146891989541
0.015354693678246451,Boredom,Fear,0.00013405945311598265
0.015354693678246451,Boredom,Happiness,2.474111843792791e-06
0.015354693678246451,Boredom,Joy,0.0001854706317670733
0.015354693678246451,Boredom,Pride,0.0001529950789282621
0.015354693678246451,Boredom,Sadness,9.645091867028049e-05
0.015354693678246451,Boredom,Shame,0.00028165781613367295
0.015354693678246451,Fear,Boredom,0.0003985535959684089
0.015354693678246451,Fear,Fear,0.9818906602297829
0.015354693678246451,Fear,Happiness,0.0005116673912116441
0.015354693678246451,Fear,Joy,0.000577238389480316
0.015354693678246451,Fear,Pride,0.0007271751084307143
0.015354693678246451,Fear,Sadness,0.004898271023941262
0.015354693678246451,Fear,Shame,0.010996434261184686
0.015354693678246451,Happiness,Boredom,0.0042917326106053175
0.015354693678246451,Happiness,Fear,0.00036180000007898127
0.015354693678246451,Happiness,Happiness,0.928144776539091
0.015354693678246451,Happiness,Joy,0.0006738834246486327
0.015354693678246451,Happiness,Pride,0.03165386159705433
0.015354693678246451,Happiness,Sadness,0.0007201573067101785
0.015354693678246451,Happiness,Shame,0.034153788521811626
0.015354693678246451,Joy,Boredom,0.00034858768391928804
0.015354693678246451,Joy,Fear,0.0011338073236930018
0.015354693678246451,Joy,Happiness,0.000934265496147627
0.015354693678246451,Joy,Joy,0.5746870962736522
0.015354693678246451,Joy,Pride,0.3885290460675049
0.015354693678246451,Joy,Sadness,0.0008417938528994514
0.015354693678246451,Joy,Shame,0.033525403302183794
0.015354693678246451,Pride,Boredom,0.00017221638603380696
0.015354693678246451,Pride,Fear,0.00046823367297682653
0.015354693678246451,Pride,Happiness,0.0006886152923787595
0.015354693678246451,Pride,Joy,0.01355920194517119
0.015354693678246451,Pride,Pride,0.942737126862554
0.015354693678246451,Pride,Sadness,0.0005946171260480645
0.015354693678246451,Pride,Shame,0.04177998871483742
0.015354693678246451,Sadness,Boredom,0.000165502126057999
0.015354693678246451,Sadness,Fear,0.005096554942969954
0.015354693678246451,Sadness,Happiness,0.00034020021077670526
0.015354693678246451,Sadness,Joy,0.000654774969231732
0.015354693678246451,Sadness,Pride,0.0007265530612756804
0.015354693678246451,Sadness,Sadness,0.9807841353373599
0.015354693678246451,Sadness,Shame,0.012232279352327983
0.015354693678246451,Shame,Boredom,0.0004807833822101688
0.015354693678246451,Shame,Fear,0.3890332652404955
0.015354693678246451,Shame,Happiness,0.00036472628574289257
0.015354693678246451,Shame,Joy,0.0005493497820501952
0.015354693678246451,Shame,Pride,0.0008880581437815294
0.015354693678246451,Shame,Sadness,0.0021137948052967347
0.015354693678246451,Shame,Shame,0.6065700223604232
0.014561879805527471,Boredom,Boredom,0.9991502395795674
0.014561879805527471,Boredom,Fear,0.00013461584862452762
0.014561879805527471,Boredom,Happiness,2.452265842672958e-06
0.014561879805527471,Boredom,Joy,0.0001874085644274191
0.014561879805527471,Boredom,Pride,0.0001499285696631968
0.014561879805527471,Boredom,Sadness,9.64890247800082e-05
0.014561879805527471,Boredom,Shame,0.00027886614709455904
0.014561879805527471,Fear,Boredom,0.00041308876319876177
0.014561879805527471,Fear,Fear,0.9816209464546476
0.014561879805527471,Fear,Happiness,0.0005082303919754943
0.014561879805527471,Fear,Joy,0.0005873520547555297
0.014561879805527471,Fear,Pride,0.0007328717462733146
0.014561879805527471,Fear,Sadness,0.004752575446531207
0.014561879805527471,Fear,Shame,0.011384935142617974
0.014561879805527471,Happiness,Boredom,0.004107452194871609
0.014561879805527471,Happiness,Fear,0.00039500388246268376
0.014561879805527471,Happiness,Happiness,0.9322367668979293
0.014561879805527471,Happiness,Joy,0.0007157422082694903
0.014561879805527471,Happiness,Pride,0.029462075855191668
0.014561879805527471,Happiness,Sadness,0.0007754726764648972
0.014561879805527471,Happiness,Shame,0.03230748628481018
0.014561879805527471,Joy,Boredom,0.0003780651309911156
0.014561879805527471,Joy,Fear,0.0013028581961411078
0.014561879805527471,Joy,Happiness,0.0010193112473959331
0.014561879805527471,Joy,Joy,0.6076107564214818
0.014561879805527471,Joy,Pride,0.3550502626950055
0.014561879805527471,Joy,Sadness,0.0008956366876905538
0.014561879805527471,Joy,Shame,0.03374310962129383
0.014561879805527471,Pride,Boredom,0.00018637205055169564
0.014561879805527471,Pride,Fear,0.0004720215043175112
0.014561879805527471,Pride,Happiness,0.0007718598621527323
0.014561879805527471,Pride,Joy,0.0148368592764405
0.014561879805527471,Pride,Pride,0.9382030717375432
0.014561879805527471,Pride,Sadness,0.0006187239477456145
0.014561879805527471,Pride,Shame,0.04491109162124865
0.014561879805527471,Sadness,Boredom,0.00017474889926551973
0.014561879805527471,Sadness,Fear,0.005143323655405718
0.014561879805527471,Sadness,Happiness,0.00033644541983389334
0.014561879805527471,Sadness,Joy,0.0006556790171949155
0.014561879805527471,Sadness,Pride,0.0007303166588200597
0.014561879805527471,Sadness,Sadness,0.9799137819003647
0.014561879805527471,Sadness,Shame,0.013045704449114954
0.014561879805527471,Shame,Boredom,0.0004968268082823565
0.014561879805527471,Shame,Fear,0.3834848482667974
0.014561879805527471,Shame,Happiness,0.0003595220434102988
0.014561879805527471,Shame,Joy,0.0005714864703844026
0.014561879805527471,Shame,Pride,0.0009097883908289841
0.014561879805527471,Shame,Sadness,0.0020322538300606924
0.014561879805527471,Shame,Shame,0.6121452741902358
0.014478752212145372,Boredom,Boredom,0.9991462262408726
0.014478752212145372,Boredom,Fear,0.00013374863775135557
0.014478752212145372,Boredom,Happiness,2.504536918213913e-06
0.014478752212145372,Boredom,Joy,0.00018928275800483076
0.014478752212145372,Boredom,Pride,0.00015247573628491548
0.014478752212145372,Boredom,Sadness,9.729418193109098e-05
0.014478752212145372,Boredom,Shame,0.0002784679082365743
0.014478752212145372,Fear,Boredom,0.0004105390370568488
0.014478752212145372,Fear,Fear,0.981867314764846
0.014478752212145372,Fear,Happiness,0.0005045116972368235
0.014478752212145372,Fear,Joy,0.0005746368624560894
0.014478752212145372,Fear,Pride,0.0007387313806174889
0.014478752212145372,Fear,Sadness,0.004754965115234812
0.014478752212145372,Fear,Shame,0.011149301142551925
0.014478752212145372,Happiness,Boredom,0.0040876143803188075
0.014478752212145372,Happiness,Fear,0.00037817745477848445
0.014478752212145372,Happiness,Happiness,0.9323448338018994
0.014478752212145372,Happiness,Joy,0.000683389509227869
0.014478752212145372,Happiness,Pride,0.02990186095844827
0.014478752212145372,Happiness,Sadness,0.0007476279700701334
0.014478752212145372,Happiness,Shame,0.03185649592525683
0.014478752212145372,Joy,Boredom,0.0003412623168673278
0.014478752212145372,Joy,Fear,0.0011340383808334635
0.014478752212145372,Joy,Happiness,0.0009481272841139574
0.014478752212145372,Joy,Joy,0.5794518749634507
0.014478752212145372,Joy,Pride,0.3852016919716514
0.014478752212145372,Joy,Sadness,0.0008504528119663697
0.014478752212145372,Joy,Shame,0.03207255227111688
0.014478752212145372,Pride,Boredom,0.00014216853761358632
0.014478752212145372,Pride,Fear,0.0004284416670242013
0.014478752212145372,Pride,Happiness,0.0005614560175513727
0.014478752212145372,Pride,Joy,0.01127315733305005
0.014478752212145372,Pride,Pride,0.9473037326724534
0.014478752212145372,Pride,Sadness,0.0005507365515304985
0.014478752212145372,Pride,Shame,0.03974030722077718
0.014478752212145372,Sadness,Boredom,0.0001734885736130576
0.014478752212145372,Sadness,Fear,0.005196405580219967
0.014478752212145372,Sadness,Happiness,0.0003391135194881066
0.014478752212145372,Sadness,Joy,0.0006534785266501648
0.014478752212145372,Sadness,Pride,0.0007303414969217906
0.014478752212145372,Sadness,Sadness,0.9798221596147181
0.014478752212145372,Sadness,Shame,0.013085012688388614
0.014478752212145372,Shame,Boredom,0.0004925963092123645
0.014478752212145372,Shame,Fear,0.3825009348934194
0.014478752212145372,Shame,Happiness,0.0003559812629920143
0.014478752212145372,Shame,Joy,0.0005466235111211889
0.014478752212145372,Shame,Pride,0.0009030300870787698
0.014478752212145372,Shame,Sadness,0.0020271145705569845
0.014478752212145372,Shame,Shame,0.6131737193656193
0.013452728337265688,Boredom,Boredom,0.9991353184409331
0.013452728337265688,Boredom,Fear,0.00013410502252336146
0.013452728337265688,Boredom,Happiness,2.4327628379150167e-06
0.013452728337265688,Boredom,Joy,0.00018607120096316598
0.013452728337265688,Boredom,Pride,0.00015321741002067757
0.013452728337265688,Boredom,Sadness,9.396094427752991e-05
0.013452728337265688,Boredom,Shame,0.0002948942184442756
0.013452728337265688,Fear,Boredom,0.0004285313627277923
0.013452728337265688,Fear,Fear,0.9823986374683616
0.013452728337265688,Fear,Happiness,0.0005057556611654965
0.013452728337265688,Fear,Joy,0.0006365873684569498
0.013452728337265688,Fear,Pride,0.0007200430029445609
0.013452728337265688,Fear,Sadness,0.004699256373615404
0.013452728337265688,Fear,Shame,0.010611188762728083
0.013452728337265688,Happiness,Boredom,0.0039074759136171885
0.013452728337265688,Happiness,Fear,0.000403553076799226
0.013452728337265688,Happiness,Happiness,0.9378534587185133
0.013452728337265688,Happiness,Joy,0.0007449894135398183
0.013452728337265688,Happiness,Pride,0.025161864995313005
0.013452728337265688,Happiness,Sadness,0.0007723911158116172
0.013452728337265688,Happiness,Shame,0.031156266766405774
0.013452728337265688,Joy,Boredom,0.0004218769218911287
0.013452728337265688,Joy,Fear,0.0012641369242101
0.013452728337265688,Joy,Happiness,0.001176977236594888
0.013452728337265688,Joy,Joy,0.6889501657675341
0.013452728337265688,Joy,Pride,0.2682915389530834
0.013452728337265688,Joy,Sadness,0.001026002122820275
0.013452728337265688,Joy,Shame,0.038869302073866394
0.013452728337265688,Pride,Boredom,0.0020577714811611907
0.013452728337265688,Pride,Fear,0.003180048482953884
0.013452728337265688,Pride,Happiness,0.00661438332040157
0.013452728337265688,Pride,Joy,0.07048815256614221
0.013452728337265688,Pride,Pride,0.8454281392341473
0.013452728337265688,Pride,Sadness,0.0034741096684946736
0.013452728337265688,Pride,Shame,0.06875739524669937
0.013452728337265688,Sadness,Boredom,0.0001823002185395932
0.013452728337265688,Sadness,Fear,0.005204966143396908
0.013452728337265688,Sadness,Happiness,0.0003324443835559994
0.013452728337265688,Sadness,Joy,0.0006567530183641842
0.013452728337265688,Sadness,Pride,0.0007472214959138208
0.013452728337265688,Sadness,Sadness,0.9793518174874076
0.013452728337265688,Sadness,Shame,0.013524497252821876
0.013452728337265688,Shame,Boredom,0.0005118219580868491
0.013452728337265688,Shame,Fear,0.3747922220792969
0.013452728337265688,Shame,Happiness,0.00035746218702120805
0.013452728337265688,Shame,Joy,0.0006773917543992902
0.013452728337265688,Shame,Pride,0.0010159953065346056
0.013452728337265688,Shame,Sadness,0.001979514014346653
0.013452728337265688,Shame,Shame,0.6206655927003145
0.013171060474612145,Boredom,Boredom,0.9991416478183089
0.013171060474612145,Boredom,Fear,0.0001314921609328258
0.013171060474612145,Boredom,Happiness,2.4023812943295417e-06
0.013171060474612145,Boredom,Joy,0.0001838853940371109
0.013171060474612145,Boredom,Pride,0.0001510714980693275
0.013171060474612145,Boredom,Sadness,9.13869485317188e-05
0.013171060474612145,Boredom,Shame,0.00029811379882575996
0.013171060474612145,Fear,Boredom,0.00043118712932216965
0.013171060474612145,Fear,Fear,0.9819969681958188
0.013171060474612145,Fear,Happiness,0.0005101230462331724
0.013171060474612145,Fear,Joy,0.0006254632453394672
0.013171060474612145,Fear,Pride,0.0007333025455229045
0.013171060474612145,Fear,Sadness,0.004633655450044005
0.013171060474612145,Fear,Shame,0.011069300387719586
0.013171060474612145,Happiness,Boredom,0.0038415010544964015
0.013171060474612145,Happiness,Fear,0.0004082927896497632
0.013171060474612145,Happiness,Happiness,0.9399758758773455
0.013171060474612145,Happiness,Joy,0.0007401082359798647
0.013171060474612145,Happiness,Pride,0.02388741418778371
0.013171060474612145,Happiness,Sadness,0.0007734259931789098
0.013171060474612145,Happiness,Shame,0.030373381861565928
0.013171060474612145,Joy,Boredom,0.00041841700706015045
0.013171060474612145,Joy,Fear,0.0012929553833394387
0.013171060474612145,Joy,Happiness,0.00118562124358602
0.013171060474612145,Joy,Joy,0.6870055619661016
0.013171060474612145,Joy,Pride,0.2719258174094671
0.013171060474612145,Joy,Sadness,0.0010319950221904903
0.013171060474612145,Joy,Shame,0.03713963196825511
0.013171060474612145,Pride,Boredom,0.001071852406480763
0.013171060474612145,Pride,Fear,0.0017291296192757009
0.013171060474612145,Pride,Happiness,0.003846579034938083
0.013171060474612145,Pride,Joy,0.04937802578781348
0.013171060474612145,Pride,Pride,0.8829772458440861
0.013171060474612145,Pride,Sadness,0.0020035677290204607
0.013171060474612145,Pride,Shame,0.058993599578385486
0.013171060474612145,Sadness,Boredom,0.0001865641733451606
0.013171060474612145,Sadness,Fear,0.005258346913490574
0.013171060474612145,Sadness,Happiness,0.0003319771645215591
0.013171060474612145,Sadness,Joy,0.0006548320147702037
0.013171060474612145,Sadness,Pride,0.0007475328497226837
0.013171060474612145,Sadness,Sadness,0.9787582397433047
0.013171060474612145,Sadness,Shame,0.014062507140845417
0.013171060474612145,Shame,Boredom,0.0004931025114586072
0.013171060474612145,Shame,Fear,0.35534349762446005
0.013171060474612145,Shame,Happiness,0.0003403733699177882
0.013171060474612145,Shame,Joy,0.0006297173487564927
0.013171060474612145,Shame,Pride,0.0009453697362295866
0.013171060474612145,Shame,Sadness,0.0018574314106782682
0.013171060474612145,Shame,Shame,0.6403905079984992
0.015110827424928384,Boredom,Boredom,0.9991431982496255
0.015110827424928384,Boredom,Fear,0.00013455209308293887
0.015110827424928384,Boredom,Happiness,2.508451339033265e-06
0.015110827424928384,Boredom,Joy,0.0001884555798993353
0.015110827424928384,Boredom,Pride,0.00015475444292373608
0.015110827424928384,Boredom,Sadness,9.752322787216448e-05
0.015110827424928384,Boredom,Shame,0.00027900795525731136
0.015110827424928384,Fear,Boredom,0.00040039613748889984
0.015110827424928384,Fear,Fear,0.9820216794937316
0.015110827424928384,Fear,Happiness,0.0005095285889683337
0.015110827424928384,Fear,Joy,0.0005865939925058915
0.015110827424928384,Fear,Pride,0.0007247800233889934
0.015110827424928384,Fear,Sadness,0.004808448661045109
0.015110827424928384,Fear,Shame,0.010948573102871142
0.015110827424928384,Happiness,Boredom,0.004116324020200413
0.015110827424928384,Happiness,Fear,0.0003660631600445016
0.015110827424928384,Happiness,Happiness,0.9311967924821918
0.015110827424928384,Happiness,Joy,0.0006728630328398004
0.015110827424928384,Happiness,Pride,0.030459574642987604
0.015110827424928384,Happiness,Sadness,0.0007171328676497878
0.015110827424928384,Happiness,Shame,0.0324712497940862
0.015110827424928384,Joy,Boredom,0.00037705754572718624
0.015110827424928384,Joy,Fear,0.0013447836421944393
0.015110827424928384,Joy,Happiness,0.0009988580251024972
0.015110827424928384,Joy,Joy,0.591078399886359
0.015110827424928384,Joy,Pride,0.3713108271468208
0.015110827424928384,Joy,Sadness,0.0008663530462827009
0.015110827424928384,Joy,Shame,0.034023720707513215
0.015110827424928384,Pride,Boredom,0.00021934192141150963
0.015110827424928384,Pride,Fear,0.0005257125970673715
0.015110827424928384,Pride,Happiness,0.0009086793161126131
0.015110827424928384,Pride,Joy,0.01691021787634625
0.015110827424928384,Pride,Pride,0.9359607807292589
0.015110827424928384,Pride,Sadness,0.0006687334222759777
0.015110827424928384,Pride,Shame,0.04480653413752717
0.015110827424928384,Sadness,Boredom,0.0001674850951690232
0.015110827424928384,Sadness,Fear,0.005105704928174489
0.015110827424928384,Sadness,Happiness,0.0003364777368310497
0.015110827424928384,Sadness,Joy,0.0006580000558029367
0.015110827424928384,Sadness,Pride,0.0007237632274607839
0.015110827424928384,Sadness,Sadness,0.9802284161003199
0.015110827424928384,Sadness,Shame,0.01278015285624181
0.015110827424928384,Shame,Boredom,0.00048259021853680576
0.015110827424928384,Shame,Fear,0.38705465624883506
0.015110827424928384,Shame,Happiness,0.0003630921835275869
0.015110827424928384,Shame,Joy,0.0005701656377951973
0.015110827424928384,Shame,Pride,0.0008918835324692508
0.015110827424928384,Shame,Sadness,0.0020743731831494474
0.015110827424928384,Shame,Shame,0.6085632389956869
0.014036602690849997,Boredom,Boredom,0.9991295509458672
0.014036602690849997,Boredom,Fear,0.0001348442849440465
0.014036602690849997,Boredom,Happiness,2.4782510014059546e-06
0.014036602690849997,Boredom,Joy,0.00018885569698343866
0.014036602690849997,Boredom,Pride,0.0001580096470546427
0.014036602690849997,Boredom,Sadness,9.426934703877242e-05
0.014036602690849997,Boredom,Shame,0.00029199182711028875
0.014036602690849997,Fear,Boredom,0.00041905480469903807
0.014036602690849997,Fear,Fear,0.9816655297771566
0.014036602690849997,Fear,Happiness,0.0005067727350658598
0.014036602690849997,Fear,Joy,0.0006464676138718162
0.014036602690849997,Fear,Pride,0.0007166583584112858
0.014036602690849997,Fear,Sadness,0.004796858950671811
0.014036602690849997,Fear,Shame,0.011248657760123694
0.014036602690849997,Happiness,Boredom,0.003897436166899362
0.014036602690849997,Happiness,Fear,0.0003904997492745244
0.014036602690849997,Happiness,Happiness,0.9369928602648069
0.014036602690849997,Happiness,Joy,0.0007273604563524287
0.014036602690849997,Happiness,Pride,0.025950656171611106
0.014036602690849997,Happiness,Sadness,0.0007459276468183374
0.014036602690849997,Happiness,Shame,0.03129525954423697
0.014036602690849997,Joy,Boredom,0.00038040004287454075
0.014036602690849997,Joy,Fear,0.0011601544713522108
0.014036602690849997,Joy,Happiness,0.0010851868306450954
0.014036602690849997,Joy,Joy,0.678755953864397
0.014036602690849997,Joy,Pride,0.2739456993428409
0.014036602690849997,Joy,Sadness,0.0009592648044622723
0.014036602690849997,Joy,Shame,0.04371334064342783
0.014036602690849997,Pride,Boredom,0.003262432247945895
0.014036602690849997,Pride,Fear,0.004969786182582904
0.014036602690849997,Pride,Happiness,0.009808817943058844
0.014036602690849997,Pride,Joy,0.0896833616893786
0.014036602690849997,Pride,Pride,0.7895494602868998
0.014036602690849997,Pride,Sadness,0.005258184358809857
0.014036602690849997,Pride,Shame,0.09746795729132411
0.014036602690849997,Sadness,Boredom,0.00017585724867496852
0.014036602690849997,Sadness,Fear,0.00509135850271933
0.014036602690849997,Sadness,Happiness,0.0003367329828753691
0.014036602690849997,Sadness,Joy,0.0006557801342280188
0.014036602690849997,Sadness,Pride,0.000749303654355353
0.014036602690849997,Sadness,Sadness,0.9801155530174975
0.014036602690849997,Sadness,Shame,0.012875414459649551
0.014036602690849997,Shame,Boredom,0.0004740554064883766
0.014036602690849997,Shame,Fear,0.356109065764324
0.014036602690849997,Shame,Happiness,0.0003351032267705975
0.014036602690849997,Shame,Joy,0.0006740977945399348
0.014036602690849997,Shame,Pride,0.0014314321341876597
0.014036602690849997,Shame,Sadness,0.0019320868863655783
0.014036602690849997,Shame,Shame,0.6390441587873241
0.014607286048043941,Boredom,Boredom,0.9991465608189963
0.014607286048043941,Boredom,Fear,0.00013393901095485691
0.014607286048043941,Boredom,Happiness,2.4565826061535714e-06
0.014607286048043941,Boredom,Joy,0.0001865576512453478
0.014607286048043941,Boredom,Pride,0.00015303994107672845
0.014607286048043941,Boredom,Sadness,9.663272407063347e-05
0.014607286048043941,Boredom,Shame,0.00028081327104994837
0.014607286048043941,Fear,Boredom,0.0004123908020390172
0.014607286048043941,Fear,Fear,0.9818152249656024
0.014607286048043941,Fear,Happiness,0.0005091746664944949
0.014607286048043941,Fear,Joy,0.0006105341581658675
0.014607286048043941,Fear,Pride,0.0007311847305588553
0.014607286048043941,Fear,Sadness,0.004761444087161868
0.014607286048043941,Fear,Shame,0.01116004658997756
0.014607286048043941,Happiness,Boredom,0.003978058920847434
0.014607286048043941,Happiness,Fear,0.0004085434178438381
0.014607286048043941,Happiness,Happiness,0.9348160703277484
0.014607286048043941,Happiness,Joy,0.0007344632601112631
0.014607286048043941,Happiness,Pride,0.027100822573952077
0.014607286048043941,Happiness,Sadness,0.0008016673051015289
0.014607286048043941,Happiness,Shame,0.032160374194395415
0.014607286048043941,Joy,Boredom,0.0004178330685300286
0.014607286048043941,Joy,Fear,0.0012943761630877955
0.014607286048043941,Joy,Happiness,0.0011218837717667748
0.014607286048043941,Joy,Joy,0.6461633702915635
0.014607286048043941,Joy,Pride,0.3156702254317186
0.014607286048043941,Joy,Sadness,0.0009647938472135769
0.014607286048043941,Joy,Shame,0.03436751742611932
0.014607286048043941,Pride,Boredom,0.00041234364632500775
0.014607286048043941,Pride,Fear,0.0007724906253077454
0.014607286048043941,Pride,Happiness,0.0016622516365036066
0.014607286048043941,Pride,Joy,0.027200767224477822
0.014607286048043941,Pride,Pride,0.9237210184875839
0.014607286048043941,Pride,Sadness,0.0009631891865585844
0.014607286048043941,Pride,Shame,0.04526793919324315
0.014607286048043941,Sadness,Boredom,0.0001726307554175462
0.014607286048043941,Sadness,Fear,0.0051964543199631
0.014607286048043941,Sadness,Happiness,0.000338827078570884
0.014607286048043941,Sadness,Joy,0.0006537582210432852
0.014607286048043941,Sadness,Pride,0.0007304932416071012
0.014607286048043941,Sadness,Sadness,0.9800580622103239
0.014607286048043941,Sadness,Shame,0.01284977417307394
0.014607286048043941,Shame,Boredom,0.0004965922390255941
0.014607286048043941,Shame,Fear,0.38427469234416767
0.014607286048043941,Shame,Happiness,0.0003607412192059033
0.014607286048043941,Shame,Joy,0.000616950865093445
0.014607286048043941,Shame,Pride,0.0009196775234785243
0.014607286048043941,Shame,Sadness,0.002042167048965563
0.014607286048043941,Shame,Shame,0.6112891787600636
0.012969979462696958,Boredom,Boredom,0.9991477889656174
0.012969979462696958,Boredom,Fear,0.00013480534214755936
0.012969979462696958,Boredom,Happiness,2.39136821144488e-06
0.012969979462696958,Boredom,Joy,0.0001820645777562666
0.012969979462696958,Boredom,Pride,0.00014469866411502476
0.012969979462696958,Boredom,Sadness,9.463184334267889e-05
0.012969979462696958,Boredom,Shame,0.0002936192388098097
0.012969979462696958,Fear,Boredom,0.00043824555824807724
0.012969979462696958,Fear,Fear,0.9816365105397908
0.012969979462696958,Fear,Happiness,0.0005196500520120251
0.012969979462696958,Fear,Joy,0.0006136301108885838
0.012969979462696958,Fear,Pride,0.0007488115175845134
0.012969979462696958,Fear,Sadness,0.004715514830778416
0.012969979462696958,Fear,Shame,0.011327637390697386
0.012969979462696958,Happiness,Boredom,0.003906083371380233
0.012969979462696958,Happiness,Fear,0.00040957900837278817
0.012969979462696958,Happiness,Happiness,0.9402199968562156
0.012969979462696958,Happiness,Joy,0.0007487782225886865
0.012969979462696958,Happiness,Pride,0.023488262145713493
0.012969979462696958,Happiness,Sadness,0.0007804019540323967
0.012969979462696958,Happiness,Shame,0.030446898441696922
0.012969979462696958,Joy,Boredom,0.0004427789318385486
0.012969979462696958,Joy,Fear,0.001329776098577062
0.012969979462696958,Joy,Happiness,0.0012302209133504118
0.012969979462696958,Joy,Joy,0.686705860845212
0.012969979462696958,Joy,Pride,0.273569279583519
0.012969979462696958,Joy,Sadness,0.0010731103053957215
0.012969979462696958,Joy,Shame,0.03564897332210766
0.012969979462696958,Pride,Boredom,0.0003873855033247827
0.012969979462696958,Pride,Fear,0.0007396225492186488
0.012969979462696958,Pride,Happiness,0.0016229737505453856
0.012969979462696958,Pride,Joy,0.02664082744968995
0.012969979462696958,Pride,Pride,0.9237133557550445
0.012969979462696958,Pride,Sadness,0.0009664494459387517
0.012969979462696958,Pride,Shame,0.0459293855462381
0.012969979462696958,Sadness,Boredom,0.00018708092464537202
0.012969979462696958,Sadness,Fear,0.0051612740050651215
0.012969979462696958,Sadness,Happiness,0.00032790054047138596
0.012969979462696958,Sadness,Joy,0.0006527328425163944
0.012969979462696958,Sadness,Pride,0.0007501574972478046
0.012969979462696958,Sadness,Sadness,0.9789293570531872
0.012969979462696958,Sadness,Shame,0.013991497136866687
0.012969979462696958,Shame,Boredom,0.0004888757916748941
0.012969979462696958,Shame,Fear,0.3461926142343831
0.012969979462696958,Shame,Happiness,0.0003381499456059373
0.012969979462696958,Shame,Joy,0.0005861501139399322
0.012969979462696958,Shame,Pride,0.0008737589717958438
0.012969979462696958,Shame,Sadness,0.001837027814050312
0.012969979462696958,Shame,Shame,0.6496834231285497
0.013673450042573844,Boredom,Boredom,0.9991422557041972
0.013673450042573844,Boredom,Fear,0.00013253731163513478
0.013673450042573844,Boredom,Happiness,2.4339086943499153e-06
0.013673450042573844,Boredom,Joy,0.00018570384131008413
0.013673450042573844,Boredom,Pride,0.0001513319991482204
0.013673450042573844,Boredom,Sadness,9.385735959049279e-05
0.013673450042573844,Boredom,Shame,0.00029187987542457294
0.013673450042573844,Fear,Boredom,0.00042484270940304855
0.013673450042573844,Fear,Fear,0.9818943657953549
0.013673450042573844,Fear,Happiness,0.0005086891782241536
0.013673450042573844,Fear,Joy,0.0006331704484220586
0.013673450042573844,Fear,Pride,0.00071821285184298
0.013673450042573844,Fear,Sadness,0.00465195194248815
0.013673450042573844,Fear,Shame,0.011168767074264226
0.013673450042573844,Happiness,Boredom,0.00388032564519201
0.013673450042573844,Happiness,Fear,0.0004264227831887627
0.013673450042573844,Happiness,Happiness,0.9396547553886265
0.013673450042573844,Happiness,Joy,0.0007729014483741002
0.013673450042573844,Happiness,Pride,0.02470846534315357
0.013673450042573844,Happiness,Sadness,0.0008040842128868336
0.013673450042573844,Happiness,Shame,0.02975304517857789
0.013673450042573844,Joy,Boredom,0.0004982887542912393
0.013673450042573844,Joy,Fear,0.0013493157912513693
0.013673450042573844,Joy,Happiness,0.001344144474718598
0.013673450042573844,Joy,Joy,0.7115268739761973
0.013673450042573844,Joy,Pride,0.2508630664229062
0.013673450042573844,Joy,Sadness,0.0011235588979983376
0.013673450042573844,Joy,Shame,0.03329475168263696
0.013673450042573844,Pride,Boredom,0.0012494891365198988
0.013673450042573844,Pride,Fear,0.0019740773866543256
0.013673450042573844,Pride,Happiness,0.004370556505239549
0.013673450042573844,Pride,Joy,0.05330675580124623
0.013673450042573844,Pride,Pride,0.8986107216862079
0.013673450042573844,Pride,Sadness,0.002258953716687395
0.013673450042573844,Pride,Shame,0.038229445767444574
0.013673450042573844,Sadness,Boredom,0.0001800285881022659
0.013673450042573844,Sadness,Fear,0.005168851304811848
0.013673450042573844,Sadness,Happiness,0.0003336442734083794
0.013673450042573844,Sadness,Joy,0.0006568537256685907
0.013673450042573844,Sadness,Pride,0.0007395722804002714
0.013673450042573844,Sadness,Sadness,0.9799653004063507
0.013673450042573844,Sadness,Shame,0.012955749421257622
0.013673450042573844,Shame,Boredom,0.0005093700820360126
0.013673450042573844,Shame,Fear,0.3752509598036053
0.013673450042573844,Shame,Happiness,0.00035751261198321133
0.013673450042573844,Shame,Joy,0.00066130626105952
0.013673450042573844,Shame,Pride,0.0009094673058813852
0.013673450042573844,Shame,Sadness,0.001962892667627642
0.013673450042573844,Shame,Shame,0.6203484912678072
0.01303383549061629,Boredom,Boredom,0.9991365981830485
0.01303383549061629,Boredom,Fear,0.00013295747755478606
0.01303383549061629,Boredom,Happiness,2.4185194708967884e-06
0.01303383549061629,Boredom,Joy,0.00018412314824117296
0.01303383549061629,Boredom,Pride,0.00015174017950725445
0.01303383549061629,Boredom,Sadness,9.483114312615562e-05
0.01303383549061629,Boredom,Shame,0.0002973313490512977
0.01303383549061629,Fear,Boredom,0.0004334935659977102
0.01303383549061629,Fear,Fear,0.9816282645707813
0.01303383549061629,Fear,Happiness,0.0005198660498192127
0.01303383549061629,Fear,Joy,0.0006266352515159957
0.01303383549061629,Fear,Pride,0.0007387096780997991
0.01303383549061629,Fear,Sadness,0.004740394559968042
0.01303383549061629,Fear,Shame,0.0113126363238182
0.01303383549061629,Happiness,Boredom,0.0037521990220592038
0.01303383549061629,Happiness,Fear,0.000401409690056604
0.01303383549061629,Happiness,Happiness,0.9418322159778918
0.01303383549061629,Happiness,Joy,0.0007239521544746856
0.01303383549061629,Happiness,Pride,0.022945377526916378
0.01303383549061629,Happiness,Sadness,0.0007687396565448049
0.01303383549061629,Happiness,Shame,0.029576105972056635
0.01303383549061629,Joy,Boredom,0.00041797224456683696
0.01303383549061629,Joy,Fear,0.001278572633379361
0.01303383549061629,Joy,Happiness,0.0011869338218456018
0.01303383549061629,Joy,Joy,0.6879516459998184
0.01303383549061629,Joy,Pride,0.27145185351611506
0.01303383549061629,Joy,Sadness,0.0010367373229484788
0.01303383549061629,Joy,Shame,0.0366762844613261
0.01303383549061629,Pride,Boredom,0.000880082575734712
0.01303383549061629,Pride,Fear,0.0014384788505411039
0.01303383549061629,Pride,Happiness,0.0032615204458628522
0.01303383549061629,Pride,Joy,0.04406799113913494
0.01303383549061629,Pride,Pride,0.8914118850637466
0.01303383549061629,Pride,Sadness,0.0017213026569205694
0.01303383549061629,Pride,Shame,0.05721873926805884
0.01303383549061629,Sadness,Boredom,0.00018677707393978594
0.01303383549061629,Sadness,Fear,0.005220061553360566
0.01303383549061629,Sadness,Happiness,0.0003311102686962733
0.01303383549061629,Sadness,Joy,0.000652226077449801
0.01303383549061629,Sadness,Pride,0.0007507713172481326
0.01303383549061629,Sadness,Sadness,0.9786255058565949
0.01303383549061629,Sadness,Shame,0.014233547852710549
0.01303383549061629,Shame,Boredom,0.0004834431957803352
0.01303383549061629,Shame,Fear,0.3462757707529352
0.01303383549061629,Shame,Happiness,0.0003377882138183582
0.01303383549061629,Shame,Joy,0.0006115635096290923
0.01303383549061629,Shame,Pride,0.0009242484343914303
0.01303383549061629,Shame,Sadness,0.0018495876069552597
0.01303383549061629,Shame,Shame,0.6495175982864904
0.013419535224267224,Boredom,Boredom,0.9991265280928169
0.013419535224267224,Boredom,Fear,0.00013372094823287925
0.013419535224267224,Boredom,Happiness,2.4306255623541515e-06
0.013419535224267224,Boredom,Joy,0.00018597434447487434
0.013419535224267224,Boredom,Pride,0.00015785565760791402
0.013419535224267224,Boredom,Sadness,9.35165600227408e-05
0.013419535224267224,Boredom,Shame,0.0002999737712822518
0.013419535224267224,Fear,Boredom,0.000430025838129133
0.013419535224267224,Fear,Fear,0.9818317639869183
0.013419535224267224,Fear,Happiness,0.0005093174252675787
0.013419535224267224,Fear,Joy,0.0006371043063623939
0.013419535224267224,Fear,Pride,0.0007222995469816173
0.013419535224267224,Fear,Sadness,0.004694451460092934
0.013419535224267224,Fear,Shame,0.011175037436248123
0.013419535224267224,Happiness,Boredom,0.003893253989906418
0.013419535224267224,Happiness,Fear,0.00039014622977177194
0.013419535224267224,Happiness,Happiness,0.937352772483294
0.013419535224267224,Happiness,Joy,0.0007247318821582507
0.013419535224267224,Happiness,Pride,0.02542154530664507
0.013419535224267224,Happiness,Sadness,0.0007443881096026991
0.013419535224267224,Happiness,Shame,0.031473161998621456
0.013419535224267224,Joy,Boredom,0.0003525982000195753
0.013419535224267224,Joy,Fear,0.0011724849177264796
0.013419535224267224,Joy,Happiness,0.001041037810230229
0.013419535224267224,Joy,Joy,0.6720883879467562
0.013419535224267224,Joy,Pride,0.2825193536467857
0.013419535224267224,Joy,Sadness,0.0009288690674492631
0.013419535224267224,Joy,Shame,0.04189726841103283
0.013419535224267224,Pride,Boredom,0.0022418791374016708
0.013419535224267224,Pride,Fear,0.0034520608088018483
0.013419535224267224,Pride,Happiness,0.007126152574772071
0.013419535224267224,Pride,Joy,0.07400832556121076
0.013419535224267224,Pride,Pride,0.8173483325867575
0.013419535224267224,Pride,Sadness,0.003743129949588519
0.013419535224267224,Pride,Shame,0.09208011938146707
0.013419535224267224,Sadness,Boredom,0.00018322753621163835
0.013419535224267224,Sadness,Fear,0.005212487853867537
0.013419535224267224,Sadness,Happiness,0.00033191122964089137
0.013419535224267224,Sadness,Joy,0.0006578474397318751
0.013419535224267224,Sadness,Pride,0.0007506744954443123
0.013419535224267224,Sadness,Sadness,0.9795341813388664
0.013419535224267224,Sadness,Shame,0.013329670106237071
0.013419535224267224,Shame,Boredom,0.0005014160423847032
0.013419535224267224,Shame,Fear,0.36467997918014594
0.013419535224267224,Shame,Happiness,0.00034992208629827534
0.013419535224267224,Shame,Joy,0.0006826511099199865
0.013419535224267224,Shame,Pride,0.001317519989934452
0.013419535224267224,Shame,Sadness,0.0019322503264507535
0.013419535224267224,Shame,Shame,0.6305362612648658
0.014675790527112452,Boredom,Boredom,0.9991560736058628
0.014675790527112452,Boredom,Fear,0.000133998356373497
0.014675790527112452,Boredom,Happiness,2.4402125344220565e-06
0.014675790527112452,Boredom,Joy,0.00018635883043088337
0.014675790527112452,Boredom,Pride,0.00014893875479859493
0.014675790527112452,Boredom,Sadness,9.681025472108887e-05
0.014675790527112452,Boredom,Shame,0.00027537998527895
0.014675790527112452,Fear,Boredom,0.00040661962003427587
0.014675790527112452,Fear,Fear,0.9817638667545645
0.014675790527112452,Fear,Happiness,0.0005084082758038824
0.014675790527112452,Fear,Joy,0.0005754901105071364
0.014675790527112452,Fear,Pride,0.0007367209301706412
0.014675790527112452,Fear,Sadness,0.004734157131065519
0.014675790527112452,Fear,Shame,0.01127473717785426
0.014675790527112452,Happiness,Boredom,0.003969841198791154
0.014675790527112452,Happiness,Fear,0.0003729346607583654
0.014675790527112452,Happiness,Happiness,0.9335722892762857
0.014675790527112452,Happiness,Joy,0.0006701712333205476
0.014675790527112452,Happiness,Pride,0.028362828215442556
0.014675790527112452,Happiness,Sadness,0.0007367898145852083
0.014675790527112452,Happiness,Shame,0.03231514560081651
0.014675790527112452,Joy,Boredom,0.00034407728080755845
0.014675790527112452,Joy,Fear,0.001136825994314189
0.014675790527112452,Joy,Happiness,0.0009670371048344071
0.014675790527112452,Joy,Joy,0.5830853399527897
0.014675790527112452,Joy,Pride,0.3819241103868777
0.014675790527112452,Joy,Sadness,0.0008547988098042064
0.014675790527112452,Joy,Shame,0.03168781047057203
0.014675790527112452,Pride,Boredom,0.00016895611332935512
0.014675790527112452,Pride,Fear,0.00045919220875349293
0.014675790527112452,Pride,Happiness,0.0006941731261246466
0.014675790527112452,Pride,Joy,0.013426263030152503
0.014675790527112452,Pride,Pride,0.9457648181995068
0.014675790527112452,Pride,Sadness,0.0005845548839882017
0.014675790527112452,Pride,Shame,0.03890204243814466
0.014675790527112452,Sadness,Boredom,0.0001751697301733907
0.014675790527112452,Sadness,Fear,0.005199930066497531
0.014675790527112452,Sadness,Happiness,0.00033645585277147837
0.014675790527112452,Sadness,Joy,0.0006536229050144357
0.014675790527112452,Sadness,Pride,0.0007355636030072891
0.014675790527112452,Sadness,Sadness,0.9797497400789646
0.014675790527112452,Sadness,Shame,0.013149517763571272
0.014675790527112452,Shame,Boredom,0.00048608105473817273
0.014675790527112452,Shame,Fear,0.3813484189919675
0.014675790527112452,Shame,Happiness,0.00035549420396370664
0.014675790527112452,Shame,Joy,0.0005503472689809559
0.014675790527112452,Shame,Pride,0.0008992268857307145
0.014675790527112452,Shame,Sadness,0.0020127733882347914
0.014675790527112452,Shame,Shame,0.614347658206384
0.01289203438970361,Boredom,Boredom,0.9991444267743037
0.01289203438970361,Boredom,Fear,0.0001320448776186451
0.01289203438970361,Boredom,Happiness,2.3743061146450853e-06
0.01289203438970361,Boredom,Joy,0.00018405709292327753
0.01289203438970361,Boredom,Pride,0.00015230257138719962
0.01289203438970361,Boredom,Sadness,9.405523422381742e-05
0.01289203438970361,Boredom,Shame,0.00029073914342883064
0.01289203438970361,Fear,Boredom,0.00043561645272084643
0.01289203438970361,Fear,Fear,0.9818397466023343
0.01289203438970361,Fear,Happiness,0.0005175392068789944
0.01289203438970361,Fear,Joy,0.0006493487845578131
0.01289203438970361,Fear,Pride,0.0007044969800049395
0.01289203438970361,Fear,Sadness,0.004718595468162651
0.01289203438970361,Fear,Shame,0.01113465650534068
0.01289203438970361,Happiness,Boredom,0.003657423190178319
0.01289203438970361,Happiness,Fear,0.0004278940769819624
0.01289203438970361,Happiness,Happiness,0.9450872132588993
0.01289203438970361,Happiness,Joy,0.0007671976956641951
0.01289203438970361,Happiness,Pride,0.02134348101739097
0.01289203438970361,Happiness,Sadness,0.0008044100345776651
0.01289203438970361,Happiness,Shame,0.027912380726307518
0.01289203438970361,Joy,Boredom,0.0005944434289474856
0.01289203438970361,Joy,Fear,0.001457877702062243
0.01289203438970361,Joy,Happiness,0.001585229020101263
0.01289203438970361,Joy,Joy,0.7912367760837888
0.01289203438970361,Joy,Pride,0.16754894376136903
0.01289203438970361,Joy,Sadness,0.0013159617210343859
0.01289203438970361,Joy,Shame,0.03626076828269668
0.01289203438970361,Pride,Boredom,0.002337229990648953
0.01289203438970361,Pride,Fear,0.003593127471953565
0.01289203438970361,Pride,Happiness,0.007426931795548274
0.01289203438970361,Pride,Joy,0.07553596492171362
0.01289203438970361,Pride,Pride,0.8573742433773939
0.01289203438970361,Pride,Sadness,0.0039054882515078626
0.01289203438970361,Pride,Shame,0.0498270141912337
0.01289203438970361,Sadness,Boredom,0.00018571612184350357
0.01289203438970361,Sadness,Fear,0.00514395792983795
0.01289203438970361,Sadness,Happiness,0.0003305749038202673
0.01289203438970361,Sadness,Joy,0.000655742991541272
0.01289203438970361,Sadness,Pride,0.0007564437529152803
0.01289203438970361,Sadness,Sadness,0.9790898153645833
0.01289203438970361,Sadness,Shame,0.013837748935458569
0.01289203438970361,Shame,Boredom,0.0004876205665269219
0.01289203438970361,Shame,Fear,0.3477087611835662
0.01289203438970361,Shame,Happiness,0.0003377523288255498
0.01289203438970361,Shame,Joy,0.0006645425577765086
0.01289203438970361,Shame,Pride,0.001210336477724942
0.01289203438970361,Shame,Sadness,0.0018563915410212393
0.01289203438970361,Shame,Shame,0.6477345953445586
0.013600321523695086,Boredom,Boredom,0.9991452545445211
0.013600321523695086,Boredom,Fear,0.00013373438889789437
0.013600321523695086,Boredom,Happiness,2.4486351457431423e-06
0.013600321523695086,Boredom,Joy,0.00018480939234045507
0.013600321523695086,Boredom,Pride,0.00014753120076815786
0.013600321523695086,Boredom,Sadness,9.425871874451638e-05
0.013600321523695086,Boredom,Shame,0.000291963119582383
0.013600321523695086,Fear,Boredom,0.000425779680584614
0.013600321523695086,Fear,Fear,0.9816789017486799
0.013600321523695086,Fear,Happiness,0.0005099626943737161
0.013600321523695086,Fear,Joy,0.000612079143379402
0.013600321523695086,Fear,Pride,0.0007358973541449839
0.013600321523695086,Fear,Sadness,0.004720674164984345
0.013600321523695086,Fear,Shame,0.011316705213853124
0.013600321523695086,Happiness,Boredom,0.003968171749857711
0.013600321523695086,Happiness,Fear,0.00039744549850237356
0.013600321523695086,Happiness,Happiness,0.9364605977965335
0.013600321523695086,Happiness,Joy,0.0007293118989511469
0.013600321523695086,Happiness,Pride,0.026154456793488295
0.013600321523695086,Happiness,Sadness,0.0007588871984509848
0.013600321523695086,Happiness,Shame,0.031531129064216054
0.013600321523695086,Joy,Boredom,0.0003961556035027377
0.013600321523695086,Joy,Fear,0.0012938601752556398
0.013600321523695086,Joy,Happiness,0.0011162210232783533
0.013600321523695086,Joy,Joy,0.6501738751145932
0.013600321523695086,Joy,Pride,0.3113898876804607
0.013600321523695086,Joy,Sadness,0.0009609760036370699
0.013600321523695086,Joy,Shame,0.03466902439927201
0.013600321523695086,Pride,Boredom,0.00046275390051710397
0.013600321523695086,Pride,Fear,0.0008470945810314407
0.013600321523695086,Pride,Happiness,0.0018933802226754593
0.013600321523695086,Pride,Joy,0.029745267455486953
0.013600321523695086,Pride,Pride,0.9185728183079184
0.013600321523695086,Pride,Sadness,0.0010674417845200647
0.013600321523695086,Pride,Shame,0.04741124374785057
0.013600321523695086,Sadness,Boredom,0.0001805041112355355
0.013600321523695086,Sadness,Fear,0.005152881916803776
0.013600321523695086,Sadness,Happiness,0.00033445451991065834
0.013600321523695086,Sadness,Joy,0.0006575887438588642
0.013600321523695086,Sadness,Pride,0.0007394962927726336
0.013600321523695086,Sadness,Sadness,0.9801251470647157
0.013600321523695086,Sadness,Shame,0.012809927350703106
0.013600321523695086,Shame,Boredom,0.0004994592459614199
0.013600321523695086,Shame,Fear,0.36888763897970395
0.013600321523695086,Shame,Happiness,0.00035165966582704556
0.013600321523695086,Shame,Joy,0.0006102999689400544
0.013600321523695086,Shame,Pride,0.0008909785925534027
0.013600321523695086,Shame,Sadness,0.001954069322318952
0.013600321523695086,Shame,Shame,0.6268058942246953
0.014122568144208992,Boredom,Boredom,0.99914508916239
0.014122568144208992,Boredom,Fear,0.00013416202909636725
0.014122568144208992,Boredom,Happiness,2.5193526458854895e-06
0.014122568144208992,Boredom,Joy,0.00018901028325119082
0.014122568144208992,Boredom,Pride,0.0001466574278231019
0.014122568144208992,Boredom,Sadness,9.40035051589439e-05
0.014122568144208992,Boredom,Shame,0.0002885582396347368
0.014122568144208992,Fear,Boredom,0.00041907350914116993
0.014122568144208992,Fear,Fear,0.9815816398400898
0.014122568144208992,Fear,Happiness,0.0005044484175231297
0.014122568144208992,Fear,Joy,0.0005903531819351438
0.014122568144208992,Fear,Pride,0.0007337394653039785
0.014122568144208992,Fear,Sadness,0.004755635934581799
0.014122568144208992,Fear,Shame,0.011415109651425361
0.014122568144208992,Happiness,Boredom,0.004119778262986065
0.014122568144208992,Happiness,Fear,0.0004018163289361826
0.014122568144208992,Happiness,Happiness,0.9332306112225177
0.014122568144208992,Happiness,Joy,0.0007298300426915627
0.014122568144208992,Happiness,Pride,0.02770435181172722
0.014122568144208992,Happiness,Sadness,0.0007629649107553031
0.014122568144208992,Happiness,Shame,0.03305064742038569
0.014122568144208992,Joy,Boredom,0.0003897042632091925
0.014122568144208992,Joy,Fear,0.0013527904038861589
0.014122568144208992,Joy,Happiness,0.0010602603359321239
0.014122568144208992,Joy,Joy,0.6041282753410722
0.014122568144208992,Joy,Pride,0.3576990492971619
0.014122568144208992,Joy,Sadness,0.0009149460572490962
0.014122568144208992,Joy,Shame,0.034454974301489534
0.014122568144208992,Pride,Boredom,0.0002523661022728413
0.014122568144208992,Pride,Fear,0.0005668785049667937
0.014122568144208992,Pride,Happiness,0.001074990042632542
0.014122568144208992,Pride,Joy,0.019226124504470747
0.014122568144208992,Pride,Pride,0.9354965480163289
0.014122568144208992,Pride,Sadness,0.0007323723104313811
0.014122568144208992,Pride,Shame,0.042650720518897345
0.014122568144208992,Sadness,Boredom,0.00017725556556922068
0.014122568144208992,Sadness,Fear,0.005133353200593418
0.014122568144208992,Sadness,Happiness,0.0003387377178574448
0.014122568144208992,Sadness,Joy,0.0006567726683392301
0.014122568144208992,Sadness,Pride,0.0007365076085662678
0.014122568144208992,Sadness,Sadness,0.9797495591416293
0.014122568144208992,Sadness,Shame,0.013207814097445016
0.014122568144208992,Shame,Boredom,0.0004912579073267061
0.014122568144208992,Shame,Fear,0.3711033313468682
0.014122568144208992,Shame,Happiness,0.0003468220702451614
0.014122568144208992,Shame,Joy,0.0005665475159180219
0.014122568144208992,Shame,Pride,0.0008825316529646427
0.014122568144208992,Shame,Sadness,0.0019768894596149727
0.014122568144208992,Shame,Shame,0.6246326200470621
0.013499762629154765,Boredom,Boredom,0.9991474182053495
0.013499762629154765,Boredom,Fear,0.00013302667903483344
0.013499762629154765,Boredom,Happiness,2.428915793781491e-06
0.013499762629154765,Boredom,Joy,0.0001845805463067482
0.013499762629154765,Boredom,Pride,0.00014608964337178284
0.013499762629154765,Boredom,Sadness,9.38883073544171e-05
0.013499762629154765,Boredom,Shame,0.00029256770278877724
0.013499762629154765,Fear,Boredom,0.00042948404900467163
0.013499762629154765,Fear,Fear,0.981721737508218
0.013499762629154765,Fear,Happiness,0.0005081225857344043
0.013499762629154765,Fear,Joy,0.0006094592158807587
0.013499762629154765,Fear,Pride,0.0007341455732065524
0.013499762629154765,Fear,Sadness,0.004699524319162629
0.013499762629154765,Fear,Shame,0.011297526748792778
0.013499762629154765,Happiness,Boredom,0.0040387248839791985
0.013499762629154765,Happiness,Fear,0.0004043594087122987
0.013499762629154765,Happiness,Happiness,0.9351905879648676
0.013499762629154765,Happiness,Joy,0.000734540251761547
0.013499762629154765,Happiness,Pride,0.02592728995961316
0.013499762629154765,Happiness,Sadness,0.000760220118416389
0.013499762629154765,Happiness,Shame,0.032944277412650054
0.013499762629154765,Joy,Boredom,0.0003848697565110114
0.013499762629154765,Joy,Fear,0.001289832094230731
0.013499762629154765,Joy,Happiness,0.0010842994036879103
0.013499762629154765,Joy,Joy,0.6445756645852996
0.013499762629154765,Joy,Pride,0.3167435481292478
0.013499762629154765,Joy,Sadness,0.0009490182204448789
0.013499762629154765,Joy,Shame,0.03497276781057789
0.013499762629154765,Pride,Boredom,0.0004819803423439867
0.013499762629154765,Pride,Fear,0.0008799228866350756
0.013499762629154765,Pride,Happiness,0.001952885378131237
0.013499762629154765,Pride,Joy,0.030534815516377746
0.013499762629154765,Pride,Pride,0.9154473077287728
0.013499762629154765,Pride,Sadness,0.0011014533139432714
0.013499762629154765,Pride,Shame,0.04960163483379598
0.013499762629154765,Sadness,Boredom,0.00018236024312832293
0.013499762629154765,Sadness,Fear,0.0051522664125784766
0.013499762629154765,Sadness,Happiness,0.00033358865065427894
0.013499762629154765,Sadness,Joy,0.0006569336906662942
0.013499762629154765,Sadness,Pride,0.000740913537944502
0.013499762629154765,Sadness,Sadness,0.9794713045090072
0.013499762629154765,Sadness,Shame,0.013462632956020747
0.013499762629154765,Shame,Boredom,0.0005038760236870034
0.013499762629154765,Shame,Fear,0.36862292262837393
0.013499762629154765,Shame,Happiness,0.0003515793529511326
0.013499762629154765,Shame,Joy,0.0006082057679809188
0.013499762629154765,Shame,Pride,0.0008862836621090776
0.013499762629154765,Shame,Sadness,0.0019432207617864792
0.013499762629154765,Shame,Shame,0.6270839118031116
0.013811203631442356,Boredom,Boredom,0.9991426066933206
0.013811203631442356,Boredom,Fear,0.00013460621540213683
0.013811203631442356,Boredom,Happiness,2.4766248144591174e-06
0.013811203631442356,Boredom,Joy,0.00018678975713294654
0.013811203631442356,Boredom,Pride,0.00014857286023289298
0.013811203631442356,Boredom,Sadness,9.344971021680097e-05
0.013811203631442356,Boredom,Shame,0.0002914981388801084
0.013811203631442356,Fear,Boredom,0.00042044063936894007
0.013811203631442356,Fear,Fear,0.9817676092211097
0.013811203631442356,Fear,Happiness,0.0005077605686954348
0.013811203631442356,Fear,Joy,0.0006133245749821167
0.013811203631442356,Fear,Pride,0.000728943922846296
0.013811203631442356,Fear,Sadness,0.004737807366428498
0.013811203631442356,Fear,Shame,0.011224113706568927
0.013811203631442356,Happiness,Boredom,0.004049076657529927
0.013811203631442356,Happiness,Fear,0.0004107289054178513
0.013811203631442356,Happiness,Happiness,0.9355258765860011
0.013811203631442356,Happiness,Joy,0.0007455912606709713
0.013811203631442356,Happiness,Pride,0.026190245657666547
0.013811203631442356,Happiness,Sadness,0.0007841080194215327
0.013811203631442356,Happiness,Shame,0.032294372913291666
0.013811203631442356,Joy,Boredom,0.0004356225031239539
0.013811203631442356,Joy,Fear,0.0013332954182558206
0.013811203631442356,Joy,Happiness,0.0012067296246298786
0.013811203631442356,Joy,Joy,0.667088455497885
0.013811203631442356,Joy,Pride,0.2947896704168952
0.013811203631442356,Joy,Sadness,0.0010183769342857758
0.013811203631442356,Joy,Shame,0.034127849604924466
0.013811203631442356,Pride,Boredom,0.00047763231336252806
0.013811203631442356,Pride,Fear,0.000879353515190724
0.013811203631442356,Pride,Happiness,0.001952903407229826
0.013811203631442356,Pride,Joy,0.03015010954393355
0.013811203631442356,Pride,Pride,0.9231485246510358
0.013811203631442356,Pride,Sadness,0.0010836286096824698
0.013811203631442356,Pride,Shame,0.042307847959565076
0.013811203631442356,Sadness,Boredom,0.00017881445926265892
0.013811203631442356,Sadness,Fear,0.005166448732255067
0.013811203631442356,Sadness,Happiness,0.000336972129313123
0.013811203631442356,Sadness,Joy,0.0006521408706746827
0.013811203631442356,Sadness,Pride,0.000733975009899207
0.013811203631442356,Sadness,Sadness,0.9797403784418928
0.013811203631442356,Sadness,Shame,0.013191270356702577
0.013811203631442356,Shame,Boredom,0.00050471133659135
0.013811203631442356,Shame,Fear,0.3785690582518952
0.013811203631442356,Shame,Happiness,0.0003582014669447945
0.013811203631442356,Shame,Joy,0.0006272983793482983
0.013811203631442356,Shame,Pride,0.0008989898906395277
0.013811203631442356,Shame,Sadness,0.00201395719147422
0.013811203631442356,Shame,Shame,0.6170277834831065
0.013833974025347594,Boredom,Boredom,0.9991311759235578
0.013833974025347594,Boredom,Fear,0.0001341000042981202
0.013833974025347594,Boredom,Happiness,2.467827863536868e-06
0.013833974025347594,Boredom,Joy,0.00018750620069140356
0.013833974025347594,Boredom,Pride,0.000160578939692846
0.013833974025347594,Boredom,Sadness,9.34304354966393e-05
0.013833974025347594,Boredom,Shame,0.00029074066839981493
0.013833974025347594,Fear,Boredom,0.00041992389096456254
0.013833974025347594,Fear,Fear,0.9815163512597417
0.013833974025347594,Fear,Happiness,0.0005075695595619488
0.013833974025347594,Fear,Joy,0.0006276049462745995
0.013833974025347594,Fear,Pride,0.0007315674003661838
0.013833974025347594,Fear,Sadness,0.004743682928228847
0.013833974025347594,Fear,Shame,0.011453300014862442
0.013833974025347594,Happiness,Boredom,0.0038796652662128573
0.013833974025347594,Happiness,Fear,0.00038300320978082843
0.013833974025347594,Happiness,Happiness,0.9366951361438325
0.013833974025347594,Happiness,Joy,0.0007037761691081915
0.013833974025347594,Happiness,Pride,0.024027395602536826
0.013833974025347594,Happiness,Sadness,0.0007223536730837446
0.013833974025347594,Happiness,Shame,0.03358866993544501
0.013833974025347594,Joy,Boredom,0.0003038694232105963
0.013833974025347594,Joy,Fear,0.0011059260496331744
0.013833974025347594,Joy,Happiness,0.0009166965855120288
0.013833974025347594,Joy,Joy,0.6368363674071428
0.013833974025347594,Joy,Pride,0.3120348249722083
0.013833974025347594,Joy,Sadness,0.0008340620503685413
0.013833974025347594,Joy,Shame,0.047968253511924894
0.013833974025347594,Pride,Boredom,0.0016798718483218042
0.013833974025347594,Pride,Fear,0.002604937913958903
0.013833974025347594,Pride,Happiness,0.005547701105333322
0.013833974025347594,Pride,Joy,0.06340341753763365
0.013833974025347594,Pride,Pride,0.8059357987661651
0.013833974025347594,Pride,Sadness,0.002894010106381863
0.013833974025347594,Pride,Shame,0.11793426272220578
0.013833974025347594,Sadness,Boredom,0.00017926438698769641
0.013833974025347594,Sadness,Fear,0.005131159928795806
0.013833974025347594,Sadness,Happiness,0.00033579910346929884
0.013833974025347594,Sadness,Joy,0.0006539811934328944
0.013833974025347594,Sadness,Pride,0.0007499770873315172
0.013833974025347594,Sadness,Sadness,0.9795179811194966
0.013833974025347594,Sadness,Shame,0.01343183718048638
0.013833974025347594,Shame,Boredom,0.0004927041609073102
0.013833974025347594,Shame,Fear,0.3690241113048274
0.013833974025347594,Shame,Happiness,0.0003492215395789102
0.013833974025347594,Shame,Joy,0.0006827340953064036
0.013833974025347594,Shame,Pride,0.0015249745435384975
0.013833974025347594,Shame,Sadness,0.0019827084743619904
0.013833974025347594,Shame,Shame,0.6259435458814795
0.014312906253617362,Boredom,Boredom,0.9991423467407282
0.014312906253617362,Boredom,Fear,0.00013469419274872695
0.014312906253617362,Boredom,Happiness,2.5346351493544873e-06
0.014312906253617362,Boredom,Joy,0.00018844715416235279
0.014312906253617362,Boredom,Pride,0.00014942554775737826
0.014312906253617362,Boredom,Sadness,9.647177111854169e-05
0.014312906253617362,Boredom,Shame,0.00028607995833573755
0.014312906253617362,Fear,Boredom,0.00041578112731578513
0.014312906253617362,Fear,Fear,0.9814891842125735
0.014312906253617362,Fear,Happiness,0.0005048536544985732
0.014312906253617362,Fear,Joy,0.0005974675556486073
0.014312906253617362,Fear,Pride,0.0007341766476587132
0.014312906253617362,Fear,Sadness,0.004744978889090813
0.014312906253617362,Fear,Shame,0.01151355791321392
0.014312906253617362,Happiness,Boredom,0.004066864900798773
0.014312906253617362,Happiness,Fear,0.0003930892129622569
0.014312906253617362,Happiness,Happiness,0.9339226059254835
0.014312906253617362,Happiness,Joy,0.0007170985102314221
0.014312906253617362,Happiness,Pride,0.028638151018367013
0.014312906253617362,Happiness,Sadness,0.0007640771227438916
0.014312906253617362,Happiness,Shame,0.031498113309413184
0.014312906253617362,Joy,Boredom,0.00040523651775985773
0.014312906253617362,Joy,Fear,0.0013238647460537879
0.014312906253617362,Joy,Happiness,0.0010934495600154286
0.014312906253617362,Joy,Joy,0.6296846532052726
0.014312906253617362,Joy,Pride,0.33207184763214814
0.014312906253617362,Joy,Sadness,0.0009557588322602672
0.014312906253617362,Joy,Shame,0.03446518950648972
0.014312906253617362,Pride,Boredom,0.0002982614301737565
0.014312906253617362,Pride,Fear,0.0006291534360528711
0.014312906253617362,Pride,Happiness,0.0012440728473928017
0.014312906253617362,Pride,Joy,0.021791611054349798
0.014312906253617362,Pride,Pride,0.9311327800550855
0.014312906253617362,Pride,Sadness,0.000800837529579497
0.014312906253617362,Pride,Shame,0.044103283647365925
0.014312906253617362,Sadness,Boredom,0.00017316611941046788
0.014312906253617362,Sadness,Fear,0.005178734315907239
0.014312906253617362,Sadness,Happiness,0.0003402591306601534
0.014312906253617362,Sadness,Joy,0.0006500819187570687
0.014312906253617362,Sadness,Pride,0.0007342224574750786
0.014312906253617362,Sadness,Sadness,0.9798961874718378
0.014312906253617362,Sadness,Shame,0.013027348585951979
0.014312906253617362,Shame,Boredom,0.0004897479270051426
0.014312906253617362,Shame,Fear,0.37451039529691604
0.014312906253617362,Shame,Happiness,0.0003506191353632019
0.014312906253617362,Shame,Joy,0.000584610540107662
0.014312906253617362,Shame,Pride,0.0008912711098215854
0.014312906253617362,Shame,Sadness,0.0019903591118777928
0.014312906253617362,Shame,Shame,0.6211829968789087
0.013677278646709335,Boredom,Boredom,0.9991415007350495
0.013677278646709335,Boredom,Fear,0.00013400195155399702
0.013677278646709335,Boredom,Happiness,2.466353584283032e-06
0.013677278646709335,Boredom,Joy,0.00018573744092432852
0.013677278646709335,Boredom,Pride,0.00014770875322744936
0.013677278646709335,Boredom,Sadness,9.40152460790039e-05
0.013677278646709335,Boredom,Shame,0.00029456951958107695
0.013677278646709335,Fear,Boredom,0.00042168055231665044
0.013677278646709335,Fear,Fear,0.981845046276538
0.013677278646709335,Fear,Happiness,0.0005061310119314609
0.013677278646709335,Fear,Joy,0.0006193917034843173
0.013677278646709335,Fear,Pride,0.0007302919028227352
0.013677278646709335,Fear,Sadness,0.004702119284049899
0.013677278646709335,Fear,Shame,0.011175339268856966
0.013677278646709335,Happiness,Boredom,0.003855881247155371
0.013677278646709335,Happiness,Fear,0.00041456874082174307
0.013677278646709335,Happiness,Happiness,0.9394437753971264
0.013677278646709335,Happiness,Joy,0.0007552220538015345
0.013677278646709335,Happiness,Pride,0.024278529203771347
0.013677278646709335,Happiness,Sadness,0.0007865428165649709
0.013677278646709335,Happiness,Shame,0.030465480540758545
0.013677278646709335,Joy,Boredom,0.000458334499612985
0.013677278646709335,Joy,Fear,0.0013523580527629142
0.013677278646709335,Joy,Happiness,0.0012503220946036531
0.013677278646709335,Joy,Joy,0.6738567030448352
0.013677278646709335,Joy,Pride,0.28877025704098036
0.013677278646709335,Joy,Sadness,0.0010612072271867876
0.013677278646709335,Joy,Shame,0.033250818040018316
0.013677278646709335,Pride,Boredom,0.0006258950690705116
0.013677278646709335,Pride,Fear,0.0010743009703393562
0.013677278646709335,Pride,Happiness,0.002448010171687815
0.013677278646709335,Pride,Joy,0.03572570635427358
0.013677278646709335,Pride,Pride,0.9227557990330743
0.013677278646709335,Pride,Sadness,0.0013295516648927218
0.013677278646709335,Pride,Shame,0.03604073673666157
0.013677278646709335,Sadness,Boredom,0.00017945769452075723
0.013677278646709335,Sadness,Fear,0.005143877297054813
0.013677278646709335,Sadness,Happiness,0.0003359901611689591
0.013677278646709335,Sadness,Joy,0.0006569107530554388
0.013677278646709335,Sadness,Pride,0.00074052241172798
0.013677278646709335,Sadness,Sadness,0.9797417407266019
0.013677278646709335,Sadness,Shame,0.013201500955870102
0.013677278646709335,Shame,Boredom,0.0004930661468788199
0.013677278646709335,Shame,Fear,0.3677313964081321
0.013677278646709335,Shame,Happiness,0.000347638340170136
0.013677278646709335,Shame,Joy,0.0006210696862615887
0.013677278646709335,Shame,Pride,0.0008819951419038438
0.013677278646709335,Shame,Sadness,0.0019425494825238967
0.013677278646709335,Shame,Shame,0.6279822847941299
0.014203741236895124,Boredom,Boredom,0.999140803517442
0.014203741236895124,Boredom,Fear,0.00013431268715587635
0.014203741236895124,Boredom,Happiness,2.470140825148975e-06
0.014203741236895124,Boredom,Joy,0.00018612545748197983
0.014203741236895124,Boredom,Pride,0.0001539122549806838
0.014203741236895124,Boredom,Sadness,9.451034590959767e-05
0.014203741236895124,Boredom,Shame,0.00028786559620439526
0.014203741236895124,Fear,Boredom,0.0004171605290540977
0.014203741236895124,Fear,Fear,0.9816310619817974
0.014203741236895124,Fear,Happiness,0.0005065939488143489
0.014203741236895124,Fear,Joy,0.0006338945882396165
0.014203741236895124,Fear,Pride,0.0007219953040318181
0.014203741236895124,Fear,Sadness,0.004746187374603941
0.014203741236895124,Fear,Shame,0.011343106273458864
0.014203741236895124,Happiness,Boredom,0.003999470246907368
0.014203741236895124,Happiness,Fear,0.00040707974704984426
0.014203741236895124,Happiness,Happiness,0.936320732650799
0.014203741236895124,Happiness,Joy,0.0007407737244174364
0.014203741236895124,Happiness,Pride,0.026562084846585097
0.014203741236895124,Happiness,Sadness,0.0007825185849686634
0.014203741236895124,Happiness,Shame,0.031187340199272235
0.014203741236895124,Joy,Boredom,0.00045490784050538746
0.014203741236895124,Joy,Fear,0.0012568169449507223
0.014203741236895124,Joy,Happiness,0.0012295262864563529
0.014203741236895124,Joy,Joy,0.6884969344655146
0.014203741236895124,Joy,Pride,0.2687056828869358
0.014203741236895124,Joy,Sadness,0.001048689282941241
0.014203741236895124,Joy,Shame,0.03880744229269583
0.014203741236895124,Pride,Boredom,0.0013292887176645704
0.014203741236895124,Pride,Fear,0.002067311802202797
0.014203741236895124,Pride,Happiness,0.004565144487871544
0.014203741236895124,Pride,Joy,0.05539276510328061
0.014203741236895124,Pride,Pride,0.8728155622422847
0.014203741236895124,Pride,Sadness,0.00235380266839499
0.014203741236895124,Pride,Shame,0.061476124978300614
0.014203741236895124,Sadness,Boredom,0.0001758517546991487
0.014203741236895124,Sadness,Fear,0.005109978730341356
0.014203741236895124,Sadness,Happiness,0.0003396077160330262
0.014203741236895124,Sadness,Joy,0.0006564088546648709
0.014203741236895124,Sadness,Pride,0.0007453459621673886
0.014203741236895124,Sadness,Sadness,0.9801325265385551
0.014203741236895124,Sadness,Shame,0.012840280443539543
0.014203741236895124,Shame,Boredom,0.00048768376458267526
0.014203741236895124,Shame,Fear,0.36911306174096087
0.014203741236895124,Shame,Happiness,0.0003485624595950263
0.014203741236895124,Shame,Joy,0.0006477382497584644
0.014203741236895124,Shame,Pride,0.0010009123551226495
0.014203741236895124,Shame,Sadness,0.001969096734851039
0.014203741236895124,Shame,Shame,0.6264329446951294
