C,Story,Emotion,Val
0.014000920562479377,Boredom,Boredom,0.5572211912398719
0.014000920562479377,Boredom,Fear,0.061832116243897055
0.014000920562479377,Boredom,Happiness,0.044479886703829165
0.014000920562479377,Boredom,Joy,0.17025040367326022
0.014000920562479377,Boredom,Pride,0.04124610994246782
0.014000920562479377,Boredom,Sadness,0.01520410965609628
0.014000920562479377,Boredom,Shame,0.10976618254057721
0.014000920562479377,Fear,Boredom,0.0019545904990211685
0.014000920562479377,Fear,Fear,0.9948656857170095
0.014000920562479377,Fear,Happiness,0.000567325217428843
0.014000920562479377,Fear,Joy,0.0007893149846195811
0.014000920562479377,Fear,Pride,0.0005030640646609131
0.014000920562479377,Fear,Sadness,0.0003613806944615596
0.014000920562479377,Fear,Shame,0.0009586388227981517
0.014000920562479377,Happiness,Boredom,0.9697033500435073
0.014000920562479377,Happiness,Fear,0.0001363689322404052
0.014000920562479377,Happiness,Happiness,0.02556196374080733
0.014000920562479377,Happiness,Joy,0.0009555501168383314
0.014000920562479377,Happiness,Pride,0.0028617655903420557
0.014000920562479377,Happiness,Sadness,4.5960387078189604e-05
0.014000920562479377,Happiness,Shame,0.0007350411891863517
0.014000920562479377,Joy,Boredom,0.001312460819348461
0.014000920562479377,Joy,Fear,0.012620401674931692
0.014000920562479377,Joy,Happiness,0.003273268552333807
0.014000920562479377,Joy,Joy,0.047979910330546084
0.014000920562479377,Joy,Pride,0.3076636502551103
0.014000920562479377,Joy,Sadness,0.005548394236542616
0.014000920562479377,Joy,Shame,0.621601914131187
0.014000920562479377,Pride,Boredom,0.002123308971353547
0.014000920562479377,Pride,Fear,0.00017547162578749337
0.014000920562479377,Pride,Happiness,0.025415199634889217
0.014000920562479377,Pride,Joy,0.0005266134205549682
0.014000920562479377,Pride,Pride,0.7545808433018406
0.014000920562479377,Pride,Sadness,0.0036931562787271602
0.014000920562479377,Pride,Shame,0.21348540676684669
0.014000920562479377,Sadness,Boredom,0.04687619401240512
0.014000920562479377,Sadness,Fear,0.7125821563527092
0.014000920562479377,Sadness,Happiness,0.010308003305712164
0.014000920562479377,Sadness,Joy,0.0434276584275669
0.014000920562479377,Sadness,Pride,0.01840261538956246
0.014000920562479377,Sadness,Sadness,0.008023612041348408
0.014000920562479377,Sadness,Shame,0.16037976047069613
0.014000920562479377,Shame,Boredom,0.0003177349128930326
0.014000920562479377,Shame,Fear,0.00020455660678383224
0.014000920562479377,Shame,Happiness,0.00017454073178279077
0.014000920562479377,Shame,Joy,0.00019946824197945376
0.014000920562479377,Shame,Pride,0.04610998358823056
0.014000920562479377,Shame,Sadness,0.0005414258620775835
0.014000920562479377,Shame,Shame,0.9524522900562529
0.014223560689436863,Boredom,Boredom,0.5562504750591654
0.014223560689436863,Boredom,Fear,0.06168460926823633
0.014223560689436863,Boredom,Happiness,0.04510337946563803
0.014223560689436863,Boredom,Joy,0.16972996398289553
0.014223560689436863,Boredom,Pride,0.04300606197768318
0.014223560689436863,Boredom,Sadness,0.015209317772467158
0.014223560689436863,Boredom,Shame,0.10901619247391445
0.014223560689436863,Fear,Boredom,0.001977338560441922
0.014223560689436863,Fear,Fear,0.9947983451163365
0.014223560689436863,Fear,Happiness,0.0005697668564927854
0.014223560689436863,Fear,Joy,0.000798137398412828
0.014223560689436863,Fear,Pride,0.0005168000662943546
0.014223560689436863,Fear,Sadness,0.0003663557582292929
0.014223560689436863,Fear,Shame,0.0009732562437927033
0.014223560689436863,Happiness,Boredom,0.9701692019617079
0.014223560689436863,Happiness,Fear,0.00013277291338002577
0.014223560689436863,Happiness,Happiness,0.025062293496181557
0.014223560689436863,Happiness,Joy,0.0009494583630354016
0.014223560689436863,Happiness,Pride,0.0028880646004893424
0.014223560689436863,Happiness,Sadness,4.593299045978554e-05
0.014223560689436863,Happiness,Shame,0.0007522756747459921
0.014223560689436863,Joy,Boredom,0.001702882264472875
0.014223560689436863,Joy,Fear,0.013511989964930258
0.014223560689436863,Joy,Happiness,0.004027255761942358
0.014223560689436863,Joy,Joy,0.05470988408736874
0.014223560689436863,Joy,Pride,0.31022935873602625
0.014223560689436863,Joy,Sadness,0.00636535305383404
0.014223560689436863,Joy,Shame,0.6094532761314256
0.014223560689436863,Pride,Boredom,0.0021879811388801885
0.014223560689436863,Pride,Fear,0.00019267574091514516
0.014223560689436863,Pride,Happiness,0.02863555696838999
0.014223560689436863,Pride,Joy,0.0006662741680823157
0.014223560689436863,Pride,Pride,0.7055173114499543
0.014223560689436863,Pride,Sadness,0.0035414108875488266
0.014223560689436863,Pride,Shame,0.2592587896462295
0.014223560689436863,Sadness,Boredom,0.04772247619476968
0.014223560689436863,Sadness,Fear,0.7081539674788537
0.014223560689436863,Sadness,Happiness,0.010324063357860212
0.014223560689436863,Sadness,Joy,0.044039793783671594
0.014223560689436863,Sadness,Pride,0.01936797649802393
0.014223560689436863,Sadness,Sadness,0.008218471558328635
0.014223560689436863,Sadness,Shame,0.16217325112849268
0.014223560689436863,Shame,Boredom,0.00041930778591721754
0.014223560689436863,Shame,Fear,0.0003449699524380736
0.014223560689436863,Shame,Happiness,0.0003294050312597516
0.014223560689436863,Shame,Joy,0.00047760925362805415
0.014223560689436863,Shame,Pride,0.06947588106898951
0.014223560689436863,Shame,Sadness,0.0008327866086341842
0.014223560689436863,Shame,Shame,0.928120040299133
0.013794854013697918,Boredom,Boredom,0.5579656407085488
0.013794854013697918,Boredom,Fear,0.06126932595229142
0.013794854013697918,Boredom,Happiness,0.043586084074864084
0.013794854013697918,Boredom,Joy,0.1695183421929041
0.013794854013697918,Boredom,Pride,0.04298917887054353
0.013794854013697918,Boredom,Sadness,0.014981986419069903
0.013794854013697918,Boredom,Shame,0.10968944178177832
0.013794854013697918,Fear,Boredom,0.0019453963889297468
0.013794854013697918,Fear,Fear,0.9948746797533987
0.013794854013697918,Fear,Happiness,0.000566776276736469
0.013794854013697918,Fear,Joy,0.0007899649180812591
0.013794854013697918,Fear,Pride,0.000508826140458601
0.013794854013697918,Fear,Sadness,0.00036065103642855096
0.013794854013697918,Fear,Shame,0.0009537054859667409
0.013794854013697918,Happiness,Boredom,0.9679647978960817
0.013794854013697918,Happiness,Fear,3.4584215679707566e-05
0.013794854013697918,Happiness,Happiness,0.027395768133928095
0.013794854013697918,Happiness,Joy,0.0009425896324976578
0.013794854013697918,Happiness,Pride,0.002848798273642287
0.013794854013697918,Happiness,Sadness,4.497035239807351e-05
0.013794854013697918,Happiness,Shame,0.0007684914957728791
0.013794854013697918,Joy,Boredom,0.0014830149808274116
0.013794854013697918,Joy,Fear,0.012678931675943009
0.013794854013697918,Joy,Happiness,0.003581313096845497
0.013794854013697918,Joy,Joy,0.05062719552587027
0.013794854013697918,Joy,Pride,0.2951438463809503
0.013794854013697918,Joy,Sadness,0.00579868456266787
0.013794854013697918,Joy,Shame,0.6306870137768956
0.013794854013697918,Pride,Boredom,0.002183642707632254
0.013794854013697918,Pride,Fear,0.00018455848677192594
0.013794854013697918,Pride,Happiness,0.027819798908885165
0.013794854013697918,Pride,Joy,0.0006340494021666239
0.013794854013697918,Pride,Pride,0.7182072417818698
0.013794854013697918,Pride,Sadness,0.0036610078782259433
0.013794854013697918,Pride,Shame,0.24730970083444836
0.013794854013697918,Sadness,Boredom,0.046726811770759664
0.013794854013697918,Sadness,Fear,0.7111504807910847
0.013794854013697918,Sadness,Happiness,0.010248266451397108
0.013794854013697918,Sadness,Joy,0.04312386274548514
0.013794854013697918,Sadness,Pride,0.01902684264956886
0.013794854013697918,Sadness,Sadness,0.007989315100141812
0.013794854013697918,Sadness,Shame,0.1617344204915628
0.013794854013697918,Shame,Boredom,0.0003562147155063928
0.013794854013697918,Shame,Fear,0.0002535891135170458
0.013794854013697918,Shame,Happiness,0.00023034638855699033
0.013794854013697918,Shame,Joy,0.0003345010524658581
0.013794854013697918,Shame,Pride,0.055063829603601074
0.013794854013697918,Shame,Sadness,0.0006631645104388684
0.013794854013697918,Shame,Shame,0.9430983546159137
0.01333354209358265,Boredom,Boredom,0.5578569249136396
0.01333354209358265,Boredom,Fear,0.05999294193239614
0.01333354209358265,Boredom,Happiness,0.04235943173520236
0.01333354209358265,Boredom,Joy,0.16764798291008234
0.01333354209358265,Boredom,Pride,0.04693106142025202
0.01333354209358265,Boredom,Sadness,0.014555229585237304
0.01333354209358265,Boredom,Shame,0.1106564275031904
0.01333354209358265,Fear,Boredom,0.0019257425542688203
0.01333354209358265,Fear,Fear,0.9949052446997014
0.01333354209358265,Fear,Happiness,0.0005696191672864502
0.01333354209358265,Fear,Joy,0.0007831995534461688
0.01333354209358265,Fear,Pride,0.0005025042611268516
0.01333354209358265,Fear,Sadness,0.00035578496702808976
0.01333354209358265,Fear,Shame,0.000957904797142096
0.01333354209358265,Happiness,Boredom,0.967871491037401
0.01333354209358265,Happiness,Fear,3.374983654966308e-05
0.01333354209358265,Happiness,Happiness,0.027522943337380895
0.01333354209358265,Happiness,Joy,0.0009339960308426659
0.01333354209358265,Happiness,Pride,0.0027816608823099877
0.01333354209358265,Happiness,Sadness,4.37803289725226e-05
0.01333354209358265,Happiness,Shame,0.000812378546543377
0.01333354209358265,Joy,Boredom,0.0024979783858937875
0.01333354209358265,Joy,Fear,0.01739288708759186
0.01333354209358265,Joy,Happiness,0.005737137180536083
0.01333354209358265,Joy,Joy,0.06846067159257989
0.01333354209358265,Joy,Pride,0.3655363185244751
0.01333354209358265,Joy,Sadness,0.008476388139644934
0.01333354209358265,Joy,Shame,0.5318986190892782
0.01333354209358265,Pride,Boredom,0.0022371991404415864
0.01333354209358265,Pride,Fear,0.00017954955649864885
0.01333354209358265,Pride,Happiness,0.02857424714381335
0.01333354209358265,Pride,Joy,0.0006865279716036799
0.01333354209358265,Pride,Pride,0.7124776198702508
0.01333354209358265,Pride,Sadness,0.0036434879988772053
0.01333354209358265,Pride,Shame,0.25220136831851475
0.01333354209358265,Sadness,Boredom,0.046344324275472276
0.01333354209358265,Sadness,Fear,0.7035559953274226
0.01333354209358265,Sadness,Happiness,0.010048122473811486
0.01333354209358265,Sadness,Joy,0.04197291110357712
0.01333354209358265,Sadness,Pride,0.02057388264588335
0.01333354209358265,Sadness,Sadness,0.007869183547802182
0.01333354209358265,Sadness,Shame,0.169635580626031
0.01333354209358265,Shame,Boredom,0.0004736863701731556
0.01333354209358265,Shame,Fear,0.0004810605771521731
0.01333354209358265,Shame,Happiness,0.0003308862262625414
0.01333354209358265,Shame,Joy,0.0009200223326549793
0.01333354209358265,Shame,Pride,0.1492893061489868
0.01333354209358265,Shame,Sadness,0.0016684579671785947
0.01333354209358265,Shame,Shame,0.8468365803775917
0.013659755539622384,Boredom,Boredom,0.564211930098753
0.013659755539622384,Boredom,Fear,0.060449947132154465
0.013659755539622384,Boredom,Happiness,0.04258828703754893
0.013659755539622384,Boredom,Joy,0.1687990191993129
0.013659755539622384,Boredom,Pride,0.040425426671943536
0.013659755539622384,Boredom,Sadness,0.01476078049438665
0.013659755539622384,Boredom,Shame,0.10876460936589982
0.013659755539622384,Fear,Boredom,0.001949979276178488
0.013659755539622384,Fear,Fear,0.9948937308915674
0.013659755539622384,Fear,Happiness,0.0005685366669672273
0.013659755539622384,Fear,Joy,0.0007907280485025054
0.013659755539622384,Fear,Pride,0.0004950777788575686
0.013659755539622384,Fear,Sadness,0.0003605769434626102
0.013659755539622384,Fear,Shame,0.000941370394464133
0.013659755539622384,Happiness,Boredom,0.9676825054121787
0.013659755539622384,Happiness,Fear,0.00015116596887076712
0.013659755539622384,Happiness,Happiness,0.027565663965063558
0.013659755539622384,Happiness,Joy,0.0009371559507948611
0.013659755539622384,Happiness,Pride,0.00286441823983953
0.013659755539622384,Happiness,Sadness,4.534239324853331e-05
0.013659755539622384,Happiness,Shame,0.0007537480700041871
0.013659755539622384,Joy,Boredom,0.00098668609504409
0.013659755539622384,Joy,Fear,0.010895539597927325
0.013659755539622384,Joy,Happiness,0.0025694428856189787
0.013659755539622384,Joy,Joy,0.04081450730851075
0.013659755539622384,Joy,Pride,0.2816040016957627
0.013659755539622384,Joy,Sadness,0.004725262077795483
0.013659755539622384,Joy,Shame,0.658404560339341
0.013659755539622384,Pride,Boredom,0.0021312370655304155
0.013659755539622384,Pride,Fear,0.00017362514997749503
0.013659755539622384,Pride,Happiness,0.026865792152391186
0.013659755539622384,Pride,Joy,0.0005163507453430962
0.013659755539622384,Pride,Pride,0.7446101095983558
0.013659755539622384,Pride,Sadness,0.003737902499297535
0.013659755539622384,Pride,Shame,0.22196498278910412
0.013659755539622384,Sadness,Boredom,0.04706303412267296
0.013659755539622384,Sadness,Fear,0.7071407756103346
0.013659755539622384,Sadness,Happiness,0.010239990428389838
0.013659755539622384,Sadness,Joy,0.042924613325070506
0.013659755539622384,Sadness,Pride,0.018307027080383426
0.013659755539622384,Sadness,Sadness,0.007981708433060083
0.013659755539622384,Sadness,Shame,0.16634285100008847
0.013659755539622384,Shame,Boredom,0.0002862612946516056
0.013659755539622384,Shame,Fear,0.00015635163258995874
0.013659755539622384,Shame,Happiness,0.00012838673225296077
0.013659755539622384,Shame,Joy,0.00013783553923870157
0.013659755539622384,Shame,Pride,0.0377400511694867
0.013659755539622384,Shame,Sadness,0.00044019940229534835
0.013659755539622384,Shame,Shame,0.9611109142294851
0.013257919668485713,Boredom,Boredom,0.5631338735962912
0.013257919668485713,Boredom,Fear,0.06021883260010918
0.013257919668485713,Boredom,Happiness,0.04190664655362715
0.013257919668485713,Boredom,Joy,0.16913858157097125
0.013257919668485713,Boredom,Pride,0.040757799322808416
0.013257919668485713,Boredom,Sadness,0.014728502322752914
0.013257919668485713,Boredom,Shame,0.1101157640334395
0.013257919668485713,Fear,Boredom,0.001937976399866508
0.013257919668485713,Fear,Fear,0.9949065306361435
0.013257919668485713,Fear,Happiness,0.000572451390951746
0.013257919668485713,Fear,Joy,0.0007835246844417576
0.013257919668485713,Fear,Pride,0.0004884474140070051
0.013257919668485713,Fear,Sadness,0.00035663623237870305
0.013257919668485713,Fear,Shame,0.0009544332422108539
0.013257919668485713,Happiness,Boredom,0.9678378550087148
0.013257919668485713,Happiness,Fear,0.00015019416948156548
0.013257919668485713,Happiness,Happiness,0.02749715158499754
0.013257919668485713,Happiness,Joy,0.0009448107500820283
0.013257919668485713,Happiness,Pride,0.002791902289797481
0.013257919668485713,Happiness,Sadness,4.469727740773516e-05
0.013257919668485713,Happiness,Shame,0.0007333889195189526
0.013257919668485713,Joy,Boredom,0.0010199240811705032
0.013257919668485713,Joy,Fear,0.011795295558604159
0.013257919668485713,Joy,Happiness,0.002701015512552832
0.013257919668485713,Joy,Joy,0.04204278110161435
0.013257919668485713,Joy,Pride,0.30764560198678154
0.013257919668485713,Joy,Sadness,0.005039102518685227
0.013257919668485713,Joy,Shame,0.629756279240591
0.013257919668485713,Pride,Boredom,0.0021467813895351996
0.013257919668485713,Pride,Fear,0.00016910298111442323
0.013257919668485713,Pride,Happiness,0.024944042026298654
0.013257919668485713,Pride,Joy,0.0004978383840578663
0.013257919668485713,Pride,Pride,0.7749052692091978
0.013257919668485713,Pride,Sadness,0.0038469642167872557
0.013257919668485713,Pride,Shame,0.1934900017930088
0.013257919668485713,Sadness,Boredom,0.046185460998230767
0.013257919668485713,Sadness,Fear,0.7048244907983313
0.013257919668485713,Sadness,Happiness,0.010126334821488316
0.013257919668485713,Sadness,Joy,0.041827241789553854
0.013257919668485713,Sadness,Pride,0.01790127672582233
0.013257919668485713,Sadness,Sadness,0.007762868078573555
0.013257919668485713,Sadness,Shame,0.17137232678799957
0.013257919668485713,Shame,Boredom,0.000308965913985216
0.013257919668485713,Shame,Fear,0.00019450381386501903
0.013257919668485713,Shame,Happiness,0.00016958964931105443
0.013257919668485713,Shame,Joy,0.00014496821237040337
0.013257919668485713,Shame,Pride,0.04582761039360883
0.013257919668485713,Shame,Sadness,0.0005218441871675492
0.013257919668485713,Shame,Shame,0.9528325178296916
0.014045007350985178,Boredom,Boredom,0.5554949348519937
0.014045007350985178,Boredom,Fear,0.061829482934935356
0.014045007350985178,Boredom,Happiness,0.04437876344929285
0.014045007350985178,Boredom,Joy,0.17005584547034192
0.014045007350985178,Boredom,Pride,0.04251450852596186
0.014045007350985178,Boredom,Sadness,0.015225016720714118
0.014045007350985178,Boredom,Shame,0.11050144804675999
0.014045007350985178,Fear,Boredom,0.0019602737782047487
0.014045007350985178,Fear,Fear,0.9948739094566008
0.014045007350985178,Fear,Happiness,0.0005682610852497648
0.014045007350985178,Fear,Joy,0.0007900176163064638
0.014045007350985178,Fear,Pride,0.0005054203813336321
0.014045007350985178,Fear,Sadness,0.00036306431012569657
0.014045007350985178,Fear,Shame,0.0009390533721790056
0.014045007350985178,Happiness,Boredom,0.9681915939890529
0.014045007350985178,Happiness,Fear,0.00014746290712498917
0.014045007350985178,Happiness,Happiness,0.02701467845252665
0.014045007350985178,Happiness,Joy,0.0009619823200629222
0.014045007350985178,Happiness,Pride,0.0028818885406220757
0.014045007350985178,Happiness,Sadness,4.6411602874477946e-05
0.014045007350985178,Happiness,Shame,0.0007559821877360303
0.014045007350985178,Joy,Boredom,0.0016868096473404198
0.014045007350985178,Joy,Fear,0.014914435292762759
0.014045007350985178,Joy,Happiness,0.004114592828492162
0.014045007350985178,Joy,Joy,0.05609668828067479
0.014045007350985178,Joy,Pride,0.3587850370571579
0.014045007350985178,Joy,Sadness,0.006723216109609142
0.014045007350985178,Joy,Shame,0.5576792207839625
0.014045007350985178,Pride,Boredom,0.002127291258053915
0.014045007350985178,Pride,Fear,0.00017970466664486465
0.014045007350985178,Pride,Happiness,0.024326383283027705
0.014045007350985178,Pride,Joy,0.0005304912628125605
0.014045007350985178,Pride,Pride,0.7525586088987618
0.014045007350985178,Pride,Sadness,0.003690886296176484
0.014045007350985178,Pride,Shame,0.21658663433452255
0.014045007350985178,Sadness,Boredom,0.04728870698714794
0.014045007350985178,Sadness,Fear,0.7074060774613643
0.014045007350985178,Sadness,Happiness,0.010236641641802132
0.014045007350985178,Sadness,Joy,0.04330938424246078
0.014045007350985178,Sadness,Pride,0.018929708090319936
0.014045007350985178,Sadness,Sadness,0.008049877821993333
0.014045007350985178,Sadness,Shame,0.1647796037549117
0.014045007350985178,Shame,Boredom,0.0003313688717740459
0.014045007350985178,Shame,Fear,0.0002656601280865705
0.014045007350985178,Shame,Happiness,0.00015830619954358243
0.014045007350985178,Shame,Joy,0.00029539838109807307
0.014045007350985178,Shame,Pride,0.08340338739528765
0.014045007350985178,Shame,Sadness,0.0009439658828051381
0.014045007350985178,Shame,Shame,0.914601913141405
0.015002925254679235,Boredom,Boredom,0.5550227230719144
0.015002925254679235,Boredom,Fear,0.06313352184777099
0.015002925254679235,Boredom,Happiness,0.04677359251200318
0.015002925254679235,Boredom,Joy,0.17014977841737353
0.015002925254679235,Boredom,Pride,0.040040209000735856
0.015002925254679235,Boredom,Sadness,0.015556381486065621
0.015002925254679235,Boredom,Shame,0.10932379366413611
0.015002925254679235,Fear,Boredom,0.0019731861517143963
0.015002925254679235,Fear,Fear,0.9948150475081637
0.015002925254679235,Fear,Happiness,0.0005783063013313046
0.015002925254679235,Fear,Joy,0.000789865875320796
0.015002925254679235,Fear,Pride,0.0005214319474971676
0.015002925254679235,Fear,Sadness,0.0003642484553363986
0.015002925254679235,Fear,Shame,0.0009579137606362042
0.015002925254679235,Happiness,Boredom,0.969788706222213
0.015002925254679235,Happiness,Fear,0.00013473662129546873
0.015002925254679235,Happiness,Happiness,0.025277099749024857
0.015002925254679235,Happiness,Joy,0.0009319463775067232
0.015002925254679235,Happiness,Pride,0.003070186658943083
0.015002925254679235,Happiness,Sadness,4.623878200830947e-05
0.015002925254679235,Happiness,Shame,0.000751085589008493
0.015002925254679235,Joy,Boredom,0.00028086925975957767
0.015002925254679235,Joy,Fear,0.008043609546681091
0.015002925254679235,Joy,Happiness,0.0010986277088388628
0.015002925254679235,Joy,Joy,0.018774355016697365
0.015002925254679235,Joy,Pride,0.2541480965069971
0.015002925254679235,Joy,Sadness,0.0029141409301508404
0.015002925254679235,Joy,Shame,0.7147403010308753
0.015002925254679235,Pride,Boredom,0.00220582477918878
0.015002925254679235,Pride,Fear,0.00020646164682414932
0.015002925254679235,Pride,Happiness,0.02568106864869037
0.015002925254679235,Pride,Joy,0.0005200394060902416
0.015002925254679235,Pride,Pride,0.6815142994570393
0.015002925254679235,Pride,Sadness,0.0034060873268770575
0.015002925254679235,Pride,Shame,0.2864662187352896
0.015002925254679235,Sadness,Boredom,0.048181203602490494
0.015002925254679235,Sadness,Fear,0.7166673477119819
0.015002925254679235,Sadness,Happiness,0.010612929560860258
0.015002925254679235,Sadness,Joy,0.04359933896998294
0.015002925254679235,Sadness,Pride,0.018741635192023782
0.015002925254679235,Sadness,Sadness,0.008327224998543192
0.015002925254679235,Sadness,Shame,0.15387031996411737
0.015002925254679235,Shame,Boredom,0.00026414535749791346
0.015002925254679235,Shame,Fear,0.00013364611392867106
0.015002925254679235,Shame,Happiness,9.812757037592813e-05
0.015002925254679235,Shame,Joy,7.851681644167847e-05
0.015002925254679235,Shame,Pride,0.03070705818927688
0.015002925254679235,Shame,Sadness,0.00037788504030198354
0.015002925254679235,Shame,Shame,0.9683406209121765
0.013631666368808826,Boredom,Boredom,0.5620722895311995
0.013631666368808826,Boredom,Fear,0.060418638849446
0.013631666368808826,Boredom,Happiness,0.04240290990103952
0.013631666368808826,Boredom,Joy,0.16861526965404472
0.013631666368808826,Boredom,Pride,0.042340511289570004
0.013631666368808826,Boredom,Sadness,0.01475342649885931
0.013631666368808826,Boredom,Shame,0.10939695427584135
0.013631666368808826,Fear,Boredom,0.0019332291740837366
0.013631666368808826,Fear,Fear,0.9948986554485305
0.013631666368808826,Fear,Happiness,0.0005689796176383118
0.013631666368808826,Fear,Joy,0.000785415989034463
0.013631666368808826,Fear,Pride,0.0005049909904762544
0.013631666368808826,Fear,Sadness,0.0003605537312133002
0.013631666368808826,Fear,Shame,0.0009481750490235908
0.013631666368808826,Happiness,Boredom,0.9677511243359305
0.013631666368808826,Happiness,Fear,0.0001501782152733838
0.013631666368808826,Happiness,Happiness,0.02747990612537278
0.013631666368808826,Happiness,Joy,0.000939312476754248
0.013631666368808826,Happiness,Pride,0.002860198064164513
0.013631666368808826,Happiness,Sadness,4.527853564213715e-05
0.013631666368808826,Happiness,Shame,0.0007740022468623295
0.013631666368808826,Joy,Boredom,0.0011429716522773745
0.013631666368808826,Joy,Fear,0.011520062158129231
0.013631666368808826,Joy,Happiness,0.002892966564060116
0.013631666368808826,Joy,Joy,0.044348169952954826
0.013631666368808826,Joy,Pride,0.2911323656427665
0.013631666368808826,Joy,Sadness,0.005120657977699065
0.013631666368808826,Joy,Shame,0.6438428060521131
0.013631666368808826,Pride,Boredom,0.0021789744964189543
0.013631666368808826,Pride,Fear,0.00018030806968462066
0.013631666368808826,Pride,Happiness,0.027015626077542636
0.013631666368808826,Pride,Joy,0.0005645021248274058
0.013631666368808826,Pride,Pride,0.7203707314863752
0.013631666368808826,Pride,Sadness,0.003649619811731567
0.013631666368808826,Pride,Shame,0.24604023793341967
0.013631666368808826,Sadness,Boredom,0.046489304331429525
0.013631666368808826,Sadness,Fear,0.7101532950528765
0.013631666368808826,Sadness,Happiness,0.010225289160593008
0.013631666368808826,Sadness,Joy,0.04278109744819885
0.013631666368808826,Sadness,Pride,0.018889720385595412
0.013631666368808826,Sadness,Sadness,0.007930757012190218
0.013631666368808826,Sadness,Shame,0.1635305366091163
0.013631666368808826,Shame,Boredom,0.00034010788067353543
0.013631666368808826,Shame,Fear,0.00023100234134315205
0.013631666368808826,Shame,Happiness,0.0002091542587778125
0.013631666368808826,Shame,Joy,0.00023938966113451552
0.013631666368808826,Shame,Pride,0.05211247820733926
0.013631666368808826,Shame,Sadness,0.0006124994506278651
0.013631666368808826,Shame,Shame,0.9462553682001038
0.01353567910155618,Boredom,Boredom,0.5633721216852884
0.01353567910155618,Boredom,Fear,0.06026215237241535
0.01353567910155618,Boredom,Happiness,0.04238892644315885
0.01353567910155618,Boredom,Joy,0.16812710948554765
0.01353567910155618,Boredom,Pride,0.04159566195547437
0.01353567910155618,Boredom,Sadness,0.014655804185570293
0.01353567910155618,Boredom,Shame,0.10959822387254524
0.01353567910155618,Fear,Boredom,0.0019463289573735003
0.01353567910155618,Fear,Fear,0.9949150997278555
0.01353567910155618,Fear,Happiness,0.0005707372602537755
0.01353567910155618,Fear,Joy,0.0007831651277452149
0.01353567910155618,Fear,Pride,0.0004929431675476036
0.01353567910155618,Fear,Sadness,0.000358179741877291
0.01353567910155618,Fear,Shame,0.0009335460173467374
0.01353567910155618,Happiness,Boredom,0.9663982584157986
0.01353567910155618,Happiness,Fear,3.387419493799645e-05
0.01353567910155618,Happiness,Happiness,0.029004021070033515
0.01353567910155618,Happiness,Joy,0.0009214901969913133
0.01353567910155618,Happiness,Pride,0.002836927014846701
0.01353567910155618,Happiness,Sadness,4.409102245455221e-05
0.01353567910155618,Happiness,Shame,0.000761338084936937
0.01353567910155618,Joy,Boredom,0.002180225856759903
0.01353567910155618,Joy,Fear,0.016485046834910297
0.01353567910155618,Joy,Happiness,0.0051060683168801056
0.01353567910155618,Joy,Joy,0.06406439577323879
0.01353567910155618,Joy,Pride,0.3640560154359663
0.01353567910155618,Joy,Sadness,0.007741813736012947
0.01353567910155618,Joy,Shame,0.5403664340462315
0.01353567910155618,Pride,Boredom,0.002123921853427386
0.01353567910155618,Pride,Fear,0.0001710935511015562
0.01353567910155618,Pride,Happiness,0.025790093718680945
0.01353567910155618,Pride,Joy,0.0005313504630504506
0.01353567910155618,Pride,Pride,0.7645797367960148
0.01353567910155618,Pride,Sadness,0.003706336975675776
0.01353567910155618,Pride,Shame,0.2030974666420494
0.01353567910155618,Sadness,Boredom,0.046293936452944426
0.01353567910155618,Sadness,Fear,0.7111276155955631
0.01353567910155618,Sadness,Happiness,0.010233703444631285
0.01353567910155618,Sadness,Joy,0.04244599727160613
0.01353567910155618,Sadness,Pride,0.018849040980179952
0.01353567910155618,Sadness,Sadness,0.007840634903030858
0.01353567910155618,Sadness,Shame,0.1632090713520444
0.01353567910155618,Shame,Boredom,0.0003611468036535547
0.01353567910155618,Shame,Fear,0.0003114253506306134
0.01353567910155618,Shame,Happiness,0.00018555509189129775
0.01353567910155618,Shame,Joy,0.0003738621283717784
0.01353567910155618,Shame,Pride,0.0986993044713086
0.01353567910155618,Shame,Sadness,0.0010726090406203061
0.01353567910155618,Shame,Shame,0.898996097113524
0.014366564225085587,Boredom,Boredom,0.5552251168486475
0.014366564225085587,Boredom,Fear,0.06236566081891492
0.014366564225085587,Boredom,Happiness,0.04530091892875033
0.014366564225085587,Boredom,Joy,0.1699007171799085
0.014366564225085587,Boredom,Pride,0.043129294912377304
0.014366564225085587,Boredom,Sadness,0.015315388615488803
0.014366564225085587,Boredom,Shame,0.10876290269591256
0.014366564225085587,Fear,Boredom,0.0019699134126208735
0.014366564225085587,Fear,Fear,0.9948283125381123
0.014366564225085587,Fear,Happiness,0.0005693655182636594
0.014366564225085587,Fear,Joy,0.000796731182524469
0.014366564225085587,Fear,Pride,0.0005205969994992716
0.014366564225085587,Fear,Sadness,0.0003621266961632322
0.014366564225085587,Fear,Shame,0.0009529536528159057
0.014366564225085587,Happiness,Boredom,0.9687932322061782
0.014366564225085587,Happiness,Fear,0.00014248318666209317
0.014366564225085587,Happiness,Happiness,0.026298729397460793
0.014366564225085587,Happiness,Joy,0.0009524124407584825
0.014366564225085587,Happiness,Pride,0.0030227070520072166
0.014366564225085587,Happiness,Sadness,4.6774585081323054e-05
0.014366564225085587,Happiness,Shame,0.0007436611318517163
0.014366564225085587,Joy,Boredom,0.0009559544007542111
0.014366564225085587,Joy,Fear,0.01124003640640216
0.014366564225085587,Joy,Happiness,0.0025326392216414584
0.014366564225085587,Joy,Joy,0.04025629543769
0.014366564225085587,Joy,Pride,0.2935572571022325
0.014366564225085587,Joy,Sadness,0.004729277022547891
0.014366564225085587,Joy,Shame,0.6467285404087315
0.014366564225085587,Pride,Boredom,0.002153591711494766
0.014366564225085587,Pride,Fear,0.00019462464959839343
0.014366564225085587,Pride,Happiness,0.026113757316428215
0.014366564225085587,Pride,Joy,0.0005528005231403236
0.014366564225085587,Pride,Pride,0.6994544217332233
0.014366564225085587,Pride,Sadness,0.0034061455200658773
0.014366564225085587,Pride,Shame,0.2681246585460492
0.014366564225085587,Sadness,Boredom,0.04801859985924173
0.014366564225085587,Sadness,Fear,0.707656537268023
0.014366564225085587,Sadness,Happiness,0.010348180301492562
0.014366564225085587,Sadness,Joy,0.04383821875655014
0.014366564225085587,Sadness,Pride,0.019054195074462033
0.014366564225085587,Sadness,Sadness,0.008261488078045645
0.014366564225085587,Sadness,Shame,0.16282278066218484
0.014366564225085587,Shame,Boredom,0.00033017534162827796
0.014366564225085587,Shame,Fear,0.00023340988202073516
0.014366564225085587,Shame,Happiness,0.00019844121522204016
0.014366564225085587,Shame,Joy,0.0002205496573868465
0.014366564225085587,Shame,Pride,0.050065608791993135
0.014366564225085587,Shame,Sadness,0.0005810716812615633
0.014366564225085587,Shame,Shame,0.9483707434304871
0.014267069782065149,Boredom,Boredom,0.553511686884717
0.014267069782065149,Boredom,Fear,0.06214710830391695
0.014267069782065149,Boredom,Happiness,0.045404669918447854
0.014267069782065149,Boredom,Joy,0.16977898458979274
0.014267069782065149,Boredom,Pride,0.044684381825753336
0.014267069782065149,Boredom,Sadness,0.015280236532222812
0.014267069782065149,Boredom,Shame,0.10919293194514937
0.014267069782065149,Fear,Boredom,0.0019731788394622587
0.014267069782065149,Fear,Fear,0.9948308146199702
0.014267069782065149,Fear,Happiness,0.0005708846897893125
0.014267069782065149,Fear,Joy,0.000795323172964951
0.014267069782065149,Fear,Pride,0.0005234964188507809
0.014267069782065149,Fear,Sadness,0.0003622360490122925
0.014267069782065149,Fear,Shame,0.0009440662099500375
0.014267069782065149,Happiness,Boredom,0.9692386953098396
0.014267069782065149,Happiness,Fear,0.00013995802290491178
0.014267069782065149,Happiness,Happiness,0.025968411285881093
0.014267069782065149,Happiness,Joy,0.0009556563683834172
0.014267069782065149,Happiness,Pride,0.002896822858179573
0.014267069782065149,Happiness,Sadness,4.627322501498472e-05
0.014267069782065149,Happiness,Shame,0.0007541829297963733
0.014267069782065149,Joy,Boredom,0.001555021214491161
0.014267069782065149,Joy,Fear,0.013324427838630637
0.014267069782065149,Joy,Happiness,0.0037501975782960853
0.014267069782065149,Joy,Joy,0.05234481734162556
0.014267069782065149,Joy,Pride,0.3105140704088045
0.014267069782065149,Joy,Sadness,0.006103283307128361
0.014267069782065149,Joy,Shame,0.6124081823110239
0.014267069782065149,Pride,Boredom,0.0021949468193361394
0.014267069782065149,Pride,Fear,0.0001952465308127899
0.014267069782065149,Pride,Happiness,0.02706346543180394
0.014267069782065149,Pride,Joy,0.0006996039944284885
0.014267069782065149,Pride,Pride,0.6987528045449856
0.014267069782065149,Pride,Sadness,0.003486981881679897
0.014267069782065149,Pride,Shame,0.2676069507969532
0.014267069782065149,Sadness,Boredom,0.047819401674420996
0.014267069782065149,Sadness,Fear,0.7072039622870623
0.014267069782065149,Sadness,Happiness,0.010303899986314405
0.014267069782065149,Sadness,Joy,0.04378287678477443
0.014267069782065149,Sadness,Pride,0.019571042287866495
0.014267069782065149,Sadness,Sadness,0.00823472951177825
0.014267069782065149,Sadness,Shame,0.16308408746778322
0.014267069782065149,Shame,Boredom,0.00041937770255194204
0.014267069782065149,Shame,Fear,0.0003479397014345991
0.014267069782065149,Shame,Happiness,0.00032662728456362073
0.014267069782065149,Shame,Joy,0.0005036443249224024
0.014267069782065149,Shame,Pride,0.06910422452196603
0.014267069782065149,Shame,Sadness,0.0008272615486298142
0.014267069782065149,Shame,Shame,0.9284709249159315
0.014078884800686841,Boredom,Boredom,0.5559230408871556
0.014078884800686841,Boredom,Fear,0.06212807709285774
0.014078884800686841,Boredom,Happiness,0.04494597648523529
0.014078884800686841,Boredom,Joy,0.17058717973286494
0.014078884800686841,Boredom,Pride,0.041088407740755915
0.014078884800686841,Boredom,Sadness,0.015336596459331414
0.014078884800686841,Boredom,Shame,0.10999072160179889
0.014078884800686841,Fear,Boredom,0.001967919039567854
0.014078884800686841,Fear,Fear,0.9948098615862628
0.014078884800686841,Fear,Happiness,0.0005682409794477739
0.014078884800686841,Fear,Joy,0.0007938151437092119
0.014078884800686841,Fear,Pride,0.0005078354768406162
0.014078884800686841,Fear,Sadness,0.0003644539687499537
0.014078884800686841,Fear,Shame,0.0009878738054214056
0.014078884800686841,Happiness,Boredom,0.9680258187949564
0.014078884800686841,Happiness,Fear,3.5014573568845685e-05
0.014078884800686841,Happiness,Happiness,0.02733297809641872
0.014078884800686841,Happiness,Joy,0.0009406324517271525
0.014078884800686841,Happiness,Pride,0.0028775396850158614
0.014078884800686841,Happiness,Sadness,4.54154456111343e-05
0.014078884800686841,Happiness,Shame,0.0007426009527017291
0.014078884800686841,Joy,Boredom,0.0003829050981849571
0.014078884800686841,Joy,Fear,0.008460858838143452
0.014078884800686841,Joy,Happiness,0.0013022336434740066
0.014078884800686841,Joy,Joy,0.022345793153239705
0.014078884800686841,Joy,Pride,0.25127184482577586
0.014078884800686841,Joy,Sadness,0.003069241549861146
0.014078884800686841,Joy,Shame,0.7131671228913209
0.014078884800686841,Pride,Boredom,0.0021951385557265144
0.014078884800686841,Pride,Fear,0.00019036848161788222
0.014078884800686841,Pride,Happiness,0.026823824729734054
0.014078884800686841,Pride,Joy,0.0005058529963062998
0.014078884800686841,Pride,Pride,0.7073202742104369
0.014078884800686841,Pride,Sadness,0.0035269450435926873
0.014078884800686841,Pride,Shame,0.25943759598258576
0.014078884800686841,Sadness,Boredom,0.04721386299657049
0.014078884800686841,Sadness,Fear,0.7109796939385018
0.014078884800686841,Sadness,Happiness,0.01031767257252231
0.014078884800686841,Sadness,Joy,0.0435527131121264
0.014078884800686841,Sadness,Pride,0.018267027568235648
0.014078884800686841,Sadness,Sadness,0.008053121494738523
0.014078884800686841,Sadness,Shame,0.16161590831730516
0.014078884800686841,Shame,Boredom,0.00037910421024640927
0.014078884800686841,Shame,Fear,0.0001844885893687118
0.014078884800686841,Shame,Happiness,0.00035763599449472553
0.014078884800686841,Shame,Joy,0.0003113662642297631
0.014078884800686841,Shame,Pride,0.026210106114221296
0.014078884800686841,Shame,Sadness,0.0003659660279378149
0.014078884800686841,Shame,Shame,0.972191332799501
0.013303701473472089,Boredom,Boredom,0.5607665828129568
0.013303701473472089,Boredom,Fear,0.060199735254952466
0.013303701473472089,Boredom,Happiness,0.04228467599406712
0.013303701473472089,Boredom,Joy,0.16869581172466377
0.013303701473472089,Boredom,Pride,0.04301681837998083
0.013303701473472089,Boredom,Sadness,0.014703522845837999
0.013303701473472089,Boredom,Shame,0.11033285298754095
0.013303701473472089,Fear,Boredom,0.001931039362946923
0.013303701473472089,Fear,Fear,0.9949224670732384
0.013303701473472089,Fear,Happiness,0.0005723892237847911
0.013303701473472089,Fear,Joy,0.0007824816521439194
0.013303701473472089,Fear,Pride,0.0004968433975350885
0.013303701473472089,Fear,Sadness,0.0003551979370082855
0.013303701473472089,Fear,Shame,0.0009395813533428747
0.013303701473472089,Happiness,Boredom,0.9678753814957228
0.013303701473472089,Happiness,Fear,0.00014979306633225168
0.013303701473472089,Happiness,Happiness,0.027492048096493568
0.013303701473472089,Happiness,Joy,0.0009390735488079173
0.013303701473472089,Happiness,Pride,0.0027492065572062427
0.013303701473472089,Happiness,Sadness,4.436538911289941e-05
0.013303701473472089,Happiness,Shame,0.0007501318463244032
0.013303701473472089,Joy,Boredom,0.0020031415003717427
0.013303701473472089,Joy,Fear,0.015351215375919634
0.013303701473472089,Joy,Happiness,0.00470949891689304
0.013303701473472089,Joy,Joy,0.06059035562779502
0.013303701473472089,Joy,Pride,0.34200981227863064
0.013303701473472089,Joy,Sadness,0.007284624864799447
0.013303701473472089,Joy,Shame,0.5680513514355904
0.013303701473472089,Pride,Boredom,0.0021991087519998113
0.013303701473472089,Pride,Fear,0.00017052091737365072
0.013303701473472089,Pride,Happiness,0.02636074641847946
0.013303701473472089,Pride,Joy,0.000585217386736368
0.013303701473472089,Pride,Pride,0.7648639580339457
0.013303701473472089,Pride,Sadness,0.0038076471206471285
0.013303701473472089,Pride,Shame,0.20201280137081817
0.013303701473472089,Sadness,Boredom,0.04636872873964867
0.013303701473472089,Sadness,Fear,0.7031192402499873
0.013303701473472089,Sadness,Happiness,0.010113458916290211
0.013303701473472089,Sadness,Joy,0.04187883153091586
0.013303701473472089,Sadness,Pride,0.018689352765332956
0.013303701473472089,Sadness,Sadness,0.007807842579388474
0.013303701473472089,Sadness,Shame,0.1720225452184363
0.013303701473472089,Shame,Boredom,0.00048159728612190357
0.013303701473472089,Shame,Fear,0.0004113247763245428
0.013303701473472089,Shame,Happiness,0.0004187438284384586
0.013303701473472089,Shame,Joy,0.0004576686891636118
0.013303701473472089,Shame,Pride,0.0824224114989902
0.013303701473472089,Shame,Sadness,0.0009561360229111626
0.013303701473472089,Shame,Shame,0.9148521178980502
0.013978109940480737,Boredom,Boredom,0.5562964108645764
0.013978109940480737,Boredom,Fear,0.06164062413732011
0.013978109940480737,Boredom,Happiness,0.04448259263349721
0.013978109940480737,Boredom,Joy,0.17027838356089092
0.013978109940480737,Boredom,Pride,0.04221612382192977
0.013978109940480737,Boredom,Sadness,0.015204253668604128
0.013978109940480737,Boredom,Shame,0.10988161131318135
0.013978109940480737,Fear,Boredom,0.001955000562424463
0.013978109940480737,Fear,Fear,0.9948503030555014
0.013978109940480737,Fear,Happiness,0.0005658889633838464
0.013978109940480737,Fear,Joy,0.0007908174296625075
0.013978109940480737,Fear,Pride,0.000511169223101609
0.013978109940480737,Fear,Sadness,0.00036355235111311466
0.013978109940480737,Fear,Shame,0.0009632684148128329
0.013978109940480737,Happiness,Boredom,0.9685242081425478
0.013978109940480737,Happiness,Fear,0.0001448583674303122
0.013978109940480737,Happiness,Happiness,0.02668903684367687
0.013978109940480737,Happiness,Joy,0.0009584871252533141
0.013978109940480737,Happiness,Pride,0.0028750856726364564
0.013978109940480737,Happiness,Sadness,4.606611250368274e-05
0.013978109940480737,Happiness,Shame,0.0007622577359514409
0.013978109940480737,Joy,Boredom,0.0008138997503962277
0.013978109940480737,Joy,Fear,0.01050638527525738
0.013978109940480737,Joy,Happiness,0.0022308913321842003
0.013978109940480737,Joy,Joy,0.03677421336453508
0.013978109940480737,Joy,Pride,0.28719588641550475
0.013978109940480737,Joy,Sadness,0.004365719452252248
0.013978109940480737,Joy,Shame,0.65811300440987
0.013978109940480737,Pride,Boredom,0.002169787316169247
0.013978109940480737,Pride,Fear,0.00018555646782832393
0.013978109940480737,Pride,Happiness,0.028007985847277258
0.013978109940480737,Pride,Joy,0.0005277976991222702
0.013978109940480737,Pride,Pride,0.7033561137184366
0.013978109940480737,Pride,Sadness,0.0035199978357235086
0.013978109940480737,Pride,Shame,0.2622327611154431
0.013978109940480737,Sadness,Boredom,0.04698869510564982
0.013978109940480737,Sadness,Fear,0.7103187132587052
0.013978109940480737,Sadness,Happiness,0.010263038671823916
0.013978109940480737,Sadness,Joy,0.04333763556831101
0.013978109940480737,Sadness,Pride,0.018854218621790108
0.013978109940480737,Sadness,Sadness,0.008055363554854384
0.013978109940480737,Sadness,Shame,0.1621823352188656
0.013978109940480737,Shame,Boredom,0.00031786184328290185
0.013978109940480737,Shame,Fear,0.000200594343858169
0.013978109940480737,Shame,Happiness,0.0001744050568777984
0.013978109940480737,Shame,Joy,0.000166293508394132
0.013978109940480737,Shame,Pride,0.0462011481239765
0.013978109940480737,Shame,Sadness,0.0005374934733129596
0.013978109940480737,Shame,Shame,0.9524022036502975
0.014520317266718473,Boredom,Boredom,0.5581904566066563
0.014520317266718473,Boredom,Fear,0.06253644744861774
0.014520317266718473,Boredom,Happiness,0.04589562071457125
0.014520317266718473,Boredom,Joy,0.17007714844107483
0.014520317266718473,Boredom,Pride,0.03975158290423558
0.014520317266718473,Boredom,Sadness,0.015380584058038282
0.014520317266718473,Boredom,Shame,0.10816815982680617
0.014520317266718473,Fear,Boredom,0.0019729360784515866
0.014520317266718473,Fear,Fear,0.994861256527608
0.014520317266718473,Fear,Happiness,0.0005727800150453684
0.014520317266718473,Fear,Joy,0.0007917436245364677
0.014520317266718473,Fear,Pride,0.0005069006308255325
0.014520317266718473,Fear,Sadness,0.0003631622844248913
0.014520317266718473,Fear,Shame,0.00093122083910868
0.014520317266718473,Happiness,Boredom,0.9693827884367797
0.014520317266718473,Happiness,Fear,0.00013759447240963886
0.014520317266718473,Happiness,Happiness,0.025677462658124983
0.014520317266718473,Happiness,Joy,0.0009387074977934728
0.014520317266718473,Happiness,Pride,0.0030982088329763336
0.014520317266718473,Happiness,Sadness,4.6626454180836465e-05
0.014520317266718473,Happiness,Shame,0.0007186116477351022
0.014520317266718473,Joy,Boredom,0.0005458903857629027
0.014520317266718473,Joy,Fear,0.009406479037872824
0.014520317266718473,Joy,Happiness,0.0016594203133212181
0.014520317266718473,Joy,Joy,0.02863495256191709
0.014520317266718473,Joy,Pride,0.26930725677709444
0.014520317266718473,Joy,Sadness,0.003596009210215624
0.014520317266718473,Joy,Shame,0.6868499917138157
0.014520317266718473,Pride,Boredom,0.002115637558414067
0.014520317266718473,Pride,Fear,0.00018440834523305582
0.014520317266718473,Pride,Happiness,0.02647738831671264
0.014520317266718473,Pride,Joy,0.0004912765388285408
0.014520317266718473,Pride,Pride,0.7182901617709218
0.014520317266718473,Pride,Sadness,0.0035112501686320728
0.014520317266718473,Pride,Shame,0.2489298773012581
0.014520317266718473,Sadness,Boredom,0.04790438968913597
0.014520317266718473,Sadness,Fear,0.7143411492088639
0.014520317266718473,Sadness,Happiness,0.010438480372019998
0.014520317266718473,Sadness,Joy,0.04383739320685463
0.014520317266718473,Sadness,Pride,0.018226968582579342
0.014520317266718473,Sadness,Sadness,0.008194813951626351
0.014520317266718473,Sadness,Shame,0.1570568049889202
0.014520317266718473,Shame,Boredom,0.00025819104892587584
0.014520317266718473,Shame,Fear,0.0001228998842725371
0.014520317266718473,Shame,Happiness,9.097243263001236e-05
0.014520317266718473,Shame,Joy,8.447226904034801e-05
0.014520317266718473,Shame,Pride,0.02935448773533919
0.014520317266718473,Shame,Sadness,0.0003492049731133212
0.014520317266718473,Shame,Shame,0.969739771656679
0.012994081941948357,Boredom,Boredom,0.5595466884979606
0.012994081941948357,Boredom,Fear,0.05951858739702505
0.012994081941948357,Boredom,Happiness,0.04173176059113263
0.012994081941948357,Boredom,Joy,0.1685466152901432
0.012994081941948357,Boredom,Pride,0.04455750257639217
0.012994081941948357,Boredom,Sadness,0.014636145576931046
0.012994081941948357,Boredom,Shame,0.1114627000704151
0.012994081941948357,Fear,Boredom,0.001924399506894428
0.012994081941948357,Fear,Fear,0.9949627910677673
0.012994081941948357,Fear,Happiness,0.0005786276424025341
0.012994081941948357,Fear,Joy,0.0007767949473221893
0.012994081941948357,Fear,Pride,0.0005055810721971716
0.012994081941948357,Fear,Sadness,0.0003622622057860798
0.012994081941948357,Fear,Shame,0.0008895435576300615
0.012994081941948357,Happiness,Boredom,0.9667448947217515
0.012994081941948357,Happiness,Fear,3.349455656083549e-05
0.012994081941948357,Happiness,Happiness,0.02882975043350839
0.012994081941948357,Happiness,Joy,0.0009258227258653076
0.012994081941948357,Happiness,Pride,0.0026788736530499397
0.012994081941948357,Happiness,Sadness,4.3449990841362e-05
0.012994081941948357,Happiness,Shame,0.0007437139184233237
0.012994081941948357,Joy,Boredom,0.0035184442082196623
0.012994081941948357,Joy,Fear,0.020103610649480803
0.012994081941948357,Joy,Happiness,0.007849320383738567
0.012994081941948357,Joy,Joy,0.08044454365862372
0.012994081941948357,Joy,Pride,0.3626484270937886
0.012994081941948357,Joy,Sadness,0.010403848946331638
0.012994081941948357,Joy,Shame,0.5150318050598175
0.012994081941948357,Pride,Boredom,0.002198736779140093
0.012994081941948357,Pride,Fear,0.0001733292383090616
0.012994081941948357,Pride,Happiness,0.028191432041718652
0.012994081941948357,Pride,Joy,0.0008207398577451413
0.012994081941948357,Pride,Pride,0.7735069146196023
0.012994081941948357,Pride,Sadness,0.0038888940121160486
0.012994081941948357,Pride,Shame,0.19121995345136855
0.012994081941948357,Sadness,Boredom,0.04491576284285884
0.012994081941948357,Sadness,Fear,0.7151711451622494
0.012994081941948357,Sadness,Happiness,0.010254798311983948
0.012994081941948357,Sadness,Joy,0.042035593641386926
0.012994081941948357,Sadness,Pride,0.019885535179002746
0.012994081941948357,Sadness,Sadness,0.0077700119149160555
0.012994081941948357,Sadness,Shame,0.15996715294760191
0.012994081941948357,Shame,Boredom,0.00042360225035607704
0.012994081941948357,Shame,Fear,0.00038343373885820896
0.012994081941948357,Shame,Happiness,0.00029182958706601593
0.012994081941948357,Shame,Joy,0.0010196398564072924
0.012994081941948357,Shame,Pride,0.12322638447006001
0.012994081941948357,Shame,Sadness,0.001373699296835656
0.012994081941948357,Shame,Shame,0.8732814108004169
0.013657551721479939,Boredom,Boredom,0.5641732397221165
0.013657551721479939,Boredom,Fear,0.06052664173025478
0.013657551721479939,Boredom,Happiness,0.042413524184437223
0.013657551721479939,Boredom,Joy,0.16898178448975928
0.013657551721479939,Boredom,Pride,0.04045538419393757
0.013657551721479939,Boredom,Sadness,0.014774025399141476
0.013657551721479939,Boredom,Shame,0.10867540028035307
0.013657551721479939,Fear,Boredom,0.001947867359794844
0.013657551721479939,Fear,Fear,0.9948551623578729
0.013657551721479939,Fear,Happiness,0.0005680727475626078
0.013657551721479939,Fear,Joy,0.0007902153272716425
0.013657551721479939,Fear,Pride,0.0004988944381182001
0.013657551721479939,Fear,Sadness,0.0003607085833695767
0.013657551721479939,Fear,Shame,0.0009790791860103194
0.013657551721479939,Happiness,Boredom,0.9684462898766459
0.013657551721479939,Happiness,Fear,0.00014525578791064637
0.013657551721479939,Happiness,Happiness,0.026827876472410823
0.013657551721479939,Happiness,Joy,0.0009387711373053239
0.013657551721479939,Happiness,Pride,0.0028392670431798845
0.013657551721479939,Happiness,Sadness,4.533613672764836e-05
0.013657551721479939,Happiness,Shame,0.0007572035458195948
0.013657551721479939,Joy,Boredom,0.0004895992174448534
0.013657551721479939,Joy,Fear,0.009024951473582685
0.013657551721479939,Joy,Happiness,0.0015384462331123538
0.013657551721479939,Joy,Joy,0.026719431177240148
0.013657551721479939,Joy,Pride,0.2614554815128032
0.013657551721479939,Joy,Sadness,0.003475123574549431
0.013657551721479939,Joy,Shame,0.6972969668112673
0.013657551721479939,Pride,Boredom,0.0021876632600751995
0.013657551721479939,Pride,Fear,0.00018442108663200768
0.013657551721479939,Pride,Happiness,0.02763065417130388
0.013657551721479939,Pride,Joy,0.0005080049195298054
0.013657551721479939,Pride,Pride,0.7152513480305677
0.013657551721479939,Pride,Sadness,0.003627395336535367
0.013657551721479939,Pride,Shame,0.2506105131953564
0.013657551721479939,Sadness,Boredom,0.04698528719774127
0.013657551721479939,Sadness,Fear,0.7079202304982813
0.013657551721479939,Sadness,Happiness,0.010214063162638455
0.013657551721479939,Sadness,Joy,0.042973994436981224
0.013657551721479939,Sadness,Pride,0.01819608500653635
0.013657551721479939,Sadness,Sadness,0.007980936818733615
0.013657551721479939,Sadness,Shame,0.16572940287908736
0.013657551721479939,Shame,Boredom,0.0002678250671354832
0.013657551721479939,Shame,Fear,0.00012966233347509024
0.013657551721479939,Shame,Happiness,0.0001007459021662394
0.013657551721479939,Shame,Joy,8.49344856001353e-05
0.013657551721479939,Shame,Pride,0.03194611011212117
0.013657551721479939,Shame,Sadness,0.00037073873113532054
0.013657551721479939,Shame,Shame,0.9670999833683666
0.012577255178344316,Boredom,Boredom,0.5540375144122024
0.012577255178344316,Boredom,Fear,0.058518150521995604
0.012577255178344316,Boredom,Happiness,0.04045172266558314
0.012577255178344316,Boredom,Joy,0.16795852950494455
0.012577255178344316,Boredom,Pride,0.051798192865236924
0.012577255178344316,Boredom,Sadness,0.014519763221185198
0.012577255178344316,Boredom,Shame,0.11271612680885205
0.012577255178344316,Fear,Boredom,0.001923892736701034
0.012577255178344316,Fear,Fear,0.9949119932936623
0.012577255178344316,Fear,Happiness,0.0005799640353147093
0.012577255178344316,Fear,Joy,0.0007734520042469906
0.012577255178344316,Fear,Pride,0.0005215928658793584
0.012577255178344316,Fear,Sadness,0.00035758408744380153
0.012577255178344316,Fear,Shame,0.0009315209767517115
0.012577255178344316,Happiness,Boredom,0.9633508867077397
0.012577255178344316,Happiness,Fear,3.349609311605355e-05
0.012577255178344316,Happiness,Happiness,0.03213306648369832
0.012577255178344316,Happiness,Joy,0.000924106004195118
0.012577255178344316,Happiness,Pride,0.0027097173648402886
0.012577255178344316,Happiness,Sadness,4.34919998862837e-05
0.012577255178344316,Happiness,Shame,0.0008052353465241915
0.012577255178344316,Joy,Boredom,0.004188187837099754
0.012577255178344316,Joy,Fear,0.02183906325210785
0.012577255178344316,Joy,Happiness,0.009180929579526428
0.012577255178344316,Joy,Joy,0.08601980579537845
0.012577255178344316,Joy,Pride,0.35338748341011034
0.012577255178344316,Joy,Sadness,0.011525366760531902
0.012577255178344316,Joy,Shame,0.5138591633652453
0.012577255178344316,Pride,Boredom,0.0022448453889170987
0.012577255178344316,Pride,Fear,0.0001756791424607162
0.012577255178344316,Pride,Happiness,0.03147629715701304
0.012577255178344316,Pride,Joy,0.0017445452246942605
0.012577255178344316,Pride,Pride,0.7041417363551905
0.012577255178344316,Pride,Sadness,0.0036645910238573814
0.012577255178344316,Pride,Shame,0.25655230570786686
0.012577255178344316,Sadness,Boredom,0.04481218978938644
0.012577255178344316,Sadness,Fear,0.7113364368249627
0.012577255178344316,Sadness,Happiness,0.010166440525123936
0.012577255178344316,Sadness,Joy,0.04163562914872099
0.012577255178344316,Sadness,Pride,0.022574568092077644
0.012577255178344316,Sadness,Sadness,0.007802450944863141
0.012577255178344316,Sadness,Shame,0.16167228467486502
0.012577255178344316,Shame,Boredom,0.0006096378456842345
0.012577255178344316,Shame,Fear,0.00060276798191335
0.012577255178344316,Shame,Happiness,0.0006170926676011171
0.012577255178344316,Shame,Joy,0.0031332952157695224
0.012577255178344316,Shame,Pride,0.18135568400777005
0.012577255178344316,Shame,Sadness,0.002137891027910578
0.012577255178344316,Shame,Shame,0.8115436312533506
0.013034998318081956,Boredom,Boredom,0.560313765952987
0.013034998318081956,Boredom,Fear,0.05971717396377148
0.013034998318081956,Boredom,Happiness,0.041950820555124384
0.013034998318081956,Boredom,Joy,0.16858801417534003
0.013034998318081956,Boredom,Pride,0.04353160126086967
0.013034998318081956,Boredom,Sadness,0.014653888025393365
0.013034998318081956,Boredom,Shame,0.1112447360665141
0.013034998318081956,Fear,Boredom,0.0019269611164738317
0.013034998318081956,Fear,Fear,0.9949146108164865
0.013034998318081956,Fear,Happiness,0.0005789383621349252
0.013034998318081956,Fear,Joy,0.0007757783459801037
0.013034998318081956,Fear,Pride,0.0004975585284396586
0.013034998318081956,Fear,Sadness,0.0003624364859635976
0.013034998318081956,Fear,Shame,0.0009437163445215728
0.013034998318081956,Happiness,Boredom,0.9670705287945269
0.013034998318081956,Happiness,Fear,3.3945205160435774e-05
0.013034998318081956,Happiness,Happiness,0.02840269909806983
0.013034998318081956,Happiness,Joy,0.0009241316861897217
0.013034998318081956,Happiness,Pride,0.0027728090450855167
0.013034998318081956,Happiness,Sadness,4.362123064643216e-05
0.013034998318081956,Happiness,Shame,0.0007522649403209247
0.013034998318081956,Joy,Boredom,0.0028364053036936863
0.013034998318081956,Joy,Fear,0.018397481364358936
0.013034998318081956,Joy,Happiness,0.00651726598545245
0.013034998318081956,Joy,Joy,0.07324415244768445
0.013034998318081956,Joy,Pride,0.36627784194248586
0.013034998318081956,Joy,Sadness,0.009194027975778058
0.013034998318081956,Joy,Shame,0.5235328249805462
0.013034998318081956,Pride,Boredom,0.0022039699622773156
0.013034998318081956,Pride,Fear,0.0001722712604596428
0.013034998318081956,Pride,Happiness,0.028356609415735146
0.013034998318081956,Pride,Joy,0.0006252081050704025
0.013034998318081956,Pride,Pride,0.7652657373788766
0.013034998318081956,Pride,Sadness,0.003853207183585267
0.013034998318081956,Pride,Shame,0.19952299669399545
0.013034998318081956,Sadness,Boredom,0.045391084913898136
0.013034998318081956,Sadness,Fear,0.7096756551032364
0.013034998318081956,Sadness,Happiness,0.01019137522278284
0.013034998318081956,Sadness,Joy,0.04164658223842789
0.013034998318081956,Sadness,Pride,0.01948178716339564
0.013034998318081956,Sadness,Sadness,0.0077477139939828524
0.013034998318081956,Sadness,Shame,0.16586580136427606
0.013034998318081956,Shame,Boredom,0.00040225524572184453
0.013034998318081956,Shame,Fear,0.0003552286700419545
0.013034998318081956,Shame,Happiness,0.0002412198319719764
0.013034998318081956,Shame,Joy,0.0006224684820240888
0.013034998318081956,Shame,Pride,0.1177159943008406
0.013034998318081956,Shame,Sadness,0.001288154689314484
0.013034998318081956,Shame,Shame,0.8793746787800851
0.012621771698273235,Boredom,Boredom,0.5590074907893753
0.012621771698273235,Boredom,Fear,0.05903201451837058
0.012621771698273235,Boredom,Happiness,0.04056435958234275
0.012621771698273235,Boredom,Joy,0.1692479178315597
0.012621771698273235,Boredom,Pride,0.04507748730446174
0.012621771698273235,Boredom,Sadness,0.014712344849016797
0.012621771698273235,Boredom,Shame,0.11235838512487273
0.012621771698273235,Fear,Boredom,0.001923957164740919
0.012621771698273235,Fear,Fear,0.9949017484776915
0.012621771698273235,Fear,Happiness,0.0005801015189756643
0.012621771698273235,Fear,Joy,0.0007740381944264574
0.012621771698273235,Fear,Pride,0.000505293814503378
0.012621771698273235,Fear,Sadness,0.00035826409236261426
0.012621771698273235,Fear,Shame,0.0009565967372993118
0.012621771698273235,Happiness,Boredom,0.9636544965433537
0.012621771698273235,Happiness,Fear,3.391585546103091e-05
0.012621771698273235,Happiness,Happiness,0.03176461994376449
0.012621771698273235,Happiness,Joy,0.0009322925558897147
0.012621771698273235,Happiness,Pride,0.0027971365432104675
0.012621771698273235,Happiness,Sadness,4.4256583212739005e-05
0.012621771698273235,Happiness,Shame,0.000773281975108053
0.012621771698273235,Joy,Boredom,0.0016283136875684732
0.012621771698273235,Joy,Fear,0.014022078381469445
0.012621771698273235,Joy,Happiness,0.003957152706698084
0.012621771698273235,Joy,Joy,0.05443044268795287
0.012621771698273235,Joy,Pride,0.3325226811207012
0.012621771698273235,Joy,Sadness,0.006476961309537633
0.012621771698273235,Joy,Shame,0.5869623701060723
0.012621771698273235,Pride,Boredom,0.0021971657099048385
0.012621771698273235,Pride,Fear,0.00017149653883399903
0.012621771698273235,Pride,Happiness,0.031635363210557495
0.012621771698273235,Pride,Joy,0.0005589691271579552
0.012621771698273235,Pride,Pride,0.7161501966863215
0.012621771698273235,Pride,Sadness,0.003641323308785048
0.012621771698273235,Pride,Shame,0.24564548541843928
0.012621771698273235,Sadness,Boredom,0.04480812039261697
0.012621771698273235,Sadness,Fear,0.7116968504659777
0.012621771698273235,Sadness,Happiness,0.010208699774249562
0.012621771698273235,Sadness,Joy,0.041340831446711426
0.012621771698273235,Sadness,Pride,0.01969227029978864
0.012621771698273235,Sadness,Sadness,0.007706273259466866
0.012621771698273235,Sadness,Shame,0.1645469543611887
0.012621771698273235,Shame,Boredom,0.00034317030432060367
0.012621771698273235,Shame,Fear,0.00026091877545740907
0.012621771698273235,Shame,Happiness,0.00016809731679343084
0.012621771698273235,Shame,Joy,0.0003503068420147265
0.012621771698273235,Shame,Pride,0.09336364325570644
0.012621771698273235,Shame,Sadness,0.0009823405581324443
0.012621771698273235,Shame,Shame,0.9045315229475747
0.013824073906569876,Boredom,Boredom,0.5580173959733794
0.013824073906569876,Boredom,Fear,0.061374443357839974
0.013824073906569876,Boredom,Happiness,0.043673966470819794
0.013824073906569876,Boredom,Joy,0.16963710757047548
0.013824073906569876,Boredom,Pride,0.0426638103536511
0.013824073906569876,Boredom,Sadness,0.015000367403017292
0.013824073906569876,Boredom,Shame,0.1096329088708171
0.013824073906569876,Fear,Boredom,0.0019424780496282218
0.013824073906569876,Fear,Fear,0.9948659478941991
0.013824073906569876,Fear,Happiness,0.0005686339501729474
0.013824073906569876,Fear,Joy,0.0007888461863604913
0.013824073906569876,Fear,Pride,0.0005043374048326228
0.013824073906569876,Fear,Sadness,0.0003614058363833032
0.013824073906569876,Fear,Shame,0.0009683506784236158
0.013824073906569876,Happiness,Boredom,0.9675750091449794
0.013824073906569876,Happiness,Fear,3.469805230329964e-05
0.013824073906569876,Happiness,Happiness,0.027774614224829186
0.013824073906569876,Happiness,Joy,0.0009389295244798166
0.013824073906569876,Happiness,Pride,0.0028755357587162515
0.013824073906569876,Happiness,Sadness,4.4819199256108194e-05
0.013824073906569876,Happiness,Shame,0.0007563940954359608
0.013824073906569876,Joy,Boredom,0.0014655088119473372
0.013824073906569876,Joy,Fear,0.013280769048565868
0.013824073906569876,Joy,Happiness,0.0035945278059694554
0.013824073906569876,Joy,Joy,0.051043822884851126
0.013824073906569876,Joy,Pride,0.31757446483519125
0.013824073906569876,Joy,Sadness,0.00594038024798127
0.013824073906569876,Joy,Shame,0.6071005263654942
0.013824073906569876,Pride,Boredom,0.00216237189490474
0.013824073906569876,Pride,Fear,0.0001816546118705682
0.013824073906569876,Pride,Happiness,0.02712063685571166
0.013824073906569876,Pride,Joy,0.000570670333155699
0.013824073906569876,Pride,Pride,0.7311580701882303
0.013824073906569876,Pride,Sadness,0.0036537524463778723
0.013824073906569876,Pride,Shame,0.23515284366974934
0.013824073906569876,Sadness,Boredom,0.04677750451961469
0.013824073906569876,Sadness,Fear,0.7104528630481924
0.013824073906569876,Sadness,Happiness,0.010239912992484685
0.013824073906569876,Sadness,Joy,0.04300849598237465
0.013824073906569876,Sadness,Pride,0.01891676083368062
0.013824073906569876,Sadness,Sadness,0.007974240656394299
0.013824073906569876,Sadness,Shame,0.1626302219672588
0.013824073906569876,Shame,Boredom,0.00039043626539192244
0.013824073906569876,Shame,Fear,0.00029968269581630085
0.013824073906569876,Shame,Happiness,0.0002802760265461132
0.013824073906569876,Shame,Joy,0.0003182212102478134
0.013824073906569876,Shame,Pride,0.06278613043977496
0.013824073906569876,Shame,Sadness,0.0007426940410981115
0.013824073906569876,Shame,Shame,0.9351825593211246
0.013051529902073105,Boredom,Boredom,0.5577554665747487
0.013051529902073105,Boredom,Fear,0.05950497768104736
0.013051529902073105,Boredom,Happiness,0.041917547922554504
0.013051529902073105,Boredom,Joy,0.16772632394959167
0.013051529902073105,Boredom,Pride,0.04753359177988162
0.013051529902073105,Boredom,Sadness,0.014551381744215134
0.013051529902073105,Boredom,Shame,0.11101071034796053
0.013051529902073105,Fear,Boredom,0.0019332155631200836
0.013051529902073105,Fear,Fear,0.9948987526506757
0.013051529902073105,Fear,Happiness,0.0005788655924956331
0.013051529902073105,Fear,Joy,0.0007819552246625219
0.013051529902073105,Fear,Pride,0.0005177125747004113
0.013051529902073105,Fear,Sadness,0.00036509120435371554
0.013051529902073105,Fear,Shame,0.0009244071899920374
0.013051529902073105,Happiness,Boredom,0.9651934154328448
0.013051529902073105,Happiness,Fear,3.3523971042546757e-05
0.013051529902073105,Happiness,Happiness,0.03029248217116629
0.013051529902073105,Happiness,Joy,0.0009195708559409193
0.013051529902073105,Happiness,Pride,0.0027157803992716423
0.013051529902073105,Happiness,Sadness,4.336562079715593e-05
0.013051529902073105,Happiness,Shame,0.000801861548936689
0.013051529902073105,Joy,Boredom,0.0026382444498840524
0.013051529902073105,Joy,Fear,0.01692036466352814
0.013051529902073105,Joy,Happiness,0.0059542887546921875
0.013051529902073105,Joy,Joy,0.06903660627794107
0.013051529902073105,Joy,Pride,0.3414224030224358
0.013051529902073105,Joy,Sadness,0.008473173193728228
0.013051529902073105,Joy,Shame,0.5555549196377906
0.013051529902073105,Pride,Boredom,0.002244982458505499
0.013051529902073105,Pride,Fear,0.00017880974172096488
0.013051529902073105,Pride,Happiness,0.03005151797430075
0.013051529902073105,Pride,Joy,0.0008940525456344097
0.013051529902073105,Pride,Pride,0.7009960732095228
0.013051529902073105,Pride,Sadness,0.0036053442577476747
0.013051529902073105,Pride,Shame,0.262029219812568
0.013051529902073105,Sadness,Boredom,0.04569086216763678
0.013051529902073105,Sadness,Fear,0.705819346061056
0.013051529902073105,Sadness,Happiness,0.01014761142586953
0.013051529902073105,Sadness,Joy,0.0417850753394332
0.013051529902073105,Sadness,Pride,0.020836364414706238
0.013051529902073105,Sadness,Sadness,0.007831057752466179
0.013051529902073105,Sadness,Shame,0.167889682838832
0.013051529902073105,Shame,Boredom,0.000450136480615764
0.013051529902073105,Shame,Fear,0.00042378704052513805
0.013051529902073105,Shame,Happiness,0.0003299412642680489
0.013051529902073105,Shame,Joy,0.0012059131816894247
0.013051529902073105,Shame,Pride,0.1330674371813313
0.013051529902073105,Shame,Sadness,0.0015031934560369542
0.013051529902073105,Shame,Shame,0.8630195913955331
0.014202995658390742,Boredom,Boredom,0.5568119770101178
0.014202995658390742,Boredom,Fear,0.061769795362776624
0.014202995658390742,Boredom,Happiness,0.04503288966385919
0.014202995658390742,Boredom,Joy,0.17005486574555065
0.014202995658390742,Boredom,Pride,0.041784394686574446
0.014202995658390742,Boredom,Sadness,0.015253504705578355
0.014202995658390742,Boredom,Shame,0.10929257282554304
0.014202995658390742,Fear,Boredom,0.0019767662151326127
0.014202995658390742,Fear,Fear,0.9948252854858058
0.014202995658390742,Fear,Happiness,0.0005690337831593661
0.014202995658390742,Fear,Joy,0.0007983756136288205
0.014202995658390742,Fear,Pride,0.0005100882476649786
0.014202995658390742,Fear,Sadness,0.0003649953032403167
0.014202995658390742,Fear,Shame,0.0009554553513683172
0.014202995658390742,Happiness,Boredom,0.9713005033907337
0.014202995658390742,Happiness,Fear,0.0001246046218018893
0.014202995658390742,Happiness,Happiness,0.023945195925228306
0.014202995658390742,Happiness,Joy,0.0009396645078051666
0.014202995658390742,Happiness,Pride,0.0029016122684133337
0.014202995658390742,Happiness,Sadness,4.5579052402436e-05
0.014202995658390742,Happiness,Shame,0.0007428402336149612
0.014202995658390742,Joy,Boredom,0.0011739052160069877
0.014202995658390742,Joy,Fear,0.012432099837068493
0.014202995658390742,Joy,Happiness,0.0030148367659485506
0.014202995658390742,Joy,Joy,0.04546122608135389
0.014202995658390742,Joy,Pride,0.3170375118470928
0.014202995658390742,Joy,Sadness,0.005382384744227253
0.014202995658390742,Joy,Shame,0.6154980355083024
0.014202995658390742,Pride,Boredom,0.0021422933032078464
0.014202995658390742,Pride,Fear,0.0001812212632023841
0.014202995658390742,Pride,Happiness,0.025672163525251694
0.014202995658390742,Pride,Joy,0.0005235145076574416
0.014202995658390742,Pride,Pride,0.7248015174708727
0.014202995658390742,Pride,Sadness,0.0035704195370994977
0.014202995658390742,Pride,Shame,0.24310887039270854
0.014202995658390742,Sadness,Boredom,0.04774247467014254
0.014202995658390742,Sadness,Fear,0.7076101633801916
0.014202995658390742,Sadness,Happiness,0.010316459655238738
0.014202995658390742,Sadness,Joy,0.04380791700272363
0.014202995658390742,Sadness,Pride,0.018775716849640998
0.014202995658390742,Sadness,Sadness,0.00816144607522034
0.014202995658390742,Sadness,Shame,0.1635858223668425
0.014202995658390742,Shame,Boredom,0.000370461901302744
0.014202995658390742,Shame,Fear,0.0002820987358434931
0.014202995658390742,Shame,Happiness,0.00025490023153355005
0.014202995658390742,Shame,Joy,0.00024446270039506674
0.014202995658390742,Shame,Pride,0.05910085050983443
0.014202995658390742,Shame,Sadness,0.0006939860051157196
0.014202995658390742,Shame,Shame,0.9390532399159749
0.014117301772230473,Boredom,Boredom,0.5558095158297586
0.014117301772230473,Boredom,Fear,0.0619435477987012
0.014117301772230473,Boredom,Happiness,0.04511809921830404
0.014117301772230473,Boredom,Joy,0.17066114132656782
0.014117301772230473,Boredom,Pride,0.04070287710850893
0.014117301772230473,Boredom,Sadness,0.01535189526143149
0.014117301772230473,Boredom,Shame,0.11041292345672761
0.014117301772230473,Fear,Boredom,0.001957152840230648
0.014117301772230473,Fear,Fear,0.9948682786795491
0.014117301772230473,Fear,Happiness,0.0005677240176321019
0.014117301772230473,Fear,Joy,0.0007924885196260527
0.014117301772230473,Fear,Pride,0.0005022067342137213
0.014117301772230473,Fear,Sadness,0.00036219715907617186
0.014117301772230473,Fear,Shame,0.0009499520496722689
0.014117301772230473,Happiness,Boredom,0.9692476417011346
0.014117301772230473,Happiness,Fear,0.00013926639680200069
0.014117301772230473,Happiness,Happiness,0.02596090682851391
0.014117301772230473,Happiness,Joy,0.000953828925309647
0.014117301772230473,Happiness,Pride,0.0029032210015910794
0.014117301772230473,Happiness,Sadness,4.632322209661466e-05
0.014117301772230473,Happiness,Shame,0.0007488119245521034
0.014117301772230473,Joy,Boredom,0.0008579153472952778
0.014117301772230473,Joy,Fear,0.010917436162048762
0.014117301772230473,Joy,Happiness,0.0023392312053180184
0.014117301772230473,Joy,Joy,0.03797388470943486
0.014117301772230473,Joy,Pride,0.2949635624681702
0.014117301772230473,Joy,Sadness,0.004511525458032805
0.014117301772230473,Joy,Shame,0.6484364446497001
0.014117301772230473,Pride,Boredom,0.0021324117332474158
0.014117301772230473,Pride,Fear,0.00017986216838685481
0.014117301772230473,Pride,Happiness,0.0267850355843399
0.014117301772230473,Pride,Joy,0.0005025451580759575
0.014117301772230473,Pride,Pride,0.7376272328141964
0.014117301772230473,Pride,Sadness,0.0036416931577461596
0.014117301772230473,Pride,Shame,0.22913121938400718
0.014117301772230473,Sadness,Boredom,0.04698701027557464
0.014117301772230473,Sadness,Fear,0.712027509177577
0.014117301772230473,Sadness,Happiness,0.010329279180314751
0.014117301772230473,Sadness,Joy,0.04362237815173138
0.014117301772230473,Sadness,Pride,0.018400437367286155
0.014117301772230473,Sadness,Sadness,0.008057383070759367
0.014117301772230473,Sadness,Shame,0.1605760027767565
0.014117301772230473,Shame,Boredom,0.0002909310863408409
0.014117301772230473,Shame,Fear,0.0001712655422041724
0.014117301772230473,Shame,Happiness,0.0001410980832817496
0.014117301772230473,Shame,Joy,0.00013157300360934856
0.014117301772230473,Shame,Pride,0.03998257308598756
0.014117301772230473,Shame,Sadness,0.0004685444339264745
0.014117301772230473,Shame,Shame,0.9588140147646502
0.01386011369004174,Boredom,Boredom,0.5568721940279081
0.01386011369004174,Boredom,Fear,0.06146976801932696
0.01386011369004174,Boredom,Happiness,0.04403714727357399
0.01386011369004174,Boredom,Joy,0.16962541422249547
0.01386011369004174,Boredom,Pride,0.04338192305982785
0.01386011369004174,Boredom,Sadness,0.01504889509508185
0.01386011369004174,Boredom,Shame,0.10956465830178551
0.01386011369004174,Fear,Boredom,0.0019421389840135047
0.01386011369004174,Fear,Fear,0.994889484220157
0.01386011369004174,Fear,Happiness,0.0005669229770173316
0.01386011369004174,Fear,Joy,0.0007876027296653906
0.01386011369004174,Fear,Pride,0.0005099037563722593
0.01386011369004174,Fear,Sadness,0.0003608287050590885
0.01386011369004174,Fear,Shame,0.0009431186277154849
0.01386011369004174,Happiness,Boredom,0.9679848538672305
0.01386011369004174,Happiness,Fear,3.4364263382224117e-05
0.01386011369004174,Happiness,Happiness,0.027355409802939344
0.01386011369004174,Happiness,Joy,0.0009458286171462842
0.01386011369004174,Happiness,Pride,0.002863280421403573
0.01386011369004174,Happiness,Sadness,4.5021772434750306e-05
0.01386011369004174,Happiness,Shame,0.000771241255463264
0.01386011369004174,Joy,Boredom,0.0015152163572294977
0.01386011369004174,Joy,Fear,0.01323948576249948
0.01386011369004174,Joy,Happiness,0.0036821912909448585
0.01386011369004174,Joy,Joy,0.05162664722871585
0.01386011369004174,Joy,Pride,0.30906219401473345
0.01386011369004174,Joy,Sadness,0.0059857093201319935
0.01386011369004174,Joy,Shame,0.6148885560257447
0.01386011369004174,Pride,Boredom,0.0021867827355846847
0.01386011369004174,Pride,Fear,0.00018980348782320877
0.01386011369004174,Pride,Happiness,0.028023116542726437
0.01386011369004174,Pride,Joy,0.0006183166127617408
0.01386011369004174,Pride,Pride,0.7052394979769062
0.01386011369004174,Pride,Sadness,0.003574685453531173
0.01386011369004174,Pride,Shame,0.2601677971906661
0.01386011369004174,Sadness,Boredom,0.04680729896528507
0.01386011369004174,Sadness,Fear,0.7117652755239356
0.01386011369004174,Sadness,Happiness,0.010263111114522841
0.01386011369004174,Sadness,Joy,0.043068073920612925
0.01386011369004174,Sadness,Pride,0.01918815546486111
0.01386011369004174,Sadness,Sadness,0.007989448020885756
0.01386011369004174,Sadness,Shame,0.1609186369898963
0.01386011369004174,Shame,Boredom,0.0004163412377180555
0.01386011369004174,Shame,Fear,0.00033433285974421724
0.01386011369004174,Shame,Happiness,0.00031749936492756603
0.01386011369004174,Shame,Joy,0.0003988861118948388
0.01386011369004174,Shame,Pride,0.06809205397006017
0.01386011369004174,Shame,Sadness,0.0008103192013811218
0.01386011369004174,Shame,Shame,0.929630567254274
0.012116629487454676,Boredom,Boredom,0.5669368486590933
0.012116629487454676,Boredom,Fear,0.056351804539453335
0.012116629487454676,Boredom,Happiness,0.03721471883086102
0.012116629487454676,Boredom,Joy,0.16534850338433627
0.012116629487454676,Boredom,Pride,0.04870400659930218
0.012116629487454676,Boredom,Sadness,0.013819744860045766
0.012116629487454676,Boredom,Shame,0.11162437312690775
0.012116629487454676,Fear,Boredom,0.0019269245086186051
0.012116629487454676,Fear,Fear,0.9949577463492096
0.012116629487454676,Fear,Happiness,0.0005760886264827872
0.012116629487454676,Fear,Joy,0.0007675662028832717
0.012116629487454676,Fear,Pride,0.0005061464945262104
0.012116629487454676,Fear,Sadness,0.000358128579660482
0.012116629487454676,Fear,Shame,0.0009073992386190018
0.012116629487454676,Happiness,Boredom,0.9599059781048879
0.012116629487454676,Happiness,Fear,3.3791445432055954e-05
0.012116629487454676,Happiness,Happiness,0.03571924059174244
0.012116629487454676,Happiness,Joy,0.0008958759625415741
0.012116629487454676,Happiness,Pride,0.0026311647494591476
0.012116629487454676,Happiness,Sadness,4.162589283798486e-05
0.012116629487454676,Happiness,Shame,0.0007723232530988677
0.012116629487454676,Joy,Boredom,0.00631996307770353
0.012116629487454676,Joy,Fear,0.02846238286445126
0.012116629487454676,Joy,Happiness,0.01339301090683407
0.012116629487454676,Joy,Joy,0.10642695890966551
0.012116629487454676,Joy,Pride,0.3866552382387446
0.012116629487454676,Joy,Sadness,0.015678948290322632
0.012116629487454676,Joy,Shame,0.4430634977122786
0.012116629487454676,Pride,Boredom,0.0022335984702867417
0.012116629487454676,Pride,Fear,0.0001779376807273995
0.012116629487454676,Pride,Happiness,0.030712409738552538
0.012116629487454676,Pride,Joy,0.0013161354329197623
0.012116629487454676,Pride,Pride,0.7687195220480091
0.012116629487454676,Pride,Sadness,0.003849463465250991
0.012116629487454676,Pride,Shame,0.19299093316425361
0.012116629487454676,Sadness,Boredom,0.04445880574053195
0.012116629487454676,Sadness,Fear,0.7161278628822361
0.012116629487454676,Sadness,Happiness,0.010185720806183622
0.012116629487454676,Sadness,Joy,0.04102569259630157
0.012116629487454676,Sadness,Pride,0.022338894850791782
0.012116629487454676,Sadness,Sadness,0.007671939514375508
0.012116629487454676,Sadness,Shame,0.15819108360957937
0.012116629487454676,Shame,Boredom,0.0006912170978062006
0.012116629487454676,Shame,Fear,0.0007057723888822037
0.012116629487454676,Shame,Happiness,0.0006707377020445232
0.012116629487454676,Shame,Joy,0.0030618439051958235
0.012116629487454676,Shame,Pride,0.22992015718740513
0.012116629487454676,Shame,Sadness,0.0025144696757392047
0.012116629487454676,Shame,Shame,0.7624358020429273
0.013596879149410558,Boredom,Boredom,0.5621593577202879
0.013596879149410558,Boredom,Fear,0.06046002475540017
0.013596879149410558,Boredom,Happiness,0.04210542945399034
0.013596879149410558,Boredom,Joy,0.16902223509301847
0.013596879149410558,Boredom,Pride,0.041546202779445277
0.013596879149410558,Boredom,Sadness,0.014787903818657898
0.013596879149410558,Boredom,Shame,0.10991884637919966
0.013596879149410558,Fear,Boredom,0.0019384079245955692
0.013596879149410558,Fear,Fear,0.9948994719190103
0.013596879149410558,Fear,Happiness,0.0005716007421945132
0.013596879149410558,Fear,Joy,0.0007911403708837431
0.013596879149410558,Fear,Pride,0.0004943298774382722
0.013596879149410558,Fear,Sadness,0.00036014723096584666
0.013596879149410558,Fear,Shame,0.0009449019349117144
0.013596879149410558,Happiness,Boredom,0.9681303795771583
0.013596879149410558,Happiness,Fear,3.421016580769799e-05
0.013596879149410558,Happiness,Happiness,0.027227058066369228
0.013596879149410558,Happiness,Joy,0.0009278454655562763
0.013596879149410558,Happiness,Pride,0.002875523655899707
0.013596879149410558,Happiness,Sadness,4.462673472798774e-05
0.013596879149410558,Happiness,Shame,0.0007603563344806928
0.013596879149410558,Joy,Boredom,0.001591495803433871
0.013596879149410558,Joy,Fear,0.01424739283903121
0.013596879149410558,Joy,Happiness,0.003900462679257
0.013596879149410558,Joy,Joy,0.054070679613208286
0.013596879149410558,Joy,Pride,0.3439304187070174
0.013596879149410558,Joy,Sadness,0.0064960270993814784
0.013596879149410558,Joy,Shame,0.5757635232586709
0.013596879149410558,Pride,Boredom,0.0021179268992253066
0.013596879149410558,Pride,Fear,0.00017158092943242976
0.013596879149410558,Pride,Happiness,0.024896688139315924
0.013596879149410558,Pride,Joy,0.000520503498805348
0.013596879149410558,Pride,Pride,0.7646362028180701
0.013596879149410558,Pride,Sadness,0.003802438190660168
0.013596879149410558,Pride,Shame,0.20385465952449092
0.013596879149410558,Sadness,Boredom,0.04654791750208801
0.013596879149410558,Sadness,Fear,0.7074836848728131
0.013596879149410558,Sadness,Happiness,0.010217038917427314
0.013596879149410558,Sadness,Joy,0.042753601573898514
0.013596879149410558,Sadness,Pride,0.01852858534727596
0.013596879149410558,Sadness,Sadness,0.00792347795685341
0.013596879149410558,Sadness,Shame,0.16654569382964354
0.013596879149410558,Shame,Boredom,0.00043183773476002026
0.013596879149410558,Shame,Fear,0.0003567259664402992
0.013596879149410558,Shame,Happiness,0.0003501478275834385
0.013596879149410558,Shame,Joy,0.00030720440112935445
0.013596879149410558,Shame,Pride,0.07303262671344653
0.013596879149410558,Shame,Sadness,0.000852735032666035
0.013596879149410558,Shame,Shame,0.9246687223239742
0.013963705215874913,Boredom,Boredom,0.5563771471973615
0.013963705215874913,Boredom,Fear,0.0615745003622974
0.013963705215874913,Boredom,Happiness,0.04416228928917635
0.013963705215874913,Boredom,Joy,0.1698339426117422
0.013963705215874913,Boredom,Pride,0.04318630222094974
0.013963705215874913,Boredom,Sadness,0.015127165204917196
0.013963705215874913,Boredom,Shame,0.10973865311355537
0.013963705215874913,Fear,Boredom,0.001953808511728825
0.013963705215874913,Fear,Fear,0.9948435961482777
0.013963705215874913,Fear,Happiness,0.0005668085556776774
0.013963705215874913,Fear,Joy,0.0007920976869783282
0.013963705215874913,Fear,Pride,0.0005127995140820767
0.013963705215874913,Fear,Sadness,0.0003634092027209811
0.013963705215874913,Fear,Shame,0.0009674803805347695
0.013963705215874913,Happiness,Boredom,0.9678863231494912
0.013963705215874913,Happiness,Fear,0.00014961446116833953
0.013963705215874913,Happiness,Happiness,0.027357015716760334
0.013963705215874913,Happiness,Joy,0.0009583838338385028
0.013963705215874913,Happiness,Pride,0.002823793519274357
0.013963705215874913,Happiness,Sadness,4.5905997896940585e-05
0.013963705215874913,Happiness,Shame,0.0007789633215703275
0.013963705215874913,Joy,Boredom,0.000848705270159806
0.013963705215874913,Joy,Fear,0.01079275799132389
0.013963705215874913,Joy,Happiness,0.0023131467587690674
0.013963705215874913,Joy,Joy,0.037607078158415796
0.013963705215874913,Joy,Pride,0.2869659919840174
0.013963705215874913,Joy,Sadness,0.0044497777521230715
0.013963705215874913,Joy,Shame,0.6570225420851908
0.013963705215874913,Pride,Boredom,0.002209954395657188
0.013963705215874913,Pride,Fear,0.0001974337423448385
0.013963705215874913,Pride,Happiness,0.027927649203768442
0.013963705215874913,Pride,Joy,0.0005558530805936383
0.013963705215874913,Pride,Pride,0.6851423258758202
0.013963705215874913,Pride,Sadness,0.0034682364848284053
0.013963705215874913,Pride,Shame,0.280498547216987
0.013963705215874913,Sadness,Boredom,0.04692530431646719
0.013963705215874913,Sadness,Fear,0.7103030453571264
0.013963705215874913,Sadness,Happiness,0.01025315281957986
0.013963705215874913,Sadness,Joy,0.04325337747973383
0.013963705215874913,Sadness,Pride,0.018904093158193695
0.013963705215874913,Sadness,Sadness,0.008033084316159655
0.013963705215874913,Sadness,Shame,0.16232794255273925
0.013963705215874913,Shame,Boredom,0.00034133781843816293
0.013963705215874913,Shame,Fear,0.00023796359175790355
0.013963705215874913,Shame,Happiness,0.00021080818824990407
0.013963705215874913,Shame,Joy,0.0002058262595810588
0.013963705215874913,Shame,Pride,0.052283979266917954
0.013963705215874913,Shame,Sadness,0.0006098168321714421
0.013963705215874913,Shame,Shame,0.9461102680428837
0.014084792680893429,Boredom,Boredom,0.5548237311341037
0.014084792680893429,Boredom,Fear,0.06217912926795769
0.014084792680893429,Boredom,Happiness,0.045077839608337854
0.014084792680893429,Boredom,Joy,0.170470053372103
0.014084792680893429,Boredom,Pride,0.042092103596354354
0.014084792680893429,Boredom,Sadness,0.015349582288719306
0.014084792680893429,Boredom,Shame,0.11000756073242374
0.014084792680893429,Fear,Boredom,0.001971133523294978
0.014084792680893429,Fear,Fear,0.9948210678825009
0.014084792680893429,Fear,Happiness,0.0005710452571412734
0.014084792680893429,Fear,Joy,0.0007949667912029485
0.014084792680893429,Fear,Pride,0.0005146062275282516
0.014084792680893429,Fear,Sadness,0.0003627609081982292
0.014084792680893429,Fear,Shame,0.0009644194101336441
0.014084792680893429,Happiness,Boredom,0.9671136980830374
0.014084792680893429,Happiness,Fear,3.529517844105004e-05
0.014084792680893429,Happiness,Happiness,0.02822164293696925
0.014084792680893429,Happiness,Joy,0.0009446265825902907
0.014084792680893429,Happiness,Pride,0.0028913681321013442
0.014084792680893429,Happiness,Sadness,4.558321600509406e-05
0.014084792680893429,Happiness,Shame,0.0007477858708555589
0.014084792680893429,Joy,Boredom,0.0003155374134010418
0.014084792680893429,Joy,Fear,0.006322175478040053
0.014084792680893429,Joy,Happiness,0.0010231285836558373
0.014084792680893429,Joy,Joy,0.020548421942836438
0.014084792680893429,Joy,Pride,0.18406982003025554
0.014084792680893429,Joy,Sadness,0.002399947010647232
0.014084792680893429,Joy,Shame,0.7853209695411637
0.014084792680893429,Pride,Boredom,0.0020517948934034615
0.014084792680893429,Pride,Fear,0.00020065777633869385
0.014084792680893429,Pride,Happiness,0.02923399984882143
0.014084792680893429,Pride,Joy,0.0005119325530360439
0.014084792680893429,Pride,Pride,0.6635586380597482
0.014084792680893429,Pride,Sadness,0.003421587896598032
0.014084792680893429,Pride,Shame,0.30102138897205394
0.014084792680893429,Sadness,Boredom,0.04707126616079047
0.014084792680893429,Sadness,Fear,0.7109646542943864
0.014084792680893429,Sadness,Happiness,0.010364426631749447
0.014084792680893429,Sadness,Joy,0.04356225518970166
0.014084792680893429,Sadness,Pride,0.018545950802122225
0.014084792680893429,Sadness,Sadness,0.008057240881431912
0.014084792680893429,Sadness,Shame,0.16143420603981773
0.014084792680893429,Shame,Boredom,0.00024316646234138274
0.014084792680893429,Shame,Fear,6.226061689590047e-05
0.014084792680893429,Shame,Happiness,0.000111369924924788
0.014084792680893429,Shame,Joy,0.00010213982032485545
0.014084792680893429,Shame,Pride,0.014155329478457544
0.014084792680893429,Shame,Sadness,0.00018916905016195504
0.014084792680893429,Shame,Shame,0.9851365646468935
0.01422802938246787,Boredom,Boredom,0.5546440172778623
0.01422802938246787,Boredom,Fear,0.06187793866771249
0.01422802938246787,Boredom,Happiness,0.0453310589151683
0.01422802938246787,Boredom,Joy,0.16968518118918716
0.01422802938246787,Boredom,Pride,0.04391546842202815
0.01422802938246787,Boredom,Sadness,0.015244607733883446
0.01422802938246787,Boredom,Shame,0.10930172779415802
0.01422802938246787,Fear,Boredom,0.0018758694581993698
0.01422802938246787,Fear,Fear,0.9949597272817292
0.01422802938246787,Fear,Happiness,0.0005560666340551525
0.01422802938246787,Fear,Joy,0.0007947548773645957
0.01422802938246787,Fear,Pride,0.0005144980700714061
0.01422802938246787,Fear,Sadness,0.00035756246817212186
0.01422802938246787,Fear,Shame,0.0009415212104084427
0.01422802938246787,Happiness,Boredom,0.9673274636530963
0.01422802938246787,Happiness,Fear,3.496899061421816e-05
0.01422802938246787,Happiness,Happiness,0.02795581884289843
0.01422802938246787,Happiness,Joy,0.0009328187363983265
0.01422802938246787,Happiness,Pride,0.002919690279401218
0.01422802938246787,Happiness,Sadness,4.509600163906286e-05
0.01422802938246787,Happiness,Shame,0.0007841434959521869
0.01422802938246787,Joy,Boredom,0.0013691266313998996
0.01422802938246787,Joy,Fear,0.0137778761202537
0.01422802938246787,Joy,Happiness,0.0031034255639556902
0.01422802938246787,Joy,Joy,0.04635768906935102
0.01422802938246787,Joy,Pride,0.2338449952791904
0.01422802938246787,Joy,Sadness,0.0050645595542370735
0.01422802938246787,Joy,Shame,0.696482327781612
0.01422802938246787,Pride,Boredom,0.002061494704431611
0.01422802938246787,Pride,Fear,0.00020004135960774243
0.01422802938246787,Pride,Happiness,0.029515777057440903
0.01422802938246787,Pride,Joy,0.0005775305765358931
0.01422802938246787,Pride,Pride,0.6602960871753174
0.01422802938246787,Pride,Sadness,0.003299029755802021
0.01422802938246787,Pride,Shame,0.30405003937086394
0.01422802938246787,Sadness,Boredom,0.011231616640474378
0.01422802938246787,Sadness,Fear,0.7888536275305554
0.01422802938246787,Sadness,Happiness,0.006010355061795338
0.01422802938246787,Sadness,Joy,0.03509890826115127
0.01422802938246787,Sadness,Pride,0.017604475155502133
0.01422802938246787,Sadness,Sadness,0.0056722772142315005
0.01422802938246787,Sadness,Shame,0.1355287401362899
0.01422802938246787,Shame,Boredom,0.0003540088269804799
0.01422802938246787,Shame,Fear,0.0002936427156251315
0.01422802938246787,Shame,Happiness,0.00023746610692279173
0.01422802938246787,Shame,Joy,0.00029740046617207915
0.01422802938246787,Shame,Pride,0.05339686472066668
0.01422802938246787,Shame,Sadness,0.0007659559450609024
0.01422802938246787,Shame,Shame,0.9446546612185721
0.01322174715735155,Boredom,Boredom,0.5594718405573583
0.01322174715735155,Boredom,Fear,0.05993070047269956
0.01322174715735155,Boredom,Happiness,0.042015889910343954
0.01322174715735155,Boredom,Joy,0.16833389133626406
0.01322174715735155,Boredom,Pride,0.044837672081945
0.01322174715735155,Boredom,Sadness,0.014617830516777676
0.01322174715735155,Boredom,Shame,0.1107921751246113
0.01322174715735155,Fear,Boredom,0.0018447457953764837
0.01322174715735155,Fear,Fear,0.9950638492274685
0.01322174715735155,Fear,Happiness,0.0005553018646396858
0.01322174715735155,Fear,Joy,0.0007740906425212031
0.01322174715735155,Fear,Pride,0.0004901601881836141
0.01322174715735155,Fear,Sadness,0.00034988622721711615
0.01322174715735155,Fear,Shame,0.0009219660545933757
0.01322174715735155,Happiness,Boredom,0.9644444090674552
0.01322174715735155,Happiness,Fear,3.374961368538692e-05
0.01322174715735155,Happiness,Happiness,0.030949960450215818
0.01322174715735155,Happiness,Joy,0.0009354023368371759
0.01322174715735155,Happiness,Pride,0.002836715456791866
0.01322174715735155,Happiness,Sadness,4.4062038714096896e-05
0.01322174715735155,Happiness,Shame,0.0007557010363003661
0.01322174715735155,Joy,Boredom,0.004189298684383479
0.01322174715735155,Joy,Fear,0.025046095588176068
0.01322174715735155,Joy,Happiness,0.00854881418445049
0.01322174715735155,Joy,Joy,0.08072561607156546
0.01322174715735155,Joy,Pride,0.2972787941658613
0.01322174715735155,Joy,Sadness,0.010902635747005621
0.01322174715735155,Joy,Shame,0.5733087455585567
0.01322174715735155,Pride,Boredom,0.0022070936527009265
0.01322174715735155,Pride,Fear,0.00016883157926466785
0.01322174715735155,Pride,Happiness,0.025758148439232353
0.01322174715735155,Pride,Joy,0.0008298735133341298
0.01322174715735155,Pride,Pride,0.7685972734449826
0.01322174715735155,Pride,Sadness,0.0037796558683355222
0.01322174715735155,Pride,Shame,0.19865912350214954
0.01322174715735155,Sadness,Boredom,0.010739918367552559
0.01322174715735155,Sadness,Fear,0.787012969038645
0.01322174715735155,Sadness,Happiness,0.0058947269228218045
0.01322174715735155,Sadness,Joy,0.033356338144882786
0.01322174715735155,Sadness,Pride,0.017301011361533555
0.01322174715735155,Sadness,Sadness,0.0053881389719137324
0.01322174715735155,Sadness,Shame,0.14030689719265044
0.01322174715735155,Shame,Boredom,0.0004227964300356194
0.01322174715735155,Shame,Fear,0.0004308147639361639
0.01322174715735155,Shame,Happiness,0.00030403219108251627
0.01322174715735155,Shame,Joy,0.0009468998058983911
0.01322174715735155,Shame,Pride,0.10872086397977523
0.01322174715735155,Shame,Sadness,0.0015169408961694362
0.01322174715735155,Shame,Shame,0.8876576519331032
0.014561586252040513,Boredom,Boredom,0.5585613395901283
0.014561586252040513,Boredom,Fear,0.06258104986400972
0.014561586252040513,Boredom,Happiness,0.04586020978640113
0.014561586252040513,Boredom,Joy,0.17025441924563722
0.014561586252040513,Boredom,Pride,0.03921199659438694
0.014561586252040513,Boredom,Sadness,0.015413210913250552
0.014561586252040513,Boredom,Shame,0.10811777400618655
0.014561586252040513,Fear,Boredom,0.0018649000026888071
0.014561586252040513,Fear,Fear,0.9949954957360901
0.014561586252040513,Fear,Happiness,0.0005610185160334083
0.014561586252040513,Fear,Joy,0.0007884056274249698
0.014561586252040513,Fear,Pride,0.0004979381541022193
0.014561586252040513,Fear,Sadness,0.00035649211127713147
0.014561586252040513,Fear,Shame,0.000935749852383059
0.014561586252040513,Happiness,Boredom,0.969626180478242
0.014561586252040513,Happiness,Fear,0.00013615612835922835
0.014561586252040513,Happiness,Happiness,0.025499509539184357
0.014561586252040513,Happiness,Joy,0.000933937373803684
0.014561586252040513,Happiness,Pride,0.0030349738411843625
0.014561586252040513,Happiness,Sadness,4.6332010271632926e-05
0.014561586252040513,Happiness,Shame,0.000722910628954568
0.014561586252040513,Joy,Boredom,0.000581295944575735
0.014561586252040513,Joy,Fear,0.009151439064322009
0.014561586252040513,Joy,Happiness,0.0015016575161857634
0.014561586252040513,Joy,Joy,0.029272106918864907
0.014561586252040513,Joy,Pride,0.17822175793467
0.014561586252040513,Joy,Sadness,0.002999632724559863
0.014561586252040513,Joy,Shame,0.7782721098968217
0.014561586252040513,Pride,Boredom,0.002191701251785459
0.014561586252040513,Pride,Fear,0.00019911519061914257
0.014561586252040513,Pride,Happiness,0.027951875799435852
0.014561586252040513,Pride,Joy,0.0005233205857460417
0.014561586252040513,Pride,Pride,0.6958348779746687
0.014561586252040513,Pride,Sadness,0.003456037660248904
0.014561586252040513,Pride,Shame,0.2698430715374954
0.014561586252040513,Sadness,Boredom,0.01134598257173352
0.014561586252040513,Sadness,Fear,0.793648599885696
0.014561586252040513,Sadness,Happiness,0.00608011992431845
0.014561586252040513,Sadness,Joy,0.03482898669134943
0.014561586252040513,Sadness,Pride,0.016452907550497387
0.014561586252040513,Sadness,Sadness,0.005604118220593805
0.014561586252040513,Sadness,Shame,0.1320392851558113
0.014561586252040513,Shame,Boredom,0.00027656575703532597
0.014561586252040513,Shame,Fear,9.351854136018356e-05
0.014561586252040513,Shame,Happiness,0.00016509258684458067
0.014561586252040513,Shame,Joy,0.00014716591575632908
0.014561586252040513,Shame,Pride,0.017460797437576957
0.014561586252040513,Shame,Sadness,0.00028750526227321385
0.014561586252040513,Shame,Shame,0.9815693544991535
0.014703854183764823,Boredom,Boredom,0.5555505786804542
0.014703854183764823,Boredom,Fear,0.06267442994933911
0.014703854183764823,Boredom,Happiness,0.04616711762391667
0.014703854183764823,Boredom,Joy,0.16977619919681705
0.014703854183764823,Boredom,Pride,0.041329476837487396
0.014703854183764823,Boredom,Sadness,0.01539768400033582
0.014703854183764823,Boredom,Shame,0.10910451371164943
0.014703854183764823,Fear,Boredom,0.001856090195935227
0.014703854183764823,Fear,Fear,0.9950682889580792
0.014703854183764823,Fear,Happiness,0.0005623890992754874
0.014703854183764823,Fear,Joy,0.0007804421480702683
0.014703854183764823,Fear,Pride,0.0004980614472396053
0.014703854183764823,Fear,Sadness,0.0003545261836366208
0.014703854183764823,Fear,Shame,0.0008802019677641885
0.014703854183764823,Happiness,Boredom,0.9688952021998753
0.014703854183764823,Happiness,Fear,0.00014096158501332028
0.014703854183764823,Happiness,Happiness,0.026158434589124657
0.014703854183764823,Happiness,Joy,0.0009279621221254592
0.014703854183764823,Happiness,Pride,0.0030981599989278246
0.014703854183764823,Happiness,Sadness,4.611473130844652e-05
0.014703854183764823,Happiness,Shame,0.0007331647736247107
0.014703854183764823,Joy,Boredom,0.0021111476256287804
0.014703854183764823,Joy,Fear,0.01915272572149076
0.014703854183764823,Joy,Happiness,0.004719016218960806
0.014703854183764823,Joy,Joy,0.06104264254432402
0.014703854183764823,Joy,Pride,0.3024472014213952
0.014703854183764823,Joy,Sadness,0.00719765457476628
0.014703854183764823,Joy,Shame,0.6033296118934341
0.014703854183764823,Pride,Boredom,0.0020669941649798496
0.014703854183764823,Pride,Fear,0.00018123003955877834
0.014703854183764823,Pride,Happiness,0.02267545459899265
0.014703854183764823,Pride,Joy,0.000512521549939364
0.014703854183764823,Pride,Pride,0.7558401772428097
0.014703854183764823,Pride,Sadness,0.0036209826617649822
0.014703854183764823,Pride,Shame,0.21510263974195457
0.014703854183764823,Sadness,Boredom,0.011315496872999216
0.014703854183764823,Sadness,Fear,0.7963454684468052
0.014703854183764823,Sadness,Happiness,0.006118876653318103
0.014703854183764823,Sadness,Joy,0.034859757937139024
0.014703854183764823,Sadness,Pride,0.01717051851356156
0.014703854183764823,Sadness,Sadness,0.005646758316103773
0.014703854183764823,Sadness,Shame,0.12854312326007325
0.014703854183764823,Shame,Boredom,0.0004377980885204623
0.014703854183764823,Shame,Fear,0.0004217314049290881
0.014703854183764823,Shame,Happiness,0.000363128625183317
0.014703854183764823,Shame,Joy,0.00031848785068143307
0.014703854183764823,Shame,Pride,0.07022773430739797
0.014703854183764823,Shame,Sadness,0.00105915015686554
0.014703854183764823,Shame,Shame,0.9271719695664224
0.012539978954903497,Boredom,Boredom,0.5617491275331855
0.012539978954903497,Boredom,Fear,0.05900292836777019
0.012539978954903497,Boredom,Happiness,0.04025553019335125
0.012539978954903497,Boredom,Joy,0.1697851294653117
0.012539978954903497,Boredom,Pride,0.042374611656224526
0.012539978954903497,Boredom,Sadness,0.01476102390207808
0.012539978954903497,Boredom,Shame,0.1120716488820784
0.012539978954903497,Fear,Boredom,0.0018244261492900832
0.012539978954903497,Fear,Fear,0.9951005441813907
0.012539978954903497,Fear,Happiness,0.0005623482201474635
0.012539978954903497,Fear,Joy,0.0007628252274131066
0.012539978954903497,Fear,Pride,0.00048217609865689744
0.012539978954903497,Fear,Sadness,0.0003504509267579688
0.012539978954903497,Fear,Shame,0.0009172291963434007
0.012539978954903497,Happiness,Boredom,0.9632526182416526
0.012539978954903497,Happiness,Fear,3.3758638891469274e-05
0.012539978954903497,Happiness,Happiness,0.03229512869223621
0.012539978954903497,Happiness,Joy,0.0009280142962030609
0.012539978954903497,Happiness,Pride,0.0027366583010504314
0.012539978954903497,Happiness,Sadness,4.402875632660677e-05
0.012539978954903497,Happiness,Shame,0.000709793073639309
0.012539978954903497,Joy,Boredom,0.004771592427066728
0.012539978954903497,Joy,Fear,0.02625585144849055
0.012539978954903497,Joy,Happiness,0.009614187086285078
0.012539978954903497,Joy,Joy,0.08361818162864171
0.012539978954903497,Joy,Pride,0.2878704963178916
0.012539978954903497,Joy,Sadness,0.01181291770560142
0.012539978954903497,Joy,Shame,0.576056773386023
0.012539978954903497,Pride,Boredom,0.002240237966858578
0.012539978954903497,Pride,Fear,0.00018692239237170748
0.012539978954903497,Pride,Happiness,0.02905899814887751
0.012539978954903497,Pride,Joy,0.0006923632714958896
0.012539978954903497,Pride,Pride,0.8045041193447499
0.012539978954903497,Pride,Sadness,0.003976106869054311
0.012539978954903497,Pride,Shame,0.15934125200659235
0.012539978954903497,Sadness,Boredom,0.010544614385107426
0.012539978954903497,Sadness,Fear,0.7956268241794324
0.012539978954903497,Sadness,Happiness,0.006017791116322916
0.012539978954903497,Sadness,Joy,0.03294405095591206
0.012539978954903497,Sadness,Pride,0.016745844008258702
0.012539978954903497,Sadness,Sadness,0.0053858401554184535
0.012539978954903497,Sadness,Shame,0.1327350351995487
0.012539978954903497,Shame,Boredom,0.0003544316638092445
0.012539978954903497,Shame,Fear,0.00028992578616715315
0.012539978954903497,Shame,Happiness,0.00019700274429502844
0.012539978954903497,Shame,Joy,0.0005071672849401161
0.012539978954903497,Shame,Pride,0.08309342856169293
0.012539978954903497,Shame,Sadness,0.0010897802248255588
0.012539978954903497,Shame,Shame,0.9144682637342703
0.013025538085848592,Boredom,Boredom,0.5600079871909229
0.013025538085848592,Boredom,Fear,0.05983747144812157
0.013025538085848592,Boredom,Happiness,0.041984600641325795
0.013025538085848592,Boredom,Joy,0.1687346782398399
0.013025538085848592,Boredom,Pride,0.0437273688652606
0.013025538085848592,Boredom,Sadness,0.014690966613087738
0.013025538085848592,Boredom,Shame,0.11101692700144163
0.013025538085848592,Fear,Boredom,0.0018281099377608163
0.013025538085848592,Fear,Fear,0.9950683345082783
0.013025538085848592,Fear,Happiness,0.0005665460167528771
0.013025538085848592,Fear,Joy,0.0007741524050164413
0.013025538085848592,Fear,Pride,0.0004951276723054304
0.013025538085848592,Fear,Sadness,0.00035530647214262925
0.013025538085848592,Fear,Shame,0.0009124229877435179
0.013025538085848592,Happiness,Boredom,0.9659458779442862
0.013025538085848592,Happiness,Fear,3.388178266737342e-05
0.013025538085848592,Happiness,Happiness,0.029504868235472027
0.013025538085848592,Happiness,Joy,0.000927970567420438
0.013025538085848592,Happiness,Pride,0.0027795966798029002
0.013025538085848592,Happiness,Sadness,4.3808126348298765e-05
0.013025538085848592,Happiness,Shame,0.0007639966640027926
0.013025538085848592,Joy,Boredom,0.0016010731531188045
0.013025538085848592,Joy,Fear,0.015914235826290406
0.013025538085848592,Joy,Happiness,0.0036651944096606722
0.013025538085848592,Joy,Joy,0.05182351859453328
0.013025538085848592,Joy,Pride,0.2580580774534158
0.013025538085848592,Joy,Sadness,0.005856492720369286
0.013025538085848592,Joy,Shame,0.6630814078426119
0.013025538085848592,Pride,Boredom,0.002242890364991894
0.013025538085848592,Pride,Fear,0.00017166636196057873
0.013025538085848592,Pride,Happiness,0.030240484112839482
0.013025538085848592,Pride,Joy,0.0005364102615936273
0.013025538085848592,Pride,Pride,0.7192392494112936
0.013025538085848592,Pride,Sadness,0.0036045111841882544
0.013025538085848592,Pride,Shame,0.24396478830313276
0.013025538085848592,Sadness,Boredom,0.010592359748095534
0.013025538085848592,Sadness,Fear,0.7933881844451999
0.013025538085848592,Sadness,Happiness,0.006031327874573903
0.013025538085848592,Sadness,Joy,0.033491482228230646
0.013025538085848592,Sadness,Pride,0.017071555443988036
0.013025538085848592,Sadness,Sadness,0.005421825420543327
0.013025538085848592,Sadness,Shame,0.13400326483936886
0.013025538085848592,Shame,Boredom,0.00040249568342235446
0.013025538085848592,Shame,Fear,0.0003412663985780286
0.013025538085848592,Shame,Happiness,0.00030404943495401766
0.013025538085848592,Shame,Joy,0.00027815943353148593
0.013025538085848592,Shame,Pride,0.0641202461212523
0.013025538085848592,Shame,Sadness,0.0008817705591376773
0.013025538085848592,Shame,Shame,0.9336720123691243
0.014095666997767807,Boredom,Boredom,0.5555429092815887
0.014095666997767807,Boredom,Fear,0.061844485578142
0.014095666997767807,Boredom,Happiness,0.04516691679559869
0.014095666997767807,Boredom,Joy,0.17045127966245222
0.014095666997767807,Boredom,Pride,0.04158671981195047
0.014095666997767807,Boredom,Sadness,0.015320515784279367
0.014095666997767807,Boredom,Shame,0.11008717308598819
0.014095666997767807,Fear,Boredom,0.0018658816299119251
0.014095666997767807,Fear,Fear,0.9949998560309407
0.014095666997767807,Fear,Happiness,0.0005542850717246684
0.014095666997767807,Fear,Joy,0.0007853302767185126
0.014095666997767807,Fear,Pride,0.0004983971573251796
0.014095666997767807,Fear,Sadness,0.00035675582410704806
0.014095666997767807,Fear,Shame,0.0009394940092720204
0.014095666997767807,Happiness,Boredom,0.9667850624869946
0.014095666997767807,Happiness,Fear,3.449500206216034e-05
0.014095666997767807,Happiness,Happiness,0.028614519414387245
0.014095666997767807,Happiness,Joy,0.000942629127963734
0.014095666997767807,Happiness,Pride,0.00284099095731595
0.014095666997767807,Happiness,Sadness,4.5354525794491774e-05
0.014095666997767807,Happiness,Shame,0.0007369484854822435
0.014095666997767807,Joy,Boredom,0.0016858454949128176
0.014095666997767807,Joy,Fear,0.014655954180566824
0.014095666997767807,Joy,Happiness,0.0037279448097622694
0.014095666997767807,Joy,Joy,0.05025878265980289
0.014095666997767807,Joy,Pride,0.22406590362503298
0.014095666997767807,Joy,Sadness,0.005593340348753883
0.014095666997767807,Joy,Shame,0.700012228881168
0.014095666997767807,Pride,Boredom,0.002191982695789067
0.014095666997767807,Pride,Fear,0.00017660130964975714
0.014095666997767807,Pride,Happiness,0.027191603028092787
0.014095666997767807,Pride,Joy,0.0006104638856137928
0.014095666997767807,Pride,Pride,0.7435825067993487
0.014095666997767807,Pride,Sadness,0.003623399067411572
0.014095666997767807,Pride,Shame,0.22262344321409452
0.014095666997767807,Sadness,Boredom,0.011146614666304146
0.014095666997767807,Sadness,Fear,0.7904931666972157
0.014095666997767807,Sadness,Happiness,0.006014614514517623
0.014095666997767807,Sadness,Joy,0.03470968016952519
0.014095666997767807,Sadness,Pride,0.01678305782477426
0.014095666997767807,Sadness,Sadness,0.0055729324866849875
0.014095666997767807,Sadness,Shame,0.1352799336409785
0.014095666997767807,Shame,Boredom,0.00028002619763536365
0.014095666997767807,Shame,Fear,0.00016844268179812976
0.014095666997767807,Shame,Happiness,0.0001249847991829971
0.014095666997767807,Shame,Joy,0.00020994224984802106
0.014095666997767807,Shame,Pride,0.03425967929804439
0.014095666997767807,Shame,Sadness,0.0005006663197912175
0.014095666997767807,Shame,Shame,0.9644562584536999
0.01376334571366902,Boredom,Boredom,0.5571083665249168
0.01376334571366902,Boredom,Fear,0.06073969710787432
0.01376334571366902,Boredom,Happiness,0.043378126857154524
0.01376334571366902,Boredom,Joy,0.16846363257238356
0.01376334571366902,Boredom,Pride,0.04549376571230269
0.01376334571366902,Boredom,Sadness,0.01482450496679624
0.01376334571366902,Boredom,Shame,0.10999190625857184
0.01376334571366902,Fear,Boredom,0.0018326719311969949
0.01376334571366902,Fear,Fear,0.9950281627909191
0.01376334571366902,Fear,Happiness,0.0005548744245541693
0.01376334571366902,Fear,Joy,0.0007841133077351123
0.01376334571366902,Fear,Pride,0.0005036194170747929
0.01376334571366902,Fear,Sadness,0.0003538719393888843
0.01376334571366902,Fear,Shame,0.0009426861891314626
0.01376334571366902,Happiness,Boredom,0.9674385540513821
0.01376334571366902,Happiness,Fear,3.391696922042725e-05
0.01376334571366902,Happiness,Happiness,0.027938109763295315
0.01376334571366902,Happiness,Joy,0.0009358240826783082
0.01376334571366902,Happiness,Pride,0.0028054107920002886
0.01376334571366902,Happiness,Sadness,4.459170825098553e-05
0.01376334571366902,Happiness,Shame,0.0008035926331727268
0.01376334571366902,Joy,Boredom,0.003195051629011185
0.01376334571366902,Joy,Fear,0.021263727861146657
0.01376334571366902,Joy,Happiness,0.006666620700800208
0.01376334571366902,Joy,Joy,0.07065284467113853
0.01376334571366902,Joy,Pride,0.28058983721723124
0.01376334571366902,Joy,Sadness,0.008963390269226296
0.01376334571366902,Joy,Shame,0.6086685276514457
0.01376334571366902,Pride,Boredom,0.0022335201464412846
0.01376334571366902,Pride,Fear,0.00018140767794250134
0.01376334571366902,Pride,Happiness,0.028051909875900675
0.01376334571366902,Pride,Joy,0.000931208655712844
0.01376334571366902,Pride,Pride,0.7115113377493429
0.01376334571366902,Pride,Sadness,0.0036373702364839514
0.01376334571366902,Pride,Shame,0.25345324565817545
0.01376334571366902,Sadness,Boredom,0.01104971045223447
0.01376334571366902,Sadness,Fear,0.7862673755050826
0.01376334571366902,Sadness,Happiness,0.005925912268905108
0.01376334571366902,Sadness,Joy,0.034244310591420406
0.01376334571366902,Sadness,Pride,0.018146907740439044
0.01376334571366902,Sadness,Sadness,0.005578594758897609
0.01376334571366902,Sadness,Shame,0.13878718868302084
0.01376334571366902,Shame,Boredom,0.00040783351213490303
0.01376334571366902,Shame,Fear,0.00039278202997010105
0.01376334571366902,Shame,Happiness,0.00028799107980848624
0.01376334571366902,Shame,Joy,0.0009546670883084042
0.01376334571366902,Shame,Pride,0.09621067133046998
0.01376334571366902,Shame,Sadness,0.00141801871897898
0.01376334571366902,Shame,Shame,0.9003280362403295
0.013987427164983546,Boredom,Boredom,0.557446179732131
0.013987427164983546,Boredom,Fear,0.0618517174812791
0.013987427164983546,Boredom,Happiness,0.044353202889932344
0.013987427164983546,Boredom,Joy,0.17034157403931444
0.013987427164983546,Boredom,Pride,0.04119016526182336
0.013987427164983546,Boredom,Sadness,0.01522174231106451
0.013987427164983546,Boredom,Shame,0.10959541828445507
0.013987427164983546,Fear,Boredom,0.0018564865701547592
0.013987427164983546,Fear,Fear,0.9949929534232393
0.013987427164983546,Fear,Happiness,0.0005526463149700537
0.013987427164983546,Fear,Joy,0.0007864668428836133
0.013987427164983546,Fear,Pride,0.0004978454162867451
0.013987427164983546,Fear,Sadness,0.0003572229106615898
0.013987427164983546,Fear,Shame,0.0009563785218035725
0.013987427164983546,Happiness,Boredom,0.9679993046018396
0.013987427164983546,Happiness,Fear,0.00014901873254274307
0.013987427164983546,Happiness,Happiness,0.027226557054763095
0.013987427164983546,Happiness,Joy,0.0009586359183412279
0.013987427164983546,Happiness,Pride,0.0028924516992321386
0.013987427164983546,Happiness,Sadness,4.614275886799852e-05
0.013987427164983546,Happiness,Shame,0.0007278892344132987
0.013987427164983546,Joy,Boredom,0.00037579832317066194
0.013987427164983546,Joy,Fear,0.00770178133570557
0.013987427164983546,Joy,Happiness,0.0010719677213780687
0.013987427164983546,Joy,Joy,0.023033198543036124
0.013987427164983546,Joy,Pride,0.15498097200462763
0.013987427164983546,Joy,Sadness,0.00237650808379439
0.013987427164983546,Joy,Shame,0.8104597739882878
0.013987427164983546,Pride,Boredom,0.0021875936953356114
0.013987427164983546,Pride,Fear,0.00018524787955904838
0.013987427164983546,Pride,Happiness,0.027609534291484737
0.013987427164983546,Pride,Joy,0.0005031708573687545
0.013987427164983546,Pride,Pride,0.7072443211815265
0.013987427164983546,Pride,Sadness,0.0035062714394393044
0.013987427164983546,Pride,Shame,0.2587638606552865
0.013987427164983546,Sadness,Boredom,0.011013794510426082
0.013987427164983546,Sadness,Fear,0.7892901265741966
0.013987427164983546,Sadness,Happiness,0.005969244937404668
0.013987427164983546,Sadness,Joy,0.03439127138350353
0.013987427164983546,Sadness,Pride,0.016324040994118494
0.013987427164983546,Sadness,Sadness,0.005504391011992299
0.013987427164983546,Sadness,Shame,0.13750713058835806
0.013987427164983546,Shame,Boredom,0.0002282884140262998
0.013987427164983546,Shame,Fear,4.8288996005528584e-05
0.013987427164983546,Shame,Happiness,7.888658602935097e-05
0.013987427164983546,Shame,Joy,7.455024878298634e-05
0.013987427164983546,Shame,Pride,0.01184657122484834
0.013987427164983546,Shame,Sadness,0.00018817702953147726
0.013987427164983546,Shame,Shame,0.9875352375007758
0.013361640377430331,Boredom,Boredom,0.5624280839606436
0.013361640377430331,Boredom,Fear,0.06015974358773711
0.013361640377430331,Boredom,Happiness,0.04241292013698031
0.013361640377430331,Boredom,Joy,0.16877458137035545
0.013361640377430331,Boredom,Pride,0.0414382257808872
0.013361640377430331,Boredom,Sadness,0.014703636105053436
0.013361640377430331,Boredom,Shame,0.11008280905834265
0.013361640377430331,Fear,Boredom,0.0018404074077262949
0.013361640377430331,Fear,Fear,0.9950454445598063
0.013361640377430331,Fear,Happiness,0.0005572820018982797
0.013361640377430331,Fear,Joy,0.0007755859186994396
0.013361640377430331,Fear,Pride,0.0004817763225406102
0.013361640377430331,Fear,Sadness,0.00034871147515845347
0.013361640377430331,Fear,Shame,0.0009507923141705596
0.013361640377430331,Happiness,Boredom,0.9665889949159169
0.013361640377430331,Happiness,Fear,3.365543919373394e-05
0.013361640377430331,Happiness,Happiness,0.028907433279183364
0.013361640377430331,Happiness,Joy,0.0009328809480403389
0.013361640377430331,Happiness,Pride,0.002745074751826962
0.013361640377430331,Happiness,Sadness,4.3865496748841254e-05
0.013361640377430331,Happiness,Shame,0.0007480951690902722
0.013361640377430331,Joy,Boredom,0.002297742197006044
0.013361640377430331,Joy,Fear,0.018899376224351276
0.013361640377430331,Joy,Happiness,0.005002295927064695
0.013361640377430331,Joy,Joy,0.06141539182938152
0.013361640377430331,Joy,Pride,0.2753136943549924
0.013361640377430331,Joy,Sadness,0.00733190234208025
0.013361640377430331,Joy,Shame,0.6297395971251237
0.013361640377430331,Pride,Boredom,0.002224368375326434
0.013361640377430331,Pride,Fear,0.00017235628709609408
0.013361640377430331,Pride,Happiness,0.026895392528987868
0.013361640377430331,Pride,Joy,0.0005187951367794111
0.013361640377430331,Pride,Pride,0.7593087123369109
0.013361640377430331,Pride,Sadness,0.0037263173554898913
0.013361640377430331,Pride,Shame,0.20715405797940928
0.013361640377430331,Sadness,Boredom,0.010785347690772974
0.013361640377430331,Sadness,Fear,0.787152275225371
0.013361640377430331,Sadness,Happiness,0.005917663023514638
0.013361640377430331,Sadness,Joy,0.0334160390831193
0.013361640377430331,Sadness,Pride,0.01630136117384578
0.013361640377430331,Sadness,Sadness,0.005367612174024037
0.013361640377430331,Sadness,Shame,0.14105970162935225
0.013361640377430331,Shame,Boredom,0.0004292508459526174
0.013361640377430331,Shame,Fear,0.0003889780893205565
0.013361640377430331,Shame,Happiness,0.0003413608574034321
0.013361640377430331,Shame,Joy,0.00029576463393415995
0.013361640377430331,Shame,Pride,0.06888960763113312
0.013361640377430331,Shame,Sadness,0.0009603177901682455
0.013361640377430331,Shame,Shame,0.9286947201520878
0.014658081185711911,Boredom,Boredom,0.5567259715347935
0.014658081185711911,Boredom,Fear,0.06292071692161019
0.014658081185711911,Boredom,Happiness,0.04616567083459248
0.014658081185711911,Boredom,Joy,0.16995061645724846
0.014658081185711911,Boredom,Pride,0.04046812198270561
0.014658081185711911,Boredom,Sadness,0.015425094279343427
0.014658081185711911,Boredom,Shame,0.1083438079897062
0.014658081185711911,Fear,Boredom,0.0018485141617258813
0.014658081185711911,Fear,Fear,0.9949828856580774
0.014658081185711911,Fear,Happiness,0.0005638915099002986
0.014658081185711911,Fear,Joy,0.0007855060476174104
0.014658081185711911,Fear,Pride,0.000509184630626845
0.014658081185711911,Fear,Sadness,0.0003559431420607163
0.014658081185711911,Fear,Shame,0.0009540748499912848
0.014658081185711911,Happiness,Boredom,0.9704289386892386
0.014658081185711911,Happiness,Fear,0.00013010727480138742
0.014658081185711911,Happiness,Happiness,0.024662797747950688
0.014658081185711911,Happiness,Joy,0.0009266188859964728
0.014658081185711911,Happiness,Pride,0.0030810379553543516
0.014658081185711911,Happiness,Sadness,4.5905800404952334e-05
0.014658081185711911,Happiness,Shame,0.0007245936462539008
0.014658081185711911,Joy,Boredom,0.0004627431830231614
0.014658081185711911,Joy,Fear,0.009106809953956824
0.014658081185711911,Joy,Happiness,0.0013046996436037832
0.014658081185711911,Joy,Joy,0.026067483603125486
0.014658081185711911,Joy,Pride,0.18308771100624194
0.014658081185711911,Joy,Sadness,0.0028173597103963613
0.014658081185711911,Joy,Shame,0.7771531928996527
0.014658081185711911,Pride,Boredom,0.002207351708143714
0.014658081185711911,Pride,Fear,0.0001932217710155938
0.014658081185711911,Pride,Happiness,0.026021815823750186
0.014658081185711911,Pride,Joy,0.000510228225556215
0.014658081185711911,Pride,Pride,0.7066246983910761
0.014658081185711911,Pride,Sadness,0.0034903867045264826
0.014658081185711911,Pride,Shame,0.2609522973759317
0.014658081185711911,Sadness,Boredom,0.01134392621084312
0.014658081185711911,Sadness,Fear,0.7927268991754963
0.014658081185711911,Sadness,Happiness,0.006109675522328193
0.014658081185711911,Sadness,Joy,0.03472415781066034
0.014658081185711911,Sadness,Pride,0.016751233398530487
0.014658081185711911,Sadness,Sadness,0.005607806248331867
0.014658081185711911,Sadness,Shame,0.13273630163380934
0.014658081185711911,Shame,Boredom,0.00026549925931382306
0.014658081185711911,Shame,Fear,8.256775506999241e-05
0.014658081185711911,Shame,Happiness,0.00014341860912888492
0.014658081185711911,Shame,Joy,0.0001287625803345104
0.014658081185711911,Shame,Pride,0.01622225388745444
0.014658081185711911,Shame,Sadness,0.0002692685005083831
0.014658081185711911,Shame,Shame,0.98288822940819
0.014582046188114185,Boredom,Boredom,0.5559526027307993
0.014582046188114185,Boredom,Fear,0.06266689136198532
0.014582046188114185,Boredom,Happiness,0.04588672639870948
0.014582046188114185,Boredom,Joy,0.16990694763427153
0.014582046188114185,Boredom,Pride,0.04185195761126259
0.014582046188114185,Boredom,Sadness,0.015389919075552592
0.014582046188114185,Boredom,Shame,0.10834495518741878
0.014582046188114185,Fear,Boredom,0.0018622594952689613
0.014582046188114185,Fear,Fear,0.9949961452450661
0.014582046188114185,Fear,Happiness,0.0005620058017405636
0.014582046188114185,Fear,Joy,0.0007885921995422669
0.014582046188114185,Fear,Pride,0.0005102727586085276
0.014582046188114185,Fear,Sadness,0.00035721261862592195
0.014582046188114185,Fear,Shame,0.0009235118811471801
0.014582046188114185,Happiness,Boredom,0.9706312139236116
0.014582046188114185,Happiness,Fear,0.0001285687872255943
0.014582046188114185,Happiness,Happiness,0.02444633093765809
0.014582046188114185,Happiness,Joy,0.0009414916526589281
0.014582046188114185,Happiness,Pride,0.003058585405706276
0.014582046188114185,Happiness,Sadness,4.666622526277626e-05
0.014582046188114185,Happiness,Shame,0.0007471430678766315
0.014582046188114185,Joy,Boredom,0.0008945466918230627
0.014582046188114185,Joy,Fear,0.01223764482563825
0.014582046188114185,Joy,Happiness,0.002214663133447183
0.014582046188114185,Joy,Joy,0.03776570757963353
0.014582046188114185,Joy,Pride,0.2280586402228672
0.014582046188114185,Joy,Sadness,0.004102185792907269
0.014582046188114185,Joy,Shame,0.7147266117536836
0.014582046188114185,Pride,Boredom,0.002191803701442007
0.014582046188114185,Pride,Fear,0.00019106729541573254
0.014582046188114185,Pride,Happiness,0.02581652907511111
0.014582046188114185,Pride,Joy,0.0005230705927958343
0.014582046188114185,Pride,Pride,0.6971696728935254
0.014582046188114185,Pride,Sadness,0.003439520696871597
0.014582046188114185,Pride,Shame,0.27066833574483823
0.014582046188114185,Sadness,Boredom,0.011339763277343403
0.014582046188114185,Sadness,Fear,0.7931969766701199
0.014582046188114185,Sadness,Happiness,0.0060779627565445615
0.014582046188114185,Sadness,Joy,0.03489773508214826
0.014582046188114185,Sadness,Pride,0.017053510930109025
0.014582046188114185,Sadness,Sadness,0.005638854246610677
0.014582046188114185,Sadness,Shame,0.13179519703712464
0.014582046188114185,Shame,Boredom,0.000279120670043553
0.014582046188114185,Shame,Fear,0.00017961453424903298
0.014582046188114185,Shame,Happiness,0.00013064164226975385
0.014582046188114185,Shame,Joy,0.0001300579163601844
0.014582046188114185,Shame,Pride,0.03496189481592132
0.014582046188114185,Shame,Sadness,0.0005212304503542922
0.014582046188114185,Shame,Shame,0.9637974399708016
0.014049412849456752,Boredom,Boredom,0.5563214861597171
0.014049412849456752,Boredom,Fear,0.06197726176197327
0.014049412849456752,Boredom,Happiness,0.044711530411185904
0.014049412849456752,Boredom,Joy,0.1704961542385473
0.014049412849456752,Boredom,Pride,0.0415267270146549
0.014049412849456752,Boredom,Sadness,0.015298694970657237
0.014049412849456752,Boredom,Shame,0.10966814544326371
0.014049412849456752,Fear,Boredom,0.0018652743287941164
0.014049412849456752,Fear,Fear,0.9949856120484557
0.014049412849456752,Fear,Happiness,0.0005560813728792609
0.014049412849456752,Fear,Joy,0.000786633663033243
0.014049412849456752,Fear,Pride,0.0005037156391246965
0.014049412849456752,Fear,Sadness,0.0003579767542845629
0.014049412849456752,Fear,Shame,0.000944706193428722
0.014049412849456752,Happiness,Boredom,0.9679034032003248
0.014049412849456752,Happiness,Fear,3.4937823804586445e-05
0.014049412849456752,Happiness,Happiness,0.027442565025824615
0.014049412849456752,Happiness,Joy,0.0009492303434440209
0.014049412849456752,Happiness,Pride,0.002881116625533411
0.014049412849456752,Happiness,Sadness,4.5581455967256325e-05
0.014049412849456752,Happiness,Shame,0.0007431655251016368
0.014049412849456752,Joy,Boredom,0.0003626537601314964
0.014049412849456752,Joy,Fear,0.008424247467542627
0.014049412849456752,Joy,Happiness,0.0010933859289493438
0.014049412849456752,Joy,Joy,0.02266206074347457
0.014049412849456752,Joy,Pride,0.17566327204295384
0.014049412849456752,Joy,Sadness,0.0025216292609604287
0.014049412849456752,Joy,Shame,0.7892727507959878
0.014049412849456752,Pride,Boredom,0.002249202389886465
0.014049412849456752,Pride,Fear,0.00019122403165377166
0.014049412849456752,Pride,Happiness,0.02777487236029251
0.014049412849456752,Pride,Joy,0.0005151735012946528
0.014049412849456752,Pride,Pride,0.6903808135968099
0.014049412849456752,Pride,Sadness,0.0034667872422723916
0.014049412849456752,Pride,Shame,0.27542192687779027
0.014049412849456752,Sadness,Boredom,0.011121992105864807
0.014049412849456752,Sadness,Fear,0.7904447729864725
0.014049412849456752,Sadness,Happiness,0.006007214753665557
0.014049412849456752,Sadness,Joy,0.03463978503937032
0.014049412849456752,Sadness,Pride,0.016572343586464106
0.014049412849456752,Sadness,Sadness,0.005554672159407431
0.014049412849456752,Sadness,Shame,0.1356592193687552
0.014049412849456752,Shame,Boredom,0.0002744884223549478
0.014049412849456752,Shame,Fear,8.963486609115325e-05
0.014049412849456752,Shame,Happiness,0.00015843348704351246
0.014049412849456752,Shame,Joy,0.0001421455421261654
0.014049412849456752,Shame,Pride,0.017108277995543434
0.014049412849456752,Shame,Sadness,0.0002767136666246548
0.014049412849456752,Shame,Shame,0.9819503060202162
0.014843550077745581,Boredom,Boredom,0.5550864073539344
0.014843550077745581,Boredom,Fear,0.06329227415618718
0.014843550077745581,Boredom,Happiness,0.046736633560953825
0.014843550077745581,Boredom,Joy,0.17016652068759006
0.014843550077745581,Boredom,Pride,0.040343397271060025
0.014843550077745581,Boredom,Sadness,0.015549103413355844
0.014843550077745581,Boredom,Shame,0.1088256635569183
0.014843550077745581,Fear,Boredom,0.0018565898881022164
0.014843550077745581,Fear,Fear,0.9949969894569002
0.014843550077745581,Fear,Happiness,0.0005642202301165158
0.014843550077745581,Fear,Joy,0.0007827331188785094
0.014843550077745581,Fear,Pride,0.0005146276705588967
0.014843550077745581,Fear,Sadness,0.0003564572351264063
0.014843550077745581,Fear,Shame,0.0009283824003172536
0.014843550077745581,Happiness,Boredom,0.9689750940307492
0.014843550077745581,Happiness,Fear,0.0001406284573091618
0.014843550077745581,Happiness,Happiness,0.026084849892542877
0.014843550077745581,Happiness,Joy,0.000940416128140121
0.014843550077745581,Happiness,Pride,0.003071296195454413
0.014843550077745581,Happiness,Sadness,4.6847701962652956e-05
0.014843550077745581,Happiness,Shame,0.000740867593841347
0.014843550077745581,Joy,Boredom,0.0002714321220324147
0.014843550077745581,Joy,Fear,0.007475521027070651
0.014843550077745581,Joy,Happiness,0.000880688179328828
0.014843550077745581,Joy,Joy,0.018909251940653002
0.014843550077745581,Joy,Pride,0.15703312063420113
0.014843550077745581,Joy,Sadness,0.002161208389666796
0.014843550077745581,Joy,Shame,0.8132687777070475
0.014843550077745581,Pride,Boredom,0.002043537072596256
0.014843550077745581,Pride,Fear,0.00020854104947669585
0.014843550077745581,Pride,Happiness,0.028649108809086797
0.014843550077745581,Pride,Joy,0.0004958759423478287
0.014843550077745581,Pride,Pride,0.6570089817393522
0.014843550077745581,Pride,Sadness,0.0033164070791964276
0.014843550077745581,Pride,Shame,0.3082775483079443
0.014843550077745581,Sadness,Boredom,0.011341817236910709
0.014843550077745581,Sadness,Fear,0.7961241184966252
0.014843550077745581,Sadness,Happiness,0.00612509267536813
0.014843550077745581,Sadness,Joy,0.034612347256593706
0.014843550077745581,Sadness,Pride,0.01687583496105712
0.014843550077745581,Sadness,Sadness,0.005615604004056606
0.014843550077745581,Sadness,Shame,0.12930518536938854
0.014843550077745581,Shame,Boredom,0.0002518787506415706
0.014843550077745581,Shame,Fear,6.787124553954963e-05
0.014843550077745581,Shame,Happiness,0.0001154986719483376
0.014843550077745581,Shame,Joy,0.00010474658592091141
0.014843550077745581,Shame,Pride,0.014449554660936415
0.014843550077745581,Shame,Sadness,0.0002423365356588962
0.014843550077745581,Shame,Shame,0.9847681135493542
0.014349851956764638,Boredom,Boredom,0.5554332916321113
0.014349851956764638,Boredom,Fear,0.06225115813128071
0.014349851956764638,Boredom,Happiness,0.04524379977936072
0.014349851956764638,Boredom,Joy,0.1698013716602188
0.014349851956764638,Boredom,Pride,0.04344506189233015
0.014349851956764638,Boredom,Sadness,0.015315806885048917
0.014349851956764638,Boredom,Shame,0.10850951001964947
0.014349851956764638,Fear,Boredom,0.0018795246480904858
0.014349851956764638,Fear,Fear,0.994954774773777
0.014349851956764638,Fear,Happiness,0.0005590177447559313
0.014349851956764638,Fear,Joy,0.0007923978267560992
0.014349851956764638,Fear,Pride,0.0005156481567916949
0.014349851956764638,Fear,Sadness,0.000355907094287041
0.014349851956764638,Fear,Shame,0.0009427297555417364
0.014349851956764638,Happiness,Boredom,0.9699762899928176
0.014349851956764638,Happiness,Fear,0.00013399297416348291
0.014349851956764638,Happiness,Happiness,0.02518549166723638
0.014349851956764638,Happiness,Joy,0.0009497070894332798
0.014349851956764638,Happiness,Pride,0.0029888424691510095
0.014349851956764638,Happiness,Sadness,4.643649582289477e-05
0.014349851956764638,Happiness,Shame,0.0007192393113753319
0.014349851956764638,Joy,Boredom,0.0009976176449209926
0.014349851956764638,Joy,Fear,0.01226284707355292
0.014349851956764638,Joy,Happiness,0.0023918676917765794
0.014349851956764638,Joy,Joy,0.039638201135892004
0.014349851956764638,Joy,Pride,0.22229573842515316
0.014349851956764638,Joy,Sadness,0.004295246535402058
0.014349851956764638,Joy,Shame,0.7181184814933022
0.014349851956764638,Pride,Boredom,0.0021655870174338322
0.014349851956764638,Pride,Fear,0.00018632492520023365
0.014349851956764638,Pride,Happiness,0.025605414851201557
0.014349851956764638,Pride,Joy,0.0005420840016989832
0.014349851956764638,Pride,Pride,0.7141610748535987
0.014349851956764638,Pride,Sadness,0.003470849318062337
0.014349851956764638,Pride,Shame,0.25386866503280486
0.014349851956764638,Sadness,Boredom,0.011294444453287393
0.014349851956764638,Sadness,Fear,0.7904786149917995
0.014349851956764638,Sadness,Happiness,0.006043816518180572
0.014349851956764638,Sadness,Joy,0.03490562006452891
0.014349851956764638,Sadness,Pride,0.017242285320738526
0.014349851956764638,Sadness,Sadness,0.0056675656784100055
0.014349851956764638,Sadness,Shame,0.1343676529730551
0.014349851956764638,Shame,Boredom,0.00026696432417215745
0.014349851956764638,Shame,Fear,0.00015773116253382148
0.014349851956764638,Shame,Happiness,0.00011125897976077449
0.014349851956764638,Shame,Joy,0.00013789054378787668
0.014349851956764638,Shame,Pride,0.0315089776025725
0.014349851956764638,Shame,Sadness,0.00045682101120365795
0.014349851956764638,Shame,Shame,0.9673603563759694
0.013356964401770751,Boredom,Boredom,0.562103318669207
0.013356964401770751,Boredom,Fear,0.060166715674149385
0.013356964401770751,Boredom,Happiness,0.04255429277311571
0.013356964401770751,Boredom,Joy,0.16887503967638107
0.013356964401770751,Boredom,Pride,0.041597957492405205
0.013356964401770751,Boredom,Sadness,0.014705660808609897
0.013356964401770751,Boredom,Shame,0.10999701490613191
0.013356964401770751,Fear,Boredom,0.0018343137799587328
0.013356964401770751,Fear,Fear,0.995051333000982
0.013356964401770751,Fear,Happiness,0.000556811610587166
0.013356964401770751,Fear,Joy,0.0007742066098805323
0.013356964401770751,Fear,Pride,0.000483063044648957
0.013356964401770751,Fear,Sadness,0.0003492535776591302
0.013356964401770751,Fear,Shame,0.0009510183762835049
0.013356964401770751,Happiness,Boredom,0.9675435787025324
0.013356964401770751,Happiness,Fear,3.3693407288443305e-05
0.013356964401770751,Happiness,Happiness,0.027904674551036682
0.013356964401770751,Happiness,Joy,0.0009350636854490499
0.013356964401770751,Happiness,Pride,0.002774040331912995
0.013356964401770751,Happiness,Sadness,4.384764299906575e-05
0.013356964401770751,Happiness,Shame,0.0007651016787813628
0.013356964401770751,Joy,Boredom,0.0014632917315154544
0.013356964401770751,Joy,Fear,0.015805469580825706
0.013356964401770751,Joy,Happiness,0.00341438230721804
0.013356964401770751,Joy,Joy,0.04988796510601032
0.013356964401770751,Joy,Pride,0.2613600974359984
0.013356964401770751,Joy,Sadness,0.005663246166274172
0.013356964401770751,Joy,Shame,0.6624055476721582
0.013356964401770751,Pride,Boredom,0.0022110883766195927
0.013356964401770751,Pride,Fear,0.00017539935224853377
0.013356964401770751,Pride,Happiness,0.0293688776906882
0.013356964401770751,Pride,Joy,0.0005053042667652864
0.013356964401770751,Pride,Pride,0.7291240352952939
0.013356964401770751,Pride,Sadness,0.0036496834538665784
0.013356964401770751,Pride,Shame,0.23496561156451773
0.013356964401770751,Sadness,Boredom,0.010767663297021722
0.013356964401770751,Sadness,Fear,0.7878532683918796
0.013356964401770751,Sadness,Happiness,0.005916773801637102
0.013356964401770751,Sadness,Joy,0.03348258085761773
0.013356964401770751,Sadness,Pride,0.016327151803648507
0.013356964401770751,Sadness,Sadness,0.005372236865288682
0.013356964401770751,Sadness,Shame,0.14028032498290693
0.013356964401770751,Shame,Boredom,0.00038821651859787714
0.013356964401770751,Shame,Fear,0.00032711558242336204
0.013356964401770751,Shame,Happiness,0.0002792445627696728
0.013356964401770751,Shame,Joy,0.00021193972781449838
0.013356964401770751,Shame,Pride,0.060238406317760826
0.013356964401770751,Shame,Sadness,0.0008393924572579026
0.013356964401770751,Shame,Shame,0.9377156848333761
0.014275947819028193,Boredom,Boredom,0.5558944091195311
0.014275947819028193,Boredom,Fear,0.06216911966863185
0.014275947819028193,Boredom,Happiness,0.04529328191677112
0.014275947819028193,Boredom,Joy,0.1707059994358317
0.014275947819028193,Boredom,Pride,0.04161890743946971
0.014275947819028193,Boredom,Sadness,0.01537853465822308
0.014275947819028193,Boredom,Shame,0.10893974776154094
0.014275947819028193,Fear,Boredom,0.0018684820893866117
0.014275947819028193,Fear,Fear,0.9949836315355854
0.014275947819028193,Fear,Happiness,0.0005557337297638199
0.014275947819028193,Fear,Joy,0.0007888376157533847
0.014275947819028193,Fear,Pride,0.000505443645594225
0.014275947819028193,Fear,Sadness,0.00035712981174575105
0.014275947819028193,Fear,Shame,0.0009407415721705982
0.014275947819028193,Happiness,Boredom,0.9693705795221602
0.014275947819028193,Happiness,Fear,0.00013875436889143302
0.014275947819028193,Happiness,Happiness,0.02581533758246819
0.014275947819028193,Happiness,Joy,0.0009550851457532304
0.014275947819028193,Happiness,Pride,0.0029596230383609284
0.014275947819028193,Happiness,Sadness,4.6447800019203944e-05
0.014275947819028193,Happiness,Shame,0.0007141725423468997
0.014275947819028193,Joy,Boredom,0.00045309789040000244
0.014275947819028193,Joy,Fear,0.009157097725967372
0.014275947819028193,Joy,Happiness,0.0012872296920237588
0.014275947819028193,Joy,Joy,0.025828862469470647
0.014275947819028193,Joy,Pride,0.18581681296922767
0.014275947819028193,Joy,Sadness,0.0028350118513543227
0.014275947819028193,Joy,Shame,0.774621887401556
0.014275947819028193,Pride,Boredom,0.002180783044500734
0.014275947819028193,Pride,Fear,0.00019032987761459576
0.014275947819028193,Pride,Happiness,0.027472651974536653
0.014275947819028193,Pride,Joy,0.0005025051611256354
0.014275947819028193,Pride,Pride,0.7036143540735976
0.014275947819028193,Pride,Sadness,0.0034125154872136237
0.014275947819028193,Pride,Shame,0.26262686038141114
0.014275947819028193,Sadness,Boredom,0.011196021674471528
0.014275947819028193,Sadness,Fear,0.7914095723966049
0.014275947819028193,Sadness,Happiness,0.00601158667542551
0.014275947819028193,Sadness,Joy,0.03472790960814646
0.014275947819028193,Sadness,Pride,0.01669600454485668
0.014275947819028193,Sadness,Sadness,0.005601690453331874
0.014275947819028193,Sadness,Shame,0.13435721464716321
0.014275947819028193,Shame,Boredom,0.00027906294082164954
0.014275947819028193,Shame,Fear,9.51561908328414e-05
0.014275947819028193,Shame,Happiness,0.00016867780765554536
0.014275947819028193,Shame,Joy,0.00015067736496290727
0.014275947819028193,Shame,Pride,0.017675829869874888
0.014275947819028193,Shame,Sadness,0.0002794110191404153
0.014275947819028193,Shame,Shame,0.9813511848067117
0.013282437966711833,Boredom,Boredom,0.5569515242730368
0.013282437966711833,Boredom,Fear,0.05977364898673269
0.013282437966711833,Boredom,Happiness,0.04228729118040464
0.013282437966711833,Boredom,Joy,0.1674508441177287
0.013282437966711833,Boredom,Pride,0.04824382478767042
0.013282437966711833,Boredom,Sadness,0.014518237261646767
0.013282437966711833,Boredom,Shame,0.11077462939277964
0.013282437966711833,Fear,Boredom,0.001833403306314717
0.013282437966711833,Fear,Fear,0.9950843187823365
0.013282437966711833,Fear,Happiness,0.000557949965049044
0.013282437966711833,Fear,Joy,0.0007773676780411211
0.013282437966711833,Fear,Pride,0.0005005094402961956
0.013282437966711833,Fear,Sadness,0.0003478797864696259
0.013282437966711833,Fear,Shame,0.0008985710414928865
0.013282437966711833,Happiness,Boredom,0.9689539672874963
0.013282437966711833,Happiness,Fear,0.00014110817789342927
0.013282437966711833,Happiness,Happiness,0.026379914501261138
0.013282437966711833,Happiness,Joy,0.0009452973833034682
0.013282437966711833,Happiness,Pride,0.0027228230508959434
0.013282437966711833,Happiness,Sadness,4.453189416966491e-05
0.013282437966711833,Happiness,Shame,0.0008123577049803432
0.013282437966711833,Joy,Boredom,0.004047730221829405
0.013282437966711833,Joy,Fear,0.024359602652259175
0.013282437966711833,Joy,Happiness,0.008268589960823167
0.013282437966711833,Joy,Joy,0.07954824580488992
0.013282437966711833,Joy,Pride,0.2966814253775506
0.013282437966711833,Joy,Sadness,0.010670800317505629
0.013282437966711833,Joy,Shame,0.5764236056651425
0.013282437966711833,Pride,Boredom,0.002265591609340975
0.013282437966711833,Pride,Fear,0.00017927119957527834
0.013282437966711833,Pride,Happiness,0.03018247804930388
0.013282437966711833,Pride,Joy,0.0011763779770221925
0.013282437966711833,Pride,Pride,0.7070535071849718
0.013282437966711833,Pride,Sadness,0.0036357158668353907
0.013282437966711833,Pride,Shame,0.25550705811295
0.013282437966711833,Sadness,Boredom,0.0108105882124486
0.013282437966711833,Sadness,Fear,0.7893568100938549
0.013282437966711833,Sadness,Happiness,0.00591020860302829
0.013282437966711833,Sadness,Joy,0.033813639300381
0.013282437966711833,Sadness,Pride,0.018923037966928378
0.013282437966711833,Sadness,Sadness,0.0055450881479038525
0.013282437966711833,Sadness,Shame,0.13564062767545462
0.013282437966711833,Shame,Boredom,0.0005246008879556132
0.013282437966711833,Shame,Fear,0.0005785151181849921
0.013282437966711833,Shame,Happiness,0.000465227561604681
0.013282437966711833,Shame,Joy,0.0017728862234075557
0.013282437966711833,Shame,Pride,0.14182354370751443
0.013282437966711833,Shame,Sadness,0.0020532169710839538
0.013282437966711833,Shame,Shame,0.852782009530249
0.014657372011760029,Boredom,Boredom,0.5563572530393278
0.014657372011760029,Boredom,Fear,0.06299737617791941
0.014657372011760029,Boredom,Happiness,0.046160680903150446
0.014657372011760029,Boredom,Joy,0.17012160638874257
0.014657372011760029,Boredom,Pride,0.04052330427831905
0.014657372011760029,Boredom,Sadness,0.015454181458692654
0.014657372011760029,Boredom,Shame,0.10838559775384772
0.014657372011760029,Fear,Boredom,0.0018617865129016563
0.014657372011760029,Fear,Fear,0.9950024074327921
0.014657372011760029,Fear,Happiness,0.0005619892255048088
0.014657372011760029,Fear,Joy,0.0007855155303232025
0.014657372011760029,Fear,Pride,0.0005052947592190025
0.014657372011760029,Fear,Sadness,0.0003577324735378807
0.014657372011760029,Fear,Shame,0.0009252740657216036
0.014657372011760029,Happiness,Boredom,0.9704580855855631
0.014657372011760029,Happiness,Fear,0.000129882678445269
0.014657372011760029,Happiness,Happiness,0.024648737011431273
0.014657372011760029,Happiness,Joy,0.0009354316036570219
0.014657372011760029,Happiness,Pride,0.0030525134409569686
0.014657372011760029,Happiness,Sadness,4.633057062572878e-05
0.014657372011760029,Happiness,Shame,0.0007290191093204449
0.014657372011760029,Joy,Boredom,0.0005926144805629014
0.014657372011760029,Joy,Fear,0.010356596781676308
0.014657372011760029,Joy,Happiness,0.0015949314355494602
0.014657372011760029,Joy,Joy,0.030031457711800918
0.014657372011760029,Joy,Pride,0.20155691127960096
0.014657372011760029,Joy,Sadness,0.0032338172354125457
0.014657372011760029,Joy,Shame,0.7526336710753971
0.014657372011760029,Pride,Boredom,0.0022044520577667653
0.014657372011760029,Pride,Fear,0.0001954955462973086
0.014657372011760029,Pride,Happiness,0.02578485879460154
0.014657372011760029,Pride,Joy,0.0005102101205443077
0.014657372011760029,Pride,Pride,0.7009326414891928
0.014657372011760029,Pride,Sadness,0.0034191509752773165
0.014657372011760029,Pride,Shame,0.26695319101632015
0.014657372011760029,Sadness,Boredom,0.01136616302739049
0.014657372011760029,Sadness,Fear,0.795625754789643
0.014657372011760029,Sadness,Happiness,0.006115431883621112
0.014657372011760029,Sadness,Joy,0.034823708709887824
0.014657372011760029,Sadness,Pride,0.01667702667889574
0.014657372011760029,Sadness,Sadness,0.0056071220939085
0.014657372011760029,Sadness,Shame,0.1297847928166532
0.014657372011760029,Shame,Boredom,0.00033229762109153503
0.014657372011760029,Shame,Fear,0.0001458451948852967
0.014657372011760029,Shame,Happiness,0.0002644545213042952
0.014657372011760029,Shame,Joy,0.00023101052703680274
0.014657372011760029,Shame,Pride,0.02239213307707426
0.014657372011760029,Shame,Sadness,0.00037589243612446495
0.014657372011760029,Shame,Shame,0.9762583666224832
0.013962638869273375,Boredom,Boredom,0.5555215624001157
0.013962638869273375,Boredom,Fear,0.061434354160296176
0.013962638869273375,Boredom,Happiness,0.0443687400114052
0.013962638869273375,Boredom,Joy,0.1698351548730151
0.013962638869273375,Boredom,Pride,0.04346240692059522
0.013962638869273375,Boredom,Sadness,0.015146554106410894
0.013962638869273375,Boredom,Shame,0.1102312275281618
0.013962638869273375,Fear,Boredom,0.0018573772844642266
0.013962638869273375,Fear,Fear,0.9949906720464933
0.013962638869273375,Fear,Happiness,0.0005525744496739181
0.013962638869273375,Fear,Joy,0.0007841126139281886
0.013962638869273375,Fear,Pride,0.0005031399826413302
0.013962638869273375,Fear,Sadness,0.00035505811832305996
0.013962638869273375,Fear,Shame,0.0009570655044763106
0.013962638869273375,Happiness,Boredom,0.9675860400789702
0.013962638869273375,Happiness,Fear,3.466799169487218e-05
0.013962638869273375,Happiness,Happiness,0.027730801558582357
0.013962638869273375,Happiness,Joy,0.000945604876060201
0.013962638869273375,Happiness,Pride,0.0028704439968279018
0.013962638869273375,Happiness,Sadness,4.524528489474286e-05
0.013962638869273375,Happiness,Shame,0.0007871962129699954
0.013962638869273375,Joy,Boredom,0.0016508121935953528
0.013962638869273375,Joy,Fear,0.015793217909015618
0.013962638869273375,Joy,Happiness,0.003739242399493062
0.013962638869273375,Joy,Joy,0.05236052591961295
0.013962638869273375,Joy,Pride,0.25715198903254
0.013962638869273375,Joy,Sadness,0.0059010894455157475
0.013962638869273375,Joy,Shame,0.6634031231002272
0.013962638869273375,Pride,Boredom,0.0021993025409003464
0.013962638869273375,Pride,Fear,0.00018920196988821082
0.013962638869273375,Pride,Happiness,0.02862827719297445
0.013962638869273375,Pride,Joy,0.0005723791019327217
0.013962638869273375,Pride,Pride,0.6953498701771837
0.013962638869273375,Pride,Sadness,0.0034574775907075216
0.013962638869273375,Pride,Shame,0.26960349142641304
0.013962638869273375,Sadness,Boredom,0.011077139830774976
0.013962638869273375,Sadness,Fear,0.7881510218717592
0.013962638869273375,Sadness,Happiness,0.005949978898896728
0.013962638869273375,Sadness,Joy,0.03430804931174576
0.013962638869273375,Sadness,Pride,0.017390531172632364
0.013962638869273375,Sadness,Sadness,0.005572492025455007
0.013962638869273375,Sadness,Shame,0.13755078688873548
0.013962638869273375,Shame,Boredom,0.0003988103018519687
0.013962638869273375,Shame,Fear,0.0003413661757661407
0.013962638869273375,Shame,Happiness,0.0002970188538638706
0.013962638869273375,Shame,Joy,0.00030949953289080275
0.013962638869273375,Shame,Pride,0.06216103495469483
0.013962638869273375,Shame,Sadness,0.00089190913992583
0.013962638869273375,Shame,Shame,0.9356003610410071
0.013861661674380878,Boredom,Boredom,0.557451739293523
0.013861661674380878,Boredom,Fear,0.06156946079077844
0.013861661674380878,Boredom,Happiness,0.04408413219939285
0.013861661674380878,Boredom,Joy,0.17021083712338866
0.013861661674380878,Boredom,Pride,0.041848238322314386
0.013861661674380878,Boredom,Sadness,0.015113889184696083
0.013861661674380878,Boredom,Shame,0.10972170308590674
0.013861661674380878,Fear,Boredom,0.0018494405169677158
0.013861661674380878,Fear,Fear,0.9949992803663058
0.013861661674380878,Fear,Happiness,0.000552952281999214
0.013861661674380878,Fear,Joy,0.0007860142649709479
0.013861661674380878,Fear,Pride,0.0004972439334320751
0.013861661674380878,Fear,Sadness,0.00035537915568399094
0.013861661674380878,Fear,Shame,0.0009596894806402867
0.013861661674380878,Happiness,Boredom,0.9681636375501388
0.013861661674380878,Happiness,Fear,0.0001478344433450335
0.013861661674380878,Happiness,Happiness,0.027119121622758324
0.013861661674380878,Happiness,Joy,0.0009607996693231004
0.013861661674380878,Happiness,Pride,0.002821995706388141
0.013861661674380878,Happiness,Sadness,4.5880369319841285e-05
0.013861661674380878,Happiness,Shame,0.0007407306387267141
0.013861661674380878,Joy,Boredom,0.0013081738884080597
0.013861661674380878,Joy,Fear,0.014101839563592605
0.013861661674380878,Joy,Happiness,0.0030212930964820645
0.013861661674380878,Joy,Joy,0.045787482464551936
0.013861661674380878,Joy,Pride,0.2415425247598436
0.013861661674380878,Joy,Sadness,0.005033729891065701
0.013861661674380878,Joy,Shame,0.689204956336056
0.013861661674380878,Pride,Boredom,0.0021690478135904002
0.013861661674380878,Pride,Fear,0.0001769962495821208
0.013861661674380878,Pride,Happiness,0.02659752033733484
0.013861661674380878,Pride,Joy,0.0005126791261567198
0.013861661674380878,Pride,Pride,0.7372798988724156
0.013861661674380878,Pride,Sadness,0.0036173733738073845
0.013861661674380878,Pride,Shame,0.2296464842271131
0.013861661674380878,Sadness,Boredom,0.010981531315525183
0.013861661674380878,Sadness,Fear,0.7918319837692716
0.013861661674380878,Sadness,Happiness,0.005984648237748497
0.013861661674380878,Sadness,Joy,0.03441431346343712
0.013861661674380878,Sadness,Pride,0.016652791424564797
0.013861661674380878,Sadness,Sadness,0.005519436998595596
0.013861661674380878,Sadness,Shame,0.13461529479085746
0.013861661674380878,Shame,Boredom,0.000296375696075054
0.013861661674380878,Shame,Fear,0.00019563282660112625
0.013861661674380878,Shame,Happiness,0.00014808772991580787
0.013861661674380878,Shame,Joy,0.00014932142963784573
0.013861661674380878,Shame,Pride,0.03872018626332633
0.013861661674380878,Shame,Sadness,0.0005552140907339278
0.013861661674380878,Shame,Shame,0.9599351819637099
0.013490438988061675,Boredom,Boredom,0.5600299315414398
0.013490438988061675,Boredom,Fear,0.06032331374973542
0.013490438988061675,Boredom,Happiness,0.04258839089462074
0.013490438988061675,Boredom,Joy,0.16844545138070083
0.013490438988061675,Boredom,Pride,0.04401470129164633
0.013490438988061675,Boredom,Sadness,0.014750533337693019
0.013490438988061675,Boredom,Shame,0.10984767780416393
0.013490438988061675,Fear,Boredom,0.0018388404727450972
0.013490438988061675,Fear,Fear,0.9950909538147832
0.013490438988061675,Fear,Happiness,0.0005578479376171367
0.013490438988061675,Fear,Joy,0.0007804953003464583
0.013490438988061675,Fear,Pride,0.0005003064821537929
0.013490438988061675,Fear,Sadness,0.00035057961482563166
0.013490438988061675,Fear,Shame,0.0008809763775286824
0.013490438988061675,Happiness,Boredom,0.9668644180636972
0.013490438988061675,Happiness,Fear,3.3660724847807915e-05
0.013490438988061675,Happiness,Happiness,0.02854733629168662
0.013490438988061675,Happiness,Joy,0.0009260610266894445
0.013490438988061675,Happiness,Pride,0.0028001883608964524
0.013490438988061675,Happiness,Sadness,4.418421501082628e-05
0.013490438988061675,Happiness,Shame,0.0007841513171717707
0.013490438988061675,Joy,Boredom,0.0015948081708502093
0.013490438988061675,Joy,Fear,0.015536771928096944
0.013490438988061675,Joy,Happiness,0.003622490064151393
0.013490438988061675,Joy,Joy,0.051060975312893095
0.013490438988061675,Joy,Pride,0.24845003885524436
0.013490438988061675,Joy,Sadness,0.005729276500490807
0.013490438988061675,Joy,Shame,0.6740056391682735
0.013490438988061675,Pride,Boredom,0.0022446256136114807
0.013490438988061675,Pride,Fear,0.00018461721339993023
0.013490438988061675,Pride,Happiness,0.02897656666477125
0.013490438988061675,Pride,Joy,0.0005903479975281238
0.013490438988061675,Pride,Pride,0.7044694341657098
0.013490438988061675,Pride,Sadness,0.0035317900429583326
0.013490438988061675,Pride,Shame,0.2600026183020208
0.013490438988061675,Sadness,Boredom,0.010865884464857145
0.013490438988061675,Sadness,Fear,0.7911873582364587
0.013490438988061675,Sadness,Happiness,0.005974430519843886
0.013490438988061675,Sadness,Joy,0.03403394984580807
0.013490438988061675,Sadness,Pride,0.017253903801383842
0.013490438988061675,Sadness,Sadness,0.005490528880082395
0.013490438988061675,Sadness,Shame,0.13519394425156628
0.013490438988061675,Shame,Boredom,0.0003904055207965667
0.013490438988061675,Shame,Fear,0.00033157978020786037
0.013490438988061675,Shame,Happiness,0.000282646207006282
0.013490438988061675,Shame,Joy,0.00031786431779163183
0.013490438988061675,Shame,Pride,0.06066810327255895
0.013490438988061675,Shame,Sadness,0.0008567225310150273
0.013490438988061675,Shame,Shame,0.9371526783706238
0.014914866166097237,Boredom,Boredom,0.5556015329486272
0.014914866166097237,Boredom,Fear,0.06316970560069272
0.014914866166097237,Boredom,Happiness,0.04660746302713439
0.014914866166097237,Boredom,Joy,0.16969531850823086
0.014914866166097237,Boredom,Pride,0.040368961470808234
0.014914866166097237,Boredom,Sadness,0.015467991623420434
0.014914866166097237,Boredom,Shame,0.10908902682108579
0.014914866166097237,Fear,Boredom,0.0018611820257486659
0.014914866166097237,Fear,Fear,0.9949774573158335
0.014914866166097237,Fear,Happiness,0.0005649231766184246
0.014914866166097237,Fear,Joy,0.0007836376548593866
0.014914866166097237,Fear,Pride,0.0005068479321643643
0.014914866166097237,Fear,Sadness,0.0003583926258871556
0.014914866166097237,Fear,Shame,0.0009475592688884563
0.014914866166097237,Happiness,Boredom,0.969482313748384
0.014914866166097237,Happiness,Fear,0.00013716775277358335
0.014914866166097237,Happiness,Happiness,0.02562079180339742
0.014914866166097237,Happiness,Joy,0.0009258557372897652
0.014914866166097237,Happiness,Pride,0.0030481606533775667
0.014914866166097237,Happiness,Sadness,4.597475489671023e-05
0.014914866166097237,Happiness,Shame,0.0007397355498809943
0.014914866166097237,Joy,Boredom,0.0013346935287875227
0.014914866166097237,Joy,Fear,0.014090573886449275
0.014914866166097237,Joy,Happiness,0.0030629403752300438
0.014914866166097237,Joy,Joy,0.046012788978385066
0.014914866166097237,Joy,Pride,0.23833158011415073
0.014914866166097237,Joy,Sadness,0.005061732381726112
0.014914866166097237,Joy,Shame,0.6921056907352714
0.014914866166097237,Pride,Boredom,0.0021424907432016816
0.014914866166097237,Pride,Fear,0.00018481215893146024
0.014914866166097237,Pride,Happiness,0.025074221848158374
0.014914866166097237,Pride,Joy,0.0005343067720829235
0.014914866166097237,Pride,Pride,0.7196219759818495
0.014914866166097237,Pride,Sadness,0.0035309778904173473
0.014914866166097237,Pride,Shame,0.2489112146053587
0.014914866166097237,Sadness,Boredom,0.011339863971729888
0.014914866166097237,Sadness,Fear,0.7963418449589897
0.014914866166097237,Sadness,Happiness,0.006125364233787987
0.014914866166097237,Sadness,Joy,0.03459230063012048
0.014914866166097237,Sadness,Pride,0.01694577881271751
0.014914866166097237,Sadness,Sadness,0.00561252000014844
0.014914866166097237,Sadness,Shame,0.12904232739250643
0.014914866166097237,Shame,Boredom,0.0003018966499020632
0.014914866166097237,Shame,Fear,0.00022646563265623447
0.014914866166097237,Shame,Happiness,0.00016860210370492123
0.014914866166097237,Shame,Joy,0.0001941720566236898
0.014914866166097237,Shame,Pride,0.04144403289559942
0.014914866166097237,Shame,Sadness,0.0006388833809497808
0.014914866166097237,Shame,Shame,0.9570259472805637
0.013884360724388582,Boredom,Boredom,0.556395595680598
0.013884360724388582,Boredom,Fear,0.061792436645290875
0.013884360724388582,Boredom,Happiness,0.04403114625681922
0.013884360724388582,Boredom,Joy,0.17080613516345894
0.013884360724388582,Boredom,Pride,0.04163544987093259
0.013884360724388582,Boredom,Sadness,0.015208286510464119
0.013884360724388582,Boredom,Shame,0.11013094987243588
0.013884360724388582,Fear,Boredom,0.001847296076355181
0.013884360724388582,Fear,Fear,0.9950283202152741
0.013884360724388582,Fear,Happiness,0.0005545035936802858
0.013884360724388582,Fear,Joy,0.0007859232481105811
0.013884360724388582,Fear,Pride,0.0004899459730392649
0.013884360724388582,Fear,Sadness,0.0003535429174585075
0.013884360724388582,Fear,Shame,0.0009404679760823318
0.013884360724388582,Happiness,Boredom,0.9679996438994904
0.013884360724388582,Happiness,Fear,3.472302479425001e-05
0.013884360724388582,Happiness,Happiness,0.02742986277622841
0.013884360724388582,Happiness,Joy,0.0009458715428906087
0.013884360724388582,Happiness,Pride,0.002810065751215388
0.013884360724388582,Happiness,Sadness,4.490728201777168e-05
0.013884360724388582,Happiness,Shame,0.0007349257233633829
0.013884360724388582,Joy,Boredom,0.0014153876794093182
0.013884360724388582,Joy,Fear,0.014935118042785422
0.013884360724388582,Joy,Happiness,0.0032833432386123133
0.013884360724388582,Joy,Joy,0.04817167810817578
0.013884360724388582,Joy,Pride,0.24286362939949233
0.013884360724388582,Joy,Sadness,0.005333453019846914
0.013884360724388582,Joy,Shame,0.6839973905116778
0.013884360724388582,Pride,Boredom,0.00218511890207713
0.013884360724388582,Pride,Fear,0.0001787448298992151
0.013884360724388582,Pride,Happiness,0.025849877767105466
0.013884360724388582,Pride,Joy,0.000512324862534677
0.013884360724388582,Pride,Pride,0.7423075497595785
0.013884360724388582,Pride,Sadness,0.0036399144322268734
0.013884360724388582,Pride,Shame,0.22532646944657794
0.013884360724388582,Sadness,Boredom,0.010985820194968214
0.013884360724388582,Sadness,Fear,0.790218661264938
0.013884360724388582,Sadness,Happiness,0.005973482398565277
0.013884360724388582,Sadness,Joy,0.03437840209610023
0.013884360724388582,Sadness,Pride,0.01634445809649179
0.013884360724388582,Sadness,Sadness,0.005483726951229221
0.013884360724388582,Sadness,Shame,0.13661544899770733
0.013884360724388582,Shame,Boredom,0.00030328646543475275
0.013884360724388582,Shame,Fear,0.00020330233884016872
0.013884360724388582,Shame,Happiness,0.00015423955223363154
0.013884360724388582,Shame,Joy,0.0001526913409543175
0.013884360724388582,Shame,Pride,0.0397889424905143
0.013884360724388582,Shame,Sadness,0.0005712104114970968
0.013884360724388582,Shame,Shame,0.9588263274005259
0.013679468808048522,Boredom,Boredom,0.5592471886799241
0.013679468808048522,Boredom,Fear,0.0601960988353168
0.013679468808048522,Boredom,Happiness,0.042632798469687073
0.013679468808048522,Boredom,Joy,0.16789678037062286
0.013679468808048522,Boredom,Pride,0.045340185330020454
0.013679468808048522,Boredom,Sadness,0.01466248747733157
0.013679468808048522,Boredom,Shame,0.11002446083709708
0.013679468808048522,Fear,Boredom,0.0018458333264126995
0.013679468808048522,Fear,Fear,0.9950106897270315
0.013679468808048522,Fear,Happiness,0.0005559735593909171
0.013679468808048522,Fear,Joy,0.0007815073274991749
0.013679468808048522,Fear,Pride,0.0004960901753186899
0.013679468808048522,Fear,Sadness,0.0003536136082663575
0.013679468808048522,Fear,Shame,0.0009562922760807295
0.013679468808048522,Happiness,Boredom,0.9690940410539296
0.013679468808048522,Happiness,Fear,0.00014018983230575785
0.013679468808048522,Happiness,Happiness,0.026190513867816383
0.013679468808048522,Happiness,Joy,0.000935633508504104
0.013679468808048522,Happiness,Pride,0.00279677938333342
0.013679468808048522,Happiness,Sadness,4.501856029734656e-05
0.013679468808048522,Happiness,Shame,0.0007978237938132551
0.013679468808048522,Joy,Boredom,0.004416716346347047
0.013679468808048522,Joy,Fear,0.025830384760264256
0.013679468808048522,Joy,Happiness,0.008992504070011474
0.013679468808048522,Joy,Joy,0.08409078758689778
0.013679468808048522,Joy,Pride,0.31083144007738595
0.013679468808048522,Joy,Sadness,0.011442787787988433
0.013679468808048522,Joy,Shame,0.5543953793711053
0.013679468808048522,Pride,Boredom,0.002165172267498962
0.013679468808048522,Pride,Fear,0.00017069230659660578
0.013679468808048522,Pride,Happiness,0.026128755601316896
0.013679468808048522,Pride,Joy,0.0008430464255908422
0.013679468808048522,Pride,Pride,0.7429245298367293
0.013679468808048522,Pride,Sadness,0.0036954913232193753
0.013679468808048522,Pride,Shame,0.2240723122390478
0.013679468808048522,Sadness,Boredom,0.011049615670781566
0.013679468808048522,Sadness,Fear,0.786477382292196
0.013679468808048522,Sadness,Happiness,0.005936428583730559
0.013679468808048522,Sadness,Joy,0.034190202490603776
0.013679468808048522,Sadness,Pride,0.018408550652521706
0.013679468808048522,Sadness,Sadness,0.005595064126523874
0.013679468808048522,Sadness,Shame,0.13834275618364258
0.013679468808048522,Shame,Boredom,0.00048010495115916773
0.013679468808048522,Shame,Fear,0.0005272894916655032
0.013679468808048522,Shame,Happiness,0.00038389180892391204
0.013679468808048522,Shame,Joy,0.0011961418423465816
0.013679468808048522,Shame,Pride,0.13059076682241474
0.013679468808048522,Shame,Sadness,0.0018874402489649428
0.013679468808048522,Shame,Shame,0.8649343648345249
0.013736487379936957,Boredom,Boredom,0.5606772962921044
0.013736487379936957,Boredom,Fear,0.060867596556808234
0.013736487379936957,Boredom,Happiness,0.04297895749672167
0.013736487379936957,Boredom,Joy,0.16899581043526726
0.013736487379936957,Boredom,Pride,0.042092166626221963
0.013736487379936957,Boredom,Sadness,0.014848141991819845
0.013736487379936957,Boredom,Shame,0.10954003060105703
0.013736487379936957,Fear,Boredom,0.0018438791221058234
0.013736487379936957,Fear,Fear,0.995010092600034
0.013736487379936957,Fear,Happiness,0.0005529120889800895
0.013736487379936957,Fear,Joy,0.000784832040206248
0.013736487379936957,Fear,Pride,0.0004930822326937483
0.013736487379936957,Fear,Sadness,0.00035391233271537463
0.013736487379936957,Fear,Shame,0.0009612895832642058
0.013736487379936957,Happiness,Boredom,0.968661215621099
0.013736487379936957,Happiness,Fear,0.00014382910471987106
0.013736487379936957,Happiness,Happiness,0.0265992005253027
0.013736487379936957,Happiness,Joy,0.0009473871357045092
0.013736487379936957,Happiness,Pride,0.002847148285441861
0.013736487379936957,Happiness,Sadness,4.5581861150858165e-05
0.013736487379936957,Happiness,Shame,0.000755637466581211
0.013736487379936957,Joy,Boredom,0.002049798483297793
0.013736487379936957,Joy,Fear,0.018065170702986123
0.013736487379936957,Joy,Happiness,0.004546687602540757
0.013736487379936957,Joy,Joy,0.05887177725908287
0.013736487379936957,Joy,Pride,0.27915183033460805
0.013736487379936957,Joy,Sadness,0.006897945077725473
0.013736487379936957,Joy,Shame,0.6304167905397589
0.013736487379936957,Pride,Boredom,0.002145433608933017
0.013736487379936957,Pride,Fear,0.00017171399201091565
0.013736487379936957,Pride,Happiness,0.025429498629380737
0.013736487379936957,Pride,Joy,0.0005307217913343221
0.013736487379936957,Pride,Pride,0.76142606333493
0.013736487379936957,Pride,Sadness,0.0037534724893414505
0.013736487379936957,Pride,Shame,0.2065430961540698
0.013736487379936957,Sadness,Boredom,0.01098562508817191
0.013736487379936957,Sadness,Fear,0.7874323510434168
0.013736487379936957,Sadness,Happiness,0.005944898484588506
0.013736487379936957,Sadness,Joy,0.03426649029928126
0.013736487379936957,Sadness,Pride,0.01684207455013957
0.013736487379936957,Sadness,Sadness,0.0055083586060021604
0.013736487379936957,Sadness,Shame,0.13902020192839964
0.013736487379936957,Shame,Boredom,0.0003792269909764466
0.013736487379936957,Shame,Fear,0.0003170813240955432
0.013736487379936957,Shame,Happiness,0.000268557522838077
0.013736487379936957,Shame,Joy,0.00026665300771846866
0.013736487379936957,Shame,Pride,0.05798698437812835
0.013736487379936957,Shame,Sadness,0.0008409112585239548
0.013736487379936957,Shame,Shame,0.9399405855177196
0.014398343719234662,Boredom,Boredom,0.5550980454854687
0.014398343719234662,Boredom,Fear,0.0625531553544617
0.014398343719234662,Boredom,Happiness,0.0456346987596145
0.014398343719234662,Boredom,Joy,0.1705523714694493
0.014398343719234662,Boredom,Pride,0.0415785579109026
0.014398343719234662,Boredom,Sadness,0.015444418321269651
0.014398343719234662,Boredom,Shame,0.10913875269883336
0.014398343719234662,Fear,Boredom,0.0018838003342677018
0.014398343719234662,Fear,Fear,0.9949720699909368
0.014398343719234662,Fear,Happiness,0.0005573971331332934
0.014398343719234662,Fear,Joy,0.0007898145181186228
0.014398343719234662,Fear,Pride,0.000502640366347278
0.014398343719234662,Fear,Sadness,0.00035460108270160415
0.014398343719234662,Fear,Shame,0.0009396765744947506
0.014398343719234662,Happiness,Boredom,0.9686249211409008
0.014398343719234662,Happiness,Fear,0.00014391526380680864
0.014398343719234662,Happiness,Happiness,0.02649658809928365
0.014398343719234662,Happiness,Joy,0.0009454313886190315
0.014398343719234662,Happiness,Pride,0.003003761246180457
0.014398343719234662,Happiness,Sadness,4.653487610550255e-05
0.014398343719234662,Happiness,Shame,0.0007388479851036158
0.014398343719234662,Joy,Boredom,0.0007002294843447952
0.014398343719234662,Joy,Fear,0.011824468239472044
0.014398343719234662,Joy,Happiness,0.0018668729320401125
0.014398343719234662,Joy,Joy,0.033285562873094844
0.014398343719234662,Joy,Pride,0.23437833814741368
0.014398343719234662,Joy,Sadness,0.003811556484249162
0.014398343719234662,Joy,Shame,0.7141329718393856
0.014398343719234662,Pride,Boredom,0.002194524511689114
0.014398343719234662,Pride,Fear,0.0001906671857577101
0.014398343719234662,Pride,Happiness,0.027051078462387003
0.014398343719234662,Pride,Joy,0.0005071837069425542
0.014398343719234662,Pride,Pride,0.6917844643744161
0.014398343719234662,Pride,Sadness,0.0034142152652072493
0.014398343719234662,Pride,Shame,0.2748578664936005
0.014398343719234662,Sadness,Boredom,0.011327019594765227
0.014398343719234662,Sadness,Fear,0.7898854639506475
0.014398343719234662,Sadness,Happiness,0.006027320271879076
0.014398343719234662,Sadness,Joy,0.0348021922160529
0.014398343719234662,Sadness,Pride,0.016710206842891914
0.014398343719234662,Sadness,Sadness,0.005617500587974122
0.014398343719234662,Sadness,Shame,0.13563029653578876
0.014398343719234662,Shame,Boredom,0.000286323458860166
0.014398343719234662,Shame,Fear,0.00018769140281765808
0.014398343719234662,Shame,Happiness,0.00013802799366672552
0.014398343719234662,Shame,Joy,0.00010951115579720394
0.014398343719234662,Shame,Pride,0.03662263006706888
0.014398343719234662,Shame,Sadness,0.0005314008535855522
0.014398343719234662,Shame,Shame,0.9621244150682037
0.014273473296576107,Boredom,Boredom,0.5545767949509215
0.014273473296576107,Boredom,Fear,0.062163668375868064
0.014273473296576107,Boredom,Happiness,0.045517368252019345
0.014273473296576107,Boredom,Joy,0.1704989031149089
0.014273473296576107,Boredom,Pride,0.04248300384997314
0.014273473296576107,Boredom,Sadness,0.015350946208265857
0.014273473296576107,Boredom,Shame,0.10940931524804309
0.014273473296576107,Fear,Boredom,0.0018701471189110756
0.014273473296576107,Fear,Fear,0.9949676968719622
0.014273473296576107,Fear,Happiness,0.000555797262323577
0.014273473296576107,Fear,Joy,0.00078837915802845
0.014273473296576107,Fear,Pride,0.0005073522762664086
0.014273473296576107,Fear,Sadness,0.0003553733987386558
0.014273473296576107,Fear,Shame,0.0009552539137696467
0.014273473296576107,Happiness,Boredom,0.9675278438024897
0.014273473296576107,Happiness,Fear,0.00015276777848434813
0.014273473296576107,Happiness,Happiness,0.02765243764681862
0.014273473296576107,Happiness,Joy,0.0009539648241674896
0.014273473296576107,Happiness,Pride,0.002929182086536123
0.014273473296576107,Happiness,Sadness,4.619647604856934e-05
0.014273473296576107,Happiness,Shame,0.0007376073854551397
0.014273473296576107,Joy,Boredom,0.001280459059476534
0.014273473296576107,Joy,Fear,0.013801761212380517
0.014273473296576107,Joy,Happiness,0.0029518598816252635
0.014273473296576107,Joy,Joy,0.04518088914628089
0.014273473296576107,Joy,Pride,0.23808153306849622
0.014273473296576107,Joy,Sadness,0.004979666406326825
0.014273473296576107,Joy,Shame,0.6937238312254137
0.014273473296576107,Pride,Boredom,0.00219466007981027
0.014273473296576107,Pride,Fear,0.0001892828546009882
0.014273473296576107,Pride,Happiness,0.027740082184235057
0.014273473296576107,Pride,Joy,0.0005444656214012618
0.014273473296576107,Pride,Pride,0.7104790488295024
0.014273473296576107,Pride,Sadness,0.0034802389245121366
0.014273473296576107,Pride,Shame,0.25537222150593786
0.014273473296576107,Sadness,Boredom,0.01121289867018976
0.014273473296576107,Sadness,Fear,0.7905480147815103
0.014273473296576107,Sadness,Happiness,0.0060003902095908685
0.014273473296576107,Sadness,Joy,0.034708450680616725
0.014273473296576107,Sadness,Pride,0.017009897760859326
0.014273473296576107,Sadness,Sadness,0.0056090306051568535
0.014273473296576107,Sadness,Shame,0.13491131729207592
0.014273473296576107,Shame,Boredom,0.0003040684512299625
0.014273473296576107,Shame,Fear,0.00021187793572456233
0.014273473296576107,Shame,Happiness,0.0001594891283094053
0.014273473296576107,Shame,Joy,0.00017844716286170883
0.014273473296576107,Shame,Pride,0.04063981160987928
0.014273473296576107,Shame,Sadness,0.0005823734442349353
0.014273473296576107,Shame,Shame,0.9579239322677601
0.014308860804988126,Boredom,Boredom,0.5569884380653101
0.014308860804988126,Boredom,Fear,0.06207161558262003
0.014308860804988126,Boredom,Happiness,0.04520775181937566
0.014308860804988126,Boredom,Joy,0.16993927427077418
0.014308860804988126,Boredom,Pride,0.0419462125689963
0.014308860804988126,Boredom,Sadness,0.015254926974548643
0.014308860804988126,Boredom,Shame,0.1085917807183752
0.014308860804988126,Fear,Boredom,0.0018668674406735653
0.014308860804988126,Fear,Fear,0.9949823329950634
0.014308860804988126,Fear,Happiness,0.0005552665953572031
0.014308860804988126,Fear,Joy,0.0007906383232175185
0.014308860804988126,Fear,Pride,0.0005087015006501872
0.014308860804988126,Fear,Sadness,0.0003555555642046741
0.014308860804988126,Fear,Shame,0.0009406375808337753
0.014308860804988126,Happiness,Boredom,0.9694358508633723
0.014308860804988126,Happiness,Fear,0.0001382383980623731
0.014308860804988126,Happiness,Happiness,0.025785709192217832
0.014308860804988126,Happiness,Joy,0.0009446196684472713
0.014308860804988126,Happiness,Pride,0.002922175162315958
0.014308860804988126,Happiness,Sadness,4.6032264451231844e-05
0.014308860804988126,Happiness,Shame,0.000727374451133187
0.014308860804988126,Joy,Boredom,0.0009487424338519732
0.014308860804988126,Joy,Fear,0.012207178171913866
0.014308860804988126,Joy,Happiness,0.0023004078484460317
0.014308860804988126,Joy,Joy,0.03861551705088394
0.014308860804988126,Joy,Pride,0.2219130406567072
0.014308860804988126,Joy,Sadness,0.004187033095809018
0.014308860804988126,Joy,Shame,0.7198280807423881
0.014308860804988126,Pride,Boredom,0.0021727005154134364
0.014308860804988126,Pride,Fear,0.00018879279908719262
0.014308860804988126,Pride,Happiness,0.028222860076593227
0.014308860804988126,Pride,Joy,0.0005188542860499948
0.014308860804988126,Pride,Pride,0.7180251080045191
0.014308860804988126,Pride,Sadness,0.003493399176081804
0.014308860804988126,Pride,Shame,0.24737828514225488
0.014308860804988126,Sadness,Boredom,0.011240733341156734
0.014308860804988126,Sadness,Fear,0.7887336674703502
0.014308860804988126,Sadness,Happiness,0.005993491539954645
0.014308860804988126,Sadness,Joy,0.03476877226943731
0.014308860804988126,Sadness,Pride,0.016837681866864747
0.014308860804988126,Sadness,Sadness,0.005611401713099266
0.014308860804988126,Sadness,Shame,0.1368142517991367
0.014308860804988126,Shame,Boredom,0.0002645059207999055
0.014308860804988126,Shame,Fear,0.0001496624716494893
0.014308860804988126,Shame,Happiness,0.00010353676854107919
0.014308860804988126,Shame,Joy,0.0001133587370865464
0.014308860804988126,Shame,Pride,0.029915235595343263
0.014308860804988126,Shame,Sadness,0.00042957143887332154
0.014308860804988126,Shame,Shame,0.9690241290677063
0.01432239691765636,Boredom,Boredom,0.5552419495039778
0.01432239691765636,Boredom,Fear,0.06229291940176311
0.01432239691765636,Boredom,Happiness,0.04550570077518985
0.01432239691765636,Boredom,Joy,0.1704326728059268
0.01432239691765636,Boredom,Pride,0.041854730278950265
0.01432239691765636,Boredom,Sadness,0.015374423695862222
0.01432239691765636,Boredom,Shame,0.10929760353832946
0.01432239691765636,Fear,Boredom,0.0018663063771821183
0.01432239691765636,Fear,Fear,0.9949699259766598
0.01432239691765636,Fear,Happiness,0.0005588248198241936
0.01432239691765636,Fear,Joy,0.0007882107892445782
0.01432239691765636,Fear,Pride,0.0005067573359820583
0.01432239691765636,Fear,Sadness,0.00035520996579289644
0.01432239691765636,Fear,Shame,0.0009547647353145721
0.01432239691765636,Happiness,Boredom,0.9683635036206629
0.01432239691765636,Happiness,Fear,0.00014593844123502706
0.01432239691765636,Happiness,Happiness,0.026757010842794245
0.01432239691765636,Happiness,Joy,0.0009546790572017233
0.01432239691765636,Happiness,Pride,0.0030024102679921164
0.01432239691765636,Happiness,Sadness,4.668242342368284e-05
0.01432239691765636,Happiness,Shame,0.000729775346690477
0.01432239691765636,Joy,Boredom,0.0011176869566647265
0.01432239691765636,Joy,Fear,0.01257970401701358
0.01432239691765636,Joy,Happiness,0.002610178876677124
0.01432239691765636,Joy,Joy,0.04173094364031356
0.01432239691765636,Joy,Pride,0.22132077321847668
0.01432239691765636,Joy,Sadness,0.004503267632551448
0.01432239691765636,Joy,Shame,0.7161374456583025
0.01432239691765636,Pride,Boredom,0.002168332488666171
0.01432239691765636,Pride,Fear,0.00018308307422772228
0.01432239691765636,Pride,Happiness,0.027251216939425796
0.01432239691765636,Pride,Joy,0.0005253647360003096
0.01432239691765636,Pride,Pride,0.7179559338912888
0.01432239691765636,Pride,Sadness,0.003475076221568087
0.01432239691765636,Pride,Shame,0.24844099264882333
0.01432239691765636,Sadness,Boredom,0.011222395604033627
0.01432239691765636,Sadness,Fear,0.7893265875978346
0.01432239691765636,Sadness,Happiness,0.006032713385810875
0.01432239691765636,Sadness,Joy,0.0347535113530834
0.01432239691765636,Sadness,Pride,0.016861776672179907
0.01432239691765636,Sadness,Sadness,0.005622497859529304
0.01432239691765636,Sadness,Shame,0.13618051752752788
0.01432239691765636,Shame,Boredom,0.00026648140974527964
0.01432239691765636,Shame,Fear,0.00015698586474733093
0.01432239691765636,Shame,Happiness,0.00011053143953147785
0.01432239691765636,Shame,Joy,0.0001313417721053394
0.01432239691765636,Shame,Pride,0.03143225093405635
0.01432239691765636,Shame,Sadness,0.00045182613650140746
0.01432239691765636,Shame,Shame,0.9674505824433128
0.01325980935861103,Boredom,Boredom,0.5620455800410383
0.01325980935861103,Boredom,Fear,0.05979654300872253
0.01325980935861103,Boredom,Happiness,0.04179023072941063
0.01325980935861103,Boredom,Joy,0.16824769057776678
0.01325980935861103,Boredom,Pride,0.04348427633293598
0.01325980935861103,Boredom,Sadness,0.014574977127885332
0.01325980935861103,Boredom,Shame,0.1100607021822402
0.01325980935861103,Fear,Boredom,0.001770874484457877
0.01325980935861103,Fear,Fear,0.995125148818398
0.01325980935861103,Fear,Happiness,0.0005476119021956412
0.01325980935861103,Fear,Joy,0.000774823939165199
0.01325980935861103,Fear,Pride,0.0004822859889094896
0.01325980935861103,Fear,Sadness,0.0003438605992836932
0.01325980935861103,Fear,Shame,0.0009553942675902114
0.01325980935861103,Happiness,Boredom,0.8886340456922545
0.01325980935861103,Happiness,Fear,5.1595194814742154e-05
0.01325980935861103,Happiness,Happiness,0.1037549128271464
0.01325980935861103,Happiness,Joy,0.0011970492334560509
0.01325980935861103,Happiness,Pride,0.004898331290406062
0.01325980935861103,Happiness,Sadness,6.581639125679753e-05
0.01325980935861103,Happiness,Shame,0.0013982493706656935
0.01325980935861103,Joy,Boredom,0.0021843003491733774
0.01325980935861103,Joy,Fear,0.01621454425134727
0.01325980935861103,Joy,Happiness,0.00493509892905086
0.01325980935861103,Joy,Joy,0.06234782358223108
0.01325980935861103,Joy,Pride,0.32109586663559847
0.01325980935861103,Joy,Sadness,0.007302429922480907
0.01325980935861103,Joy,Shame,0.5859199363301179
0.01325980935861103,Pride,Boredom,0.0021868292809512596
0.01325980935861103,Pride,Fear,0.00016682671985861542
0.01325980935861103,Pride,Happiness,0.025703403166912782
0.01325980935861103,Pride,Joy,0.0005788185493217887
0.01325980935861103,Pride,Pride,0.7414076092952919
0.01325980935861103,Pride,Sadness,0.003632919515275923
0.01325980935861103,Pride,Shame,0.2263235934723879
0.01325980935861103,Sadness,Boredom,0.02824257406385719
0.01325980935861103,Sadness,Fear,0.7369213790714333
0.01325980935861103,Sadness,Happiness,0.008405033397976902
0.01325980935861103,Sadness,Joy,0.03834908496757328
0.01325980935861103,Sadness,Pride,0.01858800574662448
0.01325980935861103,Sadness,Sadness,0.0069382408479230035
0.01325980935861103,Sadness,Shame,0.1625556819046122
0.01325980935861103,Shame,Boredom,0.00034761831712826663
0.01325980935861103,Shame,Fear,0.00028633353444541706
0.01325980935861103,Shame,Happiness,0.00018127652822633313
0.01325980935861103,Shame,Joy,0.0004179366004615573
0.01325980935861103,Shame,Pride,0.09013591542813645
0.01325980935861103,Shame,Sadness,0.0010244517716146919
0.01325980935861103,Shame,Shame,0.9076064678199873
0.013724773671755668,Boredom,Boredom,0.5579047420591133
0.013724773671755668,Boredom,Fear,0.06052311869182533
0.013724773671755668,Boredom,Happiness,0.04301503342867159
0.013724773671755668,Boredom,Joy,0.16807316636932643
0.013724773671755668,Boredom,Pride,0.0454448489329929
0.013724773671755668,Boredom,Sadness,0.014721442808043475
0.013724773671755668,Boredom,Shame,0.11031764771002667
0.013724773671755668,Fear,Boredom,0.0017731224132770354
0.013724773671755668,Fear,Fear,0.995145250671298
0.013724773671755668,Fear,Happiness,0.0005492481587585056
0.013724773671755668,Fear,Joy,0.000779428744842171
0.013724773671755668,Fear,Pride,0.00049404626439386
0.013724773671755668,Fear,Sadness,0.000349243719097338
0.013724773671755668,Fear,Shame,0.0009096600283327169
0.013724773671755668,Happiness,Boredom,0.8910695518613442
0.013724773671755668,Happiness,Fear,5.230995645064217e-05
0.013724773671755668,Happiness,Happiness,0.1011363284023049
0.013724773671755668,Happiness,Joy,0.0012088743784961838
0.013724773671755668,Happiness,Pride,0.004974899246110314
0.013724773671755668,Happiness,Sadness,6.748716324561714e-05
0.013724773671755668,Happiness,Shame,0.0014905489920480825
0.013724773671755668,Joy,Boredom,0.002781191101942045
0.013724773671755668,Joy,Fear,0.019121762350289537
0.013724773671755668,Joy,Happiness,0.0062692356226805145
0.013724773671755668,Joy,Joy,0.0718614050616424
0.013724773671755668,Joy,Pride,0.35074194268537784
0.013724773671755668,Joy,Sadness,0.008806424634853592
0.013724773671755668,Joy,Shame,0.5404180385432134
0.013724773671755668,Pride,Boredom,0.002157565278088946
0.013724773671755668,Pride,Fear,0.00017558609817696442
0.013724773671755668,Pride,Happiness,0.02662897580679656
0.013724773671755668,Pride,Joy,0.0006524522420292962
0.013724773671755668,Pride,Pride,0.7113076921459074
0.013724773671755668,Pride,Sadness,0.0035877157825690924
0.013724773671755668,Pride,Shame,0.2554900126464316
0.013724773671755668,Sadness,Boredom,0.02883245741749755
0.013724773671755668,Sadness,Fear,0.7381423177359433
0.013724773671755668,Sadness,Happiness,0.008494371401937036
0.013724773671755668,Sadness,Joy,0.03929277860463842
0.013724773671755668,Sadness,Pride,0.020211052312140418
0.013724773671755668,Sadness,Sadness,0.007197050781792176
0.013724773671755668,Sadness,Shame,0.15782997174605118
0.013724773671755668,Shame,Boredom,0.0004473335439062447
0.013724773671755668,Shame,Fear,0.00046287576319048907
0.013724773671755668,Shame,Happiness,0.0003132068684397804
0.013724773671755668,Shame,Joy,0.0008251126499933298
0.013724773671755668,Shame,Pride,0.13601841576213583
0.013724773671755668,Shame,Sadness,0.0016287589160407518
0.013724773671755668,Shame,Shame,0.8603042964962936
0.014963795013503136,Boredom,Boredom,0.554532208993771
0.014963795013503136,Boredom,Fear,0.06316814813213968
0.014963795013503136,Boredom,Happiness,0.046733021567852556
0.014963795013503136,Boredom,Joy,0.1697552759161174
0.014963795013503136,Boredom,Pride,0.04128421248248107
0.014963795013503136,Boredom,Sadness,0.015488947696921664
0.014963795013503136,Boredom,Shame,0.1090381852107161
0.014963795013503136,Fear,Boredom,0.001785339700333549
0.014963795013503136,Fear,Fear,0.9951065942807703
0.014963795013503136,Fear,Happiness,0.0005523497560383471
0.014963795013503136,Fear,Joy,0.0007815947298253246
0.014963795013503136,Fear,Pride,0.0005110788424464255
0.014963795013503136,Fear,Sadness,0.0003547341096399039
0.014963795013503136,Fear,Shame,0.0009083085809462222
0.014963795013503136,Happiness,Boredom,0.9048975806528908
0.014963795013503136,Happiness,Fear,5.3861438118798535e-05
0.014963795013503136,Happiness,Happiness,0.08686925008647255
0.014963795013503136,Happiness,Joy,0.0012031425650219124
0.014963795013503136,Happiness,Pride,0.0054832310777881135
0.014963795013503136,Happiness,Sadness,7.064758405876376e-05
0.014963795013503136,Happiness,Shame,0.0014222865956489807
0.014963795013503136,Joy,Boredom,0.0006640816785123799
0.014963795013503136,Joy,Fear,0.010057797899254196
0.014963795013503136,Joy,Happiness,0.0018473714085817145
0.014963795013503136,Joy,Joy,0.032444213868000726
0.014963795013503136,Joy,Pride,0.24964412696868105
0.014963795013503136,Joy,Sadness,0.0037134008120949798
0.014963795013503136,Joy,Shame,0.701629007364875
0.014963795013503136,Pride,Boredom,0.002037670838355131
0.014963795013503136,Pride,Fear,0.00020875011184469066
0.014963795013503136,Pride,Happiness,0.027731890228887415
0.014963795013503136,Pride,Joy,0.0005229103602256729
0.014963795013503136,Pride,Pride,0.6686594302366797
0.014963795013503136,Pride,Sadness,0.003423823066282371
0.014963795013503136,Pride,Shame,0.2974155251577249
0.014963795013503136,Sadness,Boredom,0.030091071836651943
0.014963795013503136,Sadness,Fear,0.7438959981396248
0.014963795013503136,Sadness,Happiness,0.008686358983366112
0.014963795013503136,Sadness,Joy,0.03960940395588526
0.014963795013503136,Sadness,Pride,0.018654722713996735
0.014963795013503136,Sadness,Sadness,0.007355691470224183
0.014963795013503136,Sadness,Shame,0.15170675290025137
0.014963795013503136,Shame,Boredom,0.00029789615860599246
0.014963795013503136,Shame,Fear,0.00018696970220614148
0.014963795013503136,Shame,Happiness,0.00014562547155205001
0.014963795013503136,Shame,Joy,0.00014909603168496112
0.014963795013503136,Shame,Pride,0.03948701402854456
0.014963795013503136,Shame,Sadness,0.0005168161997686702
0.014963795013503136,Shame,Shame,0.9592165824076375
0.014145157163638547,Boredom,Boredom,0.5536439251178149
0.014145157163638547,Boredom,Fear,0.06191648340753468
0.014145157163638547,Boredom,Happiness,0.044983637928554684
0.014145157163638547,Boredom,Joy,0.1700373265819097
0.014145157163638547,Boredom,Pride,0.04365945445216579
0.014145157163638547,Boredom,Sadness,0.015302831974141114
0.014145157163638547,Boredom,Shame,0.1104563405378792
0.014145157163638547,Fear,Boredom,0.0017863659523997086
0.014145157163638547,Fear,Fear,0.9950479434840884
0.014145157163638547,Fear,Happiness,0.0005445723534028498
0.014145157163638547,Fear,Joy,0.0007852088874591809
0.014145157163638547,Fear,Pride,0.000497210834021437
0.014145157163638547,Fear,Sadness,0.0003521222939599007
0.014145157163638547,Fear,Shame,0.000986576194668258
0.014145157163638547,Happiness,Boredom,0.8918882379867455
0.014145157163638547,Happiness,Fear,5.3377263323480216e-05
0.014145157163638547,Happiness,Happiness,0.10026920492101457
0.014145157163638547,Happiness,Joy,0.00122066364767083
0.014145157163638547,Happiness,Pride,0.005110210417241249
0.014145157163638547,Happiness,Sadness,6.935392666120091e-05
0.014145157163638547,Happiness,Shame,0.0013889518373429023
0.014145157163638547,Joy,Boredom,0.0015488693621241005
0.014145157163638547,Joy,Fear,0.014514505503375859
0.014145157163638547,Joy,Happiness,0.0037136365403687404
0.014145157163638547,Joy,Joy,0.052861613247359926
0.014145157163638547,Joy,Pride,0.3226263005271693
0.014145157163638547,Joy,Sadness,0.006103765020155302
0.014145157163638547,Joy,Shame,0.5986313097994467
0.014145157163638547,Pride,Boredom,0.002110234364133012
0.014145157163638547,Pride,Fear,0.00018048478257055715
0.014145157163638547,Pride,Happiness,0.0253694641827747
0.014145157163638547,Pride,Joy,0.0005453016481237537
0.014145157163638547,Pride,Pride,0.7338000975322273
0.014145157163638547,Pride,Sadness,0.0036160302548638537
0.014145157163638547,Pride,Shame,0.23437838723530655
0.014145157163638547,Sadness,Boredom,0.029160694057684736
0.014145157163638547,Sadness,Fear,0.7377178375862076
0.014145157163638547,Sadness,Happiness,0.00848900117631255
0.014145157163638547,Sadness,Joy,0.03969473106184321
0.014145157163638547,Sadness,Pride,0.018828854078054964
0.014145157163638547,Sadness,Sadness,0.007206577283970008
0.014145157163638547,Sadness,Shame,0.15890230475592654
0.014145157163638547,Shame,Boredom,0.000423083548207966
0.014145157163638547,Shame,Fear,0.00036202379913571274
0.014145157163638547,Shame,Happiness,0.00034150747906314403
0.014145157163638547,Shame,Joy,0.0003366118972667377
0.014145157163638547,Shame,Pride,0.07071726332073996
0.014145157163638547,Shame,Sadness,0.0008753679720945326
0.014145157163638547,Shame,Shame,0.9269441419834917
0.01468863774863502,Boredom,Boredom,0.5560037349560611
0.01468863774863502,Boredom,Fear,0.06309200778370248
0.01468863774863502,Boredom,Happiness,0.046432434615763574
0.01468863774863502,Boredom,Joy,0.17020317647805353
0.01468863774863502,Boredom,Pride,0.04056656487011455
0.01468863774863502,Boredom,Sadness,0.015493749785921804
0.01468863774863502,Boredom,Shame,0.10820833151038274
0.01468863774863502,Fear,Boredom,0.0017715188412198261
0.01468863774863502,Fear,Fear,0.9951141741712279
0.01468863774863502,Fear,Happiness,0.0005505756461407825
0.01468863774863502,Fear,Joy,0.0007797526000041245
0.01468863774863502,Fear,Pride,0.0004998193655038312
0.01468863774863502,Fear,Sadness,0.00035014318039138247
0.01468863774863502,Fear,Shame,0.000934016195512347
0.01468863774863502,Happiness,Boredom,0.8959585599456413
0.01468863774863502,Happiness,Fear,5.382011594183777e-05
0.01468863774863502,Happiness,Happiness,0.09588866135776128
0.01468863774863502,Happiness,Joy,0.0011909751603012735
0.01468863774863502,Happiness,Pride,0.005530180594414784
0.01468863774863502,Happiness,Sadness,7.042955006747491e-05
0.01468863774863502,Happiness,Shame,0.0013073732758724559
0.01468863774863502,Joy,Boredom,0.00037126033695891676
0.01468863774863502,Joy,Fear,0.007587480741924097
0.01468863774863502,Joy,Happiness,0.0011658042861592277
0.01468863774863502,Joy,Joy,0.022867424685277155
0.01468863774863502,Joy,Pride,0.2008118289606539
0.01468863774863502,Joy,Sadness,0.002665591797284475
0.01468863774863502,Joy,Shame,0.7645306091917422
0.01468863774863502,Pride,Boredom,0.0021820623939072985
0.01468863774863502,Pride,Fear,0.00020541991235510052
0.01468863774863502,Pride,Happiness,0.026741336721640138
0.01468863774863502,Pride,Joy,0.0005373398714646798
0.01468863774863502,Pride,Pride,0.6841310082365833
0.01468863774863502,Pride,Sadness,0.0034811127398856395
0.01468863774863502,Pride,Shame,0.28272172012416374
0.01468863774863502,Sadness,Boredom,0.029646212074505202
0.01468863774863502,Sadness,Fear,0.7451148572554808
0.01468863774863502,Sadness,Happiness,0.008676944634415725
0.01468863774863502,Sadness,Joy,0.039767770433523884
0.01468863774863502,Sadness,Pride,0.018148712283537496
0.01468863774863502,Sadness,Sadness,0.007291048920996218
0.01468863774863502,Sadness,Shame,0.15135445439754092
0.01468863774863502,Shame,Boredom,0.00026997237299044435
0.01468863774863502,Shame,Fear,8.343749382036144e-05
0.01468863774863502,Shame,Happiness,0.0001510111967132664
0.01468863774863502,Shame,Joy,0.00013542042998129563
0.01468863774863502,Shame,Pride,0.016615099383903643
0.01468863774863502,Shame,Sadness,0.00024138534726803913
0.01468863774863502,Shame,Shame,0.9825036737753231
0.014431864932698588,Boredom,Boredom,0.5563628634525619
0.014431864932698588,Boredom,Fear,0.06266444112703345
0.014431864932698588,Boredom,Happiness,0.045637183442165566
0.014431864932698588,Boredom,Joy,0.17036526610212244
0.014431864932698588,Boredom,Pride,0.04100065129589679
0.014431864932698588,Boredom,Sadness,0.015424048023440499
0.014431864932698588,Boredom,Shame,0.10854554655677996
0.014431864932698588,Fear,Boredom,0.0018042061577219497
0.014431864932698588,Fear,Fear,0.9950744074881264
0.014431864932698588,Fear,Happiness,0.0005484589889370788
0.014431864932698588,Fear,Joy,0.0007844080622342657
0.014431864932698588,Fear,Pride,0.0004978539842620822
0.014431864932698588,Fear,Sadness,0.0003518612204062268
0.014431864932698588,Fear,Shame,0.0009388040983120205
0.014431864932698588,Happiness,Boredom,0.899545243973862
0.014431864932698588,Happiness,Fear,5.334156642119287e-05
0.014431864932698588,Happiness,Happiness,0.09255389658639135
0.014431864932698588,Happiness,Joy,0.0012158021895305813
0.014431864932698588,Happiness,Pride,0.005232832082969849
0.014431864932698588,Happiness,Sadness,7.013499511171375e-05
0.014431864932698588,Happiness,Shame,0.0013287486057135933
0.014431864932698588,Joy,Boredom,0.0004237734765424899
0.014431864932698588,Joy,Fear,0.009009408612855289
0.014431864932698588,Joy,Happiness,0.0013540134727822734
0.014431864932698588,Joy,Joy,0.02440398120213993
0.014431864932698588,Joy,Pride,0.2404760915718248
0.014431864932698588,Joy,Sadness,0.0031081847055892614
0.014431864932698588,Joy,Shame,0.7212245469582661
0.014431864932698588,Pride,Boredom,0.0021722595886648965
0.014431864932698588,Pride,Fear,0.0001988788419500305
0.014431864932698588,Pride,Happiness,0.02709621004879352
0.014431864932698588,Pride,Joy,0.0005143829964455501
0.014431864932698588,Pride,Pride,0.6912583329025467
0.014431864932698588,Pride,Sadness,0.0034237708370000223
0.014431864932698588,Pride,Shame,0.2753361647845991
0.014431864932698588,Sadness,Boredom,0.02977960512017194
0.014431864932698588,Sadness,Fear,0.7415076076217392
0.014431864932698588,Sadness,Happiness,0.008590017147400774
0.014431864932698588,Sadness,Joy,0.03979285097843294
0.014431864932698588,Sadness,Pride,0.017878807352204033
0.014431864932698588,Sadness,Sadness,0.0072706967221728164
0.014431864932698588,Sadness,Shame,0.15518041505787875
0.014431864932698588,Shame,Boredom,0.000386197523404536
0.014431864932698588,Shame,Fear,0.00019185482925472566
0.014431864932698588,Shame,Happiness,0.00036728162344473915
0.014431864932698588,Shame,Joy,0.0003197006328318845
0.014431864932698588,Shame,Pride,0.026592531830067143
0.014431864932698588,Shame,Sadness,0.0003876830035473012
0.014431864932698588,Shame,Shame,0.9717547505574493
0.01352371421922859,Boredom,Boredom,0.5627309013651556
0.01352371421922859,Boredom,Fear,0.06026661879630542
0.01352371421922859,Boredom,Happiness,0.04246271075211638
0.01352371421922859,Boredom,Joy,0.16847619691318022
0.01352371421922859,Boredom,Pride,0.042357669530640824
0.01352371421922859,Boredom,Sadness,0.014721061941078402
0.01352371421922859,Boredom,Shame,0.10898484070152323
0.01352371421922859,Fear,Boredom,0.0017737083496594853
0.01352371421922859,Fear,Fear,0.9951213904819088
0.01352371421922859,Fear,Happiness,0.000547070088550075
0.01352371421922859,Fear,Joy,0.0007784231789525837
0.01352371421922859,Fear,Pride,0.0004921995185509313
0.01352371421922859,Fear,Sadness,0.00034667798813132924
0.01352371421922859,Fear,Shame,0.0009405303942468064
0.01352371421922859,Happiness,Boredom,0.8935216284022865
0.01352371421922859,Happiness,Fear,5.196329262455382e-05
0.01352371421922859,Happiness,Happiness,0.09872375656255761
0.01352371421922859,Happiness,Joy,0.0011993275449615377
0.01352371421922859,Happiness,Pride,0.005031377130525813
0.01352371421922859,Happiness,Sadness,6.741023765624534e-05
0.01352371421922859,Happiness,Shame,0.0014045368293878005
0.01352371421922859,Joy,Boredom,0.0008919070553042738
0.01352371421922859,Joy,Fear,0.010321731063024253
0.01352371421922859,Joy,Happiness,0.002267526525757066
0.01352371421922859,Joy,Joy,0.038194493844592135
0.01352371421922859,Joy,Pride,0.24529813820706237
0.01352371421922859,Joy,Sadness,0.004117078405012137
0.01352371421922859,Joy,Shame,0.6989091248992476
0.01352371421922859,Pride,Boredom,0.002188434086815645
0.01352371421922859,Pride,Fear,0.0001813747124681308
0.01352371421922859,Pride,Happiness,0.02807141474091676
0.01352371421922859,Pride,Joy,0.0005476346026437346
0.01352371421922859,Pride,Pride,0.7028630783405375
0.01352371421922859,Pride,Sadness,0.003501932257418983
0.01352371421922859,Pride,Shame,0.2626461312591988
0.01352371421922859,Sadness,Boredom,0.028582518736230696
0.01352371421922859,Sadness,Fear,0.7391804138153792
0.01352371421922859,Sadness,Happiness,0.008484455358694364
0.01352371421922859,Sadness,Joy,0.03894074979951654
0.01352371421922859,Sadness,Pride,0.018443023016474214
0.01352371421922859,Sadness,Sadness,0.007032740523267988
0.01352371421922859,Sadness,Shame,0.15933609875043653
0.01352371421922859,Shame,Boredom,0.00029291743583630136
0.01352371421922859,Shame,Fear,0.00016369999874416848
0.01352371421922859,Shame,Happiness,0.00013346879348868028
0.01352371421922859,Shame,Joy,0.00015611394686860212
0.01352371421922859,Shame,Pride,0.038593515762204766
0.01352371421922859,Shame,Sadness,0.00045837546048161564
0.01352371421922859,Shame,Shame,0.9602019086023758
0.014405559905755342,Boredom,Boredom,0.5543052657752712
0.014405559905755342,Boredom,Fear,0.06244989585557731
0.014405559905755342,Boredom,Happiness,0.04567384721167126
0.014405559905755342,Boredom,Joy,0.1705503725732577
0.014405559905755342,Boredom,Pride,0.04222761517991515
0.014405559905755342,Boredom,Sadness,0.015459710072389176
0.014405559905755342,Boredom,Shame,0.10933329333191788
0.014405559905755342,Fear,Boredom,0.0018048841991232085
0.014405559905755342,Fear,Fear,0.9950738384839366
0.014405559905755342,Fear,Happiness,0.000547810968339766
0.014405559905755342,Fear,Joy,0.0007820975849546666
0.014405559905755342,Fear,Pride,0.000498562329046172
0.014405559905755342,Fear,Sadness,0.0003502833313124128
0.014405559905755342,Fear,Shame,0.0009425231032869618
0.014405559905755342,Happiness,Boredom,0.8959834989739344
0.014405559905755342,Happiness,Fear,5.3704497520714005e-05
0.014405559905755342,Happiness,Happiness,0.09606735516117396
0.014405559905755342,Happiness,Joy,0.0012159080194129252
0.014405559905755342,Happiness,Pride,0.0052970605842453675
0.014405559905755342,Happiness,Sadness,7.04048107837703e-05
0.014405559905755342,Happiness,Shame,0.0013120679529289578
0.014405559905755342,Joy,Boredom,0.0012153420296410044
0.014405559905755342,Joy,Fear,0.013046558215547037
0.014405559905755342,Joy,Happiness,0.003026305061657608
0.014405559905755342,Joy,Joy,0.046320454762639296
0.014405559905755342,Joy,Pride,0.3076038196138455
0.014405559905755342,Joy,Sadness,0.00532058415660051
0.014405559905755342,Joy,Shame,0.6234669361600691
0.014405559905755342,Pride,Boredom,0.0020854425429711063
0.014405559905755342,Pride,Fear,0.00017487168775587075
0.014405559905755342,Pride,Happiness,0.02413766619602087
0.014405559905755342,Pride,Joy,0.0005068302809386766
0.014405559905755342,Pride,Pride,0.7423137323698418
0.014405559905755342,Pride,Sadness,0.0035411326794206497
0.014405559905755342,Pride,Shame,0.22724032424305138
0.014405559905755342,Sadness,Boredom,0.029885241218299722
0.014405559905755342,Sadness,Fear,0.7358959807423313
0.014405559905755342,Sadness,Happiness,0.008524302844838398
0.014405559905755342,Sadness,Joy,0.0395200049880717
0.014405559905755342,Sadness,Pride,0.01842019267279563
0.014405559905755342,Sadness,Sadness,0.0072830956033996044
0.014405559905755342,Sadness,Shame,0.16047118193026344
0.014405559905755342,Shame,Boredom,0.0003330000590370144
0.014405559905755342,Shame,Fear,0.0002405881526976962
0.014405559905755342,Shame,Happiness,0.0002069641568355386
0.014405559905755342,Shame,Joy,0.00020411030386131891
0.014405559905755342,Shame,Pride,0.05082138480549956
0.014405559905755342,Shame,Sadness,0.0006210860009904215
0.014405559905755342,Shame,Shame,0.9475728665210785
0.013763081658305278,Boredom,Boredom,0.556536731334768
0.013763081658305278,Boredom,Fear,0.060778031415558445
0.013763081658305278,Boredom,Happiness,0.04365861434845768
0.013763081658305278,Boredom,Joy,0.16825381270129566
0.013763081658305278,Boredom,Pride,0.04559760305814792
0.013763081658305278,Boredom,Sadness,0.014780398376295502
0.013763081658305278,Boredom,Shame,0.11039480876547728
0.013763081658305278,Fear,Boredom,0.0017552575257295912
0.013763081658305278,Fear,Fear,0.9951601141674513
0.013763081658305278,Fear,Happiness,0.0005479980213632085
0.013763081658305278,Fear,Joy,0.0007802254924075241
0.013763081658305278,Fear,Pride,0.0004952684154793141
0.013763081658305278,Fear,Sadness,0.000347409564382023
0.013763081658305278,Fear,Shame,0.0009137268131870778
0.013763081658305278,Happiness,Boredom,0.8892723827045401
0.013763081658305278,Happiness,Fear,5.1954804678943565e-05
0.013763081658305278,Happiness,Happiness,0.10299830625248715
0.013763081658305278,Happiness,Joy,0.001211470370850122
0.013763081658305278,Happiness,Pride,0.0049252642627216825
0.013763081658305278,Happiness,Sadness,6.722523301299474e-05
0.013763081658305278,Happiness,Shame,0.0014733963717092563
0.013763081658305278,Joy,Boredom,0.002913498400357229
0.013763081658305278,Joy,Fear,0.019149879932296766
0.013763081658305278,Joy,Happiness,0.0065009278499304785
0.013763081658305278,Joy,Joy,0.07250178693332124
0.013763081658305278,Joy,Pride,0.3375879164076159
0.013763081658305278,Joy,Sadness,0.008864454763728859
0.013763081658305278,Joy,Shame,0.5524815357127499
0.013763081658305278,Pride,Boredom,0.0021581560292824606
0.013763081658305278,Pride,Fear,0.0001789062035924607
0.013763081658305278,Pride,Happiness,0.02850042145952241
0.013763081658305278,Pride,Joy,0.0008084127397453865
0.013763081658305278,Pride,Pride,0.7129361279203597
0.013763081658305278,Pride,Sadness,0.0035916931794581445
0.013763081658305278,Pride,Shame,0.2518262824680391
0.013763081658305278,Sadness,Boredom,0.028622665762306577
0.013763081658305278,Sadness,Fear,0.7384786229194417
0.013763081658305278,Sadness,Happiness,0.00846395389699688
0.013763081658305278,Sadness,Joy,0.03929190603979676
0.013763081658305278,Sadness,Pride,0.020005863333214736
0.013763081658305278,Sadness,Sadness,0.0071366165734254704
0.013763081658305278,Sadness,Shame,0.15800037147481763
0.013763081658305278,Shame,Boredom,0.00042612928371517773
0.013763081658305278,Shame,Fear,0.00042619732597514473
0.013763081658305278,Shame,Happiness,0.0003078147989117625
0.013763081658305278,Shame,Joy,0.0010177911637323858
0.013763081658305278,Shame,Pride,0.1219066302162839
0.013763081658305278,Shame,Sadness,0.0014815978089310858
0.013763081658305278,Shame,Shame,0.8744338394024505
0.013758746076421661,Boredom,Boredom,0.5607358791206205
0.013758746076421661,Boredom,Fear,0.06095543566713538
0.013758746076421661,Boredom,Happiness,0.04301395942090246
0.013758746076421661,Boredom,Joy,0.1688670218341048
0.013758746076421661,Boredom,Pride,0.04225862790377666
0.013758746076421661,Boredom,Sadness,0.01484429862586497
0.013758746076421661,Boredom,Shame,0.10932477742759464
0.013758746076421661,Fear,Boredom,0.0017592049915728246
0.013758746076421661,Fear,Fear,0.995113440598681
0.013758746076421661,Fear,Happiness,0.0005443597702052244
0.013758746076421661,Fear,Joy,0.000773117290301633
0.013758746076421661,Fear,Pride,0.00048549707285901845
0.013758746076421661,Fear,Sadness,0.0003480326143598749
0.013758746076421661,Fear,Shame,0.0009763476620202666
0.013758746076421661,Happiness,Boredom,0.8928638968106618
0.013758746076421661,Happiness,Fear,5.200439977765411e-05
0.013758746076421661,Happiness,Happiness,0.09953193427514029
0.013758746076421661,Happiness,Joy,0.001200792622297523
0.013758746076421661,Happiness,Pride,0.004930672886544499
0.013758746076421661,Happiness,Sadness,6.690721173652054e-05
0.013758746076421661,Happiness,Shame,0.0013537917938417387
0.013758746076421661,Joy,Boredom,0.0023322300606122954
0.013758746076421661,Joy,Fear,0.01684610371658349
0.013758746076421661,Joy,Happiness,0.005240465658552569
0.013758746076421661,Joy,Joy,0.06445059700860402
0.013758746076421661,Joy,Pride,0.3246835632619007
0.013758746076421661,Joy,Sadness,0.0076154370675397985
0.013758746076421661,Joy,Shame,0.5788316032262071
0.013758746076421661,Pride,Boredom,0.0021241461109001913
0.013758746076421661,Pride,Fear,0.0001712022428978327
0.013758746076421661,Pride,Happiness,0.02392086649478232
0.013758746076421661,Pride,Joy,0.0005925105393358245
0.013758746076421661,Pride,Pride,0.76848375212459
0.013758746076421661,Pride,Sadness,0.0037826249822824013
0.013758746076421661,Pride,Shame,0.20092489750521142
0.013758746076421661,Sadness,Boredom,0.028760085879996147
0.013758746076421661,Sadness,Fear,0.740536263412142
0.013758746076421661,Sadness,Happiness,0.008464660392279538
0.013758746076421661,Sadness,Joy,0.039062773958208445
0.013758746076421661,Sadness,Pride,0.018443264334669578
0.013758746076421661,Sadness,Sadness,0.007069692035729038
0.013758746076421661,Sadness,Shame,0.1576632599869755
0.013758746076421661,Shame,Boredom,0.0004202286303552926
0.013758746076421661,Shame,Fear,0.0003501278769975185
0.013758746076421661,Shame,Happiness,0.00032980142409772857
0.013758746076421661,Shame,Joy,0.0004108368661596931
0.013758746076421661,Shame,Pride,0.06922390914440833
0.013758746076421661,Shame,Sadness,0.0008607626277564547
0.013758746076421661,Shame,Shame,0.9284043334302249
0.014072713363131265,Boredom,Boredom,0.5550387336684682
0.014072713363131265,Boredom,Fear,0.06201941313905665
0.014072713363131265,Boredom,Happiness,0.04480059931001101
0.014072713363131265,Boredom,Joy,0.17010056680039531
0.014072713363131265,Boredom,Pride,0.042875586775562864
0.014072713363131265,Boredom,Sadness,0.015267707447050772
0.014072713363131265,Boredom,Shame,0.1098973928594547
0.014072713363131265,Fear,Boredom,0.00178449229485309
0.014072713363131265,Fear,Fear,0.9950859644222655
0.014072713363131265,Fear,Happiness,0.0005448163674629003
0.014072713363131265,Fear,Joy,0.0007839162923769762
0.014072713363131265,Fear,Pride,0.0004965556727891489
0.014072713363131265,Fear,Sadness,0.000350346927660075
0.014072713363131265,Fear,Shame,0.0009539080225920079
0.014072713363131265,Happiness,Boredom,0.8918933251708012
0.014072713363131265,Happiness,Fear,5.322141298894898e-05
0.014072713363131265,Happiness,Happiness,0.10034186336150168
0.014072713363131265,Happiness,Joy,0.0012273911970519084
0.014072713363131265,Happiness,Pride,0.005025820922766466
0.014072713363131265,Happiness,Sadness,6.89694781452897e-05
0.014072713363131265,Happiness,Shame,0.0013894084567443671
0.014072713363131265,Joy,Boredom,0.0010060319994906017
0.014072713363131265,Joy,Fear,0.011748827422954343
0.014072713363131265,Joy,Happiness,0.00256702735524386
0.014072713363131265,Joy,Joy,0.04127082961851421
0.014072713363131265,Joy,Pride,0.2769879756914654
0.014072713363131265,Joy,Sadness,0.004609572483010451
0.014072713363131265,Joy,Shame,0.6618097354293209
0.014072713363131265,Pride,Boredom,0.002207784362500067
0.014072713363131265,Pride,Fear,0.00019478186231206238
0.014072713363131265,Pride,Happiness,0.027180067501184874
0.014072713363131265,Pride,Joy,0.0005499450820647045
0.014072713363131265,Pride,Pride,0.7043926214713377
0.014072713363131265,Pride,Sadness,0.003533254021981727
0.014072713363131265,Pride,Shame,0.26194154569861877
0.014072713363131265,Sadness,Boredom,0.029211723580077873
0.014072713363131265,Sadness,Fear,0.7395054983742823
0.014072713363131265,Sadness,Happiness,0.008505117631511272
0.014072713363131265,Sadness,Joy,0.039659602313340675
0.014072713363131265,Sadness,Pride,0.018391846393537838
0.014072713363131265,Sadness,Sadness,0.007167215410388083
0.014072713363131265,Sadness,Shame,0.15755899629686196
0.014072713363131265,Shame,Boredom,0.00032653329681208874
0.014072713363131265,Shame,Fear,0.00022103592697815901
0.014072713363131265,Shame,Happiness,0.00018803743240507057
0.014072713363131265,Shame,Joy,0.00018930280025233117
0.014072713363131265,Shame,Pride,0.047761171544892476
0.014072713363131265,Shame,Sadness,0.0005869253807068224
0.014072713363131265,Shame,Shame,0.9507269936179528
0.01285809824454908,Boredom,Boredom,0.5586752415889864
0.01285809824454908,Boredom,Fear,0.059116115986804815
0.01285809824454908,Boredom,Happiness,0.04130462325169448
0.01285809824454908,Boredom,Joy,0.1684657958100205
0.01285809824454908,Boredom,Pride,0.04582448648013301
0.01285809824454908,Boredom,Sadness,0.014599150427499678
0.01285809824454908,Boredom,Shame,0.11201458645486129
0.01285809824454908,Fear,Boredom,0.001757596937315096
0.01285809824454908,Fear,Fear,0.9951651811031308
0.01285809824454908,Fear,Happiness,0.0005540394971016975
0.01285809824454908,Fear,Joy,0.0007674626115933378
0.01285809824454908,Fear,Pride,0.00048186947391730156
0.01285809824454908,Fear,Sadness,0.00034927368788171447
0.01285809824454908,Fear,Shame,0.0009245766890602795
0.01285809824454908,Happiness,Boredom,0.8891938590725703
0.01285809824454908,Happiness,Fear,5.140776251656334e-05
0.01285809824454908,Happiness,Happiness,0.10324928260338108
0.01285809824454908,Happiness,Joy,0.001202825224204934
0.01285809824454908,Happiness,Pride,0.0048709719276048705
0.01285809824454908,Happiness,Sadness,6.629902265580838e-05
0.01285809824454908,Happiness,Shame,0.0013653543870664217
0.01285809824454908,Joy,Boredom,0.0042762536810960075
0.01285809824454908,Joy,Fear,0.023518394796389338
0.01285809824454908,Joy,Happiness,0.009180248664159923
0.01285809824454908,Joy,Joy,0.08825018036814512
0.01285809824454908,Joy,Pride,0.3669874580403798
0.01285809824454908,Joy,Sadness,0.011653817558056296
0.01285809824454908,Joy,Shame,0.49613364689177386
0.01285809824454908,Pride,Boredom,0.0022104179778611615
0.01285809824454908,Pride,Fear,0.000169557130151995
0.01285809824454908,Pride,Happiness,0.02817653035528105
0.01285809824454908,Pride,Joy,0.0006902840725882546
0.01285809824454908,Pride,Pride,0.7644751660348106
0.01285809824454908,Pride,Sadness,0.0037944284241802875
0.01285809824454908,Pride,Shame,0.20048361600512657
0.01285809824454908,Sadness,Boredom,0.027596018157582648
0.01285809824454908,Sadness,Fear,0.7372773063970409
0.01285809824454908,Sadness,Happiness,0.008439852992373202
0.01285809824454908,Sadness,Joy,0.03793621182861317
0.01285809824454908,Sadness,Pride,0.02012502397934273
0.01285809824454908,Sadness,Sadness,0.0069468077289878555
0.01285809824454908,Sadness,Shame,0.1616787789160592
0.01285809824454908,Shame,Boredom,0.0005069684578649624
0.01285809824454908,Shame,Fear,0.0005111363209079187
0.01285809824454908,Shame,Happiness,0.0003734668288050476
0.01285809824454908,Shame,Joy,0.0010695823192175007
0.01285809824454908,Shame,Pride,0.16403374438519921
0.01285809824454908,Shame,Sadness,0.001850591359226793
0.01285809824454908,Shame,Shame,0.8316545103287782
0.014892135421934696,Boredom,Boredom,0.5579055143469528
0.014892135421934696,Boredom,Fear,0.0629732517944892
0.014892135421934696,Boredom,Happiness,0.04639055555881047
0.014892135421934696,Boredom,Joy,0.16943290794950971
0.014892135421934696,Boredom,Pride,0.039787280009437306
0.014892135421934696,Boredom,Sadness,0.015389376513254035
0.014892135421934696,Boredom,Shame,0.10812111382754655
0.014892135421934696,Fear,Boredom,0.0017771449643592774
0.014892135421934696,Fear,Fear,0.9951029490312865
0.014892135421934696,Fear,Happiness,0.000554450488360377
0.014892135421934696,Fear,Joy,0.0007803680429136485
0.014892135421934696,Fear,Pride,0.0005034464928256538
0.014892135421934696,Fear,Sadness,0.00035266055118222993
0.014892135421934696,Fear,Shame,0.000928980429072423
0.014892135421934696,Happiness,Boredom,0.9035118448500205
0.014892135421934696,Happiness,Fear,5.342354172595969e-05
0.014892135421934696,Happiness,Happiness,0.08837104181312203
0.014892135421934696,Happiness,Joy,0.0011963501456750058
0.014892135421934696,Happiness,Pride,0.005433501704055262
0.014892135421934696,Happiness,Sadness,7.039496307643371e-05
0.014892135421934696,Happiness,Shame,0.001363442982324696
0.014892135421934696,Joy,Boredom,0.00034302323226568496
0.014892135421934696,Joy,Fear,0.008426410225139317
0.014892135421934696,Joy,Happiness,0.0011703511837081657
0.014892135421934696,Joy,Joy,0.02094379395087864
0.014892135421934696,Joy,Pride,0.2286419855015933
0.014892135421934696,Joy,Sadness,0.002791966048201188
0.014892135421934696,Joy,Shame,0.7376824698582134
0.014892135421934696,Pride,Boredom,0.0021816730952598884
0.014892135421934696,Pride,Fear,0.00020810390582674714
0.014892135421934696,Pride,Happiness,0.027168050777011312
0.014892135421934696,Pride,Joy,0.000524154839179325
0.014892135421934696,Pride,Pride,0.6878868351088602
0.014892135421934696,Pride,Sadness,0.0034408487965834488
0.014892135421934696,Pride,Shame,0.27859033347727896
0.014892135421934696,Sadness,Boredom,0.029937254521462273
0.014892135421934696,Sadness,Fear,0.7452117279236455
0.014892135421934696,Sadness,Happiness,0.008710598208932599
0.014892135421934696,Sadness,Joy,0.039610754771593724
0.014892135421934696,Sadness,Pride,0.018114518297645835
0.014892135421934696,Sadness,Sadness,0.007311502075027429
0.014892135421934696,Sadness,Shame,0.15110364420169287
0.014892135421934696,Shame,Boredom,0.0003616445116269214
0.014892135421934696,Shame,Fear,0.0001672781141127216
0.014892135421934696,Shame,Happiness,0.0003176667162107091
0.014892135421934696,Shame,Joy,0.0002756745714955869
0.014892135421934696,Shame,Pride,0.024586754576380366
0.014892135421934696,Shame,Sadness,0.0003690078563888936
0.014892135421934696,Shame,Shame,0.973921973653785
0.013497802471939414,Boredom,Boredom,0.5627963854289286
0.013497802471939414,Boredom,Fear,0.06007253844610443
0.013497802471939414,Boredom,Happiness,0.04248505344302093
0.013497802471939414,Boredom,Joy,0.16825499524645027
0.013497802471939414,Boredom,Pride,0.04237464730882953
0.013497802471939414,Boredom,Sadness,0.014682219292019374
0.013497802471939414,Boredom,Shame,0.10933416083464703
0.013497802471939414,Fear,Boredom,0.0017686897405194595
0.013497802471939414,Fear,Fear,0.9951306327450397
0.013497802471939414,Fear,Happiness,0.0005470898700930546
0.013497802471939414,Fear,Joy,0.0007771276586426272
0.013497802471939414,Fear,Pride,0.00048608658066952743
0.013497802471939414,Fear,Sadness,0.00034511209793923123
0.013497802471939414,Fear,Shame,0.0009452613070966145
0.013497802471939414,Happiness,Boredom,0.8902054245134614
0.013497802471939414,Happiness,Fear,5.1719922282673895e-05
0.013497802471939414,Happiness,Happiness,0.10213999409965525
0.013497802471939414,Happiness,Joy,0.001191292560387325
0.013497802471939414,Happiness,Pride,0.0049289392020697865
0.013497802471939414,Happiness,Sadness,6.66097222340744e-05
0.013497802471939414,Happiness,Shame,0.0014160199799098114
0.013497802471939414,Joy,Boredom,0.0015757811946853796
0.013497802471939414,Joy,Fear,0.01331741311164622
0.013497802471939414,Joy,Happiness,0.0036672877027974908
0.013497802471939414,Joy,Joy,0.05194524377139711
0.013497802471939414,Joy,Pride,0.28511080490451846
0.013497802471939414,Joy,Sadness,0.005829102378035789
0.013497802471939414,Joy,Shame,0.6385543669369195
0.013497802471939414,Pride,Boredom,0.0021891085838641995
0.013497802471939414,Pride,Fear,0.00017855256384313666
0.013497802471939414,Pride,Happiness,0.028439720280768053
0.013497802471939414,Pride,Joy,0.0005785935425833834
0.013497802471939414,Pride,Pride,0.7107876664411156
0.013497802471939414,Pride,Sadness,0.0035765353997366245
0.013497802471939414,Pride,Shame,0.2542498231880891
0.013497802471939414,Sadness,Boredom,0.02853356033058947
0.013497802471939414,Sadness,Fear,0.7388183790627061
0.013497802471939414,Sadness,Happiness,0.008455252308298664
0.013497802471939414,Sadness,Joy,0.038811539143142795
0.013497802471939414,Sadness,Pride,0.018633288614401656
0.013497802471939414,Sadness,Sadness,0.007038350730686639
0.013497802471939414,Sadness,Shame,0.15970962981017464
0.013497802471939414,Shame,Boredom,0.000402304501088159
0.013497802471939414,Shame,Fear,0.00031151843671141274
0.013497802471939414,Shame,Happiness,0.0002950289576886649
0.013497802471939414,Shame,Joy,0.00033289201559288847
0.013497802471939414,Shame,Pride,0.06509088912257456
0.013497802471939414,Shame,Sadness,0.0007848250475317958
0.013497802471939414,Shame,Shame,0.9327825419188126
0.01474853309256658,Boredom,Boredom,0.5557627909130447
0.01474853309256658,Boredom,Fear,0.06294112920951431
0.01474853309256658,Boredom,Happiness,0.04656170105938143
0.01474853309256658,Boredom,Joy,0.16987851031319529
0.01474853309256658,Boredom,Pride,0.04085044655817687
0.01474853309256658,Boredom,Sadness,0.015471239909037685
0.01474853309256658,Boredom,Shame,0.10853418203765001
0.01474853309256658,Fear,Boredom,0.0017935276726178597
0.01474853309256658,Fear,Fear,0.9950874852414755
0.01474853309256658,Fear,Happiness,0.0005526963751228752
0.01474853309256658,Fear,Joy,0.0007819487511118099
0.01474853309256658,Fear,Pride,0.0005061935445558839
0.01474853309256658,Fear,Sadness,0.00035483721705647825
0.01474853309256658,Fear,Shame,0.0009233111980599984
0.01474853309256658,Happiness,Boredom,0.9004651416200569
0.01474853309256658,Happiness,Fear,5.3323087810127805e-05
0.01474853309256658,Happiness,Happiness,0.0914261628940661
0.01474853309256658,Happiness,Joy,0.0012032069917694297
0.01474853309256658,Happiness,Pride,0.0054125823975584375
0.01474853309256658,Happiness,Sadness,7.058455338966423e-05
0.01474853309256658,Happiness,Shame,0.0013689984553495209
0.01474853309256658,Joy,Boredom,0.00042455149105176724
0.01474853309256658,Joy,Fear,0.008665521380616107
0.01474853309256658,Joy,Happiness,0.0013354585318254527
0.01474853309256658,Joy,Joy,0.02462877776970933
0.01474853309256658,Joy,Pride,0.22999651899911228
0.01474853309256658,Joy,Sadness,0.0030421184818197524
0.01474853309256658,Joy,Shame,0.7319070533458657
0.01474853309256658,Pride,Boredom,0.00221370257992269
0.01474853309256658,Pride,Fear,0.00020783639381842224
0.01474853309256658,Pride,Happiness,0.0279859200421789
0.01474853309256658,Pride,Joy,0.0005411672544227244
0.01474853309256658,Pride,Pride,0.6749219871133048
0.01474853309256658,Pride,Sadness,0.0034574464102382937
0.01474853309256658,Pride,Shame,0.29067194020611403
0.01474853309256658,Sadness,Boredom,0.02967649839545375
0.01474853309256658,Sadness,Fear,0.7471237425653552
0.01474853309256658,Sadness,Happiness,0.008717371238486834
0.01474853309256658,Sadness,Joy,0.03985200089648996
0.01474853309256658,Sadness,Pride,0.01834264717838925
0.01474853309256658,Sadness,Sadness,0.007334690972349084
0.01474853309256658,Sadness,Shame,0.14895304875347604
0.01474853309256658,Shame,Boredom,0.0003872662800530201
0.01474853309256658,Shame,Fear,0.00019366291310943414
0.01474853309256658,Shame,Happiness,0.00037064603251108847
0.01474853309256658,Shame,Joy,0.00032081766455649164
0.01474853309256658,Shame,Pride,0.026701468508842478
0.01474853309256658,Shame,Sadness,0.00040780898179986104
0.01474853309256658,Shame,Shame,0.9716183296191274
0.014102013388007668,Boredom,Boredom,0.5561446012953928
0.014102013388007668,Boredom,Fear,0.06185827886318818
0.014102013388007668,Boredom,Happiness,0.045069443428694934
0.014102013388007668,Boredom,Joy,0.1705535480547063
0.014102013388007668,Boredom,Pride,0.04067603244684493
0.014102013388007668,Boredom,Sadness,0.015311764198510408
0.014102013388007668,Boredom,Shame,0.11038633171266247
0.014102013388007668,Fear,Boredom,0.0017895082435344849
0.014102013388007668,Fear,Fear,0.9950849303398567
0.014102013388007668,Fear,Happiness,0.0005451051138753798
0.014102013388007668,Fear,Joy,0.0007837917460483781
0.014102013388007668,Fear,Pride,0.00048561159898336545
0.014102013388007668,Fear,Sadness,0.000351387602420672
0.014102013388007668,Fear,Shame,0.0009596653552808851
0.014102013388007668,Happiness,Boredom,0.8951878310278568
0.014102013388007668,Happiness,Fear,5.2735554628589274e-05
0.014102013388007668,Happiness,Happiness,0.09706703497963823
0.014102013388007668,Happiness,Joy,0.0012243956247214624
0.014102013388007668,Happiness,Pride,0.005032814917477212
0.014102013388007668,Happiness,Sadness,6.881197927700648e-05
0.014102013388007668,Happiness,Shame,0.001366375916400879
0.014102013388007668,Joy,Boredom,0.0011377745659687788
0.014102013388007668,Joy,Fear,0.013138761903223373
0.014102013388007668,Joy,Happiness,0.00289731442277326
0.014102013388007668,Joy,Joy,0.04473388105657978
0.014102013388007668,Joy,Pride,0.31147564101408787
0.014102013388007668,Joy,Sadness,0.005170076770711089
0.014102013388007668,Joy,Shame,0.6214465502666562
0.014102013388007668,Pride,Boredom,0.0021522053917725757
0.014102013388007668,Pride,Fear,0.00017898382269514467
0.014102013388007668,Pride,Happiness,0.02722585719164612
0.014102013388007668,Pride,Joy,0.0004959815450259899
0.014102013388007668,Pride,Pride,0.7471179450329601
0.014102013388007668,Pride,Sadness,0.0036707843916445907
0.014102013388007668,Pride,Shame,0.2191582426242554
0.014102013388007668,Sadness,Boredom,0.02927794071325252
0.014102013388007668,Sadness,Fear,0.738011293093192
0.014102013388007668,Sadness,Happiness,0.008502213955778225
0.014102013388007668,Sadness,Joy,0.039514085225001466
0.014102013388007668,Sadness,Pride,0.01789309550489745
0.014102013388007668,Sadness,Sadness,0.007130501948281268
0.014102013388007668,Sadness,Shame,0.15967086955959678
0.014102013388007668,Shame,Boredom,0.0003424588968377205
0.014102013388007668,Shame,Fear,0.00024651381687311875
0.014102013388007668,Shame,Happiness,0.00021446471199840475
0.014102013388007668,Shame,Joy,0.00017029417719482083
0.014102013388007668,Shame,Pride,0.05222496397595723
0.014102013388007668,Shame,Sadness,0.0006363120126610277
0.014102013388007668,Shame,Shame,0.9461649924084775
0.015146468577835023,Boredom,Boredom,0.5578043147061287
0.015146468577835023,Boredom,Fear,0.06300898247732552
0.015146468577835023,Boredom,Happiness,0.046653180021546
0.015146468577835023,Boredom,Joy,0.16905440833140992
0.015146468577835023,Boredom,Pride,0.03988983256378007
0.015146468577835023,Boredom,Sadness,0.015424788294523276
0.015146468577835023,Boredom,Shame,0.10816449360528621
0.015146468577835023,Fear,Boredom,0.0017805798391624325
0.015146468577835023,Fear,Fear,0.9950733220646623
0.015146468577835023,Fear,Happiness,0.0005555574416333196
0.015146468577835023,Fear,Joy,0.0007798135847224939
0.015146468577835023,Fear,Pride,0.0005106456804720483
0.015146468577835023,Fear,Sadness,0.00035510189332064123
0.015146468577835023,Fear,Shame,0.0009449794960269489
0.015146468577835023,Happiness,Boredom,0.9043220160989497
0.015146468577835023,Happiness,Fear,5.44230610029008e-05
0.015146468577835023,Happiness,Happiness,0.08741005967549073
0.015146468577835023,Happiness,Joy,0.0012003162574241368
0.015146468577835023,Happiness,Pride,0.0055555948007762635
0.015146468577835023,Happiness,Sadness,7.099264882170353e-05
0.015146468577835023,Happiness,Shame,0.0013865974575342722
0.015146468577835023,Joy,Boredom,0.00017174631969193595
0.015146468577835023,Joy,Fear,0.005726132710093023
0.015146468577835023,Joy,Happiness,0.0006756089840905213
0.015146468577835023,Joy,Joy,0.013009555660984842
0.015146468577835023,Joy,Pride,0.1592748431907884
0.015146468577835023,Joy,Sadness,0.0017952009414115581
0.015146468577835023,Joy,Shame,0.8193469121929399
0.015146468577835023,Pride,Boredom,0.0020743641797015366
0.015146468577835023,Pride,Fear,0.00022873165386861122
0.015146468577835023,Pride,Happiness,0.027938738037811876
0.015146468577835023,Pride,Joy,0.0005195549946860834
0.015146468577835023,Pride,Pride,0.6344842546175512
0.015146468577835023,Pride,Sadness,0.003229567032116102
0.015146468577835023,Pride,Shame,0.33152478948426467
0.015146468577835023,Sadness,Boredom,0.030186719441890865
0.015146468577835023,Sadness,Fear,0.7446035349772264
0.015146468577835023,Sadness,Happiness,0.008761948828354774
0.015146468577835023,Sadness,Joy,0.03935981680363309
0.015146468577835023,Sadness,Pride,0.018431072792285418
0.015146468577835023,Sadness,Sadness,0.007362367993657526
0.015146468577835023,Sadness,Shame,0.151294539162952
0.015146468577835023,Shame,Boredom,0.00024199559982073638
0.015146468577835023,Shame,Fear,4.784360560819915e-05
0.015146468577835023,Shame,Happiness,7.936016126936907e-05
0.015146468577835023,Shame,Joy,7.478380954020701e-05
0.015146468577835023,Shame,Pride,0.01178752784273306
0.015146468577835023,Shame,Sadness,0.0001696670975411786
0.015146468577835023,Shame,Shame,0.987598821883487
0.013506124113568194,Boredom,Boredom,0.5607639463266675
0.013506124113568194,Boredom,Fear,0.06015287049600014
0.013506124113568194,Boredom,Happiness,0.042299107643264895
0.013506124113568194,Boredom,Joy,0.16768964439115458
0.013506124113568194,Boredom,Pride,0.044661144107852685
0.013506124113568194,Boredom,Sadness,0.014633589339771644
0.013506124113568194,Boredom,Shame,0.10979969769528884
0.013506124113568194,Fear,Boredom,0.0017701610837356839
0.013506124113568194,Fear,Fear,0.9951747134721343
0.013506124113568194,Fear,Happiness,0.0005458447237757994
0.013506124113568194,Fear,Joy,0.000778255037209546
0.013506124113568194,Fear,Pride,0.0004923310330844712
0.013506124113568194,Fear,Sadness,0.0003451002944878824
0.013506124113568194,Fear,Shame,0.0008935943555723206
0.013506124113568194,Happiness,Boredom,0.8942406374777875
0.013506124113568194,Happiness,Fear,5.1879744225193925e-05
0.013506124113568194,Happiness,Happiness,0.09796755656837192
0.013506124113568194,Happiness,Joy,0.0011998047301037046
0.013506124113568194,Happiness,Pride,0.005027291345324599
0.013506124113568194,Happiness,Sadness,6.74809191267285e-05
0.013506124113568194,Happiness,Shame,0.0014453492150606857
0.013506124113568194,Joy,Boredom,0.0022575467014622126
0.013506124113568194,Joy,Fear,0.016192584187290263
0.013506124113568194,Joy,Happiness,0.005052825947665765
0.013506124113568194,Joy,Joy,0.06294695634132312
0.013506124113568194,Joy,Pride,0.31432471415244606
0.013506124113568194,Joy,Sadness,0.007363762318136469
0.013506124113568194,Joy,Shame,0.5918616103516758
0.013506124113568194,Pride,Boredom,0.0021513470000655327
0.013506124113568194,Pride,Fear,0.00017322475657933
0.013506124113568194,Pride,Happiness,0.026367489079170296
0.013506124113568194,Pride,Joy,0.0006943804787387117
0.013506124113568194,Pride,Pride,0.7238721800514473
0.013506124113568194,Pride,Sadness,0.0035810850105573106
0.013506124113568194,Pride,Shame,0.24316029362344135
0.013506124113568194,Sadness,Boredom,0.028304178413556147
0.013506124113568194,Sadness,Fear,0.7414388626642213
0.013506124113568194,Sadness,Happiness,0.008460269718563
0.013506124113568194,Sadness,Joy,0.0389403332589369
0.013506124113568194,Sadness,Pride,0.019307048343147032
0.013506124113568194,Sadness,Sadness,0.00705046243082807
0.013506124113568194,Sadness,Shame,0.15649884517074725
0.013506124113568194,Shame,Boredom,0.00035501904633625535
0.013506124113568194,Shame,Fear,0.00029967941196819384
0.013506124113568194,Shame,Happiness,0.00020191361920885722
0.013506124113568194,Shame,Joy,0.0005926026679835472
0.013506124113568194,Shame,Pride,0.09052865630021832
0.013506124113568194,Shame,Sadness,0.0010581683064626486
0.013506124113568194,Shame,Shame,0.9069639606478223
0.01376667409442624,Boredom,Boredom,0.5593867362243882
0.01376667409442624,Boredom,Fear,0.06126829891634028
0.01376667409442624,Boredom,Happiness,0.043437571829107284
0.01376667409442624,Boredom,Joy,0.1694866749383703
0.01376667409442624,Boredom,Pride,0.04180810261982194
0.01376667409442624,Boredom,Sadness,0.014977342718492572
0.01376667409442624,Boredom,Shame,0.1096352727534796
0.01376667409442624,Fear,Boredom,0.001765619375663834
0.01376667409442624,Fear,Fear,0.9951532681616931
0.01376667409442624,Fear,Happiness,0.0005437582258467914
0.01376667409442624,Fear,Joy,0.000777974530673653
0.01376667409442624,Fear,Pride,0.0004896374060460445
0.01376667409442624,Fear,Sadness,0.00034840948877427126
0.01376667409442624,Fear,Shame,0.0009213328113023004
0.01376667409442624,Happiness,Boredom,0.8899284681287487
0.01376667409442624,Happiness,Fear,5.256659564011971e-05
0.01376667409442624,Happiness,Happiness,0.10241565845198684
0.01376667409442624,Happiness,Joy,0.0012140633688779647
0.01376667409442624,Happiness,Pride,0.00492951766515422
0.01376667409442624,Happiness,Sadness,6.74990467337983e-05
0.01376667409442624,Happiness,Shame,0.0013922267428580634
0.01376667409442624,Joy,Boredom,0.000942588748403789
0.01376667409442624,Joy,Fear,0.011099686880789885
0.01376667409442624,Joy,Happiness,0.002414621224266061
0.01376667409442624,Joy,Joy,0.039662262593815244
0.01376667409442624,Joy,Pride,0.2632893178881814
0.01376667409442624,Joy,Sadness,0.004396591607792583
0.01376667409442624,Joy,Shame,0.6781949310567509
0.01376667409442624,Pride,Boredom,0.002156346982780772
0.01376667409442624,Pride,Fear,0.0001798832420760027
0.01376667409442624,Pride,Happiness,0.02668606174563232
0.01376667409442624,Pride,Joy,0.0005234985047587349
0.01376667409442624,Pride,Pride,0.7119874937601928
0.01376667409442624,Pride,Sadness,0.003580908372223072
0.01376667409442624,Pride,Shame,0.2548858073923362
0.01376667409442624,Sadness,Boredom,0.028876461833729366
0.01376667409442624,Sadness,Fear,0.738574105148209
0.01376667409442624,Sadness,Happiness,0.0084402386435499
0.01376667409442624,Sadness,Joy,0.038984667662281265
0.01376667409442624,Sadness,Pride,0.018230476112796143
0.01376667409442624,Sadness,Sadness,0.007066050205709885
0.01376667409442624,Sadness,Shame,0.15982800039372436
0.01376667409442624,Shame,Boredom,0.0002966217934998527
0.01376667409442624,Shame,Fear,0.00017445967154614976
0.01376667409442624,Shame,Happiness,0.0001426774075371912
0.01376667409442624,Shame,Joy,0.00014516200914235585
0.01376667409442624,Shame,Pride,0.039877156590895434
0.01376667409442624,Shame,Sadness,0.0004889335316114339
0.01376667409442624,Shame,Shame,0.9588749889957676
0.014252763269482603,Boredom,Boredom,0.5550901787470699
0.014252763269482603,Boredom,Fear,0.062123322794524344
0.014252763269482603,Boredom,Happiness,0.045372312789112246
0.014252763269482603,Boredom,Joy,0.170311699000995
0.014252763269482603,Boredom,Pride,0.04259521036216821
0.014252763269482603,Boredom,Sadness,0.015330514454392739
0.014252763269482603,Boredom,Shame,0.10917676185173739
0.014252763269482603,Fear,Boredom,0.0017966809184520852
0.014252763269482603,Fear,Fear,0.9950923023332503
0.014252763269482603,Fear,Happiness,0.0005456673491321188
0.014252763269482603,Fear,Joy,0.0007856085463048345
0.014252763269482603,Fear,Pride,0.0005010711752038043
0.014252763269482603,Fear,Sadness,0.00035122822628946707
0.014252763269482603,Fear,Shame,0.0009274414513671681
0.014252763269482603,Happiness,Boredom,0.8902169347817703
0.014252763269482603,Happiness,Fear,5.361536175929311e-05
0.014252763269482603,Happiness,Happiness,0.10203489511276187
0.014252763269482603,Happiness,Joy,0.0012131177207218547
0.014252763269482603,Happiness,Pride,0.005104789550229602
0.014252763269482603,Happiness,Sadness,6.855443947274729e-05
0.014252763269482603,Happiness,Shame,0.0013080930332844876
0.014252763269482603,Joy,Boredom,0.0011645060409723263
0.014252763269482603,Joy,Fear,0.012306493359261076
0.014252763269482603,Joy,Happiness,0.002878981201982975
0.014252763269482603,Joy,Joy,0.04463129586085237
0.014252763269482603,Joy,Pride,0.2820136592072964
0.014252763269482603,Joy,Sadness,0.0049870969660553875
0.014252763269482603,Joy,Shame,0.6520179673635798
0.014252763269482603,Pride,Boredom,0.0021388002438778413
0.014252763269482603,Pride,Fear,0.00018301109211234823
0.014252763269482603,Pride,Happiness,0.025816156869032235
0.014252763269482603,Pride,Joy,0.000537668469496499
0.014252763269482603,Pride,Pride,0.7315583867110421
0.014252763269482603,Pride,Sadness,0.0035194625351164677
0.014252763269482603,Pride,Shame,0.23624651407932284
0.014252763269482603,Sadness,Boredom,0.029363268742060588
0.014252763269482603,Sadness,Fear,0.7400068538480467
0.014252763269482603,Sadness,Happiness,0.008531958991845045
0.014252763269482603,Sadness,Joy,0.03993006537805153
0.014252763269482603,Sadness,Pride,0.01846411336869787
0.014252763269482603,Sadness,Sadness,0.007248152549388889
0.014252763269482603,Sadness,Shame,0.1564555871219088
0.014252763269482603,Shame,Boredom,0.00030259164336636914
0.014252763269482603,Shame,Fear,0.0001927630646098854
0.014252763269482603,Shame,Happiness,0.00015591177856809227
0.014252763269482603,Shame,Joy,0.00018431490833521787
0.014252763269482603,Shame,Pride,0.04229553376518966
0.014252763269482603,Shame,Sadness,0.0005083947698272601
0.014252763269482603,Shame,Shame,0.9563604900701036
0.012348079891866143,Boredom,Boredom,0.5664784005704591
0.012348079891866143,Boredom,Fear,0.05709414792651368
0.012348079891866143,Boredom,Happiness,0.03849336492146512
0.012348079891866143,Boredom,Joy,0.16581494707702277
0.012348079891866143,Boredom,Pride,0.047745202738995435
0.012348079891866143,Boredom,Sadness,0.01399628946763786
0.012348079891866143,Boredom,Shame,0.11037764729790601
0.012348079891866143,Fear,Boredom,0.001753148660332098
0.012348079891866143,Fear,Fear,0.9951665509150154
0.012348079891866143,Fear,Happiness,0.0005553231719730068
0.012348079891866143,Fear,Joy,0.0007572631108998509
0.012348079891866143,Fear,Pride,0.0004885617322907702
0.012348079891866143,Fear,Sadness,0.00034293513508085226
0.012348079891866143,Fear,Shame,0.0009362172744078731
0.012348079891866143,Happiness,Boredom,0.870715197405186
0.012348079891866143,Happiness,Fear,5.127429374077991e-05
0.012348079891866143,Happiness,Happiness,0.12213927148592575
0.012348079891866143,Happiness,Joy,0.0011443905510064567
0.012348079891866143,Happiness,Pride,0.004522215506734948
0.012348079891866143,Happiness,Sadness,6.188525353283152e-05
0.012348079891866143,Happiness,Shame,0.0013657655038733312
0.012348079891866143,Joy,Boredom,0.00657997870817729
0.012348079891866143,Joy,Fear,0.029521649514309526
0.012348079891866143,Joy,Happiness,0.013567848109207026
0.012348079891866143,Joy,Joy,0.10542313851233516
0.012348079891866143,Joy,Pride,0.35979735041647876
0.012348079891866143,Joy,Sadness,0.01566454851775588
0.012348079891866143,Joy,Shame,0.46944548622173626
0.012348079891866143,Pride,Boredom,0.0022407626720724926
0.012348079891866143,Pride,Fear,0.00017676318883197642
0.012348079891866143,Pride,Happiness,0.031559739990615204
0.012348079891866143,Pride,Joy,0.0013338372951827422
0.012348079891866143,Pride,Pride,0.7611909641880998
0.012348079891866143,Pride,Sadness,0.003871081606080781
0.012348079891866143,Pride,Shame,0.19962685105911707
0.012348079891866143,Sadness,Boredom,0.027701207570037408
0.012348079891866143,Sadness,Fear,0.74055993115117
0.012348079891866143,Sadness,Happiness,0.00844460870669539
0.012348079891866143,Sadness,Joy,0.03736595756932352
0.012348079891866143,Sadness,Pride,0.02153982437072033
0.012348079891866143,Sadness,Sadness,0.0069738915315738035
0.012348079891866143,Sadness,Shame,0.15741457910047996
0.012348079891866143,Shame,Boredom,0.0006599198441774708
0.012348079891866143,Shame,Fear,0.0006665984515344185
0.012348079891866143,Shame,Happiness,0.0006328090710924721
0.012348079891866143,Shame,Joy,0.002865051538218489
0.012348079891866143,Shame,Pride,0.20641691509323806
0.012348079891866143,Shame,Sadness,0.002424391803132611
0.012348079891866143,Shame,Shame,0.7863343141986067
0.014619559675495355,Boredom,Boredom,0.556031233702096
0.014619559675495355,Boredom,Fear,0.06300969883906161
0.014619559675495355,Boredom,Happiness,0.04629090012909556
0.014619559675495355,Boredom,Joy,0.17041244731471358
0.014619559675495355,Boredom,Pride,0.040350694205251246
0.014619559675495355,Boredom,Sadness,0.015503699917049132
0.014619559675495355,Boredom,Shame,0.10840132589273258
0.014619559675495355,Fear,Boredom,0.0017917014815667842
0.014619559675495355,Fear,Fear,0.9950699418764892
0.014619559675495355,Fear,Happiness,0.0005526317323428962
0.014619559675495355,Fear,Joy,0.0007850045077845195
0.014619559675495355,Fear,Pride,0.0005016545452416784
0.014619559675495355,Fear,Sadness,0.0003535730138669094
0.014619559675495355,Fear,Shame,0.0009454928427078618
0.014619559675495355,Happiness,Boredom,0.902178208684928
0.014619559675495355,Happiness,Fear,5.3764491655712374e-05
0.014619559675495355,Happiness,Happiness,0.08971350110663211
0.014619559675495355,Happiness,Joy,0.0012023054255854847
0.014619559675495355,Happiness,Pride,0.005457203230810113
0.014619559675495355,Happiness,Sadness,7.050831829077702e-05
0.014619559675495355,Happiness,Shame,0.0013245087420977852
0.014619559675495355,Joy,Boredom,0.00022462428171980702
0.014619559675495355,Joy,Fear,0.00681685393356513
0.014619559675495355,Joy,Happiness,0.000850613258675365
0.014619559675495355,Joy,Joy,0.015587025831521592
0.014619559675495355,Joy,Pride,0.18966633377502692
0.014619559675495355,Joy,Sadness,0.002191292108601487
0.014619559675495355,Joy,Shame,0.7846632568108898
0.014619559675495355,Pride,Boredom,0.002206371134516293
0.014619559675495355,Pride,Fear,0.00020563654874918794
0.014619559675495355,Pride,Happiness,0.02724460831122658
0.014619559675495355,Pride,Joy,0.0005243485757517181
0.014619559675495355,Pride,Pride,0.6811206744831659
0.014619559675495355,Pride,Sadness,0.0034263220318481715
0.014619559675495355,Pride,Shame,0.28527203891474184
0.014619559675495355,Sadness,Boredom,0.029875370458435874
0.014619559675495355,Sadness,Fear,0.7433684041247379
0.014619559675495355,Sadness,Happiness,0.00868147654315696
0.014619559675495355,Sadness,Joy,0.03985038243249583
0.014619559675495355,Sadness,Pride,0.017922323470006267
0.014619559675495355,Sadness,Sadness,0.007300936537362886
0.014619559675495355,Sadness,Shame,0.1530011064338042
0.014619559675495355,Shame,Boredom,0.0002416737853982914
0.014619559675495355,Shame,Fear,5.7344544789574616e-05
0.014619559675495355,Shame,Happiness,9.93264745455709e-05
0.014619559675495355,Shame,Joy,9.149155889647676e-05
0.014619559675495355,Shame,Pride,0.013313721456883965
0.014619559675495355,Shame,Sadness,0.00018946405459650858
0.014619559675495355,Shame,Shame,0.9860069781248898
0.015153650550793875,Boredom,Boredom,0.5585423349030224
0.015153650550793875,Boredom,Fear,0.06292610866322185
0.015153650550793875,Boredom,Happiness,0.04652012869622963
0.015153650550793875,Boredom,Joy,0.16911749612364171
0.015153650550793875,Boredom,Pride,0.03929953220869489
0.015153650550793875,Boredom,Sadness,0.015405611400305984
0.015153650550793875,Boredom,Shame,0.10818878800488388
0.015153650550793875,Fear,Boredom,0.0017752602199260156
0.015153650550793875,Fear,Fear,0.9951105683551216
0.015153650550793875,Fear,Happiness,0.000555862685520461
0.015153650550793875,Fear,Joy,0.0007780002642750786
0.015153650550793875,Fear,Pride,0.0005054921834953143
0.015153650550793875,Fear,Sadness,0.00035076089119474445
0.015153650550793875,Fear,Shame,0.0009240554004669955
0.015153650550793875,Happiness,Boredom,0.9055584128989229
0.015153650550793875,Happiness,Fear,5.369341463313983e-05
0.015153650550793875,Happiness,Happiness,0.08630470024040549
0.015153650550793875,Happiness,Joy,0.0011946148325273848
0.015153650550793875,Happiness,Pride,0.005439841765205063
0.015153650550793875,Happiness,Sadness,6.998118416049063e-05
0.015153650550793875,Happiness,Shame,0.0013787556641454348
0.015153650550793875,Joy,Boredom,0.0002877383755902161
0.015153650550793875,Joy,Fear,0.007402516153234413
0.015153650550793875,Joy,Happiness,0.0010002706597322232
0.015153650550793875,Joy,Joy,0.018852753683545206
0.015153650550793875,Joy,Pride,0.20028002018014746
0.015153650550793875,Joy,Sadness,0.002434369606082781
0.015153650550793875,Joy,Shame,0.7697423313416675
0.015153650550793875,Pride,Boredom,0.0020622693867074072
0.015153650550793875,Pride,Fear,0.0002150785878382929
0.015153650550793875,Pride,Happiness,0.02707378648548712
0.015153650550793875,Pride,Joy,0.0005032919021140861
0.015153650550793875,Pride,Pride,0.6649360468552441
0.015153650550793875,Pride,Sadness,0.0033503866323210843
0.015153650550793875,Pride,Shame,0.30185914015028775
0.015153650550793875,Sadness,Boredom,0.030206093132077567
0.015153650550793875,Sadness,Fear,0.743533794866404
0.015153650550793875,Sadness,Happiness,0.008745552892067915
0.015153650550793875,Sadness,Joy,0.03930654675314112
0.015153650550793875,Sadness,Pride,0.018255468327165406
0.015153650550793875,Sadness,Sadness,0.007343472841943151
0.015153650550793875,Sadness,Shame,0.15260907118720088
0.015153650550793875,Shame,Boredom,0.00030262623508109333
0.015153650550793875,Shame,Fear,0.00010802520329355775
0.015153650550793875,Shame,Happiness,0.00019911287109812694
0.015153650550793875,Shame,Joy,0.00017594841849061251
0.015153650550793875,Shame,Pride,0.019199116025823037
0.015153650550793875,Shame,Sadness,0.0002817229292568105
0.015153650550793875,Shame,Shame,0.979733448316957
0.01484322499229743,Boredom,Boredom,0.5561950404427218
0.01484322499229743,Boredom,Fear,0.06320917596515369
0.01484322499229743,Boredom,Happiness,0.04660175436544028
0.01484322499229743,Boredom,Joy,0.170018136190339
0.01484322499229743,Boredom,Pride,0.03974841351611772
0.01484322499229743,Boredom,Sadness,0.015517692085250091
0.01484322499229743,Boredom,Shame,0.10870978743497775
0.01484322499229743,Fear,Boredom,0.0017814168098007261
0.01484322499229743,Fear,Fear,0.9950969167486358
0.01484322499229743,Fear,Happiness,0.0005531063228881185
0.01484322499229743,Fear,Joy,0.0007805289493776683
0.01484322499229743,Fear,Pride,0.0005028313081456296
0.01484322499229743,Fear,Sadness,0.0003508362633280355
0.01484322499229743,Fear,Shame,0.000934363597824099
0.01484322499229743,Happiness,Boredom,0.9028724079137839
0.01484322499229743,Happiness,Fear,5.3772262682523e-05
0.01484322499229743,Happiness,Happiness,0.08895963035116125
0.01484322499229743,Happiness,Joy,0.0012093764831341489
0.01484322499229743,Happiness,Pride,0.005482981757320092
0.01484322499229743,Happiness,Sadness,7.118218132460043e-05
0.01484322499229743,Happiness,Shame,0.0013506490505936003
0.01484322499229743,Joy,Boredom,0.00013240393805152642
0.01484322499229743,Joy,Fear,0.004858823284920227
0.01484322499229743,Joy,Happiness,0.000548101960541206
0.01484322499229743,Joy,Joy,0.010937395047093122
0.01484322499229743,Joy,Pride,0.13822714135207237
0.01484322499229743,Joy,Sadness,0.0015546707176612527
0.01484322499229743,Joy,Shame,0.8437414636996605
0.01484322499229743,Pride,Boredom,0.0020431665518755426
0.01484322499229743,Pride,Fear,0.00022653970853047062
0.01484322499229743,Pride,Happiness,0.029420120204830678
0.01484322499229743,Pride,Joy,0.0005247986277968892
0.01484322499229743,Pride,Pride,0.6352205156383651
0.01484322499229743,Pride,Sadness,0.0033219219871194463
0.01484322499229743,Pride,Shame,0.32924293728148213
0.01484322499229743,Sadness,Boredom,0.02971358728866037
0.01484322499229743,Sadness,Fear,0.7459669325409984
0.01484322499229743,Sadness,Happiness,0.008705323386031682
0.01484322499229743,Sadness,Joy,0.03956505257323335
0.01484322499229743,Sadness,Pride,0.017974118843999687
0.01484322499229743,Sadness,Sadness,0.007293603387384741
0.01484322499229743,Sadness,Shame,0.1507813819796912
0.01484322499229743,Shame,Boredom,0.0002091375257301972
0.01484322499229743,Shame,Fear,2.6013057057713155e-05
0.01484322499229743,Shame,Happiness,3.726240527329264e-05
0.01484322499229743,Shame,Joy,3.8594646162385896e-05
0.01484322499229743,Shame,Pride,0.007794491919659228
0.01484322499229743,Shame,Sadness,0.00011636958258429418
0.01484322499229743,Shame,Shame,0.9917781308635331
0.014564817882990735,Boredom,Boredom,0.5563721046101789
0.014564817882990735,Boredom,Fear,0.06266277462493614
0.014564817882990735,Boredom,Happiness,0.04598050107943967
0.014564817882990735,Boredom,Joy,0.17015670902667426
0.014564817882990735,Boredom,Pride,0.04112363700297577
0.014564817882990735,Boredom,Sadness,0.015411052738045028
0.014564817882990735,Boredom,Shame,0.10829322091775062
0.014564817882990735,Fear,Boredom,0.001793551641245365
0.014564817882990735,Fear,Fear,0.9950853327862277
0.014564817882990735,Fear,Happiness,0.0005508251417333237
0.014564817882990735,Fear,Joy,0.0007842666230369746
0.014564817882990735,Fear,Pride,0.0004975101842215499
0.014564817882990735,Fear,Sadness,0.00035123110867471693
0.014564817882990735,Fear,Shame,0.0009372825148603823
0.014564817882990735,Happiness,Boredom,0.9014734201136521
0.014564817882990735,Happiness,Fear,5.33703786769455e-05
0.014564817882990735,Happiness,Happiness,0.09035185319152252
0.014564817882990735,Happiness,Joy,0.0012089638587207442
0.014564817882990735,Happiness,Pride,0.005461079814014059
0.014564817882990735,Happiness,Sadness,7.069953482688816e-05
0.014564817882990735,Happiness,Shame,0.0013806131085869282
0.014564817882990735,Joy,Boredom,0.0007765554794428316
0.014564817882990735,Joy,Fear,0.01074872552312964
0.014564817882990735,Joy,Happiness,0.002091590071141033
0.014564817882990735,Joy,Joy,0.03560736613537627
0.014564817882990735,Joy,Pride,0.2622702204287846
0.014564817882990735,Joy,Sadness,0.004013264026427968
0.014564817882990735,Joy,Shame,0.6844922783356976
0.014564817882990735,Pride,Boredom,0.002183847644057689
0.014564817882990735,Pride,Fear,0.00020630447077349
0.014564817882990735,Pride,Happiness,0.02717207511418126
0.014564817882990735,Pride,Joy,0.0005434763044108087
0.014564817882990735,Pride,Pride,0.6855807491735355
0.014564817882990735,Pride,Sadness,0.0034256391235745615
0.014564817882990735,Pride,Shame,0.2808879081694666
0.014564817882990735,Sadness,Boredom,0.029934745184127733
0.014564817882990735,Sadness,Fear,0.7418364538627817
0.014564817882990735,Sadness,Happiness,0.008620824448017367
0.014564817882990735,Sadness,Joy,0.03988746719643732
0.014564817882990735,Sadness,Pride,0.01815105905934591
0.014564817882990735,Sadness,Sadness,0.0072875843926678355
0.014564817882990735,Sadness,Shame,0.15428186585662174
0.014564817882990735,Shame,Boredom,0.0002963356061822527
0.014564817882990735,Shame,Fear,0.0001861005227844484
0.014564817882990735,Shame,Happiness,0.00014740757250736468
0.014564817882990735,Shame,Joy,0.00014028210570823054
0.014564817882990735,Shame,Pride,0.04022848648846351
0.014564817882990735,Shame,Sadness,0.0005020851568422874
0.014564817882990735,Shame,Shame,0.9584993025475121
0.013890760147583944,Boredom,Boredom,0.5568981976245548
0.013890760147583944,Boredom,Fear,0.06156825909125248
0.013890760147583944,Boredom,Happiness,0.04417893381667418
0.013890760147583944,Boredom,Joy,0.17064363228903617
0.013890760147583944,Boredom,Pride,0.04155057720915901
0.013890760147583944,Boredom,Sadness,0.015179006017816717
0.013890760147583944,Boredom,Shame,0.10998139395150718
0.013890760147583944,Fear,Boredom,0.001777616046479361
0.013890760147583944,Fear,Fear,0.9951103494234079
0.013890760147583944,Fear,Happiness,0.0005455176906282568
0.013890760147583944,Fear,Joy,0.0007846830362236704
0.013890760147583944,Fear,Pride,0.0004851778955131308
0.013890760147583944,Fear,Sadness,0.00035210358671966215
0.013890760147583944,Fear,Shame,0.0009445523210275618
0.013890760147583944,Happiness,Boredom,0.8917162161483186
0.013890760147583944,Happiness,Fear,5.260690631402743e-05
0.013890760147583944,Happiness,Happiness,0.10067367847843868
0.013890760147583944,Happiness,Joy,0.0012242020002432813
0.013890760147583944,Happiness,Pride,0.00492788900774194
0.013890760147583944,Happiness,Sadness,6.788531152468259e-05
0.013890760147583944,Happiness,Shame,0.0013375221474187452
0.013890760147583944,Joy,Boredom,0.0014971227800744072
0.013890760147583944,Joy,Fear,0.013997372600163148
0.013890760147583944,Joy,Happiness,0.0035843420100915343
0.013890760147583944,Joy,Joy,0.05133115158384788
0.013890760147583944,Joy,Pride,0.3042795583298094
0.013890760147583944,Joy,Sadness,0.0058464977265035
0.013890760147583944,Joy,Shame,0.6194639549695102
0.013890760147583944,Pride,Boredom,0.002136127529607314
0.013890760147583944,Pride,Fear,0.0001738370196492858
0.013890760147583944,Pride,Happiness,0.025857982499897864
0.013890760147583944,Pride,Joy,0.000512552170099973
0.013890760147583944,Pride,Pride,0.748548139966382
0.013890760147583944,Pride,Sadness,0.003664738284012893
0.013890760147583944,Pride,Shame,0.2191066225303508
0.013890760147583944,Sadness,Boredom,0.028867662052625104
0.013890760147583944,Sadness,Fear,0.7403796351058622
0.013890760147583944,Sadness,Happiness,0.008506389833148572
0.013890760147583944,Sadness,Joy,0.0394963952954216
0.013890760147583944,Sadness,Pride,0.018046118036308206
0.013890760147583944,Sadness,Sadness,0.007122732755651901
0.013890760147583944,Sadness,Shame,0.1575810669209824
0.013890760147583944,Shame,Boredom,0.00035059825952445426
0.013890760147583944,Shame,Fear,0.00025451260883920787
0.013890760147583944,Shame,Happiness,0.00022361214342609236
0.013890760147583944,Shame,Joy,0.00021578633360038108
0.013890760147583944,Shame,Pride,0.053839156373562146
0.013890760147583944,Shame,Sadness,0.0006525680212686053
0.013890760147583944,Shame,Shame,0.9444637662597793
0.014959287787399987,Boredom,Boredom,0.554969536002645
0.014959287787399987,Boredom,Fear,0.06316049128700715
0.014959287787399987,Boredom,Happiness,0.04664276954177359
0.014959287787399987,Boredom,Joy,0.17016338344906365
0.014959287787399987,Boredom,Pride,0.040389228337022014
0.014959287787399987,Boredom,Sadness,0.01553032124283223
0.014959287787399987,Boredom,Shame,0.10914427013965695
0.014959287787399987,Fear,Boredom,0.0017866539296846223
0.014959287787399987,Fear,Fear,0.9950741657587702
0.014959287787399987,Fear,Happiness,0.0005527278974604356
0.014959287787399987,Fear,Joy,0.0007802273897326174
0.014959287787399987,Fear,Pride,0.0005079510871379802
0.014959287787399987,Fear,Sadness,0.00035253218829416543
0.014959287787399987,Fear,Shame,0.000945741748920198
0.014959287787399987,Happiness,Boredom,0.9006124743047166
0.014959287787399987,Happiness,Fear,5.393985961071296e-05
0.014959287787399987,Happiness,Happiness,0.09119642332620072
0.014959287787399987,Happiness,Joy,0.0011978179462970434
0.014959287787399987,Happiness,Pride,0.005499911044629806
0.014959287787399987,Happiness,Sadness,7.054607015009905e-05
0.014959287787399987,Happiness,Shame,0.0013688874483953513
0.014959287787399987,Joy,Boredom,0.00024060519009391646
0.014959287787399987,Joy,Fear,0.007281820423620125
0.014959287787399987,Joy,Happiness,0.0009085622228452036
0.014959287787399987,Joy,Joy,0.016118733253587442
0.014959287787399987,Joy,Pride,0.20166669597294107
0.014959287787399987,Joy,Sadness,0.0023090232172787053
0.014959287787399987,Joy,Shame,0.7714745597196334
0.014959287787399987,Pride,Boredom,0.002197115321157887
0.014959287787399987,Pride,Fear,0.00021671590430571888
0.014959287787399987,Pride,Happiness,0.02704438373403691
0.014959287787399987,Pride,Joy,0.0005374963720846648
0.014959287787399987,Pride,Pride,0.6743768097921932
0.014959287787399987,Pride,Sadness,0.003394022492679118
0.014959287787399987,Pride,Shame,0.292233456383543
0.014959287787399987,Sadness,Boredom,0.029905969685129798
0.014959287787399987,Sadness,Fear,0.7458991876731574
0.014959287787399987,Sadness,Happiness,0.008714039802039646
0.014959287787399987,Sadness,Joy,0.03967927631118068
0.014959287787399987,Sadness,Pride,0.01823898371418882
0.014959287787399987,Sadness,Sadness,0.007318237880258282
0.014959287787399987,Sadness,Shame,0.15024430493404517
0.014959287787399987,Shame,Boredom,0.0002827417278588164
0.014959287787399987,Shame,Fear,9.664232206677126e-05
0.014959287787399987,Shame,Happiness,0.00017760131634245182
0.014959287787399987,Shame,Joy,0.00015738268451373431
0.014959287787399987,Shame,Pride,0.01807882235988396
0.014959287787399987,Shame,Sadness,0.0002632321045366913
0.014959287787399987,Shame,Shame,0.9809435774847979
0.014803730922064546,Boredom,Boredom,0.5572422593552201
0.014803730922064546,Boredom,Fear,0.06300149574204186
0.014803730922064546,Boredom,Happiness,0.04651009394358468
0.014803730922064546,Boredom,Joy,0.17003148899180553
0.014803730922064546,Boredom,Pride,0.039289760975065244
0.014803730922064546,Boredom,Sadness,0.015473635789427795
0.014803730922064546,Boredom,Shame,0.10845126520285425
0.014803730922064546,Fear,Boredom,0.0017897400018084236
0.014803730922064546,Fear,Fear,0.9950971378238962
0.014803730922064546,Fear,Happiness,0.0005568454333048316
0.014803730922064546,Fear,Joy,0.0007804747745703749
0.014803730922064546,Fear,Pride,0.0005014454593026016
0.014803730922064546,Fear,Sadness,0.0003511679295034312
0.014803730922064546,Fear,Shame,0.0009231885776140398
0.014803730922064546,Happiness,Boredom,0.9024021604776459
0.014803730922064546,Happiness,Fear,5.375678171641633e-05
0.014803730922064546,Happiness,Happiness,0.08943516081854185
0.014803730922064546,Happiness,Joy,0.0012041654553412702
0.014803730922064546,Happiness,Pride,0.005482493066430354
0.014803730922064546,Happiness,Sadness,7.105540239418923e-05
0.014803730922064546,Happiness,Shame,0.001351207997930305
0.014803730922064546,Joy,Boredom,0.000268805552555263
0.014803730922064546,Joy,Fear,0.0076951900947686966
0.014803730922064546,Joy,Happiness,0.0009926341067647904
0.014803730922064546,Joy,Joy,0.017461209541155084
0.014803730922064546,Joy,Pride,0.21283089901181154
0.014803730922064546,Joy,Sadness,0.002510614795074212
0.014803730922064546,Joy,Shame,0.7582406468978702
0.014803730922064546,Pride,Boredom,0.002178888146886806
0.014803730922064546,Pride,Fear,0.00020944489917774467
0.014803730922064546,Pride,Happiness,0.027515784740405377
0.014803730922064546,Pride,Joy,0.0005284614728988689
0.014803730922064546,Pride,Pride,0.6815664851121187
0.014803730922064546,Pride,Sadness,0.003446045560265195
0.014803730922064546,Pride,Shame,0.2845548900682471
0.014803730922064546,Sadness,Boredom,0.02975333834823517
0.014803730922064546,Sadness,Fear,0.7467791633550661
0.014803730922064546,Sadness,Happiness,0.00875675416486861
0.014803730922064546,Sadness,Joy,0.03975912548351037
0.014803730922064546,Sadness,Pride,0.0179875559572628
0.014803730922064546,Sadness,Sadness,0.00732407984779931
0.014803730922064546,Sadness,Shame,0.14963998284325736
0.014803730922064546,Shame,Boredom,0.000302836191405363
0.014803730922064546,Shame,Fear,0.00011330826282098835
0.014803730922064546,Shame,Happiness,0.0002109680467014421
0.014803730922064546,Shame,Joy,0.0001854220371276204
0.014803730922064546,Shame,Pride,0.019804034123948846
0.014803730922064546,Shame,Sadness,0.00029262808150428614
0.014803730922064546,Shame,Shame,0.9790908032564913
0.014293810536662795,Boredom,Boredom,0.5577796716757057
0.014293810536662795,Boredom,Fear,0.06200146402617539
0.014293810536662795,Boredom,Happiness,0.04505679221108683
0.014293810536662795,Boredom,Joy,0.17008392270301986
0.014293810536662795,Boredom,Pride,0.04146738739668296
0.014293810536662795,Boredom,Sadness,0.015265583305084377
0.014293810536662795,Boredom,Shame,0.10834517868224461
0.014293810536662795,Fear,Boredom,0.0017924712793619898
0.014293810536662795,Fear,Fear,0.9950730860558119
0.014293810536662795,Fear,Happiness,0.0005463310673510021
0.014293810536662795,Fear,Joy,0.0007861895890472326
0.014293810536662795,Fear,Pride,0.0005004465279345519
0.014293810536662795,Fear,Sadness,0.0003500711240305365
0.014293810536662795,Fear,Shame,0.0009514043564627421
0.014293810536662795,Happiness,Boredom,0.8988233779193453
0.014293810536662795,Happiness,Fear,5.3746283616051634e-05
0.014293810536662795,Happiness,Happiness,0.09325832468939804
0.014293810536662795,Happiness,Joy,0.001217974113801175
0.014293810536662795,Happiness,Pride,0.005257360910821871
0.014293810536662795,Happiness,Sadness,6.974965629648412e-05
0.014293810536662795,Happiness,Shame,0.0013194664267207608
0.014293810536662795,Joy,Boredom,0.0005537934422555683
0.014293810536662795,Joy,Fear,0.008951547471423972
0.014293810536662795,Joy,Happiness,0.0015766675249966019
0.014293810536662795,Joy,Joy,0.029187686957345457
0.014293810536662795,Joy,Pride,0.22830298667283122
0.014293810536662795,Joy,Sadness,0.003300644808899639
0.014293810536662795,Joy,Shame,0.7281266731222475
0.014293810536662795,Pride,Boredom,0.002154853944970936
0.014293810536662795,Pride,Fear,0.00019081508948694067
0.014293810536662795,Pride,Happiness,0.026181951617424374
0.014293810536662795,Pride,Joy,0.0005113284798164605
0.014293810536662795,Pride,Pride,0.709586735511576
0.014293810536662795,Pride,Sadness,0.0034406471508976787
0.014293810536662795,Pride,Shame,0.2579336682058278
0.014293810536662795,Sadness,Boredom,0.029627247083316887
0.014293810536662795,Sadness,Fear,0.7384592268228654
0.014293810536662795,Sadness,Happiness,0.008527076604394624
0.014293810536662795,Sadness,Joy,0.03972814812159849
0.014293810536662795,Sadness,Pride,0.018179972270885948
0.014293810536662795,Sadness,Sadness,0.00726571655802296
0.014293810536662795,Sadness,Shame,0.15821261253891605
0.014293810536662795,Shame,Boredom,0.00033276752710862046
0.014293810536662795,Shame,Fear,0.0001395741314981836
0.014293810536662795,Shame,Happiness,0.0002636148579146975
0.014293810536662795,Shame,Joy,0.00023228261497812306
0.014293810536662795,Shame,Pride,0.02230329781261749
0.014293810536662795,Shame,Sadness,0.0003115037932251412
0.014293810536662795,Shame,Shame,0.9764169592626578
0.014003827201274967,Boredom,Boredom,0.5571007241443945
0.014003827201274967,Boredom,Fear,0.06165707729782959
0.014003827201274967,Boredom,Happiness,0.04408206784189246
0.014003827201274967,Boredom,Joy,0.1696760911195806
0.014003827201274967,Boredom,Pride,0.04259656356351109
0.014003827201274967,Boredom,Sadness,0.015096584218428225
0.014003827201274967,Boredom,Shame,0.10979089181436305
0.014003827201274967,Fear,Boredom,0.001773323176877888
0.014003827201274967,Fear,Fear,0.9951309928975847
0.014003827201274967,Fear,Happiness,0.0005424225302476124
0.014003827201274967,Fear,Joy,0.000782332821860553
0.014003827201274967,Fear,Pride,0.00048768182183953724
0.014003827201274967,Fear,Sadness,0.0003516350317815188
0.014003827201274967,Fear,Shame,0.0009316117198079957
0.014003827201274967,Happiness,Boredom,0.8996022595187402
0.014003827201274967,Happiness,Fear,5.3103270459310536e-05
0.014003827201274967,Happiness,Happiness,0.09254213179632133
0.014003827201274967,Happiness,Joy,0.0012277785263449703
0.014003827201274967,Happiness,Pride,0.0051233248137271745
0.014003827201274967,Happiness,Sadness,6.906439284697097e-05
0.014003827201274967,Happiness,Shame,0.0013823376815598949
0.014003827201274967,Joy,Boredom,0.0018587040557606494
0.014003827201274967,Joy,Fear,0.01598225516620459
0.014003827201274967,Joy,Happiness,0.004355183959495583
0.014003827201274967,Joy,Joy,0.05832053894508189
0.014003827201274967,Joy,Pride,0.33644348004122143
0.014003827201274967,Joy,Sadness,0.006807334659598069
0.014003827201274967,Joy,Shame,0.5762325031726381
0.014003827201274967,Pride,Boredom,0.002116292163954231
0.014003827201274967,Pride,Fear,0.00017584756088188415
0.014003827201274967,Pride,Happiness,0.02462965409326273
0.014003827201274967,Pride,Joy,0.0005255032954081245
0.014003827201274967,Pride,Pride,0.7514438608138883
0.014003827201274967,Pride,Sadness,0.0036659599823317336
0.014003827201274967,Pride,Shame,0.2174428820902728
0.014003827201274967,Sadness,Boredom,0.028917105865729507
0.014003827201274967,Sadness,Fear,0.7411317444685199
0.014003827201274967,Sadness,Happiness,0.008495594646199324
0.014003827201274967,Sadness,Joy,0.039672306854643936
0.014003827201274967,Sadness,Pride,0.01842579780828047
0.014003827201274967,Sadness,Sadness,0.007146407769787225
0.014003827201274967,Sadness,Shame,0.1562110425868397
0.014003827201274967,Shame,Boredom,0.0004610527803148841
0.014003827201274967,Shame,Fear,0.00040747829126612284
0.014003827201274967,Shame,Happiness,0.000390155152165317
0.014003827201274967,Shame,Joy,0.00035777798964620585
0.014003827201274967,Shame,Pride,0.07730170074006609
0.014003827201274967,Shame,Sadness,0.0009516067950523074
0.014003827201274967,Shame,Shame,0.9201302282514894
0.01457295917441019,Boredom,Boredom,0.5554439680240887
0.01457295917441019,Boredom,Fear,0.06285101190600388
0.01457295917441019,Boredom,Happiness,0.04613079613329965
0.01457295917441019,Boredom,Joy,0.17045127115188774
0.01457295917441019,Boredom,Pride,0.04122068546442096
0.01457295917441019,Boredom,Sadness,0.015461989664523277
0.01457295917441019,Boredom,Shame,0.10844027765577527
0.01457295917441019,Fear,Boredom,0.0018362571850878509
0.01457295917441019,Fear,Fear,0.9950182898361841
0.01457295917441019,Fear,Happiness,0.0005579578740947463
0.01457295917441019,Fear,Joy,0.0007868986365204129
0.01457295917441019,Fear,Pride,0.0005058987343002368
0.01457295917441019,Fear,Sadness,0.0003570735558160597
0.01457295917441019,Fear,Shame,0.0009376241779969302
0.01457295917441019,Happiness,Boredom,0.9687641700768276
0.01457295917441019,Happiness,Fear,0.00014233515342679853
0.01457295917441019,Happiness,Happiness,0.026313118180676612
0.01457295917441019,Happiness,Joy,0.0009336789441108681
0.01457295917441019,Happiness,Pride,0.003068060839118174
0.01457295917441019,Happiness,Sadness,4.626688641831555e-05
0.01457295917441019,Happiness,Shame,0.0007323699194216322
0.01457295917441019,Joy,Boredom,0.0007979691776609954
0.01457295917441019,Joy,Fear,0.011156291736129639
0.01457295917441019,Joy,Happiness,0.0019959897672011872
0.01457295917441019,Joy,Joy,0.03539559041233484
0.01457295917441019,Joy,Pride,0.2143252653834839
0.01457295917441019,Joy,Sadness,0.003701545378827702
0.01457295917441019,Joy,Shame,0.7326273481443617
0.01457295917441019,Pride,Boredom,0.0021427931287530274
0.01457295917441019,Pride,Fear,0.00018383530808169989
0.01457295917441019,Pride,Happiness,0.02584951898969121
0.01457295917441019,Pride,Joy,0.0005063814744072577
0.01457295917441019,Pride,Pride,0.6926288588894388
0.01457295917441019,Pride,Sadness,0.0032863763382745695
0.01457295917441019,Pride,Shame,0.27540223587135343
0.01457295917441019,Sadness,Boredom,0.047980257038748836
0.01457295917441019,Sadness,Fear,0.7112749857711441
0.01457295917441019,Sadness,Happiness,0.010450539639546596
0.01457295917441019,Sadness,Joy,0.043936348995351183
0.01457295917441019,Sadness,Pride,0.01865206399109706
0.01457295917441019,Sadness,Sadness,0.008259741493046006
0.01457295917441019,Sadness,Shame,0.1594460630710664
0.01457295917441019,Shame,Boredom,0.00028888077384055
0.01457295917441019,Shame,Fear,0.00014122003279072137
0.01457295917441019,Shame,Happiness,0.00011581213164510083
0.01457295917441019,Shame,Joy,0.00010881843037223689
0.01457295917441019,Shame,Pride,0.03530512789749861
0.01457295917441019,Shame,Sadness,0.0004359235717024545
0.01457295917441019,Shame,Shame,0.9636042171621505
0.013628353133890426,Boredom,Boredom,0.559373235827769
0.013628353133890426,Boredom,Fear,0.0602983519565834
0.013628353133890426,Boredom,Happiness,0.042389854475218425
0.013628353133890426,Boredom,Joy,0.16808553424800218
0.013628353133890426,Boredom,Pride,0.04501676113992841
0.013628353133890426,Boredom,Sadness,0.014684806633005034
0.013628353133890426,Boredom,Shame,0.11015145571949339
0.013628353133890426,Fear,Boredom,0.0018271773976114658
0.013628353133890426,Fear,Fear,0.9950692638993632
0.013628353133890426,Fear,Happiness,0.0005541873893300396
0.013628353133890426,Fear,Joy,0.0007801943637880847
0.013628353133890426,Fear,Pride,0.0004968839710761168
0.013628353133890426,Fear,Sadness,0.0003504409891336588
0.013628353133890426,Fear,Shame,0.0009218519896970988
0.013628353133890426,Happiness,Boredom,0.9675125832921958
0.013628353133890426,Happiness,Fear,3.4123463388359685e-05
0.013628353133890426,Happiness,Happiness,0.027781914608206275
0.013628353133890426,Happiness,Joy,0.0009251572742522061
0.013628353133890426,Happiness,Pride,0.002890997106821523
0.013628353133890426,Happiness,Sadness,4.4504448790036634e-05
0.013628353133890426,Happiness,Shame,0.0008107198063456693
0.013628353133890426,Joy,Boredom,0.0026580049001647264
0.013628353133890426,Joy,Fear,0.020177947291481018
0.013628353133890426,Joy,Happiness,0.005719595469530091
0.013628353133890426,Joy,Joy,0.0672282697491593
0.013628353133890426,Joy,Pride,0.29808684258065643
0.013628353133890426,Joy,Sadness,0.008085070386390975
0.013628353133890426,Joy,Shame,0.5980442696226176
0.013628353133890426,Pride,Boredom,0.0021532549772873013
0.013628353133890426,Pride,Fear,0.00017282511676499832
0.013628353133890426,Pride,Happiness,0.026522154999279395
0.013628353133890426,Pride,Joy,0.0006030410344382955
0.013628353133890426,Pride,Pride,0.7141718265892868
0.013628353133890426,Pride,Sadness,0.0034410997855604704
0.013628353133890426,Pride,Shame,0.25293579749738304
0.013628353133890426,Sadness,Boredom,0.04671563757386303
0.013628353133890426,Sadness,Fear,0.7071793561179569
0.013628353133890426,Sadness,Happiness,0.010187814893333742
0.013628353133890426,Sadness,Joy,0.04270277124244802
0.013628353133890426,Sadness,Pride,0.020069842260465
0.013628353133890426,Sadness,Sadness,0.007994210209455056
0.013628353133890426,Sadness,Shame,0.16515036770247873
0.013628353133890426,Shame,Boredom,0.0004203619245623037
0.013628353133890426,Shame,Fear,0.00034526479685156023
0.013628353133890426,Shame,Happiness,0.00023702099166314608
0.013628353133890426,Shame,Joy,0.000527068758441091
0.013628353133890426,Shame,Pride,0.11935033692865346
0.013628353133890426,Shame,Sadness,0.0013712689631747215
0.013628353133890426,Shame,Shame,0.8777486776366535
0.012465379360118344,Boredom,Boredom,0.5645265301139646
0.012465379360118344,Boredom,Fear,0.058175756202027806
0.012465379360118344,Boredom,Happiness,0.03937356139174418
0.012465379360118344,Boredom,Joy,0.16798806830945176
0.012465379360118344,Boredom,Pride,0.04428627002592767
0.012465379360118344,Boredom,Sadness,0.014405920570111412
0.012465379360118344,Boredom,Shame,0.11124389338677228
0.012465379360118344,Fear,Boredom,0.0018115278221912808
0.012465379360118344,Fear,Fear,0.9950956734501064
0.012465379360118344,Fear,Happiness,0.0005592474917251636
0.012465379360118344,Fear,Joy,0.0007629863184166558
0.012465379360118344,Fear,Pride,0.0004945608915255898
0.012465379360118344,Fear,Sadness,0.00034883273279500744
0.012465379360118344,Fear,Shame,0.0009271712932396982
0.012465379360118344,Happiness,Boredom,0.9645400542636157
0.012465379360118344,Happiness,Fear,3.359376956510402e-05
0.012465379360118344,Happiness,Happiness,0.031022062725558606
0.012465379360118344,Happiness,Joy,0.0009150665680917586
0.012465379360118344,Happiness,Pride,0.0026855145538081434
0.012465379360118344,Happiness,Sadness,4.315296139338838e-05
0.012465379360118344,Happiness,Shame,0.0007605551579674003
0.012465379360118344,Joy,Boredom,0.0035647660152030077
0.012465379360118344,Joy,Fear,0.022655244349614773
0.012465379360118344,Joy,Happiness,0.007393819385453341
0.012465379360118344,Joy,Joy,0.07484545683919869
0.012465379360118344,Joy,Pride,0.288988402712716
0.012465379360118344,Joy,Sadness,0.009582556204225476
0.012465379360118344,Joy,Shame,0.5929697544935888
0.012465379360118344,Pride,Boredom,0.002202895246423763
0.012465379360118344,Pride,Fear,0.00016506153737901163
0.012465379360118344,Pride,Happiness,0.02980325102982721
0.012465379360118344,Pride,Joy,0.0006402390695588507
0.012465379360118344,Pride,Pride,0.7451475820459923
0.012465379360118344,Pride,Sadness,0.003573392588262684
0.012465379360118344,Pride,Shame,0.2184675784825561
0.012465379360118344,Sadness,Boredom,0.044784792197263765
0.012465379360118344,Sadness,Fear,0.7158551839153278
0.012465379360118344,Sadness,Happiness,0.010208013939202856
0.012465379360118344,Sadness,Joy,0.041067938489167025
0.012465379360118344,Sadness,Pride,0.019724297348608193
0.012465379360118344,Sadness,Sadness,0.00762152522172068
0.012465379360118344,Sadness,Shame,0.16073824888870944
0.012465379360118344,Shame,Boredom,0.0004020835918838035
0.012465379360118344,Shame,Fear,0.0002958349519033068
0.012465379360118344,Shame,Happiness,0.00021649410164596093
0.012465379360118344,Shame,Joy,0.0005549818694640126
0.012465379360118344,Shame,Pride,0.1139279631236984
0.012465379360118344,Shame,Sadness,0.0012301399280202012
0.012465379360118344,Shame,Shame,0.8833725024333844
0.013995337452070968,Boredom,Boredom,0.5531802753761799
0.013995337452070968,Boredom,Fear,0.06142747898751653
0.013995337452070968,Boredom,Happiness,0.04440391777050537
0.013995337452070968,Boredom,Joy,0.16914223859549352
0.013995337452070968,Boredom,Pride,0.04626579807376301
0.013995337452070968,Boredom,Sadness,0.015042795163938045
0.013995337452070968,Boredom,Shame,0.11053749603260388
0.013995337452070968,Fear,Boredom,0.0018381946005538337
0.013995337452070968,Fear,Fear,0.9950322123696095
0.013995337452070968,Fear,Happiness,0.0005497031590648412
0.013995337452070968,Fear,Joy,0.0007847961392640811
0.013995337452070968,Fear,Pride,0.000506182373608324
0.013995337452070968,Fear,Sadness,0.000354125310517998
0.013995337452070968,Fear,Shame,0.0009347860473814059
0.013995337452070968,Happiness,Boredom,0.9679343220082682
0.013995337452070968,Happiness,Fear,0.00014910074536721098
0.013995337452070968,Happiness,Happiness,0.02725919301871286
0.013995337452070968,Happiness,Joy,0.0009579657973428835
0.013995337452070968,Happiness,Pride,0.002866324438009318
0.013995337452070968,Happiness,Sadness,4.5988596293347945e-05
0.013995337452070968,Happiness,Shame,0.0007871053960060076
0.013995337452070968,Joy,Boredom,0.00358937018403432
0.013995337452070968,Joy,Fear,0.023066016875106794
0.013995337452070968,Joy,Happiness,0.007457757240874839
0.013995337452070968,Joy,Joy,0.07666057277941525
0.013995337452070968,Joy,Pride,0.3047570074246629
0.013995337452070968,Joy,Sadness,0.00970047117770022
0.013995337452070968,Joy,Shame,0.5747688043182057
0.013995337452070968,Pride,Boredom,0.0021366033499645703
0.013995337452070968,Pride,Fear,0.00017221313664826825
0.013995337452070968,Pride,Happiness,0.026322330852954753
0.013995337452070968,Pride,Joy,0.000852881436669667
0.013995337452070968,Pride,Pride,0.7247321506342577
0.013995337452070968,Pride,Sadness,0.0033987779913547925
0.013995337452070968,Pride,Shame,0.24238504259815025
0.013995337452070968,Sadness,Boredom,0.047106707356711394
0.013995337452070968,Sadness,Fear,0.7062207078746704
0.013995337452070968,Sadness,Happiness,0.010181556744922764
0.013995337452070968,Sadness,Joy,0.043361328233144446
0.013995337452070968,Sadness,Pride,0.020458234269970194
0.013995337452070968,Sadness,Sadness,0.008082262378836629
0.013995337452070968,Sadness,Shame,0.1645892031417438
0.013995337452070968,Shame,Boredom,0.00045618582264392483
0.013995337452070968,Shame,Fear,0.00039971156903280907
0.013995337452070968,Shame,Happiness,0.00030853873820894527
0.013995337452070968,Shame,Joy,0.0010478048807343683
0.013995337452070968,Shame,Pride,0.12932021990175413
0.013995337452070968,Shame,Sadness,0.001526041788100564
0.013995337452070968,Shame,Shame,0.8669414972995252
0.014394136251740982,Boredom,Boredom,0.5538534764816337
0.014394136251740982,Boredom,Fear,0.06239446482615631
0.014394136251740982,Boredom,Happiness,0.045506964969608966
0.014394136251740982,Boredom,Joy,0.1696174053719
0.014394136251740982,Boredom,Pride,0.04414949340366642
0.014394136251740982,Boredom,Sadness,0.015314113415386924
0.014394136251740982,Boredom,Shame,0.10916408153164772
0.014394136251740982,Fear,Boredom,0.0018705759082049492
0.014394136251740982,Fear,Fear,0.994951784677053
0.014394136251740982,Fear,Happiness,0.0005539781539661446
0.014394136251740982,Fear,Joy,0.0007912885042761777
0.014394136251740982,Fear,Pride,0.0005145480808748682
0.014394136251740982,Fear,Sadness,0.0003561994878586532
0.014394136251740982,Fear,Shame,0.0009616251877667845
0.014394136251740982,Happiness,Boredom,0.9701747089403917
0.014394136251740982,Happiness,Fear,0.00013254631634238907
0.014394136251740982,Happiness,Happiness,0.024976518536261493
0.014394136251740982,Happiness,Joy,0.0009482357532760545
0.014394136251740982,Happiness,Pride,0.002956452049512073
0.014394136251740982,Happiness,Sadness,4.656816176315635e-05
0.014394136251740982,Happiness,Shame,0.0007649702424531721
0.014394136251740982,Joy,Boredom,0.0015148387026789757
0.014394136251740982,Joy,Fear,0.015032842662952729
0.014394136251740982,Joy,Happiness,0.003432773120922726
0.014394136251740982,Joy,Joy,0.050027942571496425
0.014394136251740982,Joy,Pride,0.2614672755856128
0.014394136251740982,Joy,Sadness,0.005521385393849339
0.014394136251740982,Joy,Shame,0.6630029419624869
0.014394136251740982,Pride,Boredom,0.0021519759669283924
0.014394136251740982,Pride,Fear,0.00018338963810834123
0.014394136251740982,Pride,Happiness,0.026037407921808305
0.014394136251740982,Pride,Joy,0.0005635142984448957
0.014394136251740982,Pride,Pride,0.6878225038602979
0.014394136251740982,Pride,Sadness,0.0032215942151242716
0.014394136251740982,Pride,Shame,0.28001961409928816
0.014394136251740982,Sadness,Boredom,0.04814756069784684
0.014394136251740982,Sadness,Fear,0.7066259356866936
0.014394136251740982,Sadness,Happiness,0.010311091392826143
0.014394136251740982,Sadness,Joy,0.04376523035357239
0.014394136251740982,Sadness,Pride,0.019480275114146944
0.014394136251740982,Sadness,Sadness,0.008267966785202125
0.014394136251740982,Sadness,Shame,0.16340193996971183
0.014394136251740982,Shame,Boredom,0.00043349627070073197
0.014394136251740982,Shame,Fear,0.00033037861450980474
0.014394136251740982,Shame,Happiness,0.0003208933216619349
0.014394136251740982,Shame,Joy,0.0003275341899836226
0.014394136251740982,Shame,Pride,0.07051138607681624
0.014394136251740982,Shame,Sadness,0.0008501229090812631
0.014394136251740982,Shame,Shame,0.9272261886172466
0.013616240004364831,Boredom,Boredom,0.5620635602249164
0.013616240004364831,Boredom,Fear,0.06025019590172646
0.013616240004364831,Boredom,Happiness,0.04229886695172274
0.013616240004364831,Boredom,Joy,0.16808754231556094
0.013616240004364831,Boredom,Pride,0.043621807697195286
0.013616240004364831,Boredom,Sadness,0.01465198261891263
0.013616240004364831,Boredom,Shame,0.10902604428996499
0.013616240004364831,Fear,Boredom,0.0018285999072116326
0.013616240004364831,Fear,Fear,0.9950648512121816
0.013616240004364831,Fear,Happiness,0.0005501032023996894
0.013616240004364831,Fear,Joy,0.0007823571767608886
0.013616240004364831,Fear,Pride,0.0004989314401367838
0.013616240004364831,Fear,Sadness,0.0003530276818070565
0.013616240004364831,Fear,Shame,0.0009221293795022017
0.013616240004364831,Happiness,Boredom,0.9682890089133538
0.013616240004364831,Happiness,Fear,3.4057779779005e-05
0.013616240004364831,Happiness,Happiness,0.02705050942384436
0.013616240004364831,Happiness,Joy,0.0009227839679239109
0.013616240004364831,Happiness,Pride,0.0028735399693448093
0.013616240004364831,Happiness,Sadness,4.440515984305615e-05
0.013616240004364831,Happiness,Shame,0.0007856947859112815
0.013616240004364831,Joy,Boredom,0.0018704018390380596
0.013616240004364831,Joy,Fear,0.016089947651826052
0.013616240004364831,Joy,Happiness,0.00413388552891977
0.013616240004364831,Joy,Joy,0.054799618900371036
0.013616240004364831,Joy,Pride,0.2517538046687817
0.013616240004364831,Joy,Sadness,0.006179123270805205
0.013616240004364831,Joy,Shame,0.6651732181402581
0.013616240004364831,Pride,Boredom,0.002158161117342289
0.013616240004364831,Pride,Fear,0.00016884395835111682
0.013616240004364831,Pride,Happiness,0.026681758270621053
0.013616240004364831,Pride,Joy,0.000622999417167959
0.013616240004364831,Pride,Pride,0.7194548713294306
0.013616240004364831,Pride,Sadness,0.003446542522408451
0.013616240004364831,Pride,Shame,0.2474668233846786
0.013616240004364831,Sadness,Boredom,0.04649575616917789
0.013616240004364831,Sadness,Fear,0.7096411179780611
0.013616240004364831,Sadness,Happiness,0.010164443634426932
0.013616240004364831,Sadness,Joy,0.04285597010296636
0.013616240004364831,Sadness,Pride,0.019251804350890217
0.013616240004364831,Sadness,Sadness,0.007938496421475193
0.013616240004364831,Sadness,Shame,0.16365241134300257
0.013616240004364831,Shame,Boredom,0.00043414486706367067
0.013616240004364831,Shame,Fear,0.0003083239159594136
0.013616240004364831,Shame,Happiness,0.0003098594814519278
0.013616240004364831,Shame,Joy,0.0003900924105762835
0.013616240004364831,Shame,Pride,0.06948676055865509
0.013616240004364831,Shame,Sadness,0.0008337533835051624
0.013616240004364831,Shame,Shame,0.9282370653827884
0.01378009134106254,Boredom,Boredom,0.5587737283114111
0.01378009134106254,Boredom,Fear,0.06133673689611463
0.01378009134106254,Boredom,Happiness,0.0435557997828668
0.01378009134106254,Boredom,Joy,0.16982001655321075
0.01378009134106254,Boredom,Pride,0.04176895692703783
0.01378009134106254,Boredom,Sadness,0.01501922054576667
0.01378009134106254,Boredom,Shame,0.10972554098359234
0.01378009134106254,Fear,Boredom,0.0018325531626424236
0.01378009134106254,Fear,Fear,0.9950289096039083
0.01378009134106254,Fear,Happiness,0.0005514248254395541
0.01378009134106254,Fear,Joy,0.000786338839316077
0.01378009134106254,Fear,Pride,0.0004963095943470981
0.01378009134106254,Fear,Sadness,0.0003553254772939302
0.01378009134106254,Fear,Shame,0.0009491384970527757
0.01378009134106254,Happiness,Boredom,0.9669542006035337
0.01378009134106254,Happiness,Fear,3.4532468613211367e-05
0.01378009134106254,Happiness,Happiness,0.028434438905952736
0.01378009134106254,Happiness,Joy,0.0009416285951551799
0.01378009134106254,Happiness,Pride,0.002835056366803242
0.01378009134106254,Happiness,Sadness,4.488807301240562e-05
0.01378009134106254,Happiness,Shame,0.0007552549869298476
0.01378009134106254,Joy,Boredom,0.0010404080881052688
0.01378009134106254,Joy,Fear,0.012279605220978254
0.01378009134106254,Joy,Happiness,0.002474432844730532
0.01378009134106254,Joy,Joy,0.040570889132271366
0.01378009134106254,Joy,Pride,0.22439095889899227
0.01378009134106254,Joy,Sadness,0.004283613562655387
0.01378009134106254,Joy,Shame,0.7149600922522669
0.01378009134106254,Pride,Boredom,0.002170054205134474
0.01378009134106254,Pride,Fear,0.00017621501095250964
0.01378009134106254,Pride,Happiness,0.026471458476453474
0.01378009134106254,Pride,Joy,0.0005096747105387152
0.01378009134106254,Pride,Pride,0.7167063107127823
0.01378009134106254,Pride,Sadness,0.003462386749146614
0.01378009134106254,Pride,Shame,0.25050390013499163
0.01378009134106254,Sadness,Boredom,0.046769008897991717
0.01378009134106254,Sadness,Fear,0.7104650938224576
0.01378009134106254,Sadness,Happiness,0.01024877384522505
0.01378009134106254,Sadness,Joy,0.04309586462792866
0.01378009134106254,Sadness,Pride,0.018599838718024484
0.01378009134106254,Sadness,Sadness,0.007959395626751421
0.01378009134106254,Sadness,Shame,0.16286202446162104
0.01378009134106254,Shame,Boredom,0.00031269777572031396
0.01378009134106254,Shame,Fear,0.00016146371121936642
0.01378009134106254,Shame,Happiness,0.00014070823733650014
0.01378009134106254,Shame,Joy,0.00012666841908354594
0.01378009134106254,Shame,Pride,0.04084030764575022
0.01378009134106254,Shame,Sadness,0.0004937587325694683
0.01378009134106254,Shame,Shame,0.9579243954783204
0.01347886641748778,Boredom,Boredom,0.5608502174927877
0.01347886641748778,Boredom,Fear,0.06011770702313683
0.01347886641748778,Boredom,Happiness,0.042542668140036974
0.01347886641748778,Boredom,Joy,0.16819931003763222
0.01347886641748778,Boredom,Pride,0.043746058153794704
0.01347886641748778,Boredom,Sadness,0.014670535812557922
0.01347886641748778,Boredom,Shame,0.10987350334005362
0.01347886641748778,Fear,Boredom,0.0018186011827928197
0.01347886641748778,Fear,Fear,0.9950591560102279
0.01347886641748778,Fear,Happiness,0.0005586931920261135
0.01347886641748778,Fear,Joy,0.0007815616934483382
0.01347886641748778,Fear,Pride,0.0004939733763755903
0.01347886641748778,Fear,Sadness,0.00035006715592363405
0.01347886641748778,Fear,Shame,0.0009379473892055375
0.01347886641748778,Happiness,Boredom,0.9671109439906687
0.01347886641748778,Happiness,Fear,3.388723739014004e-05
0.01347886641748778,Happiness,Happiness,0.02826864324205511
0.01347886641748778,Happiness,Joy,0.0009286682739935541
0.01347886641748778,Happiness,Pride,0.002822071643314421
0.01347886641748778,Happiness,Sadness,4.435052145582536e-05
0.01347886641748778,Happiness,Shame,0.000791435091122123
0.01347886641748778,Joy,Boredom,0.0018483479212587002
0.01347886641748778,Joy,Fear,0.01722099886832217
0.01347886641748778,Joy,Happiness,0.004168775904920123
0.01347886641748778,Joy,Joy,0.056515732051625064
0.01347886641748778,Joy,Pride,0.280740879205208
0.01347886641748778,Joy,Sadness,0.006442639658231614
0.01347886641748778,Joy,Shame,0.6330626263904346
0.01347886641748778,Pride,Boredom,0.0021877389734757734
0.01347886641748778,Pride,Fear,0.00017379508309213243
0.01347886641748778,Pride,Happiness,0.02811045121049374
0.01347886641748778,Pride,Joy,0.0005349321357840186
0.01347886641748778,Pride,Pride,0.7092503554390643
0.01347886641748778,Pride,Sadness,0.0034244129528997642
0.01347886641748778,Pride,Shame,0.25631831420519013
0.01347886641748778,Sadness,Boredom,0.04628671455347375
0.01347886641748778,Sadness,Fear,0.7078840237477431
0.01347886641748778,Sadness,Happiness,0.010227233626660908
0.01347886641748778,Sadness,Joy,0.04250168711141787
0.01347886641748778,Sadness,Pride,0.019427111842666423
0.01347886641748778,Sadness,Sadness,0.007901643772305369
0.01347886641748778,Sadness,Shame,0.1657715853457326
0.01347886641748778,Shame,Boredom,0.00036709894302918377
0.01347886641748778,Shame,Fear,0.00026616664661433225
0.01347886641748778,Shame,Happiness,0.0001684561148874464
0.01347886641748778,Shame,Joy,0.0002839346827051514
0.01347886641748778,Shame,Pride,0.09408708344267755
0.01347886641748778,Shame,Sadness,0.001058298218401227
0.01347886641748778,Shame,Shame,0.9037689619516858
0.014349584139582027,Boredom,Boredom,0.5536339593282699
0.014349584139582027,Boredom,Fear,0.06232698661231051
0.014349584139582027,Boredom,Happiness,0.04531628049584227
0.014349584139582027,Boredom,Joy,0.17001956479669716
0.014349584139582027,Boredom,Pride,0.043786698766268936
0.014349584139582027,Boredom,Sadness,0.01532088617731747
0.014349584139582027,Boredom,Shame,0.10959562382329324
0.014349584139582027,Fear,Boredom,0.0018537018887045224
0.014349584139582027,Fear,Fear,0.9950233109363309
0.014349584139582027,Fear,Happiness,0.0005528644221848612
0.014349584139582027,Fear,Joy,0.0007882421990673043
0.014349584139582027,Fear,Pride,0.0005045155338222316
0.014349584139582027,Fear,Sadness,0.00035390896812971154
0.014349584139582027,Fear,Shame,0.0009234560517604039
0.014349584139582027,Happiness,Boredom,0.9680194357527843
0.014349584139582027,Happiness,Fear,0.00014881856822220347
0.014349584139582027,Happiness,Happiness,0.027169507741974862
0.014349584139582027,Happiness,Joy,0.0009480682254953559
0.014349584139582027,Happiness,Pride,0.002923725288330333
0.014349584139582027,Happiness,Sadness,4.62449494031587e-05
0.014349584139582027,Happiness,Shame,0.0007441994737900062
0.014349584139582027,Joy,Boredom,0.002138594695612103
0.014349584139582027,Joy,Fear,0.018790445937718184
0.014349584139582027,Joy,Happiness,0.0047541224191788075
0.014349584139582027,Joy,Joy,0.061308307250032355
0.014349584139582027,Joy,Pride,0.299640685093553
0.014349584139582027,Joy,Sadness,0.007157354542725492
0.014349584139582027,Joy,Shame,0.6062104900611802
0.014349584139582027,Pride,Boredom,0.002115294936740839
0.014349584139582027,Pride,Fear,0.00017543216192740516
0.014349584139582027,Pride,Happiness,0.023713799272612485
0.014349584139582027,Pride,Joy,0.0005274739014643677
0.014349584139582027,Pride,Pride,0.7207313265941762
0.014349584139582027,Pride,Sadness,0.003323238506174538
0.014349584139582027,Pride,Shame,0.24941343462690443
0.014349584139582027,Sadness,Boredom,0.0479366197273405
0.014349584139582027,Sadness,Fear,0.7071953550982544
0.014349584139582027,Sadness,Happiness,0.010317083586479509
0.014349584139582027,Sadness,Joy,0.04377203831566154
0.014349584139582027,Sadness,Pride,0.019485026024931403
0.014349584139582027,Sadness,Sadness,0.008249407795762612
0.014349584139582027,Sadness,Shame,0.16304446945157033
0.014349584139582027,Shame,Boredom,0.00036752784828199926
0.014349584139582027,Shame,Fear,0.00029360171820301046
0.014349584139582027,Shame,Happiness,0.00018236464993342592
0.014349584139582027,Shame,Joy,0.0003291352923225182
0.014349584139582027,Shame,Pride,0.0967651254340837
0.014349584139582027,Shame,Sadness,0.0011076277831592058
0.014349584139582027,Shame,Shame,0.900954617274016
0.013142496732368227,Boredom,Boredom,0.5584098279136671
0.013142496732368227,Boredom,Fear,0.05970797000687587
0.013142496732368227,Boredom,Happiness,0.041983729014583304
0.013142496732368227,Boredom,Joy,0.1683082087842912
0.013142496732368227,Boredom,Pride,0.04518412701150512
0.013142496732368227,Boredom,Sadness,0.014626687083214643
0.013142496732368227,Boredom,Shame,0.11177945018586269
0.013142496732368227,Fear,Boredom,0.001823418042027823
0.013142496732368227,Fear,Fear,0.9950940571712752
0.013142496732368227,Fear,Happiness,0.0005536951204336905
0.013142496732368227,Fear,Joy,0.0007715098031912266
0.013142496732368227,Fear,Pride,0.00048598386719386115
0.013142496732368227,Fear,Sadness,0.0003502457448369775
0.013142496732368227,Fear,Shame,0.0009210902510410395
0.013142496732368227,Happiness,Boredom,0.9639441363042439
0.013142496732368227,Happiness,Fear,3.3295919286345816e-05
0.013142496732368227,Happiness,Happiness,0.0314874327584597
0.013142496732368227,Happiness,Joy,0.0009296434459589274
0.013142496732368227,Happiness,Pride,0.0028022953079308993
0.013142496732368227,Happiness,Sadness,4.3865838878576475e-05
0.013142496732368227,Happiness,Shame,0.0007593304252418975
0.013142496732368227,Joy,Boredom,0.004548937958255602
0.013142496732368227,Joy,Fear,0.02660140126697367
0.013142496732368227,Joy,Happiness,0.009281838385935189
0.013142496732368227,Joy,Joy,0.086698156327379
0.013142496732368227,Joy,Pride,0.32389709128395355
0.013142496732368227,Joy,Sadness,0.011696262671608067
0.013142496732368227,Joy,Shame,0.5372763121058951
0.013142496732368227,Pride,Boredom,0.0021671822305797165
0.013142496732368227,Pride,Fear,0.00016398574837789506
0.013142496732368227,Pride,Happiness,0.027313227389251064
0.013142496732368227,Pride,Joy,0.000697928163417356
0.013142496732368227,Pride,Pride,0.7721434369626862
0.013142496732368227,Pride,Sadness,0.003720412331655695
0.013142496732368227,Pride,Shame,0.19379382717403248
0.013142496732368227,Sadness,Boredom,0.045701245501554244
0.013142496732368227,Sadness,Fear,0.7077746680896692
0.013142496732368227,Sadness,Happiness,0.010055140814240335
0.013142496732368227,Sadness,Joy,0.041654786186549546
0.013142496732368227,Sadness,Pride,0.019931878547848596
0.013142496732368227,Sadness,Sadness,0.007734362006525843
0.013142496732368227,Sadness,Shame,0.16714791885361166
0.013142496732368227,Shame,Boredom,0.000488462958488871
0.013142496732368227,Shame,Fear,0.00043150310541517503
0.013142496732368227,Shame,Happiness,0.00032665938512577413
0.013142496732368227,Shame,Joy,0.0008935877192397086
0.013142496732368227,Shame,Pride,0.1515602730798797
0.013142496732368227,Shame,Sadness,0.0017452057625108432
0.013142496732368227,Shame,Shame,0.8445543079893402
0.015081719357696215,Boredom,Boredom,0.5567890156000851
0.015081719357696215,Boredom,Fear,0.06294542892172042
0.015081719357696215,Boredom,Happiness,0.04670563139662447
0.015081719357696215,Boredom,Joy,0.16987188948438048
0.015081719357696215,Boredom,Pride,0.03937746000402808
0.015081719357696215,Boredom,Sadness,0.015477763594226056
0.015081719357696215,Boredom,Shame,0.1088328109989356
0.015081719357696215,Fear,Boredom,0.0018312450274293546
0.015081719357696215,Fear,Fear,0.9950468007021773
0.015081719357696215,Fear,Happiness,0.0005646641121487016
0.015081719357696215,Fear,Joy,0.0007819257428660195
0.015081719357696215,Fear,Pride,0.0005068648211353353
0.015081719357696215,Fear,Sadness,0.00035739392500560023
0.015081719357696215,Fear,Shame,0.000911105669237399
0.015081719357696215,Happiness,Boredom,0.9678739019806615
0.015081719357696215,Happiness,Fear,0.0001491099324497161
0.015081719357696215,Happiness,Happiness,0.02716508724141934
0.015081719357696215,Happiness,Joy,0.0009300135977570758
0.015081719357696215,Happiness,Pride,0.003093009976448863
0.015081719357696215,Happiness,Sadness,4.614762205979321e-05
0.015081719357696215,Happiness,Shame,0.0007427296492036661
0.015081719357696215,Joy,Boredom,0.0006428416186175391
0.015081719357696215,Joy,Fear,0.010143729912589957
0.015081719357696215,Joy,Happiness,0.0016721316147130442
0.015081719357696215,Joy,Joy,0.03131509766913685
0.015081719357696215,Joy,Pride,0.19835325900342454
0.015081719357696215,Joy,Sadness,0.003224557937355391
0.015081719357696215,Joy,Shame,0.7546483822441623
0.015081719357696215,Pride,Boredom,0.002179881949913516
0.015081719357696215,Pride,Fear,0.00019818173473190256
0.015081719357696215,Pride,Happiness,0.026075290423173823
0.015081719357696215,Pride,Joy,0.0005148250963167518
0.015081719357696215,Pride,Pride,0.6946756852844478
0.015081719357696215,Pride,Sadness,0.00328952577822738
0.015081719357696215,Pride,Shame,0.2730666097331889
0.015081719357696215,Sadness,Boredom,0.04814738699159108
0.015081719357696215,Sadness,Fear,0.7171178512695728
0.015081719357696215,Sadness,Happiness,0.010674986252432185
0.015081719357696215,Sadness,Joy,0.04355826573728535
0.015081719357696215,Sadness,Pride,0.01883740463211652
0.015081719357696215,Sadness,Sadness,0.008324016330693422
0.015081719357696215,Sadness,Shame,0.15334008878630834
0.015081719357696215,Shame,Boredom,0.00028204084559202165
0.015081719357696215,Shame,Fear,0.00011826920227027045
0.015081719357696215,Shame,Happiness,9.049708339972742e-05
0.015081719357696215,Shame,Joy,8.541341864454518e-05
0.015081719357696215,Shame,Pride,0.029317816924020627
0.015081719357696215,Shame,Sadness,0.0003683939489114492
0.015081719357696215,Shame,Shame,0.9697375685771613
0.014424048566775505,Boredom,Boredom,0.5552497377203957
0.014424048566775505,Boredom,Fear,0.062431820185584394
0.014424048566775505,Boredom,Happiness,0.04576053313498632
0.014424048566775505,Boredom,Joy,0.17034108028084574
0.014424048566775505,Boredom,Pride,0.04201993682796521
0.014424048566775505,Boredom,Sadness,0.015422817554570638
0.014424048566775505,Boredom,Shame,0.10877407429565213
0.014424048566775505,Fear,Boredom,0.0018565590484057035
0.014424048566775505,Fear,Fear,0.9949680220720042
0.014424048566775505,Fear,Happiness,0.0005549880736214085
0.014424048566775505,Fear,Joy,0.0007888915952795207
0.014424048566775505,Fear,Pride,0.0005083355170985476
0.014424048566775505,Fear,Sadness,0.00035470120906793047
0.014424048566775505,Fear,Shame,0.0009685024845228128
0.014424048566775505,Happiness,Boredom,0.967875580678788
0.014424048566775505,Happiness,Fear,0.00014976393014686784
0.014424048566775505,Happiness,Happiness,0.027241334053830453
0.014424048566775505,Happiness,Joy,0.0009479640864794027
0.014424048566775505,Happiness,Pride,0.0030012567186773775
0.014424048566775505,Happiness,Sadness,4.687279879435569e-05
0.014424048566775505,Happiness,Shame,0.0007372277332833941
0.014424048566775505,Joy,Boredom,0.0008545935652089149
0.014424048566775505,Joy,Fear,0.010992514536615343
0.014424048566775505,Joy,Happiness,0.002082505134233986
0.014424048566775505,Joy,Joy,0.03661077319392412
0.014424048566775505,Joy,Pride,0.21357501791583908
0.014424048566775505,Joy,Sadness,0.003835572456939781
0.014424048566775505,Joy,Shame,0.7320490231972385
0.014424048566775505,Pride,Boredom,0.0021706088391144165
0.014424048566775505,Pride,Fear,0.0001862536588085372
0.014424048566775505,Pride,Happiness,0.02719559763479233
0.014424048566775505,Pride,Joy,0.0005277368657598283
0.014424048566775505,Pride,Pride,0.6872052421315791
0.014424048566775505,Pride,Sadness,0.0032743632475038223
0.014424048566775505,Pride,Shame,0.2794401976224418
0.014424048566775505,Sadness,Boredom,0.048175105291332315
0.014424048566775505,Sadness,Fear,0.708935542587697
0.014424048566775505,Sadness,Happiness,0.01038785013741445
0.014424048566775505,Sadness,Joy,0.04392235919377917
0.014424048566775505,Sadness,Pride,0.018950839633141675
0.014424048566775505,Sadness,Sadness,0.008303549509712621
0.014424048566775505,Sadness,Shame,0.16132475364692236
0.014424048566775505,Shame,Boredom,0.00029866117588506533
0.014424048566775505,Shame,Fear,0.00014138274488370383
0.014424048566775505,Shame,Happiness,0.00011978293122066172
0.014424048566775505,Shame,Joy,0.00012088239588805452
0.014424048566775505,Shame,Pride,0.03628998730520386
0.014424048566775505,Shame,Sadness,0.000440345654936909
0.014424048566775505,Shame,Shame,0.9625889577919815
0.014096428359091064,Boredom,Boredom,0.5537969422895421
0.014096428359091064,Boredom,Fear,0.061766612414791276
0.014096428359091064,Boredom,Happiness,0.044866609966200045
0.014096428359091064,Boredom,Joy,0.1695995786141964
0.014096428359091064,Boredom,Pride,0.044449617733580006
0.014096428359091064,Boredom,Sadness,0.015221089151548082
0.014096428359091064,Boredom,Shame,0.11029954983014181
0.014096428359091064,Fear,Boredom,0.0018491900651142568
0.014096428359091064,Fear,Fear,0.9949631862926457
0.014096428359091064,Fear,Happiness,0.0005553992709869035
0.014096428359091064,Fear,Joy,0.0007850778678874955
0.014096428359091064,Fear,Pride,0.0005062512113899218
0.014096428359091064,Fear,Sadness,0.00035363579092598707
0.014096428359091064,Fear,Shame,0.0009872595010491803
0.014096428359091064,Happiness,Boredom,0.9676344215178004
0.014096428359091064,Happiness,Fear,0.0001513342206821989
0.014096428359091064,Happiness,Happiness,0.027528053154383763
0.014096428359091064,Happiness,Joy,0.0009600312540587842
0.014096428359091064,Happiness,Pride,0.002890039055677053
0.014096428359091064,Happiness,Sadness,4.640506642867016e-05
0.014096428359091064,Happiness,Shame,0.0007897157309693245
0.014096428359091064,Joy,Boredom,0.0020430178415489007
0.014096428359091064,Joy,Fear,0.016986232166215687
0.014096428359091064,Joy,Happiness,0.0044890915251227
0.014096428359091064,Joy,Joy,0.05789020050886525
0.014096428359091064,Joy,Pride,0.26570293695647546
0.014096428359091064,Joy,Sadness,0.0065771845138601105
0.014096428359091064,Joy,Shame,0.6463113364879122
0.014096428359091064,Pride,Boredom,0.002182515296710091
0.014096428359091064,Pride,Fear,0.00018459072419898135
0.014096428359091064,Pride,Happiness,0.0268814060512427
0.014096428359091064,Pride,Joy,0.0006458691112528157
0.014096428359091064,Pride,Pride,0.6998872681702188
0.014096428359091064,Pride,Sadness,0.003366847312115791
0.014096428359091064,Pride,Shame,0.26685150333426116
0.014096428359091064,Sadness,Boredom,0.047448459673520835
0.014096428359091064,Sadness,Fear,0.7079765304879052
0.014096428359091064,Sadness,Happiness,0.010287359431424987
0.014096428359091064,Sadness,Joy,0.043384951289327275
0.014096428359091064,Sadness,Pride,0.01969950762682685
0.014096428359091064,Sadness,Sadness,0.00811086881686292
0.014096428359091064,Sadness,Shame,0.16309232267413148
0.014096428359091064,Shame,Boredom,0.0004945294701521982
0.014096428359091064,Shame,Fear,0.00038273402797107524
0.014096428359091064,Shame,Happiness,0.00039651930644680594
0.014096428359091064,Shame,Joy,0.00048013529233382124
0.014096428359091064,Shame,Pride,0.08103773571816016
0.014096428359091064,Shame,Sadness,0.0009959112918790296
0.014096428359091064,Shame,Shame,0.9162124348930569
0.013911038244873651,Boredom,Boredom,0.5563248566121977
0.013911038244873651,Boredom,Fear,0.06177178873447456
0.013911038244873651,Boredom,Happiness,0.044412449676465994
0.013911038244873651,Boredom,Joy,0.17062108306158758
0.013911038244873651,Boredom,Pride,0.041668975230569755
0.013911038244873651,Boredom,Sadness,0.015223605396934684
0.013911038244873651,Boredom,Shame,0.10997724128776985
0.013911038244873651,Fear,Boredom,0.0018350802854302868
0.013911038244873651,Fear,Fear,0.9950330017567429
0.013911038244873651,Fear,Happiness,0.000551717941923641
0.013911038244873651,Fear,Joy,0.0007792175809875751
0.013911038244873651,Fear,Pride,0.0004938151971575166
0.013911038244873651,Fear,Sadness,0.00035137431890495263
0.013911038244873651,Fear,Shame,0.0009557929188531348
0.013911038244873651,Happiness,Boredom,0.9689838411802897
0.013911038244873651,Happiness,Fear,0.00014187905193662598
0.013911038244873651,Happiness,Happiness,0.026337294070445934
0.013911038244873651,Happiness,Joy,0.0009579528815193271
0.013911038244873651,Happiness,Pride,0.0027989977345130373
0.013911038244873651,Happiness,Sadness,4.582298981886131e-05
0.013911038244873651,Happiness,Shame,0.0007342120914767232
0.013911038244873651,Joy,Boredom,0.0014628440440130571
0.013911038244873651,Joy,Fear,0.014696775559879565
0.013911038244873651,Joy,Happiness,0.0033287177858590637
0.013911038244873651,Joy,Joy,0.04881421652763795
0.013911038244873651,Joy,Pride,0.25307751907862425
0.013911038244873651,Joy,Sadness,0.005341254113982684
0.013911038244873651,Joy,Shame,0.6732786728900035
0.013911038244873651,Pride,Boredom,0.0021311197766205833
0.013911038244873651,Pride,Fear,0.00016792309940732533
0.013911038244873651,Pride,Happiness,0.025864026074464634
0.013911038244873651,Pride,Joy,0.0004903931283333704
0.013911038244873651,Pride,Pride,0.7421811794994982
0.013911038244873651,Pride,Sadness,0.003456612777850894
0.013911038244873651,Pride,Shame,0.2257087456438248
0.013911038244873651,Sadness,Boredom,0.04703810726340668
0.013911038244873651,Sadness,Fear,0.7089816760980694
0.013911038244873651,Sadness,Happiness,0.010236965606115481
0.013911038244873651,Sadness,Joy,0.04282178905063152
0.013911038244873651,Sadness,Pride,0.018476015047694666
0.013911038244873651,Sadness,Sadness,0.007999822815305787
0.013911038244873651,Sadness,Shame,0.16444562411877697
0.013911038244873651,Shame,Boredom,0.00035895413392192583
0.013911038244873651,Shame,Fear,0.00021564216118377113
0.013911038244873651,Shame,Happiness,0.00019834490471652951
0.013911038244873651,Shame,Joy,0.0001703951695014409
0.013911038244873651,Shame,Pride,0.051684789095935886
0.013911038244873651,Shame,Sadness,0.0006088082788490129
0.013911038244873651,Shame,Shame,0.9467630662558914
0.015257012765304114,Boredom,Boredom,0.5540917716107993
0.015257012765304114,Boredom,Fear,0.06319254966028787
0.015257012765304114,Boredom,Happiness,0.04709686674721086
0.015257012765304114,Boredom,Joy,0.1692966535392168
0.015257012765304114,Boredom,Pride,0.04127203719634215
0.015257012765304114,Boredom,Sadness,0.015537567960600518
0.015257012765304114,Boredom,Shame,0.10951255328554277
0.015257012765304114,Fear,Boredom,0.0018255390975417613
0.015257012765304114,Fear,Fear,0.9950227824014636
0.015257012765304114,Fear,Happiness,0.0005639973735803187
0.015257012765304114,Fear,Joy,0.0007817633700191041
0.015257012765304114,Fear,Pride,0.0005137242451622359
0.015257012765304114,Fear,Sadness,0.00036005314725210736
0.015257012765304114,Fear,Shame,0.0009321403649810081
0.015257012765304114,Happiness,Boredom,0.9702010508094563
0.015257012765304114,Happiness,Fear,0.00013134161098707074
0.015257012765304114,Happiness,Happiness,0.024808604894559255
0.015257012765304114,Happiness,Joy,0.0009356553626466726
0.015257012765304114,Happiness,Pride,0.0030973457396661877
0.015257012765304114,Happiness,Sadness,4.623317175598798e-05
0.015257012765304114,Happiness,Shame,0.0007797684109284299
0.015257012765304114,Joy,Boredom,0.0011805763621349635
0.015257012765304114,Joy,Fear,0.01371978551772507
0.015257012765304114,Joy,Happiness,0.002800728402530985
0.015257012765304114,Joy,Joy,0.04394211491253626
0.015257012765304114,Joy,Pride,0.24802044904272216
0.015257012765304114,Joy,Sadness,0.004801766379898509
0.015257012765304114,Joy,Shame,0.6855345793824521
0.015257012765304114,Pride,Boredom,0.002200434669458439
0.015257012765304114,Pride,Fear,0.00020288280241842984
0.015257012765304114,Pride,Happiness,0.02484759396653935
0.015257012765304114,Pride,Joy,0.0005509285004659479
0.015257012765304114,Pride,Pride,0.6845810260521208
0.015257012765304114,Pride,Sadness,0.0033124877773066364
0.015257012765304114,Pride,Shame,0.28430464623169055
0.015257012765304114,Sadness,Boredom,0.048181142975563196
0.015257012765304114,Sadness,Fear,0.7182606089929424
0.015257012765304114,Sadness,Happiness,0.010718243384156433
0.015257012765304114,Sadness,Joy,0.043684521379859606
0.015257012765304114,Sadness,Pride,0.01954170429737377
0.015257012765304114,Sadness,Sadness,0.008419233594607667
0.015257012765304114,Sadness,Shame,0.1511945453754969
0.015257012765304114,Shame,Boredom,0.00040308980623111104
0.015257012765304114,Shame,Fear,0.0002813774644116712
0.015257012765304114,Shame,Happiness,0.000256717921437828
0.015257012765304114,Shame,Joy,0.00022314605701512013
0.015257012765304114,Shame,Pride,0.05999366825817636
0.015257012765304114,Shame,Sadness,0.0007750683226347434
0.015257012765304114,Shame,Shame,0.938066932170093
0.014348839956578922,Boredom,Boredom,0.5576841902558604
0.014348839956578922,Boredom,Fear,0.06218928781714222
0.014348839956578922,Boredom,Happiness,0.04532859438676399
0.014348839956578922,Boredom,Joy,0.17025843369316454
0.014348839956578922,Boredom,Pride,0.04108711788721131
0.014348839956578922,Boredom,Sadness,0.015316953560711246
0.014348839956578922,Boredom,Shame,0.10813542239914645
0.014348839956578922,Fear,Boredom,0.0018600692497682293
0.014348839956578922,Fear,Fear,0.994982513540287
0.014348839956578922,Fear,Happiness,0.0005551410948416311
0.014348839956578922,Fear,Joy,0.000791029177561308
0.014348839956578922,Fear,Pride,0.0005040006589608377
0.014348839956578922,Fear,Sadness,0.00035465501116621097
0.014348839956578922,Fear,Shame,0.0009525912674147571
0.014348839956578922,Happiness,Boredom,0.9703227289876174
0.014348839956578922,Happiness,Fear,0.00013182072099998446
0.014348839956578922,Happiness,Happiness,0.024914982524340563
0.014348839956578922,Happiness,Joy,0.0009449641173114053
0.014348839956578922,Happiness,Pride,0.0029224739759088018
0.014348839956578922,Happiness,Sadness,4.622089797373468e-05
0.014348839956578922,Happiness,Shame,0.0007168087758479372
0.014348839956578922,Joy,Boredom,0.0008778840778686965
0.014348839956578922,Joy,Fear,0.01060157934981926
0.014348839956578922,Joy,Happiness,0.0020965510122190564
0.014348839956578922,Joy,Joy,0.036311996326686205
0.014348839956578922,Joy,Pride,0.19616093463022152
0.014348839956578922,Joy,Sadness,0.0037246686573052835
0.014348839956578922,Joy,Shame,0.7502263859458798
0.014348839956578922,Pride,Boredom,0.002182840434622577
0.014348839956578922,Pride,Fear,0.00018491180750090228
0.014348839956578922,Pride,Happiness,0.026712209919649774
0.014348839956578922,Pride,Joy,0.0005213955017712494
0.014348839956578922,Pride,Pride,0.691484150523299
0.014348839956578922,Pride,Sadness,0.003255911131893104
0.014348839956578922,Pride,Shame,0.2756585806812633
0.014348839956578922,Sadness,Boredom,0.048146286088762376
0.014348839956578922,Sadness,Fear,0.7095552153038274
0.014348839956578922,Sadness,Happiness,0.010414925936598814
0.014348839956578922,Sadness,Joy,0.04409627319331286
0.014348839956578922,Sadness,Pride,0.018546013611546047
0.014348839956578922,Sadness,Sadness,0.008288169254049545
0.014348839956578922,Sadness,Shame,0.16095311661190317
0.014348839956578922,Shame,Boredom,0.0002802414173438145
0.014348839956578922,Shame,Fear,0.00011814189200099946
0.014348839956578922,Shame,Happiness,9.281102437771065e-05
0.014348839956578922,Shame,Joy,0.00010460084624419907
0.014348839956578922,Shame,Pride,0.030456990072423445
0.014348839956578922,Shame,Sadness,0.00036663263150179805
0.014348839956578922,Shame,Shame,0.9685805821161084
0.01353972517410478,Boredom,Boredom,0.5641723277479039
0.01353972517410478,Boredom,Fear,0.06047901385591316
0.01353972517410478,Boredom,Happiness,0.04227795795173388
0.01353972517410478,Boredom,Joy,0.16880688016906537
0.01353972517410478,Boredom,Pride,0.040437273933931865
0.01353972517410478,Boredom,Sadness,0.014774955415220437
0.01353972517410478,Boredom,Shame,0.10905159092623136
0.01353972517410478,Fear,Boredom,0.0018270917538544683
0.01353972517410478,Fear,Fear,0.9950540948008194
0.01353972517410478,Fear,Happiness,0.0005537997959859604
0.01353972517410478,Fear,Joy,0.0007780586556013258
0.01353972517410478,Fear,Pride,0.0004844422469001402
0.01353972517410478,Fear,Sadness,0.00035084862576351074
0.01353972517410478,Fear,Shame,0.0009516641210754155
0.01353972517410478,Happiness,Boredom,0.9682287480454611
0.01353972517410478,Happiness,Fear,0.00014679213545014746
0.01353972517410478,Happiness,Happiness,0.02707560673536667
0.01353972517410478,Happiness,Joy,0.0009348991175003531
0.01353972517410478,Happiness,Pride,0.0028364199968186486
0.01353972517410478,Happiness,Sadness,4.502417076314409e-05
0.01353972517410478,Happiness,Shame,0.0007325097986400229
0.01353972517410478,Joy,Boredom,0.0014488740969821896
0.01353972517410478,Joy,Fear,0.014505675410120676
0.01353972517410478,Joy,Happiness,0.0033267760444491115
0.01353972517410478,Joy,Joy,0.04874910594620031
0.01353972517410478,Joy,Pride,0.24272301034525245
0.01353972517410478,Joy,Sadness,0.005301036763103261
0.01353972517410478,Joy,Shame,0.6839455213938914
0.01353972517410478,Pride,Boredom,0.0021273056881838657
0.01353972517410478,Pride,Fear,0.0001624178662668163
0.01353972517410478,Pride,Happiness,0.024820076565855147
0.01353972517410478,Pride,Joy,0.00048439842803671564
0.01353972517410478,Pride,Pride,0.7663108633041644
0.01353972517410478,Pride,Sadness,0.0035619918981687065
0.01353972517410478,Pride,Shame,0.20253294624932425
0.01353972517410478,Sadness,Boredom,0.046604184380642996
0.01353972517410478,Sadness,Fear,0.7083422476155549
0.01353972517410478,Sadness,Happiness,0.010189596095974461
0.01353972517410478,Sadness,Joy,0.042370376273952765
0.01353972517410478,Sadness,Pride,0.01822148559541073
0.01353972517410478,Sadness,Sadness,0.007862071541340374
0.01353972517410478,Sadness,Shame,0.16641003849712396
0.01353972517410478,Shame,Boredom,0.00034071299845196896
0.01353972517410478,Shame,Fear,0.0001868198399754203
0.01353972517410478,Shame,Happiness,0.0001687103503449711
0.01353972517410478,Shame,Joy,0.00014674008740668578
0.01353972517410478,Shame,Pride,0.046851923285095076
0.01353972517410478,Shame,Sadness,0.0005464090956738324
0.01353972517410478,Shame,Shame,0.9517586843430521
0.014106252272672946,Boredom,Boredom,0.5565267743736182
0.014106252272672946,Boredom,Fear,0.061935571060055594
0.014106252272672946,Boredom,Happiness,0.04505597392535091
0.014106252272672946,Boredom,Joy,0.1707546448847065
0.014106252272672946,Boredom,Pride,0.0401943510785056
0.014106252272672946,Boredom,Sadness,0.015357103497639905
0.014106252272672946,Boredom,Shame,0.11017558118012309
0.014106252272672946,Fear,Boredom,0.0018489597436020827
0.014106252272672946,Fear,Fear,0.9950258323843387
0.014106252272672946,Fear,Happiness,0.0005527965016268937
0.014106252272672946,Fear,Joy,0.0007856149610951896
0.014106252272672946,Fear,Pride,0.0004919071102485028
0.014106252272672946,Fear,Sadness,0.0003521739058829076
0.014106252272672946,Fear,Shame,0.0009427153932056173
0.014106252272672946,Happiness,Boredom,0.9678748762125359
0.014106252272672946,Happiness,Fear,3.483688085701821e-05
0.014106252272672946,Happiness,Happiness,0.027492331052446688
0.014106252272672946,Happiness,Joy,0.0009443375663958046
0.014106252272672946,Happiness,Pride,0.0028819258745954495
0.014106252272672946,Happiness,Sadness,4.5609338967931337e-05
0.014106252272672946,Happiness,Shame,0.0007260830742015438
0.014106252272672946,Joy,Boredom,0.0010269873733328248
0.014106252272672946,Joy,Fear,0.01252406398111626
0.014106252272672946,Joy,Happiness,0.0024659757889090275
0.014106252272672946,Joy,Joy,0.04072106435399504
0.014106252272672946,Joy,Pride,0.2354565046162355
0.014106252272672946,Joy,Sadness,0.00433640403387195
0.014106252272672946,Joy,Shame,0.7034689998525393
0.014106252272672946,Pride,Boredom,0.002119686005859084
0.014106252272672946,Pride,Fear,0.0001660148248611822
0.014106252272672946,Pride,Happiness,0.024830463649503965
0.014106252272672946,Pride,Joy,0.00047156275627540723
0.014106252272672946,Pride,Pride,0.7620948314365393
0.014106252272672946,Pride,Sadness,0.0035558444428652435
0.014106252272672946,Pride,Shame,0.2067615968840958
0.014106252272672946,Sadness,Boredom,0.04716157464716972
0.014106252272672946,Sadness,Fear,0.712425264912608
0.014106252272672946,Sadness,Happiness,0.01034192341109686
0.014106252272672946,Sadness,Joy,0.04357366692953362
0.014106252272672946,Sadness,Pride,0.018278328592507546
0.014106252272672946,Sadness,Sadness,0.008063042346961376
0.014106252272672946,Sadness,Shame,0.1601561991601228
0.014106252272672946,Shame,Boredom,0.0002899281255296589
0.014106252272672946,Shame,Fear,0.00013087428443843606
0.014106252272672946,Shame,Happiness,0.00010931791278713651
0.014106252272672946,Shame,Joy,9.279352987558121e-05
0.014106252272672946,Shame,Pride,0.034277873943031716
0.014106252272672946,Shame,Sadness,0.0004135573774500642
0.014106252272672946,Shame,Shame,0.9646856548268877
0.014506693887229182,Boredom,Boredom,0.5567938731637633
0.014506693887229182,Boredom,Fear,0.06274076541717294
0.014506693887229182,Boredom,Happiness,0.04600297956807378
0.014506693887229182,Boredom,Joy,0.1704455321222948
0.014506693887229182,Boredom,Pride,0.040204792911417146
0.014506693887229182,Boredom,Sadness,0.01545646664321212
0.014506693887229182,Boredom,Shame,0.10835559017406582
0.014506693887229182,Fear,Boredom,0.0018438803031006763
0.014506693887229182,Fear,Fear,0.9950232208186189
0.014506693887229182,Fear,Happiness,0.0005561556752210917
0.014506693887229182,Fear,Joy,0.0007843923268449992
0.014506693887229182,Fear,Pride,0.0004977531507788787
0.014506693887229182,Fear,Sadness,0.0003539045507071308
0.014506693887229182,Fear,Shame,0.0009406931747281483
0.014506693887229182,Happiness,Boredom,0.9696863659111904
0.014506693887229182,Happiness,Fear,0.00013579399399918908
0.014506693887229182,Happiness,Happiness,0.025482925514048193
0.014506693887229182,Happiness,Joy,0.0009433272840798876
0.014506693887229182,Happiness,Pride,0.0030012023828328515
0.014506693887229182,Happiness,Sadness,4.6628444785531866e-05
0.014506693887229182,Happiness,Shame,0.0007037564690635858
0.014506693887229182,Joy,Boredom,0.0007911579864047485
0.014506693887229182,Joy,Fear,0.011481741758699357
0.014506693887229182,Joy,Happiness,0.002000112061218442
0.014506693887229182,Joy,Joy,0.03543862238198516
0.014506693887229182,Joy,Pride,0.2234538148208186
0.014506693887229182,Joy,Sadness,0.0037899702880352403
0.014506693887229182,Joy,Shame,0.7230445807028382
0.014506693887229182,Pride,Boredom,0.002148905047109459
0.014506693887229182,Pride,Fear,0.00017962062741021814
0.014506693887229182,Pride,Happiness,0.02479886268235265
0.014506693887229182,Pride,Joy,0.0004870709906059333
0.014506693887229182,Pride,Pride,0.7296243187782314
0.014506693887229182,Pride,Sadness,0.0034386163816289713
0.014506693887229182,Pride,Shame,0.23932260549266118
0.014506693887229182,Sadness,Boredom,0.047994762153498835
0.014506693887229182,Sadness,Fear,0.7125161555184287
0.014506693887229182,Sadness,Happiness,0.010408707668909008
0.014506693887229182,Sadness,Joy,0.04381986167969739
0.014506693887229182,Sadness,Pride,0.018165550235124665
0.014506693887229182,Sadness,Sadness,0.008235549022087984
0.014506693887229182,Sadness,Shame,0.15885941372225307
0.014506693887229182,Shame,Boredom,0.0002882048072391873
0.014506693887229182,Shame,Fear,0.00012532082358252957
0.014506693887229182,Shame,Happiness,0.00010060007944031264
0.014506693887229182,Shame,Joy,8.622861369500436e-05
0.014506693887229182,Shame,Pride,0.031871307396942876
0.014506693887229182,Shame,Sadness,0.0003940426141620047
0.014506693887229182,Shame,Shame,0.9671342956649381
0.013329092132421167,Boredom,Boredom,0.5574854632132492
0.013329092132421167,Boredom,Fear,0.06025720877131242
0.013329092132421167,Boredom,Happiness,0.042386927362910984
0.013329092132421167,Boredom,Joy,0.16819138724864682
0.013329092132421167,Boredom,Pride,0.046052015522420456
0.013329092132421167,Boredom,Sadness,0.014665808596908478
0.013329092132421167,Boredom,Shame,0.11096118928455186
0.013329092132421167,Fear,Boredom,0.001817292454987598
0.013329092132421167,Fear,Fear,0.9950841610906237
0.013329092132421167,Fear,Happiness,0.0005544073971738729
0.013329092132421167,Fear,Joy,0.0007769298519641495
0.013329092132421167,Fear,Pride,0.0004962387186994167
0.013329092132421167,Fear,Sadness,0.00034538296627621793
0.013329092132421167,Fear,Shame,0.0009255875202754108
0.013329092132421167,Happiness,Boredom,0.9664716895186493
0.013329092132421167,Happiness,Fear,3.378204434080482e-05
0.013329092132421167,Happiness,Happiness,0.028944709244625416
0.013329092132421167,Happiness,Joy,0.0009347758503757739
0.013329092132421167,Happiness,Pride,0.0027753699625443786
0.013329092132421167,Happiness,Sadness,4.38858471564401e-05
0.013329092132421167,Happiness,Shame,0.0007957875323076159
0.013329092132421167,Joy,Boredom,0.0027659148977060327
0.013329092132421167,Joy,Fear,0.020324466801361376
0.013329092132421167,Joy,Happiness,0.0058969213138708254
0.013329092132421167,Joy,Joy,0.06726260863827911
0.013329092132421167,Joy,Pride,0.2863315707748336
0.013329092132421167,Joy,Sadness,0.008173705993137744
0.013329092132421167,Joy,Shame,0.6092448115808109
0.013329092132421167,Pride,Boredom,0.002213540398589302
0.013329092132421167,Pride,Fear,0.0001689542125906195
0.013329092132421167,Pride,Happiness,0.026436192260060658
0.013329092132421167,Pride,Joy,0.0006879212419291366
0.013329092132421167,Pride,Pride,0.719749336669261
0.013329092132421167,Pride,Sadness,0.0034674617300609863
0.013329092132421167,Pride,Shame,0.24727659348750836
0.013329092132421167,Sadness,Boredom,0.04595004334709615
0.013329092132421167,Sadness,Fear,0.7058363180441969
0.013329092132421167,Sadness,Happiness,0.010083852610653513
0.013329092132421167,Sadness,Joy,0.04201063145176429
0.013329092132421167,Sadness,Pride,0.019730015291986765
0.013329092132421167,Sadness,Sadness,0.007814825662591765
0.013329092132421167,Sadness,Shame,0.16857431359171016
0.013329092132421167,Shame,Boredom,0.00041437342820045843
0.013329092132421167,Shame,Fear,0.0003367343998001852
0.013329092132421167,Shame,Happiness,0.00023834276019518426
0.013329092132421167,Shame,Joy,0.0006474197771417377
0.013329092132421167,Shame,Pride,0.11486872097338796
0.013329092132421167,Shame,Sadness,0.0013101612839291224
0.013329092132421167,Shame,Shame,0.8821842473773452
0.014645173279188694,Boredom,Boredom,0.5569118669184675
0.014645173279188694,Boredom,Fear,0.06289035178365733
0.014645173279188694,Boredom,Happiness,0.04610444292474152
0.014645173279188694,Boredom,Joy,0.16998676400539833
0.014645173279188694,Boredom,Pride,0.04051399875026899
0.014645173279188694,Boredom,Sadness,0.015420127752165714
0.014645173279188694,Boredom,Shame,0.10817244786530059
0.014645173279188694,Fear,Boredom,0.0018509737745109425
0.014645173279188694,Fear,Fear,0.9950133647750645
0.014645173279188694,Fear,Happiness,0.0005588390368398657
0.014645173279188694,Fear,Joy,0.0007862887786682405
0.014645173279188694,Fear,Pride,0.0005062866318178159
0.014645173279188694,Fear,Sadness,0.0003568687182728821
0.014645173279188694,Fear,Shame,0.0009273782848260041
0.014645173279188694,Happiness,Boredom,0.9707237319274709
0.014645173279188694,Happiness,Fear,0.00012804144966884875
0.014645173279188694,Happiness,Happiness,0.02434979067179799
0.014645173279188694,Happiness,Joy,0.0009331498972298347
0.014645173279188694,Happiness,Pride,0.0030947084138679545
0.014645173279188694,Happiness,Sadness,4.61550177621221e-05
0.014645173279188694,Happiness,Shame,0.0007244226222023946
0.014645173279188694,Joy,Boredom,0.00043096827417617146
0.014645173279188694,Joy,Fear,0.008070383194889298
0.014645173279188694,Joy,Happiness,0.001188985893273144
0.014645173279188694,Joy,Joy,0.024923673822826117
0.014645173279188694,Joy,Pride,0.1646777161030572
0.014645173279188694,Joy,Sadness,0.0025057969319059806
0.014645173279188694,Joy,Shame,0.7982024757798721
0.014645173279188694,Pride,Boredom,0.0022061883796482685
0.014645173279188694,Pride,Fear,0.00019496277145175086
0.014645173279188694,Pride,Happiness,0.02608669007373344
0.014645173279188694,Pride,Joy,0.0005199124143277053
0.014645173279188694,Pride,Pride,0.6828744996540559
0.014645173279188694,Pride,Sadness,0.003265248020015001
0.014645173279188694,Pride,Shame,0.2848524986867677
0.014645173279188694,Sadness,Boredom,0.047811126479023996
0.014645173279188694,Sadness,Fear,0.7179525893153582
0.014645173279188694,Sadness,Happiness,0.010551156871680335
0.014645173279188694,Sadness,Joy,0.04399490478252951
0.014645173279188694,Sadness,Pride,0.0185875789590941
0.014645173279188694,Sadness,Sadness,0.008245582452376108
0.014645173279188694,Sadness,Shame,0.15285706113993816
0.014645173279188694,Shame,Boredom,0.00029170328106516537
0.014645173279188694,Shame,Fear,8.740232724985245e-05
0.014645173279188694,Shame,Happiness,0.00016668436374508568
0.014645173279188694,Shame,Joy,0.0001445860638242086
0.014645173279188694,Shame,Pride,0.017442929524945423
0.014645173279188694,Shame,Sadness,0.00024646200117311345
0.014645173279188694,Shame,Shame,0.9816202324379972
0.013837919096545009,Boredom,Boredom,0.5559804223290254
0.013837919096545009,Boredom,Fear,0.06158668789688742
0.013837919096545009,Boredom,Happiness,0.043813750320385515
0.013837919096545009,Boredom,Joy,0.16966600609890445
0.013837919096545009,Boredom,Pride,0.044091068014180564
0.013837919096545009,Boredom,Sadness,0.015056353688179105
0.013837919096545009,Boredom,Shame,0.1098057116524376
0.013837919096545009,Fear,Boredom,0.0018186172426131954
0.013837919096545009,Fear,Fear,0.9950551126684627
0.013837919096545009,Fear,Happiness,0.000551973170648306
0.013837919096545009,Fear,Joy,0.0007797139191052562
0.013837919096545009,Fear,Pride,0.0004975745646316337
0.013837919096545009,Fear,Sadness,0.00035211121387658214
0.013837919096545009,Fear,Shame,0.0009448972206621181
0.013837919096545009,Happiness,Boredom,0.9674757584868902
0.013837919096545009,Happiness,Fear,0.0001527697696058382
0.013837919096545009,Happiness,Happiness,0.027744866297204285
0.013837919096545009,Happiness,Joy,0.0009601285223766163
0.013837919096545009,Happiness,Pride,0.0028612516524970087
0.013837919096545009,Happiness,Sadness,4.60368804635035e-05
0.013837919096545009,Happiness,Shame,0.0007591883909627074
0.013837919096545009,Joy,Boredom,0.0018577384058884637
0.013837919096545009,Joy,Fear,0.016940980808138766
0.013837919096545009,Joy,Happiness,0.004173146520826328
0.013837919096545009,Joy,Joy,0.05586981189534115
0.013837919096545009,Joy,Pride,0.26966958965007615
0.013837919096545009,Joy,Sadness,0.006315105085529514
0.013837919096545009,Joy,Shame,0.6451736276341998
0.013837919096545009,Pride,Boredom,0.002155043750842707
0.013837919096545009,Pride,Fear,0.00017547417062925872
0.013837919096545009,Pride,Happiness,0.025580319505112258
0.013837919096545009,Pride,Joy,0.0005662695071626851
0.013837919096545009,Pride,Pride,0.7203528506391478
0.013837919096545009,Pride,Sadness,0.0034336863837491904
0.013837919096545009,Pride,Shame,0.2477363560433559
0.013837919096545009,Sadness,Boredom,0.04657209277478234
0.013837919096545009,Sadness,Fear,0.7115889155063408
0.013837919096545009,Sadness,Happiness,0.010243003797007173
0.013837919096545009,Sadness,Joy,0.043056809971568855
0.013837919096545009,Sadness,Pride,0.019227964580949213
0.013837919096545009,Sadness,Sadness,0.007977448885305514
0.013837919096545009,Sadness,Shame,0.1613337644840464
0.013837919096545009,Shame,Boredom,0.00045709020243008344
0.013837919096545009,Shame,Fear,0.0003398279141774195
0.013837919096545009,Shame,Happiness,0.00034071993824082386
0.013837919096545009,Shame,Joy,0.0003465548865566726
0.013837919096545009,Shame,Pride,0.07361451720754734
0.013837919096545009,Shame,Sadness,0.0008911062239523772
0.013837919096545009,Shame,Shame,0.9240101836270951
0.014255185428351849,Boredom,Boredom,0.5555759934376658
0.014255185428351849,Boredom,Fear,0.062221709398573743
0.014255185428351849,Boredom,Happiness,0.04527892210859608
0.014255185428351849,Boredom,Joy,0.17059755010225766
0.014255185428351849,Boredom,Pride,0.04163449711501708
0.014255185428351849,Boredom,Sadness,0.015367765165862662
0.014255185428351849,Boredom,Shame,0.10932356267202684
0.014255185428351849,Fear,Boredom,0.0018530241618754297
0.014255185428351849,Fear,Fear,0.9950083652470544
0.014255185428351849,Fear,Happiness,0.000553011690212128
0.014255185428351849,Fear,Joy,0.0007911746518589912
0.014255185428351849,Fear,Pride,0.0005019338636462775
0.014255185428351849,Fear,Sadness,0.0003536580365392277
0.014255185428351849,Fear,Shame,0.0009388323488136187
0.014255185428351849,Happiness,Boredom,0.9687246102321836
0.014255185428351849,Happiness,Fear,0.00014354020662833686
0.014255185428351849,Happiness,Happiness,0.026461004306507108
0.014255185428351849,Happiness,Joy,0.0009558890595499768
0.014255185428351849,Happiness,Pride,0.0029299231440332234
0.014255185428351849,Happiness,Sadness,4.6339004288714306e-05
0.014255185428351849,Happiness,Shame,0.0007386940468089152
0.014255185428351849,Joy,Boredom,0.0005822747025571239
0.014255185428351849,Joy,Fear,0.010440065866213873
0.014255185428351849,Joy,Happiness,0.001589003486105696
0.014255185428351849,Joy,Joy,0.029949819194541
0.014255185428351849,Joy,Pride,0.2123557007152353
0.014255185428351849,Joy,Sadness,0.0032723548443439176
0.014255185428351849,Joy,Shame,0.7418107811910029
0.014255185428351849,Pride,Boredom,0.0021939033273815794
0.014255185428351849,Pride,Fear,0.0001914004769928667
0.014255185428351849,Pride,Happiness,0.026772992065671377
0.014255185428351849,Pride,Joy,0.0005058134166578586
0.014255185428351849,Pride,Pride,0.6832150746972323
0.014255185428351849,Pride,Sadness,0.0032310499493948715
0.014255185428351849,Pride,Shame,0.2838897660666695
0.014255185428351849,Sadness,Boredom,0.04735713335178784
0.014255185428351849,Sadness,Fear,0.7113717190604004
0.014255185428351849,Sadness,Happiness,0.010344897051188916
0.014255185428351849,Sadness,Joy,0.04392512866314404
0.014255185428351849,Sadness,Pride,0.01848583956730012
0.014255185428351849,Sadness,Sadness,0.008147140063882619
0.014255185428351849,Sadness,Shame,0.1603681422422961
0.014255185428351849,Shame,Boredom,0.00028872443090126283
0.014255185428351849,Shame,Fear,0.000135603262412373
0.014255185428351849,Shame,Happiness,0.00010963628910926404
0.014255185428351849,Shame,Joy,8.542722021003721e-05
0.014255185428351849,Shame,Pride,0.03452513399142752
0.014255185428351849,Shame,Sadness,0.00040666363023190137
0.014255185428351849,Shame,Shame,0.9644488111757076
0.014112556060678284,Boredom,Boredom,0.5540629052710242
0.014112556060678284,Boredom,Fear,0.061610941933472475
0.014112556060678284,Boredom,Happiness,0.04479517605384112
0.014112556060678284,Boredom,Joy,0.16984416699666646
0.014112556060678284,Boredom,Pride,0.04386509440145207
0.014112556060678284,Boredom,Sadness,0.015223473207141779
0.014112556060678284,Boredom,Shame,0.11059824213640201
0.014112556060678284,Fear,Boredom,0.0018489101420039518
0.014112556060678284,Fear,Fear,0.9950031958327876
0.014112556060678284,Fear,Happiness,0.0005506131198842176
0.014112556060678284,Fear,Joy,0.0007888499242843298
0.014112556060678284,Fear,Pride,0.0005032488112171256
0.014112556060678284,Fear,Sadness,0.0003541696169624457
0.014112556060678284,Fear,Shame,0.000951012552860381
0.014112556060678284,Happiness,Boredom,0.9671680095901266
0.014112556060678284,Happiness,Fear,3.45200448043021e-05
0.014112556060678284,Happiness,Happiness,0.028144724169015256
0.014112556060678284,Happiness,Joy,0.000938628991590438
0.014112556060678284,Happiness,Pride,0.0028791315535289697
0.014112556060678284,Happiness,Sadness,4.5325620239965796e-05
0.014112556060678284,Happiness,Shame,0.0007896600306941278
0.014112556060678284,Joy,Boredom,0.0018236509610777248
0.014112556060678284,Joy,Fear,0.017122902928434484
0.014112556060678284,Joy,Happiness,0.004125097963166018
0.014112556060678284,Joy,Joy,0.056273575168376375
0.014112556060678284,Joy,Pride,0.2837286902389573
0.014112556060678284,Joy,Sadness,0.006388559158317049
0.014112556060678284,Joy,Shame,0.6305375235816713
0.014112556060678284,Pride,Boredom,0.0021706968094827397
0.014112556060678284,Pride,Fear,0.00017654935739450515
0.014112556060678284,Pride,Happiness,0.02490862910079336
0.014112556060678284,Pride,Joy,0.0005380706738854712
0.014112556060678284,Pride,Pride,0.710652770369453
0.014112556060678284,Pride,Sadness,0.003396694039977627
0.014112556060678284,Pride,Shame,0.258156589649013
0.014112556060678284,Sadness,Boredom,0.047190307928567425
0.014112556060678284,Sadness,Fear,0.7082635981226776
0.014112556060678284,Sadness,Happiness,0.010244403861984887
0.014112556060678284,Sadness,Joy,0.04364163746023099
0.014112556060678284,Sadness,Pride,0.019448525907266683
0.014112556060678284,Sadness,Sadness,0.008105394294659975
0.014112556060678284,Sadness,Shame,0.16310613242461236
0.014112556060678284,Shame,Boredom,0.00034992873281775895
0.014112556060678284,Shame,Fear,0.0002510051801820993
0.014112556060678284,Shame,Happiness,0.00016147836680316784
0.014112556060678284,Shame,Joy,0.0002833293641323793
0.014112556060678284,Shame,Pride,0.08636678849143509
0.014112556060678284,Shame,Sadness,0.0010092866488830628
0.014112556060678284,Shame,Shame,0.9115781832157467
0.012671474057139594,Boredom,Boredom,0.5585327999962963
0.012671474057139594,Boredom,Fear,0.05902547825137404
0.012671474057139594,Boredom,Happiness,0.040970465293092166
0.012671474057139594,Boredom,Joy,0.1688353198461191
0.012671474057139594,Boredom,Pride,0.045759142692914104
0.012671474057139594,Boredom,Sadness,0.014634599109492236
0.012671474057139594,Boredom,Shame,0.11224219481071178
0.012671474057139594,Fear,Boredom,0.0018160331795902976
0.012671474057139594,Fear,Fear,0.9950858666118152
0.012671474057139594,Fear,Happiness,0.0005615201600403988
0.012671474057139594,Fear,Joy,0.0007680719946119576
0.012671474057139594,Fear,Pride,0.0004916516637120435
0.012671474057139594,Fear,Sadness,0.0003521633925229916
0.012671474057139594,Fear,Shame,0.0009246929977073082
0.012671474057139594,Happiness,Boredom,0.963476133482603
0.012671474057139594,Happiness,Fear,3.4024604320394384e-05
0.012671474057139594,Happiness,Happiness,0.0320091863368273
0.012671474057139594,Happiness,Joy,0.0009277974887547889
0.012671474057139594,Happiness,Pride,0.0027548962863625653
0.012671474057139594,Happiness,Sadness,4.394290884112133e-05
0.012671474057139594,Happiness,Shame,0.0007540188922905945
0.012671474057139594,Joy,Boredom,0.004398572056483687
0.012671474057139594,Joy,Fear,0.02524504471983506
0.012671474057139594,Joy,Happiness,0.008959147820349143
0.012671474057139594,Joy,Joy,0.0833318252007558
0.012671474057139594,Joy,Pride,0.305097966872363
0.012671474057139594,Joy,Sadness,0.011207204768858345
0.012671474057139594,Joy,Shame,0.5617602385613549
0.012671474057139594,Pride,Boredom,0.002212538383328101
0.012671474057139594,Pride,Fear,0.00016593568026788667
0.012671474057139594,Pride,Happiness,0.03005890144166687
0.012671474057139594,Pride,Joy,0.0007373694324838656
0.012671474057139594,Pride,Pride,0.7532957923143274
0.012671474057139594,Pride,Sadness,0.003574579462535736
0.012671474057139594,Pride,Shame,0.20995488328539025
0.012671474057139594,Sadness,Boredom,0.04502563306646969
0.012671474057139594,Sadness,Fear,0.7111688931220717
0.012671474057139594,Sadness,Happiness,0.010174811781786624
0.012671474057139594,Sadness,Joy,0.041499487828711705
0.012671474057139594,Sadness,Pride,0.020350511178290315
0.012671474057139594,Sadness,Sadness,0.007738055230260727
0.012671474057139594,Sadness,Shame,0.16404260779240903
0.012671474057139594,Shame,Boredom,0.0004747119853449312
0.012671474057139594,Shame,Fear,0.00038127883400203614
0.012671474057139594,Shame,Happiness,0.00029612706042994195
0.012671474057139594,Shame,Joy,0.0008964126891613141
0.012671474057139594,Shame,Pride,0.14194724840773718
0.012671474057139594,Shame,Sadness,0.001549113761976632
0.012671474057139594,Shame,Shame,0.8544551072613475
0.013607842159891978,Boredom,Boredom,0.5641396809059719
0.013607842159891978,Boredom,Fear,0.06047923351234712
0.013607842159891978,Boredom,Happiness,0.04235716140779271
0.013607842159891978,Boredom,Joy,0.1688126104448464
0.013607842159891978,Boredom,Pride,0.04015603160124755
0.013607842159891978,Boredom,Sadness,0.01474739881386133
0.013607842159891978,Boredom,Shame,0.10930788331393299
0.013607842159891978,Fear,Boredom,0.0018253934491728025
0.013607842159891978,Fear,Fear,0.9950637777351776
0.013607842159891978,Fear,Happiness,0.0005534519963492828
0.013607842159891978,Fear,Joy,0.0007807695726350688
0.013607842159891978,Fear,Pride,0.00048229450053797356
0.013607842159891978,Fear,Sadness,0.0003510889928600404
0.013607842159891978,Fear,Shame,0.0009432237532674588
0.013607842159891978,Happiness,Boredom,0.9685049521628335
0.013607842159891978,Happiness,Fear,0.00014489417187823366
0.013607842159891978,Happiness,Happiness,0.026777875823350675
0.013607842159891978,Happiness,Joy,0.0009350903440463246
0.013607842159891978,Happiness,Pride,0.002851812302046558
0.013607842159891978,Happiness,Sadness,4.521365645148612e-05
0.013607842159891978,Happiness,Shame,0.0007401615393932549
0.013607842159891978,Joy,Boredom,0.0020863473179407004
0.013607842159891978,Joy,Fear,0.016866515063012615
0.013607842159891978,Joy,Happiness,0.0045509751348427755
0.013607842159891978,Joy,Joy,0.0574675057829183
0.013607842159891978,Joy,Pride,0.25461148992896415
0.013607842159891978,Joy,Sadness,0.006600274703041563
0.013607842159891978,Joy,Shame,0.65781689206928
0.013607842159891978,Pride,Boredom,0.0021091864966103304
0.013607842159891978,Pride,Fear,0.0001641157329299838
0.013607842159891978,Pride,Happiness,0.024706064793847984
0.013607842159891978,Pride,Joy,0.0005126926958624528
0.013607842159891978,Pride,Pride,0.7824629884049681
0.013607842159891978,Pride,Sadness,0.003667751452814137
0.013607842159891978,Pride,Shame,0.1863772004229669
0.013607842159891978,Sadness,Boredom,0.046204076210688096
0.013607842159891978,Sadness,Fear,0.7126807280795839
0.013607842159891978,Sadness,Happiness,0.010254812322156243
0.013607842159891978,Sadness,Joy,0.04281530317673038
0.013607842159891978,Sadness,Pride,0.0182108016577155
0.013607842159891978,Sadness,Sadness,0.007886757877883595
0.013607842159891978,Sadness,Shame,0.161947520675242
0.013607842159891978,Shame,Boredom,0.0003593785998387136
0.013607842159891978,Shame,Fear,0.00022188412807991055
0.013607842159891978,Shame,Happiness,0.00020789779167283627
0.013607842159891978,Shame,Joy,0.00020515489592993274
0.013607842159891978,Shame,Pride,0.053609005119009526
0.013607842159891978,Shame,Sadness,0.0006346240820105834
0.013607842159891978,Shame,Shame,0.9447620553834583
0.014487685830262605,Boredom,Boredom,0.5565787189437481
0.014487685830262605,Boredom,Fear,0.06280293312657788
0.014487685830262605,Boredom,Happiness,0.045855475279033275
0.014487685830262605,Boredom,Joy,0.17049593712464822
0.014487685830262605,Boredom,Pride,0.040354583805276234
0.014487685830262605,Boredom,Sadness,0.015479768306118316
0.014487685830262605,Boredom,Shame,0.10843258341459813
0.014487685830262605,Fear,Boredom,0.0018466325889348722
0.014487685830262605,Fear,Fear,0.9950306849960674
0.014487685830262605,Fear,Happiness,0.0005541651390367099
0.014487685830262605,Fear,Joy,0.0007860474550044235
0.014487685830262605,Fear,Pride,0.0004986675856607899
0.014487685830262605,Fear,Sadness,0.000355514003745332
0.014487685830262605,Fear,Shame,0.000928288231550698
0.014487685830262605,Happiness,Boredom,0.9695474083477105
0.014487685830262605,Happiness,Fear,0.00013668238628572523
0.014487685830262605,Happiness,Happiness,0.025613699785371584
0.014487685830262605,Happiness,Joy,0.0009403093369883304
0.014487685830262605,Happiness,Pride,0.003010755188152368
0.014487685830262605,Happiness,Sadness,4.6495595328446365e-05
0.014487685830262605,Happiness,Shame,0.0007046493601629449
0.014487685830262605,Joy,Boredom,0.00043344821853655936
0.014487685830262605,Joy,Fear,0.009183821913751293
0.014487685830262605,Joy,Happiness,0.00125807755372252
0.014487685830262605,Joy,Joy,0.025194430341489743
0.014487685830262605,Joy,Pride,0.19216146546695398
0.014487685830262605,Joy,Sadness,0.0027591117388865577
0.014487685830262605,Joy,Shame,0.7690096447666596
0.014487685830262605,Pride,Boredom,0.0021279353668922363
0.014487685830262605,Pride,Fear,0.00018280146206027867
0.014487685830262605,Pride,Happiness,0.025820463177851825
0.014487685830262605,Pride,Joy,0.0004838380438086814
0.014487685830262605,Pride,Pride,0.7052607188446752
0.014487685830262605,Pride,Sadness,0.0033046107089808848
0.014487685830262605,Pride,Shame,0.26281963239573086
0.014487685830262605,Sadness,Boredom,0.04803337618735623
0.014487685830262605,Sadness,Fear,0.712029171975523
0.014487685830262605,Sadness,Happiness,0.01038222323267856
0.014487685830262605,Sadness,Joy,0.04367952489194381
0.014487685830262605,Sadness,Pride,0.01813094562681511
0.014487685830262605,Sadness,Sadness,0.008206305228956599
0.014487685830262605,Sadness,Shame,0.15953845285672683
0.014487685830262605,Shame,Boredom,0.00034863254059225567
0.014487685830262605,Shame,Fear,0.00013519565064257108
0.014487685830262605,Shame,Happiness,0.00026616126905702287
0.014487685830262605,Shame,Joy,0.00022614061430959275
0.014487685830262605,Shame,Pride,0.022359529020167117
0.014487685830262605,Shame,Sadness,0.0003162379332334435
0.014487685830262605,Shame,Shame,0.9763481029719979
0.012510103528984285,Boredom,Boredom,0.5593542669878919
0.012510103528984285,Boredom,Fear,0.05833581058224597
0.012510103528984285,Boredom,Happiness,0.03999568839449693
0.012510103528984285,Boredom,Joy,0.16835858107621715
0.012510103528984285,Boredom,Pride,0.047556015382879104
0.012510103528984285,Boredom,Sadness,0.014530335073697935
0.012510103528984285,Boredom,Shame,0.11186930250257102
0.012510103528984285,Fear,Boredom,0.0018125880503657224
0.012510103528984285,Fear,Fear,0.9950772107319806
0.012510103528984285,Fear,Happiness,0.000561780960808842
0.012510103528984285,Fear,Joy,0.0007664235698839296
0.012510103528984285,Fear,Pride,0.000505078079059169
0.012510103528984285,Fear,Sadness,0.0003493449246201823
0.012510103528984285,Fear,Shame,0.0009275736832813577
0.012510103528984285,Happiness,Boredom,0.9651953311343113
0.012510103528984285,Happiness,Fear,3.376034942451087e-05
0.012510103528984285,Happiness,Happiness,0.030346559475762664
0.012510103528984285,Happiness,Joy,0.0009217389340821692
0.012510103528984285,Happiness,Pride,0.002668000494044141
0.012510103528984285,Happiness,Sadness,4.3527944962041665e-05
0.012510103528984285,Happiness,Shame,0.0007910816674132868
0.012510103528984285,Joy,Boredom,0.0034216959752994378
0.012510103528984285,Joy,Fear,0.021682969858541356
0.012510103528984285,Joy,Happiness,0.00710716505603923
0.012510103528984285,Joy,Joy,0.0729513292709993
0.012510103528984285,Joy,Pride,0.28313073989965304
0.012510103528984285,Joy,Sadness,0.009298632833908412
0.012510103528984285,Joy,Shame,0.6024074671055593
0.012510103528984285,Pride,Boredom,0.0022423784912279695
0.012510103528984285,Pride,Fear,0.0001643231569341312
0.012510103528984285,Pride,Happiness,0.03163102755347736
0.012510103528984285,Pride,Joy,0.0008651707112733951
0.012510103528984285,Pride,Pride,0.702472624400789
0.012510103528984285,Pride,Sadness,0.003464510321674545
0.012510103528984285,Pride,Shame,0.25915996536462366
0.012510103528984285,Sadness,Boredom,0.0449543985578932
0.012510103528984285,Sadness,Fear,0.7123324681288122
0.012510103528984285,Sadness,Happiness,0.010193277241394582
0.012510103528984285,Sadness,Joy,0.0413668341445375
0.012510103528984285,Sadness,Pride,0.020829492614404643
0.012510103528984285,Sadness,Sadness,0.007732579122805261
0.012510103528984285,Sadness,Shame,0.16259095019015243
0.012510103528984285,Shame,Boredom,0.0004513728545631207
0.012510103528984285,Shame,Fear,0.00033917255891206875
0.012510103528984285,Shame,Happiness,0.00028493709802596834
0.012510103528984285,Shame,Joy,0.0009790192455971364
0.012510103528984285,Shame,Pride,0.12904921785550144
0.012510103528984285,Shame,Sadness,0.0014417290032986965
0.012510103528984285,Shame,Shame,0.8674545513841017
0.013000397077465019,Boredom,Boredom,0.5622335154231336
0.013000397077465019,Boredom,Fear,0.05954809103036067
0.013000397077465019,Boredom,Happiness,0.041454331120356964
0.013000397077465019,Boredom,Joy,0.16874694039957797
0.013000397077465019,Boredom,Pride,0.04273032691315035
0.013000397077465019,Boredom,Sadness,0.014642885201669745
0.013000397077465019,Boredom,Shame,0.11064390991175048
0.013000397077465019,Fear,Boredom,0.0018184076583163651
0.013000397077465019,Fear,Fear,0.9950796315073003
0.013000397077465019,Fear,Happiness,0.0005652730264395954
0.013000397077465019,Fear,Joy,0.0007730598092607512
0.013000397077465019,Fear,Pride,0.0004957578503933422
0.013000397077465019,Fear,Sadness,0.00035340977388367964
0.013000397077465019,Fear,Shame,0.0009144603744060444
0.013000397077465019,Happiness,Boredom,0.9680383874264802
0.013000397077465019,Happiness,Fear,3.385869498830707e-05
0.013000397077465019,Happiness,Happiness,0.02755343823100309
0.013000397077465019,Happiness,Joy,0.000918222537812418
0.013000397077465019,Happiness,Pride,0.0026655048497566387
0.013000397077465019,Happiness,Sadness,4.315529866257991e-05
0.013000397077465019,Happiness,Shame,0.0007474329612968265
0.013000397077465019,Joy,Boredom,0.0021339594087550822
0.013000397077465019,Joy,Fear,0.016904411715245357
0.013000397077465019,Joy,Happiness,0.004642108525090399
0.013000397077465019,Joy,Joy,0.05832952338400254
0.013000397077465019,Joy,Pride,0.25744801575467646
0.013000397077465019,Joy,Sadness,0.006729191157722382
0.013000397077465019,Joy,Shame,0.6538127900545075
0.013000397077465019,Pride,Boredom,0.002194648675823841
0.013000397077465019,Pride,Fear,0.00016052572103641925
0.013000397077465019,Pride,Happiness,0.027649992036545484
0.013000397077465019,Pride,Joy,0.0005576598616915246
0.013000397077465019,Pride,Pride,0.7420493628547947
0.013000397077465019,Pride,Sadness,0.003541969901365007
0.013000397077465019,Pride,Shame,0.22384584094874285
0.013000397077465019,Sadness,Boredom,0.04527311233969193
0.013000397077465019,Sadness,Fear,0.7107184800883443
0.013000397077465019,Sadness,Happiness,0.01027357260008008
0.013000397077465019,Sadness,Joy,0.04188122039630521
0.013000397077465019,Sadness,Pride,0.019109078842562965
0.013000397077465019,Sadness,Sadness,0.007770255195197735
0.013000397077465019,Sadness,Shame,0.16497428053781765
0.013000397077465019,Shame,Boredom,0.0004576289265577029
0.013000397077465019,Shame,Fear,0.0003218991927533729
0.013000397077465019,Shame,Happiness,0.0003410121571436861
0.013000397077465019,Shame,Joy,0.00034611370409666134
0.013000397077465019,Shame,Pride,0.07492101008775365
0.013000397077465019,Shame,Sadness,0.0008631057951366854
0.013000397077465019,Shame,Shame,0.9227492301365584
0.01438535907027005,Boredom,Boredom,0.5576695888302107
0.01438535907027005,Boredom,Fear,0.062462816758624216
0.01438535907027005,Boredom,Happiness,0.045384559815983064
0.01438535907027005,Boredom,Joy,0.1703098814448316
0.01438535907027005,Boredom,Pride,0.04038314618621089
0.01438535907027005,Boredom,Sadness,0.015360602181884815
0.01438535907027005,Boredom,Shame,0.1084294047822547
0.01438535907027005,Fear,Boredom,0.0018633051006221033
0.01438535907027005,Fear,Fear,0.9949835596528178
0.01438535907027005,Fear,Happiness,0.0005545802331828707
0.01438535907027005,Fear,Joy,0.0007909978188876022
0.01438535907027005,Fear,Pride,0.0005035010301013298
0.01438535907027005,Fear,Sadness,0.00035400118393096795
0.01438535907027005,Fear,Shame,0.0009500549804574065
0.01438535907027005,Happiness,Boredom,0.9675595239804858
0.01438535907027005,Happiness,Fear,3.502426007508268e-05
0.01438535907027005,Happiness,Happiness,0.02774505972035417
0.01438535907027005,Happiness,Joy,0.0009304088848345155
0.01438535907027005,Happiness,Pride,0.002967639726833283
0.01438535907027005,Happiness,Sadness,4.555960393320998e-05
0.01438535907027005,Happiness,Shame,0.0007167838234840969
0.01438535907027005,Joy,Boredom,0.0002760926579091215
0.01438535907027005,Joy,Fear,0.0071843583740009
0.01438535907027005,Joy,Happiness,0.0008740008068165242
0.01438535907027005,Joy,Joy,0.01930412298304999
0.01438535907027005,Joy,Pride,0.1549610266489006
0.01438535907027005,Joy,Sadness,0.002090266723953772
0.01438535907027005,Joy,Shame,0.8153101318053694
0.01438535907027005,Pride,Boredom,0.0020117600849944876
0.01438535907027005,Pride,Fear,0.00018772916881816453
0.01438535907027005,Pride,Happiness,0.02751259363197661
0.01438535907027005,Pride,Joy,0.0004592369627890711
0.01438535907027005,Pride,Pride,0.6728230141088647
0.01438535907027005,Pride,Sadness,0.0031329589845453306
0.01438535907027005,Pride,Shame,0.2938727070580111
0.01438535907027005,Sadness,Boredom,0.04819640810797748
0.01438535907027005,Sadness,Fear,0.7084191510430679
0.01438535907027005,Sadness,Happiness,0.010375121997902952
0.01438535907027005,Sadness,Joy,0.04381561619968839
0.01438535907027005,Sadness,Pride,0.018184828085880015
0.01438535907027005,Sadness,Sadness,0.00823645422055307
0.01438535907027005,Sadness,Shame,0.16277242034493047
0.01438535907027005,Shame,Boredom,0.00027113129068921475
0.01438535907027005,Shame,Fear,6.845735500161553e-05
0.01438535907027005,Shame,Happiness,0.00012776858139631624
0.01438535907027005,Shame,Joy,0.0001128121688963399
0.01438535907027005,Shame,Pride,0.015152892158691198
0.01438535907027005,Shame,Sadness,0.0002033923851680204
0.01438535907027005,Shame,Shame,0.9840635460601576
0.014769925984471055,Boredom,Boredom,0.5527643073991645
0.014769925984471055,Boredom,Fear,0.06299938620643677
0.014769925984471055,Boredom,Happiness,0.046575575042331716
0.014769925984471055,Boredom,Joy,0.16955512114393514
0.014769925984471055,Boredom,Pride,0.04342732149373981
0.014769925984471055,Boredom,Sadness,0.015440012881683451
0.014769925984471055,Boredom,Shame,0.10923827583270862
0.014769925984471055,Fear,Boredom,0.0017427879845272642
0.014769925984471055,Fear,Fear,0.9952137423000658
0.014769925984471055,Fear,Happiness,0.000546855443271295
0.014769925984471055,Fear,Joy,0.000777475604288718
0.014769925984471055,Fear,Pride,0.0005041087243976718
0.014769925984471055,Fear,Sadness,0.0003469423130140711
0.014769925984471055,Fear,Shame,0.0008680876304354334
0.014769925984471055,Happiness,Boredom,0.6919386315757148
0.014769925984471055,Happiness,Fear,0.00014556385166751323
0.014769925984471055,Happiness,Happiness,0.29585191338781713
0.014769925984471055,Happiness,Joy,0.0013962535399726886
0.014769925984471055,Happiness,Pride,0.008325950815306224
0.014769925984471055,Happiness,Sadness,0.00010590191854651276
0.014769925984471055,Happiness,Shame,0.002235784910975419
0.014769925984471055,Joy,Boredom,0.0020600663207183817
0.014769925984471055,Joy,Fear,0.01623329847392567
0.014769925984471055,Joy,Happiness,0.004583712198884033
0.014769925984471055,Joy,Joy,0.05970533217249543
0.014769925984471055,Joy,Pride,0.3006881287376192
0.014769925984471055,Joy,Sadness,0.006677677526043287
0.014769925984471055,Joy,Shame,0.6100517845703146
0.014769925984471055,Pride,Boredom,0.002098354158319868
0.014769925984471055,Pride,Fear,0.00020994257719758036
0.014769925984471055,Pride,Happiness,0.02460851439328049
0.014769925984471055,Pride,Joy,0.0007040387121519886
0.014769925984471055,Pride,Pride,0.7182747605109056
0.014769925984471055,Pride,Sadness,0.003735514378505379
0.014769925984471055,Pride,Shame,0.25036887526963914
0.014769925984471055,Sadness,Boredom,0.02955690991053472
0.014769925984471055,Sadness,Fear,0.746632889543649
0.014769925984471055,Sadness,Happiness,0.00867880331294333
0.014769925984471055,Sadness,Joy,0.039867212946326766
0.014769925984471055,Sadness,Pride,0.019259618848358452
0.014769925984471055,Sadness,Sadness,0.007331419564061391
0.014769925984471055,Sadness,Shame,0.14867314587412622
0.014769925984471055,Shame,Boredom,0.00042129146667339997
0.014769925984471055,Shame,Fear,0.0004012763785188674
0.014769925984471055,Shame,Happiness,0.00034125920392738784
0.014769925984471055,Shame,Joy,0.0004949903752576095
0.014769925984471055,Shame,Pride,0.06741236262647408
0.014769925984471055,Shame,Sadness,0.0010115964650233096
0.014769925984471055,Shame,Shame,0.9299172234841254
0.015228700449733876,Boredom,Boredom,0.5560167465504396
0.015228700449733876,Boredom,Fear,0.06318384994311456
0.015228700449733876,Boredom,Happiness,0.046892838892142984
0.015228700449733876,Boredom,Joy,0.1692505065586339
0.015228700449733876,Boredom,Pride,0.04017374768244335
0.015228700449733876,Boredom,Sadness,0.01551156419500903
0.015228700449733876,Boredom,Shame,0.108970746178216
0.015228700449733876,Fear,Boredom,0.0017419172557466176
0.015228700449733876,Fear,Fear,0.9951411800292789
0.015228700449733876,Fear,Happiness,0.0005496448902876514
0.015228700449733876,Fear,Joy,0.0007761023527737155
0.015228700449733876,Fear,Pride,0.0005058111671933095
0.015228700449733876,Fear,Sadness,0.00035448720169346955
0.015228700449733876,Fear,Shame,0.0009308571030265507
0.015228700449733876,Happiness,Boredom,0.665961145533339
0.015228700449733876,Happiness,Fear,0.00016532528318258678
0.015228700449733876,Happiness,Happiness,0.3221857854752229
0.015228700449733876,Happiness,Joy,0.0013549427539943572
0.015228700449733876,Happiness,Pride,0.008091734969965188
0.015228700449733876,Happiness,Sadness,0.00010368489864258048
0.015228700449733876,Happiness,Shame,0.002137381085653367
0.015228700449733876,Joy,Boredom,0.0002992008669908359
0.015228700449733876,Joy,Fear,0.007275484880994442
0.015228700449733876,Joy,Happiness,0.0009697334517774368
0.015228700449733876,Joy,Joy,0.020071353735399648
0.015228700449733876,Joy,Pride,0.17993109803932336
0.015228700449733876,Joy,Sadness,0.002266068084858753
0.015228700449733876,Joy,Shame,0.7891870609406555
0.015228700449733876,Pride,Boredom,0.0020184754548809225
0.015228700449733876,Pride,Fear,0.00023112839800427712
0.015228700449733876,Pride,Happiness,0.0268037941186524
0.015228700449733876,Pride,Joy,0.0005271160712019873
0.015228700449733876,Pride,Pride,0.6592749453779964
0.015228700449733876,Pride,Sadness,0.0035799091215297373
0.015228700449733876,Pride,Shame,0.3075646314577342
0.015228700449733876,Sadness,Boredom,0.030056267740241827
0.015228700449733876,Sadness,Fear,0.7455062405919908
0.015228700449733876,Sadness,Happiness,0.008753296758717999
0.015228700449733876,Sadness,Joy,0.039438864400909775
0.015228700449733876,Sadness,Pride,0.018444835712789587
0.015228700449733876,Sadness,Sadness,0.0073685847643381016
0.015228700449733876,Sadness,Shame,0.15043191003101172
0.015228700449733876,Shame,Boredom,0.00025276350955567324
0.015228700449733876,Shame,Fear,6.633660172069424e-05
0.015228700449733876,Shame,Happiness,0.00011247015852468669
0.015228700449733876,Shame,Joy,0.00010236516543238991
0.015228700449733876,Shame,Pride,0.014240890646982805
0.015228700449733876,Shame,Sadness,0.00023641348045158681
0.015228700449733876,Shame,Shame,0.9849887604373324
0.014858126319694622,Boredom,Boredom,0.5542471961092647
0.014858126319694622,Boredom,Fear,0.06312320348861439
0.014858126319694622,Boredom,Happiness,0.046369192523844624
0.014858126319694622,Boredom,Joy,0.16968665964361765
0.014858126319694622,Boredom,Pride,0.04216979304888534
0.014858126319694622,Boredom,Sadness,0.015458731770845831
0.014858126319694622,Boredom,Shame,0.10894522341492717
0.014858126319694622,Fear,Boredom,0.0017534202042563186
0.014858126319694622,Fear,Fear,0.995138253636795
0.014858126319694622,Fear,Happiness,0.0005486549589305173
0.014858126319694622,Fear,Joy,0.0007789819721085856
0.014858126319694622,Fear,Pride,0.0005040889332386261
0.014858126319694622,Fear,Sadness,0.00034942352435161423
0.014858126319694622,Fear,Shame,0.0009271767703191668
0.014858126319694622,Happiness,Boredom,0.6752274404681322
0.014858126319694622,Happiness,Fear,0.00015869518975696867
0.014858126319694622,Happiness,Happiness,0.31275353994720023
0.014858126319694622,Happiness,Joy,0.0013689870071035674
0.014858126319694622,Happiness,Pride,0.008239798206471634
0.014858126319694622,Happiness,Sadness,0.00010494978235794513
0.014858126319694622,Happiness,Shame,0.0021465893989772874
0.014858126319694622,Joy,Boredom,0.001199843798413279
0.014858126319694622,Joy,Fear,0.013234414824328914
0.014858126319694622,Joy,Happiness,0.0029148250871026127
0.014858126319694622,Joy,Joy,0.045384613156025724
0.014858126319694622,Joy,Pride,0.2799811039466027
0.014858126319694622,Joy,Sadness,0.004945509583247273
0.014858126319694622,Joy,Shame,0.6523396896042795
0.014858126319694622,Pride,Boredom,0.0020730773022894235
0.014858126319694622,Pride,Fear,0.00020559301251410277
0.014858126319694622,Pride,Happiness,0.022836884308338863
0.014858126319694622,Pride,Joy,0.0005578532671921279
0.014858126319694622,Pride,Pride,0.7253214142813632
0.014858126319694622,Pride,Sadness,0.003807623649087577
0.014858126319694622,Pride,Shame,0.24519755417921463
0.014858126319694622,Sadness,Boredom,0.02976333179137448
0.014858126319694622,Sadness,Fear,0.7448656005492108
0.014858126319694622,Sadness,Happiness,0.00869123150199234
0.014858126319694622,Sadness,Joy,0.0397786451593994
0.014858126319694622,Sadness,Pride,0.018667145573395407
0.014858126319694622,Sadness,Sadness,0.0073424343719411846
0.014858126319694622,Sadness,Shame,0.15089161105268686
0.014858126319694622,Shame,Boredom,0.00031467483893144697
0.014858126319694622,Shame,Fear,0.00023620874640700848
0.014858126319694622,Shame,Happiness,0.00017977509416431886
0.014858126319694622,Shame,Joy,0.00019393197878844284
0.014858126319694622,Shame,Pride,0.043581572398633486
0.014858126319694622,Shame,Sadness,0.0006574386546944654
0.014858126319694622,Shame,Shame,0.9548363982883808
0.0132717391354535,Boredom,Boredom,0.5637506752996139
0.0132717391354535,Boredom,Fear,0.06015823164308948
0.0132717391354535,Boredom,Happiness,0.04188611545446555
0.0132717391354535,Boredom,Joy,0.16905539792594007
0.0132717391354535,Boredom,Pride,0.039740655215349086
0.0132717391354535,Boredom,Sadness,0.014736546128628791
0.0132717391354535,Boredom,Shame,0.11067237833291309
0.0132717391354535,Fear,Boredom,0.0017340714043931685
0.0132717391354535,Fear,Fear,0.9952027825733478
0.0132717391354535,Fear,Happiness,0.000543302199014822
0.0132717391354535,Fear,Joy,0.0007649014879384466
0.0132717391354535,Fear,Pride,0.00045537561463962776
0.0132717391354535,Fear,Sadness,0.0003412083041359066
0.0132717391354535,Fear,Shame,0.0009583584165301409
0.0132717391354535,Happiness,Boredom,0.6539088786607318
0.0132717391354535,Happiness,Fear,0.00017227293044740088
0.0132717391354535,Happiness,Happiness,0.3354303691122005
0.0132717391354535,Happiness,Joy,0.001358416702428012
0.0132717391354535,Happiness,Pride,0.007021571594798747
0.0132717391354535,Happiness,Sadness,9.577932235068815e-05
0.0132717391354535,Happiness,Shame,0.0020127116770425357
0.0132717391354535,Joy,Boredom,0.0041490298360367705
0.0132717391354535,Joy,Fear,0.023696677740699734
0.0132717391354535,Joy,Happiness,0.008720697012825821
0.0132717391354535,Joy,Joy,0.08499902273113544
0.0132717391354535,Joy,Pride,0.3413822688958701
0.0132717391354535,Joy,Sadness,0.010979748228695402
0.0132717391354535,Joy,Shame,0.526072555554736
0.0132717391354535,Pride,Boredom,0.0021383123042699732
0.0132717391354535,Pride,Fear,0.00018502141124164951
0.0132717391354535,Pride,Happiness,0.02331021761753005
0.0132717391354535,Pride,Joy,0.0005417708092822001
0.0132717391354535,Pride,Pride,0.8222951590041636
0.0132717391354535,Pride,Sadness,0.004291919816695326
0.0132717391354535,Pride,Shame,0.147237599036817
0.0132717391354535,Sadness,Boredom,0.028372783237226203
0.0132717391354535,Sadness,Fear,0.7360021455221111
0.0132717391354535,Sadness,Happiness,0.00838557486294219
0.0132717391354535,Sadness,Joy,0.038013472102086276
0.0132717391354535,Sadness,Pride,0.017387813540191005
0.0132717391354535,Sadness,Sadness,0.00688425625378277
0.0132717391354535,Sadness,Shame,0.1649539544816608
0.0132717391354535,Shame,Boredom,0.000349798476022426
0.0132717391354535,Shame,Fear,0.00030767811567915124
0.0132717391354535,Shame,Happiness,0.0001802909753189509
0.0132717391354535,Shame,Joy,0.0002828623244016978
0.0132717391354535,Shame,Pride,0.08374795934451726
0.0132717391354535,Shame,Sadness,0.0011055489050930348
0.0132717391354535,Shame,Shame,0.9140258618589673
0.012957723846218405,Boredom,Boredom,0.5613488759503787
0.012957723846218405,Boredom,Fear,0.05937537722208984
0.012957723846218405,Boredom,Happiness,0.04124893221236506
0.012957723846218405,Boredom,Joy,0.16884015541246963
0.012957723846218405,Boredom,Pride,0.04352239765101594
0.012957723846218405,Boredom,Sadness,0.014658457380914045
0.012957723846218405,Boredom,Shame,0.11100580417076637
0.012957723846218405,Fear,Boredom,0.0017338058657375528
0.012957723846218405,Fear,Fear,0.9952059043563736
0.012957723846218405,Fear,Happiness,0.0005507568505180722
0.012957723846218405,Fear,Joy,0.000764868614612165
0.012957723846218405,Fear,Pride,0.00048245182104720397
0.012957723846218405,Fear,Sadness,0.00034638517282895557
0.012957723846218405,Fear,Shame,0.0009158273188825187
0.012957723846218405,Happiness,Boredom,0.6528670013484859
0.012957723846218405,Happiness,Fear,0.00017315196570283372
0.012957723846218405,Happiness,Happiness,0.3364446572473991
0.012957723846218405,Happiness,Joy,0.0013560619686018805
0.012957723846218405,Happiness,Pride,0.00702566794210502
0.012957723846218405,Happiness,Sadness,9.568274343027269e-05
0.012957723846218405,Happiness,Shame,0.0020377767842753108
0.012957723846218405,Joy,Boredom,0.003629603259625365
0.012957723846218405,Joy,Fear,0.0208441335581926
0.012957723846218405,Joy,Happiness,0.007655718378241556
0.012957723846218405,Joy,Joy,0.0772247531211077
0.012957723846218405,Joy,Pride,0.3077766559280993
0.012957723846218405,Joy,Sadness,0.009727004445293858
0.012957723846218405,Joy,Shame,0.5731421313094396
0.012957723846218405,Pride,Boredom,0.002140389991530573
0.012957723846218405,Pride,Fear,0.00017793554928476738
0.012957723846218405,Pride,Happiness,0.026668574935652663
0.012957723846218405,Pride,Joy,0.0007543850544001119
0.012957723846218405,Pride,Pride,0.773712720598573
0.012957723846218405,Pride,Sadness,0.004124212054100707
0.012957723846218405,Pride,Shame,0.192421781816458
0.012957723846218405,Sadness,Boredom,0.027726514830515143
0.012957723846218405,Sadness,Fear,0.7413149511661195
0.012957723846218405,Sadness,Happiness,0.00853911402334524
0.012957723846218405,Sadness,Joy,0.038366218137163066
0.012957723846218405,Sadness,Pride,0.01894850320687765
0.012957723846218405,Sadness,Sadness,0.006975715014928816
0.012957723846218405,Sadness,Shame,0.15812898362105088
0.012957723846218405,Shame,Boredom,0.0003604968384224446
0.012957723846218405,Shame,Fear,0.00030525756964223255
0.012957723846218405,Shame,Happiness,0.00021318211101335188
0.012957723846218405,Shame,Joy,0.0006162144678053566
0.012957723846218405,Shame,Pride,0.08453247376635017
0.012957723846218405,Shame,Sadness,0.0011268753307912994
0.012957723846218405,Shame,Shame,0.9128454999159754
0.014050285147663212,Boredom,Boredom,0.5545542412380606
0.014050285147663212,Boredom,Fear,0.06168343313172548
0.014050285147663212,Boredom,Happiness,0.044814364306708536
0.014050285147663212,Boredom,Joy,0.16994130682978847
0.014050285147663212,Boredom,Pride,0.04337248733788041
0.014050285147663212,Boredom,Sadness,0.015226482965085126
0.014050285147663212,Boredom,Shame,0.11040768419075102
0.014050285147663212,Fear,Boredom,0.0017613524846090273
0.014050285147663212,Fear,Fear,0.9951062290827797
0.014050285147663212,Fear,Happiness,0.0005407748723776286
0.014050285147663212,Fear,Joy,0.00078167954348759
0.014050285147663212,Fear,Pride,0.0004922590358714972
0.014050285147663212,Fear,Sadness,0.0003517562871221059
0.014050285147663212,Fear,Shame,0.0009659486937527344
0.014050285147663212,Happiness,Boredom,0.6614843846553676
0.014050285147663212,Happiness,Fear,0.00016774355102538313
0.014050285147663212,Happiness,Happiness,0.32716505293383374
0.014050285147663212,Happiness,Joy,0.0013895873111690114
0.014050285147663212,Happiness,Pride,0.007534955362087969
0.014050285147663212,Happiness,Sadness,0.00010057202564129394
0.014050285147663212,Happiness,Shame,0.002157704160874991
0.014050285147663212,Joy,Boredom,0.001889913094821633
0.014050285147663212,Joy,Fear,0.015309282196018925
0.014050285147663212,Joy,Happiness,0.0042394372083382524
0.014050285147663212,Joy,Joy,0.05715166923582332
0.014050285147663212,Joy,Pride,0.2947565614779924
0.014050285147663212,Joy,Sadness,0.006321407243494731
0.014050285147663212,Joy,Shame,0.6203317295435107
0.014050285147663212,Pride,Boredom,0.002120439185564035
0.014050285147663212,Pride,Fear,0.0001906104859140574
0.014050285147663212,Pride,Happiness,0.0264559208983768
0.014050285147663212,Pride,Joy,0.0005998707530714851
0.014050285147663212,Pride,Pride,0.7298237340678891
0.014050285147663212,Pride,Sadness,0.0038920602813089637
0.014050285147663212,Pride,Shame,0.23691736432787583
0.014050285147663212,Sadness,Boredom,0.0291086482051409
0.014050285147663212,Sadness,Fear,0.7375963525512788
0.014050285147663212,Sadness,Happiness,0.008481832437907951
0.014050285147663212,Sadness,Joy,0.03958121693918049
0.014050285147663212,Sadness,Pride,0.018711582807698315
0.014050285147663212,Sadness,Sadness,0.007164194457656124
0.014050285147663212,Sadness,Shame,0.15935617260113788
0.014050285147663212,Shame,Boredom,0.00037470447678776087
0.014050285147663212,Shame,Fear,0.0003132473732696172
0.014050285147663212,Shame,Happiness,0.00026903064606306694
0.014050285147663212,Shame,Joy,0.0003198284669138561
0.014050285147663212,Shame,Pride,0.058121232921770107
0.014050285147663212,Shame,Sadness,0.000838413259296172
0.014050285147663212,Shame,Shame,0.9397635428558995
0.014644576004943264,Boredom,Boredom,0.5567443367211873
0.014644576004943264,Boredom,Fear,0.06284477746512247
0.014644576004943264,Boredom,Happiness,0.04609821560561373
0.014644576004943264,Boredom,Joy,0.1699873174590826
0.014644576004943264,Boredom,Pride,0.040535367616358696
0.014644576004943264,Boredom,Sadness,0.015408434597305646
0.014644576004943264,Boredom,Shame,0.1083815505353299
0.014644576004943264,Fear,Boredom,0.0017510388904263799
0.014644576004943264,Fear,Fear,0.9951629530095164
0.014644576004943264,Fear,Happiness,0.0005462312919295803
0.014644576004943264,Fear,Joy,0.0007831053338737898
0.014644576004943264,Fear,Pride,0.0004936927605101092
0.014644576004943264,Fear,Sadness,0.000348511923687248
0.014644576004943264,Fear,Shame,0.0009144667900567797
0.014644576004943264,Happiness,Boredom,0.6903395527075069
0.014644576004943264,Happiness,Fear,0.00014720223781901554
0.014644576004943264,Happiness,Happiness,0.2974953754098163
0.014644576004943264,Happiness,Joy,0.0013905481996088188
0.014644576004943264,Happiness,Pride,0.008355524596158589
0.014644576004943264,Happiness,Sadness,0.00010555379269481567
0.014644576004943264,Happiness,Shame,0.0021662430563957947
0.014644576004943264,Joy,Boredom,0.0007533895694404394
0.014644576004943264,Joy,Fear,0.011017712542313153
0.014644576004943264,Joy,Happiness,0.0019994869982217964
0.014644576004943264,Joy,Joy,0.03506958869958123
0.014644576004943264,Joy,Pride,0.2518252483788538
0.014644576004943264,Joy,Sadness,0.003764292775650529
0.014644576004943264,Joy,Shame,0.6955702810359389
0.014644576004943264,Pride,Boredom,0.0021209755517718745
0.014644576004943264,Pride,Fear,0.00020994708425476643
0.014644576004943264,Pride,Happiness,0.025293822835069386
0.014644576004943264,Pride,Joy,0.0005290904550785365
0.014644576004943264,Pride,Pride,0.7110904554796162
0.014644576004943264,Pride,Sadness,0.0037113539185053765
0.014644576004943264,Pride,Shame,0.2570443546757039
0.014644576004943264,Sadness,Boredom,0.029711189988922908
0.014644576004943264,Sadness,Fear,0.7471049838905797
0.014644576004943264,Sadness,Happiness,0.00871199131188465
0.014644576004943264,Sadness,Joy,0.04014975821996627
0.014644576004943264,Sadness,Pride,0.018146038985587018
0.014644576004943264,Sadness,Sadness,0.0072922092753128125
0.014644576004943264,Sadness,Shame,0.14888382832774696
0.014644576004943264,Shame,Boredom,0.0002601245468544094
0.014644576004943264,Shame,Fear,0.00014286980028566687
0.014644576004943264,Shame,Happiness,9.809454658555712e-05
0.014644576004943264,Shame,Joy,9.277309970376945e-05
0.014644576004943264,Shame,Pride,0.028738807333774024
0.014644576004943264,Shame,Sadness,0.00041613654597066706
0.014644576004943264,Shame,Shame,0.9702511941268258
0.01438104050942975,Boredom,Boredom,0.5570243530684428
0.01438104050942975,Boredom,Fear,0.06254142068379996
0.01438104050942975,Boredom,Happiness,0.045500950813023085
0.01438104050942975,Boredom,Joy,0.17046838540294704
0.01438104050942975,Boredom,Pride,0.04036512741207781
0.01438104050942975,Boredom,Sadness,0.015390582974707828
0.01438104050942975,Boredom,Shame,0.10870917964500157
0.01438104050942975,Fear,Boredom,0.0017614006531097442
0.01438104050942975,Fear,Fear,0.9951210489930749
0.01438104050942975,Fear,Happiness,0.0005427910605475087
0.01438104050942975,Fear,Joy,0.0007833785880429761
0.01438104050942975,Fear,Pride,0.0004903220374769793
0.01438104050942975,Fear,Sadness,0.000348677780217024
0.01438104050942975,Fear,Shame,0.0009523808875311829
0.01438104050942975,Happiness,Boredom,0.6790889744214972
0.01438104050942975,Happiness,Fear,0.0001547447191668985
0.01438104050942975,Happiness,Happiness,0.3091922967318021
0.01438104050942975,Happiness,Joy,0.0013950062324776928
0.01438104050942975,Happiness,Pride,0.007971996053180495
0.01438104050942975,Happiness,Sadness,0.00010353132292020164
0.01438104050942975,Happiness,Shame,0.0020934505189554634
0.01438104050942975,Joy,Boredom,0.0005422514114608462
0.01438104050942975,Joy,Fear,0.00951361482975213
0.01438104050942975,Joy,Happiness,0.0015389364237487376
0.01438104050942975,Joy,Joy,0.02900057138533998
0.01438104050942975,Joy,Pride,0.22757473695711627
0.01438104050942975,Joy,Sadness,0.0031803968727496393
0.01438104050942975,Joy,Shame,0.7286494921198322
0.01438104050942975,Pride,Boredom,0.0021187412044367227
0.01438104050942975,Pride,Fear,0.00020758185750850943
0.01438104050942975,Pride,Happiness,0.02783372329352263
0.01438104050942975,Pride,Joy,0.0005206504256366535
0.01438104050942975,Pride,Pride,0.6997629183410408
0.01438104050942975,Pride,Sadness,0.0036537772658787977
0.01438104050942975,Pride,Shame,0.2659026076119755
0.01438104050942975,Sadness,Boredom,0.029839313441296623
0.01438104050942975,Sadness,Fear,0.735639634419643
0.01438104050942975,Sadness,Happiness,0.00852679977220668
0.01438104050942975,Sadness,Joy,0.03961594971164005
0.01438104050942975,Sadness,Pride,0.017691111052528602
0.01438104050942975,Sadness,Sadness,0.007234400366453172
0.01438104050942975,Sadness,Shame,0.1614527912362321
0.01438104050942975,Shame,Boredom,0.0003229159898980473
0.01438104050942975,Shame,Fear,0.0001389575291168598
0.01438104050942975,Shame,Happiness,0.0002538377954338629
0.01438104050942975,Shame,Joy,0.00022223816361585156
0.01438104050942975,Shame,Pride,0.021905233917079894
0.01438104050942975,Shame,Sadness,0.00034818196305308696
0.01438104050942975,Shame,Shame,0.9768086346418026
0.015354693678246451,Boredom,Boredom,0.5585471744396556
0.015354693678246451,Boredom,Fear,0.06317609425352433
0.015354693678246451,Boredom,Happiness,0.046608973038915744
0.015354693678246451,Boredom,Joy,0.16874141226356243
0.015354693678246451,Boredom,Pride,0.03911581525975949
0.015354693678246451,Boredom,Sadness,0.015390117025137843
0.015354693678246451,Boredom,Shame,0.1084204137194446
0.015354693678246451,Fear,Boredom,0.0017472641081828862
0.015354693678246451,Fear,Fear,0.9951505976452149
0.015354693678246451,Fear,Happiness,0.0005516438858604066
0.015354693678246451,Fear,Joy,0.0007747519966058956
0.015354693678246451,Fear,Pride,0.0005003532076879286
0.015354693678246451,Fear,Sadness,0.00035412781826099605
0.015354693678246451,Fear,Shame,0.0009212613381869853
0.015354693678246451,Happiness,Boredom,0.686027033408321
0.015354693678246451,Happiness,Fear,0.00015003406328691939
0.015354693678246451,Happiness,Happiness,0.3019109344455955
0.015354693678246451,Happiness,Joy,0.0013702146845872506
0.015354693678246451,Happiness,Pride,0.008229201978798464
0.015354693678246451,Happiness,Sadness,0.00010377531446849023
0.015354693678246451,Happiness,Shame,0.0022088061049422643
0.015354693678246451,Joy,Boredom,0.0006614683353543937
0.015354693678246451,Joy,Fear,0.01010092496794307
0.015354693678246451,Joy,Happiness,0.001783037340867261
0.015354693678246451,Joy,Joy,0.032381714137325615
0.015354693678246451,Joy,Pride,0.23279630988750197
0.015354693678246451,Joy,Sadness,0.0034562925152420215
0.015354693678246451,Joy,Shame,0.7188202528157662
0.015354693678246451,Pride,Boredom,0.002152804435569263
0.015354693678246451,Pride,Fear,0.00020926233409901445
0.015354693678246451,Pride,Happiness,0.023688782060223113
0.015354693678246451,Pride,Joy,0.0005250799235970989
0.015354693678246451,Pride,Pride,0.6969724998683163
0.015354693678246451,Pride,Sadness,0.0036313657149556543
0.015354693678246451,Pride,Shame,0.2728202056632392
0.015354693678246451,Sadness,Boredom,0.03041602989106904
0.015354693678246451,Sadness,Fear,0.7423162574242649
0.015354693678246451,Sadness,Happiness,0.00877179531620436
0.015354693678246451,Sadness,Joy,0.039366955364025666
0.015354693678246451,Sadness,Pride,0.0183187311034262
0.015354693678246451,Sadness,Sadness,0.007375683650573845
0.015354693678246451,Sadness,Shame,0.15343454725043604
0.015354693678246451,Shame,Boredom,0.0003871481685250688
0.015354693678246451,Shame,Fear,0.00019624649320721304
0.015354693678246451,Shame,Happiness,0.00036110062414179987
0.015354693678246451,Shame,Joy,0.00031181251678161003
0.015354693678246451,Shame,Pride,0.02637168393489926
0.015354693678246451,Shame,Sadness,0.00045762192589168745
0.015354693678246451,Shame,Shame,0.9719143863365531
0.014561879805527471,Boredom,Boredom,0.557152642107765
0.014561879805527471,Boredom,Fear,0.06258254450195318
0.014561879805527471,Boredom,Happiness,0.04583999811834306
0.014561879805527471,Boredom,Joy,0.16975247439858776
0.014561879805527471,Boredom,Pride,0.04176560563720962
0.014561879805527471,Boredom,Sadness,0.015332207771441066
0.014561879805527471,Boredom,Shame,0.10757452746470017
0.014561879805527471,Fear,Boredom,0.001749495219830944
0.014561879805527471,Fear,Fear,0.9951473269411376
0.014561879805527471,Fear,Happiness,0.0005457163542088678
0.014561879805527471,Fear,Joy,0.0007840838757047444
0.014561879805527471,Fear,Pride,0.0004993326165650433
0.014561879805527471,Fear,Sadness,0.00035004011493283346
0.014561879805527471,Fear,Shame,0.0009240048776200336
0.014561879805527471,Happiness,Boredom,0.6831933888797669
0.014561879805527471,Happiness,Fear,0.00015216397067582165
0.014561879805527471,Happiness,Happiness,0.30475317105368777
0.014561879805527471,Happiness,Joy,0.0013797232207548428
0.014561879805527471,Happiness,Pride,0.0082688305085982
0.014561879805527471,Happiness,Sadness,0.00010499238987095988
0.014561879805527471,Happiness,Shame,0.002147729976645645
0.014561879805527471,Joy,Boredom,0.0007961938215807281
0.014561879805527471,Joy,Fear,0.010817550784482625
0.014561879805527471,Joy,Happiness,0.0020574442697400717
0.014561879805527471,Joy,Joy,0.03603734300370636
0.014561879805527471,Joy,Pride,0.24419535780742602
0.014561879805527471,Joy,Sadness,0.0037998379498288587
0.014561879805527471,Joy,Shame,0.702296272363235
0.014561879805527471,Pride,Boredom,0.0021340896668817495
0.014561879805527471,Pride,Fear,0.000211936980112325
0.014561879805527471,Pride,Happiness,0.02656420235592736
0.014561879805527471,Pride,Joy,0.0005521395699725417
0.014561879805527471,Pride,Pride,0.6934375119694064
0.014561879805527471,Pride,Sadness,0.0036721398574839884
0.014561879805527471,Pride,Shame,0.2734279796002157
0.014561879805527471,Sadness,Boredom,0.029854528792116523
0.014561879805527471,Sadness,Fear,0.7423918588120691
0.014561879805527471,Sadness,Happiness,0.008620237033367582
0.014561879805527471,Sadness,Joy,0.04004780405615414
0.014561879805527471,Sadness,Pride,0.018402428448586736
0.014561879805527471,Sadness,Sadness,0.007305018931808924
0.014561879805527471,Sadness,Shame,0.15337812392589661
0.014561879805527471,Shame,Boredom,0.0002665969879432005
0.014561879805527471,Shame,Fear,0.00015114964190804115
0.014561879805527471,Shame,Happiness,0.00010618146737998971
0.014561879805527471,Shame,Joy,0.0001129752156644294
0.014561879805527471,Shame,Pride,0.030428979623738372
0.014561879805527471,Shame,Sadness,0.000441110849164622
0.014561879805527471,Shame,Shame,0.9684930062142012
0.014478752212145372,Boredom,Boredom,0.5564260632540848
0.014478752212145372,Boredom,Fear,0.06272508003596383
0.014478752212145372,Boredom,Happiness,0.04574631432269995
0.014478752212145372,Boredom,Joy,0.17052542913771182
0.014478752212145372,Boredom,Pride,0.04082044411052397
0.014478752212145372,Boredom,Sadness,0.015458628963512544
0.014478752212145372,Boredom,Shame,0.10829804017550304
0.014478752212145372,Fear,Boredom,0.0017538095660046052
0.014478752212145372,Fear,Fear,0.9951519456729532
0.014478752212145372,Fear,Happiness,0.0005418552522670278
0.014478752212145372,Fear,Joy,0.0007829861063597804
0.014478752212145372,Fear,Pride,0.0004934029507907778
0.014478752212145372,Fear,Sadness,0.0003491160642201227
0.014478752212145372,Fear,Shame,0.0009268843874038705
0.014478752212145372,Happiness,Boredom,0.6795472522491869
0.014478752212145372,Happiness,Fear,0.0001541721014751537
0.014478752212145372,Happiness,Happiness,0.30868660629328804
0.014478752212145372,Happiness,Joy,0.0013850884358849998
0.014478752212145372,Happiness,Pride,0.008059378392678958
0.014478752212145372,Happiness,Sadness,0.00010421039967769557
0.014478752212145372,Happiness,Shame,0.002063292127808092
0.014478752212145372,Joy,Boredom,0.00028137466047944
0.014478752212145372,Joy,Fear,0.007992955595688678
0.014478752212145372,Joy,Happiness,0.0009843778446839266
0.014478752212145372,Joy,Joy,0.018700647203671684
0.014478752212145372,Joy,Pride,0.20484255879719582
0.014478752212145372,Joy,Sadness,0.00239059418412946
0.014478752212145372,Joy,Shame,0.7648074917141511
0.014478752212145372,Pride,Boredom,0.0021349693373942957
0.014478752212145372,Pride,Fear,0.00020981958595118048
0.014478752212145372,Pride,Happiness,0.026493263961285107
0.014478752212145372,Pride,Joy,0.0005227127298639461
0.014478752212145372,Pride,Pride,0.6919646496039882
0.014478752212145372,Pride,Sadness,0.0036474309230080755
0.014478752212145372,Pride,Shame,0.2750271538585091
0.014478752212145372,Sadness,Boredom,0.029746141530902197
0.014478752212145372,Sadness,Fear,0.7408982787252365
0.014478752212145372,Sadness,Happiness,0.008558001154815665
0.014478752212145372,Sadness,Joy,0.039867189391176665
0.014478752212145372,Sadness,Pride,0.01772505661733259
0.014478752212145372,Sadness,Sadness,0.007244123364230417
0.014478752212145372,Sadness,Shame,0.15596120921630605
0.014478752212145372,Shame,Boredom,0.00025884125776894616
0.014478752212145372,Shame,Fear,7.420513302693551e-05
0.014478752212145372,Shame,Happiness,0.00012819584652100081
0.014478752212145372,Shame,Joy,0.00011616187371057074
0.014478752212145372,Shame,Pride,0.015296949993142557
0.014478752212145372,Shame,Sadness,0.00024228726203143943
0.014478752212145372,Shame,Shame,0.9838833586337984
0.013452728337265688,Boredom,Boredom,0.5560591040800811
0.013452728337265688,Boredom,Fear,0.05983244384283218
0.013452728337265688,Boredom,Happiness,0.04255587273285931
0.013452728337265688,Boredom,Joy,0.1668410468188304
0.013452728337265688,Boredom,Pride,0.0496590404754584
0.013452728337265688,Boredom,Sadness,0.014543589778886321
0.013452728337265688,Boredom,Shame,0.11050890227105252
0.013452728337265688,Fear,Boredom,0.0017353166959278553
0.013452728337265688,Fear,Fear,0.9951925912959055
0.013452728337265688,Fear,Happiness,0.0005418063938581661
0.013452728337265688,Fear,Joy,0.0007759786611235856
0.013452728337265688,Fear,Pride,0.0005082032213088369
0.013452728337265688,Fear,Sadness,0.00034171615438105166
0.013452728337265688,Fear,Shame,0.0009043875774946909
0.013452728337265688,Happiness,Boredom,0.6767178330509305
0.013452728337265688,Happiness,Fear,0.00015258332726610937
0.013452728337265688,Happiness,Happiness,0.3117560212612257
0.013452728337265688,Happiness,Joy,0.00139229538970883
0.013452728337265688,Happiness,Pride,0.007439394474107964
0.013452728337265688,Happiness,Sadness,9.785455849115881e-05
0.013452728337265688,Happiness,Shame,0.00244401793826986
0.013452728337265688,Joy,Boredom,0.0026509568026891854
0.013452728337265688,Joy,Fear,0.01862720757754899
0.013452728337265688,Joy,Happiness,0.005813154327597609
0.013452728337265688,Joy,Joy,0.06822697882929206
0.013452728337265688,Joy,Pride,0.31218943084186596
0.013452728337265688,Joy,Sadness,0.00801041841962102
0.013452728337265688,Joy,Shame,0.5844818532013852
0.013452728337265688,Pride,Boredom,0.0022385868860732064
0.013452728337265688,Pride,Fear,0.00021545353455398126
0.013452728337265688,Pride,Happiness,0.030121523656637027
0.013452728337265688,Pride,Joy,0.0010107457915907152
0.013452728337265688,Pride,Pride,0.6668023922821601
0.013452728337265688,Pride,Sadness,0.003709815658954381
0.013452728337265688,Pride,Shame,0.2959014821900307
0.013452728337265688,Sadness,Boredom,0.028384870939099065
0.013452728337265688,Sadness,Fear,0.7392630348120308
0.013452728337265688,Sadness,Happiness,0.008417786259886427
0.013452728337265688,Sadness,Joy,0.03887841784286681
0.013452728337265688,Sadness,Pride,0.02130324512677225
0.013452728337265688,Sadness,Sadness,0.007142421893368106
0.013452728337265688,Sadness,Shame,0.1566102231259763
0.013452728337265688,Shame,Boredom,0.00047034357604054514
0.013452728337265688,Shame,Fear,0.0005127128866875157
0.013452728337265688,Shame,Happiness,0.0003700002955913203
0.013452728337265688,Shame,Joy,0.0012382662867171578
0.013452728337265688,Shame,Pride,0.12714570471345502
0.013452728337265688,Shame,Sadness,0.0017569343102803588
0.013452728337265688,Shame,Shame,0.8685060379312279
0.013171060474612145,Boredom,Boredom,0.5616649171235495
0.013171060474612145,Boredom,Fear,0.05978333051738048
0.013171060474612145,Boredom,Happiness,0.04166643934334366
0.013171060474612145,Boredom,Joy,0.16823477163929743
0.013171060474612145,Boredom,Pride,0.04377889954727518
0.013171060474612145,Boredom,Sadness,0.014583892949740294
0.013171060474612145,Boredom,Shame,0.11028774887941328
0.013171060474612145,Fear,Boredom,0.0017244506418785757
0.013171060474612145,Fear,Fear,0.9952192977264476
0.013171060474612145,Fear,Happiness,0.0005398698382284865
0.013171060474612145,Fear,Joy,0.0007702743477806031
0.013171060474612145,Fear,Pride,0.0004852241682575627
0.013171060474612145,Fear,Sadness,0.0003413366087323283
0.013171060474612145,Fear,Shame,0.0009195466686747336
0.013171060474612145,Happiness,Boredom,0.6614200705222045
0.013171060474612145,Happiness,Fear,0.00016526646972302877
0.013171060474612145,Happiness,Happiness,0.3277664713695636
0.013171060474612145,Happiness,Joy,0.001360769454879615
0.013171060474612145,Happiness,Pride,0.00710181928214283
0.013171060474612145,Happiness,Sadness,9.551471313135457e-05
0.013171060474612145,Happiness,Shame,0.002090088188354654
0.013171060474612145,Joy,Boredom,0.003979384387052628
0.013171060474612145,Joy,Fear,0.0221702623975328
0.013171060474612145,Joy,Happiness,0.008332001925502621
0.013171060474612145,Joy,Joy,0.0807408630081614
0.013171060474612145,Joy,Pride,0.31326260093627395
0.013171060474612145,Joy,Sadness,0.010361639320880323
0.013171060474612145,Joy,Shame,0.5611532480245962
0.013171060474612145,Pride,Boredom,0.002153750536722878
0.013171060474612145,Pride,Fear,0.00018105460678110045
0.013171060474612145,Pride,Happiness,0.02638013268115877
0.013171060474612145,Pride,Joy,0.0008961743265342448
0.013171060474612145,Pride,Pride,0.7780055865060683
0.013171060474612145,Pride,Sadness,0.004124122783181821
0.013171060474612145,Pride,Shame,0.18825917855955304
0.013171060474612145,Sadness,Boredom,0.028069073496903366
0.013171060474612145,Sadness,Fear,0.7370450714279136
0.013171060474612145,Sadness,Happiness,0.008373450538459726
0.013171060474612145,Sadness,Joy,0.03814047846390507
0.013171060474612145,Sadness,Pride,0.018803039683822704
0.013171060474612145,Sadness,Sadness,0.006916476339028362
0.013171060474612145,Sadness,Shame,0.16265241004996728
0.013171060474612145,Shame,Boredom,0.00037516378268001664
0.013171060474612145,Shame,Fear,0.0003357171867802189
0.013171060474612145,Shame,Happiness,0.0002434772795582442
0.013171060474612145,Shame,Joy,0.0008056474926412405
0.013171060474612145,Shame,Pride,0.08795510276815122
0.013171060474612145,Shame,Sadness,0.0012063409689277596
0.013171060474612145,Shame,Shame,0.9090785505212615
0.015110827424928384,Boredom,Boredom,0.554253668835547
0.015110827424928384,Boredom,Fear,0.0628623872786304
0.015110827424928384,Boredom,Happiness,0.04680783025260147
0.015110827424928384,Boredom,Joy,0.16896278726933567
0.015110827424928384,Boredom,Pride,0.04256663687900312
0.015110827424928384,Boredom,Sadness,0.01542406835955319
0.015110827424928384,Boredom,Shame,0.10912262112532924
0.015110827424928384,Fear,Boredom,0.0017449555391439748
0.015110827424928384,Fear,Fear,0.9951442863524583
0.015110827424928384,Fear,Happiness,0.0005505527706362984
0.015110827424928384,Fear,Joy,0.0007779620620565004
0.015110827424928384,Fear,Pride,0.0005093757789314134
0.015110827424928384,Fear,Sadness,0.0003507381800060284
0.015110827424928384,Fear,Shame,0.0009221293167674844
0.015110827424928384,Happiness,Boredom,0.6849653969673549
0.015110827424928384,Happiness,Fear,0.00015064735878255183
0.015110827424928384,Happiness,Happiness,0.3029000316535097
0.015110827424928384,Happiness,Joy,0.0013794182161224334
0.015110827424928384,Happiness,Pride,0.008256879673894732
0.015110827424928384,Happiness,Sadness,0.0001043647703936603
0.015110827424928384,Happiness,Shame,0.0022432613599420318
0.015110827424928384,Joy,Boredom,0.0016835481102492225
0.015110827424928384,Joy,Fear,0.015146245138166604
0.015110827424928384,Joy,Happiness,0.0038746966353910193
0.015110827424928384,Joy,Joy,0.054171192479914906
0.015110827424928384,Joy,Pride,0.29629402740817584
0.015110827424928384,Joy,Sadness,0.00600655382192686
0.015110827424928384,Joy,Shame,0.6228237364061756
0.015110827424928384,Pride,Boredom,0.0021437991933237963
0.015110827424928384,Pride,Fear,0.00021898214756419507
0.015110827424928384,Pride,Happiness,0.025567091617238594
0.015110827424928384,Pride,Joy,0.000644514301338322
0.015110827424928384,Pride,Pride,0.703501906171303
0.015110827424928384,Pride,Sadness,0.003810234083562993
0.015110827424928384,Pride,Shame,0.26411347248566913
0.015110827424928384,Sadness,Boredom,0.030141257270137705
0.015110827424928384,Sadness,Fear,0.7441291484509238
0.015110827424928384,Sadness,Happiness,0.008735151702107445
0.015110827424928384,Sadness,Joy,0.03944116434881531
0.015110827424928384,Sadness,Pride,0.019476725788778498
0.015110827424928384,Sadness,Sadness,0.007398023247070273
0.015110827424928384,Sadness,Shame,0.15067852919216748
0.015110827424928384,Shame,Boredom,0.0004260412050463403
0.015110827424928384,Shame,Fear,0.00039795986166515923
0.015110827424928384,Shame,Happiness,0.00033204538553999326
0.015110827424928384,Shame,Joy,0.00039635204748707486
0.015110827424928384,Shame,Pride,0.06582428652220564
0.015110827424928384,Shame,Sadness,0.001010251762681251
0.015110827424928384,Shame,Shame,0.9316130632153746
0.014036602690849997,Boredom,Boredom,0.5560601908509595
0.014036602690849997,Boredom,Fear,0.0620335331191766
0.014036602690849997,Boredom,Happiness,0.04475072949193116
0.014036602690849997,Boredom,Joy,0.170217583240628
0.014036602690849997,Boredom,Pride,0.041795166715544035
0.014036602690849997,Boredom,Sadness,0.015259663205720194
0.014036602690849997,Boredom,Shame,0.10988313337604057
0.014036602690849997,Fear,Boredom,0.0017604444699105418
0.014036602690849997,Fear,Fear,0.9951350889246149
0.014036602690849997,Fear,Happiness,0.0005398094392973129
0.014036602690849997,Fear,Joy,0.0007788068640149238
0.014036602690849997,Fear,Pride,0.00048712623249979855
0.014036602690849997,Fear,Sadness,0.00035016722353678145
0.014036602690849997,Fear,Shame,0.0009485568461255146
0.014036602690849997,Happiness,Boredom,0.6744749721421894
0.014036602690849997,Happiness,Fear,0.00015739353126781124
0.014036602690849997,Happiness,Happiness,0.31415266073488546
0.014036602690849997,Happiness,Joy,0.0014107877949057163
0.014036602690849997,Happiness,Pride,0.0075881981926229055
0.014036602690849997,Happiness,Sadness,0.00010146297648509873
0.014036602690849997,Happiness,Shame,0.002114524627643606
0.014036602690849997,Joy,Boredom,0.0014930123418800123
0.014036602690849997,Joy,Fear,0.013604370039285881
0.014036602690849997,Joy,Happiness,0.0034375663278132743
0.014036602690849997,Joy,Joy,0.05007427268675788
0.014036602690849997,Joy,Pride,0.27016648117577563
0.014036602690849997,Joy,Sadness,0.005359269746521215
0.014036602690849997,Joy,Shame,0.6558650276819661
0.014036602690849997,Pride,Boredom,0.002115674401032314
0.014036602690849997,Pride,Fear,0.00018911874440786548
0.014036602690849997,Pride,Happiness,0.026772530709044146
0.014036602690849997,Pride,Joy,0.0005537386052695094
0.014036602690849997,Pride,Pride,0.750262756147855
0.014036602690849997,Pride,Sadness,0.003941334942711163
0.014036602690849997,Pride,Shame,0.21616484644967995
0.014036602690849997,Sadness,Boredom,0.02912466930255094
0.014036602690849997,Sadness,Fear,0.7403629699883739
0.014036602690849997,Sadness,Happiness,0.008497574078704046
0.014036602690849997,Sadness,Joy,0.0394682765995325
0.014036602690849997,Sadness,Pride,0.018070521054158895
0.014036602690849997,Sadness,Sadness,0.007133000195765305
0.014036602690849997,Sadness,Shame,0.15734298878091474
0.014036602690849997,Shame,Boredom,0.00028825759149393444
0.014036602690849997,Shame,Fear,0.00017680610068042401
0.014036602690849997,Shame,Happiness,0.00013251192039659827
0.014036602690849997,Shame,Joy,0.0001619253044397545
0.014036602690849997,Shame,Pride,0.0359137179529117
0.014036602690849997,Shame,Sadness,0.0005118321370082025
0.014036602690849997,Shame,Shame,0.9628149489930693
0.014607286048043941,Boredom,Boredom,0.5559561405064563
0.014607286048043941,Boredom,Fear,0.0630331189192427
0.014607286048043941,Boredom,Happiness,0.04629947996691339
0.014607286048043941,Boredom,Joy,0.1704297811781187
0.014607286048043941,Boredom,Pride,0.04011957757521712
0.014607286048043941,Boredom,Sadness,0.015510912217219662
0.014607286048043941,Boredom,Shame,0.10865098963683245
0.014607286048043941,Fear,Boredom,0.0017582449103225309
0.014607286048043941,Fear,Fear,0.9951349612741435
0.014607286048043941,Fear,Happiness,0.000545455200871943
0.014607286048043941,Fear,Joy,0.0007818902590677831
0.014607286048043941,Fear,Pride,0.0004959122791629416
0.014607286048043941,Fear,Sadness,0.000350548713649882
0.014607286048043941,Fear,Shame,0.0009329873627815057
0.014607286048043941,Happiness,Boredom,0.665228661109075
0.014607286048043941,Happiness,Fear,0.0001661048834992281
0.014607286048043941,Happiness,Happiness,0.3230714309804333
0.014607286048043941,Happiness,Joy,0.0013559717261374456
0.014607286048043941,Happiness,Pride,0.008015157529796901
0.014607286048043941,Happiness,Sadness,0.00010334482162958818
0.014607286048043941,Happiness,Shame,0.0020593289494287253
0.014607286048043941,Joy,Boredom,0.0003483418950043152
0.014607286048043941,Joy,Fear,0.008387841198342924
0.014607286048043941,Joy,Happiness,0.0011301160966848958
0.014607286048043941,Joy,Joy,0.021852535358160174
0.014607286048043941,Joy,Pride,0.20974697452680757
0.014607286048043941,Joy,Sadness,0.002603654576995036
0.014607286048043941,Joy,Shame,0.755930536348005
0.014607286048043941,Pride,Boredom,0.0021546169670604255
0.014607286048043941,Pride,Fear,0.00020770504901226574
0.014607286048043941,Pride,Happiness,0.02623568950443666
0.014607286048043941,Pride,Joy,0.0005216669106344365
0.014607286048043941,Pride,Pride,0.7009784558502535
0.014607286048043941,Pride,Sadness,0.0037312435662872506
0.014607286048043941,Pride,Shame,0.26617062215231574
0.014607286048043941,Sadness,Boredom,0.02975129109858054
0.014607286048043941,Sadness,Fear,0.7449118622764094
0.014607286048043941,Sadness,Happiness,0.008670496598963694
0.014607286048043941,Sadness,Joy,0.039836806632663146
0.014607286048043941,Sadness,Pride,0.017846341551456944
0.014607286048043941,Sadness,Sadness,0.007285051222017805
0.014607286048043941,Sadness,Shame,0.15169815061990868
0.014607286048043941,Shame,Boredom,0.00025934804692216614
0.014607286048043941,Shame,Fear,7.826043588352093e-05
0.014607286048043941,Shame,Happiness,0.00013605636562863158
0.014607286048043941,Shame,Joy,0.00012228474315993264
0.014607286048043941,Shame,Pride,0.015775410799709073
0.014607286048043941,Shame,Sadness,0.00025651795851430156
0.014607286048043941,Shame,Shame,0.9833721216501824
0.012969979462696958,Boredom,Boredom,0.5551609705480418
0.012969979462696958,Boredom,Fear,0.058986798633449265
0.012969979462696958,Boredom,Happiness,0.04146266877337938
0.012969979462696958,Boredom,Joy,0.16680162327790435
0.012969979462696958,Boredom,Pride,0.05157377996476534
0.012969979462696958,Boredom,Sadness,0.01442036347819095
0.012969979462696958,Boredom,Shame,0.11159379532426905
0.012969979462696958,Fear,Boredom,0.0017352354239964347
0.012969979462696958,Fear,Fear,0.9951600573875263
0.012969979462696958,Fear,Happiness,0.0005516786957202914
0.012969979462696958,Fear,Joy,0.000767147692748987
0.012969979462696958,Fear,Pride,0.0005104834035873559
0.012969979462696958,Fear,Sadness,0.0003464737353889005
0.012969979462696958,Fear,Shame,0.0009289236610318957
0.012969979462696958,Happiness,Boredom,0.64975239790046
0.012969979462696958,Happiness,Fear,0.0001756805423878322
0.012969979462696958,Happiness,Happiness,0.33948014342828176
0.012969979462696958,Happiness,Joy,0.0013588259778507426
0.012969979462696958,Happiness,Pride,0.006888974680288627
0.012969979462696958,Happiness,Sadness,9.425272747975325e-05
0.012969979462696958,Happiness,Shame,0.0022497247432511536
0.012969979462696958,Joy,Boredom,0.0044489496364221
0.012969979462696958,Joy,Fear,0.02350892065690169
0.012969979462696958,Joy,Happiness,0.00923611917154104
0.012969979462696958,Joy,Joy,0.08623159816513658
0.012969979462696958,Joy,Pride,0.32794826868536764
0.012969979462696958,Joy,Sadness,0.011379747238249803
0.012969979462696958,Joy,Shame,0.5372463964463811
0.012969979462696958,Pride,Boredom,0.00224175269675722
0.012969979462696958,Pride,Fear,0.0001869149944895137
0.012969979462696958,Pride,Happiness,0.029818423452884883
0.012969979462696958,Pride,Joy,0.001808269426253693
0.012969979462696958,Pride,Pride,0.6993043655499914
0.012969979462696958,Pride,Sadness,0.003913254097497825
0.012969979462696958,Pride,Shame,0.26272701978212526
0.012969979462696958,Sadness,Boredom,0.027769253104709256
0.012969979462696958,Sadness,Fear,0.7365386589179426
0.012969979462696958,Sadness,Happiness,0.00843597497778809
0.012969979462696958,Sadness,Joy,0.03837443785357976
0.012969979462696958,Sadness,Pride,0.022553565928948482
0.012969979462696958,Sadness,Sadness,0.007138233233857639
0.012969979462696958,Sadness,Shame,0.1591898759831745
0.012969979462696958,Shame,Boredom,0.0006241847853549041
0.012969979462696958,Shame,Fear,0.0006873461679392556
0.012969979462696958,Shame,Happiness,0.0006475972528018531
0.012969979462696958,Shame,Joy,0.0029990634480093286
0.012969979462696958,Shame,Pride,0.16952478706807944
0.012969979462696958,Shame,Sadness,0.002444020637521228
0.012969979462696958,Shame,Shame,0.8230730006402941
0.013673450042573844,Boredom,Boredom,0.5619172998032849
0.013673450042573844,Boredom,Fear,0.06047960349419864
0.013673450042573844,Boredom,Happiness,0.04277688513017957
0.013673450042573844,Boredom,Joy,0.1693208127238774
0.013673450042573844,Boredom,Pride,0.040860051286721176
0.013673450042573844,Boredom,Sadness,0.014871741779406592
0.013673450042573844,Boredom,Shame,0.10977360578233165
0.013673450042573844,Fear,Boredom,0.0017353881743997156
0.013673450042573844,Fear,Fear,0.995182533657233
0.013673450042573844,Fear,Happiness,0.0005422394242820231
0.013673450042573844,Fear,Joy,0.0007783813580121816
0.013673450042573844,Fear,Pride,0.0004781658418480115
0.013673450042573844,Fear,Sadness,0.00034461161189629994
0.013673450042573844,Fear,Shame,0.0009386799323291092
0.013673450042573844,Happiness,Boredom,0.6535298016089912
0.013673450042573844,Happiness,Fear,0.00017373291315510265
0.013673450042573844,Happiness,Happiness,0.3354598954316819
0.013673450042573844,Happiness,Joy,0.001364299767006084
0.013673450042573844,Happiness,Pride,0.007317751900769602
0.013673450042573844,Happiness,Sadness,9.877057364185803e-05
0.013673450042573844,Happiness,Shame,0.002055747804754112
0.013673450042573844,Joy,Boredom,0.0029299204623053007
0.013673450042573844,Joy,Fear,0.018485983544724374
0.013673450042573844,Joy,Happiness,0.006301352602848513
0.013673450042573844,Joy,Joy,0.06978607816000496
0.013673450042573844,Joy,Pride,0.2969584066309412
0.013673450042573844,Joy,Sadness,0.0083575006108206
0.013673450042573844,Joy,Shame,0.5971807579883557
0.013673450042573844,Pride,Boredom,0.002076283390112213
0.013673450042573844,Pride,Fear,0.00017892332239356103
0.013673450042573844,Pride,Happiness,0.024592963829510397
0.013673450042573844,Pride,Joy,0.0006243782824909398
0.013673450042573844,Pride,Pride,0.791084921837125
0.013673450042573844,Pride,Sadness,0.004158710894935742
0.013673450042573844,Pride,Shame,0.17728381844343216
0.013673450042573844,Sadness,Boredom,0.02894807973710493
0.013673450042573844,Sadness,Fear,0.7341675771804369
0.013673450042573844,Sadness,Happiness,0.008463730914072367
0.013673450042573844,Sadness,Joy,0.03903661842508359
0.013673450042573844,Sadness,Pride,0.018174273193364142
0.013673450042573844,Sadness,Sadness,0.007093544384272853
0.013673450042573844,Sadness,Shame,0.16411617616566548
0.013673450042573844,Shame,Boredom,0.0003465273327773731
0.013673450042573844,Shame,Fear,0.00026292553341157317
0.013673450042573844,Shame,Happiness,0.00022230283688673983
0.013673450042573844,Shame,Joy,0.0003165560838107426
0.013673450042573844,Shame,Pride,0.051417150560382346
0.013673450042573844,Shame,Sadness,0.0007336561346398112
0.013673450042573844,Shame,Shame,0.9467008815180914
0.01303383549061629,Boredom,Boredom,0.558040884878701
0.01303383549061629,Boredom,Fear,0.05937792402097119
0.01303383549061629,Boredom,Happiness,0.041605534716201764
0.01303383549061629,Boredom,Joy,0.16772022225460625
0.01303383549061629,Boredom,Pride,0.047205340806542165
0.01303383549061629,Boredom,Sadness,0.01452794543303459
0.01303383549061629,Boredom,Shame,0.11152214788994286
0.01303383549061629,Fear,Boredom,0.0017228018079065487
0.01303383549061629,Fear,Fear,0.9952213931279398
0.01303383549061629,Fear,Happiness,0.0005510996113914482
0.01303383549061629,Fear,Joy,0.0007677735112155183
0.01303383549061629,Fear,Pride,0.000485309069796661
0.01303383549061629,Fear,Sadness,0.00034633874384228656
0.01303383549061629,Fear,Shame,0.0009052841279080206
0.01303383549061629,Happiness,Boredom,0.6481705713767575
0.01303383549061629,Happiness,Fear,0.00017709884809713797
0.01303383549061629,Happiness,Happiness,0.3411458174326357
0.01303383549061629,Happiness,Joy,0.0013514430660485116
0.01303383549061629,Happiness,Pride,0.006945697354427011
0.01303383549061629,Happiness,Sadness,9.484437702331688e-05
0.01303383549061629,Happiness,Shame,0.002114527545010745
0.01303383549061629,Joy,Boredom,0.005248153051793978
0.01303383549061629,Joy,Fear,0.02658505941940651
0.01303383549061629,Joy,Happiness,0.010809496759105615
0.01303383549061629,Joy,Joy,0.09469937978651592
0.01303383549061629,Joy,Pride,0.34826726225768223
0.01303383549061629,Joy,Sadness,0.012949495987780495
0.01303383549061629,Joy,Shame,0.5014411527377155
0.01303383549061629,Pride,Boredom,0.0021717704354179473
0.01303383549061629,Pride,Fear,0.00017824756788283055
0.01303383549061629,Pride,Happiness,0.02677527366332099
0.01303383549061629,Pride,Joy,0.0009741526260639272
0.01303383549061629,Pride,Pride,0.7618907101078859
0.01303383549061629,Pride,Sadness,0.004054219617275329
0.01303383549061629,Pride,Shame,0.20395562598215294
0.01303383549061629,Sadness,Boredom,0.02783182144096161
0.01303383549061629,Sadness,Fear,0.7388333144202018
0.01303383549061629,Sadness,Happiness,0.008471070881824454
0.01303383549061629,Sadness,Joy,0.03818304279756698
0.01303383549061629,Sadness,Pride,0.020600896569457267
0.01303383549061629,Sadness,Sadness,0.007010143954395415
0.01303383549061629,Sadness,Shame,0.159069709935592
0.01303383549061629,Shame,Boredom,0.0005471663557482701
0.01303383549061629,Shame,Fear,0.0006060701610282356
0.01303383549061629,Shame,Happiness,0.00046733563449897055
0.01303383549061629,Shame,Joy,0.0016155508971208142
0.01303383549061629,Shame,Pride,0.15815000133193247
0.01303383549061629,Shame,Sadness,0.0021450816753194445
0.01303383549061629,Shame,Shame,0.8364687939443515
0.013419535224267224,Boredom,Boredom,0.5617976399278797
0.013419535224267224,Boredom,Fear,0.06022565576365552
0.013419535224267224,Boredom,Happiness,0.04249893829283069
0.013419535224267224,Boredom,Joy,0.16920214291853142
0.013419535224267224,Boredom,Pride,0.040983770853415626
0.013419535224267224,Boredom,Sadness,0.01479034392557891
0.013419535224267224,Boredom,Shame,0.11050150831810826
0.013419535224267224,Fear,Boredom,0.0017337086849014854
0.013419535224267224,Fear,Fear,0.9952227736709922
0.013419535224267224,Fear,Happiness,0.0005441391663393555
0.013419535224267224,Fear,Joy,0.0007739582431684727
0.013419535224267224,Fear,Pride,0.00047123296272412154
0.013419535224267224,Fear,Sadness,0.00034299103997443886
0.013419535224267224,Fear,Shame,0.0009111962319000063
0.013419535224267224,Happiness,Boredom,0.6719919756740277
0.013419535224267224,Happiness,Fear,0.0001569460139603902
0.013419535224267224,Happiness,Happiness,0.31685680013626166
0.013419535224267224,Happiness,Joy,0.001393975191773333
0.013419535224267224,Happiness,Pride,0.00734130366172555
0.013419535224267224,Happiness,Sadness,9.82177827287163e-05
0.013419535224267224,Happiness,Shame,0.002160781539522574
0.013419535224267224,Joy,Boredom,0.0016696786614664436
0.013419535224267224,Joy,Fear,0.015368021022990713
0.013419535224267224,Joy,Happiness,0.00385751096876353
0.013419535224267224,Joy,Joy,0.05439684247646564
0.013419535224267224,Joy,Pride,0.30525664089706966
0.013419535224267224,Joy,Sadness,0.00604103358360361
0.013419535224267224,Joy,Shame,0.6134102723896404
0.013419535224267224,Pride,Boredom,0.002114669682891564
0.013419535224267224,Pride,Fear,0.00018330231454531296
0.013419535224267224,Pride,Happiness,0.026321485352339687
0.013419535224267224,Pride,Joy,0.0005075914993296142
0.013419535224267224,Pride,Pride,0.7551868383745997
0.013419535224267224,Pride,Sadness,0.003960006416693714
0.013419535224267224,Pride,Shame,0.21172610635960035
0.013419535224267224,Sadness,Boredom,0.028358652065131232
0.013419535224267224,Sadness,Fear,0.7399404535798051
0.013419535224267224,Sadness,Happiness,0.008470871463643686
0.013419535224267224,Sadness,Joy,0.0385207188981422
0.013419535224267224,Sadness,Pride,0.017891191995487672
0.013419535224267224,Sadness,Sadness,0.006958270342811015
0.013419535224267224,Sadness,Shame,0.15985984165497913
0.013419535224267224,Shame,Boredom,0.0003864997081673936
0.013419535224267224,Shame,Fear,0.00032666605274595515
0.013419535224267224,Shame,Happiness,0.0002790405405536745
0.013419535224267224,Shame,Joy,0.00020710470877148665
0.013419535224267224,Shame,Pride,0.0606324570622807
0.013419535224267224,Shame,Sadness,0.0008216276556670695
0.013419535224267224,Shame,Shame,0.9373466042718136
0.014675790527112452,Boredom,Boredom,0.5549675644805889
0.014675790527112452,Boredom,Fear,0.06288879668999953
0.014675790527112452,Boredom,Happiness,0.04623456377597147
0.014675790527112452,Boredom,Joy,0.16955221027282774
0.014675790527112452,Boredom,Pride,0.04233461850007078
0.014675790527112452,Boredom,Sadness,0.015393883503672464
0.014675790527112452,Boredom,Shame,0.10862836277686896
0.014675790527112452,Fear,Boredom,0.0017500583248075908
0.014675790527112452,Fear,Fear,0.995177803329445
0.014675790527112452,Fear,Happiness,0.0005455633046467074
0.014675790527112452,Fear,Joy,0.000779629948671249
0.014675790527112452,Fear,Pride,0.0005001181850549263
0.014675790527112452,Fear,Sadness,0.00035010123185292885
0.014675790527112452,Fear,Shame,0.0008967256755214794
0.014675790527112452,Happiness,Boredom,0.6789772638131562
0.014675790527112452,Happiness,Fear,0.00015503615644134864
0.014675790527112452,Happiness,Happiness,0.3088959561732698
0.014675790527112452,Happiness,Joy,0.0013753242865014999
0.014675790527112452,Happiness,Pride,0.0082862176606403
0.014675790527112452,Happiness,Sadness,0.00010480106235935846
0.014675790527112452,Happiness,Shame,0.0022054008476316235
0.014675790527112452,Joy,Boredom,0.00119784670113747
0.014675790527112452,Joy,Fear,0.013532266214865727
0.014675790527112452,Joy,Happiness,0.0029304015251286016
0.014675790527112452,Joy,Joy,0.04559059242211911
0.014675790527112452,Joy,Pride,0.2892733639377214
0.014675790527112452,Joy,Sadness,0.005004462628308462
0.014675790527112452,Joy,Shame,0.6424710665707188
0.014675790527112452,Pride,Boredom,0.002147443848167113
0.014675790527112452,Pride,Fear,0.00021370630214415196
0.014675790527112452,Pride,Happiness,0.026546464495376215
0.014675790527112452,Pride,Joy,0.0005671688133735946
0.014675790527112452,Pride,Pride,0.693918645436513
0.014675790527112452,Pride,Sadness,0.0037453308872888186
0.014675790527112452,Pride,Shame,0.27286124021713676
0.014675790527112452,Sadness,Boredom,0.029592781840779545
0.014675790527112452,Sadness,Fear,0.7476918197186407
0.014675790527112452,Sadness,Happiness,0.008679785775282209
0.014675790527112452,Sadness,Joy,0.0399317718178373
0.014675790527112452,Sadness,Pride,0.01881263386816846
0.014675790527112452,Sadness,Sadness,0.007314447714093686
0.014675790527112452,Sadness,Shame,0.1479767592651984
0.014675790527112452,Shame,Boredom,0.0003628613135336824
0.014675790527112452,Shame,Fear,0.00030736157965085154
0.014675790527112452,Shame,Happiness,0.00024881291090549036
0.014675790527112452,Shame,Joy,0.00023151046356191028
0.014675790527112452,Shame,Pride,0.05453415808209052
0.014675790527112452,Shame,Sadness,0.0008110379478336309
0.014675790527112452,Shame,Shame,0.943504257702424
0.01289203438970361,Boredom,Boredom,0.5596485756298439
0.01289203438970361,Boredom,Fear,0.059411402584281785
0.01289203438970361,Boredom,Happiness,0.04149080830015928
0.01289203438970361,Boredom,Joy,0.16869071376836883
0.01289203438970361,Boredom,Pride,0.044782334817508304
0.01289203438970361,Boredom,Sadness,0.014658101110252111
0.01289203438970361,Boredom,Shame,0.11131806378958643
0.01289203438970361,Fear,Boredom,0.0017318546698925988
0.01289203438970361,Fear,Fear,0.9951808871581194
0.01289203438970361,Fear,Happiness,0.0005484604235799461
0.01289203438970361,Fear,Joy,0.0007676817705371878
0.01289203438970361,Fear,Pride,0.00048592365091313175
0.01289203438970361,Fear,Sadness,0.00034869012678615555
0.01289203438970361,Fear,Shame,0.0009365022001718026
0.01289203438970361,Happiness,Boredom,0.6411649182416985
0.01289203438970361,Happiness,Fear,0.00018406086825183983
0.01289203438970361,Happiness,Happiness,0.3483171072338909
0.01289203438970361,Happiness,Joy,0.0013373268700121084
0.01289203438970361,Happiness,Pride,0.00687618037003453
0.01289203438970361,Happiness,Sadness,9.487319885574968e-05
0.01289203438970361,Happiness,Shame,0.002025533217256415
0.01289203438970361,Joy,Boredom,0.0030691465257826817
0.01289203438970361,Joy,Fear,0.01984067798658037
0.01289203438970361,Joy,Happiness,0.006627032138155273
0.01289203438970361,Joy,Joy,0.07312605096603955
0.01289203438970361,Joy,Pride,0.3197180572740765
0.01289203438970361,Joy,Sadness,0.008831906970102037
0.01289203438970361,Joy,Shame,0.5687871281392631
0.01289203438970361,Pride,Boredom,0.0021715348077622912
0.01289203438970361,Pride,Fear,0.00018009541678905755
0.01289203438970361,Pride,Happiness,0.02872882398015674
0.01289203438970361,Pride,Joy,0.0006603504881671139
0.01289203438970361,Pride,Pride,0.7534453171000931
0.01289203438970361,Pride,Sadness,0.004023619931055704
0.01289203438970361,Pride,Shame,0.21079025827597575
0.01289203438970361,Sadness,Boredom,0.027685543584925643
0.01289203438970361,Sadness,Fear,0.7366203548160645
0.01289203438970361,Sadness,Happiness,0.008436074350602988
0.01289203438970361,Sadness,Joy,0.03801081074769793
0.01289203438970361,Sadness,Pride,0.019214009388516265
0.01289203438970361,Sadness,Sadness,0.006922705259717947
0.01289203438970361,Sadness,Shame,0.16311050185247444
0.01289203438970361,Shame,Boredom,0.00037633442391768067
0.01289203438970361,Shame,Fear,0.0003375984869870618
0.01289203438970361,Shame,Happiness,0.00022302111433566223
0.01289203438970361,Shame,Joy,0.0005359719194066567
0.01289203438970361,Shame,Pride,0.09482440820313034
0.01289203438970361,Shame,Sadness,0.0012359903976262659
0.01289203438970361,Shame,Shame,0.9024666754545961
0.013600321523695086,Boredom,Boredom,0.5644564957398497
0.013600321523695086,Boredom,Fear,0.06056637369793226
0.013600321523695086,Boredom,Happiness,0.04232762585347639
0.013600321523695086,Boredom,Joy,0.16928602160088874
0.013600321523695086,Boredom,Pride,0.039142376273864334
0.013600321523695086,Boredom,Sadness,0.014816716687310782
0.013600321523695086,Boredom,Shame,0.10940439014667731
0.013600321523695086,Fear,Boredom,0.0017299811289141404
0.013600321523695086,Fear,Fear,0.9952205697437698
0.013600321523695086,Fear,Happiness,0.0005417780156815131
0.013600321523695086,Fear,Joy,0.0007740029245626908
0.013600321523695086,Fear,Pride,0.0004684315114899095
0.013600321523695086,Fear,Sadness,0.00034290423659246344
0.013600321523695086,Fear,Shame,0.0009223324389892917
0.013600321523695086,Happiness,Boredom,0.6692353666430408
0.013600321523695086,Happiness,Fear,0.0001607648201446673
0.013600321523695086,Happiness,Happiness,0.3194930112532691
0.013600321523695086,Happiness,Joy,0.0013716784495825442
0.013600321523695086,Happiness,Pride,0.007579055724165799
0.013600321523695086,Happiness,Sadness,9.992451879141526e-05
0.013600321523695086,Happiness,Shame,0.0020601985910057934
0.013600321523695086,Joy,Boredom,0.002254748900877258
0.013600321523695086,Joy,Fear,0.016056286018553217
0.013600321523695086,Joy,Happiness,0.004906840274024287
0.013600321523695086,Joy,Joy,0.06112633351452704
0.013600321523695086,Joy,Pride,0.28340275835819595
0.013600321523695086,Joy,Sadness,0.006927811119726392
0.013600321523695086,Joy,Shame,0.6253252218140961
0.013600321523695086,Pride,Boredom,0.0020622112237027256
0.013600321523695086,Pride,Fear,0.00018310741725237602
0.013600321523695086,Pride,Happiness,0.02375744559309473
0.013600321523695086,Pride,Joy,0.0005350214358685999
0.013600321523695086,Pride,Pride,0.8116695418323104
0.013600321523695086,Pride,Sadness,0.004231534694262196
0.013600321523695086,Pride,Shame,0.15756113780350917
0.013600321523695086,Sadness,Boredom,0.028596173217062263
0.013600321523695086,Sadness,Fear,0.7398564878725943
0.013600321523695086,Sadness,Happiness,0.00848324533294093
0.013600321523695086,Sadness,Joy,0.03889447886228184
0.013600321523695086,Sadness,Pride,0.017470543073520955
0.013600321523695086,Sadness,Sadness,0.007005017144504334
0.013600321523695086,Sadness,Shame,0.1596940544970954
0.013600321523695086,Shame,Boredom,0.0002831050743459796
0.013600321523695086,Shame,Fear,0.00016845206143279484
0.013600321523695086,Shame,Happiness,0.00012698706253368874
0.013600321523695086,Shame,Joy,0.00014257991776570758
0.013600321523695086,Shame,Pride,0.03522622373624221
0.013600321523695086,Shame,Sadness,0.000491238618922705
0.013600321523695086,Shame,Shame,0.9635614135287569
0.014122568144208992,Boredom,Boredom,0.5550636079892853
0.014122568144208992,Boredom,Fear,0.06186987045872158
0.014122568144208992,Boredom,Happiness,0.045065694513987654
0.014122568144208992,Boredom,Joy,0.17009970973970553
0.014122568144208992,Boredom,Pride,0.04303593874722979
0.014122568144208992,Boredom,Sadness,0.015280372506097636
0.014122568144208992,Boredom,Shame,0.10958480604497253
0.014122568144208992,Fear,Boredom,0.001750450169504097
0.014122568144208992,Fear,Fear,0.995114727834955
0.014122568144208992,Fear,Happiness,0.0005390964969239475
0.014122568144208992,Fear,Joy,0.0007853070272137047
0.014122568144208992,Fear,Pride,0.0005004805158421269
0.014122568144208992,Fear,Sadness,0.0003496295549975579
0.014122568144208992,Fear,Shame,0.000960308400563795
0.014122568144208992,Happiness,Boredom,0.6673234818144533
0.014122568144208992,Happiness,Fear,0.00016316298213916297
0.014122568144208992,Happiness,Happiness,0.3211778210322055
0.014122568144208992,Happiness,Joy,0.0013861414926881227
0.014122568144208992,Happiness,Pride,0.007679554206302682
0.014122568144208992,Happiness,Sadness,0.00010138412221029302
0.014122568144208992,Happiness,Shame,0.0021684543500009243
0.014122568144208992,Joy,Boredom,0.0008005566713641942
0.014122568144208992,Joy,Fear,0.009825668246833761
0.014122568144208992,Joy,Happiness,0.0020022911111603025
0.014122568144208992,Joy,Joy,0.03554281773927256
0.014122568144208992,Joy,Pride,0.21665218434944342
0.014122568144208992,Joy,Sadness,0.003594753591242716
0.014122568144208992,Joy,Shame,0.7315817282906829
0.014122568144208992,Pride,Boredom,0.0021864192004672667
0.014122568144208992,Pride,Fear,0.0002126496535316133
0.014122568144208992,Pride,Happiness,0.028671825937962536
0.014122568144208992,Pride,Joy,0.0005925528812358581
0.014122568144208992,Pride,Pride,0.6819043006429228
0.014122568144208992,Pride,Sadness,0.0036967543499492523
0.014122568144208992,Pride,Shame,0.28273549733393055
0.014122568144208992,Sadness,Boredom,0.029188678846486613
0.014122568144208992,Sadness,Fear,0.739121834651572
0.014122568144208992,Sadness,Happiness,0.00850415542525865
0.014122568144208992,Sadness,Joy,0.03989890388635222
0.014122568144208992,Sadness,Pride,0.01857460258154547
0.014122568144208992,Sadness,Sadness,0.007199386331222786
0.014122568144208992,Sadness,Shame,0.15751243827756203
0.014122568144208992,Shame,Boredom,0.0003658906937701935
0.014122568144208992,Shame,Fear,0.00017837015410042723
0.014122568144208992,Shame,Happiness,0.0003315586406179395
0.014122568144208992,Shame,Joy,0.00028970596473834815
0.014122568144208992,Shame,Pride,0.025221766886306674
0.014122568144208992,Shame,Sadness,0.0004119780781580011
0.014122568144208992,Shame,Shame,0.9732007295823086
0.013499762629154765,Boredom,Boredom,0.5623439858116138
0.013499762629154765,Boredom,Fear,0.06033375683436382
0.013499762629154765,Boredom,Happiness,0.042590903414191604
0.013499762629154765,Boredom,Joy,0.16844259875356624
0.013499762629154765,Boredom,Pride,0.04264740307978266
0.013499762629154765,Boredom,Sadness,0.014733885766148572
0.013499762629154765,Boredom,Shame,0.10890746634033274
0.013499762629154765,Fear,Boredom,0.001738301716722141
0.013499762629154765,Fear,Fear,0.9951706201951341
0.013499762629154765,Fear,Happiness,0.0005433039241493273
0.013499762629154765,Fear,Joy,0.0007761805783105857
0.013499762629154765,Fear,Pride,0.0004911924314452328
0.013499762629154765,Fear,Sadness,0.00034220363487909707
0.013499762629154765,Fear,Shame,0.0009381975193592884
0.013499762629154765,Happiness,Boredom,0.6464297225245309
0.013499762629154765,Happiness,Fear,0.00017950533449877915
0.013499762629154765,Happiness,Happiness,0.34265646245101555
0.013499762629154765,Happiness,Joy,0.0013448015674045123
0.013499762629154765,Happiness,Pride,0.0071871492562631
0.013499762629154765,Happiness,Sadness,9.708414433592943e-05
0.013499762629154765,Happiness,Shame,0.002105274721951128
0.013499762629154765,Joy,Boredom,0.0007348164856758287
0.013499762629154765,Joy,Fear,0.008967963810160929
0.013499762629154765,Joy,Happiness,0.0018346360666187298
0.013499762629154765,Joy,Joy,0.033523624351407294
0.013499762629154765,Joy,Pride,0.19622674848782232
0.013499762629154765,Joy,Sadness,0.0033103673684931954
0.013499762629154765,Joy,Shame,0.7554018434298214
0.013499762629154765,Pride,Boredom,0.0022004195682702563
0.013499762629154765,Pride,Fear,0.00020414451935007628
0.013499762629154765,Pride,Happiness,0.029605900511319835
0.013499762629154765,Pride,Joy,0.0005913470425490471
0.013499762629154765,Pride,Pride,0.6794000230406662
0.013499762629154765,Pride,Sadness,0.0037065430473098644
0.013499762629154765,Pride,Shame,0.2842916222705346
0.013499762629154765,Sadness,Boredom,0.028502020166586484
0.013499762629154765,Sadness,Fear,0.7390854082975069
0.013499762629154765,Sadness,Happiness,0.008486459076890076
0.013499762629154765,Sadness,Joy,0.0388362675004795
0.013499762629154765,Sadness,Pride,0.018347075498348506
0.013499762629154765,Sadness,Sadness,0.007015810992827907
0.013499762629154765,Sadness,Shame,0.15972695846736015
0.013499762629154765,Shame,Boredom,0.0003407353672188855
0.013499762629154765,Shame,Fear,0.0001502337702415554
0.013499762629154765,Shame,Happiness,0.0002804265497366195
0.013499762629154765,Shame,Joy,0.00024524711117868847
0.013499762629154765,Shame,Pride,0.023072469041033612
0.013499762629154765,Shame,Sadness,0.00036404925167152853
0.013499762629154765,Shame,Shame,0.9755468389089189
0.013811203631442356,Boredom,Boredom,0.5584070307157802
0.013811203631442356,Boredom,Fear,0.06133133436378743
0.013811203631442356,Boredom,Happiness,0.043711658644587426
0.013811203631442356,Boredom,Joy,0.16953577519544946
0.013811203631442356,Boredom,Pride,0.04271773778594051
0.013811203631442356,Boredom,Sadness,0.014980048394180951
0.013811203631442356,Boredom,Shame,0.10931641490027377
0.013811203631442356,Fear,Boredom,0.001734034573800462
0.013811203631442356,Fear,Fear,0.9951886147626484
0.013811203631442356,Fear,Happiness,0.0005408156747900181
0.013811203631442356,Fear,Joy,0.00077721576166897
0.013811203631442356,Fear,Pride,0.000484900206626659
0.013811203631442356,Fear,Sadness,0.00034455132889428893
0.013811203631442356,Fear,Shame,0.0009298676915711631
0.013811203631442356,Happiness,Boredom,0.6705122970239256
0.013811203631442356,Happiness,Fear,0.00015961666657649613
0.013811203631442356,Happiness,Happiness,0.3182333850862159
0.013811203631442356,Happiness,Joy,0.001389252963659139
0.013811203631442356,Happiness,Pride,0.0075053124086144046
0.013811203631442356,Happiness,Sadness,9.954072748998012e-05
0.013811203631442356,Happiness,Shame,0.0021005951235182766
0.013811203631442356,Joy,Boredom,0.001984100884957868
0.013811203631442356,Joy,Fear,0.015241915072910625
0.013811203631442356,Joy,Happiness,0.004392046638579543
0.013811203631442356,Joy,Joy,0.057401043095252145
0.013811203631442356,Joy,Pride,0.27759515707383264
0.013811203631442356,Joy,Sadness,0.006343788924026452
0.013811203631442356,Joy,Shame,0.6370419483104406
0.013811203631442356,Pride,Boredom,0.002097863484591806
0.013811203631442356,Pride,Fear,0.00018610256514491175
0.013811203631442356,Pride,Happiness,0.02590079128199402
0.013811203631442356,Pride,Joy,0.0006317553724389876
0.013811203631442356,Pride,Pride,0.755951018573159
0.013811203631442356,Pride,Sadness,0.00398418563330106
0.013811203631442356,Pride,Shame,0.21124828308936988
0.013811203631442356,Sadness,Boredom,0.028824845970233822
0.013811203631442356,Sadness,Fear,0.7392968139106003
0.013811203631442356,Sadness,Happiness,0.008474229223116928
0.013811203631442356,Sadness,Joy,0.03917315468187762
0.013811203631442356,Sadness,Pride,0.018339641130133758
0.013811203631442356,Sadness,Sadness,0.0070714121512386995
0.013811203631442356,Sadness,Shame,0.15881990293279924
0.013811203631442356,Shame,Boredom,0.00031461558813995847
0.013811203631442356,Shame,Fear,0.00021853069314914166
0.013811203631442356,Shame,Happiness,0.00017204723033835637
0.013811203631442356,Shame,Joy,0.0002600818285642242
0.013811203631442356,Shame,Pride,0.0430114360165068
0.013811203631442356,Shame,Sadness,0.0006149405810972789
0.013811203631442356,Shame,Shame,0.9554083480622041
0.013833974025347594,Boredom,Boredom,0.5592066123616963
0.013833974025347594,Boredom,Fear,0.06123822107496926
0.013833974025347594,Boredom,Happiness,0.04390845322933522
0.013833974025347594,Boredom,Joy,0.17003383587505577
0.013833974025347594,Boredom,Pride,0.04087356994073461
0.013833974025347594,Boredom,Sadness,0.015063735563980442
0.013833974025347594,Boredom,Shame,0.10967557195422806
0.013833974025347594,Fear,Boredom,0.0017403105188871777
0.013833974025347594,Fear,Fear,0.9951672927449559
0.013833974025347594,Fear,Happiness,0.0005393105419667778
0.013833974025347594,Fear,Joy,0.0007741061167653334
0.013833974025347594,Fear,Pride,0.0004790761724554905
0.013833974025347594,Fear,Sadness,0.000346513208195894
0.013833974025347594,Fear,Shame,0.0009533906967734666
0.013833974025347594,Happiness,Boredom,0.6578867575099191
0.013833974025347594,Happiness,Fear,0.00017048638671212155
0.013833974025347594,Happiness,Happiness,0.3310280701073384
0.013833974025347594,Happiness,Joy,0.001383906388612077
0.013833974025347594,Happiness,Pride,0.007398071907730283
0.013833974025347594,Happiness,Sadness,9.919398034941948e-05
0.013833974025347594,Happiness,Shame,0.002033513719338597
0.013833974025347594,Joy,Boredom,0.0022454774464007827
0.013833974025347594,Joy,Fear,0.01603574556116329
0.013833974025347594,Joy,Happiness,0.004894294272872138
0.013833974025347594,Joy,Joy,0.061460552702939854
0.013833974025347594,Joy,Pride,0.2898301811500098
0.013833974025347594,Joy,Sadness,0.00694106422047669
0.013833974025347594,Joy,Shame,0.6185926846461371
0.013833974025347594,Pride,Boredom,0.0020801329684409548
0.013833974025347594,Pride,Fear,0.00018088284203851318
0.013833974025347594,Pride,Happiness,0.02587654771400864
0.013833974025347594,Pride,Joy,0.0005625294427113975
0.013833974025347594,Pride,Pride,0.7693725507009477
0.013833974025347594,Pride,Sadness,0.004049111095163129
0.013833974025347594,Pride,Shame,0.19787824523668934
0.013833974025347594,Sadness,Boredom,0.02885983634732258
0.013833974025347594,Sadness,Fear,0.7399299070784229
0.013833974025347594,Sadness,Happiness,0.00847965449099526
0.013833974025347594,Sadness,Joy,0.03916242313443096
0.013833974025347594,Sadness,Pride,0.018180800076549267
0.013833974025347594,Sadness,Sadness,0.0070912983055474565
0.013833974025347594,Sadness,Shame,0.15829608056673142
0.013833974025347594,Shame,Boredom,0.0003234117116799752
0.013833974025347594,Shame,Fear,0.0002267242443568055
0.013833974025347594,Shame,Happiness,0.00018483390122283466
0.013833974025347594,Shame,Joy,0.0002227508666860895
0.013833974025347594,Shame,Pride,0.045340343100865224
0.013833974025347594,Shame,Sadness,0.0006442410539128148
0.013833974025347594,Shame,Shame,0.9530576951212765
0.014312906253617362,Boredom,Boredom,0.5561590993147858
0.014312906253617362,Boredom,Fear,0.062200471973356306
0.014312906253617362,Boredom,Happiness,0.04527110448739586
0.014312906253617362,Boredom,Joy,0.1701101766596939
0.014312906253617362,Boredom,Pride,0.04189468505945561
0.014312906253617362,Boredom,Sadness,0.015317002012086953
0.014312906253617362,Boredom,Shame,0.1090474604932258
0.014312906253617362,Fear,Boredom,0.0017638967799739921
0.014312906253617362,Fear,Fear,0.9951456892437288
0.014312906253617362,Fear,Happiness,0.000540987756921276
0.014312906253617362,Fear,Joy,0.0007811938709041305
0.014312906253617362,Fear,Pride,0.0004953149151217788
0.014312906253617362,Fear,Sadness,0.00034855208944672137
0.014312906253617362,Fear,Shame,0.0009243653439034354
0.014312906253617362,Happiness,Boredom,0.6737023014588229
0.014312906253617362,Happiness,Fear,0.00015847548543326953
0.014312906253617362,Happiness,Happiness,0.31470369907451956
0.014312906253617362,Happiness,Joy,0.0013885783020186398
0.014312906253617362,Happiness,Pride,0.007822149084717676
0.014312906253617362,Happiness,Sadness,0.00010231011852580433
0.014312906253617362,Happiness,Shame,0.0021224864759622143
0.014312906253617362,Joy,Boredom,0.0008604956860041506
0.014312906253617362,Joy,Fear,0.011850823982675554
0.014312906253617362,Joy,Happiness,0.0022403409130139548
0.014312906253617362,Joy,Joy,0.03791237596489673
0.014312906253617362,Joy,Pride,0.2672361124318928
0.014312906253617362,Joy,Sadness,0.00420791592833122
0.014312906253617362,Joy,Shame,0.6756919350931858
0.014312906253617362,Pride,Boredom,0.002133820408543907
0.014312906253617362,Pride,Fear,0.00020650507203567262
0.014312906253617362,Pride,Happiness,0.026367718324908262
0.014312906253617362,Pride,Joy,0.0005284612512904902
0.014312906253617362,Pride,Pride,0.7111740883908383
0.014312906253617362,Pride,Sadness,0.003757221695199692
0.014312906253617362,Pride,Shame,0.255832184857184
0.014312906253617362,Sadness,Boredom,0.029482385212225216
0.014312906253617362,Sadness,Fear,0.7394969238478267
0.014312906253617362,Sadness,Happiness,0.008531230678026839
0.014312906253617362,Sadness,Joy,0.03971651982589228
0.014312906253617362,Sadness,Pride,0.018119272606843494
0.014312906253617362,Sadness,Sadness,0.007255818712515494
0.014312906253617362,Sadness,Shame,0.15739784911666987
0.014312906253617362,Shame,Boredom,0.00028455449207350815
0.014312906253617362,Shame,Fear,0.00018590267775579156
0.014312906253617362,Shame,Happiness,0.000135092270980248
0.014312906253617362,Shame,Joy,0.00011746605818548605
0.014312906253617362,Shame,Pride,0.036417330129253175
0.014312906253617362,Shame,Sadness,0.0005132566053994371
0.014312906253617362,Shame,Shame,0.9623463977663521
0.013677278646709335,Boredom,Boredom,0.5611261758819663
0.013677278646709335,Boredom,Fear,0.06067577039979916
0.013677278646709335,Boredom,Happiness,0.04271322653152787
0.013677278646709335,Boredom,Joy,0.16916033033080996
0.013677278646709335,Boredom,Pride,0.04171589331438079
0.013677278646709335,Boredom,Sadness,0.014868289499061835
0.013677278646709335,Boredom,Shame,0.10974031404245406
0.013677278646709335,Fear,Boredom,0.0017386133235025433
0.013677278646709335,Fear,Fear,0.995162887352271
0.013677278646709335,Fear,Happiness,0.0005393863164505118
0.013677278646709335,Fear,Joy,0.0007807942775591008
0.013677278646709335,Fear,Pride,0.00048325049809586323
0.013677278646709335,Fear,Sadness,0.0003466586559854995
0.013677278646709335,Fear,Shame,0.0009484095761356507
0.013677278646709335,Happiness,Boredom,0.6690753379898938
0.013677278646709335,Happiness,Fear,0.00016077393328477855
0.013677278646709335,Happiness,Happiness,0.3195721845219785
0.013677278646709335,Happiness,Joy,0.001382812406442586
0.013677278646709335,Happiness,Pride,0.007544302950762434
0.013677278646709335,Happiness,Sadness,0.00010008344782185588
0.013677278646709335,Happiness,Shame,0.0021645047498159795
0.013677278646709335,Joy,Boredom,0.001573325445987267
0.013677278646709335,Joy,Fear,0.014303057507255404
0.013677278646709335,Joy,Happiness,0.00363172396712983
0.013677278646709335,Joy,Joy,0.05222908484551489
0.013677278646709335,Joy,Pride,0.2882573355911389
0.013677278646709335,Joy,Sadness,0.005748255439030532
0.013677278646709335,Joy,Shame,0.6342572172039432
0.013677278646709335,Pride,Boredom,0.0020925294300663225
0.013677278646709335,Pride,Fear,0.0001828647508593721
0.013677278646709335,Pride,Happiness,0.025849389433118878
0.013677278646709335,Pride,Joy,0.000536030390772442
0.013677278646709335,Pride,Pride,0.7597121282310686
0.013677278646709335,Pride,Sadness,0.0040587875385512725
0.013677278646709335,Pride,Shame,0.20756827022556318
0.013677278646709335,Sadness,Boredom,0.028861430932492212
0.013677278646709335,Sadness,Fear,0.7373281070737762
0.013677278646709335,Sadness,Happiness,0.008448245146264903
0.013677278646709335,Sadness,Joy,0.03913382229939384
0.013677278646709335,Sadness,Pride,0.018231147588327796
0.013677278646709335,Sadness,Sadness,0.007090375064664286
0.013677278646709335,Sadness,Shame,0.16090687189508085
0.013677278646709335,Shame,Boredom,0.00031882328539465304
0.013677278646709335,Shame,Fear,0.0002211193891007123
0.013677278646709335,Shame,Happiness,0.0001779154009788356
0.013677278646709335,Shame,Joy,0.00017647037845090893
0.013677278646709335,Shame,Pride,0.04422555851409557
0.013677278646709335,Shame,Sadness,0.0006275993382644783
0.013677278646709335,Shame,Shame,0.954252513693715
0.014203741236895124,Boredom,Boredom,0.5550017174975788
0.014203741236895124,Boredom,Fear,0.06194547540328635
0.014203741236895124,Boredom,Happiness,0.04522689878068725
0.014203741236895124,Boredom,Joy,0.16998363002486255
0.014203741236895124,Boredom,Pride,0.04325170751523289
0.014203741236895124,Boredom,Sadness,0.015269432304542063
0.014203741236895124,Boredom,Shame,0.10932113847380999
0.014203741236895124,Fear,Boredom,0.0017663838161520668
0.014203741236895124,Fear,Fear,0.9951025656957279
0.014203741236895124,Fear,Happiness,0.0005398935371024238
0.014203741236895124,Fear,Joy,0.000787028819772553
0.014203741236895124,Fear,Pride,0.0004971276284380393
0.014203741236895124,Fear,Sadness,0.00034851682652323445
0.014203741236895124,Fear,Shame,0.0009584836762835999
0.014203741236895124,Happiness,Boredom,0.6732925821421729
0.014203741236895124,Happiness,Fear,0.0001580209611820559
0.014203741236895124,Happiness,Happiness,0.3153268595782009
0.014203741236895124,Happiness,Joy,0.0013868316616655544
0.014203741236895124,Happiness,Pride,0.007609970520682846
0.014203741236895124,Happiness,Sadness,0.00010052804588720306
0.014203741236895124,Happiness,Shame,0.002125207090208725
0.014203741236895124,Joy,Boredom,0.0018634758823379463
0.014203741236895124,Joy,Fear,0.014946423195517049
0.014203741236895124,Joy,Happiness,0.004158202024444503
0.014203741236895124,Joy,Joy,0.05604219869234895
0.014203741236895124,Joy,Pride,0.28093813857210714
0.014203741236895124,Joy,Sadness,0.006159636115602752
0.014203741236895124,Joy,Shame,0.6358919255176416
0.014203741236895124,Pride,Boredom,0.0021424457603386906
0.014203741236895124,Pride,Fear,0.00020114895636619184
0.014203741236895124,Pride,Happiness,0.026852117653805765
0.014203741236895124,Pride,Joy,0.000640222889568808
0.014203741236895124,Pride,Pride,0.7217935954840117
0.014203741236895124,Pride,Sadness,0.003791238386917328
0.014203741236895124,Pride,Shame,0.24457923086899175
0.014203741236895124,Sadness,Boredom,0.029410772974085345
0.014203741236895124,Sadness,Fear,0.739869239930668
0.014203741236895124,Sadness,Happiness,0.00851415847008817
0.014203741236895124,Sadness,Joy,0.04005656635053042
0.014203741236895124,Sadness,Pride,0.01872193833745023
0.014203741236895124,Sadness,Sadness,0.007254884104382711
0.014203741236895124,Sadness,Shame,0.156172439832795
0.014203741236895124,Shame,Boredom,0.00035302294928120733
0.014203741236895124,Shame,Fear,0.0002835865861536425
0.014203741236895124,Shame,Happiness,0.00022991123334386202
0.014203741236895124,Shame,Joy,0.00032089055771530585
0.014203741236895124,Shame,Pride,0.052391369921234485
0.014203741236895124,Shame,Sadness,0.0007433445393995632
0.014203741236895124,Shame,Shame,0.9456778742128716
