C,Story,Emotion,Val
0.0034390764377854786,Boredom,Boredom,0.9991309553001949
0.0034390764377854786,Boredom,Fear,0.0001265737067743606
0.0034390764377854786,Boredom,Happiness,6.984142093577426e-06
0.0034390764377854786,Boredom,Joy,0.00016967625072424769
0.0034390764377854786,Boredom,Pride,0.00017644760033187185
0.0034390764377854786,Boredom,Sadness,0.00011232939442972062
0.0034390764377854786,Boredom,Shame,0.0002770336054513208
0.0034390764377854786,Fear,Boredom,0.0003130091507561336
0.0034390764377854786,Fear,Fear,0.9837124250061193
0.0034390764377854786,Fear,Happiness,0.0004593997518064994
0.0034390764377854786,Fear,Joy,0.0005205524965313578
0.0034390764377854786,Fear,Pride,0.0007491827968216362
0.0034390764377854786,Fear,Sadness,0.004977149911209666
0.0034390764377854786,Fear,Shame,0.00926828088675555
0.0034390764377854786,Happiness,Boredom,0.09468235081267969
0.0034390764377854786,Happiness,Fear,0.0002528916271092863
0.0034390764377854786,Happiness,Happiness,0.8886718823617071
0.0034390764377854786,Happiness,Joy,0.0009198432193578024
0.0034390764377854786,Happiness,Pride,0.006842945507683718
0.0034390764377854786,Happiness,Sadness,0.0004646169777013827
0.0034390764377854786,Happiness,Shame,0.008165469493760817
0.0034390764377854786,Joy,Boredom,0.00019640156145920513
0.0034390764377854786,Joy,Fear,0.001461461136159649
0.0034390764377854786,Joy,Happiness,0.0005783922346328537
0.0034390764377854786,Joy,Joy,0.454933117661061
0.0034390764377854786,Joy,Pride,0.5036446943595907
0.0034390764377854786,Joy,Sadness,0.0007916402433036272
0.0034390764377854786,Joy,Shame,0.03839429280379284
0.0034390764377854786,Pride,Boredom,0.021437664064103044
0.0034390764377854786,Pride,Fear,0.003972806630587854
0.0034390764377854786,Pride,Happiness,0.08750330613189254
0.0034390764377854786,Pride,Joy,0.011144764837233081
0.0034390764377854786,Pride,Pride,0.4135437686357245
0.0034390764377854786,Pride,Sadness,0.002953081915232802
0.0034390764377854786,Pride,Shame,0.45944460778522594
0.0034390764377854786,Sadness,Boredom,0.00018075931887076539
0.0034390764377854786,Sadness,Fear,0.005318182296699281
0.0034390764377854786,Sadness,Happiness,0.00039012574464776794
0.0034390764377854786,Sadness,Joy,0.0007734459909658035
0.0034390764377854786,Sadness,Pride,0.0008730541591348123
0.0034390764377854786,Sadness,Sadness,0.9798633612099994
0.0034390764377854786,Sadness,Shame,0.012601071279682281
0.0034390764377854786,Shame,Boredom,6.0031737973956157e-05
0.0034390764377854786,Shame,Fear,0.013357020244439325
0.0034390764377854786,Shame,Happiness,1.599683937046349e-05
0.0034390764377854786,Shame,Joy,2.3344864686055168e-05
0.0034390764377854786,Shame,Pride,8.613981340189926e-05
0.0034390764377854786,Shame,Sadness,7.156865049370742e-05
0.0034390764377854786,Shame,Shame,0.9863858978496347
0.0031341065051364693,Boredom,Boredom,0.9991462502922474
0.0031341065051364693,Boredom,Fear,0.00012368833593283236
0.0031341065051364693,Boredom,Happiness,5.932708022681326e-06
0.0031341065051364693,Boredom,Joy,0.00017076320197324834
0.0031341065051364693,Boredom,Pride,0.00017044337793657398
0.0031341065051364693,Boredom,Sadness,0.00010726218939617
0.0031341065051364693,Boredom,Shame,0.0002756598944911647
0.0031341065051364693,Fear,Boredom,0.0003150071817741904
0.0031341065051364693,Fear,Fear,0.9832875412718123
0.0031341065051364693,Fear,Happiness,0.0004547279584386469
0.0031341065051364693,Fear,Joy,0.000538863690442016
0.0031341065051364693,Fear,Pride,0.0007659529282659647
0.0031341065051364693,Fear,Sadness,0.004958770129435668
0.0031341065051364693,Fear,Shame,0.009679136839831112
0.0031341065051364693,Happiness,Boredom,0.10112845601112784
0.0031341065051364693,Happiness,Fear,0.00024909136552475457
0.0031341065051364693,Happiness,Happiness,0.88114309957045
0.0031341065051364693,Happiness,Joy,0.0010029823988424225
0.0031341065051364693,Happiness,Pride,0.007101712520187148
0.0031341065051364693,Happiness,Sadness,0.0004943329694109378
0.0031341065051364693,Happiness,Shame,0.008880325164456979
0.0031341065051364693,Joy,Boredom,0.00020179203374312888
0.0031341065051364693,Joy,Fear,0.0014823355908228884
0.0031341065051364693,Joy,Happiness,0.0006042228769639274
0.0031341065051364693,Joy,Joy,0.4719812123287464
0.0031341065051364693,Joy,Pride,0.48970700956880103
0.0031341065051364693,Joy,Sadness,0.0008299829889987421
0.0031341065051364693,Joy,Shame,0.03519344461192418
0.0031341065051364693,Pride,Boredom,0.021522486632003825
0.0031341065051364693,Pride,Fear,0.0036941501757771712
0.0031341065051364693,Pride,Happiness,0.07443621351519812
0.0031341065051364693,Pride,Joy,0.010282925947503371
0.0031341065051364693,Pride,Pride,0.4224343731376963
0.0031341065051364693,Pride,Sadness,0.0028853041326631517
0.0031341065051364693,Pride,Shame,0.464744546459158
0.0031341065051364693,Sadness,Boredom,0.0001785196186339327
0.0031341065051364693,Sadness,Fear,0.005258761995673394
0.0031341065051364693,Sadness,Happiness,0.00039216010125805566
0.0031341065051364693,Sadness,Joy,0.0007816366568082411
0.0031341065051364693,Sadness,Pride,0.000866442368454873
0.0031341065051364693,Sadness,Sadness,0.9796691944439471
0.0031341065051364693,Sadness,Shame,0.012853284815224542
0.0031341065051364693,Shame,Boredom,5.332895531481132e-05
0.0031341065051364693,Shame,Fear,0.012112894366713903
0.0031341065051364693,Shame,Happiness,1.4730806473037143e-05
0.0031341065051364693,Shame,Joy,2.278381961345961e-05
0.0031341065051364693,Shame,Pride,8.27978783652079e-05
0.0031341065051364693,Shame,Sadness,6.682310640478005e-05
0.0031341065051364693,Shame,Shame,0.9876466410671148
0.003204641472059356,Boredom,Boredom,0.9991328324919713
0.003204641472059356,Boredom,Fear,0.00012451541334486166
0.003204641472059356,Boredom,Happiness,5.899643151110678e-06
0.003204641472059356,Boredom,Joy,0.00016953936672505938
0.003204641472059356,Boredom,Pride,0.00017106782269025498
0.003204641472059356,Boredom,Sadness,0.00011029816610137587
0.003204641472059356,Boredom,Shame,0.0002858470960161258
0.003204641472059356,Fear,Boredom,0.00031006798560956475
0.003204641472059356,Fear,Fear,0.9833950985620294
0.003204641472059356,Fear,Happiness,0.0004520147089005321
0.003204641472059356,Fear,Joy,0.0005332207515449863
0.003204641472059356,Fear,Pride,0.0007586874130052055
0.003204641472059356,Fear,Sadness,0.004943089629148795
0.003204641472059356,Fear,Shame,0.009607820949761526
0.003204641472059356,Happiness,Boredom,0.10199099055229549
0.003204641472059356,Happiness,Fear,0.0002548531563529347
0.003204641472059356,Happiness,Happiness,0.8800716207835908
0.003204641472059356,Happiness,Joy,0.0009997868712133843
0.003204641472059356,Happiness,Pride,0.007098248915908095
0.003204641472059356,Happiness,Sadness,0.000488627235997415
0.003204641472059356,Happiness,Shame,0.009095872484641665
0.003204641472059356,Joy,Boredom,0.00020294442372276368
0.003204641472059356,Joy,Fear,0.001467410606474831
0.003204641472059356,Joy,Happiness,0.0005890146483056206
0.003204641472059356,Joy,Joy,0.46649469675686356
0.003204641472059356,Joy,Pride,0.4935995069727758
0.003204641472059356,Joy,Sadness,0.0008072529783795687
0.003204641472059356,Joy,Shame,0.03683917361347773
0.003204641472059356,Pride,Boredom,0.02148784864992226
0.003204641472059356,Pride,Fear,0.0038026996191387365
0.003204641472059356,Pride,Happiness,0.07914073009046192
0.003204641472059356,Pride,Joy,0.010596357480418766
0.003204641472059356,Pride,Pride,0.4138278218338625
0.003204641472059356,Pride,Sadness,0.0029221218517792723
0.003204641472059356,Pride,Shame,0.4682224204744166
0.003204641472059356,Sadness,Boredom,0.00018139862608036972
0.003204641472059356,Sadness,Fear,0.005291830769456964
0.003204641472059356,Sadness,Happiness,0.00038909176714893015
0.003204641472059356,Sadness,Joy,0.0007812775279472795
0.003204641472059356,Sadness,Pride,0.0008723618279699717
0.003204641472059356,Sadness,Sadness,0.9795603553062265
0.003204641472059356,Sadness,Shame,0.012923684175170671
0.003204641472059356,Shame,Boredom,5.562527731040537e-05
0.003204641472059356,Shame,Fear,0.01249622782457425
0.003204641472059356,Shame,Happiness,1.510223339395726e-05
0.003204641472059356,Shame,Joy,2.3123108227784745e-05
0.003204641472059356,Shame,Pride,8.363589884888639e-05
0.003204641472059356,Shame,Sadness,6.790876095817341e-05
0.003204641472059356,Shame,Shame,0.9872583768966868
0.003257631505430153,Boredom,Boredom,0.9991329248396659
0.003257631505430153,Boredom,Fear,0.0001249806211135647
0.003257631505430153,Boredom,Happiness,6.457498780838848e-06
0.003257631505430153,Boredom,Joy,0.00016840980103627136
0.003257631505430153,Boredom,Pride,0.00017389423695808194
0.003257631505430153,Boredom,Sadness,0.00010922610068248401
0.003257631505430153,Boredom,Shame,0.00028410690176263533
0.003257631505430153,Fear,Boredom,0.00031107921438603645
0.003257631505430153,Fear,Fear,0.9836035759631426
0.003257631505430153,Fear,Happiness,0.00045477267174934315
0.003257631505430153,Fear,Joy,0.0005253300477334117
0.003257631505430153,Fear,Pride,0.000755896738787881
0.003257631505430153,Fear,Sadness,0.004902430422561713
0.003257631505430153,Fear,Shame,0.009446914941639063
0.003257631505430153,Happiness,Boredom,0.09818322706370437
0.003257631505430153,Happiness,Fear,0.0002498227910223103
0.003257631505430153,Happiness,Happiness,0.8844714676456538
0.003257631505430153,Happiness,Joy,0.0009576113752447075
0.003257631505430153,Happiness,Pride,0.006937814208389891
0.003257631505430153,Happiness,Sadness,0.0004804495957480799
0.003257631505430153,Happiness,Shame,0.008719607320236671
0.003257631505430153,Joy,Boredom,0.00020844260473120829
0.003257631505430153,Joy,Fear,0.0014493952623023778
0.003257631505430153,Joy,Happiness,0.0005909859133449805
0.003257631505430153,Joy,Joy,0.46292849880787657
0.003257631505430153,Joy,Pride,0.49658531801814765
0.003257631505430153,Joy,Sadness,0.0008069391354734723
0.003257631505430153,Joy,Shame,0.03743042025812352
0.003257631505430153,Pride,Boredom,0.021430818361652247
0.003257631505430153,Pride,Fear,0.0038421762875998538
0.003257631505430153,Pride,Happiness,0.08273427523435563
0.003257631505430153,Pride,Joy,0.010873364800832914
0.003257631505430153,Pride,Pride,0.420265032213812
0.003257631505430153,Pride,Sadness,0.002926751996515319
0.003257631505430153,Pride,Shame,0.4579275811052322
0.003257631505430153,Sadness,Boredom,0.00018045577641587264
0.003257631505430153,Sadness,Fear,0.0053109113160272154
0.003257631505430153,Sadness,Happiness,0.00038900779426992324
0.003257631505430153,Sadness,Joy,0.0007838766045057333
0.003257631505430153,Sadness,Pride,0.0008686091507506932
0.003257631505430153,Sadness,Sadness,0.9798404183993605
0.003257631505430153,Sadness,Shame,0.01262672095866991
0.003257631505430153,Shame,Boredom,5.7674010552531366e-05
0.003257631505430153,Shame,Fear,0.013059501221821682
0.003257631505430153,Shame,Happiness,1.586178236667913e-05
0.003257631505430153,Shame,Joy,2.381672387294203e-05
0.003257631505430153,Shame,Pride,8.667237009300504e-05
0.003257631505430153,Shame,Sadness,7.016071814801666e-05
0.003257631505430153,Shame,Shame,0.9866863131731453
0.003088429435324902,Boredom,Boredom,0.9991388429694164
0.003088429435324902,Boredom,Fear,0.00012436128088885682
0.003088429435324902,Boredom,Happiness,6.0669108393309725e-06
0.003088429435324902,Boredom,Joy,0.00017377561660064512
0.003088429435324902,Boredom,Pride,0.00016943002228688816
0.003088429435324902,Boredom,Sadness,0.0001082277630730864
0.003088429435324902,Boredom,Shame,0.00027929543689498903
0.003088429435324902,Fear,Boredom,0.0003129705538114018
0.003088429435324902,Fear,Fear,0.9833572846655827
0.003088429435324902,Fear,Happiness,0.00045485827296776036
0.003088429435324902,Fear,Joy,0.0005381487656687082
0.003088429435324902,Fear,Pride,0.0007655363310343299
0.003088429435324902,Fear,Sadness,0.0049796212528028985
0.003088429435324902,Fear,Shame,0.009591580158132038
0.003088429435324902,Happiness,Boredom,0.09987958434074676
0.003088429435324902,Happiness,Fear,0.00024361689959809173
0.003088429435324902,Happiness,Happiness,0.8827971868504749
0.003088429435324902,Happiness,Joy,0.0009970860248106333
0.003088429435324902,Happiness,Pride,0.0068635986500308385
0.003088429435324902,Happiness,Sadness,0.0004925575517167269
0.003088429435324902,Happiness,Shame,0.008726369682622023
0.003088429435324902,Joy,Boredom,0.00020787984577545605
0.003088429435324902,Joy,Fear,0.001493704531636976
0.003088429435324902,Joy,Happiness,0.0006041770487263297
0.003088429435324902,Joy,Joy,0.4699862783827423
0.003088429435324902,Joy,Pride,0.4909409722520452
0.003088429435324902,Joy,Sadness,0.000825497021612719
0.003088429435324902,Joy,Shame,0.03594149091746097
0.003088429435324902,Pride,Boredom,0.021591242567613238
0.003088429435324902,Pride,Fear,0.003713529168257236
0.003088429435324902,Pride,Happiness,0.07517673465047446
0.003088429435324902,Pride,Joy,0.0102794721677442
0.003088429435324902,Pride,Pride,0.42638576817116475
0.003088429435324902,Pride,Sadness,0.002888033501190983
0.003088429435324902,Pride,Shame,0.45996521977355453
0.003088429435324902,Sadness,Boredom,0.00017806731874315233
0.003088429435324902,Sadness,Fear,0.005296890737795828
0.003088429435324902,Sadness,Happiness,0.00039442659765585376
0.003088429435324902,Sadness,Joy,0.00078566474237844
0.003088429435324902,Sadness,Pride,0.0008756232631978568
0.003088429435324902,Sadness,Sadness,0.9796598915602018
0.003088429435324902,Sadness,Shame,0.01280943578002689
0.003088429435324902,Shame,Boredom,5.0308217512781976e-05
0.003088429435324902,Shame,Fear,0.01127487709361902
0.003088429435324902,Shame,Happiness,1.380558368009065e-05
0.003088429435324902,Shame,Joy,2.0823630129113016e-05
0.003088429435324902,Shame,Pride,7.728604006534399e-05
0.003088429435324902,Shame,Sadness,6.176201974683941e-05
0.003088429435324902,Shame,Shame,0.9885011374152467
0.0032002921161217663,Boredom,Boredom,0.999134418273918
0.0032002921161217663,Boredom,Fear,0.0001240570748152227
0.0032002921161217663,Boredom,Happiness,6.165846603124144e-06
0.0032002921161217663,Boredom,Joy,0.0001706891430283104
0.0032002921161217663,Boredom,Pride,0.00017204869204285532
0.0032002921161217663,Boredom,Sadness,0.00011008063956739144
0.0032002921161217663,Boredom,Shame,0.00028254033002502897
0.0032002921161217663,Fear,Boredom,0.00031003652642630443
0.0032002921161217663,Fear,Fear,0.9832588653766183
0.0032002921161217663,Fear,Happiness,0.0004563195550772614
0.0032002921161217663,Fear,Joy,0.0005348490770740239
0.0032002921161217663,Fear,Pride,0.0007602268877974639
0.0032002921161217663,Fear,Sadness,0.004938394496064839
0.0032002921161217663,Fear,Shame,0.00974130808094162
0.0032002921161217663,Happiness,Boredom,0.09888341841082637
0.0032002921161217663,Happiness,Fear,0.0002489004858268849
0.0032002921161217663,Happiness,Happiness,0.8835925169342465
0.0032002921161217663,Happiness,Joy,0.000967154316630664
0.0032002921161217663,Happiness,Pride,0.007053699117239089
0.0032002921161217663,Happiness,Sadness,0.000481416463890394
0.0032002921161217663,Happiness,Shame,0.008772894271340557
0.0032002921161217663,Joy,Boredom,0.00020646155826694384
0.0032002921161217663,Joy,Fear,0.0014614617898605887
0.0032002921161217663,Joy,Happiness,0.0005980853929563353
0.0032002921161217663,Joy,Joy,0.47044687139048574
0.0032002921161217663,Joy,Pride,0.48947377335763176
0.0032002921161217663,Joy,Sadness,0.0008247578316749201
0.0032002921161217663,Joy,Shame,0.03698858867912358
0.0032002921161217663,Pride,Boredom,0.021487939158716364
0.0032002921161217663,Pride,Fear,0.0037573695582264104
0.0032002921161217663,Pride,Happiness,0.07799412784650799
0.0032002921161217663,Pride,Joy,0.010452308694231385
0.0032002921161217663,Pride,Pride,0.4348947537785962
0.0032002921161217663,Pride,Sadness,0.0029111335689821494
0.0032002921161217663,Pride,Shame,0.4485023673947395
0.0032002921161217663,Sadness,Boredom,0.00018214459326913805
0.0032002921161217663,Sadness,Fear,0.005310907149887506
0.0032002921161217663,Sadness,Happiness,0.00039044566600627813
0.0032002921161217663,Sadness,Joy,0.0007798319391118645
0.0032002921161217663,Sadness,Pride,0.0008715123369532419
0.0032002921161217663,Sadness,Sadness,0.9798416336305317
0.0032002921161217663,Sadness,Shame,0.012623524684240474
0.0032002921161217663,Shame,Boredom,5.642638543293918e-05
0.0032002921161217663,Shame,Fear,0.012812721381145071
0.0032002921161217663,Shame,Happiness,1.5630879184009945e-05
0.0032002921161217663,Shame,Joy,2.3939833022833502e-05
0.0032002921161217663,Shame,Pride,8.668908105282855e-05
0.0032002921161217663,Shame,Sadness,6.980547008045614e-05
0.0032002921161217663,Shame,Shame,0.9869347869700817
0.003199874080424397,Boredom,Boredom,0.9991344549681246
0.003199874080424397,Boredom,Fear,0.0001238256040790393
0.003199874080424397,Boredom,Happiness,6.117398768378064e-06
0.003199874080424397,Boredom,Joy,0.0001705898286730245
0.003199874080424397,Boredom,Pride,0.00017216498268963815
0.003199874080424397,Boredom,Sadness,0.00010975257182599086
0.003199874080424397,Boredom,Shame,0.0002830946458396103
0.003199874080424397,Fear,Boredom,0.0003099945065587704
0.003199874080424397,Fear,Fear,0.983251024592199
0.003199874080424397,Fear,Happiness,0.0004554425178893918
0.003199874080424397,Fear,Joy,0.000534121189074986
0.003199874080424397,Fear,Pride,0.0007604960633489788
0.003199874080424397,Fear,Sadness,0.004916404292966905
0.003199874080424397,Fear,Shame,0.009772516837962451
0.003199874080424397,Happiness,Boredom,0.1016697397047445
0.003199874080424397,Happiness,Fear,0.00025374954274826094
0.003199874080424397,Happiness,Happiness,0.8805183855692524
0.003199874080424397,Happiness,Joy,0.0009977194320750032
0.003199874080424397,Happiness,Pride,0.007085124418154737
0.003199874080424397,Happiness,Sadness,0.0004898521695453275
0.003199874080424397,Happiness,Shame,0.008985429163479703
0.003199874080424397,Joy,Boredom,0.0002008319629667531
0.003199874080424397,Joy,Fear,0.0014707536983112877
0.003199874080424397,Joy,Happiness,0.0005840802814164575
0.003199874080424397,Joy,Joy,0.464786314679208
0.003199874080424397,Joy,Pride,0.4955962632373806
0.003199874080424397,Joy,Sadness,0.0008123917422745683
0.003199874080424397,Joy,Shame,0.0365493643984421
0.003199874080424397,Pride,Boredom,0.021583825368604613
0.003199874080424397,Pride,Fear,0.0038048340225552324
0.003199874080424397,Pride,Happiness,0.07970174390576766
0.003199874080424397,Pride,Joy,0.010607785225499882
0.003199874080424397,Pride,Pride,0.41383045597098833
0.003199874080424397,Pride,Sadness,0.0029273701548235102
0.003199874080424397,Pride,Shame,0.46754398535176067
0.003199874080424397,Sadness,Boredom,0.00018016429593106624
0.003199874080424397,Sadness,Fear,0.005279589195633948
0.003199874080424397,Sadness,Happiness,0.00038829156566257415
0.003199874080424397,Sadness,Joy,0.000782001629325048
0.003199874080424397,Sadness,Pride,0.0008709150779573322
0.003199874080424397,Sadness,Sadness,0.9796932723087243
0.003199874080424397,Sadness,Shame,0.012805765926765767
0.003199874080424397,Shame,Boredom,5.5893404731267044e-05
0.003199874080424397,Shame,Fear,0.012544005624296264
0.003199874080424397,Shame,Happiness,1.5268533827993888e-05
0.003199874080424397,Shame,Joy,2.3334978597179335e-05
0.003199874080424397,Shame,Pride,8.42376093530855e-05
0.003199874080424397,Shame,Sadness,6.79860169681603e-05
0.003199874080424397,Shame,Shame,0.9872092738322261
0.0029518445087740584,Boredom,Boredom,0.9991407427568976
0.0029518445087740584,Boredom,Fear,0.0001235584231994578
0.0029518445087740584,Boredom,Happiness,5.27853957010438e-06
0.0029518445087740584,Boredom,Joy,0.00017463376304636526
0.0029518445087740584,Boredom,Pride,0.00017257832442406089
0.0029518445087740584,Boredom,Sadness,0.00010802535814809093
0.0029518445087740584,Boredom,Shame,0.00027518283471427763
0.0029518445087740584,Fear,Boredom,0.00031403710162028844
0.0029518445087740584,Fear,Fear,0.9836199387540359
0.0029518445087740584,Fear,Happiness,0.00045411340717860016
0.0029518445087740584,Fear,Joy,0.0005454012895176369
0.0029518445087740584,Fear,Pride,0.0007618895439741499
0.0029518445087740584,Fear,Sadness,0.00497786951591604
0.0029518445087740584,Fear,Shame,0.009326750387756813
0.0029518445087740584,Happiness,Boredom,0.1141382804676671
0.0029518445087740584,Happiness,Fear,0.00026279852321121856
0.0029518445087740584,Happiness,Happiness,0.8657519713124886
0.0029518445087740584,Happiness,Joy,0.001158372440998382
0.0029518445087740584,Happiness,Pride,0.008013238892145566
0.0029518445087740584,Happiness,Sadness,0.0005087735316754158
0.0029518445087740584,Happiness,Shame,0.010166564831813616
0.0029518445087740584,Joy,Boredom,0.00021141809258580353
0.0029518445087740584,Joy,Fear,0.001531524344030518
0.0029518445087740584,Joy,Happiness,0.0006344414672959783
0.0029518445087740584,Joy,Joy,0.4803039225525357
0.0029518445087740584,Joy,Pride,0.48126022607870106
0.0029518445087740584,Joy,Sadness,0.000864621619356307
0.0029518445087740584,Joy,Shame,0.035193845845495106
0.0029518445087740584,Pride,Boredom,0.021608847988987264
0.0029518445087740584,Pride,Fear,0.003611180477649404
0.0029518445087740584,Pride,Happiness,0.06968827438988917
0.0029518445087740584,Pride,Joy,0.0100128402495119
0.0029518445087740584,Pride,Pride,0.43883122091564564
0.0029518445087740584,Pride,Sadness,0.002856759432729155
0.0029518445087740584,Pride,Shame,0.4533908765455873
0.0029518445087740584,Sadness,Boredom,0.00017932087430572557
0.0029518445087740584,Sadness,Fear,0.005337711865460549
0.0029518445087740584,Sadness,Happiness,0.00039147797973002215
0.0029518445087740584,Sadness,Joy,0.0007796008932792412
0.0029518445087740584,Sadness,Pride,0.0008751216165423406
0.0029518445087740584,Sadness,Sadness,0.9794547668934445
0.0029518445087740584,Sadness,Shame,0.01298199987723803
0.0029518445087740584,Shame,Boredom,5.277853038098038e-05
0.0029518445087740584,Shame,Fear,0.01213190815673619
0.0029518445087740584,Shame,Happiness,1.496213303739121e-05
0.0029518445087740584,Shame,Joy,2.3934392645900648e-05
0.0029518445087740584,Shame,Pride,8.670886270176708e-05
0.0029518445087740584,Shame,Sadness,6.739703173513658e-05
0.0029518445087740584,Shame,Shame,0.9876223108927625
0.0033439185753466865,Boredom,Boredom,0.9991363929530356
0.0033439185753466865,Boredom,Fear,0.00012539359260239433
0.0033439185753466865,Boredom,Happiness,6.718334838398089e-06
0.0033439185753466865,Boredom,Joy,0.0001717096805461233
0.0033439185753466865,Boredom,Pride,0.0001734060884591249
0.0033439185753466865,Boredom,Sadness,0.00011157011761548639
0.0033439185753466865,Boredom,Shame,0.0002748092329030958
0.0033439185753466865,Fear,Boredom,0.00031382559638790255
0.0033439185753466865,Fear,Fear,0.9835215501815822
0.0033439185753466865,Fear,Happiness,0.00045925141474654026
0.0033439185753466865,Fear,Joy,0.0005213224825271432
0.0033439185753466865,Fear,Pride,0.000753570477973334
0.0033439185753466865,Fear,Sadness,0.0049669482093565405
0.0033439185753466865,Fear,Shame,0.009463531637426408
0.0033439185753466865,Happiness,Boredom,0.09723917627207461
0.0033439185753466865,Happiness,Fear,0.0002516761926378592
0.0033439185753466865,Happiness,Happiness,0.8857450180199681
0.0033439185753466865,Happiness,Joy,0.0009589459588885443
0.0033439185753466865,Happiness,Pride,0.0068878858310236915
0.0033439185753466865,Happiness,Sadness,0.0004677946360563602
0.0033439185753466865,Happiness,Shame,0.008449503089350571
0.0033439185753466865,Joy,Boredom,0.00020412236572197904
0.0033439185753466865,Joy,Fear,0.0014350744520179822
0.0033439185753466865,Joy,Happiness,0.0005743229610696635
0.0033439185753466865,Joy,Joy,0.45357942644627264
0.0033439185753466865,Joy,Pride,0.5054702542336911
0.0033439185753466865,Joy,Sadness,0.0007924808738617438
0.0033439185753466865,Joy,Shame,0.037944318667364335
0.0033439185753466865,Pride,Boredom,0.021646641338222392
0.0033439185753466865,Pride,Fear,0.0039028392003543186
0.0033439185753466865,Pride,Happiness,0.08503139750030558
0.0033439185753466865,Pride,Joy,0.010914104533168826
0.0033439185753466865,Pride,Pride,0.4030085662238696
0.0033439185753466865,Pride,Sadness,0.0029660313974325357
0.0033439185753466865,Pride,Shame,0.4725304198066468
0.0033439185753466865,Sadness,Boredom,0.00018058182542856556
0.0033439185753466865,Sadness,Fear,0.005340941548604231
0.0033439185753466865,Sadness,Happiness,0.00038774688869166335
0.0033439185753466865,Sadness,Joy,0.0007708669697051185
0.0033439185753466865,Sadness,Pride,0.0008624659518711498
0.0033439185753466865,Sadness,Sadness,0.9799420722011498
0.0033439185753466865,Sadness,Shame,0.012515324614549407
0.0033439185753466865,Shame,Boredom,6.148615304946428e-05
0.0033439185753466865,Shame,Fear,0.013922887966836887
0.0033439185753466865,Shame,Happiness,1.6943733422182904e-05
0.0033439185753466865,Shame,Joy,2.5176764303928592e-05
0.0033439185753466865,Shame,Pride,9.10560984803653e-05
0.0033439185753466865,Shame,Sadness,7.517090190825597e-05
0.0033439185753466865,Shame,Shame,0.985807278381999
0.003284923314539834,Boredom,Boredom,0.9991326574221495
0.003284923314539834,Boredom,Fear,0.00012621799941125485
0.003284923314539834,Boredom,Happiness,6.57259291997642e-06
0.003284923314539834,Boredom,Joy,0.0001704769827072236
0.003284923314539834,Boredom,Pride,0.00017181196332836948
0.003284923314539834,Boredom,Sadness,0.00010986894614355036
0.003284923314539834,Boredom,Shame,0.00028239409334000895
0.003284923314539834,Fear,Boredom,0.0003108336235835638
0.003284923314539834,Fear,Fear,0.9835578166763621
0.003284923314539834,Fear,Happiness,0.00045660490160098023
0.003284923314539834,Fear,Joy,0.0005230370339236216
0.003284923314539834,Fear,Pride,0.000753918077249088
0.003284923314539834,Fear,Sadness,0.004873756370986247
0.003284923314539834,Fear,Shame,0.00952403331629464
0.003284923314539834,Happiness,Boredom,0.09901411583045852
0.003284923314539834,Happiness,Fear,0.000252911884965983
0.003284923314539834,Happiness,Happiness,0.8834028232682198
0.003284923314539834,Happiness,Joy,0.0009774541924830185
0.003284923314539834,Happiness,Pride,0.007092958209974106
0.003284923314539834,Happiness,Sadness,0.00048135493134865556
0.003284923314539834,Happiness,Shame,0.008778381682549938
0.003284923314539834,Joy,Boredom,0.00020590650109701838
0.003284923314539834,Joy,Fear,0.0014412855905658968
0.003284923314539834,Joy,Happiness,0.0005921847064215676
0.003284923314539834,Joy,Joy,0.46277192044811055
0.003284923314539834,Joy,Pride,0.4970184382724977
0.003284923314539834,Joy,Sadness,0.0008033597451601339
0.003284923314539834,Joy,Shame,0.03716690473614727
0.003284923314539834,Pride,Boredom,0.021567936793028524
0.003284923314539834,Pride,Fear,0.003839840116425364
0.003284923314539834,Pride,Happiness,0.08218122317168189
0.003284923314539834,Pride,Joy,0.010828468464373792
0.003284923314539834,Pride,Pride,0.4238230547367981
0.003284923314539834,Pride,Sadness,0.0029325878026686095
0.003284923314539834,Pride,Shame,0.45482688891502365
0.003284923314539834,Sadness,Boredom,0.00017817006357192155
0.003284923314539834,Sadness,Fear,0.00533215511511785
0.003284923314539834,Sadness,Happiness,0.0003897849170064798
0.003284923314539834,Sadness,Joy,0.0007806636700947873
0.003284923314539834,Sadness,Pride,0.0008726975496697408
0.003284923314539834,Sadness,Sadness,0.9796876757716311
0.003284923314539834,Sadness,Shame,0.012758852912907957
0.003284923314539834,Shame,Boredom,5.9162055711917725e-05
0.003284923314539834,Shame,Fear,0.013394460331238972
0.003284923314539834,Shame,Happiness,1.6210307686234756e-05
0.003284923314539834,Shame,Joy,2.4461349951301727e-05
0.003284923314539834,Shame,Pride,8.931920468054197e-05
0.003284923314539834,Shame,Sadness,7.130879367893906e-05
0.003284923314539834,Shame,Shame,0.9863450779570523
0.0031115509862715118,Boredom,Boredom,0.9991365092669251
0.0031115509862715118,Boredom,Fear,0.00012444817466711035
0.0031115509862715118,Boredom,Happiness,6.065243828794064e-06
0.0031115509862715118,Boredom,Joy,0.000172617127474919
0.0031115509862715118,Boredom,Pride,0.00016973581763736844
0.0031115509862715118,Boredom,Sadness,0.00010912801020798977
0.0031115509862715118,Boredom,Shame,0.00028149635925856615
0.0031115509862715118,Fear,Boredom,0.0003142834652699842
0.0031115509862715118,Fear,Fear,0.9831807791231933
0.0031115509862715118,Fear,Happiness,0.0004543016952457648
0.0031115509862715118,Fear,Joy,0.0005388193132158506
0.0031115509862715118,Fear,Pride,0.0007668849061363156
0.0031115509862715118,Fear,Sadness,0.005006984024424244
0.0031115509862715118,Fear,Shame,0.009737947472514536
0.0031115509862715118,Happiness,Boredom,0.10134523379466469
0.0031115509862715118,Happiness,Fear,0.00024746184105916565
0.0031115509862715118,Happiness,Happiness,0.8809218403164617
0.0031115509862715118,Happiness,Joy,0.0010157230451133435
0.0031115509862715118,Happiness,Pride,0.007058212833507548
0.0031115509862715118,Happiness,Sadness,0.0004992076790053304
0.0031115509862715118,Happiness,Shame,0.008912320490188598
0.0031115509862715118,Joy,Boredom,0.00020261818411432663
0.0031115509862715118,Joy,Fear,0.0014835917190690023
0.0031115509862715118,Joy,Happiness,0.0005921009788834302
0.0031115509862715118,Joy,Joy,0.469398827083883
0.0031115509862715118,Joy,Pride,0.49228082887969105
0.0031115509862715118,Joy,Sadness,0.0008229758830978122
0.0031115509862715118,Joy,Shame,0.03521905727126123
0.0031115509862715118,Pride,Boredom,0.021506502754022532
0.0031115509862715118,Pride,Fear,0.0037204492322738996
0.0031115509862715118,Pride,Happiness,0.07508160788446165
0.0031115509862715118,Pride,Joy,0.010306385474761185
0.0031115509862715118,Pride,Pride,0.42874376410828474
0.0031115509862715118,Pride,Sadness,0.0028950882502685373
0.0031115509862715118,Pride,Shame,0.45774620229592766
0.0031115509862715118,Sadness,Boredom,0.00018111339310749203
0.0031115509862715118,Sadness,Fear,0.0052715201270895715
0.0031115509862715118,Sadness,Happiness,0.00039312153222376383
0.0031115509862715118,Sadness,Joy,0.0007907065325394213
0.0031115509862715118,Sadness,Pride,0.000875132781891288
0.0031115509862715118,Sadness,Sadness,0.9797260220247795
0.0031115509862715118,Sadness,Shame,0.012762383608368998
0.0031115509862715118,Shame,Boredom,5.092453860615955e-05
0.0031115509862715118,Shame,Fear,0.011408663002382535
0.0031115509862715118,Shame,Happiness,1.3923117534689242e-05
0.0031115509862715118,Shame,Joy,2.1152739576897584e-05
0.0031115509862715118,Shame,Pride,7.821874702268894e-05
0.0031115509862715118,Shame,Sadness,6.331596432437319e-05
0.0031115509862715118,Shame,Shame,0.988363801890553
0.0031757394122415485,Boredom,Boredom,0.9991360481776672
0.0031757394122415485,Boredom,Fear,0.0001239991596354257
0.0031757394122415485,Boredom,Happiness,6.309126483830532e-06
0.0031757394122415485,Boredom,Joy,0.00017062219485740725
0.0031757394122415485,Boredom,Pride,0.00017222576016171447
0.0031757394122415485,Boredom,Sadness,0.00010944756406471385
0.0031757394122415485,Boredom,Shame,0.00028134801712950073
0.0031757394122415485,Fear,Boredom,0.0003085662837438869
0.0031757394122415485,Fear,Fear,0.9833671284728047
0.0031757394122415485,Fear,Happiness,0.0004560895047469968
0.0031757394122415485,Fear,Joy,0.0005322076727685655
0.0031757394122415485,Fear,Pride,0.0007641837707268855
0.0031757394122415485,Fear,Sadness,0.004954029605349533
0.0031757394122415485,Fear,Shame,0.009617794689859202
0.0031757394122415485,Happiness,Boredom,0.09881232282346557
0.0031757394122415485,Happiness,Fear,0.0002492607656117685
0.0031757394122415485,Happiness,Happiness,0.8837912175819009
0.0031757394122415485,Happiness,Joy,0.0009729145726434575
0.0031757394122415485,Happiness,Pride,0.006886326517669674
0.0031757394122415485,Happiness,Sadness,0.00048515126787949047
0.0031757394122415485,Happiness,Shame,0.008802806470829209
0.0031757394122415485,Joy,Boredom,0.0002008877245042217
0.0031757394122415485,Joy,Fear,0.0014726129102542518
0.0031757394122415485,Joy,Happiness,0.0005939943827636509
0.0031757394122415485,Joy,Joy,0.46372393114963806
0.0031757394122415485,Joy,Pride,0.4968662771226287
0.0031757394122415485,Joy,Sadness,0.00082288229738741
0.0031757394122415485,Joy,Shame,0.03631941441282356
0.0031757394122415485,Pride,Boredom,0.02144464087363547
0.0031757394122415485,Pride,Fear,0.0037783014446970613
0.0031757394122415485,Pride,Happiness,0.07805616412725896
0.0031757394122415485,Pride,Joy,0.010463396805986808
0.0031757394122415485,Pride,Pride,0.41447876455108934
0.0031757394122415485,Pride,Sadness,0.0029120068356590775
0.0031757394122415485,Pride,Shame,0.468866725361673
0.0031757394122415485,Sadness,Boredom,0.0001817669263012757
0.0031757394122415485,Sadness,Fear,0.005334958234984062
0.0031757394122415485,Sadness,Happiness,0.0003905468458899933
0.0031757394122415485,Sadness,Joy,0.0007807785892348727
0.0031757394122415485,Sadness,Pride,0.0008731332726993485
0.0031757394122415485,Sadness,Sadness,0.9797183878129511
0.0031757394122415485,Sadness,Shame,0.012720428317939306
0.0031757394122415485,Shame,Boredom,5.4632147062000735e-05
0.0031757394122415485,Shame,Fear,0.012423619858012394
0.0031757394122415485,Shame,Happiness,1.5135546054125582e-05
0.0031757394122415485,Shame,Joy,2.3136569300693525e-05
0.0031757394122415485,Shame,Pride,8.32632190904763e-05
0.0031757394122415485,Shame,Sadness,6.824903573123217e-05
0.0031757394122415485,Shame,Shame,0.987331963624749
0.0032714601228047684,Boredom,Boredom,0.9991341297559327
0.0032714601228047684,Boredom,Fear,0.00012631383661123325
0.0032714601228047684,Boredom,Happiness,6.034501954375293e-06
0.0032714601228047684,Boredom,Joy,0.00016901194817256555
0.0032714601228047684,Boredom,Pride,0.00017339853994565135
0.0032714601228047684,Boredom,Sadness,0.00010975365544175521
0.0032714601228047684,Boredom,Shame,0.0002813577619418141
0.0032714601228047684,Fear,Boredom,0.00031044330117989253
0.0032714601228047684,Fear,Fear,0.9836608192035485
0.0032714601228047684,Fear,Happiness,0.0004577021906342405
0.0032714601228047684,Fear,Joy,0.000523659393100748
0.0032714601228047684,Fear,Pride,0.000757355754403939
0.0032714601228047684,Fear,Sadness,0.004809892525359975
0.0032714601228047684,Fear,Shame,0.009480127631772875
0.0032714601228047684,Happiness,Boredom,0.09928657064110928
0.0032714601228047684,Happiness,Fear,0.00025349071311931863
0.0032714601228047684,Happiness,Happiness,0.8831031863656762
0.0032714601228047684,Happiness,Joy,0.0009713600011635711
0.0032714601228047684,Happiness,Pride,0.007111790680531703
0.0032714601228047684,Happiness,Sadness,0.0004850789886739399
0.0032714601228047684,Happiness,Shame,0.008788522609725995
0.0032714601228047684,Joy,Boredom,0.00020645834052894892
0.0032714601228047684,Joy,Fear,0.0014384130072357835
0.0032714601228047684,Joy,Happiness,0.0005869019297297268
0.0032714601228047684,Joy,Joy,0.46873331908040233
0.0032714601228047684,Joy,Pride,0.4907336184777485
0.0032714601228047684,Joy,Sadness,0.0008046711215958345
0.0032714601228047684,Joy,Shame,0.03749661804275875
0.0032714601228047684,Pride,Boredom,0.021571109522548523
0.0032714601228047684,Pride,Fear,0.0038126961893560733
0.0032714601228047684,Pride,Happiness,0.08069889620511421
0.0032714601228047684,Pride,Joy,0.01079924626733986
0.0032714601228047684,Pride,Pride,0.42993811634835344
0.0032714601228047684,Pride,Sadness,0.0029077703855075786
0.0032714601228047684,Pride,Shame,0.4502721650817804
0.0032714601228047684,Sadness,Boredom,0.00018036151537353937
0.0032714601228047684,Sadness,Fear,0.005329373504161669
0.0032714601228047684,Sadness,Happiness,0.0003906123149322762
0.0032714601228047684,Sadness,Joy,0.0007832593128273688
0.0032714601228047684,Sadness,Pride,0.0008755367101488468
0.0032714601228047684,Sadness,Sadness,0.9797544417954404
0.0032714601228047684,Sadness,Shame,0.01268641484711583
0.0032714601228047684,Shame,Boredom,6.194598049302349e-05
0.0032714601228047684,Shame,Fear,0.014126336289220477
0.0032714601228047684,Shame,Happiness,1.7199287185892105e-05
0.0032714601228047684,Shame,Joy,2.635907750839495e-05
0.0032714601228047684,Shame,Pride,9.501425062011525e-05
0.0032714601228047684,Shame,Sadness,7.46418798191406e-05
0.0032714601228047684,Shame,Shame,0.9855985032351529
0.003163038621302276,Boredom,Boredom,0.9991348091218698
0.003163038621302276,Boredom,Fear,0.00012344501322213215
0.003163038621302276,Boredom,Happiness,6.177071606489707e-06
0.003163038621302276,Boredom,Joy,0.0001713889514776164
0.003163038621302276,Boredom,Pride,0.0001722737363697575
0.003163038621302276,Boredom,Sadness,0.00010956024636164354
0.003163038621302276,Boredom,Shame,0.0002823458590927907
0.003163038621302276,Fear,Boredom,0.00030874910651327355
0.003163038621302276,Fear,Fear,0.9833065819505191
0.003163038621302276,Fear,Happiness,0.00045689969182800485
0.003163038621302276,Fear,Joy,0.0005444577678221122
0.003163038621302276,Fear,Pride,0.0007674280205190591
0.003163038621302276,Fear,Sadness,0.004918761110615147
0.003163038621302276,Fear,Shame,0.009697122352182903
0.003163038621302276,Happiness,Boredom,0.09971730965398737
0.003163038621302276,Happiness,Fear,0.00024788553336296327
0.003163038621302276,Happiness,Happiness,0.8826114897244872
0.003163038621302276,Happiness,Joy,0.000985245837075477
0.003163038621302276,Happiness,Pride,0.007078228053896781
0.003163038621302276,Happiness,Sadness,0.0004921818334559552
0.003163038621302276,Happiness,Shame,0.00886765936373435
0.003163038621302276,Joy,Boredom,0.00021622382714475138
0.003163038621302276,Joy,Fear,0.0014807497712244632
0.003163038621302276,Joy,Happiness,0.000639452764132696
0.003163038621302276,Joy,Joy,0.49500598170234605
0.003163038621302276,Joy,Pride,0.46629307253731034
0.003163038621302276,Joy,Sadness,0.0008641574892323015
0.003163038621302276,Joy,Shame,0.03550036190860939
0.003163038621302276,Pride,Boredom,0.02148552531536079
0.003163038621302276,Pride,Fear,0.0037686042089300604
0.003163038621302276,Pride,Happiness,0.07801222446657999
0.003163038621302276,Pride,Joy,0.011010669228993379
0.003163038621302276,Pride,Pride,0.42986367537054393
0.003163038621302276,Pride,Sadness,0.0029224453025185537
0.003163038621302276,Pride,Shame,0.4529368561070731
0.003163038621302276,Sadness,Boredom,0.0001805208096063687
0.003163038621302276,Sadness,Fear,0.005285011977835116
0.003163038621302276,Sadness,Happiness,0.0003933291284841656
0.003163038621302276,Sadness,Joy,0.0007755776121063784
0.003163038621302276,Sadness,Pride,0.0008698167350376643
0.003163038621302276,Sadness,Sadness,0.97984263542484
0.003163038621302276,Sadness,Shame,0.012653108312090476
0.003163038621302276,Shame,Boredom,5.295548251103046e-05
0.003163038621302276,Shame,Fear,0.011971347271783455
0.003163038621302276,Shame,Happiness,1.4638112535095093e-05
0.003163038621302276,Shame,Joy,2.2810062027732407e-05
0.003163038621302276,Shame,Pride,8.077184437570696e-05
0.003163038621302276,Shame,Sadness,6.546968645997933e-05
0.003163038621302276,Shame,Shame,0.9877920075403068
0.003165670096068771,Boredom,Boredom,0.999132883987143
0.003165670096068771,Boredom,Fear,0.00012400583640727355
0.003165670096068771,Boredom,Happiness,6.326066915422544e-06
0.003165670096068771,Boredom,Joy,0.00017248380862483587
0.003165670096068771,Boredom,Pride,0.00017156114962273606
0.003165670096068771,Boredom,Sadness,0.00011063026643797402
0.003165670096068771,Boredom,Shame,0.0002821088848487839
0.003165670096068771,Fear,Boredom,0.000309609065695187
0.003165670096068771,Fear,Fear,0.9832577074017305
0.003165670096068771,Fear,Happiness,0.0004582533351882113
0.003165670096068771,Fear,Joy,0.0005343553436605435
0.003165670096068771,Fear,Pride,0.0007632453079298807
0.003165670096068771,Fear,Sadness,0.004930310015887801
0.003165670096068771,Fear,Shame,0.009746519529907556
0.003165670096068771,Happiness,Boredom,0.09958119744238332
0.003165670096068771,Happiness,Fear,0.0002508502386066015
0.003165670096068771,Happiness,Happiness,0.8828562203278144
0.003165670096068771,Happiness,Joy,0.0009864847528064352
0.003165670096068771,Happiness,Pride,0.006980616015705748
0.003165670096068771,Happiness,Sadness,0.0004943858189118472
0.003165670096068771,Happiness,Shame,0.008850245403771802
0.003165670096068771,Joy,Boredom,0.00020212368461631724
0.003165670096068771,Joy,Fear,0.0014878776671184177
0.003165670096068771,Joy,Happiness,0.0005982440230983449
0.003165670096068771,Joy,Joy,0.46537657870113486
0.003165670096068771,Joy,Pride,0.4962127168676058
0.003165670096068771,Joy,Sadness,0.0008180222093725647
0.003165670096068771,Joy,Shame,0.03530443684705387
0.003165670096068771,Pride,Boredom,0.021473343614972395
0.003165670096068771,Pride,Fear,0.003783964148497154
0.003165670096068771,Pride,Happiness,0.07921596459896943
0.003165670096068771,Pride,Joy,0.010495907175541342
0.003165670096068771,Pride,Pride,0.42088267145000635
0.003165670096068771,Pride,Sadness,0.002902334503099514
0.003165670096068771,Pride,Shame,0.4612458145089134
0.003165670096068771,Sadness,Boredom,0.00017731035639724185
0.003165670096068771,Sadness,Fear,0.005333531057684246
0.003165670096068771,Sadness,Happiness,0.0003930205922459835
0.003165670096068771,Sadness,Joy,0.0007837069072270032
0.003165670096068771,Sadness,Pride,0.0008722239020945361
0.003165670096068771,Sadness,Sadness,0.9797359545345504
0.003165670096068771,Sadness,Shame,0.012704252649800723
0.003165670096068771,Shame,Boredom,5.710513625283532e-05
0.003165670096068771,Shame,Fear,0.012945259261598669
0.003165670096068771,Shame,Happiness,1.585382769822299e-05
0.003165670096068771,Shame,Joy,2.4455750756534467e-05
0.003165670096068771,Shame,Pride,8.724399839993964e-05
0.003165670096068771,Shame,Sadness,7.090927681490106e-05
0.003165670096068771,Shame,Shame,0.9867991727484785
0.002994480628505329,Boredom,Boredom,0.9991384236286873
0.002994480628505329,Boredom,Fear,0.00012432407040668787
0.002994480628505329,Boredom,Happiness,5.584331669759069e-06
0.002994480628505329,Boredom,Joy,0.00017568587854090506
0.002994480628505329,Boredom,Pride,0.00017380917699467776
0.002994480628505329,Boredom,Sadness,0.00010716728472216024
0.002994480628505329,Boredom,Shame,0.0002750056289786923
0.002994480628505329,Fear,Boredom,0.0003173491079138673
0.002994480628505329,Fear,Fear,0.9836687449497978
0.002994480628505329,Fear,Happiness,0.0004568001634120523
0.002994480628505329,Fear,Joy,0.0005434690540017462
0.002994480628505329,Fear,Pride,0.0007625958614106622
0.002994480628505329,Fear,Sadness,0.004931812855701142
0.002994480628505329,Fear,Shame,0.009319228007762432
0.002994480628505329,Happiness,Boredom,0.1108688605866784
0.002994480628505329,Happiness,Fear,0.00025824340178356574
0.002994480628505329,Happiness,Happiness,0.8696928198412204
0.002994480628505329,Happiness,Joy,0.001117773774843363
0.002994480628505329,Happiness,Pride,0.007777170584703022
0.002994480628505329,Happiness,Sadness,0.0005094031596754458
0.002994480628505329,Happiness,Shame,0.009775728651096082
0.002994480628505329,Joy,Boredom,0.00021441136032787473
0.002994480628505329,Joy,Fear,0.0015213326984581446
0.002994480628505329,Joy,Happiness,0.0006371009194893857
0.002994480628505329,Joy,Joy,0.4823255257374541
0.002994480628505329,Joy,Pride,0.47939917270655324
0.002994480628505329,Joy,Sadness,0.0008521996820261353
0.002994480628505329,Joy,Shame,0.0350502568956909
0.002994480628505329,Pride,Boredom,0.021552588978623253
0.002994480628505329,Pride,Fear,0.0036098743758377965
0.002994480628505329,Pride,Happiness,0.07134300114797773
0.002994480628505329,Pride,Joy,0.010166620251601281
0.002994480628505329,Pride,Pride,0.43547520515279364
0.002994480628505329,Pride,Sadness,0.0028310409287079824
0.002994480628505329,Pride,Shame,0.4550216691644582
0.002994480628505329,Sadness,Boredom,0.00018108728469717398
0.002994480628505329,Sadness,Fear,0.005394139017280652
0.002994480628505329,Sadness,Happiness,0.00039407685883753997
0.002994480628505329,Sadness,Joy,0.0007822336864056231
0.002994480628505329,Sadness,Pride,0.0008785891827209694
0.002994480628505329,Sadness,Sadness,0.9797664919922628
0.002994480628505329,Sadness,Shame,0.012603381977795595
0.002994480628505329,Shame,Boredom,5.229074457055107e-05
0.002994480628505329,Shame,Fear,0.011937353266992577
0.002994480628505329,Shame,Happiness,1.4849465585323987e-05
0.002994480628505329,Shame,Joy,2.329770981941115e-05
0.002994480628505329,Shame,Pride,8.415394157283094e-05
0.002994480628505329,Shame,Sadness,6.54275256714715e-05
0.002994480628505329,Shame,Shame,0.9878226273457877
0.003278429499850261,Boredom,Boredom,0.9991329484835243
0.003278429499850261,Boredom,Fear,0.0001263267022427876
0.003278429499850261,Boredom,Happiness,6.212661261552464e-06
0.003278429499850261,Boredom,Joy,0.00017196202146521045
0.003278429499850261,Boredom,Pride,0.00016995665960524675
0.003278429499850261,Boredom,Sadness,0.00011095747188559328
0.003278429499850261,Boredom,Shame,0.00028163600001564687
0.003278429499850261,Fear,Boredom,0.0003107206067952869
0.003278429499850261,Fear,Fear,0.9834411278414729
0.003278429499850261,Fear,Happiness,0.0004576376050548949
0.003278429499850261,Fear,Joy,0.0005272799586752897
0.003278429499850261,Fear,Pride,0.0007599023868000636
0.003278429499850261,Fear,Sadness,0.004860215610218896
0.003278429499850261,Fear,Shame,0.009643115990982772
0.003278429499850261,Happiness,Boredom,0.10039127735586942
0.003278429499850261,Happiness,Fear,0.00025480705774018315
0.003278429499850261,Happiness,Happiness,0.8818660152710436
0.003278429499850261,Happiness,Joy,0.000993163288001356
0.003278429499850261,Happiness,Pride,0.007133817100567245
0.003278429499850261,Happiness,Sadness,0.0004870088795656247
0.003278429499850261,Happiness,Shame,0.008873911047212581
0.003278429499850261,Joy,Boredom,0.00021845325531194969
0.003278429499850261,Joy,Fear,0.0014468654332482165
0.003278429499850261,Joy,Happiness,0.0006174863842752132
0.003278429499850261,Joy,Joy,0.47649692926207876
0.003278429499850261,Joy,Pride,0.48379123398660207
0.003278429499850261,Joy,Sadness,0.0008308692364400625
0.003278429499850261,Joy,Shame,0.03659816244204388
0.003278429499850261,Pride,Boredom,0.02156464183936976
0.003278429499850261,Pride,Fear,0.0038285062898949893
0.003278429499850261,Pride,Happiness,0.08172576230595371
0.003278429499850261,Pride,Joy,0.010994331282582159
0.003278429499850261,Pride,Pride,0.4234962506508669
0.003278429499850261,Pride,Sadness,0.002947548178964477
0.003278429499850261,Pride,Shame,0.455442959452368
0.003278429499850261,Sadness,Boredom,0.00017804861181744657
0.003278429499850261,Sadness,Fear,0.005302133322824535
0.003278429499850261,Sadness,Happiness,0.0003886837266767179
0.003278429499850261,Sadness,Joy,0.000782693740581655
0.003278429499850261,Sadness,Pride,0.0008761135960044961
0.003278429499850261,Sadness,Sadness,0.9800165004755097
0.003278429499850261,Sadness,Shame,0.012455826526585632
0.003278429499850261,Shame,Boredom,5.728898651848521e-05
0.003278429499850261,Shame,Fear,0.012855314402810219
0.003278429499850261,Shame,Happiness,1.5611143698253617e-05
0.003278429499850261,Shame,Joy,2.3515390087474242e-05
0.003278429499850261,Shame,Pride,8.607129424328223e-05
0.003278429499850261,Shame,Sadness,6.839439079481584e-05
0.003278429499850261,Shame,Shame,0.9868938043918475
0.0032175194056375984,Boredom,Boredom,0.999132106795624
0.0032175194056375984,Boredom,Fear,0.00012532219092142483
0.0032175194056375984,Boredom,Happiness,6.174216171002192e-06
0.0032175194056375984,Boredom,Joy,0.0001706979892435441
0.0032175194056375984,Boredom,Pride,0.00017077809889793133
0.0032175194056375984,Boredom,Sadness,0.00010978071644940722
0.0032175194056375984,Boredom,Shame,0.00028513999269254493
0.0032175194056375984,Fear,Boredom,0.00031049795655496617
0.0032175194056375984,Fear,Fear,0.9833880647850811
0.0032175194056375984,Fear,Happiness,0.00045505783616693195
0.0032175194056375984,Fear,Joy,0.0005379454712113762
0.0032175194056375984,Fear,Pride,0.000756779328771314
0.0032175194056375984,Fear,Sadness,0.004898147583320786
0.0032175194056375984,Fear,Shame,0.009653507038893788
0.0032175194056375984,Happiness,Boredom,0.09794403950983344
0.0032175194056375984,Happiness,Fear,0.0002476047219568494
0.0032175194056375984,Happiness,Happiness,0.8848052847503121
0.0032175194056375984,Happiness,Joy,0.0009578593199516682
0.0032175194056375984,Happiness,Pride,0.006852806007492203
0.0032175194056375984,Happiness,Sadness,0.000478566808179034
0.0032175194056375984,Happiness,Shame,0.008713838882274826
0.0032175194056375984,Joy,Boredom,0.00022425924095136564
0.0032175194056375984,Joy,Fear,0.0014768005506068647
0.0032175194056375984,Joy,Happiness,0.0006305579963838541
0.0032175194056375984,Joy,Joy,0.4870567083963703
0.0032175194056375984,Joy,Pride,0.47246359920995545
0.0032175194056375984,Joy,Sadness,0.0008447047155573115
0.0032175194056375984,Joy,Shame,0.0373033698901749
0.0032175194056375984,Pride,Boredom,0.021400276636937728
0.0032175194056375984,Pride,Fear,0.0038533697648466146
0.0032175194056375984,Pride,Happiness,0.08496069741458452
0.0032175194056375984,Pride,Joy,0.01141058775559434
0.0032175194056375984,Pride,Pride,0.4164991015641354
0.0032175194056375984,Pride,Sadness,0.002928234445804423
0.0032175194056375984,Pride,Shame,0.45894773241809717
0.0032175194056375984,Sadness,Boredom,0.00017874194236699575
0.0032175194056375984,Sadness,Fear,0.005264283197082595
0.0032175194056375984,Sadness,Happiness,0.00038861033142710923
0.0032175194056375984,Sadness,Joy,0.0007846179759212677
0.0032175194056375984,Sadness,Pride,0.0008632838577418963
0.0032175194056375984,Sadness,Sadness,0.9798297903283179
0.0032175194056375984,Sadness,Shame,0.012690672367142069
0.0032175194056375984,Shame,Boredom,5.683921409975555e-05
0.0032175194056375984,Shame,Fear,0.012743665997802541
0.0032175194056375984,Shame,Happiness,1.5512977937854933e-05
0.0032175194056375984,Shame,Joy,2.4016145882682794e-05
0.0032175194056375984,Shame,Pride,8.46729179167466e-05
0.0032175194056375984,Shame,Sadness,6.828350772764274e-05
0.0032175194056375984,Shame,Shame,0.987007009238633
0.0032388144946509227,Boredom,Boredom,0.9991337055477921
0.0032388144946509227,Boredom,Fear,0.00012525772759907968
0.0032388144946509227,Boredom,Happiness,6.278240681926232e-06
0.0032388144946509227,Boredom,Joy,0.00016928263611526168
0.0032388144946509227,Boredom,Pride,0.00017634817247760845
0.0032388144946509227,Boredom,Sadness,0.00010848491676539456
0.0032388144946509227,Boredom,Shame,0.00028064275856853936
0.0032388144946509227,Fear,Boredom,0.00031093716677630713
0.0032388144946509227,Fear,Fear,0.9832370984652078
0.0032388144946509227,Fear,Happiness,0.0004545165713319932
0.0032388144946509227,Fear,Joy,0.0005312104490767563
0.0032388144946509227,Fear,Pride,0.0007618216615350236
0.0032388144946509227,Fear,Sadness,0.004935194839152422
0.0032388144946509227,Fear,Shame,0.009769220846919693
0.0032388144946509227,Happiness,Boredom,0.10009171554836493
0.0032388144946509227,Happiness,Fear,0.00025416801266789536
0.0032388144946509227,Happiness,Happiness,0.882223861051115
0.0032388144946509227,Happiness,Joy,0.0009779697856693356
0.0032388144946509227,Happiness,Pride,0.007097080086351692
0.0032388144946509227,Happiness,Sadness,0.00048580784096266674
0.0032388144946509227,Happiness,Shame,0.008869397674868516
0.0032388144946509227,Joy,Boredom,0.00021032539956430618
0.0032388144946509227,Joy,Fear,0.0014501727857802156
0.0032388144946509227,Joy,Happiness,0.0005974079108941252
0.0032388144946509227,Joy,Joy,0.4687940384093394
0.0032388144946509227,Joy,Pride,0.4902645619644009
0.0032388144946509227,Joy,Sadness,0.0008115237785472872
0.0032388144946509227,Joy,Shame,0.03787196975147394
0.0032388144946509227,Pride,Boredom,0.02152266453518782
0.0032388144946509227,Pride,Fear,0.0038408463177870287
0.0032388144946509227,Pride,Happiness,0.0819622805797336
0.0032388144946509227,Pride,Joy,0.010889882241527805
0.0032388144946509227,Pride,Pride,0.41776292131995235
0.0032388144946509227,Pride,Sadness,0.0029301753602248844
0.0032388144946509227,Pride,Shame,0.4610912296455865
0.0032388144946509227,Sadness,Boredom,0.00017860382022636415
0.0032388144946509227,Sadness,Fear,0.005297781056958922
0.0032388144946509227,Sadness,Happiness,0.00039010499919587215
0.0032388144946509227,Sadness,Joy,0.000784987200452321
0.0032388144946509227,Sadness,Pride,0.0008782107958406756
0.0032388144946509227,Sadness,Sadness,0.9798807212792233
0.0032388144946509227,Sadness,Shame,0.012589590848102915
0.0032388144946509227,Shame,Boredom,5.841516151037897e-05
0.0032388144946509227,Shame,Fear,0.013256336978534093
0.0032388144946509227,Shame,Happiness,1.6093967080320518e-05
0.0032388144946509227,Shame,Joy,2.456921248006689e-05
0.0032388144946509227,Shame,Pride,8.848828818052686e-05
0.0032388144946509227,Shame,Sadness,7.174033242670315e-05
0.0032388144946509227,Shame,Shame,0.9864843560597878
0.002984116830373443,Boredom,Boredom,0.9991421707226721
0.002984116830373443,Boredom,Fear,0.0001246153450732915
0.002984116830373443,Boredom,Happiness,5.117430060396916e-06
0.002984116830373443,Boredom,Joy,0.00017503719162228627
0.002984116830373443,Boredom,Pride,0.00017228190260815856
0.002984116830373443,Boredom,Sadness,0.00010796142730742568
0.002984116830373443,Boredom,Shame,0.00027281598065605537
0.002984116830373443,Fear,Boredom,0.00031603639906137775
0.002984116830373443,Fear,Fear,0.9838286738483738
0.002984116830373443,Fear,Happiness,0.00045585602113955406
0.002984116830373443,Fear,Joy,0.0005380182283339867
0.002984116830373443,Fear,Pride,0.0007644964543633391
0.002984116830373443,Fear,Sadness,0.00492495048924298
0.002984116830373443,Fear,Shame,0.009171968559484824
0.002984116830373443,Happiness,Boredom,0.11320352409931195
0.002984116830373443,Happiness,Fear,0.0002620837645338936
0.002984116830373443,Happiness,Happiness,0.8669311782060928
0.002984116830373443,Happiness,Joy,0.001146266366306073
0.002984116830373443,Happiness,Pride,0.00798932006934505
0.002984116830373443,Happiness,Sadness,0.0005124652954971941
0.002984116830373443,Happiness,Shame,0.00995516219891333
0.002984116830373443,Joy,Boredom,0.00021415704501811158
0.002984116830373443,Joy,Fear,0.0015266648954436878
0.002984116830373443,Joy,Happiness,0.00063274368652864
0.002984116830373443,Joy,Joy,0.47472823951220944
0.002984116830373443,Joy,Pride,0.48765596383168425
0.002984116830373443,Joy,Sadness,0.0008497168879292737
0.002984116830373443,Joy,Shame,0.03439251414118701
0.002984116830373443,Pride,Boredom,0.021696453714188914
0.002984116830373443,Pride,Fear,0.00366783726106586
0.002984116830373443,Pride,Happiness,0.07076693323199064
0.002984116830373443,Pride,Joy,0.010043447820223907
0.002984116830373443,Pride,Pride,0.4470185314809818
0.002984116830373443,Pride,Sadness,0.002895470921832249
0.002984116830373443,Pride,Shame,0.44391132556971696
0.002984116830373443,Sadness,Boredom,0.00018105708049373598
0.002984116830373443,Sadness,Fear,0.005374758012976323
0.002984116830373443,Sadness,Happiness,0.00039258386064755865
0.002984116830373443,Sadness,Joy,0.0007798285215129135
0.002984116830373443,Sadness,Pride,0.0008763026846886978
0.002984116830373443,Sadness,Sadness,0.9795262545404335
0.002984116830373443,Sadness,Shame,0.012869215299247207
0.002984116830373443,Shame,Boredom,5.297688630605902e-05
0.002984116830373443,Shame,Fear,0.012166510555673644
0.002984116830373443,Shame,Happiness,1.5139153801495611e-05
0.002984116830373443,Shame,Joy,2.3620488482564247e-05
0.002984116830373443,Shame,Pride,8.621439071028693e-05
0.002984116830373443,Shame,Sadness,6.670879352701127e-05
0.002984116830373443,Shame,Shame,0.9875888297314991
0.003433444189068099,Boredom,Boredom,0.9991297214824176
0.003433444189068099,Boredom,Fear,0.00012634237173899827
0.003433444189068099,Boredom,Happiness,7.0578261192988705e-06
0.003433444189068099,Boredom,Joy,0.0001693997068125387
0.003433444189068099,Boredom,Pride,0.0001761176893908312
0.003433444189068099,Boredom,Sadness,0.0001120525362254173
0.003433444189068099,Boredom,Shame,0.00027930838729527796
0.003433444189068099,Fear,Boredom,0.0003137333662967832
0.003433444189068099,Fear,Fear,0.9835971032309786
0.003433444189068099,Fear,Happiness,0.00046132140663952874
0.003433444189068099,Fear,Joy,0.0005224359449936003
0.003433444189068099,Fear,Pride,0.000754940321781976
0.003433444189068099,Fear,Sadness,0.004965656102198045
0.003433444189068099,Fear,Shame,0.009384809627111567
0.003433444189068099,Happiness,Boredom,0.0925613860303202
0.003433444189068099,Happiness,Fear,0.0002486392300956147
0.003433444189068099,Happiness,Happiness,0.8911437611752903
0.003433444189068099,Happiness,Joy,0.0009000484767898417
0.003433444189068099,Happiness,Pride,0.006602571762658503
0.003433444189068099,Happiness,Sadness,0.0004591897040557722
0.003433444189068099,Happiness,Shame,0.008084403620789753
0.003433444189068099,Joy,Boredom,0.00020247987126329183
0.003433444189068099,Joy,Fear,0.0014621327454306164
0.003433444189068099,Joy,Happiness,0.0005933542111771239
0.003433444189068099,Joy,Joy,0.4586601662997106
0.003433444189068099,Joy,Pride,0.5002145950670261
0.003433444189068099,Joy,Sadness,0.0007997456859358046
0.003433444189068099,Joy,Shame,0.0380675261194566
0.003433444189068099,Pride,Boredom,0.02135803074424093
0.003433444189068099,Pride,Fear,0.003939194520220076
0.003433444189068099,Pride,Happiness,0.0870361102497108
0.003433444189068099,Pride,Joy,0.01112369011974734
0.003433444189068099,Pride,Pride,0.4091094740921004
0.003433444189068099,Pride,Sadness,0.0029308846874463784
0.003433444189068099,Pride,Shame,0.464502615586534
0.003433444189068099,Sadness,Boredom,0.000180196152279435
0.003433444189068099,Sadness,Fear,0.005375133804691877
0.003433444189068099,Sadness,Happiness,0.00039204917479213877
0.003433444189068099,Sadness,Joy,0.0007757658375358262
0.003433444189068099,Sadness,Pride,0.0008634991415964446
0.003433444189068099,Sadness,Sadness,0.9801860326341282
0.003433444189068099,Sadness,Shame,0.012227323254975933
0.003433444189068099,Shame,Boredom,6.15360285686109e-05
0.003433444189068099,Shame,Fear,0.013864385829295969
0.003433444189068099,Shame,Happiness,1.6689461574549882e-05
0.003433444189068099,Shame,Joy,2.4669105778412905e-05
0.003433444189068099,Shame,Pride,8.973886441355369e-05
0.003433444189068099,Shame,Sadness,7.398893068079542e-05
0.003433444189068099,Shame,Shame,0.9858689917796882
0.0032218263407398496,Boredom,Boredom,0.9991331332033649
0.0032218263407398496,Boredom,Fear,0.00012459122001644865
0.0032218263407398496,Boredom,Happiness,6.659253369887246e-06
0.0032218263407398496,Boredom,Joy,0.00017093569064949104
0.0032218263407398496,Boredom,Pride,0.00017481194316581555
0.0032218263407398496,Boredom,Sadness,0.00010929973775056856
0.0032218263407398496,Boredom,Shame,0.0002805689516832283
0.0032218263407398496,Fear,Boredom,0.0003095538125342563
0.0032218263407398496,Fear,Fear,0.9833967121518528
0.0032218263407398496,Fear,Happiness,0.00045592568185679394
0.0032218263407398496,Fear,Joy,0.0005295000264189934
0.0032218263407398496,Fear,Pride,0.0007543041569581858
0.0032218263407398496,Fear,Sadness,0.004905217595812358
0.0032218263407398496,Fear,Shame,0.009648786574566299
0.0032218263407398496,Happiness,Boredom,0.0979847541571576
0.0032218263407398496,Happiness,Fear,0.0002483855963565404
0.0032218263407398496,Happiness,Happiness,0.8847733765982247
0.0032218263407398496,Happiness,Joy,0.0009592540699127632
0.0032218263407398496,Happiness,Pride,0.006917499854102646
0.0032218263407398496,Happiness,Sadness,0.0004805159282566771
0.0032218263407398496,Happiness,Shame,0.00863621379598909
0.0032218263407398496,Joy,Boredom,0.0002059449283983067
0.0032218263407398496,Joy,Fear,0.0014584223576726775
0.0032218263407398496,Joy,Happiness,0.0005878153985025268
0.0032218263407398496,Joy,Joy,0.46798811230906784
0.0032218263407398496,Joy,Pride,0.4920350945129837
0.0032218263407398496,Joy,Sadness,0.0008035771796392405
0.0032218263407398496,Joy,Shame,0.036921033313736015
0.0032218263407398496,Pride,Boredom,0.021499588027140304
0.0032218263407398496,Pride,Fear,0.0038330112289616204
0.0032218263407398496,Pride,Happiness,0.08202120616600042
0.0032218263407398496,Pride,Joy,0.010870055283053482
0.0032218263407398496,Pride,Pride,0.41904648264783073
0.0032218263407398496,Pride,Sadness,0.0029270583613753825
0.0032218263407398496,Pride,Shame,0.45980259828563763
0.0032218263407398496,Sadness,Boredom,0.0001783142843819016
0.0032218263407398496,Sadness,Fear,0.005268286207365169
0.0032218263407398496,Sadness,Happiness,0.0003883225319517757
0.0032218263407398496,Sadness,Joy,0.000783838451611568
0.0032218263407398496,Sadness,Pride,0.0008693600961066884
0.0032218263407398496,Sadness,Sadness,0.9798526402893601
0.0032218263407398496,Sadness,Shame,0.01265923813922244
0.0032218263407398496,Shame,Boredom,5.981497556809711e-05
0.0032218263407398496,Shame,Fear,0.01352019841836332
0.0032218263407398496,Shame,Happiness,1.648431003655405e-05
0.0032218263407398496,Shame,Joy,2.5296042733607658e-05
0.0032218263407398496,Shame,Pride,8.98933653121246e-05
0.0032218263407398496,Shame,Sadness,7.256403801307975e-05
0.0032218263407398496,Shame,Shame,0.9862157488499734
0.003145250144166804,Boredom,Boredom,0.9991379771593133
0.003145250144166804,Boredom,Fear,0.00012351730779895374
0.003145250144166804,Boredom,Happiness,6.13456370380975e-06
0.003145250144166804,Boredom,Joy,0.00017174821606559952
0.003145250144166804,Boredom,Pride,0.00017255306032473407
0.003145250144166804,Boredom,Sadness,0.0001092829781466345
0.003145250144166804,Boredom,Shame,0.0002787867146468474
0.003145250144166804,Fear,Boredom,0.0003102463483571498
0.003145250144166804,Fear,Fear,0.983377358424086
0.003145250144166804,Fear,Happiness,0.0004571278780232394
0.003145250144166804,Fear,Joy,0.0005359694947320315
0.003145250144166804,Fear,Pride,0.0007700386517274576
0.003145250144166804,Fear,Sadness,0.004934287967205291
0.003145250144166804,Fear,Shame,0.009614971235869098
0.003145250144166804,Happiness,Boredom,0.10043944990550253
0.003145250144166804,Happiness,Fear,0.0002490907048170482
0.003145250144166804,Happiness,Happiness,0.881887066748199
0.003145250144166804,Happiness,Joy,0.0009984466618356345
0.003145250144166804,Happiness,Pride,0.007065203161155653
0.003145250144166804,Happiness,Sadness,0.000497955586491849
0.003145250144166804,Happiness,Shame,0.008862787231997866
0.003145250144166804,Joy,Boredom,0.00019974349599390025
0.003145250144166804,Joy,Fear,0.0014741428748239502
0.003145250144166804,Joy,Happiness,0.0005956813931971901
0.003145250144166804,Joy,Joy,0.47012633392929193
0.003145250144166804,Joy,Pride,0.4913696573196123
0.003145250144166804,Joy,Sadness,0.0008275877268380241
0.003145250144166804,Joy,Shame,0.03540685326024276
0.003145250144166804,Pride,Boredom,0.021437258728297572
0.003145250144166804,Pride,Fear,0.0037291292232364054
0.003145250144166804,Pride,Happiness,0.0754161034369872
0.003145250144166804,Pride,Joy,0.010305391644014695
0.003145250144166804,Pride,Pride,0.41970418302569107
0.003145250144166804,Pride,Sadness,0.0029015641582652275
0.003145250144166804,Pride,Shame,0.4665063697835077
0.003145250144166804,Sadness,Boredom,0.00017969301116384757
0.003145250144166804,Sadness,Fear,0.005274090935733431
0.003145250144166804,Sadness,Happiness,0.000395111022492509
0.003145250144166804,Sadness,Joy,0.0007852160995387071
0.003145250144166804,Sadness,Pride,0.0008773238745378177
0.003145250144166804,Sadness,Sadness,0.9799759546559184
0.003145250144166804,Sadness,Shame,0.012512610400615255
0.003145250144166804,Shame,Boredom,5.213975391336359e-05
0.003145250144166804,Shame,Fear,0.011804142260519056
0.003145250144166804,Shame,Happiness,1.4430904442838812e-05
0.003145250144166804,Shame,Joy,2.194173201189913e-05
0.003145250144166804,Shame,Pride,8.062959724130789e-05
0.003145250144166804,Shame,Sadness,6.481061532571747e-05
0.003145250144166804,Shame,Shame,0.9879619051365459
0.003486954145363486,Boredom,Boredom,0.9991343983260568
0.003486954145363486,Boredom,Fear,0.00012608326256258453
0.003486954145363486,Boredom,Happiness,6.909441264766731e-06
0.003486954145363486,Boredom,Joy,0.00017048870830018277
0.003486954145363486,Boredom,Pride,0.00017525613589124576
0.003486954145363486,Boredom,Sadness,0.00011195784703796132
0.003486954145363486,Boredom,Shame,0.00027490627888658066
0.003486954145363486,Fear,Boredom,0.00031328484217899954
0.003486954145363486,Fear,Fear,0.9835849855720732
0.003486954145363486,Fear,Happiness,0.00045538058893737377
0.003486954145363486,Fear,Joy,0.0005200592164219784
0.003486954145363486,Fear,Pride,0.0007391860174983301
0.003486954145363486,Fear,Sadness,0.004928896899369833
0.003486954145363486,Fear,Shame,0.009458206863520387
0.003486954145363486,Happiness,Boredom,0.09276252575775998
0.003486954145363486,Happiness,Fear,0.00024738384928548964
0.003486954145363486,Happiness,Happiness,0.8911341456999261
0.003486954145363486,Happiness,Joy,0.000895682758634723
0.003486954145363486,Happiness,Pride,0.006467763924456385
0.003486954145363486,Happiness,Sadness,0.00045806322563113046
0.003486954145363486,Happiness,Shame,0.008034434784306252
0.003486954145363486,Joy,Boredom,0.00019172090214261868
0.003486954145363486,Joy,Fear,0.001433876363733389
0.003486954145363486,Joy,Happiness,0.0005684693548734887
0.003486954145363486,Joy,Joy,0.4550893382541105
0.003486954145363486,Joy,Pride,0.5038919306895868
0.003486954145363486,Joy,Sadness,0.000791776788028195
0.003486954145363486,Joy,Shame,0.038032887647525104
0.003486954145363486,Pride,Boredom,0.02112815404396208
0.003486954145363486,Pride,Fear,0.004008317658000361
0.003486954145363486,Pride,Happiness,0.09143317994669191
0.003486954145363486,Pride,Joy,0.011397424500627923
0.003486954145363486,Pride,Pride,0.39570088798163594
0.003486954145363486,Pride,Sadness,0.0029600188296821004
0.003486954145363486,Pride,Shame,0.4733720170393995
0.003486954145363486,Sadness,Boredom,0.0001795964878344328
0.003486954145363486,Sadness,Fear,0.005390037049819235
0.003486954145363486,Sadness,Happiness,0.0003890504367878265
0.003486954145363486,Sadness,Joy,0.0007755771426860812
0.003486954145363486,Sadness,Pride,0.0008753062277952175
0.003486954145363486,Sadness,Sadness,0.9796925692321417
0.003486954145363486,Sadness,Shame,0.012697863422935402
0.003486954145363486,Shame,Boredom,5.651785084367034e-05
0.003486954145363486,Shame,Fear,0.012699172710059626
0.003486954145363486,Shame,Happiness,1.505070987750479e-05
0.003486954145363486,Shame,Joy,2.1955397054610493e-05
0.003486954145363486,Shame,Pride,7.926666690992114e-05
0.003486954145363486,Shame,Sadness,6.758359483726498e-05
0.003486954145363486,Shame,Shame,0.9870604530704176
0.0031935814461028804,Boredom,Boredom,0.9991336707277724
0.0031935814461028804,Boredom,Fear,0.00012481941411033627
0.0031935814461028804,Boredom,Happiness,6.252345707122398e-06
0.0031935814461028804,Boredom,Joy,0.0001707487547177831
0.0031935814461028804,Boredom,Pride,0.00017255989027450955
0.0031935814461028804,Boredom,Sadness,0.00010988058699046845
0.0031935814461028804,Boredom,Shame,0.00028206828042743795
0.0031935814461028804,Fear,Boredom,0.0003101311402642525
0.0031935814461028804,Fear,Fear,0.9834658647363322
0.0031935814461028804,Fear,Happiness,0.0004556744072312289
0.0031935814461028804,Fear,Joy,0.0005345548581539463
0.0031935814461028804,Fear,Pride,0.0007622647523959671
0.0031935814461028804,Fear,Sadness,0.004926926225152366
0.0031935814461028804,Fear,Shame,0.009544583880470168
0.0031935814461028804,Happiness,Boredom,0.09947444601927292
0.0031935814461028804,Happiness,Fear,0.0002492095060334841
0.0031935814461028804,Happiness,Happiness,0.8829817423152327
0.0031935814461028804,Happiness,Joy,0.0009730153496708767
0.0031935814461028804,Happiness,Pride,0.007011552515133402
0.0031935814461028804,Happiness,Sadness,0.00047759478159080143
0.0031935814461028804,Happiness,Shame,0.008832439513066075
0.0031935814461028804,Joy,Boredom,0.00019972066229500553
0.0031935814461028804,Joy,Fear,0.0014516405437548384
0.0031935814461028804,Joy,Happiness,0.0005785540259317902
0.0031935814461028804,Joy,Joy,0.4656299046648852
0.0031935814461028804,Joy,Pride,0.49504900803005425
0.0031935814461028804,Joy,Sadness,0.0008134414987128501
0.0031935814461028804,Joy,Shame,0.03627773057436595
0.0031935814461028804,Pride,Boredom,0.021410065323404028
0.0031935814461028804,Pride,Fear,0.003761109584089327
0.0031935814461028804,Pride,Happiness,0.07765819461760103
0.0031935814461028804,Pride,Joy,0.010545989177885953
0.0031935814461028804,Pride,Pride,0.4192679459878169
0.0031935814461028804,Pride,Sadness,0.0029135739553148112
0.0031935814461028804,Pride,Shame,0.4644431213538879
0.0031935814461028804,Sadness,Boredom,0.0001808992060730721
0.0031935814461028804,Sadness,Fear,0.0052840904569882614
0.0031935814461028804,Sadness,Happiness,0.00039115557593402895
0.0031935814461028804,Sadness,Joy,0.0007859951141115901
0.0031935814461028804,Sadness,Pride,0.0008771948194800612
0.0031935814461028804,Sadness,Sadness,0.9798080824052793
0.0031935814461028804,Sadness,Shame,0.012672582422133517
0.0031935814461028804,Shame,Boredom,5.5721499106927246e-05
0.0031935814461028804,Shame,Fear,0.012652518439732297
0.0031935814461028804,Shame,Happiness,1.543025305143406e-05
0.0031935814461028804,Shame,Joy,2.365028528291321e-05
0.0031935814461028804,Shame,Pride,8.541970872384525e-05
0.0031935814461028804,Shame,Sadness,6.89866108716411e-05
0.0031935814461028804,Shame,Shame,0.9870982732032308
0.0029948430509021155,Boredom,Boredom,0.9991323379818673
0.0029948430509021155,Boredom,Fear,0.00012438276449648313
0.0029948430509021155,Boredom,Happiness,5.574310180932156e-06
0.0029948430509021155,Boredom,Joy,0.0001767389424316428
0.0029948430509021155,Boredom,Pride,0.000174049393927638
0.0029948430509021155,Boredom,Sadness,0.00010809631905413605
0.0029948430509021155,Boredom,Shame,0.0002788202880418473
0.0029948430509021155,Fear,Boredom,0.00031544779612333214
0.0029948430509021155,Fear,Fear,0.983587359922881
0.0029948430509021155,Fear,Happiness,0.0004560682972603986
0.0029948430509021155,Fear,Joy,0.0005407377170339157
0.0029948430509021155,Fear,Pride,0.0007673131040148795
0.0029948430509021155,Fear,Sadness,0.004943791723494056
0.0029948430509021155,Fear,Shame,0.009389281439192236
0.0029948430509021155,Happiness,Boredom,0.1108116486943412
0.0029948430509021155,Happiness,Fear,0.0002584592389935762
0.0029948430509021155,Happiness,Happiness,0.8697549269983916
0.0029948430509021155,Happiness,Joy,0.0011198293205371293
0.0029948430509021155,Happiness,Pride,0.007733891910236964
0.0029948430509021155,Happiness,Sadness,0.0005115122224776152
0.0029948430509021155,Happiness,Shame,0.009809731615021666
0.0029948430509021155,Joy,Boredom,0.00020701451038809433
0.0029948430509021155,Joy,Fear,0.0014997436329934513
0.0029948430509021155,Joy,Happiness,0.0006165894094164501
0.0029948430509021155,Joy,Joy,0.47639020879136673
0.0029948430509021155,Joy,Pride,0.4851514539548512
0.0029948430509021155,Joy,Sadness,0.0008374839114861651
0.0029948430509021155,Joy,Shame,0.03529750578949812
0.0029948430509021155,Pride,Boredom,0.021581861802539147
0.0029948430509021155,Pride,Fear,0.003663918322111357
0.0029948430509021155,Pride,Happiness,0.07291219702069762
0.0029948430509021155,Pride,Joy,0.01016059327100475
0.0029948430509021155,Pride,Pride,0.43041079553739237
0.0029948430509021155,Pride,Sadness,0.002873134070264825
0.0029948430509021155,Pride,Shame,0.4583974999759899
0.0029948430509021155,Sadness,Boredom,0.000181026487518165
0.0029948430509021155,Sadness,Fear,0.005388929931026507
0.0029948430509021155,Sadness,Happiness,0.00039258078613606235
0.0029948430509021155,Sadness,Joy,0.0007836635920717575
0.0029948430509021155,Sadness,Pride,0.0008771635113549776
0.0029948430509021155,Sadness,Sadness,0.9794731320405962
0.0029948430509021155,Sadness,Shame,0.012903503651296496
0.0029948430509021155,Shame,Boredom,5.373193280914463e-05
0.0029948430509021155,Shame,Fear,0.01228175823634107
0.0029948430509021155,Shame,Happiness,1.5290687913097208e-05
0.0029948430509021155,Shame,Joy,2.4009982453077893e-05
0.0029948430509021155,Shame,Pride,8.720672799042863e-05
0.0029948430509021155,Shame,Sadness,6.743670266347359e-05
0.0029948430509021155,Shame,Shame,0.9874705657298298
0.0031426921271002803,Boredom,Boredom,0.9991388244508324
0.0031426921271002803,Boredom,Fear,0.00012287822222152345
0.0031426921271002803,Boredom,Happiness,5.891480609880232e-06
0.0031426921271002803,Boredom,Joy,0.00017200528338785656
0.0031426921271002803,Boredom,Pride,0.0001709766482993377
0.0031426921271002803,Boredom,Sadness,0.00010905577420253314
0.0031426921271002803,Boredom,Shame,0.0002803681404467748
0.0031426921271002803,Fear,Boredom,0.00030935184129906413
0.0031426921271002803,Fear,Fear,0.9830603064120981
0.0031426921271002803,Fear,Happiness,0.0004556832485095835
0.0031426921271002803,Fear,Joy,0.0005382907543887598
0.0031426921271002803,Fear,Pride,0.0007670194615075731
0.0031426921271002803,Fear,Sadness,0.0049345943605087796
0.0031426921271002803,Fear,Shame,0.009934753921688067
0.0031426921271002803,Happiness,Boredom,0.10270895965146776
0.0031426921271002803,Happiness,Fear,0.00025189704913631807
0.0031426921271002803,Happiness,Happiness,0.8789962714766804
0.0031426921271002803,Happiness,Joy,0.0010230561144276545
0.0031426921271002803,Happiness,Pride,0.007410810170355238
0.0031426921271002803,Happiness,Sadness,0.0005012397644175641
0.0031426921271002803,Happiness,Shame,0.009107765773515205
0.0031426921271002803,Joy,Boredom,0.00019793765746687939
0.0031426921271002803,Joy,Fear,0.001471635875035844
0.0031426921271002803,Joy,Happiness,0.0005937895306922435
0.0031426921271002803,Joy,Joy,0.47029274383615766
0.0031426921271002803,Joy,Pride,0.49059218800512444
0.0031426921271002803,Joy,Sadness,0.0008223870204074946
0.0031426921271002803,Joy,Shame,0.03602931807511557
0.0031426921271002803,Pride,Boredom,0.021505815528692067
0.0031426921271002803,Pride,Fear,0.0036933715119225317
0.0031426921271002803,Pride,Happiness,0.0744142916053994
0.0031426921271002803,Pride,Joy,0.010306081232237635
0.0031426921271002803,Pride,Pride,0.4452043884471585
0.0031426921271002803,Pride,Sadness,0.002885772991240374
0.0031426921271002803,Pride,Shame,0.4419902786833496
0.0031426921271002803,Sadness,Boredom,0.0001796047352817131
0.0031426921271002803,Sadness,Fear,0.005256770329088166
0.0031426921271002803,Sadness,Happiness,0.0003933668360772541
0.0031426921271002803,Sadness,Joy,0.0007889906892959873
0.0031426921271002803,Sadness,Pride,0.0008724542629289196
0.0031426921271002803,Sadness,Sadness,0.980180354074578
0.0031426921271002803,Sadness,Shame,0.012328459072749619
0.0031426921271002803,Shame,Boredom,5.114784233361954e-05
0.0031426921271002803,Shame,Fear,0.011569114453370754
0.0031426921271002803,Shame,Happiness,1.4090718204638488e-05
0.0031426921271002803,Shame,Joy,2.14994272725071e-05
0.0031426921271002803,Shame,Pride,7.975187983383033e-05
0.0031426921271002803,Shame,Sadness,6.352653073983712e-05
0.0031426921271002803,Shame,Shame,0.9882008691482451
0.002876383374780842,Boredom,Boredom,0.9991428497664838
0.002876383374780842,Boredom,Fear,0.00012333583795368078
0.002876383374780842,Boredom,Happiness,5.1860726950659e-06
0.002876383374780842,Boredom,Joy,0.0001752302436164393
0.002876383374780842,Boredom,Pride,0.00017217208936785828
0.002876383374780842,Boredom,Sadness,0.00010961652124573683
0.002876383374780842,Boredom,Shame,0.000271609468637404
0.002876383374780842,Fear,Boredom,0.0003153988013535318
0.002876383374780842,Fear,Fear,0.9835882246791955
0.002876383374780842,Fear,Happiness,0.00045470770179096464
0.002876383374780842,Fear,Joy,0.0005494260303646557
0.002876383374780842,Fear,Pride,0.0007638551022095507
0.002876383374780842,Fear,Sadness,0.005014869194638413
0.002876383374780842,Fear,Shame,0.009313518490448014
0.002876383374780842,Happiness,Boredom,0.11359168927152474
0.002876383374780842,Happiness,Fear,0.00026157067542873684
0.002876383374780842,Happiness,Happiness,0.8661986684477513
0.002876383374780842,Happiness,Joy,0.001166618794661958
0.002876383374780842,Happiness,Pride,0.008224291978488923
0.002876383374780842,Happiness,Sadness,0.0004992564990588222
0.002876383374780842,Happiness,Shame,0.010057904333085356
0.002876383374780842,Joy,Boredom,0.00021551630307013953
0.002876383374780842,Joy,Fear,0.0015528788063559793
0.002876383374780842,Joy,Happiness,0.0006489347491277509
0.002876383374780842,Joy,Joy,0.4854551459432034
0.002876383374780842,Joy,Pride,0.4759081181150759
0.002876383374780842,Joy,Sadness,0.0008698442425865594
0.002876383374780842,Joy,Shame,0.03534956184057985
0.002876383374780842,Pride,Boredom,0.021911692286924692
0.002876383374780842,Pride,Fear,0.0035905820532015215
0.002876383374780842,Pride,Happiness,0.0650165697938376
0.002876383374780842,Pride,Joy,0.009828405418448222
0.002876383374780842,Pride,Pride,0.46072721996346033
0.002876383374780842,Pride,Sadness,0.0028635607274194183
0.002876383374780842,Pride,Shame,0.4360619697567086
0.002876383374780842,Sadness,Boredom,0.00017942728296189102
0.002876383374780842,Sadness,Fear,0.005314826603378578
0.002876383374780842,Sadness,Happiness,0.0003868302160331255
0.002876383374780842,Sadness,Joy,0.0007783933163382468
0.002876383374780842,Sadness,Pride,0.0008761148051586501
0.002876383374780842,Sadness,Sadness,0.9795685956066156
0.002876383374780842,Sadness,Shame,0.012895812169514102
0.002876383374780842,Shame,Boredom,4.832132852758014e-05
0.002876383374780842,Shame,Fear,0.010944977203551856
0.002876383374780842,Shame,Happiness,1.3493431722389517e-05
0.002876383374780842,Shame,Joy,2.1310146090822017e-05
0.002876383374780842,Shame,Pride,7.937610776821726e-05
0.002876383374780842,Shame,Sadness,6.136345002048668e-05
0.002876383374780842,Shame,Shame,0.9888311583323187
0.003348407083238876,Boredom,Boredom,0.9991420867167532
0.003348407083238876,Boredom,Fear,0.00012444164328011593
0.003348407083238876,Boredom,Happiness,6.484347982696671e-06
0.003348407083238876,Boredom,Joy,0.00017017508526304454
0.003348407083238876,Boredom,Pride,0.0001744269422682865
0.003348407083238876,Boredom,Sadness,0.00011044377083559296
0.003348407083238876,Boredom,Shame,0.00027194149361731146
0.003348407083238876,Fear,Boredom,0.00031286820329416476
0.003348407083238876,Fear,Fear,0.9835591245055595
0.003348407083238876,Fear,Happiness,0.00045479349172345584
0.003348407083238876,Fear,Joy,0.0005234858621557888
0.003348407083238876,Fear,Pride,0.0007572256494583584
0.003348407083238876,Fear,Sadness,0.004898183216030159
0.003348407083238876,Fear,Shame,0.009494319071778824
0.003348407083238876,Happiness,Boredom,0.09292232727996541
0.003348407083238876,Happiness,Fear,0.00024411594077046242
0.003348407083238876,Happiness,Happiness,0.8907774366212168
0.003348407083238876,Happiness,Joy,0.0009125905283747344
0.003348407083238876,Happiness,Pride,0.006604519107234292
0.003348407083238876,Happiness,Sadness,0.0004614072743466994
0.003348407083238876,Happiness,Shame,0.008077603248091586
0.003348407083238876,Joy,Boredom,0.00020297661069409114
0.003348407083238876,Joy,Fear,0.0014178296770836817
0.003348407083238876,Joy,Happiness,0.0005845209954198344
0.003348407083238876,Joy,Joy,0.459955863421092
0.003348407083238876,Joy,Pride,0.49935973747427875
0.003348407083238876,Joy,Sadness,0.0007995388341711236
0.003348407083238876,Joy,Shame,0.03767953298726086
0.003348407083238876,Pride,Boredom,0.021651978196731043
0.003348407083238876,Pride,Fear,0.003886302803852677
0.003348407083238876,Pride,Happiness,0.08488285335209261
0.003348407083238876,Pride,Joy,0.010998343975641475
0.003348407083238876,Pride,Pride,0.41045375699905784
0.003348407083238876,Pride,Sadness,0.0029519319852256715
0.003348407083238876,Pride,Shame,0.4651748326873987
0.003348407083238876,Sadness,Boredom,0.00018066518760315325
0.003348407083238876,Sadness,Fear,0.005337682586250507
0.003348407083238876,Sadness,Happiness,0.00038738910286136404
0.003348407083238876,Sadness,Joy,0.0007722993236883487
0.003348407083238876,Sadness,Pride,0.000867159880235822
0.003348407083238876,Sadness,Sadness,0.979934538137141
0.003348407083238876,Sadness,Shame,0.012520265782219722
0.003348407083238876,Shame,Boredom,6.209947007664859e-05
0.003348407083238876,Shame,Fear,0.014144545591106158
0.003348407083238876,Shame,Happiness,1.7077751424914753e-05
0.003348407083238876,Shame,Joy,2.5968288815547293e-05
0.003348407083238876,Shame,Pride,9.317800845580877e-05
0.003348407083238876,Shame,Sadness,7.542811719507334e-05
0.003348407083238876,Shame,Shame,0.9855817027729257
0.0031411016370368897,Boredom,Boredom,0.9991384207802411
0.0031411016370368897,Boredom,Fear,0.0001236729279783844
0.0031411016370368897,Boredom,Happiness,5.661168115775872e-06
0.0031411016370368897,Boredom,Joy,0.0001717018365262291
0.0031411016370368897,Boredom,Pride,0.00017087706663707829
0.0031411016370368897,Boredom,Sadness,0.00010989908335312277
0.0031411016370368897,Boredom,Shame,0.0002797671371484278
0.0031411016370368897,Fear,Boredom,0.00031076498248009483
0.0031411016370368897,Fear,Fear,0.9833233599272782
0.0031411016370368897,Fear,Happiness,0.0004578090641729258
0.0031411016370368897,Fear,Joy,0.0005391209448448587
0.0031411016370368897,Fear,Pride,0.0007628551310059012
0.0031411016370368897,Fear,Sadness,0.004899797124771294
0.0031411016370368897,Fear,Shame,0.009706292825446784
0.0031411016370368897,Happiness,Boredom,0.10100270821700927
0.0031411016370368897,Happiness,Fear,0.0002498615590242281
0.0031411016370368897,Happiness,Happiness,0.8811329340316137
0.0031411016370368897,Happiness,Joy,0.001004122702738099
0.0031411016370368897,Happiness,Pride,0.007217219758782167
0.0031411016370368897,Happiness,Sadness,0.000498815790125462
0.0031411016370368897,Happiness,Shame,0.008894337940706976
0.0031411016370368897,Joy,Boredom,0.00020852998111073792
0.0031411016370368897,Joy,Fear,0.00150202282706228
0.0031411016370368897,Joy,Happiness,0.0006260466449213001
0.0031411016370368897,Joy,Joy,0.4842354259735715
0.0031411016370368897,Joy,Pride,0.47697524704272243
0.0031411016370368897,Joy,Sadness,0.0008506307140523256
0.0031411016370368897,Joy,Shame,0.03560209681655914
0.0031411016370368897,Pride,Boredom,0.0215320730420972
0.0031411016370368897,Pride,Fear,0.0036931649413561663
0.0031411016370368897,Pride,Happiness,0.07384330778689586
0.0031411016370368897,Pride,Joy,0.01031935253786917
0.0031411016370368897,Pride,Pride,0.43742563290153846
0.0031411016370368897,Pride,Sadness,0.0028755050170561347
0.0031411016370368897,Pride,Shame,0.45031096377318697
0.0031411016370368897,Sadness,Boredom,0.0001796769160039049
0.0031411016370368897,Sadness,Fear,0.00526592563455853
0.0031411016370368897,Sadness,Happiness,0.00039311175179764646
0.0031411016370368897,Sadness,Joy,0.0007880526698643079
0.0031411016370368897,Sadness,Pride,0.0008701612878270351
0.0031411016370368897,Sadness,Sadness,0.9798926030173314
0.0031411016370368897,Sadness,Shame,0.012610468722617191
0.0031411016370368897,Shame,Boredom,5.1535715663428245e-05
0.0031411016370368897,Shame,Fear,0.011502330348190794
0.0031411016370368897,Shame,Happiness,1.4068418013212994e-05
0.0031411016370368897,Shame,Joy,2.1452018277480932e-05
0.0031411016370368897,Shame,Pride,7.815062156845357e-05
0.0031411016370368897,Shame,Sadness,6.275756277615712e-05
0.0031411016370368897,Shame,Shame,0.9882697053155108
0.003094987073386775,Boredom,Boredom,0.9991409943355337
0.003094987073386775,Boredom,Fear,0.00012344231752720085
0.003094987073386775,Boredom,Happiness,6.014468414487794e-06
0.003094987073386775,Boredom,Joy,0.000174657602975752
0.003094987073386775,Boredom,Pride,0.00017141747779425825
0.003094987073386775,Boredom,Sadness,0.0001077419802888123
0.003094987073386775,Boredom,Shame,0.00027573181746595905
0.003094987073386775,Fear,Boredom,0.00031335219951255386
0.003094987073386775,Fear,Fear,0.9831415213740711
0.003094987073386775,Fear,Happiness,0.00045319316864152306
0.003094987073386775,Fear,Joy,0.0005393978526229607
0.003094987073386775,Fear,Pride,0.0007727028676563172
0.003094987073386775,Fear,Sadness,0.0050075760140436
0.003094987073386775,Fear,Shame,0.00977225652345185
0.003094987073386775,Happiness,Boredom,0.10252505703460599
0.003094987073386775,Happiness,Fear,0.0002485046426513606
0.003094987073386775,Happiness,Happiness,0.8794900611874851
0.003094987073386775,Happiness,Joy,0.00102683829220524
0.003094987073386775,Happiness,Pride,0.007243210561997822
0.003094987073386775,Happiness,Sadness,0.0004952741214554117
0.003094987073386775,Happiness,Shame,0.008971054159599152
0.003094987073386775,Joy,Boredom,0.0002058512076296062
0.003094987073386775,Joy,Fear,0.001483032845387243
0.003094987073386775,Joy,Happiness,0.0005979197496857119
0.003094987073386775,Joy,Joy,0.4697630748178166
0.003094987073386775,Joy,Pride,0.4909561231099424
0.003094987073386775,Joy,Sadness,0.0008173225225662058
0.003094987073386775,Joy,Shame,0.036176675746972475
0.003094987073386775,Pride,Boredom,0.021395457436122974
0.003094987073386775,Pride,Fear,0.0036664755519873384
0.003094987073386775,Pride,Happiness,0.07477783366232296
0.003094987073386775,Pride,Joy,0.010256769395967211
0.003094987073386775,Pride,Pride,0.44159418632644476
0.003094987073386775,Pride,Sadness,0.002827151031510574
0.003094987073386775,Pride,Shame,0.4454821265956439
0.003094987073386775,Sadness,Boredom,0.00017995952934457286
0.003094987073386775,Sadness,Fear,0.005258474194946418
0.003094987073386775,Sadness,Happiness,0.00039240289034374093
0.003094987073386775,Sadness,Joy,0.0007845159043894068
0.003094987073386775,Sadness,Pride,0.0008829869562458098
0.003094987073386775,Sadness,Sadness,0.9800640610308249
0.003094987073386775,Sadness,Shame,0.012437599493904716
0.003094987073386775,Shame,Boredom,5.273551146402113e-05
0.003094987073386775,Shame,Fear,0.012122692753044641
0.003094987073386775,Shame,Happiness,1.4839187861957803e-05
0.003094987073386775,Shame,Joy,2.2802489422760392e-05
0.003094987073386775,Shame,Pride,8.499922799549659e-05
0.003094987073386775,Shame,Sadness,6.709032949824563e-05
0.003094987073386775,Shame,Shame,0.9876348405007132
0.003351670180531412,Boredom,Boredom,0.9991363927665479
0.003351670180531412,Boredom,Fear,0.0001247589171598658
0.003351670180531412,Boredom,Happiness,6.722185157202108e-06
0.003351670180531412,Boredom,Joy,0.00017073405078681016
0.003351670180531412,Boredom,Pride,0.00017707257037067814
0.003351670180531412,Boredom,Sadness,0.0001105319447094114
0.003351670180531412,Boredom,Shame,0.0002737875652683835
0.003351670180531412,Fear,Boredom,0.0003114711096148515
0.003351670180531412,Fear,Fear,0.9835578183002285
0.003351670180531412,Fear,Happiness,0.0004559275002049919
0.003351670180531412,Fear,Joy,0.0005225244254478212
0.003351670180531412,Fear,Pride,0.0007503729958115478
0.003351670180531412,Fear,Sadness,0.004933479734894881
0.003351670180531412,Fear,Shame,0.009468405933797646
0.003351670180531412,Happiness,Boredom,0.09613149135689425
0.003351670180531412,Happiness,Fear,0.0002504190202550046
0.003351670180531412,Happiness,Happiness,0.8868423177357799
0.003351670180531412,Happiness,Joy,0.000946133036056045
0.003351670180531412,Happiness,Pride,0.006981784453463923
0.003351670180531412,Happiness,Sadness,0.00046952530076590056
0.003351670180531412,Happiness,Shame,0.008378329096784898
0.003351670180531412,Joy,Boredom,0.00020648065173585857
0.003351670180531412,Joy,Fear,0.0014351657111342083
0.003351670180531412,Joy,Happiness,0.0005842726989604623
0.003351670180531412,Joy,Joy,0.4558254795221487
0.003351670180531412,Joy,Pride,0.502441305791182
0.003351670180531412,Joy,Sadness,0.0007913381767418794
0.003351670180531412,Joy,Shame,0.038715957448097166
0.003351670180531412,Pride,Boredom,0.021640948296418213
0.003351670180531412,Pride,Fear,0.003915982427300567
0.003351670180531412,Pride,Happiness,0.08575816020709057
0.003351670180531412,Pride,Joy,0.011026347844300495
0.003351670180531412,Pride,Pride,0.4214328847882286
0.003351670180531412,Pride,Sadness,0.002939203518488609
0.003351670180531412,Pride,Shame,0.45328647291817276
0.003351670180531412,Sadness,Boredom,0.00018090566957600996
0.003351670180531412,Sadness,Fear,0.00532745830877718
0.003351670180531412,Sadness,Happiness,0.00038793304799876666
0.003351670180531412,Sadness,Joy,0.0007736423146953085
0.003351670180531412,Sadness,Pride,0.0008697639407034347
0.003351670180531412,Sadness,Sadness,0.980043812302803
0.003351670180531412,Sadness,Shame,0.012416484415445664
0.003351670180531412,Shame,Boredom,5.7498227277522944e-05
0.003351670180531412,Shame,Fear,0.01303669281011577
0.003351670180531412,Shame,Happiness,1.5748315200798607e-05
0.003351670180531412,Shame,Joy,2.3307929716423754e-05
0.003351670180531412,Shame,Pride,8.52589752572967e-05
0.003351670180531412,Shame,Sadness,7.008934247924517e-05
0.003351670180531412,Shame,Shame,0.9867114043999529
0.002966502650895911,Boredom,Boredom,0.9991360240264803
0.002966502650895911,Boredom,Fear,0.00012457245468823713
0.002966502650895911,Boredom,Happiness,5.4185144120689545e-06
0.002966502650895911,Boredom,Joy,0.00017484304336394285
0.002966502650895911,Boredom,Pride,0.00017167737618752543
0.002966502650895911,Boredom,Sadness,0.00010952770619103078
0.002966502650895911,Boredom,Shame,0.00027793687867683404
0.002966502650895911,Fear,Boredom,0.00031710259797375096
0.002966502650895911,Fear,Fear,0.9836916135168039
0.002966502650895911,Fear,Happiness,0.0004534118315686086
0.002966502650895911,Fear,Joy,0.0005405893045838556
0.002966502650895911,Fear,Pride,0.0007575052023359829
0.002966502650895911,Fear,Sadness,0.004980985096013065
0.002966502650895911,Fear,Shame,0.009258792450721146
0.002966502650895911,Happiness,Boredom,0.11135788356577607
0.002966502650895911,Happiness,Fear,0.0002566508205140549
0.002966502650895911,Happiness,Happiness,0.8690601686474568
0.002966502650895911,Happiness,Joy,0.0011239254885267412
0.002966502650895911,Happiness,Pride,0.007772225397616706
0.002966502650895911,Happiness,Sadness,0.0005060683618886083
0.002966502650895911,Happiness,Shame,0.009923077718221375
0.002966502650895911,Joy,Boredom,0.00021085202964806187
0.002966502650895911,Joy,Fear,0.0015343714127728709
0.002966502650895911,Joy,Happiness,0.0006330539648497
0.002966502650895911,Joy,Joy,0.4791983286436429
0.002966502650895911,Joy,Pride,0.4830171965904846
0.002966502650895911,Joy,Sadness,0.0008588549741717861
0.002966502650895911,Joy,Shame,0.03454734238442994
0.002966502650895911,Pride,Boredom,0.021667711202439443
0.002966502650895911,Pride,Fear,0.0035952005185726256
0.002966502650895911,Pride,Happiness,0.06929354331392754
0.002966502650895911,Pride,Joy,0.009832164820784488
0.002966502650895911,Pride,Pride,0.43933298143261834
0.002966502650895911,Pride,Sadness,0.0028480544596737587
0.002966502650895911,Pride,Shame,0.4534303442519835
0.002966502650895911,Sadness,Boredom,0.00018154976329413003
0.002966502650895911,Sadness,Fear,0.005364834102702052
0.002966502650895911,Sadness,Happiness,0.0003925938340640254
0.002966502650895911,Sadness,Joy,0.0007752465254636647
0.002966502650895911,Sadness,Pride,0.0008720369088429787
0.002966502650895911,Sadness,Sadness,0.9794815495964463
0.002966502650895911,Sadness,Shame,0.01293218926918664
0.002966502650895911,Shame,Boredom,5.1072268511452034e-05
0.002966502650895911,Shame,Fear,0.011638689979030083
0.002966502650895911,Shame,Happiness,1.4387928005189235e-05
0.002966502650895911,Shame,Joy,2.246591862551151e-05
0.002966502650895911,Shame,Pride,8.242522455296665e-05
0.002966502650895911,Shame,Sadness,6.456837403396574e-05
0.002966502650895911,Shame,Shame,0.9881263903072411
0.0032757211457409056,Boredom,Boredom,0.9991302702392733
0.0032757211457409056,Boredom,Fear,0.0001255827547075191
0.0032757211457409056,Boredom,Happiness,6.724159779959874e-06
0.0032757211457409056,Boredom,Joy,0.00017063862319840637
0.0032757211457409056,Boredom,Pride,0.0001743457169775431
0.0032757211457409056,Boredom,Sadness,0.00011166189896030345
0.0032757211457409056,Boredom,Shame,0.0002807766071031655
0.0032757211457409056,Fear,Boredom,0.0003107820873134363
0.0032757211457409056,Fear,Fear,0.9833298972873035
0.0032757211457409056,Fear,Happiness,0.00045531793391468474
0.0032757211457409056,Fear,Joy,0.0005244009626461054
0.0032757211457409056,Fear,Pride,0.0007581538916021512
0.0032757211457409056,Fear,Sadness,0.004937154324435944
0.0032757211457409056,Fear,Shame,0.009684293512784723
0.0032757211457409056,Happiness,Boredom,0.09630820339995208
0.0032757211457409056,Happiness,Fear,0.00024770575913290365
0.0032757211457409056,Happiness,Happiness,0.8867470267563328
0.0032757211457409056,Happiness,Joy,0.0009474560824245711
0.0032757211457409056,Happiness,Pride,0.006757646911269577
0.0032757211457409056,Happiness,Sadness,0.00047746054112476617
0.0032757211457409056,Happiness,Shame,0.008514500549763552
0.0032757211457409056,Joy,Boredom,0.00020479462850941856
0.0032757211457409056,Joy,Fear,0.0014311966692795376
0.0032757211457409056,Joy,Happiness,0.0005836740140989838
0.0032757211457409056,Joy,Joy,0.46567899423394704
0.0032757211457409056,Joy,Pride,0.49516981663316517
0.0032757211457409056,Joy,Sadness,0.0008079878544888657
0.0032757211457409056,Joy,Shame,0.03612353596651089
0.0032757211457409056,Pride,Boredom,0.02148556870153339
0.0032757211457409056,Pride,Fear,0.003854502625248438
0.0032757211457409056,Pride,Happiness,0.08414092828447196
0.0032757211457409056,Pride,Joy,0.011007181260351584
0.0032757211457409056,Pride,Pride,0.4081174354557957
0.0032757211457409056,Pride,Sadness,0.002945481737255925
0.0032757211457409056,Pride,Shame,0.4684489019353429
0.0032757211457409056,Sadness,Boredom,0.00018032778613115565
0.0032757211457409056,Sadness,Fear,0.005307195373769561
0.0032757211457409056,Sadness,Happiness,0.0003903371673684202
0.0032757211457409056,Sadness,Joy,0.0007797316776325359
0.0032757211457409056,Sadness,Pride,0.0008694993949398197
0.0032757211457409056,Sadness,Sadness,0.9802502704405482
0.0032757211457409056,Sadness,Shame,0.012222638159610642
0.0032757211457409056,Shame,Boredom,5.562505262530812e-05
0.0032757211457409056,Shame,Fear,0.012570194486071147
0.0032757211457409056,Shame,Happiness,1.5212609614701544e-05
0.0032757211457409056,Shame,Joy,2.2605256599898313e-05
0.0032757211457409056,Shame,Pride,8.382914076529832e-05
0.0032757211457409056,Shame,Sadness,6.76394605692321e-05
0.0032757211457409056,Shame,Shame,0.9871848939937542
0.002908047658706225,Boredom,Boredom,0.9991430262499889
0.002908047658706225,Boredom,Fear,0.00012291596655227666
0.002908047658706225,Boredom,Happiness,5.149615623105279e-06
0.002908047658706225,Boredom,Joy,0.00017612316376020454
0.002908047658706225,Boredom,Pride,0.00017239823692441868
0.002908047658706225,Boredom,Sadness,0.00010952669751176476
0.002908047658706225,Boredom,Shame,0.00027086006963930907
0.002908047658706225,Fear,Boredom,0.00031494708393667997
0.002908047658706225,Fear,Fear,0.9837056666066737
0.002908047658706225,Fear,Happiness,0.00045176408467761145
0.002908047658706225,Fear,Joy,0.0005574723012793478
0.002908047658706225,Fear,Pride,0.0007601315137711489
0.002908047658706225,Fear,Sadness,0.0049735401718740985
0.002908047658706225,Fear,Shame,0.009236478237787678
0.002908047658706225,Happiness,Boredom,0.1120926558113344
0.002908047658706225,Happiness,Fear,0.00026056280764550103
0.002908047658706225,Happiness,Happiness,0.8676613487951516
0.002908047658706225,Happiness,Joy,0.0011540289462130713
0.002908047658706225,Happiness,Pride,0.00844082620558213
0.002908047658706225,Happiness,Sadness,0.0004972605069944268
0.002908047658706225,Happiness,Shame,0.009893316927079046
0.002908047658706225,Joy,Boredom,0.00023254206818850562
0.002908047658706225,Joy,Fear,0.0015362363329758945
0.002908047658706225,Joy,Happiness,0.0006793039805406259
0.002908047658706225,Joy,Joy,0.5022334935156731
0.002908047658706225,Joy,Pride,0.4589552042832507
0.002908047658706225,Joy,Sadness,0.0008990574588631955
0.002908047658706225,Joy,Shame,0.03546416236050769
0.002908047658706225,Pride,Boredom,0.02179556281524464
0.002908047658706225,Pride,Fear,0.003558884856993228
0.002908047658706225,Pride,Happiness,0.06336496604627508
0.002908047658706225,Pride,Joy,0.010318399447959863
0.002908047658706225,Pride,Pride,0.5009906756721443
0.002908047658706225,Pride,Sadness,0.0028805612387809995
0.002908047658706225,Pride,Shame,0.3970909499226021
0.002908047658706225,Sadness,Boredom,0.00018062257680495064
0.002908047658706225,Sadness,Fear,0.005335939983948025
0.002908047658706225,Sadness,Happiness,0.0003867710156101387
0.002908047658706225,Sadness,Joy,0.0007813665838092952
0.002908047658706225,Sadness,Pride,0.0008702296975485047
0.002908047658706225,Sadness,Sadness,0.9794319821905892
0.002908047658706225,Sadness,Shame,0.013013087951690103
0.002908047658706225,Shame,Boredom,5.069883802094845e-05
0.002908047658706225,Shame,Fear,0.011601450557449402
0.002908047658706225,Shame,Happiness,1.4175231799243005e-05
0.002908047658706225,Shame,Joy,2.3323460290516172e-05
0.002908047658706225,Shame,Pride,8.52500407618181e-05
0.002908047658706225,Shame,Sadness,6.461010362635796e-05
0.002908047658706225,Shame,Shame,0.9881604917680518
0.0031063565281391186,Boredom,Boredom,0.9991403835072633
0.0031063565281391186,Boredom,Fear,0.00012358432012587195
0.0031063565281391186,Boredom,Happiness,5.959663499693919e-06
0.0031063565281391186,Boredom,Joy,0.00017440427839391628
0.0031063565281391186,Boredom,Pride,0.00016914538787253297
0.0031063565281391186,Boredom,Sadness,0.00010852035392211304
0.0031063565281391186,Boredom,Shame,0.0002780024889226002
0.0031063565281391186,Fear,Boredom,0.00031396882862400597
0.0031063565281391186,Fear,Fear,0.9831681869520473
0.0031063565281391186,Fear,Happiness,0.00045545402694346335
0.0031063565281391186,Fear,Joy,0.0005448844546934042
0.0031063565281391186,Fear,Pride,0.0007682543444794808
0.0031063565281391186,Fear,Sadness,0.005031617957570595
0.0031063565281391186,Fear,Shame,0.00971763343564168
0.0031063565281391186,Happiness,Boredom,0.10275342659853269
0.0031063565281391186,Happiness,Fear,0.0002488771366562149
0.0031063565281391186,Happiness,Happiness,0.8792781291130963
0.0031063565281391186,Happiness,Joy,0.0010366885271859872
0.0031063565281391186,Happiness,Pride,0.007177726937713788
0.0031063565281391186,Happiness,Sadness,0.0004958201815845332
0.0031063565281391186,Happiness,Shame,0.009009331505230336
0.0031063565281391186,Joy,Boredom,0.00020593829274080912
0.0031063565281391186,Joy,Fear,0.001498156910849396
0.0031063565281391186,Joy,Happiness,0.0006067065410947242
0.0031063565281391186,Joy,Joy,0.47824988842715477
0.0031063565281391186,Joy,Pride,0.4832007608786145
0.0031063565281391186,Joy,Sadness,0.0008315083796692763
0.0031063565281391186,Joy,Shame,0.035407040569876376
0.0031063565281391186,Pride,Boredom,0.021503264689107227
0.0031063565281391186,Pride,Fear,0.003658025634451088
0.0031063565281391186,Pride,Happiness,0.0725000059046791
0.0031063565281391186,Pride,Joy,0.010234147039168256
0.0031063565281391186,Pride,Pride,0.43779210389788
0.0031063565281391186,Pride,Sadness,0.0028561836621792814
0.0031063565281391186,Pride,Shame,0.4514562691725351
0.0031063565281391186,Sadness,Boredom,0.00017993550666181078
0.0031063565281391186,Sadness,Fear,0.005186712911582845
0.0031063565281391186,Sadness,Happiness,0.0003907837791484377
0.0031063565281391186,Sadness,Joy,0.0007844303420793497
0.0031063565281391186,Sadness,Pride,0.0008689892583609159
0.0031063565281391186,Sadness,Sadness,0.9802250359443456
0.0031063565281391186,Sadness,Shame,0.012364112257821028
0.0031063565281391186,Shame,Boredom,5.1569512314592266e-05
0.0031063565281391186,Shame,Fear,0.011766622131706806
0.0031063565281391186,Shame,Happiness,1.443152121095065e-05
0.0031063565281391186,Shame,Joy,2.222970380017943e-05
0.0031063565281391186,Shame,Pride,8.115342700778044e-05
0.0031063565281391186,Shame,Sadness,6.531687035137692e-05
0.0031063565281391186,Shame,Shame,0.9879986768336082
0.003029697596227402,Boredom,Boredom,0.9991386291408517
0.003029697596227402,Boredom,Fear,0.00012333107495243983
0.003029697596227402,Boredom,Happiness,5.655045526729812e-06
0.003029697596227402,Boredom,Joy,0.00017364800432364243
0.003029697596227402,Boredom,Pride,0.000173069914417238
0.003029697596227402,Boredom,Sadness,0.00010733820556771263
0.003029697596227402,Boredom,Shame,0.00027832861436038445
0.003029697596227402,Fear,Boredom,0.00031779616450950966
0.003029697596227402,Fear,Fear,0.9836006983760668
0.003029697596227402,Fear,Happiness,0.00045740855438730356
0.003029697596227402,Fear,Joy,0.0005364130386425092
0.003029697596227402,Fear,Pride,0.0007591951807705656
0.003029697596227402,Fear,Sadness,0.0049419455028357545
0.003029697596227402,Fear,Shame,0.009386543182787302
0.003029697596227402,Happiness,Boredom,0.10554712839875204
0.003029697596227402,Happiness,Fear,0.0002506742503097026
0.003029697596227402,Happiness,Happiness,0.8760093881582556
0.003029697596227402,Happiness,Joy,0.0010623144256201597
0.003029697596227402,Happiness,Pride,0.0072731428772061365
0.003029697596227402,Happiness,Sadness,0.0005020376716617869
0.003029697596227402,Happiness,Shame,0.009355314218194693
0.003029697596227402,Joy,Boredom,0.0002071289434318816
0.003029697596227402,Joy,Fear,0.0015146812614946859
0.003029697596227402,Joy,Happiness,0.0006190579858530499
0.003029697596227402,Joy,Joy,0.47095074417727795
0.003029697596227402,Joy,Pride,0.48952181406245604
0.003029697596227402,Joy,Sadness,0.0008398996056515191
0.003029697596227402,Joy,Shame,0.0363466739638345
0.003029697596227402,Pride,Boredom,0.02154940862649622
0.003029697596227402,Pride,Fear,0.003681482464925241
0.003029697596227402,Pride,Happiness,0.07368657339420893
0.003029697596227402,Pride,Joy,0.01009518992861662
0.003029697596227402,Pride,Pride,0.4269198954116793
0.003029697596227402,Pride,Sadness,0.002881725267716137
0.003029697596227402,Pride,Shame,0.46118572490635756
0.003029697596227402,Sadness,Boredom,0.00017740797700252975
0.003029697596227402,Sadness,Fear,0.005406145922883784
0.003029697596227402,Sadness,Happiness,0.0003956354279950036
0.003029697596227402,Sadness,Joy,0.0007856663396167523
0.003029697596227402,Sadness,Pride,0.000876262544782496
0.003029697596227402,Sadness,Sadness,0.9795902859964382
0.003029697596227402,Sadness,Shame,0.01276859579128117
0.003029697596227402,Shame,Boredom,5.2693123360250236e-05
0.003029697596227402,Shame,Fear,0.01209635099209773
0.003029697596227402,Shame,Happiness,1.498318281939043e-05
0.003029697596227402,Shame,Joy,2.3001890418357552e-05
0.003029697596227402,Shame,Pride,8.496430896396704e-05
0.003029697596227402,Shame,Sadness,6.627114451411133e-05
0.003029697596227402,Shame,Shame,0.9876617353578261
0.003406754575986428,Boredom,Boredom,0.9991277802902063
0.003406754575986428,Boredom,Fear,0.00012668182797457195
0.003406754575986428,Boredom,Happiness,6.750990556027026e-06
0.003406754575986428,Boredom,Joy,0.0001703893059453091
0.003406754575986428,Boredom,Pride,0.00017667871810529364
0.003406754575986428,Boredom,Sadness,0.00011189421181140873
0.003406754575986428,Boredom,Shame,0.00027982465540087905
0.003406754575986428,Fear,Boredom,0.00031547083682364964
0.003406754575986428,Fear,Fear,0.9837154798716908
0.003406754575986428,Fear,Happiness,0.0004587065735103024
0.003406754575986428,Fear,Joy,0.000521214745616204
0.003406754575986428,Fear,Pride,0.0007505189513882702
0.003406754575986428,Fear,Sadness,0.0048807068920639395
0.003406754575986428,Fear,Shame,0.009357902128906869
0.003406754575986428,Happiness,Boredom,0.09548709480796932
0.003406754575986428,Happiness,Fear,0.00024938020383095304
0.003406754575986428,Happiness,Happiness,0.887737620756229
0.003406754575986428,Happiness,Joy,0.0009268894070104915
0.003406754575986428,Happiness,Pride,0.006839143984247907
0.003406754575986428,Happiness,Sadness,0.00046707636108358314
0.003406754575986428,Happiness,Shame,0.008292794479628643
0.003406754575986428,Joy,Boredom,0.00020623100527977965
0.003406754575986428,Joy,Fear,0.0014436782023139261
0.003406754575986428,Joy,Happiness,0.0005837190356854583
0.003406754575986428,Joy,Joy,0.4571811158956062
0.003406754575986428,Joy,Pride,0.5014994244344818
0.003406754575986428,Joy,Sadness,0.0007865015033486991
0.003406754575986428,Joy,Shame,0.03829932992328455
0.003406754575986428,Pride,Boredom,0.021538712736820863
0.003406754575986428,Pride,Fear,0.003901031609734752
0.003406754575986428,Pride,Happiness,0.08545752261191428
0.003406754575986428,Pride,Joy,0.01103077334002615
0.003406754575986428,Pride,Pride,0.4236847124021468
0.003406754575986428,Pride,Sadness,0.002919878478970668
0.003406754575986428,Pride,Shame,0.45146736882038635
0.003406754575986428,Sadness,Boredom,0.00018114888682386373
0.003406754575986428,Sadness,Fear,0.005374814316985234
0.003406754575986428,Sadness,Happiness,0.0003911991934196368
0.003406754575986428,Sadness,Joy,0.0007767514514506067
0.003406754575986428,Sadness,Pride,0.000862079414354446
0.003406754575986428,Sadness,Sadness,0.9800124962749297
0.003406754575986428,Sadness,Shame,0.012401510462036457
0.003406754575986428,Shame,Boredom,6.428560556901885e-05
0.003406754575986428,Shame,Fear,0.014416824348298026
0.003406754575986428,Shame,Happiness,1.731572276656014e-05
0.003406754575986428,Shame,Joy,2.5992237082377867e-05
0.003406754575986428,Shame,Pride,9.38129860215805e-05
0.003406754575986428,Shame,Sadness,7.666668743992396e-05
0.003406754575986428,Shame,Shame,0.9853051024128224
0.0034497728666900438,Boredom,Boredom,0.9991272758036326
0.0034497728666900438,Boredom,Fear,0.00012631638943774043
0.0034497728666900438,Boredom,Happiness,7.332809905726445e-06
0.0034497728666900438,Boredom,Joy,0.00017078520145670802
0.0034497728666900438,Boredom,Pride,0.00017689605490681272
0.0034497728666900438,Boredom,Sadness,0.00011256484840806888
0.0034497728666900438,Boredom,Shame,0.0002788288922526746
0.0034497728666900438,Fear,Boredom,0.00031369996524040114
0.0034497728666900438,Fear,Fear,0.9836448163763393
0.0034497728666900438,Fear,Happiness,0.0004511026721637154
0.0034497728666900438,Fear,Joy,0.0005195906371273367
0.0034497728666900438,Fear,Pride,0.0007512199014516286
0.0034497728666900438,Fear,Sadness,0.0049482244608623285
0.0034497728666900438,Fear,Shame,0.009371345986814984
0.0034497728666900438,Happiness,Boredom,0.09202096992103559
0.0034497728666900438,Happiness,Fear,0.00025081334854462525
0.0034497728666900438,Happiness,Happiness,0.8917947696638616
0.0034497728666900438,Happiness,Joy,0.0008977109351362038
0.0034497728666900438,Happiness,Pride,0.006535312255433619
0.0034497728666900438,Happiness,Sadness,0.00046029107826553965
0.0034497728666900438,Happiness,Shame,0.00804013279772205
0.0034497728666900438,Joy,Boredom,0.0001950974525146106
0.0034497728666900438,Joy,Fear,0.0014571843214777488
0.0034497728666900438,Joy,Happiness,0.0005842170137935049
0.0034497728666900438,Joy,Joy,0.4572011357177808
0.0034497728666900438,Joy,Pride,0.501303704214632
0.0034497728666900438,Joy,Sadness,0.0007910997942750962
0.0034497728666900438,Joy,Shame,0.038467561485525596
0.0034497728666900438,Pride,Boredom,0.021131690773636642
0.0034497728666900438,Pride,Fear,0.003984784598083139
0.0034497728666900438,Pride,Happiness,0.08914018669080678
0.0034497728666900438,Pride,Joy,0.011209305503706074
0.0034497728666900438,Pride,Pride,0.39956422658041124
0.0034497728666900438,Pride,Sadness,0.0029309719034023326
0.0034497728666900438,Pride,Shame,0.47203883394995383
0.0034497728666900438,Sadness,Boredom,0.00018007603254427624
0.0034497728666900438,Sadness,Fear,0.005352967366059791
0.0034497728666900438,Sadness,Happiness,0.0003900100214874941
0.0034497728666900438,Sadness,Joy,0.0007781983264416625
0.0034497728666900438,Sadness,Pride,0.0008673545459241764
0.0034497728666900438,Sadness,Sadness,0.979904896604616
0.0034497728666900438,Sadness,Shame,0.012526497102926542
0.0034497728666900438,Shame,Boredom,5.7697554071104915e-05
0.0034497728666900438,Shame,Fear,0.013036371086405037
0.0034497728666900438,Shame,Happiness,1.5328331051341894e-05
0.0034497728666900438,Shame,Joy,2.2613810088310084e-05
0.0034497728666900438,Shame,Pride,8.39791551543947e-05
0.0034497728666900438,Shame,Sadness,6.964567891879361e-05
0.0034497728666900438,Shame,Shame,0.9867143643843109
0.0031534138604412338,Boredom,Boredom,0.9991370912549941
0.0031534138604412338,Boredom,Fear,0.00012346780127099561
0.0031534138604412338,Boredom,Happiness,6.1033386491179286e-06
0.0031534138604412338,Boredom,Joy,0.00017146679201458163
0.0031534138604412338,Boredom,Pride,0.0001717500553045934
0.0031534138604412338,Boredom,Sadness,0.00011005249327505009
0.0031534138604412338,Boredom,Shame,0.0002800682644917917
0.0031534138604412338,Fear,Boredom,0.00030978416896364626
0.0031534138604412338,Fear,Fear,0.9834095694555857
0.0031534138604412338,Fear,Happiness,0.00045400585427531786
0.0031534138604412338,Fear,Joy,0.0005344258209482474
0.0031534138604412338,Fear,Pride,0.0007635640940834023
0.0031534138604412338,Fear,Sadness,0.0049320435697996975
0.0031534138604412338,Fear,Shame,0.009596607036344332
0.0031534138604412338,Happiness,Boredom,0.0994186701221215
0.0031534138604412338,Happiness,Fear,0.00024616644188219617
0.0031534138604412338,Happiness,Happiness,0.8830304170214761
0.0031534138604412338,Happiness,Joy,0.0009829104493142876
0.0031534138604412338,Happiness,Pride,0.0070115792730742
0.0031534138604412338,Happiness,Sadness,0.0004967527443764916
0.0031534138604412338,Happiness,Shame,0.008813503947755078
0.0031534138604412338,Joy,Boredom,0.00020181968719750273
0.0031534138604412338,Joy,Fear,0.0014841004141151182
0.0031534138604412338,Joy,Happiness,0.0006012098041901736
0.0031534138604412338,Joy,Joy,0.4699000175277929
0.0031534138604412338,Joy,Pride,0.49226417090618063
0.0031534138604412338,Joy,Sadness,0.0008338992398413163
0.0031534138604412338,Joy,Shame,0.03471478242068224
0.0031534138604412338,Pride,Boredom,0.021498414833905397
0.0031534138604412338,Pride,Fear,0.0037509606154153005
0.0031534138604412338,Pride,Happiness,0.07711116366813252
0.0031534138604412338,Pride,Joy,0.01047449714233894
0.0031534138604412338,Pride,Pride,0.42887814506330646
0.0031534138604412338,Pride,Sadness,0.0029180364768411236
0.0031534138604412338,Pride,Shame,0.45536878220005994
0.0031534138604412338,Sadness,Boredom,0.00017756906368381775
0.0031534138604412338,Sadness,Fear,0.00529520598865976
0.0031534138604412338,Sadness,Happiness,0.0003926659654910972
0.0031534138604412338,Sadness,Joy,0.0007775590895841448
0.0031534138604412338,Sadness,Pride,0.0008735795735604347
0.0031534138604412338,Sadness,Sadness,0.9797584824044581
0.0031534138604412338,Sadness,Shame,0.012724937914562515
0.0031534138604412338,Shame,Boredom,5.1101632793411675e-05
0.0031534138604412338,Shame,Fear,0.011520895758654733
0.0031534138604412338,Shame,Happiness,1.3992848824058221e-05
0.0031534138604412338,Shame,Joy,2.1230934535545763e-05
0.0031534138604412338,Shame,Pride,7.751663419392063e-05
0.0031534138604412338,Shame,Sadness,6.309277773000437e-05
0.0031534138604412338,Shame,Shame,0.9882521694132683
0.0033188976353377294,Boredom,Boredom,0.9991322749266389
0.0033188976353377294,Boredom,Fear,0.00012647656567862012
0.0033188976353377294,Boredom,Happiness,6.5853676646407306e-06
0.0033188976353377294,Boredom,Joy,0.00017022020138861776
0.0033188976353377294,Boredom,Pride,0.00017354275393419323
0.0033188976353377294,Boredom,Sadness,0.00011140310834640683
0.0033188976353377294,Boredom,Shame,0.00027949707634889294
0.0033188976353377294,Fear,Boredom,0.00031290132272894516
0.0033188976353377294,Fear,Fear,0.9834408307448979
0.0033188976353377294,Fear,Happiness,0.0004570748698601666
0.0033188976353377294,Fear,Joy,0.0005224720808159921
0.0033188976353377294,Fear,Pride,0.0007562437377358049
0.0033188976353377294,Fear,Sadness,0.00493824699119699
0.0033188976353377294,Fear,Shame,0.009572230252764252
0.0033188976353377294,Happiness,Boredom,0.09944100454207475
0.0033188976353377294,Happiness,Fear,0.00025558184102461264
0.0033188976353377294,Happiness,Happiness,0.883001142335499
0.0033188976353377294,Happiness,Joy,0.0009817458422354043
0.0033188976353377294,Happiness,Pride,0.007092282843951895
0.0033188976353377294,Happiness,Sadness,0.0004812745008908686
0.0033188976353377294,Happiness,Shame,0.008746968094323458
0.0033188976353377294,Joy,Boredom,0.00020019924120532012
0.0033188976353377294,Joy,Fear,0.0014522610557349252
0.0033188976353377294,Joy,Happiness,0.0005685253442898181
0.0033188976353377294,Joy,Joy,0.45577453473979745
0.0033188976353377294,Joy,Pride,0.5033900005197582
0.0033188976353377294,Joy,Sadness,0.0007970717156719684
0.0033188976353377294,Joy,Shame,0.03781740738354238
0.0033188976353377294,Pride,Boredom,0.021516370626632725
0.0033188976353377294,Pride,Fear,0.0038826376742432467
0.0033188976353377294,Pride,Happiness,0.08412679325699465
0.0033188976353377294,Pride,Joy,0.010882921429952416
0.0033188976353377294,Pride,Pride,0.40743446466785527
0.0033188976353377294,Pride,Sadness,0.0029526242318798496
0.0033188976353377294,Pride,Shame,0.4692041881124417
0.0033188976353377294,Sadness,Boredom,0.00018065160192026205
0.0033188976353377294,Sadness,Fear,0.005355739242367611
0.0033188976353377294,Sadness,Happiness,0.00038735781967151394
0.0033188976353377294,Sadness,Joy,0.0007714594412211702
0.0033188976353377294,Sadness,Pride,0.0008584130294711134
0.0033188976353377294,Sadness,Sadness,0.9797496156483371
0.0033188976353377294,Sadness,Shame,0.01269676321701147
0.0033188976353377294,Shame,Boredom,5.74627971968482e-05
0.0033188976353377294,Shame,Fear,0.0129783038991572
0.0033188976353377294,Shame,Happiness,1.5733437474545952e-05
0.0033188976353377294,Shame,Joy,2.3244183552063058e-05
0.0033188976353377294,Shame,Pride,8.470104667391606e-05
0.0033188976353377294,Shame,Sadness,6.972195777136137e-05
0.0033188976353377294,Shame,Shame,0.9867708326781739
0.00317454607903062,Boredom,Boredom,0.9991376945392716
0.00317454607903062,Boredom,Fear,0.00012373542574591924
0.00317454607903062,Boredom,Happiness,6.254522417637779e-06
0.00317454607903062,Boredom,Joy,0.00017132102086064502
0.00317454607903062,Boredom,Pride,0.0001724557365272922
0.00317454607903062,Boredom,Sadness,0.00010843427580886388
0.00317454607903062,Boredom,Shame,0.0002801044793681153
0.00317454607903062,Fear,Boredom,0.0003082547797127468
0.00317454607903062,Fear,Fear,0.9834607871611671
0.00317454607903062,Fear,Happiness,0.00045557787472844563
0.00317454607903062,Fear,Joy,0.0005342579587036228
0.00317454607903062,Fear,Pride,0.0007687096193538078
0.00317454607903062,Fear,Sadness,0.004952810794637694
0.00317454607903062,Fear,Shame,0.009519601811696107
0.00317454607903062,Happiness,Boredom,0.09771078284030224
0.00317454607903062,Happiness,Fear,0.00024707459981945654
0.00317454607903062,Happiness,Happiness,0.8849349503768372
0.00317454607903062,Happiness,Joy,0.0009633763279583082
0.00317454607903062,Happiness,Pride,0.006948192199062042
0.00317454607903062,Happiness,Sadness,0.0004874734304056627
0.00317454607903062,Happiness,Shame,0.008708150225615326
0.00317454607903062,Joy,Boredom,0.00020191813687256982
0.00317454607903062,Joy,Fear,0.0014673562370211238
0.00317454607903062,Joy,Happiness,0.0006053960841621098
0.00317454607903062,Joy,Joy,0.47340913734685697
0.00317454607903062,Joy,Pride,0.4872608938239702
0.00317454607903062,Joy,Sadness,0.0008293478928555696
0.00317454607903062,Joy,Shame,0.03622595047826133
0.00317454607903062,Pride,Boredom,0.021486574880644323
0.00317454607903062,Pride,Fear,0.0037596312324425472
0.00317454607903062,Pride,Happiness,0.07771520127995514
0.00317454607903062,Pride,Joy,0.010532693500530134
0.00317454607903062,Pride,Pride,0.4337027177042027
0.00317454607903062,Pride,Sadness,0.0029005300160684544
0.00317454607903062,Pride,Shame,0.4499026513861566
0.00317454607903062,Sadness,Boredom,0.00017810763413027313
0.00317454607903062,Sadness,Fear,0.005308999243924579
0.00317454607903062,Sadness,Happiness,0.000390729181023187
0.00317454607903062,Sadness,Joy,0.0007755524010917502
0.00317454607903062,Sadness,Pride,0.0008765147815972609
0.00317454607903062,Sadness,Sadness,0.9797802154350245
0.00317454607903062,Sadness,Shame,0.012689881323208608
0.00317454607903062,Shame,Boredom,5.1558075547988116e-05
0.00317454607903062,Shame,Fear,0.011573861540936885
0.00317454607903062,Shame,Happiness,1.4079719784752512e-05
0.00317454607903062,Shame,Joy,2.1280421200763652e-05
0.00317454607903062,Shame,Pride,7.846288992630326e-05
0.00317454607903062,Shame,Sadness,6.365328029988119e-05
0.00317454607903062,Shame,Shame,0.9881971040723034
